UnixTimestamp,Timestamp,RecordingTime,SceneTime,SceneID,NodeID,GazeIndex,GazeOriginLocalX,GazeOriginLocalY,GazeOriginLocalZ,GazeDirectionLocalX,GazeDirectionLocalY,GazeDirectionLocalZ,GazeOriginWorldX,GazeOriginWorldY,GazeOriginWorldZ,GazeDirectionWorldX,GazeDirectionWorldY,GazeDirectionWorldZ,HitPointX,HitPointY,HitPointZ,HitDistance,HitObjectName,HitObjectTag,LeftPupilDiameter,RightPupilDiameter,LeftEyeOpenness,RightEyeOpenness,HMDPositionX,HMDPositionY,HMDPositionZ,HMDRotationEulerX,HMDRotationEulerY,HMDRotationEulerZ,CameraFOV_V,CameraFOV_H,CameraNearClip,CameraFarClip,CameraAspectRatio,CameraPixelWidth,CameraPixelHeight,CameraFocalLength,TaskHintPanel
1765279982686,2025-12-09 19:33:02.686,221.236300,2.053696,23,15,2,0.020210,0.011294,-0.042895,-0.536362,0.088150,0.839356,-25.266070,1.796816,27.014040,-0.948098,0.189864,-0.255017,0.000000,0.000000,0.000000,0.000000,0,0,3.915115,4.017914,0.000009,0.000000,-25.313940,1.790415,27.007470,354.995100,287.672200,356.893900,104.047200,98.172010,0.300000,1000.000000,0.900730,2468,2740,50.000000,off
1765279982697,2025-12-09 19:33:02.697,221.247500,2.064911,23,15,2,0.030078,0.011496,-0.042062,-0.520386,0.098007,0.848282,-25.265090,1.796384,27.023030,-0.947873,0.197668,-0.249906,0.000000,0.000000,0.000000,0.000000,0,0,3.968796,4.050278,0.000000,0.000000,-25.314890,1.790149,27.006080,355.174200,286.864200,356.816600,104.047200,98.172010,0.300000,1000.000000,0.900730,2468,2740,50.000000,off
1765279982708,2025-12-09 19:33:02.708,221.258500,2.075882,23,15,2,0.029454,0.011414,-0.041679,-0.460175,0.129990,0.878250,-25.266850,1.796299,27.021780,-0.954119,0.227087,-0.195114,0.000000,0.000000,0.000000,0.000000,0,0,3.983566,3.903076,0.000002,0.000000,-25.315850,1.790013,27.004640,355.324900,286.097300,356.730500,104.047200,98.172010,0.300000,1000.000000,0.900730,2468,2740,50.000000,off
1765279982719,2025-12-09 19:33:02.719,221.269500,2.086914,23,15,2,0.029454,0.011414,-0.041679,-0.460175,0.129990,0.878250,-25.267950,1.796283,27.021050,-0.952029,0.225934,-0.206338,0.000000,0.000000,0.000000,0.000000,0,0,3.983566,3.903076,0.000002,0.000000,-25.316730,1.789952,27.003300,355.441700,285.403600,356.653300,104.047200,98.172010,0.300000,1000.000000,0.900730,2468,2740,50.000000,off
1765279982730,2025-12-09 19:33:02.730,221.280600,2.098038,23,15,2,0.021277,0.011954,-0.045244,-0.383072,0.110703,0.917053,-25.267640,1.797050,27.011560,-0.969817,0.203899,-0.133664,0.000000,0.000000,0.000000,0.000000,0,0,3.742905,3.908432,0.000002,0.000000,-25.317650,1.789919,27.002000,355.560700,284.726100,356.586200,104.047200,98.172010,0.300000,1000.000000,0.900730,2468,2740,50.000000,off
1765279982740,2025-12-09 19:33:02.740,221.291700,2.109131,23,15,2,0.007895,0.011241,-0.044044,-0.369263,0.109818,0.922806,-25.272990,1.797212,26.998120,-0.970785,0.202214,-0.129119,0.000000,0.000000,0.000000,0.000000,0,0,3.725159,3.824646,0.000009,0.000000,-25.318460,1.789872,27.000720,355.612100,284.112600,356.525000,104.047200,98.172010,0.300000,1000.000000,0.900730,2468,2740,50.000000,off
1765279982751,2025-12-09 19:33:02.751,221.302800,2.120224,23,15,2,0.007895,0.011241,-0.044044,-0.369263,0.109818,0.922806,-25.273790,1.797239,26.997370,-0.969579,0.201100,-0.139501,0.000000,0.000000,0.000000,0.000000,0,0,3.725159,3.824646,0.000009,0.000000,-25.319280,1.789842,26.999480,355.687600,283.494100,356.511400,104.047200,98.172010,0.300000,1000.000000,0.900730,2468,2740,50.000000,off
1765279982763,2025-12-09 19:33:02.763,221.314000,2.131409,23,15,2,0.007575,0.010499,-0.040026,-0.304199,0.174179,0.936539,-25.278640,1.796867,26.997150,-0.961872,0.261477,-0.080082,0.000000,0.000000,0.000000,0.000000,0,0,3.980743,3.668320,0.000002,0.000000,-25.320100,1.789852,26.998240,355.740800,282.911300,356.494400,104.047200,98.172010,0.300000,1000.000000,0.900730,2468,2740,50.000000,off
1765279982774,2025-12-09 19:33:02.774,221.325100,2.142517,23,15,2,0.021277,0.011954,-0.045244,-0.383072,0.110703,0.917053,-25.271440,1.797163,27.008700,-0.964112,0.200769,-0.173685,0.000000,0.000000,0.000000,0.000000,0,0,3.742905,3.908432,0.000002,0.000000,-25.320980,1.789878,26.997040,355.799700,282.330900,356.487900,104.047200,98.172010,0.300000,1000.000000,0.900730,2468,2740,50.000000,off
1765279982785,2025-12-09 19:33:02.785,221.336200,2.153610,23,15,2,0.007895,0.011241,-0.044044,-0.369263,0.109818,0.922806,-25.276260,1.797410,26.995090,-0.965589,0.198296,-0.168234,0.000000,0.000000,0.000000,0.000000,0,0,3.725159,3.824646,0.000010,0.000000,-25.321770,1.789874,26.995830,355.867100,281.783700,356.503700,104.047200,98.172010,0.300000,1000.000000,0.900730,2468,2740,50.000000,off
1765279982796,2025-12-09 19:33:02.796,221.347300,2.164719,23,15,2,0.007895,0.011241,-0.044044,-0.369263,0.109818,0.922806,-25.277050,1.797418,26.994290,-0.964258,0.197078,-0.177067,0.000000,0.000000,0.000000,0.000000,0,0,3.725159,3.824646,0.000010,0.000000,-25.322550,1.789827,26.994620,355.931400,281.260600,356.534800,104.047200,98.172010,0.300000,1000.000000,0.900730,2468,2740,50.000000,off
1765279982807,2025-12-09 19:33:02.807,221.358500,2.175858,23,15,2,0.003164,0.010396,-0.040160,-0.291016,0.172775,0.940979,-25.282570,1.797142,26.989560,-0.961532,0.254848,-0.102429,0.000000,0.000000,0.000000,0.000000,0,0,4.035110,3.722229,0.000002,0.000000,-25.323330,1.789769,26.993450,356.015800,280.758900,356.559900,104.047200,98.172010,0.300000,1000.000000,0.900730,2468,2740,50.000000,off
1765279982818,2025-12-09 19:33:02.818,221.369500,2.186920,23,15,2,-0.009121,0.010064,-0.040639,-0.262238,0.167618,0.950317,-25.284930,1.797394,26.976530,-0.965502,0.247600,-0.080414,0.000000,0.000000,0.000000,0.000000,0,0,3.968796,3.697769,0.000002,0.000000,-25.324020,1.789617,26.992280,356.069100,280.304700,356.598100,104.047200,98.172010,0.300000,1000.000000,0.900730,2468,2740,50.000000,off
1765279982830,2025-12-09 19:33:02.830,221.380600,2.197968,23,15,2,-0.009121,0.010064,-0.040639,-0.262238,0.167618,0.950317,-25.285580,1.797322,26.975720,-0.965168,0.246448,-0.087640,0.000000,0.000000,0.000000,0.000000,0,0,3.968796,3.697769,0.000002,0.000000,-25.324770,1.789504,26.991180,356.132100,279.878200,356.626300,104.047200,98.172010,0.300000,1000.000000,0.900730,2468,2740,50.000000,off
1765279982841,2025-12-09 19:33:02.841,221.391700,2.209061,23,15,2,-0.006977,0.010093,-0.040343,-0.237244,0.178284,0.954941,-25.286130,1.797170,26.977050,-0.964494,0.255017,-0.068553,0.000000,0.000000,0.000000,0.000000,0,0,3.916275,3.654953,0.000001,0.000000,-25.325480,1.789391,26.990080,356.185300,279.473300,356.632800,104.047200,98.172010,0.300000,1000.000000,0.900730,2468,2740,50.000000,off
1765279982852,2025-12-09 19:33:02.852,221.402800,2.220200,23,15,2,0.005914,0.010521,-0.040005,-0.199905,0.190949,0.961014,-25.285060,1.796781,26.989010,-0.963554,0.265032,-0.035941,0.000000,0.000000,0.000000,0.000000,0,0,3.849335,3.760132,0.000000,0.000000,-25.326160,1.789274,26.989010,356.234600,279.128200,356.633500,104.047200,98.172010,0.300000,1000.000000,0.900730,2468,2740,50.000000,off
1765279982863,2025-12-09 19:33:02.863,221.413900,2.231323,23,15,2,0.009837,0.010545,-0.039476,-0.124542,0.204086,0.970993,-25.285670,1.796554,26.992120,-0.961195,0.273665,0.034669,0.000000,0.000000,0.000000,0.000000,0,0,3.768753,3.698502,0.000002,0.000000,-25.326830,1.789189,26.987910,356.275300,278.774900,356.640900,104.047200,98.172010,0.300000,1000.000000,0.900730,2468,2740,50.000000,off
1765279982874,2025-12-09 19:33:02.874,221.425000,2.242401,23,15,2,0.009837,0.010545,-0.039476,-0.124542,0.204086,0.970993,-25.286330,1.796491,26.991320,-0.961537,0.273110,0.029104,0.000000,0.000000,0.000000,0.000000,0,0,3.768753,3.698502,0.000002,0.000000,-25.327470,1.789101,26.986880,356.307100,278.444800,356.654300,104.047200,98.172010,0.300000,1000.000000,0.900730,2468,2740,50.000000,off
1765279982885,2025-12-09 19:33:02.885,221.436100,2.253525,23,15,2,-0.006977,0.010093,-0.040343,-0.237244,0.178284,0.954941,-25.288430,1.796941,26.973740,-0.963287,0.252304,-0.091662,0.000000,0.000000,0.000000,0.000000,0,0,3.916275,3.654953,0.000001,0.000000,-25.328050,1.789051,26.985820,356.344700,278.098100,356.657500,104.047200,98.172010,0.300000,1000.000000,0.900730,2468,2740,50.000000,off
1765279982897,2025-12-09 19:33:02.897,221.447300,2.264648,23,15,2,0.005914,0.010521,-0.040005,-0.199905,0.190949,0.961014,-25.287490,1.796668,26.985740,-0.963249,0.262046,-0.058779,0.000000,0.000000,0.000000,0.000000,0,0,3.849335,3.760132,0.000001,0.000000,-25.328560,1.789034,26.984770,356.412000,277.766400,356.650900,104.047200,98.172010,0.300000,1000.000000,0.900730,2468,2740,50.000000,off
1765279982908,2025-12-09 19:33:02.908,221.458400,2.275772,23,15,2,0.005914,0.010521,-0.040005,-0.199905,0.190949,0.961014,-25.287970,1.796684,26.984940,-0.963267,0.260761,-0.063967,0.000000,0.000000,0.000000,0.000000,0,0,3.849335,3.760132,0.000001,0.000000,-25.329030,1.788995,26.983740,356.493300,277.451300,356.633100,104.047200,98.172010,0.300000,1000.000000,0.900730,2468,2740,50.000000,off
1765279982919,2025-12-09 19:33:02.919,221.469500,2.286880,23,15,2,0.009471,0.010522,-0.039380,-0.104431,0.215485,0.970902,-25.288610,1.796578,26.987710,-0.959989,0.278605,0.028101,0.000000,0.000000,0.000000,0.000000,0,0,3.876328,3.698166,0.000155,0.000000,-25.329460,1.788992,26.982670,356.591100,277.146700,356.621000,104.047200,98.172010,0.300000,1000.000000,0.900730,2468,2740,50.000000,off
1765279982930,2025-12-09 19:33:02.930,221.480600,2.297958,23,15,2,-0.019469,0.009633,-0.040293,-0.128006,0.197327,0.971939,-25.291580,1.797508,26.958100,-0.965540,0.260232,-0.000596,0.000000,0.000000,0.000000,0.000000,0,0,3.842056,3.707626,0.000002,0.000000,-25.329880,1.789069,26.981710,356.699200,276.865400,356.581200,104.047200,98.172010,0.300000,1000.000000,0.900730,2468,2740,50.000000,off
1765279982941,2025-12-09 19:33:02.941,221.491700,2.309128,23,15,2,-0.028631,0.009362,-0.040599,-0.133255,0.188767,0.972931,-25.292570,1.798109,26.948200,-0.968003,0.250709,-0.009955,0.000000,0.000000,0.000000,0.000000,0,0,3.847015,3.686081,0.000000,0.000000,-25.330220,1.789328,26.980780,356.786100,276.627400,356.536700,104.047200,98.172010,0.300000,1000.000000,0.900730,2468,2740,50.000000,off
1765279982952,2025-12-09 19:33:02.952,221.502800,2.320221,23,15,2,-0.028631,0.009362,-0.040599,-0.133255,0.188767,0.972931,-25.292850,1.798485,26.947400,-0.968110,0.250132,-0.013451,0.000000,0.000000,0.000000,0.000000,0,0,3.847015,3.686081,0.000000,0.000000,-25.330620,1.789648,26.979820,356.827400,276.408400,356.482400,104.047200,98.172010,0.300000,1000.000000,0.900730,2468,2740,50.000000,off
1765279982963,2025-12-09 19:33:02.963,221.513900,2.331329,23,15,2,-0.027882,0.009669,-0.042043,-0.250595,0.156433,0.955353,-25.291600,1.799068,26.947300,-0.964884,0.224513,-0.136239,0.000000,0.000000,0.000000,0.000000,0,0,3.762375,3.667038,0.000010,0.000000,-25.331000,1.790005,26.978990,356.827900,276.235900,356.387600,104.047200,98.172010,0.300000,1000.000000,0.900730,2468,2740,50.000000,off
1765279982974,2025-12-09 19:33:02.974,221.525000,2.342392,23,15,2,0.013499,0.010633,-0.040215,-0.321121,0.126556,0.938538,-25.289530,1.797908,26.987950,-0.956820,0.198448,-0.212374,0.000000,0.000000,0.000000,0.000000,0,0,3.777481,3.555008,0.000000,0.000000,-25.331490,1.790396,26.978180,356.837300,276.068900,356.322600,104.047200,98.172010,0.300000,1000.000000,0.900730,2468,2740,50.000000,off
1765279982985,2025-12-09 19:33:02.985,221.536200,2.353607,23,15,2,0.013499,0.010633,-0.040215,-0.321121,0.126556,0.938538,-25.289890,1.798322,26.987350,-0.956399,0.198622,-0.214098,0.000000,0.000000,0.000000,0.000000,0,0,3.777481,3.555008,0.000000,0.000000,-25.331830,1.790818,26.977490,356.843800,275.957800,356.271300,104.047200,98.172010,0.300000,1000.000000,0.900730,2468,2740,50.000000,off
1765279982997,2025-12-09 19:33:02.997,221.547900,2.365341,23,15,2,0.017937,0.010788,-0.040017,-0.303665,0.125824,0.944428,-25.289940,1.798690,26.991230,-0.960221,0.196969,-0.197905,0.000000,0.000000,0.000000,0.000000,0,0,3.762268,3.607666,0.000000,0.000000,-25.332100,1.791309,26.976840,356.867600,275.847600,356.217900,104.047200,98.172010,0.300000,1000.000000,0.900730,2468,2740,50.000000,off
1765279983007,2025-12-09 19:33:03.007,221.558400,2.375793,23,15,2,-0.027882,0.009669,-0.042043,-0.250595,0.156433,0.955353,-25.292750,1.800878,26.944970,-0.963771,0.224768,-0.143505,0.000000,0.000000,0.000000,0.000000,0,0,3.762375,3.667038,0.000001,0.000000,-25.332410,1.791683,26.976280,356.867300,275.765100,356.171400,104.047200,98.172010,0.300000,1000.000000,0.900730,2468,2740,50.000000,off
1765279983018,2025-12-09 19:33:03.018,221.569400,2.386780,23,15,2,0.013499,0.010633,-0.040215,-0.321121,0.126556,0.938538,-25.290840,1.799542,26.985850,-0.955395,0.199094,-0.218107,0.000000,0.000000,0.000000,0.000000,0,0,3.777481,3.555008,0.000009,0.000000,-25.332730,1.792059,26.975780,356.851600,275.700600,356.161400,104.047200,98.172010,0.300000,1000.000000,0.900730,2468,2740,50.000000,off
1765279983029,2025-12-09 19:33:03.029,221.580500,2.397903,23,15,2,0.013499,0.010633,-0.040215,-0.321121,0.126556,0.938538,-25.291110,1.799885,26.985450,-0.955050,0.199376,-0.219355,0.000000,0.000000,0.000000,0.000000,0,0,3.777481,3.555008,0.000009,0.000000,-25.333000,1.792415,26.975330,356.833600,275.626400,356.163100,104.047200,98.172010,0.300000,1000.000000,0.900730,2468,2740,50.000000,off
1765279983040,2025-12-09 19:33:03.040,221.591600,2.409012,23,15,2,0.010540,0.010602,-0.040341,-0.309448,0.120804,0.943207,-25.291550,1.800353,26.982170,-0.958751,0.193449,-0.208241,0.000000,0.000000,0.000000,0.000000,0,0,3.702744,3.610764,0.000001,0.000000,-25.333280,1.792738,26.974980,356.809000,275.594000,356.177600,104.047200,98.172010,0.300000,1000.000000,0.900730,2468,2740,50.000000,off
1765279983052,2025-12-09 19:33:03.052,221.602700,2.420135,23,15,2,0.005427,0.010513,-0.040696,-0.308609,0.122696,0.943237,-25.292060,1.800775,26.976740,-0.958322,0.196102,-0.207732,0.000000,0.000000,0.000000,0.000000,0,0,3.712112,3.594360,0.000001,0.000000,-25.333660,1.792963,26.974640,356.762200,275.566800,356.166000,104.047200,98.172010,0.300000,1000.000000,0.900730,2468,2740,50.000000,off
1765279983063,2025-12-09 19:33:03.063,221.613800,2.431198,23,15,2,0.005427,0.010513,-0.040696,-0.308609,0.122696,0.943237,-25.292320,1.800786,26.976490,-0.958218,0.196730,-0.207621,0.000000,0.000000,0.000000,0.000000,0,0,3.712112,3.594360,0.000001,0.000000,-25.333920,1.793000,26.974400,356.728100,275.572000,356.152000,104.047200,98.172010,0.300000,1000.000000,0.900730,2468,2740,50.000000,off
1765279983074,2025-12-09 19:33:03.074,221.624900,2.442337,23,15,2,-0.001711,0.010143,-0.040296,-0.307846,0.128983,0.942642,-25.293670,1.800823,26.969270,-0.957121,0.203176,-0.206446,0.000000,0.000000,0.000000,0.000000,0,0,3.755646,3.496582,0.000000,0.000000,-25.334200,1.792916,26.974260,356.712100,275.577500,356.150600,104.047200,98.172010,0.300000,1000.000000,0.900730,2468,2740,50.000000,off
1765279983085,2025-12-09 19:33:03.085,221.636000,2.453430,23,15,2,0.015110,0.010556,-0.039445,-0.282791,0.151093,0.947189,-25.293160,1.800027,26.985950,-0.958099,0.223216,-0.179413,0.000000,0.000000,0.000000,0.000000,0,0,3.717773,3.588791,0.000000,0.000000,-25.334430,1.792763,26.974140,356.743400,275.599600,356.162100,104.047200,98.172010,0.300000,1000.000000,0.900730,2468,2740,50.000000,off
1765279983096,2025-12-09 19:33:03.096,221.647200,2.464584,23,15,2,0.005427,0.010513,-0.040696,-0.308609,0.122696,0.943237,-25.293150,1.800460,26.976130,-0.958586,0.195659,-0.206931,0.000000,0.000000,0.000000,0.000000,0,0,3.712112,3.594360,0.000002,0.000000,-25.334750,1.792629,26.974080,356.786400,275.615500,356.175500,104.047200,98.172010,0.300000,1000.000000,0.900730,2468,2740,50.000000,off
1765279983107,2025-12-09 19:33:03.107,221.658200,2.475632,23,15,2,0.005427,0.010513,-0.040696,-0.308609,0.122696,0.943237,-25.293430,1.800311,26.976070,-0.958847,0.194744,-0.206588,0.000000,0.000000,0.000000,0.000000,0,0,3.712112,3.594360,0.000002,0.000000,-25.335030,1.792445,26.974040,356.831000,275.640400,356.211500,104.047200,98.172010,0.300000,1000.000000,0.900730,2468,2740,50.000000,off
1765279983118,2025-12-09 19:33:03.118,221.669300,2.486740,23,15,2,-0.001711,0.010143,-0.040296,-0.307846,0.128983,0.942642,-25.294790,1.800204,26.969030,-0.958141,0.199493,-0.205303,0.000000,0.000000,0.000000,0.000000,0,0,3.755646,3.496582,0.000000,0.000000,-25.335280,1.792159,26.974090,356.908200,275.656300,356.245000,104.047200,98.172010,0.300000,1000.000000,0.900730,2468,2740,50.000000,off
1765279983129,2025-12-09 19:33:03.129,221.680500,2.497879,23,15,2,0.014277,0.010527,-0.039469,-0.285828,0.150391,0.946396,-25.294340,1.799414,26.984950,-0.958892,0.218284,-0.181270,0.000000,0.000000,0.000000,0.000000,0,0,3.712387,3.584244,0.000002,0.000000,-25.335540,1.791931,26.974040,356.984000,275.687300,356.258000,104.047200,98.172010,0.300000,1000.000000,0.900730,2468,2740,50.000000,off
1765279983141,2025-12-09 19:33:03.141,221.691700,2.509140,23,15,2,0.012465,0.010387,-0.039353,-0.270203,0.154144,0.950378,-25.294850,1.799136,26.983220,-0.961629,0.219404,-0.164684,0.000000,0.000000,0.000000,0.000000,0,0,3.706238,3.423462,0.000001,0.000000,-25.335750,1.791591,26.974130,357.093000,275.712400,356.263200,104.047200,98.172010,0.300000,1000.000000,0.900730,2468,2740,50.000000,off
1765279983152,2025-12-09 19:33:03.152,221.702900,2.520279,23,15,2,0.012465,0.010387,-0.039353,-0.270203,0.154144,0.950378,-25.295110,1.798750,26.983300,-0.962272,0.217039,-0.164063,0.000000,0.000000,0.000000,0.000000,0,0,3.706238,3.423462,0.000001,0.000000,-25.335990,1.791106,26.974230,357.236300,275.746600,356.266200,104.047200,98.172010,0.300000,1000.000000,0.900730,2468,2740,50.000000,off
1765279983163,2025-12-09 19:33:03.163,221.713900,2.531342,23,15,2,0.009821,0.010260,-0.039401,-0.273102,0.140778,0.951614,-25.295480,1.798419,26.980790,-0.965162,0.201316,-0.167053,0.000000,0.000000,0.000000,0.000000,0,0,3.691910,3.508453,0.000010,0.000000,-25.336130,1.790619,26.974390,357.392500,275.779800,356.282800,104.047200,98.172010,0.300000,1000.000000,0.900730,2468,2740,50.000000,off
1765279983174,2025-12-09 19:33:03.174,221.725000,2.542358,23,15,2,0.004147,0.010119,-0.039709,-0.272064,0.136841,0.952484,-25.295920,1.798152,26.975300,-0.966863,0.194406,-0.165389,0.000000,0.000000,0.000000,0.000000,0,0,3.677887,3.478241,0.000001,0.000000,-25.336290,1.790017,26.974610,357.565800,275.826000,356.304800,104.047200,98.172010,0.300000,1000.000000,0.900730,2468,2740,50.000000,off
1765279983185,2025-12-09 19:33:03.185,221.736000,2.553421,23,15,2,0.004147,0.010119,-0.039709,-0.272064,0.136841,0.952484,-25.296020,1.797603,26.975520,-0.967628,0.191399,-0.164419,0.000000,0.000000,0.000000,0.000000,0,0,3.677887,3.478241,0.000001,0.000000,-25.336360,1.789344,26.974870,357.738700,275.885300,356.338600,104.047200,98.172010,0.300000,1000.000000,0.900730,2468,2740,50.000000,off
1765279983196,2025-12-09 19:33:03.196,221.747200,2.564560,23,15,2,-0.002960,0.009945,-0.040046,-0.275070,0.133438,0.952103,-25.296490,1.797200,26.968740,-0.968553,0.184723,-0.166586,0.000000,0.000000,0.000000,0.000000,0,0,3.669876,3.450455,0.000002,0.000000,-25.336420,1.788534,26.975240,357.939700,275.948600,356.369000,104.047200,98.172010,0.300000,1000.000000,0.900730,2468,2740,50.000000,off
1765279983207,2025-12-09 19:33:03.207,221.758300,2.575684,23,15,2,0.009821,0.010260,-0.039401,-0.273102,0.140778,0.951614,-25.295870,1.796149,26.981850,-0.968530,0.188052,-0.162969,0.000000,0.000000,0.000000,0.000000,0,0,3.691910,3.508453,0.000009,0.000000,-25.336440,1.787793,26.975630,358.161900,276.026100,356.408400,104.047200,98.172010,0.300000,1000.000000,0.900730,2468,2740,50.000000,off
1765279983218,2025-12-09 19:33:03.218,221.769300,2.586700,23,15,2,0.009821,0.010260,-0.039401,-0.273102,0.140778,0.951614,-25.295920,1.795625,26.982290,-0.969450,0.184168,-0.161934,0.000000,0.000000,0.000000,0.000000,0,0,3.691910,3.508453,0.000009,0.000000,-25.336460,1.787107,26.976130,358.379500,276.093000,356.471300,104.047200,98.172010,0.300000,1000.000000,0.900730,2468,2740,50.000000,off
1765279983229,2025-12-09 19:33:03.229,221.780400,2.597794,23,15,2,0.004147,0.010119,-0.039709,-0.272064,0.136841,0.952484,-25.296240,1.795251,26.977060,-0.971170,0.176778,-0.159840,0.000000,0.000000,0.000000,0.000000,0,0,3.677887,3.478241,0.000615,0.000001,-25.336460,1.786398,26.976640,358.566400,276.171500,356.543200,104.047200,98.172010,0.300000,1000.000000,0.900730,2468,2740,50.000000,off
1765279983240,2025-12-09 19:33:03.240,221.791500,2.608932,23,15,2,-0.002952,0.009951,-0.040061,-0.275177,0.132019,0.952271,-25.296710,1.795070,26.970470,-0.972150,0.168748,-0.162540,0.000000,0.000000,0.000000,0.000000,0,0,3.657257,3.438889,0.002505,0.000000,-25.336480,1.785839,26.977180,358.749100,276.220800,356.623900,104.047200,98.172010,0.300000,1000.000000,0.900730,2468,2740,50.000000,off
1765279983251,2025-12-09 19:33:03.251,221.802700,2.620117,23,15,2,-0.003672,0.009869,-0.040061,-0.268295,0.112091,0.956787,-25.296840,1.794678,26.970290,-0.976985,0.145615,-0.155838,0.000000,0.000000,0.000000,0.000000,0,0,3.672058,3.406021,0.040578,0.000011,-25.336510,1.785385,26.977770,358.901000,276.259400,356.713700,104.047200,98.172010,0.300000,1000.000000,0.900730,2468,2740,50.000000,off
1765279983263,2025-12-09 19:33:03.263,221.814100,2.631454,23,15,2,-0.003672,0.009869,-0.040061,-0.268295,0.112091,0.956787,-25.296960,1.794307,26.970830,-0.977374,0.143257,-0.155582,0.000000,0.000000,0.000000,0.000000,0,0,3.672058,3.406021,0.040578,0.000011,-25.336600,1.784934,26.978330,359.020600,276.282700,356.793800,104.047200,98.172010,0.300000,1000.000000,0.900730,2468,2740,50.000000,off
1765279983274,2025-12-09 19:33:03.274,221.825200,2.642609,23,15,2,-0.025277,0.008844,-0.040443,-0.191452,-0.021561,0.981262,-25.299130,1.794168,26.949890,-0.996475,0.003671,-0.083774,0.000000,0.000000,0.000000,0.000000,0,0,3.519043,3.292862,0.040578,0.000011,-25.336770,1.784576,26.978940,359.135600,276.283900,356.887400,104.047200,98.172010,0.300000,1000.000000,0.900730,2468,2740,50.000000,off
1765279983285,2025-12-09 19:33:03.285,221.836200,2.653595,23,15,2,-0.030411,0.008590,-0.041296,-0.140671,-0.149414,0.978714,-25.298980,1.793936,26.945260,-0.990821,-0.129046,-0.040197,-35.538840,0.460283,26.529830,10.334690,Node14,NodeMarker,3.435516,3.198624,0.641391,0.000000,-25.336880,1.784278,26.979520,359.258100,276.284100,356.955100,104.047200,98.172010,0.300000,1000.000000,0.900730,2468,2740,50.000000,off
1765279983296,2025-12-09 19:33:03.296,221.847000,2.664429,23,15,2,-0.029843,0.008639,-0.041031,-0.141922,-0.178772,0.973587,-25.299330,1.793790,26.946570,-0.986040,-0.160502,-0.044023,-35.585580,0.119458,26.487330,10.431740,Node14,NodeMarker,3.397583,3.313171,0.039601,0.000001,-25.337030,1.784068,26.980230,359.371900,276.243000,357.031900,104.047200,98.172010,0.300000,1000.000000,0.900730,2468,2740,50.000000,off
1765279983307,2025-12-09 19:33:03.307,221.858200,2.675568,23,15,2,-0.029843,0.008639,-0.041031,-0.141922,-0.178772,0.973587,-25.299440,1.793675,26.947190,-0.985658,-0.162698,-0.044499,-35.591290,0.094847,26.482560,10.441460,Node14,NodeMarker,3.397583,3.313171,0.039601,0.000001,-25.337140,1.783904,26.980830,359.490300,276.205400,357.101300,104.047200,98.172010,0.300000,1000.000000,0.900730,2468,2740,50.000000,off
1765279983318,2025-12-09 19:33:03.318,221.869300,2.686707,23,15,2,-0.030337,0.008670,-0.041135,-0.144379,-0.178955,0.973190,-25.299460,1.793538,26.947290,-0.985147,-0.164882,-0.047632,-35.637180,0.063339,26.447460,10.493420,Node14,NodeMarker,3.425293,3.300629,0.039601,0.000001,-25.337220,1.783657,26.981410,359.606100,276.160400,357.157700,104.047200,98.172010,0.300000,1000.000000,0.900730,2468,2740,50.000000,off
1765279983330,2025-12-09 19:33:03.330,221.880400,2.697800,23,15,2,-0.030411,0.008590,-0.041296,-0.140671,-0.149414,0.978714,-25.299390,1.793267,26.947760,-0.989585,-0.137256,-0.043317,-35.573070,0.368300,26.498050,10.381780,Node14,NodeMarker,3.435516,3.198624,0.009961,0.000046,-25.337330,1.783430,26.981920,359.698100,276.072100,357.219900,104.047200,98.172010,0.300000,1000.000000,0.900730,2468,2740,50.000000,off
1765279983341,2025-12-09 19:33:03.341,221.891500,2.708908,23,15,2,-0.030411,0.008590,-0.041296,-0.140671,-0.149414,0.978714,-25.299430,1.793116,26.948380,-0.989338,-0.138484,-0.045020,-35.594560,0.352044,26.479900,10.406060,Node14,NodeMarker,3.435516,3.198624,0.009961,0.000046,-25.337420,1.783250,26.982480,359.764300,275.969200,357.256600,104.047200,98.172010,0.300000,1000.000000,0.900730,2468,2740,50.000000,off
1765279983352,2025-12-09 19:33:03.352,221.902600,2.720032,23,15,2,-0.029843,0.008639,-0.041031,-0.141922,-0.178772,0.973587,-25.299760,1.793064,26.949600,-0.984333,-0.168984,-0.050056,-35.675420,0.011839,26.421970,10.540650,Node14,NodeMarker,3.397583,3.313171,0.002521,0.000000,-25.337610,1.783148,26.983040,359.830000,275.854800,357.294100,104.047200,98.172010,0.300000,1000.000000,0.900730,2468,2740,50.000000,off
1765279983363,2025-12-09 19:33:03.363,221.913700,2.731140,23,15,2,-0.030484,0.008637,-0.040960,-0.148941,-0.187897,0.970825,-25.299960,1.793061,26.949600,-0.982151,-0.178283,-0.059871,0.000000,0.000000,0.000000,0.000000,0,0,3.441589,3.244049,0.000157,0.000003,-25.337740,1.783090,26.983590,359.860900,275.731900,357.288500,104.047200,98.172010,0.300000,1000.000000,0.900730,2468,2740,50.000000,off
1765279983374,2025-12-09 19:33:03.374,221.924900,2.742264,23,15,2,-0.030484,0.008637,-0.040960,-0.148941,-0.187897,0.970825,-25.300010,1.793049,26.950250,-0.981909,-0.178877,-0.062035,0.000000,0.000000,0.000000,0.000000,0,0,3.441589,3.244049,0.000157,0.000003,-25.337860,1.783058,26.984150,359.894900,275.605200,357.294600,104.047200,98.172010,0.300000,1000.000000,0.900730,2468,2740,50.000000,off
1765279983385,2025-12-09 19:33:03.385,221.935900,2.753265,23,15,2,-0.030476,0.008457,-0.040226,-0.149292,-0.173904,0.973373,-25.300720,1.792827,26.950970,-0.984160,-0.165234,-0.064143,0.000000,0.000000,0.000000,0.000000,0,0,3.473038,3.341400,0.009900,0.000000,-25.337920,1.782980,26.984700,359.920900,275.455800,357.263600,104.047200,98.172010,0.300000,1000.000000,0.900730,2468,2740,50.000000,off
1765279983397,2025-12-09 19:33:03.397,221.947100,2.764481,23,15,2,-0.027766,0.008530,-0.040102,-0.148468,-0.167877,0.974548,-25.300580,1.792710,26.954330,-0.984934,-0.160002,-0.065381,0.000000,0.000000,0.000000,0.000000,0,0,3.373291,3.321915,0.000615,0.000000,-25.337980,1.782865,26.985250,359.971600,275.320500,357.222500,104.047200,98.172010,0.300000,1000.000000,0.900730,2468,2740,50.000000,off
1765279983408,2025-12-09 19:33:03.408,221.958100,2.775528,23,15,2,-0.009454,0.009028,-0.039238,-0.141602,-0.140915,0.979828,-25.299850,1.792264,26.973280,-0.989174,-0.134073,-0.059408,-35.851520,0.362088,26.339560,10.666990,Node14,NodeMarker,3.487762,3.347916,0.009961,0.000001,-25.338120,1.782765,26.985780,0.020040,275.176100,357.161700,104.047200,98.172010,0.300000,1000.000000,0.900730,2468,2740,50.000000,off
1765279983419,2025-12-09 19:33:03.419,221.969200,2.786621,23,15,2,-0.009454,0.009028,-0.039238,-0.141602,-0.140915,0.979828,-25.299880,1.792242,26.973930,-0.988938,-0.134635,-0.062008,0.000000,0.000000,0.000000,0.000000,0,0,3.487762,3.347916,0.009961,0.000001,-25.338170,1.782710,26.986330,0.058753,275.031100,357.123100,104.047200,98.172010,0.300000,1000.000000,0.900730,2468,2740,50.000000,off
1765279983430,2025-12-09 19:33:03.430,221.980600,2.797989,23,15,2,-0.006837,0.009148,-0.039155,-0.135437,-0.112000,0.984421,-25.299790,1.792201,26.977160,-0.992709,-0.106374,-0.056433,-35.744340,0.673008,26.383410,10.521110,Node14,NodeMarker,3.503616,3.284332,0.009961,0.000011,-25.338240,1.782662,26.986840,0.080950,274.895600,357.091800,104.047200,98.172010,0.300000,1000.000000,0.900730,2468,2740,50.000000,off
1765279983442,2025-12-09 19:33:03.442,221.993700,2.811111,23,15,2,-0.027766,0.008530,-0.040102,-0.148468,-0.167877,0.974548,-25.300580,1.792652,26.956840,-0.983978,-0.161535,-0.075263,0.000000,0.000000,0.000000,0.000000,0,0,3.373291,3.321915,0.010083,0.000001,-25.338260,1.782634,26.987370,0.091593,274.777200,357.036600,104.047200,98.172010,0.300000,1000.000000,0.900730,2468,2740,50.000000,off
1765279983451,2025-12-09 19:33:03.451,222.002500,2.819916,23,15,2,-0.009454,0.009028,-0.039238,-0.141602,-0.140915,0.979828,-25.299950,1.792167,26.975770,-0.988434,-0.135078,-0.068727,0.000000,0.000000,0.000000,0.000000,0,0,3.487762,3.347916,0.009961,0.000001,-25.338320,1.782583,26.987890,0.105215,274.660500,356.987500,104.047200,98.172010,0.300000,1000.000000,0.900730,2468,2740,50.000000,off
1765279983462,2025-12-09 19:33:03.462,222.013700,2.831055,23,15,2,-0.009454,0.009028,-0.039238,-0.141602,-0.140915,0.979828,-25.299910,1.792159,26.976400,-0.988268,-0.135215,-0.070811,0.000000,0.000000,0.000000,0.000000,0,0,3.487762,3.347916,0.009961,0.000001,-25.338290,1.782559,26.988440,0.118813,274.544700,356.950900,104.047200,98.172010,0.300000,1000.000000,0.900730,2468,2740,50.000000,off
1765279983473,2025-12-09 19:33:03.473,222.024700,2.842148,23,15,2,0.000808,0.009364,-0.038819,-0.132385,-0.105286,0.985580,-25.299440,1.791924,26.987290,-0.993062,-0.100234,-0.061328,-35.867040,0.725291,26.334670,10.641330,Node14,NodeMarker,3.529938,3.279373,0.039354,0.000003,-25.338220,1.782532,26.988980,0.124406,274.427000,356.950600,104.047200,98.172010,0.300000,1000.000000,0.900730,2468,2740,50.000000,off
1765279983485,2025-12-09 19:33:03.485,222.035900,2.853271,23,15,2,-0.004140,0.009194,-0.038944,-0.122147,-0.126404,0.984421,-25.299630,1.792033,26.983040,-0.991080,-0.121579,-0.054411,-35.690830,0.517316,26.412550,10.484620,Node14,NodeMarker,3.672943,3.433975,0.039355,0.000000,-25.338180,1.782561,26.989600,0.106111,274.306000,356.963400,104.047200,98.172010,0.300000,1000.000000,0.900730,2468,2740,50.000000,off
1765279983496,2025-12-09 19:33:03.496,222.047000,2.864410,23,15,2,-0.004140,0.009194,-0.038944,-0.122147,-0.126404,0.984421,-25.299560,1.792042,26.983700,-0.991014,-0.121231,-0.056367,-35.730550,0.516015,26.390410,10.525490,Node14,NodeMarker,3.672943,3.433975,0.039355,0.000000,-25.338120,1.782587,26.990190,0.082696,274.189800,356.987700,104.047200,98.172010,0.300000,1000.000000,0.900730,2468,2740,50.000000,off
1765279983507,2025-12-09 19:33:03.507,222.058200,2.875595,23,15,2,-0.013513,0.008916,-0.039285,-0.108719,-0.117050,0.987152,-25.299900,1.792311,26.975010,-0.992774,-0.111449,-0.044385,-35.552570,0.641347,26.516630,10.327250,Node14,NodeMarker,3.530136,3.336624,0.039355,0.000000,-25.338160,1.782687,26.990790,0.015239,274.068500,356.993100,104.047200,98.172010,0.300000,1000.000000,0.900730,2468,2740,50.000000,off
1765279983518,2025-12-09 19:33:03.518,222.069200,2.886597,23,15,2,-0.021299,0.008582,-0.039189,-0.116486,-0.123764,0.985443,-25.300490,1.792448,26.967860,-0.991709,-0.116544,-0.053990,-35.710690,0.569055,26.401120,10.497160,Node14,NodeMarker,3.675461,3.377426,0.009839,0.000001,-25.338140,1.782798,26.991360,359.945300,273.987200,356.993500,104.047200,98.172010,0.300000,1000.000000,0.900730,2468,2740,50.000000,off
1765279983530,2025-12-09 19:33:03.530,222.080200,2.897644,23,15,2,-0.010246,0.008885,-0.038636,-0.095856,-0.117340,0.988449,-25.300190,1.792224,26.979610,-0.993350,-0.109712,-0.034750,-35.456790,0.670467,26.624310,10.224530,Node14,NodeMarker,3.628128,3.360260,0.039599,0.000001,-25.338100,1.782909,26.991970,359.858600,273.879500,356.993500,104.047200,98.172010,0.300000,1000.000000,0.900730,2468,2740,50.000000,off
1765279983540,2025-12-09 19:33:03.540,222.091600,2.908966,23,15,2,-0.010246,0.008885,-0.038636,-0.095856,-0.117340,0.988449,-25.300150,1.792317,26.980280,-0.993525,-0.107743,-0.035899,-35.465320,0.689952,26.612980,10.231370,Node14,NodeMarker,3.628128,3.360260,0.039599,0.000001,-25.338090,1.783073,26.992600,359.747100,273.815100,356.968900,104.047200,98.172010,0.300000,1000.000000,0.900730,2468,2740,50.000000,off
1765279983551,2025-12-09 19:33:03.551,222.102600,2.920029,23,15,2,-0.013513,0.008916,-0.039285,-0.108719,-0.117050,0.987152,-25.299690,1.792652,26.977640,-0.993303,-0.104392,-0.049410,-35.613950,0.708665,26.464590,10.383740,Node14,NodeMarker,3.530136,3.336624,0.002505,0.000011,-25.338100,1.783292,26.993230,359.612300,273.781900,356.937000,104.047200,98.172010,0.300000,1000.000000,0.900730,2468,2740,50.000000,off
1765279983562,2025-12-09 19:33:03.563,222.113800,2.931244,23,15,2,-0.021299,0.008582,-0.039189,-0.116486,-0.123764,0.985443,-25.300200,1.792874,26.970550,-0.992432,-0.108210,-0.057917,-35.801730,0.647837,26.357690,10.581530,Node14,NodeMarker,3.675461,3.377426,0.009961,0.000000,-25.338030,1.783514,26.993890,359.472800,273.767900,356.899200,104.047200,98.172010,0.300000,1000.000000,0.900730,2468,2740,50.000000,off
1765279983574,2025-12-09 19:33:03.574,222.124900,2.942337,23,15,2,-0.021299,0.008582,-0.039189,-0.116486,-0.123764,0.985443,-25.300110,1.793090,26.971280,-0.992786,-0.105082,-0.057609,-35.789800,0.682803,26.362580,10.565840,Node14,NodeMarker,3.675461,3.377426,0.009961,0.000000,-25.337950,1.783840,26.994620,359.295200,273.788200,356.867200,104.047200,98.172010,0.300000,1000.000000,0.900730,2468,2740,50.000000,off
1765279983585,2025-12-09 19:33:03.585,222.136200,2.953583,23,15,2,-0.008984,0.008916,-0.038551,-0.090256,-0.110169,0.989792,-25.299810,1.792940,26.984300,-0.995557,-0.089258,-0.029522,-35.416470,0.885919,26.684310,10.161670,Node14,NodeMarker,3.647247,3.409073,0.000038,0.000000,-25.337850,1.784157,26.995360,359.088000,273.843600,356.840400,104.047200,98.172010,0.300000,1000.000000,0.900730,2468,2740,50.000000,off
1765279983596,2025-12-09 19:33:03.596,222.147100,2.964539,23,15,2,-0.010287,0.008870,-0.038528,-0.087509,-0.119278,0.988983,-25.299850,1.793277,26.983780,-0.995234,-0.093920,-0.025697,-35.394340,0.840662,26.723130,10.142690,Node14,NodeMarker,3.746216,3.409882,0.002475,0.000000,-25.337800,1.784638,26.996190,358.826100,273.940700,356.798700,104.047200,98.172010,0.300000,1000.000000,0.900730,2468,2740,50.000000,off
1765279983607,2025-12-09 19:33:03.607,222.158200,2.975616,23,15,2,-0.007291,0.008934,-0.038297,-0.084045,-0.108627,0.990509,-25.299720,1.793473,26.987560,-0.996679,-0.078820,-0.019748,-35.363290,0.997620,26.788160,10.096960,Node14,NodeMarker,3.706299,3.495529,0.000038,0.000000,-25.337670,1.785105,26.997040,358.561900,274.047200,356.764700,104.047200,98.172010,0.300000,1000.000000,0.900730,2468,2740,50.000000,off
1765279983619,2025-12-09 19:33:03.619,222.170200,2.987595,23,15,2,-0.007291,0.008934,-0.038297,-0.084045,-0.108627,0.990509,-25.299580,1.793792,26.988370,-0.997115,-0.073794,-0.016975,-35.351630,1.049869,26.817240,10.080990,Node14,NodeMarker,3.706299,3.495529,0.000038,0.000000,-25.337540,1.785619,26.997950,358.272400,274.205500,356.759500,104.047200,98.172010,0.300000,1000.000000,0.900730,2468,2740,50.000000,off
1765279983629,2025-12-09 19:33:03.629,222.180400,2.997833,23,15,2,-0.008161,0.008956,-0.038593,-0.084122,-0.106781,0.990707,-25.299200,1.794211,26.988300,-0.997594,-0.067657,-0.014472,-35.342530,1.113071,26.842610,10.067460,Node14,NodeMarker,3.684479,3.547775,0.000000,0.000000,-25.337400,1.786141,26.998870,358.026600,274.347300,356.745100,104.047200,98.172010,0.300000,1000.000000,0.900730,2468,2740,50.000000,off
1765279983640,2025-12-09 19:33:03.640,222.191500,3.008881,23,15,2,-0.001272,0.010522,-0.039515,0.019394,0.282288,0.959122,-25.297520,1.795648,26.996010,-0.941852,0.317583,0.109697,0.000000,0.000000,0.000000,0.000000,0,0,3.932770,3.758575,0.000002,0.000000,-25.337230,1.786606,26.999810,357.785300,274.502700,356.739400,104.047200,98.172010,0.300000,1000.000000,0.900730,2468,2740,50.000000,off
1765279983651,2025-12-09 19:33:03.651,222.202400,3.019806,23,15,2,-0.001272,0.010522,-0.039515,0.019394,0.282288,0.959122,-25.297290,1.795948,26.996910,-0.940098,0.321631,0.112902,0.000000,0.000000,0.000000,0.000000,0,0,3.932770,3.758575,0.000002,0.000000,-25.337040,1.787076,27.000840,357.539400,274.697100,356.714600,104.047200,98.172010,0.300000,1000.000000,0.900730,2468,2740,50.000000,off
1765279983662,2025-12-09 19:33:03.662,222.213500,3.030930,23,15,2,-0.007291,0.008934,-0.038297,-0.084045,-0.108627,0.990509,-25.298910,1.795145,26.991780,-0.998338,-0.057144,-0.005180,-35.316210,1.221763,26.939800,10.033830,Node14,NodeMarker,3.706299,3.495529,0.000000,0.000000,-25.336880,1.787609,27.001810,357.317200,274.883400,356.706800,104.047200,98.172010,0.300000,1000.000000,0.900730,2468,2740,50.000000,off
1765279983674,2025-12-09 19:33:03.674,222.224800,3.042175,23,15,2,-0.008161,0.008956,-0.038593,-0.084122,-0.106781,0.990707,-25.298500,1.795516,26.991750,-0.998663,-0.051466,-0.001530,-35.309610,1.279596,26.976420,10.024410,Node14,NodeMarker,3.684479,3.547775,0.000001,0.000000,-25.336690,1.788069,27.002820,357.098800,275.091600,356.685600,104.047200,98.172010,0.300000,1000.000000,0.900730,2468,2740,50.000000,off
1765279983685,2025-12-09 19:33:03.685,222.236000,3.053391,23,15,2,-0.001327,0.010597,-0.039644,0.033295,0.299500,0.953507,-25.296510,1.796995,26.999350,-0.927166,0.348577,0.137264,0.000000,0.000000,0.000000,0.000000,0,0,3.906754,3.854034,0.000002,0.000000,-25.336440,1.788516,27.003780,356.876000,275.322400,356.663800,104.047200,98.172010,0.300000,1000.000000,0.900730,2468,2740,50.000000,off
1765279983696,2025-12-09 19:33:03.696,222.246900,3.064270,23,15,2,-0.001327,0.010597,-0.039644,0.033295,0.299500,0.953507,-25.296300,1.797249,27.000210,-0.925283,0.351978,0.141233,0.000000,0.000000,0.000000,0.000000,0,0,3.906754,3.854034,0.000002,0.000000,-25.336230,1.788916,27.004820,356.667000,275.571900,356.652800,104.047200,98.172010,0.300000,1000.000000,0.900730,2468,2740,50.000000,off
1765279983707,2025-12-09 19:33:03.707,222.258000,3.075378,23,15,2,-0.001324,0.010339,-0.039022,0.024246,0.306366,0.951599,-25.296640,1.797241,27.001180,-0.921847,0.362771,0.136327,0.000000,0.000000,0.000000,0.000000,0,0,4.045395,3.754303,0.000002,0.000000,-25.335960,1.789279,27.005910,356.449200,275.819700,356.641800,104.047200,98.172010,0.300000,1000.000000,0.900730,2468,2740,50.000000,off
1765279983718,2025-12-09 19:33:03.718,222.269100,3.086533,23,15,2,-0.030873,0.009308,-0.039958,-0.008179,0.277039,0.960815,-25.298580,1.798083,26.972570,-0.934491,0.339318,0.107583,0.000000,0.000000,0.000000,0.000000,0,0,4.010895,3.838364,0.000001,0.000000,-25.335750,1.789618,27.006970,356.248200,276.074100,356.635200,104.047200,98.172010,0.300000,1000.000000,0.900730,2468,2740,50.000000,off
1765279983729,2025-12-09 19:33:03.729,222.280200,3.097565,23,15,2,-0.030873,0.009308,-0.039958,-0.008179,0.277039,0.960815,-25.298460,1.798237,26.973520,-0.932963,0.342279,0.111392,0.000000,0.000000,0.000000,0.000000,0,0,4.010895,3.838364,0.000001,0.000000,-25.335500,1.789906,27.008080,356.067800,276.318200,356.646100,104.047200,98.172010,0.300000,1000.000000,0.900730,2468,2740,50.000000,off
1765279983741,2025-12-09 19:33:03.741,222.291400,3.108841,23,15,2,-0.017324,0.009769,-0.039829,-0.002472,0.264893,0.964264,-25.297000,1.798083,26.987910,-0.935114,0.333125,0.120700,0.000000,0.000000,0.000000,0.000000,0,0,3.984695,3.774872,0.000002,0.000000,-25.335320,1.790208,27.009160,355.883400,276.567000,356.660200,104.047200,98.172010,0.300000,1000.000000,0.900730,2468,2740,50.000000,off
1765279983752,2025-12-09 19:33:03.752,222.302400,3.119781,23,15,2,-0.019926,0.009607,-0.039965,-0.024246,0.244339,0.969376,-25.297130,1.798214,26.986180,-0.942895,0.316927,0.102396,0.000000,0.000000,0.000000,0.000000,0,0,3.936813,3.679855,0.000037,0.000000,-25.335210,1.790481,27.010200,355.724000,276.806700,356.685300,104.047200,98.172010,0.300000,1000.000000,0.900730,2468,2740,50.000000,off
1765279983763,2025-12-09 19:33:03.763,222.313500,3.130936,23,15,2,-0.030873,0.009308,-0.039958,-0.008179,0.277039,0.960815,-25.298440,1.798702,26.976190,-0.928575,0.350317,0.122516,0.000000,0.000000,0.000000,0.000000,0,0,4.010895,3.838364,0.000001,0.000000,-25.335110,1.790753,27.011240,355.577400,277.043000,356.709900,104.047200,98.172010,0.300000,1000.000000,0.900730,2468,2740,50.000000,off
1765279983774,2025-12-09 19:33:03.774,222.324600,3.142014,23,15,2,-0.030873,0.009308,-0.039958,-0.008179,0.277039,0.960815,-25.298430,1.798804,26.977080,-0.927386,0.352260,0.125903,0.000000,0.000000,0.000000,0.000000,0,0,4.010895,3.838364,0.000001,0.000000,-25.334980,1.790953,27.012280,355.458700,277.266100,356.737900,104.047200,98.172010,0.300000,1000.000000,0.900730,2468,2740,50.000000,off
1765279983785,2025-12-09 19:33:03.785,222.335800,3.153168,23,15,2,-0.017324,0.009769,-0.039829,-0.002472,0.264893,0.964264,-25.296910,1.798616,26.991330,-0.930089,0.341663,0.134833,0.000000,0.000000,0.000000,0.000000,0,0,3.984695,3.774872,0.000002,0.000000,-25.334950,1.791140,27.013220,355.365200,277.488900,356.769300,104.047200,98.172010,0.300000,1000.000000,0.900730,2468,2740,50.000000,off
1765279983796,2025-12-09 19:33:03.796,222.346900,3.164261,23,15,2,-0.016822,0.009699,-0.039788,-0.037094,0.220688,0.974625,-25.296880,1.798609,26.992680,-0.947683,0.302009,0.103252,0.000000,0.000000,0.000000,0.000000,0,0,3.865845,3.656281,0.000002,0.000001,-25.334860,1.791296,27.014220,355.271500,277.699000,356.780000,104.047200,98.172010,0.300000,1000.000000,0.900730,2468,2740,50.000000,off
1765279983807,2025-12-09 19:33:03.807,222.357900,3.175293,23,15,2,-0.016822,0.009699,-0.039788,-0.037094,0.220688,0.974625,-25.296990,1.798678,26.993560,-0.946948,0.303147,0.106604,0.000000,0.000000,0.000000,0.000000,0,0,3.865845,3.656281,0.000002,0.000001,-25.334900,1.791420,27.015240,355.202500,277.909400,356.800200,104.047200,98.172010,0.300000,1000.000000,0.900730,2468,2740,50.000000,off
1765279983818,2025-12-09 19:33:03.818,222.369200,3.186600,23,15,2,-0.021552,0.009462,-0.039690,-0.065857,0.216034,0.974152,-25.297800,1.798769,26.989750,-0.950064,0.301270,0.081201,0.000000,0.000000,0.000000,0.000000,0,0,3.909622,3.657898,0.000000,0.000000,-25.334880,1.791533,27.016250,355.129600,278.117600,356.818900,104.047200,98.172010,0.300000,1000.000000,0.900730,2468,2740,50.000000,off
1765279983829,2025-12-09 19:33:03.829,222.380100,3.197525,23,15,2,-0.026663,0.009299,-0.039921,-0.074799,0.194748,0.977982,-25.298340,1.798895,26.985500,-0.956441,0.281894,0.075670,0.000000,0.000000,0.000000,0.000000,0,0,3.953629,3.644501,0.000038,0.000000,-25.334820,1.791607,27.017240,355.070200,278.343600,356.831000,104.047200,98.172010,0.300000,1000.000000,0.900730,2468,2740,50.000000,off
1765279983841,2025-12-09 19:33:03.841,222.391200,3.208633,23,15,2,-0.029282,0.009197,-0.040021,-0.071060,0.181519,0.980804,-25.298790,1.798952,26.983760,-0.959345,0.269779,0.082776,0.000000,0.000000,0.000000,0.000000,0,0,3.855957,3.659927,0.000001,0.000000,-25.334870,1.791675,27.018250,355.009700,278.559700,356.836700,104.047200,98.172010,0.300000,1000.000000,0.900730,2468,2740,50.000000,off
1765279983852,2025-12-09 19:33:03.852,222.402300,3.219696,23,15,2,-0.029282,0.009197,-0.040021,-0.071060,0.181519,0.980804,-25.299020,1.798945,26.984580,-0.958771,0.270578,0.086727,0.000000,0.000000,0.000000,0.000000,0,0,3.855957,3.659927,0.000001,0.000000,-25.334950,1.791714,27.019220,354.960700,278.801900,356.858200,104.047200,98.172010,0.300000,1000.000000,0.900730,2468,2740,50.000000,off
1765279983863,2025-12-09 19:33:03.863,222.413500,3.230850,23,15,2,-0.027387,0.009163,-0.039784,-0.083847,0.177063,0.980606,-25.299190,1.798858,26.987380,-0.960433,0.267322,0.077963,0.000000,0.000000,0.000000,0.000000,0,0,3.843002,3.627731,0.000038,0.000000,-25.335040,1.791767,27.020270,354.930900,279.046800,356.861600,104.047200,98.172010,0.300000,1000.000000,0.900730,2468,2740,50.000000,off
1765279983874,2025-12-09 19:33:03.874,222.424700,3.242050,23,15,2,-0.026663,0.009299,-0.039921,-0.074799,0.194748,0.977982,-25.299170,1.798945,26.988990,-0.954236,0.284668,0.091474,0.000000,0.000000,0.000000,0.000000,0,0,3.953629,3.644501,0.000010,0.000003,-25.335130,1.791790,27.021340,354.902200,279.304900,356.859900,104.047200,98.172010,0.300000,1000.000000,0.900730,2468,2740,50.000000,off
1765279983885,2025-12-09 19:33:03.885,222.435700,3.253113,23,15,2,-0.029282,0.009197,-0.040021,-0.071060,0.181519,0.980804,-25.299790,1.798881,26.987360,-0.957146,0.271789,0.099894,0.000000,0.000000,0.000000,0.000000,0,0,3.855957,3.659927,0.000000,0.000011,-25.335250,1.791698,27.022490,354.888900,279.591400,356.851100,104.047200,98.172010,0.300000,1000.000000,0.900730,2468,2740,50.000000,off
1765279983896,2025-12-09 19:33:03.896,222.446800,3.264191,23,15,2,-0.029282,0.009197,-0.040021,-0.071060,0.181519,0.980804,-25.300090,1.798858,26.988300,-0.956591,0.271774,0.105114,0.000000,0.000000,0.000000,0.000000,0,0,3.855957,3.659927,0.000000,0.000011,-25.335370,1.791669,27.023620,354.890300,279.902400,356.843300,104.047200,98.172010,0.300000,1000.000000,0.900730,2468,2740,50.000000,off
1765279983907,2025-12-09 19:33:03.907,222.457900,3.275269,23,15,2,-0.025079,0.009243,-0.039773,-0.082260,0.170914,0.981842,-25.299860,1.798587,26.993420,-0.959916,0.262019,0.099501,0.000000,0.000000,0.000000,0.000000,0,0,3.871170,3.463974,0.000000,0.000000,-25.335410,1.791562,27.024770,354.885700,280.238400,356.836500,104.047200,98.172010,0.300000,1000.000000,0.900730,2468,2740,50.000000,off
1765279983918,2025-12-09 19:33:03.918,222.469000,3.286377,23,15,2,-0.020413,0.009377,-0.039608,-0.088379,0.171539,0.981201,-25.299490,1.798432,26.998960,-0.959791,0.262499,0.099441,0.000000,0.000000,0.000000,0.000000,0,0,3.735809,3.550964,0.000000,0.000000,-25.335530,1.791491,27.025910,354.912100,280.595200,356.820800,104.047200,98.172010,0.300000,1000.000000,0.900730,2468,2740,50.000000,off
1765279983929,2025-12-09 19:33:03.929,222.480100,3.297485,23,15,2,-0.020413,0.009377,-0.039608,-0.088379,0.171539,0.981201,-25.299770,1.798399,26.999900,-0.959389,0.261623,0.105445,0.000000,0.000000,0.000000,0.000000,0,0,3.735809,3.550964,0.000000,0.000000,-25.335640,1.791414,27.027060,354.966000,280.947200,356.800500,104.047200,98.172010,0.300000,1000.000000,0.900730,2468,2740,50.000000,off
1765279983940,2025-12-09 19:33:03.940,222.491200,3.308609,23,15,2,-0.017856,0.009453,-0.039532,-0.098663,0.174332,0.979721,-25.299690,1.798241,27.003390,-0.959144,0.264067,0.101438,0.000000,0.000000,0.000000,0.000000,0,0,3.738281,3.500473,0.000000,0.000000,-25.335800,1.791283,27.028260,355.012300,281.318300,356.799300,104.047200,98.172010,0.300000,1000.000000,0.900730,2468,2740,50.000000,off
1765279983951,2025-12-09 19:33:03.951,222.502300,3.319687,23,15,2,-0.013756,0.009556,-0.039335,-0.106720,0.172836,0.979141,-25.299360,1.798019,27.008360,-0.959893,0.262096,0.099454,0.000000,0.000000,0.000000,0.000000,0,0,3.763657,3.497116,0.000010,0.000000,-25.335940,1.791129,27.029400,355.065800,281.676800,356.791000,104.047200,98.172010,0.300000,1000.000000,0.900730,2468,2740,50.000000,off
1765279983962,2025-12-09 19:33:03.962,222.513400,3.330780,23,15,2,-0.027946,0.008694,-0.039233,-0.010406,0.054962,0.998428,-25.302670,1.797821,26.995420,-0.969962,0.139858,0.199005,0.000000,0.000000,0.000000,0.000000,0,0,3.647263,3.437347,0.000002,0.000003,-25.336040,1.790948,27.030560,355.139200,282.018700,356.812600,104.047200,98.172010,0.300000,1000.000000,0.900730,2468,2740,50.000000,off
1765279983973,2025-12-09 19:33:03.973,222.524500,3.341919,23,15,2,-0.027946,0.008694,-0.039233,-0.010406,0.054962,0.998428,-25.303040,1.797683,26.996350,-0.969021,0.138770,0.204280,0.000000,0.000000,0.000000,0.000000,0,0,3.647263,3.437347,0.000002,0.000003,-25.336210,1.790776,27.031670,355.202000,282.329800,356.834100,104.047200,98.172010,0.300000,1000.000000,0.900730,2468,2740,50.000000,off
1765279983984,2025-12-09 19:33:03.984,222.535600,3.352982,23,15,2,-0.017856,0.009453,-0.039532,-0.098663,0.174332,0.979721,-25.300990,1.797782,27.006970,-0.957757,0.259736,0.123359,0.000000,0.000000,0.000000,0.000000,0,0,3.738281,3.500473,0.000000,0.000001,-25.336490,1.790669,27.032660,355.263900,282.627500,356.871500,104.047200,98.172010,0.300000,1000.000000,0.900730,2468,2740,50.000000,off
1765279983996,2025-12-09 19:33:03.996,222.546900,3.364319,23,15,2,-0.013756,0.009556,-0.039335,-0.106720,0.172836,0.979141,-25.300660,1.797602,27.011820,-0.958667,0.257836,0.120240,0.000000,0.000000,0.000000,0.000000,0,0,3.763657,3.497116,0.000010,0.000001,-25.336740,1.790560,27.033650,355.311400,282.919200,356.874800,104.047200,98.172010,0.300000,1000.000000,0.900730,2468,2740,50.000000,off
1765279984007,2025-12-09 19:33:04.007,222.557900,3.375259,23,15,2,-0.013756,0.009556,-0.039335,-0.106720,0.172836,0.979141,-25.301210,1.797567,27.012530,-0.958293,0.257023,0.124868,0.000000,0.000000,0.000000,0.000000,0,0,3.763657,3.497116,0.000010,0.000001,-25.337180,1.790491,27.034530,355.360000,283.192400,356.872700,104.047200,98.172010,0.300000,1000.000000,0.900730,2468,2740,50.000000,off
1765279984018,2025-12-09 19:33:04.018,222.568900,3.386292,23,15,2,-0.030886,0.008659,-0.039727,0.041870,0.001694,0.999115,-25.305250,1.797524,26.996490,-0.958898,0.079341,0.272408,0.000000,0.000000,0.000000,0.000000,0,0,3.471085,3.485123,0.000001,0.000000,-25.337510,1.790382,27.035420,355.409400,283.450000,356.828400,104.047200,98.172010,0.300000,1000.000000,0.900730,2468,2740,50.000000,off
1765279984029,2025-12-09 19:33:04.029,222.580000,3.397430,23,15,2,-0.031183,0.008512,-0.039403,0.071716,-0.011276,0.997360,-25.306160,1.797339,26.996920,-0.950310,0.063481,0.304760,-39.807570,2.766036,31.647460,15.259640,Target28,Target,3.438766,3.420731,0.000010,0.000003,-25.337850,1.790236,27.036200,355.473700,283.702700,356.789900,104.047200,98.172010,0.300000,1000.000000,0.900730,2468,2740,50.000000,off
1765279984040,2025-12-09 19:33:04.040,222.591300,3.408707,23,15,2,-0.031163,0.008612,-0.039773,0.054001,-0.023773,0.998245,-25.306260,1.797317,26.997510,-0.955311,0.050962,0.291134,0.000000,0.000000,0.000000,0.000000,0,0,3.555695,3.419800,0.000001,0.000001,-25.338160,1.790078,27.036980,355.537000,283.931600,356.749700,104.047200,98.172010,0.300000,1000.000000,0.900730,2468,2740,50.000000,off
1765279984051,2025-12-09 19:33:04.051,222.602200,3.419647,23,15,2,-0.031163,0.008612,-0.039773,0.054001,-0.023773,0.998245,-25.306780,1.797263,26.998150,-0.954236,0.049802,0.294836,0.000000,0.000000,0.000000,0.000000,0,0,3.555695,3.419800,0.000001,0.000001,-25.338510,1.789958,27.037730,355.601700,284.153900,356.712100,104.047200,98.172010,0.300000,1000.000000,0.900730,2468,2740,50.000000,off
1765279984062,2025-12-09 19:33:04.062,222.613400,3.430786,23,15,2,-0.026216,0.008791,-0.039636,0.007309,-0.023056,0.999695,-25.306290,1.797046,27.003570,-0.965988,0.052346,0.253183,0.000000,0.000000,0.000000,0.000000,0,0,3.524643,3.472122,0.000009,0.000000,-25.338970,1.789778,27.038420,355.656100,284.344900,356.670300,104.047200,98.172010,0.300000,1000.000000,0.900730,2468,2740,50.000000,off
1765279984073,2025-12-09 19:33:04.073,222.624500,3.441910,23,15,2,-0.031183,0.008512,-0.039403,0.071716,-0.011276,0.997360,-25.308290,1.797011,26.999420,-0.946072,0.059276,0.318485,-37.139120,2.538274,30.982140,12.505200,Target28,Target,3.438766,3.420731,0.000002,0.000000,-25.339390,1.789671,27.039120,355.705700,284.530400,356.649400,104.047200,98.172010,0.300000,1000.000000,0.900730,2468,2740,50.000000,off
1765279984085,2025-12-09 19:33:04.085,222.635900,3.453278,23,15,2,-0.031183,0.008512,-0.039403,0.071716,-0.011276,0.997360,-25.308870,1.796915,27.000020,-0.945082,0.058588,0.321535,-36.562600,2.494556,30.828750,11.907660,Target28,Target,3.438766,3.420731,0.000002,0.000000,-25.339840,1.789533,27.039810,355.743400,284.715000,356.622300,104.047200,98.172010,0.300000,1000.000000,0.900730,2468,2740,50.000000,off
1765279984096,2025-12-09 19:33:04.096,222.647100,3.464493,23,15,2,-0.031163,0.008612,-0.039773,0.054001,-0.023773,0.998245,-25.309070,1.796925,27.000520,-0.950560,0.046333,0.307025,-39.319000,2.479805,31.525640,14.738420,Target28,Target,3.555695,3.419800,0.000038,0.000001,-25.340280,1.789425,27.040480,355.795200,284.887600,356.601700,104.047200,98.172010,0.300000,1000.000000,0.900730,2468,2740,50.000000,off
1765279984107,2025-12-09 19:33:04.107,222.657900,3.475342,23,15,2,-0.026147,0.008779,-0.039537,-0.000122,-0.019226,0.999802,-25.308510,1.796756,27.006020,-0.964605,0.053171,0.258233,0.000000,0.000000,0.000000,0.000000,0,0,3.558426,3.474396,0.000010,0.000003,-25.340660,1.789319,27.041160,355.852800,285.059900,356.580100,104.047200,98.172010,0.300000,1000.000000,0.900730,2468,2740,50.000000,off
1765279984118,2025-12-09 19:33:04.118,222.668900,3.486313,23,15,2,-0.030206,0.008633,-0.039608,-0.020981,-0.018555,0.999603,-25.310150,1.796767,27.002610,-0.968975,0.054001,0.241170,0.000000,0.000000,0.000000,0.000000,0,0,3.498734,3.421219,0.000002,0.000011,-25.341190,1.789190,27.041790,355.914200,285.242000,356.568300,104.047200,98.172010,0.300000,1000.000000,0.900730,2468,2740,50.000000,off
1765279984129,2025-12-09 19:33:04.129,222.680000,3.497391,23,15,2,-0.030206,0.008633,-0.039608,-0.020981,-0.018555,0.999603,-25.310740,1.796710,27.003120,-0.968293,0.052776,0.244163,0.000000,0.000000,0.000000,0.000000,0,0,3.498734,3.421219,0.000002,0.000011,-25.341660,1.789071,27.042380,355.985000,285.418500,356.543400,104.047200,98.172010,0.300000,1000.000000,0.900730,2468,2740,50.000000,off
1765279984140,2025-12-09 19:33:04.140,222.691300,3.508698,23,15,2,-0.030596,0.008523,-0.039301,-0.031021,0.005478,0.999497,-25.311770,1.796546,27.003350,-0.968165,0.075727,0.238554,0.000000,0.000000,0.000000,0.000000,0,0,3.528656,3.453156,0.000038,0.000003,-25.342140,1.788902,27.043000,356.076000,285.602300,356.530800,104.047200,98.172010,0.300000,1000.000000,0.900730,2468,2740,50.000000,off
1765279984151,2025-12-09 19:33:04.151,222.702200,3.519623,23,15,2,-0.030163,0.008512,-0.039146,-0.035110,0.002426,0.999374,-25.312420,1.796418,27.004310,-0.968776,0.071269,0.237449,0.000000,0.000000,0.000000,0.000000,0,0,3.602142,3.457306,0.000038,0.000003,-25.342630,1.788733,27.043590,356.171300,285.776900,356.529600,104.047200,98.172010,0.300000,1000.000000,0.900730,2468,2740,50.000000,off
1765279984163,2025-12-09 19:33:04.163,222.713400,3.530807,23,15,2,-0.030163,0.008512,-0.039146,-0.035110,0.002426,0.999374,-25.313070,1.796303,27.004800,-0.968184,0.069602,0.240342,0.000000,0.000000,0.000000,0.000000,0,0,3.602142,3.457306,0.000038,0.000003,-25.343150,1.788553,27.044160,356.267000,285.946100,356.531700,104.047200,98.172010,0.300000,1000.000000,0.900730,2468,2740,50.000000,off
1765279984174,2025-12-09 19:33:04.174,222.724500,3.541855,23,15,2,-0.026592,0.008614,-0.038958,-0.044556,0.024246,0.998703,-25.312900,1.796099,27.008730,-0.967829,0.090230,0.234831,0.000000,0.000000,0.000000,0.000000,0,0,3.615936,3.506088,0.000002,0.000003,-25.343650,1.788391,27.044710,356.360600,286.113800,356.541900,104.047200,98.172010,0.300000,1000.000000,0.900730,2468,2740,50.000000,off
1765279984185,2025-12-09 19:33:04.185,222.735600,3.552963,23,15,2,-0.005593,0.009278,-0.038380,-0.029968,0.031876,0.999039,-25.308220,1.795447,27.029500,-0.963042,0.095476,0.251848,0.000000,0.000000,0.000000,0.000000,0,0,3.696136,3.591537,0.000009,0.000001,-25.344150,1.788247,27.045220,356.446400,286.267200,356.556700,104.047200,98.172010,0.300000,1000.000000,0.900730,2468,2740,50.000000,off
1765279984196,2025-12-09 19:33:04.196,222.746700,3.564102,23,15,2,-0.030163,0.008512,-0.039146,-0.035110,0.002426,0.999374,-25.314910,1.796019,27.006070,-0.966478,0.065068,0.248344,0.000000,0.000000,0.000000,0.000000,0,0,3.602142,3.457306,0.000603,0.000000,-25.344630,1.788118,27.045690,356.525600,286.415300,356.587900,104.047200,98.172010,0.300000,1000.000000,0.900730,2468,2740,50.000000,off
1765279984207,2025-12-09 19:33:04.207,222.757800,3.575195,23,15,2,-0.030163,0.008512,-0.039146,-0.035110,0.002426,0.999374,-25.315530,1.795905,27.006490,-0.965986,0.064127,0.250493,0.000000,0.000000,0.000000,0.000000,0,0,3.602142,3.457306,0.000603,0.000000,-25.345150,1.787985,27.046180,356.578400,286.541900,356.622300,104.047200,98.172010,0.300000,1000.000000,0.900730,2468,2740,50.000000,off
1765279984218,2025-12-09 19:33:04.218,222.768800,3.586212,23,15,2,-0.026592,0.008614,-0.038958,-0.044556,0.024246,0.998703,-25.315300,1.795716,27.010310,-0.965959,0.085327,0.244180,0.000000,0.000000,0.000000,0.000000,0,0,3.615936,3.506088,0.000010,0.000000,-25.345660,1.787869,27.046590,356.637900,286.663700,356.657000,104.047200,98.172010,0.300000,1000.000000,0.900730,2468,2740,50.000000,off
1765279984229,2025-12-09 19:33:04.229,222.780000,3.597412,23,15,2,-0.008977,0.009176,-0.038481,-0.039642,0.034302,0.998612,-25.311300,1.795238,27.027670,-0.963390,0.094061,0.251010,0.000000,0.000000,0.000000,0.000000,0,0,3.734253,3.590973,0.000038,0.000000,-25.346180,1.787795,27.046990,356.693800,286.768100,356.694900,104.047200,98.172010,0.300000,1000.000000,0.900730,2468,2740,50.000000,off
1765279984241,2025-12-09 19:33:04.241,222.791200,3.608551,23,15,2,-0.012315,0.009090,-0.038588,-0.046616,0.034912,0.998291,-25.312730,1.795271,27.024730,-0.964712,0.094119,0.245866,0.000000,0.000000,0.000000,0.000000,0,0,3.785141,3.590424,0.000002,0.000000,-25.346710,1.787697,27.047330,356.746400,286.862300,356.720600,104.047200,98.172010,0.300000,1000.000000,0.900730,2468,2740,50.000000,off
1765279984252,2025-12-09 19:33:04.252,222.802200,3.619614,23,15,2,-0.012315,0.009090,-0.038588,-0.046616,0.034912,0.998291,-25.313260,1.795199,27.025020,-0.964406,0.093281,0.247380,0.000000,0.000000,0.000000,0.000000,0,0,3.785141,3.590424,0.000002,0.000000,-25.347200,1.787598,27.047680,356.793500,286.951900,356.747400,104.047200,98.172010,0.300000,1000.000000,0.900730,2468,2740,50.000000,off
1765279984263,2025-12-09 19:33:04.263,222.813400,3.630814,23,15,2,-0.010237,0.009159,-0.038482,-0.053223,0.048523,0.997391,-25.313320,1.795068,27.027350,-0.964163,0.106483,0.242954,0.000000,0.000000,0.000000,0.000000,0,0,3.878448,3.605103,0.000611,0.000001,-25.347720,1.787488,27.048050,356.832300,287.048900,356.768200,104.047200,98.172010,0.300000,1000.000000,0.900730,2468,2740,50.000000,off
1765279984274,2025-12-09 19:33:04.274,222.824400,3.641769,23,15,2,-0.006291,0.009295,-0.038295,-0.068726,0.050568,0.996338,-25.312860,1.794964,27.031480,-0.967287,0.108733,0.229135,0.000000,0.000000,0.000000,0.000000,0,0,3.929337,3.636215,0.000010,0.000000,-25.348210,1.787439,27.048400,356.866200,287.120900,356.781100,104.047200,98.172010,0.300000,1000.000000,0.900730,2468,2740,50.000000,off
1765279984285,2025-12-09 19:33:04.285,222.835500,3.652863,23,15,2,-0.006291,0.009295,-0.038295,-0.068726,0.050568,0.996338,-25.313390,1.794937,27.031760,-0.966954,0.108414,0.230686,0.000000,0.000000,0.000000,0.000000,0,0,3.929337,3.636215,0.000010,0.000000,-25.348710,1.787401,27.048730,356.883800,287.213000,356.794600,104.047200,98.172010,0.300000,1000.000000,0.900730,2468,2740,50.000000,off
1765279984296,2025-12-09 19:33:04.296,222.846800,3.664185,23,15,2,-0.012315,0.009090,-0.038588,-0.046616,0.034912,0.998291,-25.315430,1.795059,27.026200,-0.963090,0.091379,0.253150,0.000000,0.000000,0.000000,0.000000,0,0,3.785141,3.590424,0.000009,0.000000,-25.349220,1.787396,27.049060,356.900700,287.293900,356.800700,104.047200,98.172010,0.300000,1000.000000,0.900730,2468,2740,50.000000,off
1765279984306,2025-12-09 19:33:04.306,222.857700,3.675095,23,15,2,-0.010237,0.009159,-0.038482,-0.053223,0.048523,0.997391,-25.315420,1.794964,27.028470,-0.962852,0.105029,0.248716,0.000000,0.000000,0.000000,0.000000,0,0,3.878448,3.605103,0.000002,0.000003,-25.349690,1.787336,27.049380,356.913900,287.391100,356.812600,104.047200,98.172010,0.300000,1000.000000,0.900730,2468,2740,50.000000,off
1765279984318,2025-12-09 19:33:04.318,222.868900,3.686279,23,15,2,-0.008846,0.009217,-0.038384,-0.072586,0.061844,0.995438,-25.315530,1.794917,27.030120,-0.965502,0.119091,0.231544,0.000000,0.000000,0.000000,0.000000,0,0,3.936798,3.656937,0.000001,0.000003,-25.350080,1.787296,27.049720,356.924300,287.473300,356.819600,104.047200,98.172010,0.300000,1000.000000,0.900730,2468,2740,50.000000,off
1765279984329,2025-12-09 19:33:04.329,222.880000,3.697357,23,15,2,-0.008846,0.009217,-0.038384,-0.072586,0.061844,0.995438,-25.315970,1.794897,27.030380,-0.965181,0.118648,0.233105,0.000000,0.000000,0.000000,0.000000,0,0,3.936798,3.656937,0.000001,0.000003,-25.350500,1.787260,27.050040,356.949700,287.565300,356.823900,104.047200,98.172010,0.300000,1000.000000,0.900730,2468,2740,50.000000,off
1765279984340,2025-12-09 19:33:04.340,222.891100,3.708466,23,15,2,-0.007075,0.009288,-0.038377,-0.075317,0.062195,0.995209,-25.315910,1.794876,27.032290,-0.965422,0.118865,0.231976,0.000000,0.000000,0.000000,0.000000,0,0,3.937225,3.555740,0.000010,0.000001,-25.350930,1.787258,27.050310,356.964500,287.656300,356.836500,104.047200,98.172010,0.300000,1000.000000,0.900730,2468,2740,50.000000,off
1765279984351,2025-12-09 19:33:04.351,222.902100,3.719528,23,15,2,-0.008120,0.009266,-0.038434,-0.081482,0.065109,0.994537,-25.316590,1.794878,27.031530,-0.966114,0.121845,0.227509,0.000000,0.000000,0.000000,0.000000,0,0,3.951477,3.586182,0.000010,0.000001,-25.351310,1.787217,27.050620,356.977900,287.744700,356.835100,104.047200,98.172010,0.300000,1000.000000,0.900730,2468,2740,50.000000,off
1765279984362,2025-12-09 19:33:04.362,222.913300,3.730652,23,15,2,-0.008120,0.009266,-0.038434,-0.081482,0.065109,0.994537,-25.316930,1.794862,27.031800,-0.965768,0.121521,0.229148,0.000000,0.000000,0.000000,0.000000,0,0,3.951477,3.586182,0.000010,0.000001,-25.351620,1.787188,27.050950,356.996900,287.841000,356.832600,104.047200,98.172010,0.300000,1000.000000,0.900730,2468,2740,50.000000,off
1765279984373,2025-12-09 19:33:04.373,222.924400,3.741760,23,15,2,-0.010199,0.009211,-0.038513,-0.087982,0.064926,0.994003,-25.317860,1.794883,27.030050,-0.966986,0.121430,0.224036,0.000000,0.000000,0.000000,0.000000,0,0,3.952576,3.607376,0.000001,0.000001,-25.351970,1.787144,27.051240,357.010600,287.914100,356.833700,104.047200,98.172010,0.300000,1000.000000,0.900730,2468,2740,50.000000,off
1765279984384,2025-12-09 19:33:04.384,222.935500,3.752914,23,15,2,0.005615,0.009843,-0.038261,-0.141769,0.093887,0.985428,-25.313630,1.794658,27.045370,-0.973106,0.152421,0.172669,0.000000,0.000000,0.000000,0.000000,0,0,3.927017,3.699326,0.000002,0.000000,-25.352330,1.787132,27.051480,357.032500,287.994400,356.847600,104.047200,98.172010,0.300000,1000.000000,0.900730,2468,2740,50.000000,off
1765279984395,2025-12-09 19:33:04.395,222.946600,3.764023,23,15,2,-0.008120,0.009266,-0.038434,-0.081482,0.065109,0.994537,-25.318060,1.794770,27.032490,-0.964970,0.120473,0.233028,0.000000,0.000000,0.000000,0.000000,0,0,3.951477,3.586182,0.000002,0.000001,-25.352660,1.787057,27.051770,357.056500,288.069900,356.845600,104.047200,98.172010,0.300000,1000.000000,0.900730,2468,2740,50.000000,off
1765279984407,2025-12-09 19:33:04.407,222.957700,3.775085,23,15,2,-0.008120,0.009266,-0.038434,-0.081482,0.065109,0.994537,-25.318400,1.794760,27.032720,-0.964799,0.119871,0.234044,0.000000,0.000000,0.000000,0.000000,0,0,3.951477,3.586182,0.000002,0.000001,-25.352990,1.787024,27.052040,357.091200,288.129000,356.847400,104.047200,98.172010,0.300000,1000.000000,0.900730,2468,2740,50.000000,off
1765279984418,2025-12-09 19:33:04.418,222.968800,3.786179,23,15,2,-0.010199,0.009211,-0.038513,-0.087982,0.064926,0.994003,-25.319290,1.794851,27.030900,-0.966148,0.119703,0.228534,0.000000,0.000000,0.000000,0.000000,0,0,3.952576,3.607376,0.000002,0.000000,-25.353280,1.787048,27.052250,357.109300,288.177900,356.848800,104.047200,98.172010,0.300000,1000.000000,0.900730,2468,2740,50.000000,off
1765279984429,2025-12-09 19:33:04.429,222.979900,3.797256,23,15,2,0.013483,0.010108,-0.038081,-0.145798,0.099167,0.984329,-25.312630,1.794450,27.053760,-0.972498,0.156184,0.172768,0.000000,0.000000,0.000000,0.000000,0,0,3.943970,3.725540,0.000000,0.000000,-25.353580,1.787015,27.052490,357.128300,288.230800,356.860100,104.047200,98.172010,0.300000,1000.000000,0.900730,2468,2740,50.000000,off
1765279984440,2025-12-09 19:33:04.440,222.990900,3.808334,23,15,2,0.013483,0.010108,-0.038081,-0.145798,0.099167,0.984329,-25.312850,1.794455,27.053970,-0.972410,0.156049,0.173386,0.000000,0.000000,0.000000,0.000000,0,0,3.943970,3.725540,0.000000,0.000000,-25.353810,1.787013,27.052730,357.134800,288.268000,356.870400,104.047200,98.172010,0.300000,1000.000000,0.900730,2468,2740,50.000000,off
1765279984451,2025-12-09 19:33:04.451,223.002100,3.819504,23,15,2,0.022226,0.010362,-0.037782,-0.128799,0.109680,0.985580,-25.310670,1.794241,27.062550,-0.967508,0.165797,0.190858,0.000000,0.000000,0.000000,0.000000,0,0,3.902786,3.694458,0.000039,0.000000,-25.354080,1.787013,27.052930,357.127100,288.302200,356.871600,104.047200,98.172010,0.300000,1000.000000,0.900730,2468,2740,50.000000,off
1765279984462,2025-12-09 19:33:04.462,223.013200,3.830643,23,15,2,0.020962,0.010327,-0.037829,-0.134399,0.106690,0.985153,-25.311240,1.794295,27.061530,-0.968946,0.163381,0.185534,0.000000,0.000000,0.000000,0.000000,0,0,3.916122,3.726593,0.000002,0.000000,-25.354300,1.787044,27.053150,357.109600,288.317500,356.878400,104.047200,98.172010,0.300000,1000.000000,0.900730,2468,2740,50.000000,off
1765279984473,2025-12-09 19:33:04.473,223.024300,3.841721,23,15,2,0.015901,0.010156,-0.037952,-0.145035,0.088242,0.985474,-25.312910,1.794407,27.056860,-0.973708,0.146144,0.174685,0.000000,0.000000,0.000000,0.000000,0,0,3.937714,3.688889,0.000010,0.000000,-25.354510,1.787077,27.053320,357.074300,288.309000,356.894200,104.047200,98.172010,0.300000,1000.000000,0.900730,2468,2740,50.000000,off
1765279984485,2025-12-09 19:33:04.485,223.035400,3.852844,23,15,2,0.015901,0.010156,-0.037952,-0.145035,0.088242,0.985474,-25.313170,1.794446,27.057010,-0.973589,0.146587,0.174974,0.000000,0.000000,0.000000,0.000000,0,0,3.937714,3.688889,0.000010,0.000000,-25.354770,1.787135,27.053480,357.049200,288.326700,356.888600,104.047200,98.172010,0.300000,1000.000000,0.900730,2468,2740,50.000000,off
1765279984496,2025-12-09 19:33:04.496,223.046500,3.863892,23,15,2,-0.002925,0.009555,-0.038515,-0.173569,0.084946,0.981140,-25.318750,1.794877,27.039090,-0.978565,0.145053,0.146111,0.000000,0.000000,0.000000,0.000000,0,0,3.959335,3.670670,0.000002,0.000001,-25.354990,1.787189,27.053620,357.024800,288.309100,356.883700,104.047200,98.172010,0.300000,1000.000000,0.900730,2468,2740,50.000000,off
1765279984507,2025-12-09 19:33:04.507,223.057700,3.875061,23,15,2,0.001064,0.009725,-0.038548,-0.161331,0.089203,0.982849,-25.317640,1.794878,27.043030,-0.976088,0.149089,0.158123,0.000000,0.000000,0.000000,0.000000,0,0,3.931366,3.667847,0.000001,0.000003,-25.355170,1.787253,27.053760,357.004500,288.292500,356.876400,104.047200,98.172010,0.300000,1000.000000,0.900730,2468,2740,50.000000,off
1765279984518,2025-12-09 19:33:04.518,223.068700,3.886063,23,15,2,0.001064,0.009725,-0.038548,-0.161331,0.089203,0.982849,-25.317740,1.794901,27.043210,-0.976190,0.149225,0.157360,0.000000,0.000000,0.000000,0.000000,0,0,3.931366,3.667847,0.000001,0.000003,-25.355280,1.787280,27.053910,356.998500,288.246900,356.864000,104.047200,98.172010,0.300000,1000.000000,0.900730,2468,2740,50.000000,off
1765279984529,2025-12-09 19:33:04.529,223.079900,3.897278,23,15,2,0.015901,0.010156,-0.037952,-0.145035,0.088242,0.985474,-25.313850,1.794565,27.057610,-0.973778,0.147811,0.172884,0.000000,0.000000,0.000000,0.000000,0,0,3.937714,3.688889,0.000000,0.000000,-25.355450,1.787308,27.053990,356.982500,288.203800,356.854400,104.047200,98.172010,0.300000,1000.000000,0.900730,2468,2740,50.000000,off
1765279984540,2025-12-09 19:33:04.540,223.091000,3.908371,23,15,2,-0.002925,0.009555,-0.038515,-0.173569,0.084946,0.981140,-25.319340,1.795012,27.039590,-0.978797,0.146150,0.143437,0.000000,0.000000,0.000000,0.000000,0,0,3.959335,3.670670,0.000009,0.000000,-25.355630,1.787363,27.054000,356.966300,288.152200,356.849400,104.047200,98.172010,0.300000,1000.000000,0.900730,2468,2740,50.000000,off
1765279984551,2025-12-09 19:33:04.551,223.102000,3.919403,23,15,2,0.001983,0.009755,-0.038520,-0.160019,0.090836,0.982910,-25.317930,1.794944,27.044350,-0.976111,0.151347,0.155793,0.000000,0.000000,0.000000,0.000000,0,0,3.929306,3.667404,0.000000,0.000000,-25.355760,1.787364,27.054050,356.969000,288.076600,356.842200,104.047200,98.172010,0.300000,1000.000000,0.900730,2468,2740,50.000000,off
1765279984562,2025-12-09 19:33:04.562,223.113200,3.930557,23,15,2,0.001983,0.009755,-0.038520,-0.160019,0.090836,0.982910,-25.318060,1.794966,27.044470,-0.976282,0.151212,0.154852,0.000000,0.000000,0.000000,0.000000,0,0,3.929306,3.667404,0.000000,0.000000,-25.355900,1.787380,27.054120,356.979600,288.019200,356.824600,104.047200,98.172010,0.300000,1000.000000,0.900730,2468,2740,50.000000,off
1765279984574,2025-12-09 19:33:04.574,223.124300,3.941666,23,15,2,0.000589,0.009716,-0.038574,-0.163498,0.094345,0.982010,-25.318560,1.794998,27.043190,-0.976512,0.154562,0.150035,0.000000,0.000000,0.000000,0.000000,0,0,3.930511,3.658920,0.000000,0.000000,-25.356040,1.787363,27.054140,356.997000,287.938500,356.824200,104.047200,98.172010,0.300000,1000.000000,0.900730,2468,2740,50.000000,off
1765279984585,2025-12-09 19:33:04.585,223.135400,3.952774,23,15,2,-0.000333,0.009697,-0.038634,-0.165680,0.094833,0.981598,-25.318840,1.795033,27.042370,-0.976968,0.154877,0.146714,0.000000,0.000000,0.000000,0.000000,0,0,3.894241,3.649902,0.000001,0.000045,-25.356110,1.787357,27.054170,357.015500,287.869300,356.808300,104.047200,98.172010,0.300000,1000.000000,0.900730,2468,2740,50.000000,off
1765279984596,2025-12-09 19:33:04.596,223.146400,3.963837,23,15,2,-0.004173,0.009599,-0.038826,-0.178772,0.085205,0.980179,-25.319920,1.795107,27.038660,-0.980511,0.145575,0.131815,0.000000,0.000000,0.000000,0.000000,0,0,3.890411,3.645508,0.000152,0.000000,-25.356220,1.787309,27.054110,357.038600,287.770500,356.796500,104.047200,98.172010,0.300000,1000.000000,0.900730,2468,2740,50.000000,off
1765279984607,2025-12-09 19:33:04.607,223.157600,3.975006,23,15,2,-0.004173,0.009599,-0.038826,-0.178772,0.085205,0.980179,-25.319990,1.795071,27.038640,-0.980860,0.144732,0.130137,0.000000,0.000000,0.000000,0.000000,0,0,3.890411,3.645508,0.000152,0.000000,-25.356310,1.787239,27.054020,357.088000,287.670300,356.797600,104.047200,98.172010,0.300000,1000.000000,0.900730,2468,2740,50.000000,off
1765279984618,2025-12-09 19:33:04.618,223.168800,3.986176,23,15,2,0.000589,0.009716,-0.038574,-0.163498,0.094345,0.982010,-25.318870,1.794917,27.043240,-0.977787,0.152270,0.143955,0.000000,0.000000,0.000000,0.000000,0,0,3.930511,3.658920,0.000002,0.000000,-25.356400,1.787190,27.053940,357.133900,287.574100,356.810200,104.047200,98.172010,0.300000,1000.000000,0.900730,2468,2740,50.000000,off
1765279984629,2025-12-09 19:33:04.629,223.179800,3.997177,23,15,2,-0.000333,0.009697,-0.038634,-0.165680,0.094833,0.981598,-25.319150,1.794881,27.042270,-0.978477,0.151936,0.139553,0.000000,0.000000,0.000000,0.000000,0,0,3.894241,3.649902,0.000001,0.000003,-25.356480,1.787090,27.053790,357.185500,287.443300,356.825900,104.047200,98.172010,0.300000,1000.000000,0.900730,2468,2740,50.000000,off
1765279984640,2025-12-09 19:33:04.640,223.190900,4.008255,23,15,2,-0.000333,0.009697,-0.038634,-0.165680,0.094833,0.981598,-25.319170,1.794875,27.042220,-0.979000,0.150772,0.137127,0.000000,0.000000,0.000000,0.000000,0,0,3.894241,3.649902,0.000001,0.000003,-25.356520,1.787039,27.053640,357.250900,287.300000,356.843600,104.047200,98.172010,0.300000,1000.000000,0.900730,2468,2740,50.000000,off
1765279984651,2025-12-09 19:33:04.651,223.202000,4.019409,23,15,2,-0.003031,0.009638,-0.038813,-0.177979,0.087112,0.980164,-25.319780,1.794820,27.039410,-0.982198,0.142597,0.122229,0.000000,0.000000,0.000000,0.000000,0,0,3.890411,3.635834,0.000001,0.000000,-25.356520,1.786864,27.053380,357.308200,287.158400,356.879800,104.047200,98.172010,0.300000,1000.000000,0.900730,2468,2740,50.000000,off
1765279984663,2025-12-09 19:33:04.663,223.213100,4.030502,23,15,2,-0.002862,0.009647,-0.038846,-0.179627,0.087402,0.979828,-25.319760,1.794762,27.039380,-0.982894,0.141685,0.117524,0.000000,0.000000,0.000000,0.000000,0,0,3.882019,3.630325,0.000000,0.000011,-25.356620,1.786765,27.053080,357.375600,286.981900,356.921800,104.047200,98.172010,0.300000,1000.000000,0.900730,2468,2740,50.000000,off
1765279984674,2025-12-09 19:33:04.674,223.224200,4.041595,23,15,2,-0.002862,0.009647,-0.038846,-0.179627,0.087402,0.979828,-25.319790,1.794654,27.039170,-0.983461,0.140587,0.114053,0.000000,0.000000,0.000000,0.000000,0,0,3.882019,3.630325,0.000000,0.000011,-25.356690,1.786618,27.052740,357.433700,286.780600,356.958200,104.047200,98.172010,0.300000,1000.000000,0.900730,2468,2740,50.000000,off
1765279984685,2025-12-09 19:33:04.685,223.235400,4.052750,23,15,2,-0.001353,0.009617,-0.038568,-0.178345,0.098251,0.979034,-25.319620,1.794501,27.040490,-0.982373,0.150185,0.111161,0.000000,0.000000,0.000000,0.000000,0,0,3.899948,3.627808,0.000038,0.000001,-25.356730,1.786524,27.052390,357.490700,286.532300,357.008900,104.047200,98.172010,0.300000,1000.000000,0.900730,2468,2740,50.000000,off
1765279984696,2025-12-09 19:33:04.696,223.246400,4.063828,23,15,2,0.000461,0.009666,-0.038488,-0.175781,0.098816,0.979446,-25.319200,1.794408,27.042040,-0.982712,0.149447,0.109186,0.000000,0.000000,0.000000,0.000000,0,0,3.892029,3.628372,0.000038,0.000000,-25.356780,1.786430,27.052010,357.552200,286.268000,357.055900,104.047200,98.172010,0.300000,1000.000000,0.900730,2468,2740,50.000000,off
1765279984706,2025-12-09 19:33:04.706,223.257500,4.074936,23,15,2,0.001904,0.009707,-0.038430,-0.174011,0.100311,0.979614,-25.318910,1.794290,27.043170,-0.983129,0.149497,0.105333,0.000000,0.000000,0.000000,0.000000,0,0,3.890030,3.625366,0.000001,0.000011,-25.356870,1.786291,27.051520,357.628400,285.937400,357.077300,104.047200,98.172010,0.300000,1000.000000,0.900730,2468,2740,50.000000,off
1765279984717,2025-12-09 19:33:04.717,223.268700,4.086105,23,15,2,0.001904,0.009707,-0.038430,-0.174011,0.100311,0.979614,-25.318900,1.794244,27.042850,-0.983970,0.147769,0.099772,0.000000,0.000000,0.000000,0.000000,0,0,3.890030,3.625366,0.000001,0.000011,-25.356890,1.786180,27.050990,357.722700,285.614000,357.119600,104.047200,98.172010,0.300000,1000.000000,0.900730,2468,2740,50.000000,off
1765279984728,2025-12-09 19:33:04.728,223.279800,4.097214,23,15,2,0.001431,0.009865,-0.038950,-0.146744,0.084671,0.985535,-25.318570,1.794242,27.041880,-0.984134,0.129333,0.121391,0.000000,0.000000,0.000000,0.000000,0,0,3.784851,3.562744,0.000002,0.000000,-25.356980,1.785951,27.050380,357.817500,285.285400,357.147600,104.047200,98.172010,0.300000,1000.000000,0.900730,2468,2740,50.000000,off
1765279984740,2025-12-09 19:33:04.740,223.290900,4.108276,23,15,2,0.000461,0.009666,-0.038488,-0.175781,0.098816,0.979446,-25.319250,1.793940,27.040730,-0.985980,0.142686,0.086386,0.000000,0.000000,0.000000,0.000000,0,0,3.892029,3.628372,0.000002,0.000001,-25.356990,1.785704,27.049830,357.930800,284.937000,357.164300,104.047200,98.172010,0.300000,1000.000000,0.900730,2468,2740,50.000000,off
1765279984751,2025-12-09 19:33:04.750,223.301900,4.119263,23,15,2,0.000461,0.009666,-0.038488,-0.175781,0.098816,0.979446,-25.319220,1.793774,27.040340,-0.986765,0.140898,0.080137,0.000000,0.000000,0.000000,0.000000,0,0,3.892029,3.628372,0.000002,0.000001,-25.357000,1.785468,27.049190,358.034500,284.571100,357.172000,104.047200,98.172010,0.300000,1000.000000,0.900730,2468,2740,50.000000,off
1765279984762,2025-12-09 19:33:04.762,223.313000,4.130402,23,15,2,0.001904,0.009707,-0.038430,-0.174011,0.100311,0.979614,-25.318820,1.793590,27.041380,-0.987178,0.140402,0.075853,0.000000,0.000000,0.000000,0.000000,0,0,3.890030,3.625366,0.000154,0.000003,-25.356940,1.785237,27.048580,358.144300,284.214500,357.184400,104.047200,98.172010,0.300000,1000.000000,0.900730,2468,2740,50.000000,off
1765279984773,2025-12-09 19:33:04.773,223.324200,4.141617,23,15,2,0.002547,0.009905,-0.038918,-0.146072,0.077332,0.986237,-25.318070,1.793602,27.041520,-0.988631,0.114252,0.097652,0.000000,0.000000,0.000000,0.000000,0,0,3.775330,3.593124,0.000153,0.000045,-25.356850,1.785017,27.047970,358.263900,283.864700,357.185100,104.047200,98.172010,0.300000,1000.000000,0.900730,2468,2740,50.000000,off
1765279984784,2025-12-09 19:33:04.784,223.335300,4.152679,23,15,2,0.002113,0.009838,-0.038744,-0.133545,0.091324,0.986816,-25.318250,1.793396,27.040750,-0.986502,0.125760,0.104783,0.000000,0.000000,0.000000,0.000000,0,0,3.834671,3.599365,0.000153,0.000045,-25.356780,1.784778,27.047350,358.372600,283.528600,357.184000,104.047200,98.172010,0.300000,1000.000000,0.900730,2468,2740,50.000000,off
1765279984795,2025-12-09 19:33:04.795,223.346400,4.163773,23,15,2,0.002113,0.009838,-0.038744,-0.133545,0.091324,0.986816,-25.318070,1.793221,27.040340,-0.987327,0.123677,0.099352,0.000000,0.000000,0.000000,0.000000,0,0,3.834671,3.599365,0.000153,0.000045,-25.356620,1.784521,27.046720,358.494000,283.209700,357.183200,104.047200,98.172010,0.300000,1000.000000,0.900730,2468,2740,50.000000,off
1765279984806,2025-12-09 19:33:04.806,223.357500,4.174911,23,15,2,-0.006172,0.009380,-0.038982,-0.209641,0.033112,0.977203,-25.319560,1.792984,27.031790,-0.997601,0.067221,0.015641,-35.578120,2.484232,27.192630,10.283080,Node14,NodeMarker,3.739578,3.503815,0.039598,0.000011,-25.356500,1.784264,27.046110,358.603400,282.916600,357.171400,104.047200,98.172010,0.300000,1000.000000,0.900730,2468,2740,50.000000,off
1765279984818,2025-12-09 19:33:04.818,223.368800,4.186234,23,15,2,0.025571,0.009997,-0.037418,-0.307007,-0.016907,0.951553,-25.313940,1.791941,27.062660,-0.995578,0.019672,-0.091817,0.000000,0.000000,0.000000,0.000000,0,0,3.803818,3.586136,0.009899,0.000045,-25.356330,1.784068,27.045480,358.718300,282.641100,357.148400,104.047200,98.172010,0.300000,1000.000000,0.900730,2468,2740,50.000000,off
1765279984828,2025-12-09 19:33:04.828,223.379700,4.197113,23,15,2,0.019650,0.010689,-0.041938,-0.276459,-0.130096,0.952164,-25.310690,1.792667,27.055570,-0.992761,-0.096260,-0.071627,0.000000,0.000000,0.000000,0.000000,0,0,3.549561,3.382767,0.000615,0.000045,-25.356160,1.783849,27.044900,358.808700,282.369500,357.128000,104.047200,98.172010,0.300000,1000.000000,0.900730,2468,2740,50.000000,off
1765279984840,2025-12-09 19:33:04.840,223.390900,4.208298,23,15,2,0.019650,0.010689,-0.041938,-0.276459,-0.130096,0.952164,-25.310580,1.792562,27.055200,-0.992270,-0.097841,-0.076143,0.000000,0.000000,0.000000,0.000000,0,0,3.549561,3.382767,0.000615,0.000045,-25.355990,1.783675,27.044320,358.904200,282.111100,357.126100,104.047200,98.172010,0.300000,1000.000000,0.900730,2468,2740,50.000000,off
1765279984851,2025-12-09 19:33:04.851,223.401900,4.219299,23,15,2,-0.006172,0.009380,-0.038982,-0.209641,0.033112,0.977203,-25.318620,1.792439,27.030140,-0.998108,0.061212,-0.002488,-35.510620,2.417495,27.004730,10.211180,Node14,NodeMarker,3.739578,3.503815,0.002460,0.000001,-25.355760,1.783466,27.043760,358.966300,281.868700,357.123500,104.047200,98.172010,0.300000,1000.000000,0.900730,2468,2740,50.000000,off
1765279984863,2025-12-09 19:33:04.863,223.413300,4.230667,23,15,2,0.025571,0.009997,-0.037418,-0.307007,-0.016907,0.951553,-25.313490,1.791410,27.061140,-0.993922,0.014201,-0.109135,0.000000,0.000000,0.000000,0.000000,0,0,3.803818,3.586136,0.009778,0.000045,-25.355520,1.783324,27.043210,359.051800,281.642500,357.136000,104.047200,98.172010,0.300000,1000.000000,0.900730,2468,2740,50.000000,off
1765279984874,2025-12-09 19:33:04.874,223.424100,4.241501,23,15,2,0.025571,0.009997,-0.037418,-0.307007,-0.016907,0.951553,-25.313280,1.791304,27.060760,-0.993511,0.013083,-0.112949,0.000000,0.000000,0.000000,0.000000,0,0,3.803818,3.586136,0.009778,0.000045,-25.355240,1.783170,27.042680,359.113400,281.422400,357.153500,104.047200,98.172010,0.300000,1000.000000,0.900730,2468,2740,50.000000,off
1765279984885,2025-12-09 19:33:04.885,223.435300,4.252701,23,15,2,-0.003113,0.009967,-0.042396,-0.312485,-0.137039,0.939972,-25.313750,1.792548,27.031330,-0.985675,-0.107849,-0.129562,0.000000,0.000000,0.000000,0.000000,0,0,3.598480,3.438736,0.010022,0.000001,-25.354960,1.783054,27.042170,359.171300,281.219400,357.172200,104.047200,98.172010,0.300000,1000.000000,0.900730,2468,2740,50.000000,off
1765279984895,2025-12-09 19:33:04.895,223.446400,4.263748,23,15,2,0.019295,0.010724,-0.041994,-0.279541,-0.115875,0.953110,-25.309590,1.792129,27.053040,-0.991282,-0.089149,-0.096955,0.000000,0.000000,0.000000,0.000000,0,0,3.596985,3.458099,0.039598,0.000001,-25.354720,1.782930,27.041670,359.219900,281.031800,357.210900,104.047200,98.172010,0.300000,1000.000000,0.900730,2468,2740,50.000000,off
1765279984906,2025-12-09 19:33:04.906,223.457400,4.274841,23,15,2,0.026908,0.009982,-0.037420,-0.294830,-0.080383,0.952148,-25.312400,1.790999,27.060960,-0.992097,-0.053682,-0.113293,0.000000,0.000000,0.000000,0.000000,0,0,3.758942,3.543365,0.009838,0.000003,-25.354410,1.782814,27.041170,359.255500,280.870900,357.233500,104.047200,98.172010,0.300000,1000.000000,0.900730,2468,2740,50.000000,off
1765279984917,2025-12-09 19:33:04.917,223.468600,4.285950,23,15,2,0.026908,0.009982,-0.037420,-0.294830,-0.080383,0.952148,-25.312160,1.791011,27.060590,-0.991755,-0.054442,-0.115893,0.000000,0.000000,0.000000,0.000000,0,0,3.758942,3.543365,0.009838,0.000003,-25.354110,1.782786,27.040690,359.289600,280.718700,357.270600,104.047200,98.172010,0.300000,1000.000000,0.900730,2468,2740,50.000000,off
1765279984928,2025-12-09 19:33:04.928,223.479600,4.297028,23,15,2,0.016548,0.009815,-0.038258,-0.294128,-0.086151,0.951859,-25.312950,1.791271,27.049870,-0.991184,-0.060901,-0.117534,0.000000,0.000000,0.000000,0.000000,0,0,3.850677,3.467178,0.040083,0.000001,-25.353790,1.782700,27.040230,359.315800,280.599100,357.314000,104.047200,98.172010,0.300000,1000.000000,0.900730,2468,2740,50.000000,off
1765279984940,2025-12-09 19:33:04.940,223.490800,4.308182,23,15,2,-0.004572,0.009299,-0.039250,-0.285889,-0.103180,0.952683,-25.315490,1.791735,27.028550,-0.990571,-0.079057,-0.111813,0.000000,0.000000,0.000000,0.000000,0,0,3.820633,3.520828,0.009838,0.000045,-25.353430,1.782683,27.039790,359.346400,280.492300,357.365400,104.047200,98.172010,0.300000,1000.000000,0.900730,2468,2740,50.000000,off
1765279984951,2025-12-09 19:33:04.951,223.501800,4.319199,23,15,2,-0.004572,0.009299,-0.039250,-0.285889,-0.103180,0.952683,-25.315200,1.791744,27.028190,-0.990357,-0.079582,-0.113325,0.000000,0.000000,0.000000,0.000000,0,0,3.820633,3.520828,0.009838,0.000045,-25.353150,1.782684,27.039370,359.363900,280.400900,357.411700,104.047200,98.172010,0.300000,1000.000000,0.900730,2468,2740,50.000000,off
1765279984962,2025-12-09 19:33:04.962,223.513100,4.330460,23,15,2,0.026908,0.009982,-0.037420,-0.294830,-0.080383,0.952148,-25.311010,1.791024,27.059100,-0.990839,-0.056830,-0.122399,0.000000,0.000000,0.000000,0.000000,0,0,3.758942,3.543365,0.010021,0.000000,-25.352820,1.782653,27.038950,359.372900,280.330600,357.463200,104.047200,98.172010,0.300000,1000.000000,0.900730,2468,2740,50.000000,off
1765279984974,2025-12-09 19:33:04.974,223.524100,4.341492,23,15,2,0.016548,0.009815,-0.038258,-0.294128,-0.086151,0.951859,-25.311670,1.791340,27.048400,-0.990396,-0.063108,-0.122889,0.000000,0.000000,0.000000,0.000000,0,0,3.850677,3.467178,0.039354,0.000011,-25.352440,1.782663,27.038550,359.384900,280.275400,357.517500,104.047200,98.172010,0.300000,1000.000000,0.900730,2468,2740,50.000000,off
1765279984984,2025-12-09 19:33:04.984,223.535200,4.352554,23,15,2,0.009648,0.009722,-0.038716,-0.264969,-0.080322,0.960892,-25.312060,1.791593,27.041190,-0.993911,-0.058814,-0.093031,0.000000,0.000000,0.000000,0.000000,0,0,3.803940,3.485596,0.000619,0.000003,-25.352050,1.782700,27.038190,359.390000,280.233400,357.576800,104.047200,98.172010,0.300000,1000.000000,0.900730,2468,2740,50.000000,off
1765279984995,2025-12-09 19:33:04.995,223.546300,4.363663,23,15,2,0.009648,0.009722,-0.038716,-0.264969,-0.080322,0.960892,-25.311670,1.791621,27.040870,-0.993833,-0.059197,-0.093621,0.000000,0.000000,0.000000,0.000000,0,0,3.803940,3.485596,0.000619,0.000003,-25.351640,1.782713,27.037860,359.397200,280.195600,357.632800,104.047200,98.172010,0.300000,1000.000000,0.900730,2468,2740,50.000000,off
1765279985006,2025-12-09 19:33:05.006,223.557400,4.374802,23,15,2,0.018464,0.010060,-0.038707,-0.235809,-0.066467,0.969513,-25.309720,1.791630,27.049190,-0.996900,-0.046665,-0.063188,-35.734380,1.303647,26.388430,10.456970,Node14,NodeMarker,3.712723,3.594086,0.009899,0.000000,-25.351240,1.782732,27.037490,359.394700,280.174700,357.690500,104.047200,98.172010,0.300000,1000.000000,0.900730,2468,2740,50.000000,off
1765279985017,2025-12-09 19:33:05.017,223.568600,4.386032,23,15,2,0.020257,0.010138,-0.038719,-0.237473,-0.068771,0.968948,-25.309010,1.791673,27.050590,-0.996647,-0.048986,-0.065416,-35.789550,1.276546,26.362690,10.515710,Node14,NodeMarker,3.783813,3.484329,0.009899,0.000000,-25.350860,1.782757,27.037110,359.387900,280.148600,357.736900,104.047200,98.172010,0.300000,1000.000000,0.900730,2468,2740,50.000000,off
1765279985028,2025-12-09 19:33:05.028,223.579700,4.397125,23,15,2,0.020257,0.010138,-0.038719,-0.237473,-0.068771,0.968948,-25.308620,1.791749,27.050250,-0.996656,-0.048863,-0.065362,-35.788980,1.277928,26.362940,10.515430,Node14,NodeMarker,3.783813,3.484329,0.009899,0.000000,-25.350460,1.782829,27.036780,359.370000,280.149000,357.780200,104.047200,98.172010,0.300000,1000.000000,0.900730,2468,2740,50.000000,off
1765279985040,2025-12-09 19:33:05.040,223.590900,4.408279,23,15,2,0.016120,0.010045,-0.038932,-0.215515,-0.062592,0.974487,-25.308770,1.791892,27.045820,-0.998145,-0.043323,-0.042665,-35.466360,1.351018,26.611640,10.176420,Node14,NodeMarker,3.737946,3.562927,0.000619,0.000045,-25.350100,1.782907,27.036460,359.350000,280.140400,357.828800,104.047200,98.172010,0.300000,1000.000000,0.900730,2468,2740,50.000000,off
1765279985051,2025-12-09 19:33:05.051,223.602000,4.419388,23,15,2,0.012614,0.009762,-0.038788,-0.277130,-0.111893,0.954285,-25.309100,1.791799,27.042110,-0.990025,-0.089985,-0.108321,0.000000,0.000000,0.000000,0.000000,0,0,3.864746,3.654587,0.039844,0.000045,-25.349670,1.782982,27.036210,359.307700,280.150100,357.871300,104.047200,98.172010,0.300000,1000.000000,0.900730,2468,2740,50.000000,off
1765279985063,2025-12-09 19:33:05.063,223.613100,4.430450,23,15,2,0.020257,0.010138,-0.038719,-0.237473,-0.068771,0.968948,-25.307420,1.791980,27.049370,-0.996724,-0.047772,-0.065138,-35.784960,1.289801,26.364640,10.511890,Node14,NodeMarker,3.783813,3.484329,0.633609,0.000011,-25.349280,1.783080,27.035920,359.274600,280.153600,357.905100,104.047200,98.172010,0.300000,1000.000000,0.900730,2468,2740,50.000000,off
1765279985073,2025-12-09 19:33:05.073,223.624200,4.441589,23,15,2,0.020257,0.010138,-0.038719,-0.237473,-0.068771,0.968948,-25.306970,1.792048,27.049090,-0.996769,-0.047370,-0.064743,-35.774550,1.294595,26.369190,10.501430,Node14,NodeMarker,3.783813,3.484329,0.633609,0.000011,-25.348840,1.783155,27.035670,359.240100,280.173400,357.948300,104.047200,98.172010,0.300000,1000.000000,0.900730,2468,2740,50.000000,off
1765279985084,2025-12-09 19:33:05.084,223.635300,4.452744,23,15,2,0.016120,0.010045,-0.038932,-0.215515,-0.062592,0.974487,-25.307090,1.792161,27.044690,-0.998265,-0.041548,-0.041603,-35.458800,1.369646,26.621610,10.169300,Node14,NodeMarker,3.737946,3.562927,0.000039,0.000001,-25.348440,1.783226,27.035400,359.211000,280.191800,357.984000,104.047200,98.172010,0.300000,1000.000000,0.900730,2468,2740,50.000000,off
1765279985095,2025-12-09 19:33:05.095,223.646400,4.463806,23,15,2,0.020127,0.009887,-0.038204,-0.265915,-0.099991,0.958786,-25.306690,1.791925,27.048510,-0.992501,-0.077054,-0.094782,0.000000,0.000000,0.000000,0.000000,0,0,3.868988,3.610123,0.010021,0.000000,-25.348040,1.783287,27.035170,359.184500,280.210900,358.012700,104.047200,98.172010,0.300000,1000.000000,0.900730,2468,2740,50.000000,off
1765279985106,2025-12-09 19:33:05.106,223.657400,4.474762,23,15,2,0.025063,0.009988,-0.037788,-0.260529,-0.081940,0.961975,-25.305850,1.791900,27.053190,-0.994386,-0.058587,-0.088033,0.000000,0.000000,0.000000,0.000000,0,0,3.902802,3.664841,0.002490,0.000000,-25.347680,1.783341,27.034930,359.143300,280.226600,358.039400,104.047200,98.172010,0.300000,1000.000000,0.900730,2468,2740,50.000000,off
1765279985117,2025-12-09 19:33:05.117,223.668400,4.485825,23,15,2,0.025063,0.009988,-0.037788,-0.260529,-0.081940,0.961975,-25.305470,1.791963,27.052980,-0.994425,-0.058155,-0.087876,0.000000,0.000000,0.000000,0.000000,0,0,3.902802,3.664841,0.002490,0.000000,-25.347300,1.783414,27.034740,359.110600,280.233400,358.065000,104.047200,98.172010,0.300000,1000.000000,0.900730,2468,2740,50.000000,off
1765279985128,2025-12-09 19:33:05.128,223.679500,4.496918,23,15,2,0.024774,0.010380,-0.039495,-0.235962,-0.091476,0.967438,-25.303480,1.792378,27.052150,-0.995704,-0.068064,-0.062628,-35.718010,1.080464,26.397090,10.459370,Node14,NodeMarker,3.818573,3.669571,0.157422,0.000001,-25.346960,1.783461,27.034500,359.081500,280.253800,358.095300,104.047200,98.172010,0.300000,1000.000000,0.900730,2468,2740,50.000000,off
1765279985141,2025-12-09 19:33:05.141,223.691000,4.508438,23,15,2,-0.003766,0.009804,-0.041595,-0.270615,-0.138397,0.952683,-25.306150,1.792741,27.023450,-0.988381,-0.113765,-0.100747,0.000000,0.000000,0.000000,0.000000,0,0,3.780243,3.683121,0.641406,0.000011,-25.346630,1.783503,27.034260,359.058700,280.249900,358.117700,104.047200,98.172010,0.300000,1000.000000,0.900730,2468,2740,50.000000,off
1765279985151,2025-12-09 19:33:05.151,223.701800,4.519165,23,15,2,-0.003766,0.009804,-0.041595,-0.270615,-0.138397,0.952683,-25.305870,1.792795,27.023250,-0.988422,-0.113591,-0.100541,0.000000,0.000000,0.000000,0.000000,0,0,3.780243,3.683121,0.641406,0.000011,-25.346350,1.783570,27.034080,359.042400,280.259000,358.137900,104.047200,98.172010,0.300000,1000.000000,0.900730,2468,2740,50.000000,off
1765279985162,2025-12-09 19:33:05.162,223.712900,4.530273,23,15,2,-0.003203,0.009624,-0.040722,-0.279953,-0.135422,0.950409,-25.306300,1.792624,27.023730,-0.987827,-0.109877,-0.110068,0.000000,0.000000,0.000000,0.000000,0,0,3.845856,3.688843,0.641406,0.000011,-25.346020,1.783601,27.033850,359.016400,280.258200,358.129300,104.047200,98.172010,0.300000,1000.000000,0.900730,2468,2740,50.000000,off
1765279985173,2025-12-09 19:33:05.173,223.724100,4.541504,23,15,2,0.024774,0.010380,-0.039495,-0.235962,-0.091476,0.967438,-25.302180,1.792510,27.051230,-0.995792,-0.066941,-0.062441,-35.715890,1.092457,26.398240,10.457630,Node14,NodeMarker,3.818573,3.669571,0.009961,0.000045,-25.345670,1.783635,27.033590,359.010700,280.262200,358.113100,104.047200,98.172010,0.300000,1000.000000,0.900730,2468,2740,50.000000,off
1765279985184,2025-12-09 19:33:05.184,223.735300,4.552704,23,15,2,-0.003766,0.009804,-0.041595,-0.270615,-0.138397,0.952683,-25.304860,1.792856,27.022530,-0.988513,-0.112799,-0.100545,0.000000,0.000000,0.000000,0.000000,0,0,3.780243,3.683121,0.009899,0.000046,-25.345340,1.783654,27.033360,359.007700,280.263800,358.093300,104.047200,98.172010,0.300000,1000.000000,0.900730,2468,2740,50.000000,off
1765279985195,2025-12-09 19:33:05.195,223.746100,4.563522,23,15,2,-0.003766,0.009804,-0.041595,-0.270615,-0.138397,0.952683,-25.304570,1.792858,27.022280,-0.988505,-0.112770,-0.100654,0.000000,0.000000,0.000000,0.000000,0,0,3.780243,3.683121,0.009899,0.000046,-25.345050,1.783653,27.033100,359.010400,280.259500,358.078000,104.047200,98.172010,0.300000,1000.000000,0.900730,2468,2740,50.000000,off
1765279985206,2025-12-09 19:33:05.206,223.757300,4.574707,23,15,2,-0.002597,0.009436,-0.039807,-0.288986,-0.133347,0.947983,-25.305770,1.792474,27.023490,-0.987030,-0.107006,-0.119527,0.000000,0.000000,0.000000,0.000000,0,0,3.911758,3.683090,0.040090,0.000003,-25.344690,1.783653,27.032850,358.999500,280.252500,358.077700,104.047200,98.172010,0.300000,1000.000000,0.900730,2468,2740,50.000000,off
1765279985217,2025-12-09 19:33:05.217,223.768400,4.585785,23,15,2,-0.001424,0.009882,-0.041558,-0.268845,-0.135391,0.953613,-25.303510,1.792944,27.024130,-0.989005,-0.109760,-0.099036,0.000000,0.000000,0.000000,0.000000,0,0,3.778473,3.693665,0.040090,0.000003,-25.344370,1.783743,27.032620,359.005000,280.236400,358.086200,104.047200,98.172010,0.300000,1000.000000,0.900730,2468,2740,50.000000,off
1765279985229,2025-12-09 19:33:05.229,223.779700,4.597076,23,15,2,-0.001424,0.009882,-0.041558,-0.268845,-0.135391,0.953613,-25.303220,1.792926,27.023920,-0.988991,-0.109381,-0.099596,0.000000,0.000000,0.000000,0.000000,0,0,3.778473,3.693665,0.040090,0.000003,-25.344100,1.783745,27.032390,358.977800,280.201400,358.102300,104.047200,98.172010,0.300000,1000.000000,0.900730,2468,2740,50.000000,off
1765279985239,2025-12-09 19:33:05.239,223.790600,4.608002,23,15,2,-0.000872,0.009467,-0.039672,-0.285660,-0.129669,0.949509,-25.304680,1.792529,27.024580,-0.987715,-0.103158,-0.117301,0.000000,0.000000,0.000000,0.000000,0,0,3.911560,3.703415,0.039599,0.000181,-25.343790,1.783749,27.032160,358.975400,280.165900,358.105700,104.047200,98.172010,0.300000,1000.000000,0.900730,2468,2740,50.000000,off
1765279985250,2025-12-09 19:33:05.250,223.801700,4.619095,23,15,2,-0.001566,0.009450,-0.039714,-0.285523,-0.130905,0.949371,-25.304500,1.792547,27.023650,-0.987576,-0.104100,-0.117569,0.000000,0.000000,0.000000,0.000000,0,0,3.917084,3.703857,0.009900,0.000001,-25.343540,1.783778,27.031910,358.952500,280.143700,358.121500,104.047200,98.172010,0.300000,1000.000000,0.900730,2468,2740,50.000000,off
1765279985261,2025-12-09 19:33:05.261,223.812900,4.630264,23,15,2,-0.001566,0.009450,-0.039714,-0.285523,-0.130905,0.949371,-25.304210,1.792565,27.023430,-0.987501,-0.104035,-0.118259,0.000000,0.000000,0.000000,0.000000,0,0,3.917084,3.703857,0.009900,0.000001,-25.343260,1.783800,27.031660,358.946800,280.102800,358.127400,104.047200,98.172010,0.300000,1000.000000,0.900730,2468,2740,50.000000,off
1765279985273,2025-12-09 19:33:05.273,223.824000,4.641434,23,15,2,-0.003127,0.009423,-0.039857,-0.282211,-0.136795,0.949539,-25.304150,1.792581,27.021580,-0.987216,-0.109873,-0.115380,0.000000,0.000000,0.000000,0.000000,0,0,3.934250,3.709946,0.002490,0.000011,-25.343060,1.783802,27.031360,358.937000,280.088500,358.129700,104.047200,98.172010,0.300000,1000.000000,0.900730,2468,2740,50.000000,off
1765279985284,2025-12-09 19:33:05.284,223.835100,4.652451,23,15,2,-0.000872,0.009467,-0.039672,-0.285660,-0.129669,0.949509,-25.303670,1.792536,27.023600,-0.987551,-0.102525,-0.119225,0.000000,0.000000,0.000000,0.000000,0,0,3.911560,3.703415,0.000626,0.000045,-25.342800,1.783791,27.031110,358.926100,280.049000,358.142400,104.047200,98.172010,0.300000,1000.000000,0.900730,2468,2740,50.000000,off
1765279985295,2025-12-09 19:33:05.295,223.846200,4.663574,23,15,2,-0.001566,0.009450,-0.039714,-0.285523,-0.130905,0.949371,-25.303450,1.792571,27.022710,-0.987342,-0.103950,-0.119646,0.000000,0.000000,0.000000,0.000000,0,0,3.917084,3.703857,0.039355,0.000725,-25.342510,1.783818,27.030900,358.931500,280.018000,358.160800,104.047200,98.172010,0.300000,1000.000000,0.900730,2468,2740,50.000000,off
1765279985307,2025-12-09 19:33:05.307,223.858200,4.675629,23,15,2,-0.001566,0.009450,-0.039714,-0.285523,-0.130905,0.949371,-25.303200,1.792554,27.022500,-0.987292,-0.103835,-0.120159,0.000000,0.000000,0.000000,0.000000,0,0,3.917084,3.703857,0.039355,0.000725,-25.342270,1.783808,27.030660,358.920600,279.986400,358.174100,104.047200,98.172010,0.300000,1000.000000,0.900730,2468,2740,50.000000,off
1765279985317,2025-12-09 19:33:05.317,223.868400,4.685822,23,15,2,-0.001940,0.009446,-0.039764,-0.280747,-0.135986,0.950089,-25.302900,1.792614,27.022000,-0.987220,-0.109153,-0.116025,0.000000,0.000000,0.000000,0.000000,0,0,3.939041,3.709900,0.009960,0.000011,-25.341960,1.783861,27.030510,358.922500,279.952700,358.188300,104.047200,98.172010,0.300000,1000.000000,0.900730,2468,2740,50.000000,off
1765279985328,2025-12-09 19:33:05.328,223.879600,4.696976,23,15,2,-0.001825,0.009896,-0.041732,-0.257278,-0.137451,0.956497,-25.300730,1.793051,27.021560,-0.989462,-0.111426,-0.092308,0.000000,0.000000,0.000000,0.000000,0,0,3.794418,3.712311,0.009839,0.000011,-25.341760,1.783887,27.030270,358.926300,279.922900,358.215300,104.047200,98.172010,0.300000,1000.000000,0.900730,2468,2740,50.000000,off
1765279985339,2025-12-09 19:33:05.339,223.890600,4.707993,23,15,2,-0.001825,0.009896,-0.041732,-0.257278,-0.137451,0.956497,-25.300480,1.793024,27.021350,-0.989369,-0.111634,-0.093055,0.000000,0.000000,0.000000,0.000000,0,0,3.794418,3.712311,0.009839,0.000011,-25.341510,1.783856,27.030030,358.932700,279.876900,358.237500,104.047200,98.172010,0.300000,1000.000000,0.900730,2468,2740,50.000000,off
1765279985351,2025-12-09 19:33:05.351,223.901800,4.719193,23,15,2,-0.002748,0.009899,-0.041904,-0.256073,-0.144486,0.955780,-25.300190,1.793061,27.020170,-0.988504,-0.119192,-0.092831,0.000000,0.000000,0.000000,0.000000,0,0,3.799911,3.743240,0.009839,0.000011,-25.341240,1.783850,27.029770,358.953300,279.835700,358.266900,104.047200,98.172010,0.300000,1000.000000,0.900730,2468,2740,50.000000,off
1765279985362,2025-12-09 19:33:05.362,223.912800,4.730194,23,15,2,-0.002814,0.009363,-0.039806,-0.236588,-0.184647,0.953888,-25.302010,1.792562,27.020190,-0.984177,-0.160200,-0.075513,0.000000,0.000000,0.000000,0.000000,0,0,3.950592,3.702805,0.039599,0.000046,-25.340970,1.783840,27.029490,358.963900,279.805100,358.283600,104.047200,98.172010,0.300000,1000.000000,0.900730,2468,2740,50.000000,off
1765279985373,2025-12-09 19:33:05.373,223.923900,4.741318,23,15,2,-0.006782,0.009333,-0.040305,-0.224960,-0.178116,0.957932,-25.301960,1.792580,27.015980,-0.986008,-0.153890,-0.063806,-35.877270,0.142046,26.331640,10.725200,Node14,NodeMarker,3.926239,3.741440,0.637500,0.000183,-25.340740,1.783787,27.029250,358.954900,279.765600,358.306700,104.047200,98.172010,0.300000,1000.000000,0.900730,2468,2740,50.000000,off
1765279985384,2025-12-09 19:33:05.384,223.935200,4.752563,23,15,2,-0.006782,0.009333,-0.040305,-0.224960,-0.178116,0.957932,-25.301680,1.792552,27.015830,-0.985963,-0.153971,-0.064302,-35.904090,0.136845,26.324360,10.753160,Node14,NodeMarker,3.926239,3.741440,0.637500,0.000183,-25.340470,1.783759,27.029080,358.957000,279.734800,358.318100,104.047200,98.172010,0.300000,1000.000000,0.900730,2468,2740,50.000000,off
1765279985395,2025-12-09 19:33:05.395,223.946400,4.763809,23,15,2,-0.000634,0.009477,-0.039917,-0.228256,-0.170914,0.958466,-25.300770,1.792561,27.021810,-0.986884,-0.146347,-0.067908,0.000000,0.000000,0.000000,0.000000,0,0,3.913376,3.759552,0.159386,0.000046,-25.340220,1.783813,27.028910,358.935700,279.695900,358.327100,104.047200,98.172010,0.300000,1000.000000,0.900730,2468,2740,50.000000,off
1765279985406,2025-12-09 19:33:05.406,223.957300,4.774658,23,15,2,-0.002814,0.009363,-0.039806,-0.236588,-0.184647,0.953888,-25.301030,1.792552,27.019450,-0.984100,-0.159687,-0.077573,0.000000,0.000000,0.000000,0.000000,0,0,3.950592,3.702805,0.009840,0.000003,-25.340020,1.783866,27.028670,358.916700,279.672200,358.348700,104.047200,98.172010,0.300000,1000.000000,0.900730,2468,2740,50.000000,off
1765279985417,2025-12-09 19:33:05.417,223.968400,4.785828,23,15,2,-0.006782,0.009333,-0.040305,-0.224960,-0.178116,0.957932,-25.300960,1.792690,27.015290,-0.985986,-0.153248,-0.065671,0.000000,0.000000,0.000000,0.000000,0,0,3.926239,3.741440,0.161324,0.000045,-25.339780,1.783939,27.028500,358.903500,279.646400,358.361600,104.047200,98.172010,0.300000,1000.000000,0.900730,2468,2740,50.000000,off
1765279985429,2025-12-09 19:33:05.429,223.979500,4.796890,23,15,2,-0.006782,0.009333,-0.040305,-0.224960,-0.178116,0.957932,-25.300700,1.792689,27.015160,-0.986005,-0.153051,-0.065838,0.000000,0.000000,0.000000,0.000000,0,0,3.926239,3.741440,0.161324,0.000045,-25.339520,1.783954,27.028360,358.886100,279.632200,358.385000,104.047200,98.172010,0.300000,1000.000000,0.900730,2468,2740,50.000000,off
1765279985439,2025-12-09 19:33:05.439,223.990600,4.807983,23,15,2,0.001492,0.009522,-0.039767,-0.225327,-0.168762,0.959549,-25.299590,1.792700,27.023290,-0.987416,-0.143647,-0.066044,-35.981660,0.238700,26.308820,10.818130,Node14,NodeMarker,3.912323,3.760010,0.633578,0.000045,-25.339270,1.784001,27.028220,358.881900,279.609800,358.399000,104.047200,98.172010,0.300000,1000.000000,0.900730,2468,2740,50.000000,off
1765279985450,2025-12-09 19:33:05.450,224.001900,4.819260,23,15,2,0.000812,0.009507,-0.039808,-0.226563,-0.169678,0.959091,-25.299340,1.792693,27.022480,-0.987223,-0.144322,-0.067371,0.000000,0.000000,0.000000,0.000000,0,0,3.912811,3.766022,0.633578,0.000045,-25.338940,1.784002,27.028100,358.865300,279.606100,358.415200,104.047200,98.172010,0.300000,1000.000000,0.900730,2468,2740,50.000000,off
1765279985461,2025-12-09 19:33:05.461,224.012800,4.830170,23,15,2,0.000812,0.009507,-0.039808,-0.226563,-0.169678,0.959091,-25.299050,1.792696,27.022390,-0.987228,-0.144293,-0.067360,0.000000,0.000000,0.000000,0.000000,0,0,3.912811,3.766022,0.633578,0.000045,-25.338660,1.784010,27.028010,358.859100,279.603500,358.434000,104.047200,98.172010,0.300000,1000.000000,0.900730,2468,2740,50.000000,off
1765279985473,2025-12-09 19:33:05.473,224.024000,4.841370,23,15,2,0.000334,0.009497,-0.039841,-0.226288,-0.169312,0.959229,-25.298850,1.792716,27.021810,-0.987342,-0.143725,-0.067022,0.000000,0.000000,0.000000,0.000000,0,0,3.913910,3.765915,0.039601,0.000179,-25.338410,1.784035,27.027900,358.847700,279.606000,358.430000,104.047200,98.172010,0.300000,1000.000000,0.900730,2468,2740,50.000000,off
1765279985484,2025-12-09 19:33:05.484,224.035000,4.852432,23,15,2,-0.012235,0.009169,-0.040336,-0.237351,-0.189301,0.952789,-25.300210,1.792699,27.009270,-0.983406,-0.163117,-0.079259,0.000000,0.000000,0.000000,0.000000,0,0,3.918991,3.796494,0.637500,0.000183,-25.338170,1.784029,27.027850,358.822900,279.617700,358.430400,104.047200,98.172010,0.300000,1000.000000,0.900730,2468,2740,50.000000,off
1765279985495,2025-12-09 19:33:05.495,224.046100,4.863480,23,15,2,-0.009810,0.009235,-0.040182,-0.234345,-0.190628,0.953278,-25.299720,1.792722,27.011600,-0.983441,-0.164440,-0.076150,0.000000,0.000000,0.000000,0.000000,0,0,3.918213,3.794586,0.637500,0.000183,-25.337920,1.784052,27.027770,358.819200,279.623800,358.427200,104.047200,98.172010,0.300000,1000.000000,0.900730,2468,2740,50.000000,off
1765279985506,2025-12-09 19:33:05.506,224.057300,4.874664,23,15,2,-0.009810,0.009235,-0.040182,-0.234345,-0.190628,0.953278,-25.299440,1.792714,27.011520,-0.983517,-0.164171,-0.075750,0.000000,0.000000,0.000000,0.000000,0,0,3.918213,3.794586,0.637500,0.000183,-25.337640,1.784053,27.027700,358.804700,279.647900,358.420400,104.047200,98.172010,0.300000,1000.000000,0.900730,2468,2740,50.000000,off
1765279985518,2025-12-09 19:33:05.518,224.068900,4.886322,23,15,2,0.000334,0.009497,-0.039841,-0.226288,-0.169312,0.959229,-25.297820,1.792701,27.021480,-0.987566,-0.142682,-0.065940,-35.990520,0.247838,26.307530,10.827290,Node14,NodeMarker,3.913910,3.765915,0.160352,0.000003,-25.337380,1.784059,27.027620,358.792500,279.672100,358.401000,104.047200,98.172010,0.300000,1000.000000,0.900730,2468,2740,50.000000,off
1765279985528,2025-12-09 19:33:05.528,224.079600,4.897034,23,15,2,-0.012235,0.009169,-0.040336,-0.237351,-0.189301,0.952789,-25.299150,1.792735,27.008950,-0.983669,-0.162123,-0.078034,0.000000,0.000000,0.000000,0.000000,0,0,3.918991,3.796494,0.010022,0.000045,-25.337080,1.784096,27.027580,358.771200,279.693400,358.399600,104.047200,98.172010,0.300000,1000.000000,0.900730,2468,2740,50.000000,off
1765279985540,2025-12-09 19:33:05.540,224.090700,4.908051,23,15,2,-0.012235,0.009169,-0.040336,-0.237351,-0.189301,0.952789,-25.298880,1.792754,27.008870,-0.983753,-0.161768,-0.077714,0.000000,0.000000,0.000000,0.000000,0,0,3.918991,3.796494,0.010022,0.000045,-25.336810,1.784126,27.027520,358.752400,279.713300,358.389700,104.047200,98.172010,0.300000,1000.000000,0.900730,2468,2740,50.000000,off
1765279985551,2025-12-09 19:33:05.551,224.101600,4.919037,23,15,2,-0.009259,0.009248,-0.040157,-0.231094,-0.186722,0.954834,-25.298340,1.792848,27.011720,-0.984720,-0.159040,-0.070786,0.000000,0.000000,0.000000,0.000000,0,0,3.947098,3.798096,0.009899,0.000001,-25.336590,1.784228,27.027410,358.738600,279.735900,358.377500,104.047200,98.172010,0.300000,1000.000000,0.900730,2468,2740,50.000000,off
1765279985562,2025-12-09 19:33:05.562,224.112700,4.930115,23,15,2,-0.007407,0.009298,-0.040048,-0.219955,-0.186905,0.957428,-25.297870,1.792913,27.013420,-0.985488,-0.159219,-0.058696,-35.727030,0.107944,26.392260,10.582650,Node14,NodeMarker,3.950241,3.805099,0.158395,0.000045,-25.336320,1.784300,27.027290,358.725600,279.777200,358.366000,104.047200,98.172010,0.300000,1000.000000,0.900730,2468,2740,50.000000,off
1765279985573,2025-12-09 19:33:05.573,224.124100,4.941483,23,15,2,-0.011983,0.009182,-0.040278,-0.224411,-0.190720,0.955643,-25.298150,1.792966,27.008780,-0.984665,-0.162710,-0.062827,-35.868030,0.046357,26.334360,10.734440,Node14,NodeMarker,3.943085,3.803787,0.160352,0.000011,-25.336030,1.784348,27.027230,358.715900,279.818300,358.348100,104.047200,98.172010,0.300000,1000.000000,0.900730,2468,2740,50.000000,off
1765279985584,2025-12-09 19:33:05.584,224.135100,4.952545,23,15,2,-0.011983,0.009182,-0.040278,-0.224411,-0.190720,0.955643,-25.297780,1.792986,27.008680,-0.984736,-0.162580,-0.062047,-35.836530,0.053035,26.344650,10.702040,Node14,NodeMarker,3.943085,3.803787,0.160352,0.000011,-25.335660,1.784365,27.027160,358.713100,279.867300,358.327700,104.047200,98.172010,0.300000,1000.000000,0.900730,2468,2740,50.000000,off
1765279985595,2025-12-09 19:33:05.595,224.146200,4.963593,23,15,2,-0.010485,0.009218,-0.040188,-0.222199,-0.189682,0.956360,-25.297340,1.792982,27.010070,-0.985127,-0.161299,-0.059024,-35.742660,0.082727,26.384240,10.602900,Node14,NodeMarker,3.974991,3.817749,0.009899,0.000011,-25.335370,1.784374,27.027080,358.699300,279.910300,358.312100,104.047200,98.172010,0.300000,1000.000000,0.900730,2468,2740,50.000000,off
1765279985607,2025-12-09 19:33:05.607,224.157400,4.974777,23,15,2,-0.028397,0.008918,-0.039128,-0.105560,0.084610,0.990799,-25.301160,1.793230,26.992540,-0.991453,0.110437,0.069352,0.000000,0.000000,0.000000,0.000000,0,0,4.148010,3.962112,0.000039,0.000000,-25.335050,1.784382,27.027040,358.682700,279.951100,358.312200,104.047200,98.172010,0.300000,1000.000000,0.900730,2468,2740,50.000000,off
1765279985618,2025-12-09 19:33:05.618,224.168300,4.985687,23,15,2,-0.028397,0.008918,-0.039128,-0.105560,0.084610,0.990799,-25.300910,1.793218,26.992440,-0.991363,0.110809,0.070041,0.000000,0.000000,0.000000,0.000000,0,0,4.148010,3.962112,0.000039,0.000000,-25.334780,1.784381,27.026960,358.661800,279.990800,358.306200,104.047200,98.172010,0.300000,1000.000000,0.900730,2468,2740,50.000000,off
1765279985629,2025-12-09 19:33:05.629,224.179300,4.996735,23,15,2,-0.011983,0.009182,-0.040278,-0.224411,-0.190720,0.955643,-25.296710,1.793026,27.008310,-0.985081,-0.161490,-0.059372,-35.755570,0.078447,26.377940,10.617200,Node14,NodeMarker,3.943085,3.803787,0.000038,0.000001,-25.334540,1.784442,27.026880,358.654700,280.026500,358.299800,104.047200,98.172010,0.300000,1000.000000,0.900730,2468,2740,50.000000,off
1765279985640,2025-12-09 19:33:05.640,224.190700,5.008072,23,15,2,-0.010485,0.009218,-0.040188,-0.222199,-0.189682,0.956360,-25.296210,1.792999,27.009750,-0.985448,-0.160240,-0.056489,-35.688360,0.103166,26.414040,10.545480,Node14,NodeMarker,3.974991,3.817749,0.000153,0.000001,-25.334200,1.784432,27.026860,358.638400,280.057700,358.302700,104.047200,98.172010,0.300000,1000.000000,0.900730,2468,2740,50.000000,off
1765279985651,2025-12-09 19:33:05.651,224.201900,5.019257,23,15,2,-0.029931,0.008847,-0.039022,-0.090027,0.094330,0.991455,-25.300440,1.793221,26.990710,-0.988811,0.120823,0.087412,0.000000,0.000000,0.000000,0.000000,0,0,4.079926,3.989594,0.000038,0.000011,-25.333880,1.784436,27.026780,358.618800,280.091200,358.303700,104.047200,98.172010,0.300000,1000.000000,0.900730,2468,2740,50.000000,off
1765279985661,2025-12-09 19:33:05.662,224.212700,5.030060,23,15,2,-0.029931,0.008847,-0.039022,-0.090027,0.094330,0.991455,-25.300140,1.793198,26.990660,-0.988726,0.121008,0.088115,0.000000,0.000000,0.000000,0.000000,0,0,4.079926,3.989594,0.000038,0.000011,-25.333560,1.784419,27.026760,358.608300,280.132000,358.301700,104.047200,98.172010,0.300000,1000.000000,0.900730,2468,2740,50.000000,off
1765279985673,2025-12-09 19:33:05.673,224.223900,5.041260,23,15,2,-0.029372,0.008784,-0.038807,-0.092468,0.102203,0.990448,-25.299960,1.793115,26.991140,-0.987862,0.128979,0.086465,0.000000,0.000000,0.000000,0.000000,0,0,4.116394,3.973740,0.000001,0.000000,-25.333240,1.784410,27.026670,358.605400,280.174200,358.298200,104.047200,98.172010,0.300000,1000.000000,0.900730,2468,2740,50.000000,off
1765279985684,2025-12-09 19:33:05.684,224.235000,5.052383,23,15,2,-0.018692,0.009131,-0.038492,-0.080902,0.110107,0.990616,-25.298140,1.793149,27.001600,-0.985658,0.136739,0.098839,0.000000,0.000000,0.000000,0.000000,0,0,4.155167,4.030533,0.000001,0.000000,-25.332980,1.784410,27.026590,358.594600,280.217800,358.287100,104.047200,98.172010,0.300000,1000.000000,0.900730,2468,2740,50.000000,off
1765279985695,2025-12-09 19:33:05.695,224.246000,5.063416,23,15,2,-0.018692,0.009131,-0.038492,-0.080902,0.110107,0.990616,-25.297820,1.793141,27.001500,-0.985577,0.136867,0.099471,0.000000,0.000000,0.000000,0.000000,0,0,4.155167,4.030533,0.000001,0.000000,-25.332640,1.784410,27.026520,358.586700,280.255400,358.293500,104.047200,98.172010,0.300000,1000.000000,0.900730,2468,2740,50.000000,off
1765279985706,2025-12-09 19:33:05.706,224.257100,5.074539,23,15,2,0.009980,0.010135,-0.037954,-0.050476,0.133423,0.989761,-25.292870,1.793337,27.029750,-0.978566,0.159403,0.130298,0.000000,0.000000,0.000000,0.000000,0,0,4.150833,3.954651,0.000603,0.000000,-25.332280,1.784450,27.026450,358.577200,280.282800,358.291700,104.047200,98.172010,0.300000,1000.000000,0.900730,2468,2740,50.000000,off
1765279985717,2025-12-09 19:33:05.717,224.268200,5.085617,23,15,2,-0.022029,0.009078,-0.038809,-0.084412,0.091324,0.992233,-25.297440,1.793204,26.997990,-0.988205,0.118623,0.096805,0.000000,0.000000,0.000000,0.000000,0,0,4.069565,3.997131,0.000153,0.000044,-25.331950,1.784449,27.026380,358.564600,280.311900,358.293000,104.047200,98.172010,0.300000,1000.000000,0.900730,2468,2740,50.000000,off
1765279985728,2025-12-09 19:33:05.728,224.279300,5.096725,23,15,2,-0.018692,0.009131,-0.038492,-0.080902,0.110107,0.990616,-25.296810,1.793190,27.001270,-0.985358,0.137442,0.100834,0.000000,0.000000,0.000000,0.000000,0,0,4.155167,4.030533,0.000010,0.000000,-25.331610,1.784481,27.026330,358.553300,280.335400,358.292900,104.047200,98.172010,0.300000,1000.000000,0.900730,2468,2740,50.000000,off
1765279985740,2025-12-09 19:33:05.740,224.290600,5.107956,23,15,2,-0.018692,0.009131,-0.038492,-0.080902,0.110107,0.990616,-25.296490,1.793148,27.001210,-0.985247,0.137783,0.101457,0.000000,0.000000,0.000000,0.000000,0,0,4.155167,4.030533,0.000010,0.000000,-25.331270,1.784452,27.026300,358.533600,280.372200,358.292700,104.047200,98.172010,0.300000,1000.000000,0.900730,2468,2740,50.000000,off
1765279985751,2025-12-09 19:33:05.751,224.301500,5.118927,23,15,2,0.009980,0.010135,-0.037954,-0.050476,0.133423,0.989761,-25.291500,1.793320,27.029450,-0.978136,0.160330,0.132366,0.000000,0.000000,0.000000,0.000000,0,0,4.150833,3.954651,0.000002,0.000000,-25.330920,1.784472,27.026230,358.524700,280.401300,358.260800,104.047200,98.172010,0.300000,1000.000000,0.900730,2468,2740,50.000000,off
1765279985762,2025-12-09 19:33:05.762,224.312600,5.130020,23,15,2,-0.017469,0.009230,-0.038704,-0.080353,0.093765,0.992340,-25.295390,1.793195,27.002270,-0.987141,0.122025,0.103196,0.000000,0.000000,0.000000,0.000000,0,0,4.073654,4.003082,0.000000,0.000000,-25.330580,1.784440,27.026220,358.507200,280.441500,358.227200,104.047200,98.172010,0.300000,1000.000000,0.900730,2468,2740,50.000000,off
1765279985773,2025-12-09 19:33:05.773,224.323800,5.141174,23,15,2,-0.017469,0.009230,-0.038704,-0.080353,0.093765,0.992340,-25.295030,1.793244,27.002190,-0.987064,0.122011,0.103954,0.000000,0.000000,0.000000,0.000000,0,0,4.073654,4.003082,0.000000,0.000000,-25.330200,1.784480,27.026160,358.509900,280.483100,358.202600,104.047200,98.172010,0.300000,1000.000000,0.900730,2468,2740,50.000000,off
1765279985784,2025-12-09 19:33:05.784,224.335000,5.152390,23,15,2,-0.012342,0.009395,-0.038546,-0.076080,0.098084,0.992264,-25.293950,1.793280,27.007150,-0.985942,0.126519,0.109119,0.000000,0.000000,0.000000,0.000000,0,0,4.077087,4.019150,0.000010,0.000000,-25.329890,1.784516,27.026080,358.492100,280.532200,358.186300,104.047200,98.172010,0.300000,1000.000000,0.900730,2468,2740,50.000000,off
1765279985795,2025-12-09 19:33:05.795,224.346000,5.163376,23,15,2,-0.009202,0.009493,-0.038439,-0.073715,0.099686,0.992279,-25.293080,1.793362,27.010210,-0.985395,0.127937,0.112325,0.000000,0.000000,0.000000,0.000000,0,0,4.079010,4.029846,0.000619,0.000011,-25.329470,1.784591,27.026060,358.498800,280.580000,358.180300,104.047200,98.172010,0.300000,1000.000000,0.900730,2468,2740,50.000000,off
1765279985806,2025-12-09 19:33:05.806,224.357100,5.174515,23,15,2,-0.005270,0.009567,-0.038169,-0.066513,0.111588,0.991516,-25.292260,1.793322,27.014020,-0.982785,0.139855,0.120639,0.000000,0.000000,0.000000,0.000000,0,0,4.102219,4.031860,0.000152,0.000043,-25.329100,1.784607,27.025990,358.482500,280.643200,358.186700,104.047200,98.172010,0.300000,1000.000000,0.900730,2468,2740,50.000000,off
1765279985817,2025-12-09 19:33:05.817,224.368200,5.185608,23,15,2,-0.005270,0.009567,-0.038169,-0.066513,0.111588,0.991516,-25.291950,1.793309,27.013940,-0.982605,0.140191,0.121710,0.000000,0.000000,0.000000,0.000000,0,0,4.102219,4.031860,0.000152,0.000043,-25.328780,1.784608,27.025960,358.462900,280.706300,358.188100,104.047200,98.172010,0.300000,1000.000000,0.900730,2468,2740,50.000000,off
1765279985829,2025-12-09 19:33:05.829,224.379300,5.196716,23,15,2,-0.001263,0.009696,-0.038051,-0.065506,0.115250,0.991165,-25.290980,1.793314,27.017830,-0.981729,0.144176,0.124109,0.000000,0.000000,0.000000,0.000000,0,0,4.096161,4.032013,0.000001,0.000000,-25.328420,1.784622,27.025940,358.441000,280.788400,358.196600,104.047200,98.172010,0.300000,1000.000000,0.900730,2468,2740,50.000000,off
1765279985840,2025-12-09 19:33:05.840,224.390500,5.207886,23,15,2,-0.009202,0.009493,-0.038439,-0.073715,0.099686,0.992279,-25.291740,1.793360,27.009880,-0.984605,0.129435,0.117424,0.000000,0.000000,0.000000,0.000000,0,0,4.079010,4.029846,0.000038,0.000000,-25.328060,1.784654,27.025920,358.409900,280.881800,358.209900,104.047200,98.172010,0.300000,1000.000000,0.900730,2468,2740,50.000000,off
1765279985851,2025-12-09 19:33:05.851,224.401500,5.218887,23,15,2,-0.005270,0.009567,-0.038169,-0.066513,0.111588,0.991516,-25.290910,1.793330,27.013740,-0.981830,0.141673,0.126171,0.000000,0.000000,0.000000,0.000000,0,0,4.102219,4.031860,0.000010,0.000000,-25.327690,1.784687,27.025930,358.376300,280.970000,358.197900,104.047200,98.172010,0.300000,1000.000000,0.900730,2468,2740,50.000000,off
1765279985862,2025-12-09 19:33:05.862,224.412600,5.229965,23,15,2,-0.005270,0.009567,-0.038169,-0.066513,0.111588,0.991516,-25.290510,1.793322,27.013650,-0.981553,0.142203,0.127720,0.000000,0.000000,0.000000,0.000000,0,0,4.102219,4.031860,0.000010,0.000000,-25.327280,1.784701,27.025900,358.345400,281.061500,358.200700,104.047200,98.172010,0.300000,1000.000000,0.900730,2468,2740,50.000000,off
1765279985873,2025-12-09 19:33:05.873,224.423800,5.241180,23,15,2,-0.000713,0.009718,-0.038044,-0.069305,0.112396,0.991242,-25.289380,1.793309,27.018090,-0.981512,0.143745,0.126362,0.000000,0.000000,0.000000,0.000000,0,0,4.097900,3.961639,0.000002,0.000000,-25.326890,1.784702,27.025890,358.307600,281.144800,358.198400,104.047200,98.172010,0.300000,1000.000000,0.900730,2468,2740,50.000000,off
1765279985884,2025-12-09 19:33:05.884,224.434900,5.252289,23,15,2,-0.028064,0.009071,-0.039333,-0.025940,0.113281,0.993210,-25.293020,1.793462,26.990920,-0.974726,0.143988,0.170730,0.000000,0.000000,0.000000,0.000000,0,0,4.032516,3.991638,0.000010,0.000000,-25.326470,1.784705,27.025860,358.269300,281.229700,358.195400,104.047200,98.172010,0.300000,1000.000000,0.900730,2468,2740,50.000000,off
1765279985895,2025-12-09 19:33:05.895,224.445900,5.263290,23,15,2,-0.028064,0.009071,-0.039333,-0.025940,0.113281,0.993210,-25.292660,1.793497,26.990830,-0.974419,0.144255,0.172252,0.000000,0.000000,0.000000,0.000000,0,0,4.032516,3.991638,0.000010,0.000000,-25.326060,1.784752,27.025830,358.253700,281.319900,358.198000,104.047200,98.172010,0.300000,1000.000000,0.900730,2468,2740,50.000000,off
1765279985906,2025-12-09 19:33:05.906,224.457000,5.274414,23,15,2,-0.031220,0.009083,-0.039600,0.011612,0.117340,0.993012,-25.292610,1.793568,26.987630,-0.966398,0.147581,0.210403,0.000000,0.000000,0.000000,0.000000,0,0,4.097397,3.884644,0.000010,0.000000,-25.325610,1.784739,27.025820,358.227200,281.396900,358.201000,104.047200,98.172010,0.300000,1000.000000,0.900730,2468,2740,50.000000,off
1765279985918,2025-12-09 19:33:05.918,224.468100,5.285538,23,15,2,-0.031268,0.009072,-0.039574,0.016953,0.120911,0.992508,-25.292300,1.793542,26.987480,-0.964317,0.151560,0.217027,0.000000,0.000000,0.000000,0.000000,0,0,4.062027,3.939041,0.000010,0.000000,-25.325210,1.784740,27.025760,358.192500,281.479900,358.190800,104.047200,98.172010,0.300000,1000.000000,0.900730,2468,2740,50.000000,off
1765279985928,2025-12-09 19:33:05.928,224.479200,5.296631,23,15,2,-0.014072,0.009687,-0.039335,0.043625,0.127289,0.990891,-25.288740,1.793616,27.004320,-0.956888,0.157458,0.244013,0.000000,0.000000,0.000000,0.000000,0,0,4.024994,3.889130,0.000615,0.000001,-25.324830,1.784752,27.025730,358.168100,281.541600,358.188700,104.047200,98.172010,0.300000,1000.000000,0.900730,2468,2740,50.000000,off
1765279985939,2025-12-09 19:33:05.939,224.490500,5.307861,23,15,2,-0.014072,0.009687,-0.039335,0.043625,0.127289,0.990891,-25.288360,1.793611,27.004220,-0.956519,0.157954,0.245136,0.000000,0.000000,0.000000,0.000000,0,0,4.024994,3.889130,0.000615,0.000001,-25.324420,1.784766,27.025680,358.139100,281.609200,358.184100,104.047200,98.172010,0.300000,1000.000000,0.900730,2468,2740,50.000000,off
1765279985950,2025-12-09 19:33:05.950,224.501500,5.318909,23,15,2,-0.031220,0.009083,-0.039600,0.011612,0.117340,0.993012,-25.291210,1.793569,26.987280,-0.965066,0.149725,0.214955,0.000000,0.000000,0.000000,0.000000,0,0,4.097397,3.884644,0.000038,0.000000,-25.324040,1.784808,27.025630,358.102500,281.666700,358.166700,104.047200,98.172010,0.300000,1000.000000,0.900730,2468,2740,50.000000,off
1765279985961,2025-12-09 19:33:05.961,224.512500,5.329926,23,15,2,-0.031268,0.009072,-0.039574,0.016953,0.120911,0.992508,-25.290940,1.793583,26.987160,-0.962989,0.153653,0.221407,0.000000,0.000000,0.000000,0.000000,0,0,4.062027,3.939041,0.000010,0.000000,-25.323700,1.784841,27.025580,358.070200,281.738600,358.144500,104.047200,98.172010,0.300000,1000.000000,0.900730,2468,2740,50.000000,off
1765279985972,2025-12-09 19:33:05.972,224.523700,5.341064,23,15,2,-0.031268,0.009072,-0.039574,0.016953,0.120911,0.992508,-25.290640,1.793602,26.987100,-0.962625,0.154361,0.222496,0.000000,0.000000,0.000000,0.000000,0,0,4.062027,3.939041,0.000010,0.000000,-25.323360,1.784870,27.025560,358.028300,281.800300,358.107600,104.047200,98.172010,0.300000,1000.000000,0.900730,2468,2740,50.000000,off
1765279985983,2025-12-09 19:33:05.983,224.534700,5.352127,23,15,2,-0.017324,0.009558,-0.039335,0.035416,0.123550,0.991699,-25.287690,1.793677,27.000700,-0.957610,0.156724,0.241677,0.000000,0.000000,0.000000,0.000000,0,0,4.028503,3.888580,0.000010,0.000000,-25.323020,1.784918,27.025490,358.006000,281.869500,358.075700,104.047200,98.172010,0.300000,1000.000000,0.900730,2468,2740,50.000000,off
1765279985995,2025-12-09 19:33:05.995,224.545900,5.363327,23,15,2,-0.011062,0.009788,-0.039289,0.047943,0.131287,0.990173,-25.286150,1.793713,27.006740,-0.952844,0.164262,0.255116,0.000000,0.000000,0.000000,0.000000,0,0,4.025833,3.890182,0.000038,0.000000,-25.322700,1.784940,27.025430,357.988200,281.945300,358.053200,104.047200,98.172010,0.300000,1000.000000,0.900730,2468,2740,50.000000,off
1765279986006,2025-12-09 19:33:06.006,224.557000,5.374435,23,15,2,-0.013223,0.009702,-0.039288,0.042801,0.126953,0.990982,-25.286290,1.793693,27.004540,-0.954485,0.160472,0.251398,0.000000,0.000000,0.000000,0.000000,0,0,4.022842,3.889832,0.000001,0.000003,-25.322360,1.784943,27.025390,357.967800,282.018800,358.033300,104.047200,98.172010,0.300000,1000.000000,0.900730,2468,2740,50.000000,off
1765279986017,2025-12-09 19:33:06.017,224.568200,5.385590,23,15,2,-0.013223,0.009702,-0.039288,0.042801,0.126953,0.990982,-25.285950,1.793679,27.004430,-0.954065,0.160768,0.252801,0.000000,0.000000,0.000000,0.000000,0,0,4.022842,3.889832,0.000001,0.000003,-25.322000,1.784940,27.025340,357.950300,282.103100,358.028600,104.047200,98.172010,0.300000,1000.000000,0.900730,2468,2740,50.000000,off
1765279986028,2025-12-09 19:33:06.028,224.579200,5.396622,23,15,2,-0.011398,0.009774,-0.039292,0.045593,0.127655,0.990768,-25.285240,1.793672,27.006130,-0.952889,0.161285,0.256878,0.000000,0.000000,0.000000,0.000000,0,0,3.949951,3.888962,0.000002,0.000003,-25.321640,1.784920,27.025300,357.954900,282.185200,358.026700,104.047200,98.172010,0.300000,1000.000000,0.900730,2468,2740,50.000000,off
1765279986039,2025-12-09 19:33:06.039,224.590300,5.407715,23,15,2,-0.020067,0.009443,-0.039343,0.023193,0.112351,0.993393,-25.286730,1.793643,26.997510,-0.960405,0.146908,0.236709,0.000000,0.000000,0.000000,0.000000,0,0,3.909348,3.886978,0.000002,0.000000,-25.321310,1.784930,27.025230,357.952600,282.279700,358.035700,104.047200,98.172010,0.300000,1000.000000,0.900730,2468,2740,50.000000,off
1765279986050,2025-12-09 19:33:06.050,224.601400,5.418793,23,15,2,-0.020067,0.009443,-0.039343,0.023193,0.112351,0.993393,-25.286380,1.793642,26.997450,-0.960028,0.146884,0.238245,0.000000,0.000000,0.000000,0.000000,0,0,3.909348,3.886978,0.000002,0.000000,-25.320910,1.784928,27.025220,357.954000,282.371300,358.035200,104.047200,98.172010,0.300000,1000.000000,0.900730,2468,2740,50.000000,off
1765279986061,2025-12-09 19:33:06.061,224.612500,5.429871,23,15,2,-0.013223,0.009702,-0.039288,0.042801,0.126953,0.990982,-25.284600,1.793681,27.004070,-0.952490,0.160317,0.258951,0.000000,0.000000,0.000000,0.000000,0,0,4.022842,3.889832,0.000002,0.000011,-25.320500,1.784924,27.025200,357.976600,282.471700,358.028100,104.047200,98.172010,0.300000,1000.000000,0.900730,2468,2740,50.000000,off
1765279986073,2025-12-09 19:33:06.073,224.623700,5.441086,23,15,2,-0.011398,0.009774,-0.039292,0.045593,0.127655,0.990768,-25.283820,1.793648,27.005740,-0.951111,0.161088,0.263507,0.000000,0.000000,0.000000,0.000000,0,0,3.949951,3.888962,0.000002,0.000000,-25.320090,1.784886,27.025160,357.966100,282.582900,358.020000,104.047200,98.172010,0.300000,1000.000000,0.900730,2468,2740,50.000000,off
1765279986084,2025-12-09 19:33:06.084,224.634800,5.452194,23,15,2,-0.019346,0.009478,-0.039369,0.015930,0.109940,0.993805,-25.285230,1.793650,26.997890,-0.960782,0.144462,0.236680,0.000000,0.000000,0.000000,0.000000,0,0,3.906342,3.885529,0.000001,0.000000,-25.319780,1.784913,27.025160,357.970000,282.697800,358.027900,104.047200,98.172010,0.300000,1000.000000,0.900730,2468,2740,50.000000,off
1765279986095,2025-12-09 19:33:06.095,224.645900,5.463257,23,15,2,-0.019346,0.009478,-0.039369,0.015930,0.109940,0.993805,-25.284940,1.793662,26.997860,-0.960300,0.144282,0.238738,0.000000,0.000000,0.000000,0.000000,0,0,3.906342,3.885529,0.000001,0.000000,-25.319430,1.784919,27.025210,357.980500,282.820700,358.032700,104.047200,98.172010,0.300000,1000.000000,0.900730,2468,2740,50.000000,off
1765279986106,2025-12-09 19:33:06.106,224.656900,5.474319,23,15,2,-0.006692,0.009959,-0.039339,0.032898,0.120804,0.992127,-25.281800,1.793701,27.010110,-0.953835,0.154907,0.257282,0.000000,0.000000,0.000000,0.000000,0,0,3.907547,3.883652,0.000001,0.000000,-25.319050,1.784928,27.025190,357.956500,282.948100,358.037000,104.047200,98.172010,0.300000,1000.000000,0.900730,2468,2740,50.000000,off
1765279986118,2025-12-09 19:33:06.118,224.668700,5.486130,23,15,2,-0.004376,0.010041,-0.039288,0.035187,0.118256,0.992355,-25.280960,1.793720,27.012340,-0.953092,0.152561,0.261404,0.000000,0.000000,0.000000,0.000000,0,0,3.902084,3.880386,0.000001,0.000000,-25.318660,1.784953,27.025220,357.941000,283.063500,358.040300,104.047200,98.172010,0.300000,1000.000000,0.900730,2468,2740,50.000000,off
1765279986128,2025-12-09 19:33:06.128,224.679200,5.496597,23,15,2,-0.004376,0.010041,-0.039288,0.035187,0.118256,0.992355,-25.280580,1.793766,27.012260,-0.952492,0.152754,0.263472,0.000000,0.000000,0.000000,0.000000,0,0,3.902084,3.880386,0.000001,0.000000,-25.318250,1.785007,27.025220,357.929900,283.188700,358.043200,104.047200,98.172010,0.300000,1000.000000,0.900730,2468,2740,50.000000,off
1765279986139,2025-12-09 19:33:06.139,224.690300,5.507721,23,15,2,-0.005925,0.009956,-0.039229,0.023148,0.116882,0.992874,-25.280640,1.793774,27.010670,-0.955162,0.151988,0.254089,0.000000,0.000000,0.000000,0.000000,0,0,3.927719,3.866165,0.000607,0.000001,-25.317860,1.785053,27.025220,357.919800,283.324300,358.045500,104.047200,98.172010,0.300000,1000.000000,0.900730,2468,2740,50.000000,off
1765279986151,2025-12-09 19:33:06.151,224.701500,5.518875,23,15,2,-0.006692,0.009959,-0.039339,0.032898,0.120804,0.992127,-25.280340,1.793818,27.009830,-0.951452,0.155950,0.265349,0.000000,0.000000,0.000000,0.000000,0,0,3.907547,3.883652,0.000002,0.000001,-25.317470,1.785088,27.025220,357.896500,283.437200,358.050900,104.047200,98.172010,0.300000,1000.000000,0.900730,2468,2740,50.000000,off
1765279986162,2025-12-09 19:33:06.162,224.712500,5.529861,23,15,2,-0.004376,0.010041,-0.039288,0.035187,0.118256,0.992355,-25.279480,1.793848,27.011990,-0.950532,0.153736,0.269899,0.000000,0.000000,0.000000,0.000000,0,0,3.902084,3.880386,0.000009,0.000011,-25.317060,1.785129,27.025210,357.873300,283.578700,358.050800,104.047200,98.172010,0.300000,1000.000000,0.900730,2468,2740,50.000000,off
1765279986173,2025-12-09 19:33:06.173,224.723600,5.540970,23,15,2,-0.004376,0.010041,-0.039288,0.035187,0.118256,0.992355,-25.279140,1.793828,27.011860,-0.949849,0.154180,0.272044,0.000000,0.000000,0.000000,0.000000,0,0,3.902084,3.880386,0.000009,0.000011,-25.316700,1.785127,27.025180,357.847200,283.708100,358.043500,104.047200,98.172010,0.300000,1000.000000,0.900730,2468,2740,50.000000,off
1765279986184,2025-12-09 19:33:06.184,224.734700,5.552109,23,15,2,-0.007656,0.009894,-0.039254,0.015625,0.115128,0.993225,-25.279630,1.793836,27.008590,-0.954817,0.152151,0.255282,0.000000,0.000000,0.000000,0.000000,0,0,3.928513,3.866119,0.000002,0.000000,-25.316350,1.785184,27.025170,357.824400,283.836100,358.048900,104.047200,98.172010,0.300000,1000.000000,0.900730,2468,2740,50.000000,off
1765279986195,2025-12-09 19:33:06.195,224.745900,5.563278,23,15,2,-0.004081,0.010014,-0.039175,0.018127,0.121231,0.992447,-25.278530,1.793888,27.011960,-0.952564,0.158426,0.259805,0.000000,0.000000,0.000000,0.000000,0,0,3.934158,3.886688,0.000000,0.000000,-25.315990,1.785248,27.025130,357.807500,283.965800,358.055200,104.047200,98.172010,0.300000,1000.000000,0.900730,2468,2740,50.000000,off
1765279986206,2025-12-09 19:33:06.206,224.757000,5.574432,23,15,2,-0.004081,0.010014,-0.039175,0.018127,0.121231,0.992447,-25.278190,1.793965,27.011850,-0.951956,0.158567,0.261940,0.000000,0.000000,0.000000,0.000000,0,0,3.934158,3.886688,0.000000,0.000000,-25.315620,1.785331,27.025110,357.799400,284.095300,358.060800,104.047200,98.172010,0.300000,1000.000000,0.900730,2468,2740,50.000000,off
1765279986217,2025-12-09 19:33:06.217,224.768200,5.585556,23,15,2,0.000126,0.010107,-0.038839,0.019836,0.125046,0.991943,-25.277130,1.793960,27.015940,-0.950284,0.162741,0.265438,0.000000,0.000000,0.000000,0.000000,0,0,3.938522,3.923553,0.000002,0.000178,-25.315250,1.785380,27.025110,357.773900,284.209500,358.062900,104.047200,98.172010,0.300000,1000.000000,0.900730,2468,2740,50.000000,off
1765279986229,2025-12-09 19:33:06.229,224.779300,5.596680,23,15,2,-0.001803,0.010033,-0.038847,0.014328,0.123016,0.992294,-25.277280,1.793984,27.013950,-0.951490,0.161227,0.262030,0.000000,0.000000,0.000000,0.000000,0,0,3.940811,3.923676,0.000002,0.000000,-25.314910,1.785426,27.025070,357.755700,284.324500,358.065300,104.047200,98.172010,0.300000,1000.000000,0.900730,2468,2740,50.000000,off
1765279986240,2025-12-09 19:33:06.240,224.790400,5.607788,23,15,2,-0.005469,0.009888,-0.038807,0.006927,0.115631,0.993256,-25.277880,1.793950,27.010310,-0.953992,0.154710,0.256786,0.000000,0.000000,0.000000,0.000000,0,0,3.962021,3.923508,0.000002,0.000000,-25.314540,1.785434,27.025050,357.722700,284.438300,358.073500,104.047200,98.172010,0.300000,1000.000000,0.900730,2468,2740,50.000000,off
1765279986251,2025-12-09 19:33:06.251,224.801600,5.618973,23,15,2,-0.005469,0.009888,-0.038807,0.006927,0.115631,0.993256,-25.277560,1.794003,27.010200,-0.953521,0.154887,0.258426,0.000000,0.000000,0.000000,0.000000,0,0,3.962021,3.923508,0.000002,0.000000,-25.314190,1.785495,27.025010,357.712500,284.537400,358.074600,104.047200,98.172010,0.300000,1000.000000,0.900730,2468,2740,50.000000,off
1765279986262,2025-12-09 19:33:06.262,224.812500,5.629929,23,15,2,-0.003517,0.009836,-0.038374,-0.006470,0.133270,0.991043,-25.277180,1.793965,27.012010,-0.953404,0.173201,0.246963,0.000000,0.000000,0.000000,0.000000,0,0,4.021835,3.900970,0.000155,0.000179,-25.313860,1.785570,27.024880,357.692800,284.638700,358.080100,104.047200,98.172010,0.300000,1000.000000,0.900730,2468,2740,50.000000,off
1765279986273,2025-12-09 19:33:06.273,224.823700,5.641098,23,15,2,-0.001803,0.010033,-0.038847,0.014328,0.123016,0.992294,-25.276020,1.794131,27.013340,-0.949400,0.162491,0.268744,0.000000,0.000000,0.000000,0.000000,0,0,3.940811,3.923676,0.000038,0.000001,-25.313580,1.785623,27.024740,357.682800,284.736000,358.094800,104.047200,98.172010,0.300000,1000.000000,0.900730,2468,2740,50.000000,off
1765279986284,2025-12-09 19:33:06.284,224.834800,5.652191,23,15,2,-0.005469,0.009888,-0.038807,0.006927,0.115631,0.993256,-25.276690,1.794122,27.009660,-0.952166,0.155700,0.262893,0.000000,0.000000,0.000000,0.000000,0,0,3.962021,3.923508,0.000002,0.000044,-25.313260,1.785649,27.024650,357.665700,284.812400,358.113600,104.047200,98.172010,0.300000,1000.000000,0.900730,2468,2740,50.000000,off
1765279986294,2025-12-09 19:33:06.294,224.845900,5.663315,23,14,2,-0.005469,0.009888,-0.038807,0.006927,0.115631,0.993256,-35.476440,1.794117,27.009560,-0.951768,0.156054,0.264122,0.000000,0.000000,0.000000,0.000000,0,0,3.962021,3.923508,0.000002,0.000044,-35.513000,1.785659,27.024600,357.645300,284.889200,358.129900,104.047200,98.172010,0.300000,1000.000000,0.900730,2468,2740,50.000000,off
1765279986305,2025-12-09 19:33:06.305,224.857000,5.674377,23,14,2,-0.002988,0.009844,-0.038326,-0.011246,0.126953,0.991837,-35.476040,1.794007,27.011940,-0.954193,0.168089,0.247478,0.000000,0.000000,0.000000,0.000000,0,0,4.024124,3.865631,0.000038,0.000011,-35.512740,1.785661,27.024510,357.634000,284.952900,358.134500,104.047200,98.172010,0.300000,1000.000000,0.900730,2468,2740,50.000000,off
1765279986317,2025-12-09 19:33:06.317,224.868200,5.685593,23,14,2,-0.006278,0.009772,-0.038528,-0.024872,0.121719,0.992249,-35.476430,1.794031,27.008540,-0.958005,0.163521,0.235540,0.000000,0.000000,0.000000,0.000000,0,0,4.039978,3.880173,0.000038,0.000011,-35.512460,1.785668,27.024380,357.622000,285.029400,358.156400,104.047200,98.172010,0.300000,1000.000000,0.900730,2468,2740,50.000000,off
1765279986328,2025-12-09 19:33:06.328,224.879300,5.696671,23,14,2,-0.006278,0.009772,-0.038528,-0.024872,0.121719,0.992249,-35.476230,1.794023,27.008400,-0.957743,0.163668,0.236500,0.000000,0.000000,0.000000,0.000000,0,0,4.039978,3.880173,0.000038,0.000011,-35.512250,1.785667,27.024290,357.613500,285.087400,358.157700,104.047200,98.172010,0.300000,1000.000000,0.900730,2468,2740,50.000000,off
1765279986339,2025-12-09 19:33:06.339,224.890400,5.707764,23,14,2,-0.022955,0.009222,-0.038934,-0.069382,0.090317,0.993485,-35.479950,1.793935,26.992040,-0.971745,0.133901,0.194331,0.000000,0.000000,0.000000,0.000000,0,0,4.027069,3.867538,0.000038,0.000000,-35.511990,1.785612,27.024170,357.607400,285.152800,358.152900,104.047200,98.172010,0.300000,1000.000000,0.900730,2468,2740,50.000000,off
1765279986350,2025-12-09 19:33:06.350,224.901500,5.718872,23,14,2,-0.024471,0.009135,-0.038855,-0.082657,0.086334,0.992828,-35.480220,1.793868,26.990430,-0.974565,0.130523,0.182155,0.000000,0.000000,0.000000,0.000000,0,0,4.070190,3.899933,0.000038,0.000000,-35.511750,1.785583,27.024040,357.596600,285.204400,358.142400,104.047200,98.172010,0.300000,1000.000000,0.900730,2468,2740,50.000000,off
1765279986361,2025-12-09 19:33:06.361,224.912600,5.729980,23,14,2,-0.006278,0.009772,-0.038528,-0.024872,0.121719,0.992249,-35.475520,1.793926,27.007910,-0.957078,0.163831,0.239068,0.000000,0.000000,0.000000,0.000000,0,0,4.039978,3.880173,0.000615,0.000001,-35.511500,1.785574,27.023890,357.604300,285.239200,358.139300,104.047200,98.172010,0.300000,1000.000000,0.900730,2468,2740,50.000000,off
1765279986373,2025-12-09 19:33:06.373,224.924100,5.741501,23,14,2,-0.006278,0.009772,-0.038528,-0.024872,0.121719,0.992249,-35.475330,1.793856,27.007760,-0.956973,0.163868,0.239459,0.000000,0.000000,0.000000,0.000000,0,0,4.039978,3.880173,0.000615,0.000001,-35.511300,1.785506,27.023750,357.602200,285.262800,358.140000,104.047200,98.172010,0.300000,1000.000000,0.900730,2468,2740,50.000000,off
1765279986383,2025-12-09 19:33:06.383,224.934800,5.752151,23,14,2,-0.022955,0.009222,-0.038934,-0.069382,0.090317,0.993485,-35.479120,1.793823,26.991390,-0.971297,0.133770,0.196647,0.000000,0.000000,0.000000,0.000000,0,0,4.027069,3.867538,0.000153,0.000011,-35.511070,1.785494,27.023600,357.615200,285.288800,358.149000,104.047200,98.172010,0.300000,1000.000000,0.900730,2468,2740,50.000000,off
1765279986395,2025-12-09 19:33:06.395,224.945900,5.763275,23,14,2,-0.023631,0.009166,-0.038845,-0.080658,0.085312,0.993073,-35.479170,1.793739,26.990600,-0.974088,0.128796,0.185853,0.000000,0.000000,0.000000,0.000000,0,0,4.059814,3.902359,0.000038,0.000011,-35.510840,1.785440,27.023460,357.631700,285.307700,358.177100,104.047200,98.172010,0.300000,1000.000000,0.900730,2468,2740,50.000000,off
1765279986406,2025-12-09 19:33:06.406,224.957000,5.774368,23,14,2,-0.023631,0.009166,-0.038845,-0.080658,0.085312,0.993073,-35.478940,1.793682,26.990400,-0.974096,0.128546,0.185983,0.000000,0.000000,0.000000,0.000000,0,0,4.059814,3.902359,0.000038,0.000011,-35.510600,1.785380,27.023270,357.644800,285.316400,358.194300,104.047200,98.172010,0.300000,1000.000000,0.900730,2468,2740,50.000000,off
1765279986417,2025-12-09 19:33:06.417,224.968100,5.785461,23,14,2,-0.012849,0.009552,-0.038713,-0.073914,0.093338,0.992874,-35.475950,1.793683,27.000630,-0.971741,0.136336,0.192631,0.000000,0.000000,0.000000,0.000000,0,0,4.054047,3.923920,0.000152,0.000001,-35.510330,1.785340,27.023060,357.642500,285.322300,358.231200,104.047200,98.172010,0.300000,1000.000000,0.900730,2468,2740,50.000000,off
1765279986428,2025-12-09 19:33:06.428,224.979100,5.796524,23,14,2,-0.006192,0.009790,-0.038627,-0.072128,0.097961,0.992569,-35.474030,1.793690,27.006890,-0.970775,0.140820,0.194313,0.000000,0.000000,0.000000,0.000000,0,0,4.056152,3.944641,0.000152,0.000001,-35.510090,1.785310,27.022870,357.645200,285.321000,358.246800,104.047200,98.172010,0.300000,1000.000000,0.900730,2468,2740,50.000000,off
1765279986439,2025-12-09 19:33:06.439,224.990200,5.807632,23,14,2,-0.004225,0.009859,-0.038599,-0.074707,0.100372,0.992127,-35.473300,1.793705,27.008610,-0.970933,0.143213,0.191705,0.000000,0.000000,0.000000,0.000000,0,0,4.073288,3.948563,0.000038,0.000003,-35.509850,1.785313,27.022690,357.649000,285.318800,358.255500,104.047200,98.172010,0.300000,1000.000000,0.900730,2468,2740,50.000000,off
1765279986450,2025-12-09 19:33:06.450,225.001400,5.818756,23,14,2,-0.004225,0.009859,-0.038599,-0.074707,0.100372,0.992127,-35.473080,1.793687,27.008400,-0.970886,0.143375,0.191818,0.000000,0.000000,0.000000,0.000000,0,0,4.073288,3.948563,0.000038,0.000003,-35.509630,1.785303,27.022490,357.638700,285.327100,358.267200,104.047200,98.172010,0.300000,1000.000000,0.900730,2468,2740,50.000000,off
1765279986461,2025-12-09 19:33:06.461,225.012400,5.829834,23,14,2,-0.001036,0.009977,-0.038630,-0.075745,0.107987,0.991257,-35.471950,1.793752,27.011280,-0.969971,0.151147,0.190521,0.000000,0.000000,0.000000,0.000000,0,0,4.080704,3.951920,0.000038,0.000011,-35.509380,1.785355,27.022290,357.628300,285.315900,358.271900,104.047200,98.172010,0.300000,1000.000000,0.900730,2468,2740,50.000000,off
1765279986472,2025-12-09 19:33:06.473,225.023600,5.840958,23,14,2,-0.006192,0.009790,-0.038627,-0.072128,0.097961,0.992569,-35.473110,1.793750,27.006090,-0.970711,0.141437,0.194185,0.000000,0.000000,0.000000,0.000000,0,0,4.056152,3.944641,0.000619,0.000001,-35.509170,1.785400,27.022080,357.606900,285.318400,358.282100,104.047200,98.172010,0.300000,1000.000000,0.900730,2468,2740,50.000000,off
1765279986484,2025-12-09 19:33:06.484,225.034900,5.852310,23,14,2,-0.006192,0.009790,-0.038627,-0.072128,0.097961,0.992569,-35.472880,1.793774,27.005930,-0.970714,0.142078,0.193699,0.000000,0.000000,0.000000,0.000000,0,0,4.056152,3.944641,0.000619,0.000001,-35.508960,1.785453,27.021910,357.568000,285.293700,358.307000,104.047200,98.172010,0.300000,1000.000000,0.900730,2468,2740,50.000000,off
1765279986495,2025-12-09 19:33:06.495,225.046000,5.863403,23,14,2,-0.004225,0.009859,-0.038599,-0.074707,0.100372,0.992127,-35.472140,1.793808,27.007640,-0.970841,0.144974,0.190845,0.000000,0.000000,0.000000,0.000000,0,0,4.073288,3.948563,0.000010,0.000001,-35.508720,1.785493,27.021720,357.541800,285.279100,358.322800,104.047200,98.172010,0.300000,1000.000000,0.900730,2468,2740,50.000000,off
1765279986506,2025-12-09 19:33:06.506,225.057000,5.874420,23,14,2,-0.001520,0.009961,-0.038638,-0.077820,0.108139,0.991074,-35.471150,1.793878,27.010050,-0.970244,0.153211,0.187428,0.000000,0.000000,0.000000,0.000000,0,0,4.080917,3.952515,0.000010,0.000003,-35.508480,1.785562,27.021510,357.515100,285.266300,358.341100,104.047200,98.172010,0.300000,1000.000000,0.900730,2468,2740,50.000000,off
1765279986517,2025-12-09 19:33:06.517,225.068000,5.885376,23,14,2,-0.001230,0.009971,-0.038646,-0.074844,0.111038,0.990982,-35.470810,1.793932,27.010120,-0.969200,0.156583,0.190025,0.000000,0.000000,0.000000,0.000000,0,0,4.084091,3.963959,0.000000,0.000000,-35.508240,1.785637,27.021310,357.481000,285.252100,358.358100,104.047200,98.172010,0.300000,1000.000000,0.900730,2468,2740,50.000000,off
1765279986528,2025-12-09 19:33:06.528,225.079200,5.896561,23,14,2,-0.001230,0.009971,-0.038646,-0.074844,0.111038,0.990982,-35.470550,1.794010,27.009980,-0.969212,0.157062,0.189569,0.000000,0.000000,0.000000,0.000000,0,0,4.084091,3.963959,0.000000,0.000000,-35.507980,1.785735,27.021150,357.451700,285.228600,358.377600,104.047200,98.172010,0.300000,1000.000000,0.900730,2468,2740,50.000000,off
1765279986539,2025-12-09 19:33:06.539,225.090300,5.907669,23,14,2,-0.000627,0.009996,-0.038641,-0.073914,0.110825,0.991074,-35.470080,1.794039,27.010430,-0.969018,0.157502,0.190184,0.000000,0.000000,0.000000,0.000000,0,0,4.102524,3.955551,0.000000,0.000000,-35.507680,1.785784,27.021020,357.411400,285.213700,358.390300,104.047200,98.172010,0.300000,1000.000000,0.900730,2468,2740,50.000000,off
1765279986551,2025-12-09 19:33:06.551,225.101500,5.918900,23,14,2,-0.000858,0.009996,-0.038664,-0.075089,0.109360,0.991150,-35.469850,1.794082,27.010110,-0.969430,0.156674,0.188770,0.000000,0.000000,0.000000,0.000000,0,0,4.092209,3.960114,0.000010,0.000000,-35.507420,1.785846,27.020910,357.376400,285.199100,358.393100,104.047200,98.172010,0.300000,1000.000000,0.900730,2468,2740,50.000000,off
1765279986562,2025-12-09 19:33:06.562,225.112500,5.929947,23,14,2,-0.002941,0.009937,-0.038719,-0.079803,0.107330,0.991013,-35.470070,1.794127,27.007970,-0.970566,0.155418,0.183963,0.000000,0.000000,0.000000,0.000000,0,0,4.116714,3.984207,0.000151,0.000000,-35.507150,1.785919,27.020790,357.339500,285.188700,358.386300,104.047200,98.172010,0.300000,1000.000000,0.900730,2468,2740,50.000000,off
1765279986573,2025-12-09 19:33:06.573,225.123800,5.941193,23,14,2,-0.002941,0.009937,-0.038719,-0.079803,0.107330,0.991013,-35.469800,1.794131,27.007910,-0.970464,0.156142,0.183885,0.000000,0.000000,0.000000,0.000000,0,0,4.116714,3.984207,0.000151,0.000000,-35.506890,1.785951,27.020730,357.298100,285.184800,358.377400,104.047200,98.172010,0.300000,1000.000000,0.900730,2468,2740,50.000000,off
1765279986584,2025-12-09 19:33:06.584,225.134700,5.952118,23,14,2,-0.000627,0.009996,-0.038641,-0.073914,0.110825,0.991074,-35.468970,1.794198,27.010050,-0.968712,0.160012,0.189647,0.000000,0.000000,0.000000,0.000000,0,0,4.102524,3.955551,0.000010,0.000000,-35.506590,1.786042,27.020620,357.267100,285.185500,358.366400,104.047200,98.172010,0.300000,1000.000000,0.900730,2468,2740,50.000000,off
1765279986595,2025-12-09 19:33:06.595,225.145800,5.963226,23,14,2,-0.000858,0.009996,-0.038664,-0.075089,0.109360,0.991150,-35.468670,1.794216,27.009740,-0.969029,0.159256,0.188670,0.000000,0.000000,0.000000,0.000000,0,0,4.092209,3.960114,0.000009,0.000000,-35.506260,1.786080,27.020530,357.228900,285.195600,358.357200,104.047200,98.172010,0.300000,1000.000000,0.900730,2468,2740,50.000000,off
1765279986606,2025-12-09 19:33:06.606,225.156900,5.974289,23,14,2,-0.000858,0.009996,-0.038664,-0.075089,0.109360,0.991150,-35.468360,1.794279,27.009690,-0.968891,0.159943,0.188795,0.000000,0.000000,0.000000,0.000000,0,0,4.092209,3.960114,0.000009,0.000000,-35.505950,1.786170,27.020500,357.189700,285.203500,358.346700,104.047200,98.172010,0.300000,1000.000000,0.900730,2468,2740,50.000000,off
1765279986617,2025-12-09 19:33:06.617,225.168000,5.985443,23,14,2,-0.002039,0.009972,-0.038728,-0.079056,0.109604,0.990814,-35.468280,1.794306,27.008470,-0.969473,0.160736,0.185101,0.000000,0.000000,0.000000,0.000000,0,0,4.127502,3.990189,0.000615,0.000001,-35.505630,1.786209,27.020440,357.163600,285.217100,358.343400,104.047200,98.172010,0.300000,1000.000000,0.900730,2468,2740,50.000000,off
1765279986629,2025-12-09 19:33:06.629,225.179300,5.996674,23,14,2,-0.001926,0.009981,-0.038724,-0.078339,0.107239,0.991135,-35.467960,1.794387,27.008540,-0.969623,0.158913,0.185915,0.000000,0.000000,0.000000,0.000000,0,0,4.127609,3.995026,0.000619,0.000000,-35.505340,1.786304,27.020400,357.132600,285.222000,358.335900,104.047200,98.172010,0.300000,1000.000000,0.900730,2468,2740,50.000000,off
1765279986640,2025-12-09 19:33:06.640,225.190200,6.007629,23,14,2,-0.001926,0.009981,-0.038724,-0.078339,0.107239,0.991135,-35.467660,1.794406,27.008490,-0.969409,0.159599,0.186439,0.000000,0.000000,0.000000,0.000000,0,0,4.127609,3.995026,0.000619,0.000000,-35.505030,1.786349,27.020370,357.094100,285.252600,358.317100,104.047200,98.172010,0.300000,1000.000000,0.900730,2468,2740,50.000000,off
1765279986651,2025-12-09 19:33:06.651,225.201500,6.018890,23,14,2,-0.001538,0.009995,-0.038721,-0.077789,0.107971,0.991104,-35.467160,1.794446,27.008820,-0.969039,0.160787,0.187372,0.000000,0.000000,0.000000,0.000000,0,0,4.129044,3.995117,0.000615,0.000000,-35.504630,1.786404,27.020340,357.067700,285.275500,358.300000,104.047200,98.172010,0.300000,1000.000000,0.900730,2468,2740,50.000000,off
1765279986662,2025-12-09 19:33:06.662,225.212500,6.029907,23,14,2,-0.003249,0.009938,-0.038799,-0.079147,0.108948,0.990891,-35.467180,1.794502,27.007120,-0.968896,0.162351,0.186762,0.000000,0.000000,0.000000,0.000000,0,0,4.130325,3.994034,0.000038,0.000003,-35.504280,1.786490,27.020340,357.036700,285.318500,358.279700,104.047200,98.172010,0.300000,1000.000000,0.900730,2468,2740,50.000000,off
1765279986672,2025-12-09 19:33:06.672,225.223600,6.040985,23,14,2,-0.013174,0.009609,-0.039031,-0.092346,0.094360,0.991242,-35.469210,1.794477,26.997500,-0.973382,0.148655,0.174418,0.000000,0.000000,0.000000,0.000000,0,0,4.140854,4.012817,0.000002,0.000000,-35.503890,1.786520,27.020370,357.012400,285.347900,358.258900,104.047200,98.172010,0.300000,1000.000000,0.900730,2468,2740,50.000000,off
1765279986683,2025-12-09 19:33:06.683,225.234600,6.052048,23,14,2,-0.013174,0.009609,-0.039031,-0.092346,0.094360,0.991242,-35.468880,1.794498,26.997440,-0.973205,0.149084,0.175037,0.000000,0.000000,0.000000,0.000000,0,0,4.140854,4.012817,0.000002,0.000000,-35.503560,1.786550,27.020330,356.990000,285.382400,358.229500,104.047200,98.172010,0.300000,1000.000000,0.900730,2468,2740,50.000000,off
1765279986694,2025-12-09 19:33:06.694,225.245800,6.063232,23,14,2,-0.001538,0.009995,-0.038721,-0.077789,0.107971,0.991104,-35.465770,1.794542,27.008740,-0.968183,0.162992,0.189874,0.000000,0.000000,0.000000,0.000000,0,0,4.129044,3.995117,0.000009,0.000044,-35.503230,1.786581,27.020340,356.945900,285.419500,358.213200,104.047200,98.172010,0.300000,1000.000000,0.900730,2468,2740,50.000000,off
1765279986705,2025-12-09 19:33:06.706,225.257000,6.074356,23,14,2,-0.003249,0.009938,-0.038799,-0.079147,0.108948,0.990891,-35.465810,1.794583,27.007040,-0.968074,0.164635,0.189014,0.000000,0.000000,0.000000,0.000000,0,0,4.130325,3.994034,0.000154,0.000000,-35.502890,1.786654,27.020330,356.909800,285.448700,358.200200,104.047200,98.172010,0.300000,1000.000000,0.900730,2468,2740,50.000000,off
1765279986717,2025-12-09 19:33:06.717,225.268000,6.085434,23,14,2,-0.014091,0.009574,-0.039053,-0.093567,0.093948,0.991165,-35.468070,1.794573,26.996490,-0.972829,0.151071,0.175418,0.000000,0.000000,0.000000,0.000000,0,0,4.140503,4.013992,0.000038,0.000000,-35.502500,1.786717,27.020330,356.855800,285.477800,358.193000,104.047200,98.172010,0.300000,1000.000000,0.900730,2468,2740,50.000000,off
1765279986728,2025-12-09 19:33:06.728,225.279000,6.096390,23,14,2,-0.014091,0.009574,-0.039053,-0.093567,0.093948,0.991165,-35.467820,1.794615,26.996530,-0.972664,0.151755,0.175742,0.000000,0.000000,0.000000,0.000000,0,0,4.140503,4.013992,0.000038,0.000000,-35.502250,1.786786,27.020370,356.816100,285.498400,358.191100,104.047200,98.172010,0.300000,1000.000000,0.900730,2468,2740,50.000000,off
1765279986739,2025-12-09 19:33:06.739,225.290200,6.107574,23,14,2,-0.009877,0.009696,-0.038938,-0.091476,0.101929,0.990570,-35.466480,1.794649,27.000590,-0.970834,0.160463,0.178099,0.000000,0.000000,0.000000,0.000000,0,0,4.152298,4.038086,0.000038,0.000000,-35.501920,1.786857,27.020360,356.767500,285.522300,358.186600,104.047200,98.172010,0.300000,1000.000000,0.900730,2468,2740,50.000000,off
1765279986750,2025-12-09 19:33:06.750,225.301300,6.118668,23,14,2,-0.004907,0.009858,-0.038807,-0.086060,0.102707,0.990967,-35.464990,1.794730,27.005380,-0.969561,0.161817,0.183677,0.000000,0.000000,0.000000,0.000000,0,0,4.162186,4.038086,0.000002,0.000003,-35.501640,1.786955,27.020340,356.724500,285.539100,358.193500,104.047200,98.172010,0.300000,1000.000000,0.900730,2468,2740,50.000000,off
1765279986761,2025-12-09 19:33:06.761,225.312300,6.129700,23,14,2,-0.004907,0.009858,-0.038807,-0.086060,0.102707,0.990967,-35.464680,1.794782,27.005350,-0.969383,0.162552,0.183967,0.000000,0.000000,0.000000,0.000000,0,0,4.162186,4.038086,0.000002,0.000003,-35.501320,1.787035,27.020320,356.682800,285.556900,358.181100,104.047200,98.172010,0.300000,1000.000000,0.900730,2468,2740,50.000000,off
1765279986773,2025-12-09 19:33:06.773,225.323500,6.140854,23,14,2,-0.006992,0.009784,-0.038853,-0.089401,0.100037,0.990952,-35.464860,1.794797,27.003330,-0.970213,0.160874,0.181084,0.000000,0.000000,0.000000,0.000000,0,0,4.165009,4.037567,0.000010,0.000003,-35.501000,1.787095,27.020330,356.632600,285.580200,358.167400,104.047200,98.172010,0.300000,1000.000000,0.900730,2468,2740,50.000000,off
1765279986784,2025-12-09 19:33:06.784,225.334600,6.151993,23,14,2,-0.002342,0.009927,-0.038719,-0.083603,0.099289,0.991531,-35.463420,1.794861,27.007820,-0.969103,0.160826,0.186969,0.000000,0.000000,0.000000,0.000000,0,0,4.200684,4.070648,0.000010,0.000003,-35.500680,1.787189,27.020320,356.583400,285.591300,358.164700,104.047200,98.172010,0.300000,1000.000000,0.900730,2468,2740,50.000000,off
1765279986795,2025-12-09 19:33:06.795,225.345700,6.163132,23,14,2,-0.004907,0.009858,-0.038807,-0.086060,0.102707,0.990967,-35.463770,1.794970,27.005290,-0.968785,0.165243,0.184720,0.000000,0.000000,0.000000,0.000000,0,0,4.162186,4.038086,0.000611,0.000011,-35.500420,1.787329,27.020290,356.527100,285.607000,358.166600,104.047200,98.172010,0.300000,1000.000000,0.900730,2468,2740,50.000000,off
1765279986806,2025-12-09 19:33:06.806,225.356800,6.174225,23,14,2,-0.004907,0.009858,-0.038807,-0.086060,0.102707,0.990967,-35.463470,1.795031,27.005270,-0.968618,0.166029,0.184888,0.000000,0.000000,0.000000,0.000000,0,0,4.162186,4.038086,0.000611,0.000011,-35.500130,1.787421,27.020280,356.481400,285.618800,358.164900,104.047200,98.172010,0.300000,1000.000000,0.900730,2468,2740,50.000000,off
1765279986817,2025-12-09 19:33:06.817,225.368000,6.185379,23,14,2,-0.006992,0.009784,-0.038853,-0.089401,0.100037,0.990952,-35.463710,1.795078,27.003230,-0.969497,0.164415,0.181736,0.000000,0.000000,0.000000,0.000000,0,0,4.165009,4.037567,0.000154,0.000001,-35.499860,1.787518,27.020270,356.425600,285.628700,358.173900,104.047200,98.172010,0.300000,1000.000000,0.900730,2468,2740,50.000000,off
1765279986828,2025-12-09 19:33:06.828,225.379000,6.196350,23,14,2,-0.003238,0.009896,-0.038734,-0.083298,0.094299,0.992050,-35.462580,1.795155,27.006820,-0.969188,0.159242,0.187912,0.000000,0.000000,0.000000,0.000000,0,0,4.218719,4.069427,0.000038,0.000003,-35.499620,1.787624,27.020230,356.385200,285.636600,358.187000,104.047200,98.172010,0.300000,1000.000000,0.900730,2468,2740,50.000000,off
1765279986839,2025-12-09 19:33:06.839,225.390200,6.207550,23,14,2,-0.003238,0.009896,-0.038734,-0.083298,0.094299,0.992050,-35.462280,1.795239,27.006800,-0.969075,0.159927,0.187916,0.000000,0.000000,0.000000,0.000000,0,0,4.218719,4.069427,0.000038,0.000003,-35.499330,1.787734,27.020200,356.345700,285.638100,358.181900,104.047200,98.172010,0.300000,1000.000000,0.900730,2468,2740,50.000000,off
1765279986850,2025-12-09 19:33:06.850,225.401200,6.218582,23,14,2,-0.003203,0.009895,-0.038737,-0.081863,0.095139,0.992081,-35.461960,1.795317,27.006850,-0.968572,0.161570,0.189050,0.000000,0.000000,0.000000,0.000000,0,0,4.218948,4.069611,0.000002,0.000000,-35.499030,1.787848,27.020210,356.296400,285.624300,358.179600,104.047200,98.172010,0.300000,1000.000000,0.900730,2468,2740,50.000000,off
1765279986861,2025-12-09 19:33:06.861,225.412300,6.229706,23,14,2,-0.006262,0.009792,-0.038812,-0.089844,0.091034,0.991776,-35.462420,1.795367,27.003830,-0.970537,0.158568,0.181363,0.000000,0.000000,0.000000,0.000000,0,0,4.220169,4.058273,0.000155,0.000011,-35.498740,1.787941,27.020170,356.247300,285.633500,358.170100,104.047200,98.172010,0.300000,1000.000000,0.900730,2468,2740,50.000000,off
1765279986872,2025-12-09 19:33:06.872,225.423500,6.240921,23,14,2,-0.005899,0.009793,-0.038784,-0.089340,0.093384,0.991608,-35.462080,1.795417,27.004210,-0.969993,0.161715,0.181522,0.000000,0.000000,0.000000,0.000000,0,0,4.240677,4.077057,0.000037,0.000003,-35.498490,1.788036,27.020180,356.197400,285.619000,358.187100,104.047200,98.172010,0.300000,1000.000000,0.900730,2468,2740,50.000000,off
1765279986883,2025-12-09 19:33:06.883,225.434500,6.251907,23,14,2,-0.005899,0.009793,-0.038784,-0.089340,0.093384,0.991608,-35.461820,1.795490,27.004200,-0.969877,0.162499,0.181442,0.000000,0.000000,0.000000,0.000000,0,0,4.240677,4.077057,0.000037,0.000003,-35.498230,1.788140,27.020170,356.152200,285.615700,358.180300,104.047200,98.172010,0.300000,1000.000000,0.900730,2468,2740,50.000000,off
1765279986894,2025-12-09 19:33:06.894,225.445600,6.262985,23,14,2,-0.005906,0.009790,-0.038792,-0.087814,0.094009,0.991684,-35.461540,1.795589,27.004220,-0.969384,0.163869,0.182835,0.000000,0.000000,0.000000,0.000000,0,0,4.249908,4.078659,0.000611,0.000044,-35.497960,1.788273,27.020210,356.106400,285.611400,358.178800,104.047200,98.172010,0.300000,1000.000000,0.900730,2468,2740,50.000000,off
1765279986906,2025-12-09 19:33:06.906,225.456700,6.274109,23,14,2,0.002117,0.010060,-0.038673,-0.079529,0.091354,0.992630,-35.459240,1.795622,27.012030,-0.968144,0.161918,0.190959,0.000000,0.000000,0.000000,0.000000,0,0,4.273163,4.102661,0.000152,0.000011,-35.497720,1.788319,27.020250,356.054600,285.608800,358.175300,104.047200,98.172010,0.300000,1000.000000,0.900730,2468,2740,50.000000,off
1765279986917,2025-12-09 19:33:06.917,225.467900,6.285263,23,14,2,0.002117,0.010060,-0.038673,-0.079529,0.091354,0.992630,-35.459000,1.795676,27.012040,-0.967983,0.162612,0.191182,0.000000,0.000000,0.000000,0.000000,0,0,4.273163,4.102661,0.000152,0.000011,-35.497480,1.788400,27.020260,356.017200,285.620100,358.135700,104.047200,98.172010,0.300000,1000.000000,0.900730,2468,2740,50.000000,off
1765279986928,2025-12-09 19:33:06.928,225.478800,6.296219,23,14,2,-0.005899,0.009793,-0.038784,-0.089340,0.093384,0.991608,-35.460750,1.795695,27.004310,-0.969359,0.165434,0.181556,0.000000,0.000000,0.000000,0.000000,0,0,4.240677,4.077057,0.000153,0.000000,-35.497190,1.788451,27.020290,355.987500,285.623000,358.106900,104.047200,98.172010,0.300000,1000.000000,0.900730,2468,2740,50.000000,off
1765279986939,2025-12-09 19:33:06.939,225.490000,6.307404,23,14,2,-0.005906,0.009790,-0.038792,-0.087814,0.094009,0.991684,-35.460520,1.795751,27.004310,-0.968851,0.166293,0.183468,0.000000,0.000000,0.000000,0.000000,0,0,4.249908,4.078659,0.000038,0.000001,-35.496960,1.788515,27.020310,355.974500,285.644500,358.069200,104.047200,98.172010,0.300000,1000.000000,0.900730,2468,2740,50.000000,off
1765279986950,2025-12-09 19:33:06.950,225.501100,6.318512,23,14,2,0.001571,0.010040,-0.038683,-0.085083,0.088547,0.992416,-35.458380,1.795800,27.011590,-0.969133,0.161209,0.186447,0.000000,0.000000,0.000000,0.000000,0,0,4.274338,4.104523,0.000001,0.000001,-35.496730,1.788574,27.020350,355.953100,285.656600,358.044300,104.047200,98.172010,0.300000,1000.000000,0.900730,2468,2740,50.000000,off
1765279986961,2025-12-09 19:33:06.961,225.512200,6.329590,23,14,2,0.001571,0.010040,-0.038683,-0.085083,0.088547,0.992416,-35.458140,1.795811,27.011620,-0.969064,0.161379,0.186658,0.000000,0.000000,0.000000,0.000000,0,0,4.274338,4.104523,0.000001,0.000001,-35.496490,1.788592,27.020390,355.943400,285.669300,358.041500,104.047200,98.172010,0.300000,1000.000000,0.900730,2468,2740,50.000000,off
1765279986973,2025-12-09 19:33:06.973,225.523500,6.340897,23,14,2,-0.000758,0.009789,-0.038504,-0.108643,0.047943,0.992920,-35.458740,1.795622,27.009440,-0.978937,0.121816,0.163813,0.000000,0.000000,0.000000,0.000000,0,0,4.331268,4.181168,0.000001,0.000001,-35.496280,1.788564,27.020410,355.939600,285.684700,358.035900,104.047200,98.172010,0.300000,1000.000000,0.900730,2468,2740,50.000000,off
1765279986984,2025-12-09 19:33:06.984,225.534500,6.351929,23,14,2,0.012956,0.010284,-0.038384,-0.092346,0.081650,0.992371,-35.454880,1.795653,27.022770,-0.971393,0.154939,0.179955,0.000000,0.000000,0.000000,0.000000,0,0,4.251205,4.150711,0.000152,0.000001,-35.496000,1.788567,27.020500,355.933200,285.692400,358.031800,104.047200,98.172010,0.300000,1000.000000,0.900730,2468,2740,50.000000,off
1765279986994,2025-12-09 19:33:06.994,225.545500,6.362854,23,14,2,0.012956,0.010284,-0.038384,-0.092346,0.081650,0.992371,-35.454630,1.795659,27.022800,-0.971282,0.155017,0.180484,0.000000,0.000000,0.000000,0.000000,0,0,4.251205,4.150711,0.000152,0.000001,-35.495770,1.788576,27.020560,355.928800,285.723600,358.029500,104.047200,98.172010,0.300000,1000.000000,0.900730,2468,2740,50.000000,off
1765279987006,2025-12-09 19:33:07.006,225.556600,6.374039,23,14,2,0.005618,0.010023,-0.038520,-0.100327,0.045090,0.993927,-35.456260,1.795607,27.015770,-0.977615,0.119419,0.173198,0.000000,0.000000,0.000000,0.000000,0,0,4.306473,4.136520,0.000154,0.000011,-35.495530,1.788561,27.020650,355.903000,285.752300,358.018700,104.047200,98.172010,0.300000,1000.000000,0.900730,2468,2740,50.000000,off
1765279987017,2025-12-09 19:33:07.017,225.567700,6.385117,23,14,2,-0.017017,0.009249,-0.038989,-0.133179,0.011154,0.991028,-35.461750,1.795604,26.993910,-0.986251,0.086600,0.140733,0.000000,0.000000,0.000000,0.000000,0,0,4.234634,4.140320,0.000009,0.000003,-35.495320,1.788582,27.020730,355.899800,285.776200,358.006200,104.047200,98.172010,0.300000,1000.000000,0.900730,2468,2740,50.000000,off
1765279987028,2025-12-09 19:33:07.028,225.578900,6.396332,23,14,2,0.012956,0.010284,-0.038384,-0.092346,0.081650,0.992371,-35.453950,1.795657,27.022960,-0.970865,0.155941,0.181930,0.000000,0.000000,0.000000,0.000000,0,0,4.251205,4.150711,0.000603,0.000001,-35.495090,1.788615,27.020780,355.877000,285.809400,358.007700,104.047200,98.172010,0.300000,1000.000000,0.900730,2468,2740,50.000000,off
1765279987039,2025-12-09 19:33:07.039,225.590100,6.407532,23,14,2,0.012956,0.010284,-0.038384,-0.092346,0.081650,0.992371,-35.453740,1.795671,27.023020,-0.970700,0.156219,0.182569,0.000000,0.000000,0.000000,0.000000,0,0,4.251205,4.150711,0.000603,0.000001,-35.494880,1.788640,27.020860,355.860900,285.847700,358.006400,104.047200,98.172010,0.300000,1000.000000,0.900730,2468,2740,50.000000,off
1765279987050,2025-12-09 19:33:07.050,225.601100,6.418472,23,14,2,0.005618,0.010023,-0.038520,-0.100327,0.045090,0.993927,-35.455410,1.795639,27.015960,-0.977136,0.120180,0.175361,0.000000,0.000000,0.000000,0.000000,0,0,4.306473,4.136520,0.000039,0.000000,-35.494670,1.788625,27.020930,355.861100,285.879400,357.995600,104.047200,98.172010,0.300000,1000.000000,0.900730,2468,2740,50.000000,off
1765279987061,2025-12-09 19:33:07.061,225.612200,6.429550,23,14,2,-0.015529,0.009297,-0.038956,-0.131470,0.011993,0.991242,-35.460540,1.795647,26.995540,-0.985518,0.088099,0.144848,0.000000,0.000000,0.000000,0.000000,0,0,4.232635,4.138870,0.000038,0.000001,-35.494420,1.788655,27.021010,355.858600,285.916700,358.007400,104.047200,98.172010,0.300000,1000.000000,0.900730,2468,2740,50.000000,off
1765279987073,2025-12-09 19:33:07.073,225.623600,6.440948,23,14,2,-0.015529,0.009297,-0.038956,-0.131470,0.011993,0.991242,-35.460320,1.795642,26.995570,-0.985397,0.088368,0.145503,0.000000,0.000000,0.000000,0.000000,0,0,4.232635,4.138870,0.000038,0.000001,-35.494190,1.788660,27.021050,355.843400,285.955100,358.004600,104.047200,98.172010,0.300000,1000.000000,0.900730,2468,2740,50.000000,off
1765279987084,2025-12-09 19:33:07.084,225.634400,6.451782,23,14,2,-0.006645,0.009588,-0.038760,-0.120087,0.017365,0.992600,-35.457860,1.795644,27.004230,-0.983080,0.093498,0.157441,0.000000,0.000000,0.000000,0.000000,0,0,4.225830,4.136337,0.000009,0.000044,-35.493970,1.788668,27.021140,355.839800,285.987000,357.999000,104.047200,98.172010,0.300000,1000.000000,0.900730,2468,2740,50.000000,off
1765279987094,2025-12-09 19:33:07.094,225.645500,6.462906,23,14,2,-0.005864,0.009603,-0.038731,-0.119370,0.023911,0.992554,-35.457490,1.795637,27.005090,-0.982210,0.100197,0.158768,0.000000,0.000000,0.000000,0.000000,0,0,4.227142,4.139511,0.000153,0.000011,-35.493770,1.788679,27.021260,355.828000,286.020100,357.999800,104.047200,98.172010,0.300000,1000.000000,0.900730,2468,2740,50.000000,off
1765279987105,2025-12-09 19:33:07.105,225.656600,6.474030,23,14,2,-0.004133,0.009653,-0.038676,-0.119476,0.022217,0.992584,-35.456860,1.795678,27.006840,-0.982249,0.098669,0.159510,0.000000,0.000000,0.000000,0.000000,0,0,4.211761,4.139053,0.000038,0.000045,-35.493560,1.788731,27.021360,355.819700,286.070300,357.994600,104.047200,98.172010,0.300000,1000.000000,0.900730,2468,2740,50.000000,off
1765279987116,2025-12-09 19:33:07.116,225.667800,6.485229,23,14,2,-0.004133,0.009653,-0.038676,-0.119476,0.022217,0.992584,-35.456670,1.795703,27.006960,-0.982054,0.099178,0.160392,0.000000,0.000000,0.000000,0.000000,0,0,4.211761,4.139053,0.000038,0.000045,-35.493360,1.788776,27.021510,355.790100,286.122600,357.994800,104.047200,98.172010,0.300000,1000.000000,0.900730,2468,2740,50.000000,off
1765279987128,2025-12-09 19:33:07.128,225.679000,6.496399,23,14,2,-0.007994,0.009500,-0.038631,-0.126068,0.010559,0.991959,-35.457590,1.795707,27.003310,-0.983950,0.088079,0.155149,0.000000,0.000000,0.000000,0.000000,0,0,4.181458,4.129395,0.000038,0.000001,-35.493140,1.788808,27.021610,355.771000,286.205600,357.992100,104.047200,98.172010,0.300000,1000.000000,0.900730,2468,2740,50.000000,off
1765279987139,2025-12-09 19:33:07.139,225.690000,6.507355,23,14,2,-0.005864,0.009603,-0.038731,-0.119370,0.023911,0.992554,-35.456700,1.795756,27.005440,-0.981331,0.101652,0.163220,0.000000,0.000000,0.000000,0.000000,0,0,4.227142,4.139511,0.000603,0.000001,-35.492920,1.788850,27.021770,355.746900,286.281500,357.971900,104.047200,98.172010,0.300000,1000.000000,0.900730,2468,2740,50.000000,off
1765279987150,2025-12-09 19:33:07.150,225.701000,6.518417,23,14,2,-0.005864,0.009603,-0.038731,-0.119370,0.023911,0.992554,-35.456500,1.795789,27.005540,-0.981087,0.101901,0.164526,0.000000,0.000000,0.000000,0.000000,0,0,4.227142,4.139511,0.000603,0.000001,-35.492700,1.788895,27.021920,355.731700,286.358300,357.978700,104.047200,98.172010,0.300000,1000.000000,0.900730,2468,2740,50.000000,off
1765279987161,2025-12-09 19:33:07.161,225.712100,6.529541,23,14,2,-0.004133,0.009653,-0.038676,-0.119476,0.022217,0.992584,-35.455870,1.795777,27.007320,-0.980993,0.100674,0.165860,0.000000,0.000000,0.000000,0.000000,0,0,4.211761,4.139053,0.000038,0.000011,-35.492490,1.788907,27.022080,355.706200,286.443600,357.971400,104.047200,98.172010,0.300000,1000.000000,0.900730,2468,2740,50.000000,off
1765279987172,2025-12-09 19:33:07.172,225.723400,6.540756,23,14,2,-0.007879,0.009497,-0.038602,-0.127914,0.011078,0.991715,-35.456810,1.795761,27.003880,-0.983196,0.089924,0.158817,0.000000,0.000000,0.000000,0.000000,0,0,4.184418,4.129242,0.000009,0.000000,-35.492270,1.788916,27.022270,355.697900,286.527800,357.982600,104.047200,98.172010,0.300000,1000.000000,0.900730,2468,2740,50.000000,off
1765279987183,2025-12-09 19:33:07.183,225.734400,6.551788,23,14,2,-0.008164,0.009478,-0.038570,-0.131149,0.009384,0.991303,-35.456780,1.795741,27.003710,-0.983613,0.088462,0.156999,0.000000,0.000000,0.000000,0.000000,0,0,4.187347,4.130341,0.000038,0.000045,-35.492100,1.788911,27.022410,355.687600,286.611100,357.997500,104.047200,98.172010,0.300000,1000.000000,0.900730,2468,2740,50.000000,off
1765279987194,2025-12-09 19:33:07.194,225.745400,6.562836,23,14,2,-0.008164,0.009478,-0.038570,-0.131149,0.009384,0.991303,-35.456600,1.795749,27.003810,-0.983382,0.088566,0.158383,0.000000,0.000000,0.000000,0.000000,0,0,4.187347,4.130341,0.000038,0.000045,-35.491890,1.788926,27.022570,355.680600,286.691900,358.004900,104.047200,98.172010,0.300000,1000.000000,0.900730,2468,2740,50.000000,off
1765279987205,2025-12-09 19:33:07.205,225.756600,6.573990,23,14,2,-0.008503,0.009465,-0.038567,-0.133637,0.011002,0.990967,-35.456490,1.795771,27.003610,-0.983432,0.090297,0.157169,0.000000,0.000000,0.000000,0.000000,0,0,4.190842,4.126038,0.000038,0.000045,-35.491660,1.788952,27.022730,355.676500,286.764700,358.010200,104.047200,98.172010,0.300000,1000.000000,0.900730,2468,2740,50.000000,off
1765279987216,2025-12-09 19:33:07.216,225.767700,6.585114,23,14,2,-0.006080,0.009536,-0.038485,-0.127670,0.012268,0.991730,-35.455660,1.795776,27.006050,-0.982154,0.091304,0.164361,0.000000,0.000000,0.000000,0.000000,0,0,4.191299,4.102982,0.002429,0.000178,-35.491430,1.788960,27.022880,355.682900,286.837100,358.008700,104.047200,98.172010,0.300000,1000.000000,0.900730,2468,2740,50.000000,off
1765279987227,2025-12-09 19:33:07.227,225.778700,6.596146,23,14,2,-0.006080,0.009536,-0.038485,-0.127670,0.012268,0.991730,-35.455380,1.795779,27.006140,-0.981949,0.091213,0.165633,0.000000,0.000000,0.000000,0.000000,0,0,4.191299,4.102982,0.002429,0.000178,-35.491120,1.788955,27.023010,355.690200,286.910900,357.992800,104.047200,98.172010,0.300000,1000.000000,0.900730,2468,2740,50.000000,off
1765279987239,2025-12-09 19:33:07.239,225.790300,6.607666,23,14,2,-0.007102,0.009448,-0.038343,-0.136017,0.015930,0.990570,-35.455600,1.795731,27.005310,-0.982781,0.095016,0.158420,0.000000,0.000000,0.000000,0.000000,0,0,4.240463,4.081009,0.000615,0.000003,-35.490890,1.788946,27.023160,355.694200,286.972900,357.985500,104.047200,98.172010,0.300000,1000.000000,0.900730,2468,2740,50.000000,off
1765279987250,2025-12-09 19:33:07.250,225.801100,6.618546,23,14,2,-0.008503,0.009465,-0.038567,-0.133637,0.011002,0.990967,-35.455570,1.795791,27.003990,-0.982660,0.089820,0.162196,0.000000,0.000000,0.000000,0.000000,0,0,4.190842,4.126038,0.000002,0.000011,-35.490640,1.788942,27.023280,355.710500,287.056200,357.963200,104.047200,98.172010,0.300000,1000.000000,0.900730,2468,2740,50.000000,off
1765279987261,2025-12-09 19:33:07.261,225.812100,6.629501,23,14,2,-0.006080,0.009536,-0.038485,-0.127670,0.012268,0.991730,-35.454700,1.795783,27.006410,-0.981389,0.090811,0.169134,0.000000,0.000000,0.000000,0.000000,0,0,4.191299,4.102982,0.000155,0.000714,-35.490380,1.788935,27.023400,355.719100,287.113800,357.948700,104.047200,98.172010,0.300000,1000.000000,0.900730,2468,2740,50.000000,off
1765279987273,2025-12-09 19:33:07.273,225.823400,6.640762,23,14,2,-0.006080,0.009536,-0.038485,-0.127670,0.012268,0.991730,-35.454520,1.795794,27.006490,-0.981228,0.090806,0.170070,0.000000,0.000000,0.000000,0.000000,0,0,4.191299,4.102982,0.000155,0.000714,-35.490180,1.788946,27.023510,355.720100,287.168400,357.943900,104.047200,98.172010,0.300000,1000.000000,0.900730,2468,2740,50.000000,off
1765279987284,2025-12-09 19:33:07.284,225.834400,6.651749,23,14,2,-0.006073,0.009582,-0.038758,-0.129044,0.013687,0.991531,-35.454120,1.795815,27.006550,-0.981223,0.092050,0.169419,0.000000,0.000000,0.000000,0.000000,0,0,4.201477,4.081314,0.000038,0.000177,-35.490040,1.788930,27.023670,355.734400,287.208700,357.924700,104.047200,98.172010,0.300000,1000.000000,0.900730,2468,2740,50.000000,off
1765279987295,2025-12-09 19:33:07.295,225.845500,6.662872,23,14,2,-0.003122,0.009605,-0.038400,-0.123200,0.018692,0.992203,-35.453430,1.795778,27.009550,-0.979589,0.097073,0.175998,0.000000,0.000000,0.000000,0.000000,0,0,4.226105,4.069656,0.000611,0.000000,-35.489870,1.788954,27.023760,355.725800,287.251500,357.902300,104.047200,98.172010,0.300000,1000.000000,0.900730,2468,2740,50.000000,off
1765279987306,2025-12-09 19:33:07.306,225.856500,6.673904,23,14,2,-0.004702,0.009546,-0.038439,-0.128830,0.020279,0.991455,-35.453740,1.795775,27.008090,-0.980269,0.099001,0.171067,0.000000,0.000000,0.000000,0.000000,0,0,4.227524,4.079117,0.000038,0.000000,-35.489730,1.788959,27.023840,355.717700,287.289000,357.877000,104.047200,98.172010,0.300000,1000.000000,0.900730,2468,2740,50.000000,off
1765279987317,2025-12-09 19:33:07.317,225.867600,6.684967,23,14,2,-0.004702,0.009546,-0.038439,-0.128830,0.020279,0.991455,-35.453570,1.795816,27.008150,-0.980160,0.099141,0.171609,0.000000,0.000000,0.000000,0.000000,0,0,4.227524,4.079117,0.000038,0.000000,-35.489560,1.789001,27.023930,355.712500,287.320400,357.854200,104.047200,98.172010,0.300000,1000.000000,0.900730,2468,2740,50.000000,off
1765279987329,2025-12-09 19:33:07.329,225.879000,6.696381,23,14,2,-0.010719,0.009360,-0.038607,-0.149292,0.011902,0.988709,-35.455090,1.795888,27.002420,-0.984167,0.091286,0.151845,0.000000,0.000000,0.000000,0.000000,0,0,4.239197,4.068878,0.000611,0.000001,-35.489430,1.789037,27.024010,355.720500,287.360700,357.826400,104.047200,98.172010,0.300000,1000.000000,0.900730,2468,2740,50.000000,off
1765279987339,2025-12-09 19:33:07.339,225.889800,6.707245,23,14,2,-0.005011,0.009564,-0.038559,-0.136154,0.019699,0.990479,-35.453270,1.795892,27.007970,-0.981269,0.098737,0.165335,0.000000,0.000000,0.000000,0.000000,0,0,4.240906,4.059845,0.000153,0.000001,-35.489280,1.789046,27.024100,355.721600,287.378300,357.799000,104.047200,98.172010,0.300000,1000.000000,0.900730,2468,2740,50.000000,off
1765279987349,2025-12-09 19:33:07.349,225.900900,6.718338,23,14,2,-0.005011,0.009564,-0.038559,-0.136154,0.019699,0.990479,-35.453150,1.795844,27.008020,-0.981139,0.098800,0.166069,0.000000,0.000000,0.000000,0.000000,0,0,4.240906,4.059845,0.000153,0.000001,-35.489140,1.788997,27.024180,355.721100,287.420700,357.775600,104.047200,98.172010,0.300000,1000.000000,0.900730,2468,2740,50.000000,off
1765279987361,2025-12-09 19:33:07.361,225.912100,6.729492,23,14,2,-0.004702,0.009546,-0.038439,-0.128830,0.020279,0.991455,-35.452960,1.795864,27.008420,-0.979854,0.098961,0.173448,0.000000,0.000000,0.000000,0.000000,0,0,4.227524,4.079117,0.000154,0.000003,-35.488930,1.789028,27.024250,355.734400,287.425400,357.765600,104.047200,98.172010,0.300000,1000.000000,0.900730,2468,2740,50.000000,off
1765279987372,2025-12-09 19:33:07.372,225.923200,6.740646,23,14,2,-0.010719,0.009360,-0.038607,-0.149292,0.011902,0.988709,-35.454480,1.795931,27.002670,-0.983921,0.091104,0.153540,0.000000,0.000000,0.000000,0.000000,0,0,4.239197,4.068878,0.000038,0.000001,-35.488800,1.789050,27.024310,355.742800,287.457600,357.748500,104.047200,98.172010,0.300000,1000.000000,0.900730,2468,2740,50.000000,off
1765279987383,2025-12-09 19:33:07.383,225.934300,6.751694,23,14,2,-0.007271,0.009497,-0.038639,-0.143097,0.017807,0.989533,-35.453240,1.795939,27.005990,-0.982280,0.097096,0.160211,0.000000,0.000000,0.000000,0.000000,0,0,4.241806,4.058487,0.000153,0.000003,-35.488620,1.789069,27.024360,355.727200,287.482700,357.740200,104.047200,98.172010,0.300000,1000.000000,0.900730,2468,2740,50.000000,off
1765279987394,2025-12-09 19:33:07.394,225.945400,6.762848,23,14,2,-0.007271,0.009497,-0.038639,-0.143097,0.017807,0.989533,-35.453130,1.795968,27.006030,-0.982159,0.097266,0.160849,0.000000,0.000000,0.000000,0.000000,0,0,4.241806,4.058487,0.000153,0.000003,-35.488500,1.789102,27.024420,355.719400,287.519800,357.725900,104.047200,98.172010,0.300000,1000.000000,0.900730,2468,2740,50.000000,off
1765279987405,2025-12-09 19:33:07.405,225.956500,6.773926,23,14,2,-0.014651,0.009280,-0.038881,-0.160889,0.008636,0.986923,-35.454990,1.796108,26.998950,-0.985644,0.088848,0.143487,0.000000,0.000000,0.000000,0.000000,0,0,4.225388,4.050873,0.002444,0.000001,-35.488350,1.789194,27.024480,355.706500,287.551100,357.729300,104.047200,98.172010,0.300000,1000.000000,0.900730,2468,2740,50.000000,off
1765279987416,2025-12-09 19:33:07.416,225.967500,6.784927,23,14,2,-0.017503,0.009221,-0.039048,-0.171051,0.003036,0.985245,-35.455610,1.796177,26.996220,-0.987399,0.084106,0.133960,0.000000,0.000000,0.000000,0.000000,0,0,4.198334,4.037033,0.002444,0.000001,-35.488260,1.789242,27.024540,355.674100,287.595700,357.727000,104.047200,98.172010,0.300000,1000.000000,0.900730,2468,2740,50.000000,off
1765279987428,2025-12-09 19:33:07.428,225.979200,6.796570,23,14,2,-0.017503,0.009221,-0.039048,-0.171051,0.003036,0.985245,-35.455580,1.796227,26.996320,-0.987245,0.084701,0.134712,0.000000,0.000000,0.000000,0.000000,0,0,4.198334,4.037033,0.002444,0.000001,-35.488220,1.789318,27.024670,355.638500,287.640300,357.732400,104.047200,98.172010,0.300000,1000.000000,0.900730,2468,2740,50.000000,off
1765279987439,2025-12-09 19:33:07.439,225.989900,6.807251,23,14,2,-0.015075,0.009310,-0.039024,-0.168625,0.004959,0.985657,-35.454860,1.796299,26.998720,-0.986577,0.087280,0.137939,0.000000,0.000000,0.000000,0.000000,0,0,4.202179,4.021820,0.000611,0.000179,-35.488190,1.789427,27.024770,355.595400,287.685700,357.735600,104.047200,98.172010,0.300000,1000.000000,0.900730,2468,2740,50.000000,off
1765279987450,2025-12-09 19:33:07.450,226.000900,6.818298,23,14,2,-0.008616,0.009527,-0.038830,-0.160553,0.005188,0.987000,-35.453060,1.796355,27.005000,-0.985176,0.088148,0.147073,0.000000,0.000000,0.000000,0.000000,0,0,4.201584,3.997574,0.000009,0.000000,-35.488160,1.789545,27.024880,355.542700,287.747300,357.753700,104.047200,98.172010,0.300000,1000.000000,0.900730,2468,2740,50.000000,off
1765279987461,2025-12-09 19:33:07.461,226.012000,6.829422,23,14,2,-0.017503,0.009221,-0.039048,-0.171051,0.003036,0.985245,-35.455570,1.796422,26.996500,-0.986599,0.087008,0.137942,0.000000,0.000000,0.000000,0.000000,0,0,4.198334,4.037033,0.000151,0.000003,-35.488120,1.789621,27.024970,355.497800,287.831700,357.767200,104.047200,98.172010,0.300000,1000.000000,0.900730,2468,2740,50.000000,off
1765279987472,2025-12-09 19:33:07.472,226.023300,6.840652,23,14,2,-0.017503,0.009221,-0.039048,-0.171051,0.003036,0.985245,-35.455590,1.796480,26.996620,-0.986339,0.087548,0.139448,0.000000,0.000000,0.000000,0.000000,0,0,4.198334,4.037033,0.000151,0.000003,-35.488110,1.789712,27.025140,355.462000,287.920300,357.791700,104.047200,98.172010,0.300000,1000.000000,0.900730,2468,2740,50.000000,off
1765279987483,2025-12-09 19:33:07.483,226.034300,6.851654,23,14,2,-0.015075,0.009310,-0.039024,-0.168625,0.004959,0.985657,-35.454910,1.796527,26.999050,-0.985580,0.089867,0.143296,0.000000,0.000000,0.000000,0.000000,0,0,4.202179,4.021820,0.000611,0.000044,-35.488110,1.789790,27.025310,355.430200,288.002100,357.818900,104.047200,98.172010,0.300000,1000.000000,0.900730,2468,2740,50.000000,off
1765279987494,2025-12-09 19:33:07.494,226.045400,6.862793,23,14,2,-0.005686,0.009604,-0.038694,-0.160263,0.007813,0.987030,-35.452370,1.796548,27.008180,-0.983808,0.092758,0.153269,0.000000,0.000000,0.000000,0.000000,0,0,4.195297,3.997101,0.040088,0.000011,-35.488120,1.789861,27.025460,355.414200,288.093600,357.825100,104.047200,98.172010,0.300000,1000.000000,0.900730,2468,2740,50.000000,off
1765279987505,2025-12-09 19:33:07.505,226.056400,6.873810,23,14,2,-0.005686,0.009604,-0.038694,-0.160263,0.007813,0.987030,-35.452410,1.796590,27.008300,-0.983600,0.092875,0.154525,0.000000,0.000000,0.000000,0.000000,0,0,4.195297,3.997101,0.040088,0.000011,-35.488140,1.789906,27.025630,355.408300,288.166900,357.819600,104.047200,98.172010,0.300000,1000.000000,0.900730,2468,2740,50.000000,off
1765279987516,2025-12-09 19:33:07.516,226.067500,6.884918,23,14,2,-0.006238,0.009589,-0.038734,-0.164719,0.008209,0.986298,-35.452580,1.796628,27.007860,-0.984036,0.093323,0.151482,0.000000,0.000000,0.000000,0.000000,0,0,4.173477,3.996735,0.159371,0.000045,-35.488160,1.789936,27.025770,355.413300,288.249000,357.810100,104.047200,98.172010,0.300000,1000.000000,0.900730,2468,2740,50.000000,off
1765279987528,2025-12-09 19:33:07.528,226.078600,6.896011,23,14,2,-0.013716,0.009221,-0.038544,-0.092270,-0.018753,0.995544,-35.455200,1.796635,27.000900,-0.972472,0.063969,0.224011,0.000000,0.000000,0.000000,0.000000,0,0,4.028397,3.800873,2.549937,0.000011,-35.488220,1.789990,27.025890,355.441200,288.314600,357.805800,104.047200,98.172010,0.300000,1000.000000,0.900730,2468,2740,50.000000,off
1765279987539,2025-12-09 19:33:07.539,226.089800,6.907242,23,14,2,-0.030469,0.008788,-0.039406,0.007477,-0.040726,0.999130,-35.459760,1.796759,26.984800,-0.946412,0.038012,0.320678,0.000000,0.000000,0.000000,0.000000,0,0,4.116791,3.832397,0.040085,0.000000,-35.488300,1.789955,27.026010,355.472700,288.379000,357.810200,104.047200,98.172010,0.300000,1000.000000,0.900730,2468,2740,50.000000,off
1765279987550,2025-12-09 19:33:07.550,226.100900,6.918259,23,14,2,-0.030469,0.008788,-0.039406,0.007477,-0.040726,0.999130,-35.459890,1.796699,26.984850,-0.946187,0.037154,0.321443,0.000000,0.000000,0.000000,0.000000,0,0,4.116791,3.832397,0.040085,0.000000,-35.488380,1.789860,27.026080,355.521900,288.424700,357.809400,104.047200,98.172010,0.300000,1000.000000,0.900730,2468,2740,50.000000,off
1765279987561,2025-12-09 19:33:07.561,226.112100,6.929459,23,14,2,-0.029232,0.008718,-0.039084,0.003281,-0.053925,0.998535,-35.459890,1.796517,26.986240,-0.947880,0.023321,0.317758,0.000000,0.000000,0.000000,0.000000,0,0,4.039825,3.740097,0.158402,0.000011,-35.488430,1.789738,27.026220,355.567600,288.462900,357.810500,104.047200,98.172010,0.300000,1000.000000,0.900730,2468,2740,50.000000,off
1765279987572,2025-12-09 19:33:07.572,226.123100,6.940506,23,14,2,-0.013716,0.009221,-0.038544,-0.092270,-0.018753,0.995544,-35.455620,1.796375,27.001230,-0.971995,0.060858,0.226929,0.000000,0.000000,0.000000,0.000000,0,0,4.028397,3.800873,0.002490,0.000179,-35.488540,1.789609,27.026310,355.620200,288.482900,357.810600,104.047200,98.172010,0.300000,1000.000000,0.900730,2468,2740,50.000000,off
1765279987583,2025-12-09 19:33:07.583,226.134200,6.951553,23,14,2,-0.013716,0.009221,-0.038544,-0.092270,-0.018753,0.995544,-35.455770,1.796288,27.001280,-0.971981,0.060214,0.227162,0.000000,0.000000,0.000000,0.000000,0,0,4.028397,3.800873,0.002490,0.000179,-35.488680,1.789494,27.026370,355.657900,288.496000,357.803700,104.047200,98.172010,0.300000,1000.000000,0.900730,2468,2740,50.000000,off
1765279987595,2025-12-09 19:33:07.595,226.145300,6.962708,23,14,2,-0.030469,0.008788,-0.039406,0.007477,-0.040726,0.999130,-35.460390,1.796343,26.985160,-0.945907,0.033978,0.322617,0.000000,0.000000,0.000000,0.000000,0,0,4.116791,3.832397,0.040088,0.000179,-35.488820,1.789371,27.026420,355.703900,288.494200,357.797700,104.047200,98.172010,0.300000,1000.000000,0.900730,2468,2740,50.000000,off
1765279987606,2025-12-09 19:33:07.606,226.156400,6.973831,23,14,2,-0.025065,0.008848,-0.038965,0.011139,-0.053879,0.998474,-35.459230,1.796113,26.990490,-0.945353,0.019801,0.325412,0.000000,0.000000,0.000000,0.000000,0,0,4.008789,3.729507,0.158398,0.000045,-35.488950,1.789219,27.026470,355.754400,288.475500,357.796500,104.047200,98.172010,0.300000,1000.000000,0.900730,2468,2740,50.000000,off
1765279987617,2025-12-09 19:33:07.617,226.167600,6.984970,23,14,2,-0.020026,0.008955,-0.038646,0.016571,-0.047806,0.998718,-35.458080,1.795956,26.995380,-0.943596,0.024471,0.330192,0.000000,0.000000,0.000000,0.000000,0,0,4.042648,3.719482,10.199750,0.000011,-35.489090,1.789074,27.026450,355.822400,288.443500,357.780100,104.047200,98.172010,0.300000,1000.000000,0.900730,2468,2740,50.000000,off
1765279987628,2025-12-09 19:33:07.628,226.178600,6.996017,23,14,2,-0.020026,0.008955,-0.038646,0.016571,-0.047806,0.998718,-35.458200,1.795813,26.995410,-0.943868,0.023365,0.329492,0.000000,0.000000,0.000000,0.000000,0,0,4.042648,3.719482,10.199750,0.000011,-35.489230,1.788884,27.026450,355.885700,288.400900,357.772300,104.047200,98.172010,0.300000,1000.000000,0.900730,2468,2740,50.000000,off
1765279987639,2025-12-09 19:33:07.639,226.189700,7.007126,23,14,2,-0.021296,0.008920,-0.038727,0.016724,-0.053818,0.998398,-35.458640,1.795691,26.994200,-0.944379,0.016367,0.328411,0.000000,0.000000,0.000000,0.000000,0,0,4.081100,3.706573,10.199750,0.000011,-35.489380,1.788708,27.026440,355.941400,288.338600,357.752800,104.047200,98.172010,0.300000,1000.000000,0.900730,2468,2740,50.000000,off
1765279987650,2025-12-09 19:33:07.650,226.200900,7.018250,23,14,2,-0.019278,0.008880,-0.038687,-0.026367,-0.080994,0.996353,-35.458210,1.795529,26.996150,-0.958291,-0.010405,0.285559,0.000000,0.000000,0.000000,0.000000,0,0,3.881592,3.524353,0.009961,0.000737,-35.489560,1.788610,27.026430,356.012000,288.286200,357.741700,104.047200,98.172010,0.300000,1000.000000,0.900730,2468,2740,50.000000,off
1765279987661,2025-12-09 19:33:07.661,226.211900,7.029327,23,14,2,-0.019278,0.008880,-0.038687,-0.026367,-0.080994,0.996353,-35.458380,1.795433,26.996180,-0.958531,-0.011475,0.284714,0.000000,0.000000,0.000000,0.000000,0,0,3.881592,3.524353,0.009961,0.000737,-35.489750,1.788464,27.026420,356.074100,288.237800,357.717300,104.047200,98.172010,0.300000,1000.000000,0.900730,2468,2740,50.000000,off
1765279987672,2025-12-09 19:33:07.672,226.223100,7.040482,23,14,2,0.006148,0.009674,-0.038665,-0.174881,-0.130432,0.975906,-35.450590,1.795093,27.020370,-0.989139,-0.057148,0.135381,0.000000,0.000000,0.000000,0.000000,0,0,3.842590,3.559921,0.039355,0.000737,-35.489880,1.788306,27.026400,356.125700,288.176500,357.719700,104.047200,98.172010,0.300000,1000.000000,0.900730,2468,2740,50.000000,off
1765279987684,2025-12-09 19:33:07.684,226.234300,7.051727,23,14,2,-0.021296,0.008920,-0.038727,0.016724,-0.053818,0.998398,-35.459190,1.795343,26.994250,-0.945688,0.012094,0.324811,0.000000,0.000000,0.000000,0.000000,0,0,4.081100,3.706573,0.039601,0.000179,-35.490030,1.788182,27.026360,356.185900,288.120700,357.724500,104.047200,98.172010,0.300000,1000.000000,0.900730,2468,2740,50.000000,off
1765279987695,2025-12-09 19:33:07.695,226.245300,7.062668,23,14,2,-0.019278,0.008880,-0.038687,-0.026367,-0.080994,0.996353,-35.458720,1.795155,26.996180,-0.959353,-0.014318,0.281802,0.000000,0.000000,0.000000,0.000000,0,0,3.881592,3.524353,0.039600,0.000045,-35.490160,1.788085,27.026330,356.236100,288.061900,357.750800,104.047200,98.172010,0.300000,1000.000000,0.900730,2468,2740,50.000000,off
1765279987706,2025-12-09 19:33:07.706,226.256400,7.073807,23,14,2,-0.019278,0.008880,-0.038687,-0.026367,-0.080994,0.996353,-35.458840,1.795060,26.996170,-0.959665,-0.014703,0.280717,0.000000,0.000000,0.000000,0.000000,0,0,3.881592,3.524353,0.039600,0.000045,-35.490300,1.787982,27.026280,356.257500,287.995600,357.770700,104.047200,98.172010,0.300000,1000.000000,0.900730,2468,2740,50.000000,off
1765279987717,2025-12-09 19:33:07.717,226.267600,7.084976,23,14,2,0.010081,0.009824,-0.038616,-0.158722,-0.143295,0.976868,-35.449940,1.794826,27.024130,-0.986456,-0.073562,0.146596,0.000000,0.000000,0.000000,0.000000,0,0,3.780991,3.484619,0.158391,0.000045,-35.490400,1.787917,27.026240,356.289200,287.925100,357.791900,104.047200,98.172010,0.300000,1000.000000,0.900730,2468,2740,50.000000,off
1765279987727,2025-12-09 19:33:07.727,226.278600,7.095978,23,14,2,0.011772,0.009863,-0.038513,-0.157532,-0.130981,0.978775,-35.449600,1.794776,27.025760,-0.987151,-0.061560,0.147364,0.000000,0.000000,0.000000,0.000000,0,0,3.792282,3.483551,0.160359,0.000179,-35.490480,1.787871,27.026170,356.308500,287.857400,357.800000,104.047200,98.172010,0.300000,1000.000000,0.900730,2468,2740,50.000000,off
1765279987738,2025-12-09 19:33:07.738,226.289800,7.107162,23,14,2,0.009195,0.009816,-0.038663,-0.157715,-0.129501,0.978943,-35.450330,1.794777,27.023270,-0.987405,-0.060348,0.146161,0.000000,0.000000,0.000000,0.000000,0,0,3.800369,3.519226,0.039844,0.011668,-35.490570,1.787818,27.026140,356.323800,287.792800,357.806300,104.047200,98.172010,0.300000,1000.000000,0.900730,2468,2740,50.000000,off
1765279987749,2025-12-09 19:33:07.749,226.300800,7.118225,23,14,2,0.009195,0.009816,-0.038663,-0.157715,-0.129501,0.978943,-35.450420,1.794743,27.023250,-0.987560,-0.060344,0.145112,0.000000,0.000000,0.000000,0.000000,0,0,3.800369,3.519226,0.039844,0.011668,-35.490660,1.787784,27.026070,356.323900,287.732100,357.804700,104.047200,98.172010,0.300000,1000.000000,0.900730,2468,2740,50.000000,off
1765279987761,2025-12-09 19:33:07.761,226.311900,7.129272,23,14,2,-0.003182,0.009591,-0.039625,-0.184082,-0.142075,0.972580,-35.453290,1.794952,27.011140,-0.990477,-0.072586,0.116919,0.000000,0.000000,0.000000,0.000000,0,0,3.800644,3.484894,0.633624,0.000045,-35.490710,1.787797,27.026020,356.339400,287.677100,357.815800,104.047200,98.172010,0.300000,1000.000000,0.900730,2468,2740,50.000000,off
1765279987772,2025-12-09 19:33:07.772,226.323000,7.140427,23,14,2,-0.001222,0.009649,-0.039480,-0.178864,-0.136459,0.974350,-35.452900,1.794936,27.013050,-0.990323,-0.067052,0.121394,0.000000,0.000000,0.000000,0.000000,0,0,3.782913,3.408203,0.160351,0.000718,-35.490790,1.787789,27.025980,356.336900,287.610800,357.823300,104.047200,98.172010,0.300000,1000.000000,0.900730,2468,2740,50.000000,off
1765279987783,2025-12-09 19:33:07.783,226.334000,7.151443,23,14,2,-0.001222,0.009649,-0.039480,-0.178864,-0.136459,0.974350,-35.452950,1.794930,27.013050,-0.990470,-0.067022,0.120202,0.000000,0.000000,0.000000,0.000000,0,0,3.782913,3.408203,0.160351,0.000718,-35.490850,1.787786,27.025930,356.332600,287.540000,357.836900,104.047200,98.172010,0.300000,1000.000000,0.900730,2468,2740,50.000000,off
1765279987794,2025-12-09 19:33:07.794,226.345200,7.162628,23,14,2,0.009195,0.009816,-0.038663,-0.157715,-0.129501,0.978943,-35.450640,1.794778,27.023210,-0.988137,-0.060523,0.141054,0.000000,0.000000,0.000000,0.000000,0,0,3.800369,3.519226,0.158387,0.000011,-35.490890,1.787810,27.025880,356.327100,287.491500,357.847800,104.047200,98.172010,0.300000,1000.000000,0.900730,2468,2740,50.000000,off
1765279987805,2025-12-09 19:33:07.805,226.356300,7.173660,23,14,2,-0.003182,0.009591,-0.039625,-0.184082,-0.142075,0.972580,-35.453450,1.794938,27.011120,-0.990983,-0.072166,0.112820,0.000000,0.000000,0.000000,0.000000,0,0,3.800644,3.484894,0.040088,0.000725,-35.490920,1.787808,27.025840,356.306300,287.433400,357.860100,104.047200,98.172010,0.300000,1000.000000,0.900730,2468,2740,50.000000,off
1765279987816,2025-12-09 19:33:07.816,226.367400,7.184769,23,14,2,-0.001226,0.009653,-0.039483,-0.177841,-0.136978,0.974472,-35.452950,1.794973,27.013020,-0.990663,-0.066912,0.118727,0.000000,0.000000,0.000000,0.000000,0,0,3.779205,3.398361,0.629657,0.000184,-35.490890,1.787860,27.025810,356.284500,287.389000,357.889000,104.047200,98.172010,0.300000,1000.000000,0.900730,2468,2740,50.000000,off
1765279987827,2025-12-09 19:33:07.827,226.378400,7.195801,23,14,2,-0.001226,0.009653,-0.039483,-0.177841,-0.136978,0.974472,-35.452980,1.795001,27.013010,-0.990780,-0.066547,0.117955,0.000000,0.000000,0.000000,0.000000,0,0,3.779205,3.398361,0.629657,0.000184,-35.490920,1.787905,27.025770,356.261600,287.342800,357.897600,104.047200,98.172010,0.300000,1000.000000,0.900730,2468,2740,50.000000,off
1765279987838,2025-12-09 19:33:07.838,226.389700,7.207062,23,14,2,-0.001451,0.009651,-0.039496,-0.178345,-0.132950,0.974930,-35.453000,1.795031,27.012830,-0.991189,-0.062176,0.116831,0.000000,0.000000,0.000000,0.000000,0,0,3.775681,3.390121,0.649249,0.000011,-35.490910,1.787944,27.025780,356.240600,287.291600,357.914100,104.047200,98.172010,0.300000,1000.000000,0.900730,2468,2740,50.000000,off
1765279987850,2025-12-09 19:33:07.850,226.400800,7.218231,23,14,2,0.000875,0.009698,-0.039314,-0.177322,-0.126999,0.975906,-35.452470,1.795017,27.015090,-0.991474,-0.055811,0.117600,0.000000,0.000000,0.000000,0.000000,0,0,3.770615,3.386063,0.649249,0.000011,-35.490910,1.787972,27.025750,356.216300,287.256800,357.918200,104.047200,98.172010,0.300000,1000.000000,0.900730,2468,2740,50.000000,off
1765279987861,2025-12-09 19:33:07.861,226.411800,7.229172,23,14,2,0.000875,0.009698,-0.039314,-0.177322,-0.126999,0.975906,-35.452480,1.795021,27.015060,-0.991549,-0.055545,0.117093,0.000000,0.000000,0.000000,0.000000,0,0,3.770615,3.386063,0.649249,0.000011,-35.490920,1.787987,27.025700,356.200700,287.227100,357.918700,104.047200,98.172010,0.300000,1000.000000,0.900730,2468,2740,50.000000,off
1765279987872,2025-12-09 19:33:07.872,226.423000,7.240417,23,14,2,-0.000165,0.009623,-0.039024,-0.168655,-0.131775,0.976822,-35.453040,1.795017,27.014170,-0.990323,-0.060433,0.124899,0.000000,0.000000,0.000000,0.000000,0,0,3.730850,3.396271,0.158398,0.000046,-35.490900,1.788006,27.025690,356.194600,287.189100,357.911300,104.047200,98.172010,0.300000,1000.000000,0.900730,2468,2740,50.000000,off
1765279987883,2025-12-09 19:33:07.883,226.434100,7.251495,23,14,2,0.000174,0.009630,-0.039001,-0.167969,-0.131180,0.977020,-35.452970,1.795001,27.014500,-0.990302,-0.059665,0.125426,0.000000,0.000000,0.000000,0.000000,0,0,3.746155,3.392639,0.158398,0.000046,-35.490910,1.788000,27.025670,356.184300,287.178000,357.907900,104.047200,98.172010,0.300000,1000.000000,0.900730,2468,2740,50.000000,off
1765279987894,2025-12-09 19:33:07.894,226.445100,7.262543,23,14,2,0.000875,0.009698,-0.039314,-0.177322,-0.126999,0.975906,-35.452430,1.795016,27.015090,-0.991737,-0.054875,0.115813,0.000000,0.000000,0.000000,0.000000,0,0,3.770615,3.386063,0.039357,0.000001,-35.490890,1.788008,27.025670,356.164700,287.154600,357.901900,104.047200,98.172010,0.300000,1000.000000,0.900730,2468,2740,50.000000,off
1765279987905,2025-12-09 19:33:07.905,226.456300,7.273651,23,14,2,0.000875,0.009698,-0.039314,-0.177322,-0.126999,0.975906,-35.452420,1.795060,27.015090,-0.991758,-0.054806,0.115665,0.000000,0.000000,0.000000,0.000000,0,0,3.770615,3.386063,0.039357,0.000001,-35.490890,1.788054,27.025670,356.161300,287.146400,357.898500,104.047200,98.172010,0.300000,1000.000000,0.900730,2468,2740,50.000000,off
1765279987917,2025-12-09 19:33:07.917,226.467500,7.284912,23,14,2,-0.000165,0.009623,-0.039024,-0.168655,-0.131775,0.976822,-35.452980,1.795094,27.014200,-0.990541,-0.059237,0.123736,0.000000,0.000000,0.000000,0.000000,0,0,3.730850,3.396271,0.156445,0.000046,-35.490860,1.788129,27.025670,356.127600,287.122600,357.895500,104.047200,98.172010,0.300000,1000.000000,0.900730,2468,2740,50.000000,off
1765279987927,2025-12-09 19:33:07.927,226.478400,7.295792,23,14,2,0.000643,0.009640,-0.038965,-0.167801,-0.130920,0.977081,-35.452780,1.795142,27.014970,-0.990467,-0.058404,0.124696,0.000000,0.000000,0.000000,0.000000,0,0,3.730255,3.389755,2.549999,0.000046,-35.490840,1.788186,27.025660,356.127600,287.125500,357.897100,104.047200,98.172010,0.300000,1000.000000,0.900730,2468,2740,50.000000,off
1765279987939,2025-12-09 19:33:07.939,226.489600,7.307022,23,14,2,0.000643,0.009640,-0.038965,-0.167801,-0.130920,0.977081,-35.452740,1.795196,27.014940,-0.990479,-0.058222,0.124690,0.000000,0.000000,0.000000,0.000000,0,0,3.730255,3.389755,2.549999,0.000046,-35.490800,1.788247,27.025620,356.116200,287.124400,357.901800,104.047200,98.172010,0.300000,1000.000000,0.900730,2468,2740,50.000000,off
1765279987950,2025-12-09 19:33:07.950,226.500700,7.318054,23,14,2,-0.000233,0.009615,-0.038995,-0.163651,-0.131104,0.977753,-35.452960,1.795200,27.014110,-0.989934,-0.058410,0.128802,0.000000,0.000000,0.000000,0.000000,0,0,3.725677,3.356155,0.637515,0.011241,-35.490800,1.788252,27.025640,356.108500,287.120100,357.912700,104.047200,98.172010,0.300000,1000.000000,0.900730,2468,2740,50.000000,off
1765279987961,2025-12-09 19:33:07.961,226.511800,7.329239,23,14,2,-0.001327,0.009585,-0.039044,-0.160538,-0.129196,0.978531,-35.453220,1.795215,27.013010,-0.989629,-0.056413,0.132057,0.000000,0.000000,0.000000,0.000000,0,0,3.729782,3.356339,0.641391,0.000045,-35.490790,1.788268,27.025610,356.097300,287.119600,357.925800,104.047200,98.172010,0.300000,1000.000000,0.900730,2468,2740,50.000000,off
1765279987972,2025-12-09 19:33:07.972,226.522900,7.340317,23,14,2,-0.000850,0.009590,-0.038985,-0.160461,-0.129166,0.978546,-35.453120,1.795206,27.013500,-0.989596,-0.056592,0.132222,0.000000,0.000000,0.000000,0.000000,0,0,3.725159,3.341232,0.009962,0.000184,-35.490760,1.788261,27.025630,356.105600,287.122100,357.947800,104.047200,98.172010,0.300000,1000.000000,0.900730,2468,2740,50.000000,off
1765279987983,2025-12-09 19:33:07.983,226.534000,7.351440,23,14,2,-0.000850,0.009590,-0.038985,-0.160461,-0.129166,0.978546,-35.453130,1.795208,27.013550,-0.989548,-0.056851,0.132464,0.000000,0.000000,0.000000,0.000000,0,0,3.725159,3.341232,0.009962,0.000184,-35.490770,1.788255,27.025690,356.118800,287.134900,357.959200,104.047200,98.172010,0.300000,1000.000000,0.900730,2468,2740,50.000000,off
1765279987994,2025-12-09 19:33:07.994,226.545100,7.362534,23,14,2,-0.001530,0.009569,-0.038992,-0.156860,-0.130310,0.978973,-35.453280,1.795208,27.012910,-0.988949,-0.058232,0.136247,0.000000,0.000000,0.000000,0.000000,0,0,3.727722,3.398041,0.160344,0.000046,-35.490730,1.788247,27.025700,356.125900,287.147700,357.966200,104.047200,98.172010,0.300000,1000.000000,0.900730,2468,2740,50.000000,off
1765279988006,2025-12-09 19:33:08.006,226.556300,7.373672,23,14,2,-0.001327,0.009585,-0.039044,-0.160538,-0.129196,0.978531,-35.453130,1.795191,27.013160,-0.989478,-0.057256,0.132824,0.000000,0.000000,0.000000,0.000000,0,0,3.729782,3.356339,2.581249,0.000183,-35.490680,1.788216,27.025790,356.139100,287.159400,357.969000,104.047200,98.172010,0.300000,1000.000000,0.900730,2468,2740,50.000000,off
1765279988017,2025-12-09 19:33:08.017,226.567400,7.384781,23,14,2,-0.000850,0.009590,-0.038985,-0.160461,-0.129166,0.978546,-35.452980,1.795187,27.013630,-0.989445,-0.057375,0.133009,0.000000,0.000000,0.000000,0.000000,0,0,3.725159,3.341232,10.262250,0.000729,-35.490610,1.788214,27.025790,356.146800,287.165200,357.974200,104.047200,98.172010,0.300000,1000.000000,0.900730,2468,2740,50.000000,off
1765279988028,2025-12-09 19:33:08.028,226.578400,7.395782,23,14,2,-0.000850,0.009590,-0.038985,-0.160461,-0.129166,0.978546,-35.452950,1.795177,27.013640,-0.989382,-0.057691,0.133342,0.000000,0.000000,0.000000,0.000000,0,0,3.725159,3.341232,10.262250,0.000729,-35.490580,1.788193,27.025810,356.163100,287.183200,357.986600,104.047200,98.172010,0.300000,1000.000000,0.900730,2468,2740,50.000000,off
1765279988039,2025-12-09 19:33:08.039,226.589500,7.406876,23,14,2,-0.001006,0.009577,-0.038954,-0.155579,-0.128647,0.979401,-35.453010,1.795113,27.013560,-0.988717,-0.057317,0.138326,0.000000,0.000000,0.000000,0.000000,0,0,3.727081,3.398483,0.157426,0.188653,-35.490550,1.788135,27.025870,356.162200,287.184600,358.002800,104.047200,98.172010,0.300000,1000.000000,0.900730,2468,2740,50.000000,off
1765279988050,2025-12-09 19:33:08.050,226.600600,7.418030,23,14,2,-0.000478,0.009587,-0.038914,-0.151764,-0.128433,0.980026,-35.452850,1.795105,27.014120,-0.988161,-0.057322,0.142234,0.000000,0.000000,0.000000,0.000000,0,0,3.727158,3.412903,0.157426,0.188653,-35.490510,1.788130,27.025920,356.167800,287.187700,358.014300,104.047200,98.172010,0.300000,1000.000000,0.900730,2468,2740,50.000000,off
1765279988061,2025-12-09 19:33:08.061,226.611800,7.429153,23,14,2,-0.000478,0.009587,-0.038914,-0.151764,-0.128433,0.980026,-35.452750,1.795090,27.014160,-0.988135,-0.057151,0.142486,0.000000,0.000000,0.000000,0.000000,0,0,3.727158,3.412903,0.157426,0.188653,-35.490410,1.788122,27.025970,356.157600,287.202000,358.015500,104.047200,98.172010,0.300000,1000.000000,0.900730,2468,2740,50.000000,off
1765279988072,2025-12-09 19:33:08.072,226.622900,7.440262,23,14,2,-0.002088,0.009546,-0.038985,-0.151810,-0.129959,0.979813,-35.453090,1.795167,27.012640,-0.987997,-0.058612,0.142813,0.000000,0.000000,0.000000,0.000000,0,0,3.727051,3.421005,10.200240,0.000733,-35.490340,1.788191,27.026030,356.153200,287.228100,358.016700,104.047200,98.172010,0.300000,1000.000000,0.900730,2468,2740,50.000000,off
1765279988083,2025-12-09 19:33:08.083,226.634000,7.451370,23,14,2,-0.003625,0.009364,-0.038457,-0.162613,-0.132645,0.977722,-35.454010,1.795092,27.011380,-0.989391,-0.060680,0.131916,0.000000,0.000000,0.000000,0.000000,0,0,3.778458,3.464737,0.039356,0.002932,-35.490290,1.788222,27.026090,356.134500,287.234600,357.997600,104.047200,98.172010,0.300000,1000.000000,0.900730,2468,2740,50.000000,off
1765279988094,2025-12-09 19:33:08.094,226.645000,7.462433,23,14,2,-0.003625,0.009364,-0.038457,-0.162613,-0.132645,0.977722,-35.454010,1.795105,27.011430,-0.989310,-0.060569,0.132572,0.000000,0.000000,0.000000,0.000000,0,0,3.778458,3.464737,0.039356,0.002932,-35.490290,1.788236,27.026160,356.130800,287.274600,357.981200,104.047200,98.172010,0.300000,1000.000000,0.900730,2468,2740,50.000000,off
1765279988105,2025-12-09 19:33:08.105,226.656500,7.473862,23,14,2,-0.000478,0.009587,-0.038914,-0.151764,-0.128433,0.980026,-35.452560,1.795221,27.014350,-0.987973,-0.056530,0.143846,0.000000,0.000000,0.000000,0.000000,0,0,3.727158,3.412903,0.010022,0.002917,-35.490210,1.788271,27.026210,356.130900,287.287600,357.956700,104.047200,98.172010,0.300000,1000.000000,0.900730,2468,2740,50.000000,off
1765279988116,2025-12-09 19:33:08.116,226.667300,7.484695,23,14,2,-0.002088,0.009546,-0.038985,-0.151810,-0.129959,0.979813,-35.452900,1.795260,27.012790,-0.987858,-0.058066,0.143992,0.000000,0.000000,0.000000,0.000000,0,0,3.727051,3.421005,0.009961,0.000179,-35.490140,1.788298,27.026220,356.130900,287.303500,357.957100,104.047200,98.172010,0.300000,1000.000000,0.900730,2468,2740,50.000000,off
1765279988127,2025-12-09 19:33:08.127,226.678400,7.495789,23,14,2,-0.004461,0.009339,-0.038460,-0.158310,-0.133118,0.978363,-35.454050,1.795177,27.010690,-0.988573,-0.061041,0.137745,0.000000,0.000000,0.000000,0.000000,0,0,3.715530,3.466461,0.633563,0.000046,-35.490060,1.788303,27.026250,356.128900,287.328900,357.954500,104.047200,98.172010,0.300000,1000.000000,0.900730,2468,2740,50.000000,off
1765279988138,2025-12-09 19:33:08.138,226.689500,7.506897,23,14,2,-0.004461,0.009339,-0.038460,-0.158310,-0.133118,0.978363,-35.453930,1.795170,27.010690,-0.988545,-0.061134,0.137909,0.000000,0.000000,0.000000,0.000000,0,0,3.715530,3.466461,0.633563,0.000046,-35.489940,1.788295,27.026260,356.132300,287.336900,357.967100,104.047200,98.172010,0.300000,1000.000000,0.900730,2468,2740,50.000000,off
1765279988149,2025-12-09 19:33:08.149,226.700700,7.518066,23,14,2,-0.008409,0.009597,-0.039345,-0.184280,-0.062698,0.980866,-35.454170,1.795496,27.006680,-0.993295,0.010055,0.115116,0.000000,0.000000,0.000000,0.000000,0,0,3.825958,3.622864,0.000010,0.000729,-35.489870,1.788279,27.026290,356.138300,287.353300,357.970200,104.047200,98.172010,0.300000,1000.000000,0.900730,2468,2740,50.000000,off
1765279988161,2025-12-09 19:33:08.161,226.711800,7.529205,23,14,2,0.002597,0.009923,-0.038007,-0.182266,0.055115,0.981690,-35.452090,1.795456,27.017620,-0.984636,0.127492,0.119208,0.000000,0.000000,0.000000,0.000000,0,0,3.912186,3.676392,0.000619,0.000044,-35.489790,1.788213,27.026330,356.140200,287.370800,357.966000,104.047200,98.172010,0.300000,1000.000000,0.900730,2468,2740,50.000000,off
1765279988172,2025-12-09 19:33:08.172,226.723100,7.540497,23,14,2,-0.002904,0.009782,-0.038426,-0.181366,0.027267,0.983032,-35.453270,1.795474,27.012160,-0.987717,0.099728,0.120250,0.000000,0.000000,0.000000,0.000000,0,0,3.879684,3.714081,0.000039,0.000718,-35.489730,1.788202,27.026250,356.143100,287.380400,357.968100,104.047200,98.172010,0.300000,1000.000000,0.900730,2468,2740,50.000000,off
1765279988183,2025-12-09 19:33:08.183,226.733900,7.551285,23,14,2,-0.002904,0.009782,-0.038426,-0.181366,0.027267,0.983032,-35.453200,1.795462,27.012150,-0.987676,0.099771,0.120546,0.000000,0.000000,0.000000,0.000000,0,0,3.879684,3.714081,0.000039,0.000718,-35.489650,1.788192,27.026250,356.141000,287.397600,357.965800,104.047200,98.172010,0.300000,1000.000000,0.900730,2468,2740,50.000000,off
1765279988194,2025-12-09 19:33:08.194,226.745000,7.562408,23,14,2,0.007978,0.010069,-0.037989,-0.166931,0.020111,0.985748,-35.450260,1.795375,27.022710,-0.986509,0.092164,0.135190,0.000000,0.000000,0.000000,0.000000,0,0,3.837906,3.698349,0.009776,0.000725,-35.489550,1.788169,27.026290,356.150300,287.406200,357.960400,104.047200,98.172010,0.300000,1000.000000,0.900730,2468,2740,50.000000,off
1765279988205,2025-12-09 19:33:08.205,226.756300,7.573685,23,14,2,-0.008163,0.009618,-0.038651,-0.198532,0.021820,0.979843,-35.454380,1.795435,27.007080,-0.990115,0.094596,0.103476,0.000000,0.000000,0.000000,0.000000,0,0,3.943298,3.730621,0.002475,0.000729,-35.489460,1.788151,27.026280,356.149200,287.416900,357.964800,104.047200,98.172010,0.300000,1000.000000,0.900730,2468,2740,50.000000,off
1765279988216,2025-12-09 19:33:08.216,226.767200,7.584564,23,14,2,-0.008163,0.009618,-0.038651,-0.198532,0.021820,0.979843,-35.454270,1.795415,27.007060,-0.990104,0.094562,0.103614,0.000000,0.000000,0.000000,0.000000,0,0,3.943298,3.730621,0.002475,0.000729,-35.489360,1.788131,27.026270,356.150500,287.424900,357.968400,104.047200,98.172010,0.300000,1000.000000,0.900730,2468,2740,50.000000,off
1765279988227,2025-12-09 19:33:08.227,226.778500,7.595901,23,14,2,-0.002904,0.009782,-0.038426,-0.181366,0.027267,0.983032,-35.452830,1.795398,27.012140,-0.987629,0.099589,0.121076,0.000000,0.000000,0.000000,0.000000,0,0,3.879684,3.714081,0.039110,0.002871,-35.489280,1.788121,27.026260,356.150100,287.428300,357.974000,104.047200,98.172010,0.300000,1000.000000,0.900730,2468,2740,50.000000,off
1765279988239,2025-12-09 19:33:08.239,226.789500,7.606888,23,14,2,0.007978,0.010069,-0.037989,-0.166931,0.020111,0.985748,-35.449880,1.795376,27.022620,-0.986436,0.092016,0.135823,0.000000,0.000000,0.000000,0.000000,0,0,3.837906,3.698349,0.002460,0.000045,-35.489160,1.788164,27.026230,356.154800,287.443400,357.984300,104.047200,98.172010,0.300000,1000.000000,0.900730,2468,2740,50.000000,off
1765279988250,2025-12-09 19:33:08.250,226.800600,7.618027,23,14,2,-0.007411,0.009652,-0.038699,-0.196579,0.024689,0.980164,-35.453710,1.795446,27.007700,-0.989613,0.097154,0.105830,0.000000,0.000000,0.000000,0.000000,0,0,3.932129,3.731384,0.000623,0.000011,-35.489070,1.788154,27.026210,356.160100,287.437700,357.985100,104.047200,98.172010,0.300000,1000.000000,0.900730,2468,2740,50.000000,off
1765279988261,2025-12-09 19:33:08.261,226.811800,7.629166,23,14,2,-0.007411,0.009652,-0.038699,-0.196579,0.024689,0.980164,-35.453630,1.795471,27.007670,-0.989627,0.096955,0.105884,0.000000,0.000000,0.000000,0.000000,0,0,3.932129,3.731384,0.000623,0.000011,-35.488980,1.788174,27.026190,356.169000,287.440900,357.998900,104.047200,98.172010,0.300000,1000.000000,0.900730,2468,2740,50.000000,off
1765279988272,2025-12-09 19:33:08.272,226.822800,7.640213,23,14,2,-0.007675,0.009665,-0.038813,-0.195786,0.024994,0.980316,-35.453530,1.795464,27.007350,-0.989533,0.097047,0.106687,0.000000,0.000000,0.000000,0.000000,0,0,3.928299,3.728119,0.000623,0.000011,-35.488910,1.788147,27.026150,356.178500,287.440700,358.008800,104.047200,98.172010,0.300000,1000.000000,0.900730,2468,2740,50.000000,off
1765279988283,2025-12-09 19:33:08.283,226.833900,7.651291,23,14,2,-0.004390,0.009767,-0.038728,-0.191208,0.026901,0.981171,-35.452530,1.795453,27.010470,-0.988840,0.098722,0.111484,0.000000,0.000000,0.000000,0.000000,0,0,3.943970,3.750198,0.000619,0.000045,-35.488810,1.788138,27.026120,356.184800,287.449300,358.014400,104.047200,98.172010,0.300000,1000.000000,0.900730,2468,2740,50.000000,off
1765279988294,2025-12-09 19:33:08.294,226.844900,7.662338,23,14,2,-0.004390,0.009767,-0.038728,-0.191208,0.026901,0.981171,-35.452430,1.795416,27.010420,-0.988811,0.098693,0.111768,0.000000,0.000000,0.000000,0.000000,0,0,3.943970,3.750198,0.000619,0.000045,-35.488700,1.788099,27.026080,356.188400,287.465300,358.004400,104.047200,98.172010,0.300000,1000.000000,0.900730,2468,2740,50.000000,off
1765279988305,2025-12-09 19:33:08.305,226.856200,7.673569,23,14,2,-0.001796,0.009859,-0.038687,-0.191544,0.028809,0.981049,-35.451580,1.795429,27.012870,-0.988669,0.100397,0.111490,0.000000,0.000000,0.000000,0.000000,0,0,3.972198,3.832703,0.000619,0.000001,-35.488590,1.788098,27.026040,356.202300,287.467700,357.993700,104.047200,98.172010,0.300000,1000.000000,0.900730,2468,2740,50.000000,off
1765279988316,2025-12-09 19:33:08.316,226.867300,7.684723,23,14,2,-0.000977,0.009884,-0.038665,-0.189545,0.029648,0.981415,-35.451190,1.795416,27.013650,-0.988331,0.101161,0.113794,0.000000,0.000000,0.000000,0.000000,0,0,3.973267,3.834641,0.000619,0.000001,-35.488420,1.788087,27.026040,356.202500,287.483900,358.001200,104.047200,98.172010,0.300000,1000.000000,0.900730,2468,2740,50.000000,off
1765279988327,2025-12-09 19:33:08.327,226.878300,7.695679,23,14,2,-0.004390,0.009767,-0.038728,-0.191208,0.026901,0.981171,-35.452040,1.795420,27.010340,-0.988767,0.098555,0.112281,0.000000,0.000000,0.000000,0.000000,0,0,3.943970,3.750198,0.009838,0.000710,-35.488300,1.788096,27.026010,356.197200,287.494700,358.000900,104.047200,98.172010,0.300000,1000.000000,0.900730,2468,2740,50.000000,off
1765279988338,2025-12-09 19:33:08.338,226.889400,7.706833,23,14,2,-0.004390,0.009767,-0.038728,-0.191208,0.026901,0.981171,-35.451940,1.795403,27.010340,-0.988719,0.098625,0.112642,0.000000,0.000000,0.000000,0.000000,0,0,3.943970,3.750198,0.009838,0.000710,-35.488200,1.788082,27.026020,356.192900,287.515700,358.002200,104.047200,98.172010,0.300000,1000.000000,0.900730,2468,2740,50.000000,off
1765279988349,2025-12-09 19:33:08.349,226.900600,7.717972,23,14,2,-0.001796,0.009859,-0.038687,-0.191544,0.028809,0.981049,-35.451100,1.795390,27.012800,-0.988523,0.100712,0.112495,0.000000,0.000000,0.000000,0.000000,0,0,3.972198,3.832703,0.000038,0.000045,-35.488100,1.788073,27.026010,356.181500,287.526900,358.005500,104.047200,98.172010,0.300000,1000.000000,0.900730,2468,2740,50.000000,off
1765279988361,2025-12-09 19:33:08.361,226.911700,7.729095,23,14,2,-0.000257,0.009910,-0.038652,-0.188217,0.029022,0.981690,-35.450590,1.795416,27.014220,-0.988060,0.100904,0.116356,0.000000,0.000000,0.000000,0.000000,0,0,3.973083,3.847733,0.009838,0.000011,-35.488020,1.788101,27.025960,356.177700,287.555800,358.009900,104.047200,98.172010,0.300000,1000.000000,0.900730,2468,2740,50.000000,off
1765279988371,2025-12-09 19:33:08.371,226.922800,7.740219,23,14,2,-0.000257,0.009910,-0.038652,-0.188217,0.029022,0.981690,-35.450430,1.795436,27.014270,-0.988019,0.101053,0.116575,0.000000,0.000000,0.000000,0.000000,0,0,3.973083,3.847733,0.009838,0.000011,-35.487850,1.788128,27.026030,356.168900,287.568800,358.010000,104.047200,98.172010,0.300000,1000.000000,0.900730,2468,2740,50.000000,off
1765279988382,2025-12-09 19:33:08.382,226.933900,7.751297,23,14,2,-0.001468,0.009881,-0.038710,-0.189835,0.029419,0.981369,-35.450610,1.795434,27.013060,-0.988119,0.101652,0.115219,0.000000,0.000000,0.000000,0.000000,0,0,3.981750,3.853424,0.000038,0.000045,-35.487720,1.788122,27.026000,356.160600,287.584900,358.001600,104.047200,98.172010,0.300000,1000.000000,0.900730,2468,2740,50.000000,off
1765279988394,2025-12-09 19:33:08.394,226.945200,7.762558,23,14,2,-0.001781,0.009881,-0.038768,-0.188736,0.030472,0.981552,-35.450570,1.795464,27.012680,-0.987866,0.102550,0.116612,0.000000,0.000000,0.000000,0.000000,0,0,4.003754,3.861679,0.000619,0.002902,-35.487640,1.788138,27.025940,356.169800,287.600300,357.992300,104.047200,98.172010,0.300000,1000.000000,0.900730,2468,2740,50.000000,off
1765279988405,2025-12-09 19:33:08.405,226.956100,7.773529,23,14,2,-0.004666,0.009812,-0.038906,-0.193558,0.030396,0.980606,-35.451180,1.795483,27.009820,-0.988353,0.102746,0.112157,0.000000,0.000000,0.000000,0.000000,0,0,4.012421,3.885559,0.000038,0.000011,-35.487510,1.788140,27.025890,356.161900,287.625000,357.982500,104.047200,98.172010,0.300000,1000.000000,0.900730,2468,2740,50.000000,off
1765279988416,2025-12-09 19:33:08.416,226.967200,7.784622,23,14,2,-0.004666,0.009812,-0.038906,-0.193558,0.030396,0.980606,-35.451080,1.795526,27.009740,-0.988293,0.102924,0.112523,0.000000,0.000000,0.000000,0.000000,0,0,4.012421,3.885559,0.000038,0.000011,-35.487400,1.788190,27.025830,356.151500,287.646600,357.982500,104.047200,98.172010,0.300000,1000.000000,0.900730,2468,2740,50.000000,off
1765279988427,2025-12-09 19:33:08.427,226.978300,7.795700,23,14,2,-0.001468,0.009881,-0.038710,-0.189835,0.029419,0.981369,-35.450180,1.795506,27.012800,-0.987917,0.102089,0.116555,0.000000,0.000000,0.000000,0.000000,0,0,3.981750,3.853424,0.009837,0.000179,-35.487290,1.788207,27.025790,356.140900,287.662000,357.971100,104.047200,98.172010,0.300000,1000.000000,0.900730,2468,2740,50.000000,off
1765279988439,2025-12-09 19:33:08.439,226.989400,7.806793,23,14,2,-0.001781,0.009881,-0.038768,-0.188736,0.030472,0.981552,-35.450120,1.795543,27.012400,-0.987624,0.103410,0.117894,0.000000,0.000000,0.000000,0.000000,0,0,4.003754,3.861679,0.000619,0.000044,-35.487170,1.788249,27.025710,356.122700,287.675600,357.975000,104.047200,98.172010,0.300000,1000.000000,0.900730,2468,2740,50.000000,off
1765279988450,2025-12-09 19:33:08.450,227.000500,7.817917,23,14,2,-0.004514,0.009817,-0.038904,-0.193268,0.030533,0.980667,-35.450730,1.795598,27.009690,-0.988077,0.103911,0.113574,0.000000,0.000000,0.000000,0.000000,0,0,4.013275,3.887283,0.009838,0.000011,-35.487090,1.788295,27.025660,356.101800,287.691800,357.979300,104.047200,98.172010,0.300000,1000.000000,0.900730,2468,2740,50.000000,off
1765279988461,2025-12-09 19:33:08.461,227.011900,7.829346,23,14,2,-0.004514,0.009817,-0.038904,-0.193268,0.030533,0.980667,-35.450640,1.795628,27.009630,-0.988025,0.104333,0.113644,0.000000,0.000000,0.000000,0.000000,0,0,4.013275,3.887283,0.009838,0.000011,-35.487000,1.788343,27.025600,356.077100,287.696700,357.979000,104.047200,98.172010,0.300000,1000.000000,0.900730,2468,2740,50.000000,off
1765279988472,2025-12-09 19:33:08.472,227.023000,7.840363,23,14,2,-0.004829,0.009812,-0.038925,-0.194656,0.029465,0.980423,-35.450680,1.795686,27.009230,-0.988248,0.103651,0.112299,0.000000,0.000000,0.000000,0.000000,0,0,4.013000,3.889740,0.009838,0.000011,-35.486970,1.788410,27.025520,356.056300,287.701200,357.980300,104.047200,98.172010,0.300000,1000.000000,0.900730,2468,2740,50.000000,off
1765279988483,2025-12-09 19:33:08.483,227.033900,7.851318,23,14,2,-0.003504,0.009854,-0.038889,-0.196777,0.030197,0.979981,-35.450230,1.795720,27.010440,-0.988386,0.104642,0.110170,0.000000,0.000000,0.000000,0.000000,0,0,4.029114,3.889389,0.009899,0.011424,-35.486890,1.788457,27.025460,356.042400,287.702800,357.986100,104.047200,98.172010,0.300000,1000.000000,0.900730,2468,2740,50.000000,off
1765279988494,2025-12-09 19:33:08.494,227.044900,7.862320,23,14,2,-0.003504,0.009854,-0.038889,-0.196777,0.030197,0.979981,-35.450150,1.795733,27.010380,-0.988344,0.104906,0.110298,0.000000,0.000000,0.000000,0.000000,0,0,4.029114,3.889389,0.009899,0.011424,-35.486810,1.788481,27.025400,356.026300,287.710800,357.988900,104.047200,98.172010,0.300000,1000.000000,0.900730,2468,2740,50.000000,off
1765279988505,2025-12-09 19:33:08.505,227.056100,7.873474,23,14,2,-0.003157,0.009864,-0.038896,-0.199600,0.030960,0.979385,-35.449990,1.795732,27.010630,-0.988516,0.105980,0.107696,0.000000,0.000000,0.000000,0.000000,0,0,4.031601,3.889114,0.000619,0.000182,-35.486750,1.788493,27.025330,356.011700,287.726200,357.986800,104.047200,98.172010,0.300000,1000.000000,0.900730,2468,2740,50.000000,off
1765279988517,2025-12-09 19:33:08.517,227.067200,7.884583,23,14,2,-0.001877,0.009916,-0.038907,-0.199066,0.030701,0.979492,-35.449520,1.795747,27.011800,-0.988476,0.105669,0.108276,0.000000,0.000000,0.000000,0.000000,0,0,4.032761,3.894882,0.002444,0.000011,-35.486690,1.788499,27.025280,356.015000,287.728400,357.982400,104.047200,98.172010,0.300000,1000.000000,0.900730,2468,2740,50.000000,off
1765279988528,2025-12-09 19:33:08.528,227.078400,7.895844,23,14,2,-0.003504,0.009854,-0.038889,-0.196777,0.030197,0.979981,-35.449970,1.795725,27.010190,-0.988262,0.105308,0.110651,0.000000,0.000000,0.000000,0.000000,0,0,4.029114,3.889389,0.000619,0.000011,-35.486620,1.788489,27.025220,356.004200,287.731800,357.981400,104.047200,98.172010,0.300000,1000.000000,0.900730,2468,2740,50.000000,off
1765279988539,2025-12-09 19:33:08.539,227.089400,7.906830,23,14,2,-0.003504,0.009854,-0.038889,-0.196777,0.030197,0.979981,-35.449880,1.795746,27.010130,-0.988270,0.105258,0.110628,0.000000,0.000000,0.000000,0.000000,0,0,4.029114,3.889389,0.000619,0.000011,-35.486530,1.788507,27.025160,356.007600,287.730200,357.979200,104.047200,98.172010,0.300000,1000.000000,0.900730,2468,2740,50.000000,off
1765279988550,2025-12-09 19:33:08.550,227.100400,7.917831,23,14,2,-0.003157,0.009864,-0.038896,-0.199600,0.030960,0.979385,-35.449680,1.795743,27.010330,-0.988479,0.106137,0.107880,0.000000,0.000000,0.000000,0.000000,0,0,4.031601,3.889114,0.009900,0.000181,-35.486450,1.788511,27.025040,356.001600,287.737300,357.991000,104.047200,98.172010,0.300000,1000.000000,0.900730,2468,2740,50.000000,off
1765279988561,2025-12-09 19:33:08.561,227.111500,7.928925,23,14,2,-0.002283,0.009905,-0.038922,-0.200531,0.030197,0.979218,-35.449330,1.795759,27.011070,-0.988634,0.105303,0.107262,0.000000,0.000000,0.000000,0.000000,0,0,4.032394,3.895462,0.010022,0.011484,-35.486380,1.788516,27.024970,356.005500,287.756500,357.999400,104.047200,98.172010,0.300000,1000.000000,0.900730,2468,2740,50.000000,off
1765279988572,2025-12-09 19:33:08.572,227.122700,7.940079,23,14,2,-0.002283,0.009905,-0.038922,-0.200531,0.030197,0.979218,-35.449230,1.795722,27.011000,-0.988612,0.105404,0.107367,0.000000,0.000000,0.000000,0.000000,0,0,4.032394,3.895462,0.010022,0.011484,-35.486280,1.788484,27.024900,355.999500,287.762800,357.999600,104.047200,98.172010,0.300000,1000.000000,0.900730,2468,2740,50.000000,off
1765279988582,2025-12-09 19:33:08.582,227.133900,7.951263,23,14,2,-0.002182,0.009912,-0.038934,-0.200562,0.028915,0.979248,-35.449130,1.795714,27.011010,-0.988708,0.104323,0.107520,0.000000,0.000000,0.000000,0.000000,0,0,4.028458,3.903275,2.534374,0.000046,-35.486220,1.788479,27.024830,355.988900,287.773900,357.995300,104.047200,98.172010,0.300000,1000.000000,0.900730,2468,2740,50.000000,off
1765279988593,2025-12-09 19:33:08.593,227.144900,7.962311,23,14,2,-0.002443,0.009910,-0.038963,-0.200867,0.028656,0.979187,-35.449130,1.795710,27.010680,-0.988723,0.104108,0.107536,0.000000,0.000000,0.000000,0.000000,0,0,4.038879,3.895370,0.010083,0.000729,-35.486160,1.788474,27.024770,355.984400,287.793500,358.007000,104.047200,98.172010,0.300000,1000.000000,0.900730,2468,2740,50.000000,off
1765279988605,2025-12-09 19:33:08.605,227.155900,7.973343,23,14,2,-0.003453,0.009881,-0.038913,-0.210327,0.012909,0.977539,-35.449420,1.795718,27.009650,-0.991210,0.088704,0.098091,0.000000,0.000000,0.000000,0.000000,0,0,4.069641,3.886673,0.039355,0.000046,-35.486100,1.788479,27.024700,355.975900,287.808400,358.023700,104.047200,98.172010,0.300000,1000.000000,0.900730,2468,2740,50.000000,off
1765279988616,2025-12-09 19:33:08.616,227.167100,7.984512,23,14,2,-0.003453,0.009881,-0.038913,-0.210327,0.012909,0.977539,-35.449320,1.795687,27.009580,-0.991178,0.088844,0.098280,0.000000,0.000000,0.000000,0.000000,0,0,4.069641,3.886673,0.039355,0.000046,-35.485990,1.788458,27.024640,355.963400,287.820000,358.043500,104.047200,98.172010,0.300000,1000.000000,0.900730,2468,2740,50.000000,off
1765279988627,2025-12-09 19:33:08.627,227.178300,7.995712,23,14,2,-0.002540,0.010017,-0.039242,-0.208420,0.013947,0.977936,-35.448710,1.795731,27.010310,-0.990844,0.090225,0.100399,0.000000,0.000000,0.000000,0.000000,0,0,3.984726,3.981430,0.009960,0.002871,-35.485980,1.788439,27.024610,355.937900,287.830800,358.057600,104.047200,98.172010,0.300000,1000.000000,0.900730,2468,2740,50.000000,off
1765279988638,2025-12-09 19:33:08.638,227.189400,8.006760,23,14,2,-0.030520,0.009572,-0.041290,-0.212540,-0.037796,0.976410,-35.455270,1.796118,26.982990,-0.994645,0.038932,0.095622,0.000000,0.000000,0.000000,0.000000,0,0,3.724426,3.881287,0.010022,0.000046,-35.485950,1.788480,27.024570,355.922400,287.840200,358.058800,104.047200,98.172010,0.300000,1000.000000,0.900730,2468,2740,50.000000,off
1765279988649,2025-12-09 19:33:08.649,227.200400,8.017838,23,14,2,-0.030520,0.009572,-0.041290,-0.212540,-0.037796,0.976410,-35.455240,1.796175,26.982930,-0.994609,0.039155,0.095903,0.000000,0.000000,0.000000,0.000000,0,0,3.724426,3.881287,0.010022,0.000046,-35.485900,1.788550,27.024510,355.908400,287.856400,358.063100,104.047200,98.172010,0.300000,1000.000000,0.900730,2468,2740,50.000000,off
1765279988661,2025-12-09 19:33:08.661,227.211600,8.028976,23,14,0,0.029200,0.011531,-0.039155,-0.123184,-0.253906,0.959335,-35.438930,1.796270,27.040390,-0.968156,-0.180130,0.173765,0.000000,0.000000,0.000000,0.000000,0,0,2.957458,3.713882,2.581248,0.011729,-35.485890,1.788575,27.024460,355.887900,287.873100,358.048700,104.047200,98.172010,0.300000,1000.000000,0.900730,2468,2740,50.000000,off
1765279988672,2025-12-09 19:33:08.672,227.222800,8.040161,23,14,1,0.000000,0.000000,0.000000,0.000000,0.000000,1.000000,0.000000,0.000000,0.000000,0.000000,0.000000,0.000000,0.000000,0.000000,0.000000,0.000000,0,0,0.000000,0.000000,0.000000,0.000000,-35.485870,1.788557,27.024430,355.868200,287.892700,358.030900,104.047200,98.172010,0.300000,1000.000000,0.900730,2468,2740,50.000000,off
1765279988683,2025-12-09 19:33:08.683,227.233800,8.051208,23,14,2,-0.030520,0.009572,-0.041290,-0.212540,-0.037796,0.976410,-35.455210,1.796207,26.982770,-0.994497,0.039921,0.096752,0.000000,0.000000,0.000000,0.000000,0,0,3.724426,3.881287,0.000630,0.000183,-35.485850,1.788587,27.024380,355.872300,287.907100,358.022500,104.047200,98.172010,0.300000,1000.000000,0.900730,2468,2740,50.000000,off
1765279988694,2025-12-09 19:33:08.694,227.244800,8.062195,23,14,2,-0.030520,0.009572,-0.041290,-0.212540,-0.037796,0.976410,-35.455180,1.796162,26.982730,-0.994476,0.040246,0.096832,0.000000,0.000000,0.000000,0.000000,0,0,3.724426,3.881287,0.000630,0.000183,-35.485820,1.788555,27.024340,355.853500,287.912000,358.021100,104.047200,98.172010,0.300000,1000.000000,0.900730,2468,2740,50.000000,off
1765279988705,2025-12-09 19:33:08.705,227.256000,8.073349,23,14,0,0.029200,0.011531,-0.039155,-0.123184,-0.253906,0.959335,-35.438840,1.796223,27.040200,-0.968117,-0.179603,0.174524,0.000000,0.000000,0.000000,0.000000,0,0,2.957458,3.713882,0.641421,0.000012,-35.485820,1.788556,27.024300,355.858900,287.920000,358.033900,104.047200,98.172010,0.300000,1000.000000,0.900730,2468,2740,50.000000,off
1765279988717,2025-12-09 19:33:08.717,227.267200,8.084549,23,14,1,0.000000,0.000000,0.000000,0.000000,0.000000,1.000000,0.000000,0.000000,0.000000,0.000000,0.000000,0.000000,0.000000,0.000000,0.000000,0.000000,0,0,0.000000,0.000000,0.000000,0.000000,-35.485800,1.788543,27.024260,355.861600,287.932100,358.043700,104.047200,98.172010,0.300000,1000.000000,0.900730,2468,2740,50.000000,off
1765279988727,2025-12-09 19:33:08.727,227.278200,8.095612,23,14,1,0.000000,0.000000,0.000000,0.000000,0.000000,1.000000,0.000000,0.000000,0.000000,0.000000,0.000000,0.000000,0.000000,0.000000,0.000000,0.000000,0,0,0.000000,0.000000,0.000000,0.000000,-35.485810,1.788502,27.024230,355.864000,287.930100,358.054600,104.047200,98.172010,0.300000,1000.000000,0.900730,2468,2740,50.000000,off
1765279988738,2025-12-09 19:33:08.738,227.289300,8.106735,23,14,1,0.000000,0.000000,0.000000,0.000000,0.000000,1.000000,0.000000,0.000000,0.000000,0.000000,0.000000,0.000000,0.000000,0.000000,0.000000,0.000000,0,0,0.000000,0.000000,0.000000,0.000000,-35.485810,1.788464,27.024170,355.881900,287.938800,358.059200,104.047200,98.172010,0.300000,1000.000000,0.900730,2468,2740,50.000000,off
1765279988749,2025-12-09 19:33:08.749,227.300300,8.117676,23,14,1,-0.030704,0.010210,-0.042100,-0.153091,-0.143662,0.977707,-35.454500,1.796615,26.982110,-0.985846,-0.067973,0.153211,0.000000,0.000000,0.000000,0.000000,0,0,-1.000000,3.187912,0.641391,0.002917,-35.485870,1.788422,27.024160,355.889200,287.937100,358.067200,104.047200,98.172010,0.300000,1000.000000,0.900730,2468,2740,50.000000,off
1765279988760,2025-12-09 19:33:08.760,227.311500,8.128860,23,14,1,0.000000,0.000000,0.000000,0.000000,0.000000,1.000000,0.000000,0.000000,0.000000,0.000000,0.000000,0.000000,0.000000,0.000000,0.000000,0.000000,0,0,0.000000,0.000000,0.000000,0.000000,-35.485900,1.788369,27.024110,355.894600,287.937100,358.058700,104.047200,98.172010,0.300000,1000.000000,0.900730,2468,2740,50.000000,off
1765279988771,2025-12-09 19:33:08.771,227.322600,8.140045,23,14,1,0.000000,0.000000,0.000000,0.000000,0.000000,1.000000,0.000000,0.000000,0.000000,0.000000,0.000000,0.000000,0.000000,0.000000,0.000000,0.000000,0,0,0.000000,0.000000,0.000000,0.000000,-35.485980,1.788343,27.024050,355.915300,287.940400,358.062000,104.047200,98.172010,0.300000,1000.000000,0.900730,2468,2740,50.000000,off
1765279988782,2025-12-09 19:33:08.782,227.333800,8.151199,23,14,1,0.000000,0.000000,0.000000,0.000000,0.000000,1.000000,0.000000,0.000000,0.000000,0.000000,0.000000,0.000000,0.000000,0.000000,0.000000,0.000000,0,0,0.000000,0.000000,0.000000,0.000000,-35.486000,1.788302,27.024000,355.933200,287.939900,358.059600,104.047200,98.172010,0.300000,1000.000000,0.900730,2468,2740,50.000000,off
1765279988793,2025-12-09 19:33:08.793,227.344700,8.162109,23,14,1,-0.030621,0.010855,-0.045007,-0.135788,-0.027481,0.990341,-35.451820,1.796968,26.981070,-0.983451,0.047098,0.174859,-50.138770,2.500333,29.592440,14.933870,Node13,NodeMarker,-1.000000,3.382431,0.158402,0.000046,-35.486020,1.788286,27.023920,355.952700,287.944500,358.055200,104.047200,98.172010,0.300000,1000.000000,0.900730,2468,2740,50.000000,off
1765279988805,2025-12-09 19:33:08.805,227.356200,8.173569,23,14,1,-0.030557,0.010494,-0.043623,-0.127579,-0.029892,0.991364,-35.453150,1.796675,26.981500,-0.982128,0.044198,0.182876,-49.834620,2.443876,29.659390,14.642970,Node13,NodeMarker,-1.000000,3.409424,0.160348,0.000046,-35.486020,1.788251,27.023870,355.968300,287.939100,358.065000,104.047200,98.172010,0.300000,1000.000000,0.900730,2468,2740,50.000000,off
1765279988816,2025-12-09 19:33:08.816,227.367000,8.184402,23,14,1,-0.030557,0.010494,-0.043623,-0.127579,-0.029892,0.991364,-35.453160,1.796638,26.981450,-0.982176,0.043830,0.182702,-49.830340,2.438231,29.655860,14.637880,Node13,NodeMarker,-1.000000,3.409424,0.160348,0.000046,-35.486040,1.788204,27.023810,355.988000,287.928300,358.076800,104.047200,98.172010,0.300000,1000.000000,0.900730,2468,2740,50.000000,off
1765279988827,2025-12-09 19:33:08.827,227.378200,8.195602,23,14,0,0.029484,0.012537,-0.042706,-0.045898,-0.250595,0.966995,-35.435570,1.796699,27.038810,-0.951033,-0.180861,0.250620,0.000000,0.000000,0.000000,0.000000,0,0,2.964905,3.912125,0.160348,0.002932,-35.486060,1.788164,27.023740,356.000300,287.926500,358.079500,104.047200,98.172010,0.300000,1000.000000,0.900730,2468,2740,50.000000,off
1765279988838,2025-12-09 19:33:08.838,227.389300,8.206680,23,14,2,-0.030639,0.009432,-0.039654,-0.211289,0.090195,0.973251,-35.457070,1.795792,26.982440,-0.981457,0.164467,0.098433,0.000000,0.000000,0.000000,0.000000,0,0,3.627441,3.963394,0.039843,0.002963,-35.486080,1.788129,27.023670,356.019400,287.911700,358.102900,104.047200,98.172010,0.300000,1000.000000,0.900730,2468,2740,50.000000,off
1765279988849,2025-12-09 19:33:08.849,227.400400,8.217819,23,14,2,-0.030639,0.009432,-0.039654,-0.211289,0.090195,0.973251,-35.457030,1.795789,26.982390,-0.981555,0.164079,0.098103,0.000000,0.000000,0.000000,0.000000,0,0,3.627441,3.963394,0.039843,0.002963,-35.486050,1.788121,27.023610,356.039100,287.892900,358.118800,104.047200,98.172010,0.300000,1000.000000,0.900730,2468,2740,50.000000,off
1765279988860,2025-12-09 19:33:08.860,227.411500,8.228943,23,14,1,-0.030557,0.010494,-0.043623,-0.127579,-0.029892,0.991364,-35.453150,1.796517,26.981190,-0.982373,0.042958,0.181849,-49.827710,2.425100,29.642080,14.632270,Node13,NodeMarker,-1.000000,3.409424,2.534251,0.186704,-35.486050,1.788081,27.023530,356.031000,287.876400,358.134000,104.047200,98.172010,0.300000,1000.000000,0.900730,2468,2740,50.000000,off
1765279988872,2025-12-09 19:33:08.872,227.422600,8.240021,23,14,0,0.029484,0.012537,-0.042706,-0.045898,-0.250595,0.966995,-35.435540,1.796709,27.038550,-0.951100,-0.181637,0.249802,0.000000,0.000000,0.000000,0.000000,0,0,2.964905,3.912125,0.039845,0.002856,-35.486020,1.788108,27.023430,356.042000,287.863200,358.145100,104.047200,98.172010,0.300000,1000.000000,0.900730,2468,2740,50.000000,off
1765279988883,2025-12-09 19:33:08.883,227.433600,8.251022,23,14,2,-0.030660,0.009456,-0.039745,-0.213425,0.091721,0.972641,-35.456860,1.795776,26.982120,-0.981636,0.165450,0.094929,0.000000,0.000000,0.000000,0.000000,0,0,3.747849,3.832565,0.160355,0.000722,-35.486000,1.788103,27.023370,356.043000,287.839000,358.149500,104.047200,98.172010,0.300000,1000.000000,0.900730,2468,2740,50.000000,off
1765279988894,2025-12-09 19:33:08.894,227.444800,8.262222,23,14,2,-0.030660,0.009456,-0.039745,-0.213425,0.091721,0.972641,-35.456840,1.795829,26.982040,-0.981608,0.165557,0.095031,0.000000,0.000000,0.000000,0.000000,0,0,3.747849,3.832565,0.160355,0.000722,-35.485970,1.788161,27.023290,356.036300,287.845300,358.150700,104.047200,98.172010,0.300000,1000.000000,0.900730,2468,2740,50.000000,off
1765279988905,2025-12-09 19:33:08.905,227.455900,8.273315,23,14,2,-0.030616,0.009400,-0.039566,-0.205063,0.120316,0.971314,-35.456990,1.795795,26.982090,-0.975618,0.193988,0.102543,0.000000,0.000000,0.000000,0.000000,0,0,3.926895,3.969574,0.160355,0.000722,-35.485980,1.788186,27.023240,356.019100,287.828100,358.153400,104.047200,98.172010,0.300000,1000.000000,0.900730,2468,2740,50.000000,off
1765279988916,2025-12-09 19:33:08.916,227.467100,8.284470,23,14,2,-0.029361,0.009584,-0.040136,-0.211060,0.114670,0.970718,-35.456040,1.795894,26.983050,-0.977257,0.188789,0.096530,0.000000,0.000000,0.000000,0.000000,0,0,3.898422,3.912766,0.641375,0.000182,-35.485970,1.788208,27.023180,355.997300,287.828100,358.177300,104.047200,98.172010,0.300000,1000.000000,0.900730,2468,2740,50.000000,off
1765279988927,2025-12-09 19:33:08.927,227.478100,8.295471,23,14,2,-0.029361,0.009584,-0.040136,-0.211060,0.114670,0.970718,-35.455950,1.795926,26.983060,-0.977236,0.188948,0.096428,0.000000,0.000000,0.000000,0.000000,0,0,3.898422,3.912766,0.641375,0.000182,-35.485870,1.788252,27.023190,355.986200,287.823700,358.184800,104.047200,98.172010,0.300000,1000.000000,0.900730,2468,2740,50.000000,off
1765279988938,2025-12-09 19:33:08.938,227.489200,8.306610,23,14,2,-0.027819,0.009549,-0.039754,-0.201813,0.107880,0.973450,-35.455800,1.795886,26.984620,-0.977490,0.182376,0.105946,0.000000,0.000000,0.000000,0.000000,0,0,3.904022,3.977036,0.159379,0.002902,-35.485830,1.788291,27.023170,355.965200,287.822900,358.200200,104.047200,98.172010,0.300000,1000.000000,0.900730,2468,2740,50.000000,off
1765279988949,2025-12-09 19:33:08.949,227.500200,8.317612,23,14,2,-0.010353,0.010157,-0.039574,-0.165283,0.116119,0.979370,-35.450580,1.795980,27.001250,-0.971256,0.190424,0.142717,0.000000,0.000000,0.000000,0.000000,0,0,3.960815,3.980911,2.581187,0.000733,-35.485790,1.788339,27.023120,355.930700,287.832400,358.208200,104.047200,98.172010,0.300000,1000.000000,0.900730,2468,2740,50.000000,off
1765279988961,2025-12-09 19:33:08.961,227.511500,8.328888,23,14,2,-0.029361,0.009584,-0.040136,-0.211060,0.114670,0.970718,-35.455820,1.795982,26.982960,-0.976994,0.190036,0.096738,0.000000,0.000000,0.000000,0.000000,0,0,3.898422,3.912766,0.040332,0.002932,-35.485730,1.788377,27.023110,355.913600,287.850200,358.220200,104.047200,98.172010,0.300000,1000.000000,0.900730,2468,2740,50.000000,off
1765279988972,2025-12-09 19:33:08.972,227.522500,8.339859,23,14,2,-0.029361,0.009584,-0.040136,-0.211060,0.114670,0.970718,-35.455810,1.795982,26.982960,-0.976887,0.190305,0.097292,0.000000,0.000000,0.000000,0.000000,0,0,3.898422,3.912766,0.040332,0.002932,-35.485700,1.788394,27.023130,355.895900,287.884600,358.227600,104.047200,98.172010,0.300000,1000.000000,0.900730,2468,2740,50.000000,off
1765279988983,2025-12-09 19:33:08.983,227.533700,8.351074,23,14,2,-0.027819,0.009549,-0.039754,-0.201813,0.107880,0.973450,-35.455620,1.795954,26.984530,-0.977091,0.183721,0.107291,0.000000,0.000000,0.000000,0.000000,0,0,3.904022,3.977036,10.325730,0.000741,-35.485610,1.788432,27.023130,355.879300,287.909800,358.228700,104.047200,98.172010,0.300000,1000.000000,0.900730,2468,2740,50.000000,off
1765279988994,2025-12-09 19:33:08.994,227.544800,8.362167,23,14,2,-0.011509,0.010003,-0.039068,-0.183167,0.110855,0.976807,-35.451210,1.796008,27.000270,-0.974260,0.186635,0.126391,0.000000,0.000000,0.000000,0.000000,0,0,4.015915,3.980515,0.649264,0.002978,-35.485550,1.788503,27.023150,355.861000,287.929500,358.237200,104.047200,98.172010,0.300000,1000.000000,0.900730,2468,2740,50.000000,off
1765279989005,2025-12-09 19:33:09.005,227.555900,8.373276,23,14,2,-0.011509,0.010003,-0.039068,-0.183167,0.110855,0.976807,-35.451230,1.796096,27.000250,-0.974153,0.186810,0.126953,0.000000,0.000000,0.000000,0.000000,0,0,4.015915,3.980515,0.649264,0.002978,-35.485560,1.788598,27.023150,355.850400,287.963300,358.238400,104.047200,98.172010,0.300000,1000.000000,0.900730,2468,2740,50.000000,off
1765279989016,2025-12-09 19:33:09.016,227.566900,8.384323,23,14,2,-0.014247,0.009869,-0.039166,-0.121429,0.089539,0.988541,-35.451930,1.796069,26.997620,-0.967852,0.165065,0.189716,0.000000,0.000000,0.000000,0.000000,0,0,4.049332,3.973007,2.581310,0.000186,-35.485500,1.788648,27.023170,355.819100,287.997500,358.232100,104.047200,98.172010,0.300000,1000.000000,0.900730,2468,2740,50.000000,off
1765279989027,2025-12-09 19:33:09.027,227.578000,8.395386,23,14,2,-0.027808,0.009497,-0.040131,0.087906,0.071014,0.993591,-35.455170,1.796073,26.984460,-0.909641,0.141052,0.390706,0.000000,0.000000,0.000000,0.000000,0,0,4.068451,3.866592,0.641391,0.000185,-35.485440,1.788696,27.023230,355.788300,288.025000,358.229100,104.047200,98.172010,0.300000,1000.000000,0.900730,2468,2740,50.000000,off
1765279989039,2025-12-09 19:33:09.039,227.589200,8.406647,23,14,2,-0.002103,0.010009,-0.038636,0.278198,0.033920,0.959915,-35.448590,1.795948,27.009400,-0.821949,0.096360,0.561335,0.000000,0.000000,0.000000,0.000000,0,0,3.988907,3.980545,41.302910,0.000184,-35.485380,1.788770,27.023280,355.750900,288.045100,358.229100,104.047200,98.172010,0.300000,1000.000000,0.900730,2468,2740,50.000000,off
1765279989049,2025-12-09 19:33:09.049,227.600100,8.417542,23,14,2,-0.002103,0.010009,-0.038636,0.278198,0.033920,0.959915,-35.448550,1.795979,27.009430,-0.821815,0.096902,0.561437,0.000000,0.000000,0.000000,0.000000,0,0,3.988907,3.980545,41.302910,0.000184,-35.485340,1.788825,27.023310,355.715000,288.053100,358.217500,104.047200,98.172010,0.300000,1000.000000,0.900730,2468,2740,50.000000,off
1765279989061,2025-12-09 19:33:09.061,227.611400,8.428818,23,13,2,-0.003193,0.010685,-0.042736,0.639008,-0.088287,0.764099,-49.544930,1.796409,30.007150,-0.534851,-0.050151,0.843441,0.000000,0.000000,0.000000,0.000000,0,0,3.870193,4.179016,2.581493,0.000186,-49.585320,1.788890,30.023330,355.665600,288.070300,358.209600,104.047200,98.172010,0.300000,1000.000000,0.900730,2468,2740,50.000000,off
1765279989072,2025-12-09 19:33:09.072,227.622400,8.439789,23,13,2,-0.027808,0.009497,-0.040131,0.087906,0.071014,0.993591,-49.555050,1.796269,29.984580,-0.908921,0.143693,0.391419,0.000000,0.000000,0.000000,0.000000,0,0,4.068451,3.866592,0.160355,0.000046,-49.585310,1.788991,30.023370,355.632200,288.075500,358.201400,104.047200,98.172010,0.300000,1000.000000,0.900730,2468,2740,50.000000,off
1765279989083,2025-12-09 19:33:09.083,227.633500,8.450912,23,13,2,-0.027808,0.009497,-0.040131,0.087906,0.071014,0.993591,-49.555050,1.796326,29.984610,-0.908814,0.144382,0.391415,0.000000,0.000000,0.000000,0.000000,0,0,4.068451,3.866592,0.160355,0.000046,-49.585310,1.789072,30.023410,355.591300,288.076600,358.192400,104.047200,98.172010,0.300000,1000.000000,0.900730,2468,2740,50.000000,off
1765279989094,2025-12-09 19:33:09.094,227.644700,8.462112,23,13,2,-0.002103,0.010009,-0.038636,0.278198,0.033920,0.959915,-49.548520,1.796193,30.009540,-0.821327,0.099505,0.561696,0.000000,0.000000,0.000000,0.000000,0,0,3.988907,3.980545,2.550121,0.000729,-49.585330,1.789152,30.023430,355.548400,288.076000,358.181700,104.047200,98.172010,0.300000,1000.000000,0.900730,2468,2740,50.000000,off
1765279989104,2025-12-09 19:33:09.104,227.655900,8.473251,23,13,2,-0.003212,0.010562,-0.042186,0.654114,-0.092026,0.750763,-49.545520,1.796533,30.007440,-0.518027,-0.054120,0.853638,0.000000,0.000000,0.000000,0.000000,0,0,4.077072,4.187347,0.641452,0.000737,-49.585400,1.789195,30.023470,355.527200,288.072900,358.157100,104.047200,98.172010,0.300000,1000.000000,0.900730,2468,2740,50.000000,off
1765279989115,2025-12-09 19:33:09.115,227.666900,8.484344,23,13,2,-0.011321,0.010212,-0.042021,0.634201,-0.084915,0.768478,-49.548210,1.796495,29.999810,-0.540400,-0.044779,0.840205,0.000000,0.000000,0.000000,0.000000,0,0,4.066086,4.209641,0.641452,0.000737,-49.585420,1.789252,30.023500,355.499500,288.071800,358.144500,104.047200,98.172010,0.300000,1000.000000,0.900730,2468,2740,50.000000,off
1765279989126,2025-12-09 19:33:09.126,227.678000,8.495361,23,13,2,-0.011321,0.010212,-0.042021,0.634201,-0.084915,0.768478,-49.548210,1.796484,29.999820,-0.540521,-0.044688,0.840131,0.000000,0.000000,0.000000,0.000000,0,0,4.066086,4.209641,0.641452,0.000737,-49.585420,1.789255,30.023510,355.473300,288.067100,358.120700,104.047200,98.172010,0.300000,1000.000000,0.900730,2468,2740,50.000000,off
1765279989138,2025-12-09 19:33:09.138,227.689100,8.506516,23,13,2,-0.032901,0.009078,-0.040566,0.611404,-0.075653,0.787674,-49.556340,1.796168,29.979770,-0.564973,-0.032934,0.824433,0.000000,0.000000,0.000000,0.000000,0,0,4.207504,4.117630,10.263230,0.000729,-49.585440,1.789263,30.023540,355.450400,288.065800,358.115700,104.047200,98.172010,0.300000,1000.000000,0.900730,2468,2740,50.000000,off
1765279989149,2025-12-09 19:33:09.149,227.700200,8.517609,23,13,2,-0.031156,0.009143,-0.040560,0.615265,-0.076584,0.784576,-49.555850,1.796196,29.981510,-0.560955,-0.034480,0.827114,0.000000,0.000000,0.000000,0.000000,0,0,4.288162,4.161194,0.162305,0.000748,-49.585490,1.789270,30.023610,355.459600,288.064800,358.104500,104.047200,98.172010,0.300000,1000.000000,0.900730,2468,2740,50.000000,off
1765279989160,2025-12-09 19:33:09.160,227.711600,8.528961,23,13,2,-0.031811,0.009150,-0.040695,0.612869,-0.070938,0.786972,-49.555930,1.796228,29.980900,-0.563641,-0.028685,0.825501,0.000000,0.000000,0.000000,0.000000,0,0,4.277634,4.181702,10.262500,0.000733,-49.585520,1.789279,30.023660,355.457700,288.054600,358.092800,104.047200,98.172010,0.300000,1000.000000,0.900730,2468,2740,50.000000,off
1765279989171,2025-12-09 19:33:09.171,227.722400,8.539825,23,13,2,-0.031811,0.009150,-0.040695,0.612869,-0.070938,0.786972,-49.555950,1.796215,29.980950,-0.563764,-0.028764,0.825415,0.000000,0.000000,0.000000,0.000000,0,0,4.277634,4.181702,10.262500,0.000733,-49.585540,1.789261,30.023700,355.456500,288.047000,358.083800,104.047200,98.172010,0.300000,1000.000000,0.900730,2468,2740,50.000000,off
1765279989183,2025-12-09 19:33:09.183,227.734300,8.551743,23,13,2,-0.032901,0.009078,-0.040566,0.611404,-0.075653,0.787674,-49.556450,1.796184,29.979960,-0.565274,-0.033183,0.824217,0.000000,0.000000,0.000000,0.000000,0,0,4.207504,4.117630,0.633639,0.000046,-49.585570,1.789266,30.023720,355.449900,288.047100,358.091600,104.047200,98.172010,0.300000,1000.000000,0.900730,2468,2740,50.000000,off
1765279989193,2025-12-09 19:33:09.193,227.744600,8.562012,23,13,2,-0.031156,0.009143,-0.040560,0.615265,-0.076584,0.784576,-49.555960,1.796203,29.981670,-0.561320,-0.034564,0.826862,0.000000,0.000000,0.000000,0.000000,0,0,4.288162,4.161194,10.263720,0.047162,-49.585620,1.789273,30.023760,355.449200,288.041800,358.083300,104.047200,98.172010,0.300000,1000.000000,0.900730,2468,2740,50.000000,off
1765279989204,2025-12-09 19:33:09.204,227.755800,8.573166,23,13,2,-0.031156,0.009143,-0.040560,0.615265,-0.076584,0.784576,-49.556020,1.796226,29.981720,-0.561256,-0.034367,0.826914,0.000000,0.000000,0.000000,0.000000,0,0,4.288162,4.161194,10.263720,0.047162,-49.585680,1.789307,30.023820,355.444200,288.045300,358.095200,104.047200,98.172010,0.300000,1000.000000,0.900730,2468,2740,50.000000,off
1765279989216,2025-12-09 19:33:09.216,227.767000,8.584366,23,13,2,-0.032788,0.009120,-0.040726,0.610199,-0.072861,0.788879,-49.556440,1.796240,29.980170,-0.566507,-0.029994,0.823500,0.000000,0.000000,0.000000,0.000000,0,0,4.267349,4.188278,10.387990,0.002932,-49.585750,1.789310,30.023870,355.424000,288.051500,358.083300,104.047200,98.172010,0.300000,1000.000000,0.900730,2468,2740,50.000000,off
1765279989227,2025-12-09 19:33:09.227,227.778200,8.595612,23,13,2,-0.032768,0.009134,-0.040785,0.607636,-0.074509,0.790695,-49.556460,1.796273,29.980220,-0.569137,-0.031486,0.821622,0.000000,0.000000,0.000000,0.000000,0,0,4.251389,4.189346,2.597118,0.046672,-49.585830,1.789331,30.023910,355.421300,288.054100,358.072100,104.047200,98.172010,0.300000,1000.000000,0.900730,2468,2740,50.000000,off
1765279989238,2025-12-09 19:33:09.238,227.789400,8.606812,23,13,2,-0.032910,0.009148,-0.040864,0.606537,-0.077042,0.791306,-49.556490,1.796325,29.980110,-0.570104,-0.034310,0.820848,0.000000,0.000000,0.000000,0.000000,0,0,4.206863,4.187393,41.549980,0.046674,-49.585890,1.789349,30.023970,355.427200,288.068300,358.043100,104.047200,98.172010,0.300000,1000.000000,0.900730,2468,2740,50.000000,off
1765279989249,2025-12-09 19:33:09.249,227.800200,8.617599,23,13,2,-0.032910,0.009148,-0.040864,0.606537,-0.077042,0.791306,-49.556590,1.796333,29.980130,-0.569936,-0.034637,0.820951,0.000000,0.000000,0.000000,0.000000,0,0,4.206863,4.187393,41.549980,0.046674,-49.585980,1.789339,30.023990,355.433000,288.081900,358.019600,104.047200,98.172010,0.300000,1000.000000,0.900730,2468,2740,50.000000,off
1765279989260,2025-12-09 19:33:09.260,227.811300,8.628738,23,13,2,-0.001695,0.010602,-0.040581,0.156143,0.075607,0.984833,-49.547230,1.796728,30.009980,-0.878609,0.148224,0.453948,0.000000,0.000000,0.000000,0.000000,0,0,4.152359,4.046417,0.641421,0.046184,-49.586070,1.789334,30.024060,355.438200,288.090500,358.002000,104.047200,98.172010,0.300000,1000.000000,0.900730,2468,2740,50.000000,off
1765279989271,2025-12-09 19:33:09.271,227.822500,8.639877,23,13,2,-0.032768,0.009134,-0.040785,0.607636,-0.074509,0.790695,-49.556810,1.796337,29.980380,-0.568659,-0.032804,0.821902,0.000000,0.000000,0.000000,0.000000,0,0,4.251389,4.189346,0.009839,0.000725,-49.586160,1.789324,30.024090,355.458600,288.093000,357.996100,104.047200,98.172010,0.300000,1000.000000,0.900730,2468,2740,50.000000,off
1765279989283,2025-12-09 19:33:09.283,227.833600,8.650970,23,13,2,-0.032768,0.009134,-0.040785,0.607636,-0.074509,0.790695,-49.556890,1.796327,29.980400,-0.568481,-0.032957,0.822018,0.000000,0.000000,0.000000,0.000000,0,0,4.251389,4.189346,0.009839,0.000725,-49.586230,1.789307,30.024110,355.472700,288.104500,358.000200,104.047200,98.172010,0.300000,1000.000000,0.900730,2468,2740,50.000000,off
1765279989294,2025-12-09 19:33:09.294,227.844600,8.661987,23,13,2,-0.032910,0.009148,-0.040864,0.606537,-0.077042,0.791306,-49.556920,1.796329,29.980330,-0.569527,-0.035480,0.821198,0.000000,0.000000,0.000000,0.000000,0,0,4.206863,4.187393,10.263470,0.000045,-49.586290,1.789291,30.024200,355.489100,288.108700,358.013600,104.047200,98.172010,0.300000,1000.000000,0.900730,2468,2740,50.000000,off
1765279989305,2025-12-09 19:33:09.305,227.855800,8.673203,23,13,2,-0.001447,0.010209,-0.038863,0.083588,0.092880,0.992157,-49.549010,1.796373,30.010990,-0.906319,0.167582,0.387932,0.000000,0.000000,0.000000,0.000000,0,0,4.267227,3.993622,0.645312,0.000046,-49.586250,1.789204,30.024330,355.495500,288.124500,358.021500,104.047200,98.172010,0.300000,1000.000000,0.900730,2468,2740,50.000000,off
1765279989316,2025-12-09 19:33:09.316,227.866900,8.684326,23,13,2,-0.001017,0.010228,-0.039051,-0.077484,0.064987,0.994858,-49.548770,1.796367,30.011400,-0.960909,0.145180,0.235681,0.000000,0.000000,0.000000,0.000000,0,0,4.229874,4.065613,0.629702,0.002917,-49.586320,1.789194,30.024400,355.516500,288.140000,358.027200,104.047200,98.172010,0.300000,1000.000000,0.900730,2468,2740,50.000000,off
1765279989327,2025-12-09 19:33:09.327,227.878100,8.695465,23,13,2,-0.001017,0.010228,-0.039051,-0.077484,0.064987,0.994858,-49.548810,1.796345,30.011440,-0.960857,0.145204,0.235878,0.000000,0.000000,0.000000,0.000000,0,0,4.229874,4.065613,0.629702,0.002917,-49.586360,1.789174,30.024450,355.514400,288.152300,358.035800,104.047200,98.172010,0.300000,1000.000000,0.900730,2468,2740,50.000000,off
1765279989338,2025-12-09 19:33:09.338,227.889100,8.706482,23,13,2,-0.000830,0.010001,-0.038169,-0.167709,0.071503,0.983231,-49.549670,1.796160,30.011930,-0.977119,0.153792,0.146863,0.000000,0.000000,0.000000,0.000000,0,0,4.268387,4.152878,0.629702,0.002917,-49.586420,1.789149,30.024500,355.518700,288.170000,358.037400,104.047200,98.172010,0.300000,1000.000000,0.900730,2468,2740,50.000000,off
1765279989349,2025-12-09 19:33:09.349,227.900100,8.717545,23,13,2,-0.000824,0.009963,-0.038103,-0.164932,0.068329,0.983933,-49.549770,1.796084,30.012070,-0.977210,0.150521,0.149662,0.000000,0.000000,0.000000,0.000000,0,0,4.265991,4.227875,0.641375,0.000180,-49.586450,1.789104,30.024610,355.522000,288.168200,358.041400,104.047200,98.172010,0.300000,1000.000000,0.900730,2468,2740,50.000000,off
1765279989360,2025-12-09 19:33:09.360,227.911300,8.728668,23,13,2,-0.000824,0.009963,-0.038103,-0.164932,0.068329,0.983933,-49.549840,1.796056,30.012130,-0.977220,0.150586,0.149534,0.000000,0.000000,0.000000,0.000000,0,0,4.265991,4.227875,0.641375,0.000180,-49.586530,1.789079,30.024680,355.518600,288.160600,358.039000,104.047200,98.172010,0.300000,1000.000000,0.900730,2468,2740,50.000000,off
1765279989372,2025-12-09 19:33:09.372,227.922400,8.739761,23,13,2,-0.005203,0.009774,-0.038050,-0.164673,0.069244,0.983902,-49.551300,1.796016,30.008070,-0.977090,0.151234,0.149665,0.000000,0.000000,0.000000,0.000000,0,0,4.265717,4.183990,0.002414,0.000045,-49.586560,1.789064,30.024750,355.533100,288.153400,358.041200,104.047200,98.172010,0.300000,1000.000000,0.900730,2468,2740,50.000000,off
1765279989383,2025-12-09 19:33:09.383,227.933600,8.750961,23,13,2,-0.000830,0.010001,-0.038169,-0.167709,0.071503,0.983231,-49.549840,1.796071,30.012250,-0.977228,0.153419,0.146524,0.000000,0.000000,0.000000,0.000000,0,0,4.268387,4.152878,0.637469,0.002886,-49.586590,1.789046,30.024810,355.538800,288.149900,358.048300,104.047200,98.172010,0.300000,1000.000000,0.900730,2468,2740,50.000000,off
1765279989394,2025-12-09 19:33:09.394,227.944600,8.761978,23,13,2,-0.000824,0.009963,-0.038103,-0.164932,0.068329,0.983933,-49.549950,1.796032,30.012310,-0.977351,0.150168,0.149093,0.000000,0.000000,0.000000,0.000000,0,0,4.265991,4.227875,0.002460,0.002871,-49.586640,1.789039,30.024830,355.543000,288.133700,358.040300,104.047200,98.172010,0.300000,1000.000000,0.900730,2468,2740,50.000000,off
1765279989405,2025-12-09 19:33:09.405,227.955700,8.773102,23,13,2,-0.000824,0.009963,-0.038103,-0.164932,0.068329,0.983933,-49.549960,1.795973,30.012350,-0.977392,0.150124,0.148869,0.000000,0.000000,0.000000,0.000000,0,0,4.265991,4.227875,0.002460,0.002871,-49.586650,1.788977,30.024860,355.545700,288.120400,358.039200,104.047200,98.172010,0.300000,1000.000000,0.900730,2468,2740,50.000000,off
1765279989416,2025-12-09 19:33:09.416,227.966800,8.784225,23,13,2,0.001791,0.009991,-0.037868,-0.152252,0.076141,0.985397,-49.549460,1.795915,30.014970,-0.974267,0.157649,0.161052,0.000000,0.000000,0.000000,0.000000,0,0,4.259995,4.176819,0.159371,0.000181,-49.586740,1.788965,30.024910,355.541400,288.098000,358.044600,104.047200,98.172010,0.300000,1000.000000,0.900730,2468,2740,50.000000,off
1765279989427,2025-12-09 19:33:09.427,227.978000,8.795364,23,13,2,-0.002212,0.009866,-0.037977,-0.161362,0.077011,0.983872,-49.550680,1.795936,30.011150,-0.975652,0.158631,0.151362,0.000000,0.000000,0.000000,0.000000,0,0,4.280075,4.179504,0.000155,0.000725,-49.586830,1.788981,30.024920,355.544100,288.065700,358.055800,104.047200,98.172010,0.300000,1000.000000,0.900730,2468,2740,50.000000,off
1765279989438,2025-12-09 19:33:09.438,227.989000,8.806351,23,13,2,-0.004115,0.009810,-0.038032,-0.164688,0.073364,0.983612,-49.551290,1.795950,30.009370,-0.976767,0.155123,0.147856,0.000000,0.000000,0.000000,0.000000,0,0,4.327209,4.177765,0.000619,0.000045,-49.586910,1.788994,30.024950,355.541400,288.052500,358.060300,104.047200,98.172010,0.300000,1000.000000,0.900730,2468,2740,50.000000,off
1765279989450,2025-12-09 19:33:09.450,228.000000,8.817413,23,13,2,-0.004115,0.009810,-0.038032,-0.164688,0.073364,0.983612,-49.551350,1.795962,30.009420,-0.976799,0.155402,0.147349,0.000000,0.000000,0.000000,0.000000,0,0,4.327209,4.177765,0.000619,0.000045,-49.586970,1.789017,30.024990,355.524800,288.023600,358.060900,104.047200,98.172010,0.300000,1000.000000,0.900730,2468,2740,50.000000,off
1765279989461,2025-12-09 19:33:09.461,228.011200,8.828552,23,13,2,-0.001657,0.009904,-0.038042,-0.155380,0.078201,0.984741,-49.550630,1.795958,30.011800,-0.974609,0.160246,0.156307,0.000000,0.000000,0.000000,0.000000,0,0,4.337402,4.183304,0.039109,0.000178,-49.587030,1.789011,30.025020,355.511500,288.007000,358.052300,104.047200,98.172010,0.300000,1000.000000,0.900730,2468,2740,50.000000,off
1765279989472,2025-12-09 19:33:09.472,228.022300,8.839737,23,13,2,-0.002478,0.009887,-0.038097,-0.156067,0.078842,0.984589,-49.550870,1.796004,30.011040,-0.974674,0.160799,0.155377,0.000000,0.000000,0.000000,0.000000,0,0,4.336502,4.182251,0.039109,0.000178,-49.587070,1.789047,30.025050,355.518200,287.992300,358.046100,104.047200,98.172010,0.300000,1000.000000,0.900730,2468,2740,50.000000,off
1765279989482,2025-12-09 19:33:09.482,228.033400,8.850800,23,13,2,-0.002478,0.009887,-0.038097,-0.156067,0.078842,0.984589,-49.550950,1.795964,30.011060,-0.974683,0.161057,0.155054,0.000000,0.000000,0.000000,0.000000,0,0,4.336502,4.182251,0.039109,0.000178,-49.587160,1.789015,30.025060,355.503900,287.973600,358.040500,104.047200,98.172010,0.300000,1000.000000,0.900730,2468,2740,50.000000,off
1765279989493,2025-12-09 19:33:09.493,228.044600,8.862000,23,13,2,-0.004115,0.009810,-0.038032,-0.164688,0.073364,0.983612,-49.551570,1.795972,30.009550,-0.976886,0.155934,0.146201,0.000000,0.000000,0.000000,0.000000,0,0,4.327209,4.177765,0.000615,0.000181,-49.587220,1.789044,30.025070,355.497100,287.956100,358.039700,104.047200,98.172010,0.300000,1000.000000,0.900730,2468,2740,50.000000,off
1765279989504,2025-12-09 19:33:09.504,228.055600,8.872986,23,13,2,-0.001657,0.009904,-0.038042,-0.155380,0.078201,0.984741,-49.550850,1.796019,30.011910,-0.974709,0.160901,0.155004,0.000000,0.000000,0.000000,0.000000,0,0,4.337402,4.183304,0.000615,0.000181,-49.587270,1.789096,30.025080,355.475900,287.930800,358.033800,104.047200,98.172010,0.300000,1000.000000,0.900730,2468,2740,50.000000,off
1765279989515,2025-12-09 19:33:09.515,228.066700,8.884094,23,13,2,-0.003727,0.009850,-0.038138,-0.157929,0.076630,0.984467,-49.551430,1.796040,30.009940,-0.975306,0.159885,0.152324,0.000000,0.000000,0.000000,0.000000,0,0,4.342163,4.186371,0.000155,0.000011,-49.587310,1.789126,30.025100,355.447100,287.923100,358.036000,104.047200,98.172010,0.300000,1000.000000,0.900730,2468,2740,50.000000,off
1765279989527,2025-12-09 19:33:09.527,228.077900,8.895309,23,13,2,-0.003727,0.009850,-0.038138,-0.157929,0.076630,0.984467,-49.551490,1.796095,30.010000,-0.975275,0.160357,0.152027,0.000000,0.000000,0.000000,0.000000,0,0,4.342163,4.186371,0.000155,0.000011,-49.587380,1.789200,30.025160,355.419600,287.907000,358.034700,104.047200,98.172010,0.300000,1000.000000,0.900730,2468,2740,50.000000,off
1765279989538,2025-12-09 19:33:09.538,228.089000,8.906357,23,13,2,-0.004833,0.009826,-0.038207,-0.158447,0.074738,0.984528,-49.551820,1.796141,30.009040,-0.975525,0.159190,0.151646,0.000000,0.000000,0.000000,0.000000,0,0,4.340302,4.193253,0.000155,0.000011,-49.587440,1.789264,30.025270,355.380000,287.914700,358.026500,104.047200,98.172010,0.300000,1000.000000,0.900730,2468,2740,50.000000,off
1765279989549,2025-12-09 19:33:09.549,228.100200,8.917572,23,13,2,-0.007114,0.009763,-0.038318,-0.161118,0.071930,0.984299,-49.552470,1.796215,30.006890,-0.976188,0.157008,0.149608,0.000000,0.000000,0.000000,0.000000,0,0,4.330276,4.194000,0.009838,0.011423,-49.587490,1.789348,30.025350,355.351600,287.949600,358.005000,104.047200,98.172010,0.300000,1000.000000,0.900730,2468,2740,50.000000,off
1765279989560,2025-12-09 19:33:09.560,228.111100,8.928528,23,13,2,-0.007114,0.009763,-0.038318,-0.161118,0.071930,0.984299,-49.552540,1.796294,30.006980,-0.975886,0.157822,0.150716,0.000000,0.000000,0.000000,0.000000,0,0,4.330276,4.194000,0.009838,0.011423,-49.587550,1.789458,30.025480,355.305500,288.016200,357.994200,104.047200,98.172010,0.300000,1000.000000,0.900730,2468,2740,50.000000,off
1765279989571,2025-12-09 19:33:09.571,228.122400,8.939835,23,13,2,-0.008142,0.009751,-0.038394,-0.148560,0.062469,0.986923,-49.552840,1.796344,30.006090,-0.974988,0.148812,0.165058,0.000000,0.000000,0.000000,0.000000,0,0,4.288773,4.231323,0.009900,0.000722,-49.587570,1.789517,30.025660,355.267100,288.116200,358.002100,104.047200,98.172010,0.300000,1000.000000,0.900730,2468,2740,50.000000,off
1765279989582,2025-12-09 19:33:09.582,228.133300,8.950684,23,13,2,-0.004833,0.009826,-0.038207,-0.158447,0.074738,0.984528,-49.552020,1.796297,30.009440,-0.974371,0.161637,0.156402,0.000000,0.000000,0.000000,0.000000,0,0,4.340302,4.193253,0.039354,0.000737,-49.587570,1.789514,30.025860,355.239100,288.200100,358.007800,104.047200,98.172010,0.300000,1000.000000,0.900730,2468,2740,50.000000,off
1765279989593,2025-12-09 19:33:09.593,228.144400,8.961807,23,13,2,-0.007114,0.009763,-0.038318,-0.161118,0.071930,0.984299,-49.552650,1.796325,30.007380,-0.974916,0.159218,0.155453,0.000000,0.000000,0.000000,0.000000,0,0,4.330276,4.194000,0.002475,0.000011,-49.587570,1.789551,30.026060,355.219200,288.300700,358.020700,104.047200,98.172010,0.300000,1000.000000,0.900730,2468,2740,50.000000,off
1765279989604,2025-12-09 19:33:09.604,228.155500,8.972870,23,13,2,-0.007114,0.009763,-0.038318,-0.161118,0.071930,0.984299,-49.552730,1.796404,30.007440,-0.974605,0.159425,0.157182,0.000000,0.000000,0.000000,0.000000,0,0,4.330276,4.194000,0.002475,0.000011,-49.587620,1.789637,30.026180,355.207600,288.402700,358.017400,104.047200,98.172010,0.300000,1000.000000,0.900730,2468,2740,50.000000,off
1765279989615,2025-12-09 19:33:09.615,228.166600,8.983994,23,13,2,-0.001243,0.010066,-0.038550,-0.084579,0.072861,0.993744,-49.550670,1.796490,30.013080,-0.958987,0.158718,0.234823,0.000000,0.000000,0.000000,0.000000,0,0,4.288559,4.179062,0.039108,0.000722,-49.587620,1.789652,30.026400,355.194800,288.523700,358.018900,104.047200,98.172010,0.300000,1000.000000,0.900730,2468,2740,50.000000,off
1765279989627,2025-12-09 19:33:09.627,228.177900,8.995255,23,13,2,-0.027530,0.009261,-0.039122,0.116669,0.075424,0.990295,-49.558580,1.796559,29.988120,-0.891375,0.153993,0.426289,0.000000,0.000000,0.000000,0.000000,0,0,4.362320,4.068268,0.039599,0.002871,-49.587650,1.789661,30.026620,355.197600,288.629200,358.014700,104.047200,98.172010,0.300000,1000.000000,0.900730,2468,2740,50.000000,off
1765279989638,2025-12-09 19:33:09.638,228.188900,9.006256,23,13,2,-0.027530,0.009261,-0.039122,0.116669,0.075424,0.990295,-49.558700,1.796591,29.988290,-0.890349,0.154025,0.428416,0.000000,0.000000,0.000000,0.000000,0,0,4.362320,4.068268,0.039599,0.002871,-49.587670,1.789689,30.026850,355.194300,288.765200,358.002300,104.047200,98.172010,0.300000,1000.000000,0.900730,2468,2740,50.000000,off
1765279989649,2025-12-09 19:33:09.649,228.199900,9.017319,23,13,2,-0.012288,0.009931,-0.039504,0.223770,0.052841,0.973206,-49.553440,1.796726,30.002780,-0.840953,0.126041,0.526219,0.000000,0.000000,0.000000,0.000000,0,0,4.316254,4.183365,0.158395,0.000729,-49.587640,1.789703,30.027100,355.210400,288.897600,357.984600,104.047200,98.172010,0.300000,1000.000000,0.900730,2468,2740,50.000000,off
1765279989660,2025-12-09 19:33:09.660,228.211100,9.028488,23,13,2,-0.001891,0.010312,-0.039548,0.235901,0.069443,0.969284,-49.550060,1.796789,30.012740,-0.830646,0.141536,0.538496,0.000000,0.000000,0.000000,0.000000,0,0,4.283371,4.284409,0.002444,0.000045,-49.587640,1.789744,30.027310,355.227100,289.031400,357.983100,104.047200,98.172010,0.300000,1000.000000,0.900730,2468,2740,50.000000,off
1765279989671,2025-12-09 19:33:09.671,228.222200,9.039597,23,13,2,-0.011733,0.009831,-0.039121,0.220261,0.059143,0.973633,-49.553710,1.796661,30.003730,-0.839553,0.132106,0.526947,0.000000,0.000000,0.000000,0.000000,0,0,4.330368,4.267944,0.000039,0.000718,-49.587600,1.789709,30.027550,355.227700,289.159200,357.964200,104.047200,98.172010,0.300000,1000.000000,0.900730,2468,2740,50.000000,off
1765279989682,2025-12-09 19:33:09.682,228.233300,9.050720,23,13,2,-0.011733,0.009831,-0.039121,0.220261,0.059143,0.973633,-49.553750,1.796685,30.003870,-0.838425,0.131781,0.528821,0.000000,0.000000,0.000000,0.000000,0,0,4.330368,4.267944,0.000039,0.000718,-49.587590,1.789721,30.027760,355.246600,289.286100,357.962600,104.047200,98.172010,0.300000,1000.000000,0.900730,2468,2740,50.000000,off
1765279989693,2025-12-09 19:33:09.693,228.244300,9.061737,23,13,2,-0.012288,0.009931,-0.039504,0.223770,0.052841,0.973206,-49.553590,1.796764,30.003390,-0.836418,0.125086,0.533623,0.000000,0.000000,0.000000,0.000000,0,0,4.316254,4.183365,0.158395,0.002886,-49.587570,1.789701,30.028000,355.262300,289.399600,357.964100,104.047200,98.172010,0.300000,1000.000000,0.900730,2468,2740,50.000000,off
1765279989704,2025-12-09 19:33:09.705,228.255500,9.072861,23,13,2,-0.001891,0.010312,-0.039548,0.235901,0.069443,0.969284,-49.550110,1.796719,30.013380,-0.826319,0.140415,0.545403,0.000000,0.000000,0.000000,0.000000,0,0,4.283371,4.284409,0.002475,0.002902,-49.587550,1.789628,30.028260,355.292000,289.504800,357.975000,104.047200,98.172010,0.300000,1000.000000,0.900730,2468,2740,50.000000,off
1765279989716,2025-12-09 19:33:09.716,228.266500,9.083923,23,13,2,-0.001891,0.010312,-0.039548,0.235901,0.069443,0.969284,-49.550130,1.796681,30.013500,-0.825273,0.140364,0.546997,0.000000,0.000000,0.000000,0.000000,0,0,4.283371,4.284409,0.002475,0.002902,-49.587540,1.789584,30.028460,355.301600,289.617000,358.001800,104.047200,98.172010,0.300000,1000.000000,0.900730,2468,2740,50.000000,off
1765279989727,2025-12-09 19:33:09.727,228.277900,9.095276,23,13,2,-0.014493,0.009725,-0.039118,0.209808,0.055435,0.976166,-49.554780,1.796532,30.001940,-0.840836,0.127408,0.526074,0.000000,0.000000,0.000000,0.000000,0,0,4.332047,4.269943,0.009899,0.746707,-49.587490,1.789528,30.028690,355.330700,289.713700,358.006600,104.047200,98.172010,0.300000,1000.000000,0.900730,2468,2740,50.000000,off
1765279989738,2025-12-09 19:33:09.738,228.288900,9.106277,23,13,2,-0.028227,0.009176,-0.038997,0.180801,0.043945,0.982529,-49.559560,1.796455,29.989160,-0.856668,0.116911,0.502429,0.000000,0.000000,0.000000,0.000000,0,0,4.331787,4.285400,0.000154,0.002932,-49.587440,1.789490,30.028860,355.366100,289.819100,358.014900,104.047200,98.172010,0.300000,1000.000000,0.900730,2468,2740,50.000000,off
1765279989749,2025-12-09 19:33:09.749,228.299900,9.117325,23,13,2,-0.029918,0.009104,-0.038992,0.177231,0.044876,0.983139,-49.560180,1.796414,29.987700,-0.857555,0.117879,0.500691,0.000000,0.000000,0.000000,0.000000,0,0,4.350357,4.286957,0.000154,0.002932,-49.587410,1.789459,30.029040,355.375100,289.913200,358.022000,104.047200,98.172010,0.300000,1000.000000,0.900730,2468,2740,50.000000,off
1765279989760,2025-12-09 19:33:09.760,228.311100,9.128479,23,13,2,-0.029918,0.009104,-0.038992,0.177231,0.044876,0.983139,-49.560190,1.796376,29.987890,-0.856853,0.117584,0.501961,0.000000,0.000000,0.000000,0.000000,0,0,4.350357,4.286957,0.000154,0.002932,-49.587360,1.789416,30.029260,355.395800,289.998000,358.040900,104.047200,98.172010,0.300000,1000.000000,0.900730,2468,2740,50.000000,off
1765279989772,2025-12-09 19:33:09.772,228.322200,9.139603,23,13,2,-0.004820,0.010172,-0.039559,0.211441,0.064346,0.975266,-49.551070,1.796506,30.011430,-0.835606,0.135092,0.532450,0.000000,0.000000,0.000000,0.000000,0,0,4.367798,4.271820,0.000038,0.002856,-49.587350,1.789377,30.029450,355.409100,290.063000,358.076800,104.047200,98.172010,0.300000,1000.000000,0.900730,2468,2740,50.000000,off
1765279989783,2025-12-09 19:33:09.783,228.333300,9.150742,23,13,2,-0.028227,0.009176,-0.038997,0.180801,0.043945,0.982529,-49.559720,1.796325,29.989750,-0.854044,0.116116,0.507059,0.000000,0.000000,0.000000,0.000000,0,0,4.331787,4.285400,0.002460,0.000177,-49.587360,1.789354,30.029610,355.426500,290.129900,358.089000,104.047200,98.172010,0.300000,1000.000000,0.900730,2468,2740,50.000000,off
1765279989794,2025-12-09 19:33:09.794,228.344400,9.161758,23,13,2,-0.029918,0.009104,-0.038992,0.177231,0.044876,0.983139,-49.560360,1.796338,29.988270,-0.855226,0.117088,0.504843,0.000000,0.000000,0.000000,0.000000,0,0,4.350357,4.286957,0.000603,0.000180,-49.587380,1.789382,30.029740,355.436100,290.192000,358.102100,104.047200,98.172010,0.300000,1000.000000,0.900730,2468,2740,50.000000,off
1765279989805,2025-12-09 19:33:09.805,228.355500,9.172882,23,13,2,-0.029918,0.009104,-0.038992,0.177231,0.044876,0.983139,-49.560410,1.796303,29.988390,-0.854935,0.117386,0.505266,0.000000,0.000000,0.000000,0.000000,0,0,4.350357,4.286957,0.000603,0.000180,-49.587410,1.789361,30.029880,355.419500,290.221400,358.107100,104.047200,98.172010,0.300000,1000.000000,0.900730,2468,2740,50.000000,off
1765279989816,2025-12-09 19:33:09.816,228.366500,9.183914,23,13,2,-0.006106,0.010115,-0.039516,0.207382,0.058502,0.976502,-49.551700,1.796506,30.010650,-0.836839,0.129568,0.531881,0.000000,0.000000,0.000000,0.000000,0,0,4.402786,4.272156,0.000626,0.000722,-49.587440,1.789391,30.029980,355.407000,290.258300,358.084800,104.047200,98.172010,0.300000,1000.000000,0.900730,2468,2740,50.000000,off
1765279989827,2025-12-09 19:33:09.827,228.377700,9.195084,23,13,2,-0.012729,0.009872,-0.039508,0.182709,0.060562,0.981293,-49.554040,1.796567,30.004510,-0.849354,0.132744,0.510845,0.000000,0.000000,0.000000,0.000000,0,0,4.364410,4.230438,0.000619,0.000011,-49.587460,1.789466,30.030070,355.405200,290.287100,358.049700,104.047200,98.172010,0.300000,1000.000000,0.900730,2468,2740,50.000000,off
1765279989838,2025-12-09 19:33:09.838,228.388700,9.206116,23,13,2,-0.012729,0.009872,-0.039508,0.182709,0.060562,0.981293,-49.554120,1.796607,30.004560,-0.849070,0.132837,0.511293,0.000000,0.000000,0.000000,0.000000,0,0,4.364410,4.230438,0.000619,0.000011,-49.587520,1.789508,30.030140,355.398500,290.317200,358.043200,104.047200,98.172010,0.300000,1000.000000,0.900730,2468,2740,50.000000,off
1765279989849,2025-12-09 19:33:09.849,228.399800,9.217239,23,13,2,-0.016917,0.009676,-0.039325,0.159821,0.045868,0.986069,-49.555790,1.796619,30.000760,-0.862489,0.119593,0.491720,0.000000,0.000000,0.000000,0.000000,0,0,4.342178,4.249069,0.000153,0.000045,-49.587560,1.789567,30.030220,355.384200,290.338300,358.039000,104.047200,98.172010,0.300000,1000.000000,0.900730,2468,2740,50.000000,off
1765279989860,2025-12-09 19:33:09.860,228.410900,9.228287,23,13,2,-0.016637,0.009655,-0.039184,0.154968,0.047852,0.986755,-49.555860,1.796607,30.001170,-0.864382,0.122173,0.487758,0.000000,0.000000,0.000000,0.000000,0,0,4.337891,4.248825,0.000611,0.002886,-49.587590,1.789590,30.030330,355.361500,290.362100,358.036900,104.047200,98.172010,0.300000,1000.000000,0.900730,2468,2740,50.000000,off
1765279989871,2025-12-09 19:33:09.871,228.422100,9.239502,23,13,2,-0.015662,0.009651,-0.038976,0.149536,0.052170,0.987366,-49.555780,1.796611,30.002250,-0.866193,0.127148,0.483235,0.000000,0.000000,0.000000,0.000000,0,0,4.357056,4.233063,0.002459,0.000045,-49.587630,1.789633,30.030440,355.336500,290.386200,358.041000,104.047200,98.172010,0.300000,1000.000000,0.900730,2468,2740,50.000000,off
1765279989882,2025-12-09 19:33:09.882,228.433000,9.250412,23,13,2,-0.015662,0.009651,-0.038976,0.149536,0.052170,0.987366,-49.555820,1.796598,30.002330,-0.865813,0.127450,0.483837,0.000000,0.000000,0.000000,0.000000,0,0,4.357056,4.233063,0.002459,0.000045,-49.587660,1.789633,30.030540,355.319400,290.427200,358.044600,104.047200,98.172010,0.300000,1000.000000,0.900730,2468,2740,50.000000,off
1765279989893,2025-12-09 19:33:09.893,228.444200,9.261627,23,13,2,-0.016917,0.009676,-0.039325,0.159821,0.045868,0.986069,-49.555990,1.796650,30.001110,-0.861239,0.121009,0.493561,0.000000,0.000000,0.000000,0.000000,0,0,4.342178,4.249069,0.000153,0.000011,-49.587700,1.789657,30.030640,355.302800,290.465000,358.047400,104.047200,98.172010,0.300000,1000.000000,0.900730,2468,2740,50.000000,off
1765279989904,2025-12-09 19:33:09.904,228.455400,9.272797,23,13,2,-0.016637,0.009655,-0.039184,0.154968,0.047852,0.986755,-49.556040,1.796656,30.001560,-0.863127,0.123361,0.489679,0.000000,0.000000,0.000000,0.000000,0,0,4.337891,4.248825,0.002444,0.002871,-49.587700,1.789690,30.030800,355.294500,290.493600,358.051900,104.047200,98.172010,0.300000,1000.000000,0.900730,2468,2740,50.000000,off
1765279989916,2025-12-09 19:33:09.916,228.466500,9.283875,23,13,2,-0.016637,0.009655,-0.039184,0.154968,0.047852,0.986755,-49.556080,1.796673,30.001630,-0.862720,0.123471,0.490368,0.000000,0.000000,0.000000,0.000000,0,0,4.337891,4.248825,0.002444,0.002871,-49.587720,1.789711,30.030890,355.288100,290.539600,358.052800,104.047200,98.172010,0.300000,1000.000000,0.900730,2468,2740,50.000000,off
1765279989927,2025-12-09 19:33:09.927,228.477600,9.295013,23,13,2,-0.015298,0.009664,-0.038979,0.145767,0.052277,0.987930,-49.555870,1.796669,30.003010,-0.866235,0.128418,0.482839,0.000000,0.000000,0.000000,0.000000,0,0,4.359848,4.231155,0.002459,0.000046,-49.587760,1.789732,30.030960,355.280400,290.584200,358.052500,104.047200,98.172010,0.300000,1000.000000,0.900730,2468,2740,50.000000,off
1765279989938,2025-12-09 19:33:09.938,228.488700,9.306076,23,13,2,-0.013971,0.009711,-0.038951,0.145615,0.053665,0.987869,-49.555510,1.796685,30.004330,-0.865722,0.129890,0.483347,0.000000,0.000000,0.000000,0.000000,0,0,4.361801,4.231491,0.000619,0.000183,-49.587820,1.789749,30.031060,355.276200,290.628900,358.058700,104.047200,98.172010,0.300000,1000.000000,0.900730,2468,2740,50.000000,off
1765279989949,2025-12-09 19:33:09.949,228.499700,9.317108,23,13,2,-0.015784,0.009642,-0.038940,0.141632,0.053726,0.988449,-49.556210,1.796713,30.002730,-0.867278,0.130101,0.480500,0.000000,0.000000,0.000000,0.000000,0,0,4.363525,4.221420,0.000619,0.000183,-49.587850,1.789782,30.031180,355.278700,290.673900,358.062800,104.047200,98.172010,0.300000,1000.000000,0.900730,2468,2740,50.000000,off
1765279989960,2025-12-09 19:33:09.960,228.510800,9.328247,23,13,2,-0.015784,0.009642,-0.038940,0.141632,0.053726,0.988449,-49.556260,1.796696,30.002790,-0.867006,0.129977,0.481024,0.000000,0.000000,0.000000,0.000000,0,0,4.363525,4.221420,0.000619,0.000183,-49.587880,1.789761,30.031260,355.287300,290.708600,358.072200,104.047200,98.172010,0.300000,1000.000000,0.900730,2468,2740,50.000000,off
1765279989971,2025-12-09 19:33:09.971,228.522000,9.339401,23,13,2,-0.013296,0.009735,-0.038946,0.143173,0.057098,0.988037,-49.555420,1.796712,30.005150,-0.865506,0.132852,0.482934,0.000000,0.000000,0.000000,0.000000,0,0,4.366547,4.219177,0.009777,0.000180,-49.587910,1.789754,30.031310,355.310900,290.747500,358.074900,104.047200,98.172010,0.300000,1000.000000,0.900730,2468,2740,50.000000,off
1765279989982,2025-12-09 19:33:09.982,228.533100,9.350540,23,13,2,-0.016627,0.009606,-0.038931,0.132782,0.054382,0.989639,-49.556660,1.796621,30.002130,-0.870784,0.130475,0.474010,0.000000,0.000000,0.000000,0.000000,0,0,4.394180,4.218887,0.009839,0.002886,-49.587940,1.789672,30.031410,355.319700,290.762700,358.074800,104.047200,98.172010,0.300000,1000.000000,0.900730,2468,2740,50.000000,off
1765279989993,2025-12-09 19:33:09.993,228.544300,9.361679,23,13,2,-0.016627,0.009606,-0.038931,0.132782,0.054382,0.989639,-49.556780,1.796630,30.002200,-0.870621,0.130123,0.474407,0.000000,0.000000,0.000000,0.000000,0,0,4.394180,4.218887,0.009839,0.002886,-49.588040,1.789670,30.031500,355.342100,290.788500,358.088600,104.047200,98.172010,0.300000,1000.000000,0.900730,2468,2740,50.000000,off
1765279990005,2025-12-09 19:33:10.005,228.555300,9.372681,23,13,2,-0.010872,0.009713,-0.038896,0.093277,0.026245,0.995285,-49.554840,1.796550,30.007640,-0.892186,0.103684,0.439586,0.000000,0.000000,0.000000,0.000000,0,0,4.375763,4.126678,0.158387,0.011606,-49.588100,1.789666,30.031550,355.354100,290.801200,358.103300,104.047200,98.172010,0.300000,1000.000000,0.900730,2468,2740,50.000000,off
1765279990016,2025-12-09 19:33:10.016,228.566500,9.383865,23,13,2,-0.013296,0.009735,-0.038946,0.143173,0.057098,0.988037,-49.555700,1.796622,30.005390,-0.864918,0.132063,0.484203,0.000000,0.000000,0.000000,0.000000,0,0,4.366547,4.219177,0.009838,0.000178,-49.588140,1.789635,30.031600,355.360700,290.830300,358.099500,104.047200,98.172010,0.300000,1000.000000,0.900730,2468,2740,50.000000,off
1765279990027,2025-12-09 19:33:10.027,228.577600,9.394974,23,13,2,-0.016627,0.009606,-0.038931,0.132782,0.054382,0.989639,-49.556980,1.796597,30.002350,-0.870241,0.129624,0.475240,0.000000,0.000000,0.000000,0.000000,0,0,4.394180,4.218887,0.000611,0.000011,-49.588210,1.789620,30.031680,355.373300,290.842500,358.104100,104.047200,98.172010,0.300000,1000.000000,0.900730,2468,2740,50.000000,off
1765279990038,2025-12-09 19:33:10.038,228.588600,9.406006,23,13,2,-0.016627,0.009606,-0.038931,0.132782,0.054382,0.989639,-49.557060,1.796563,30.002410,-0.870080,0.129330,0.475615,0.000000,0.000000,0.000000,0.000000,0,0,4.394180,4.218887,0.000611,0.000011,-49.588280,1.789572,30.031750,355.389200,290.865900,358.094900,104.047200,98.172010,0.300000,1000.000000,0.900730,2468,2740,50.000000,off
1765279990049,2025-12-09 19:33:10.049,228.599800,9.417160,23,13,2,-0.001166,0.010035,-0.038770,0.116760,0.051514,0.991806,-49.551860,1.796472,30.017020,-0.877889,0.126876,0.461713,0.000000,0.000000,0.000000,0.000000,0,0,4.414764,4.155960,0.000607,0.045939,-49.588420,1.789540,30.031870,355.406900,290.885500,358.096000,104.047200,98.172010,0.300000,1000.000000,0.900730,2468,2740,50.000000,off
1765279990059,2025-12-09 19:33:10.059,228.610900,9.428314,23,13,2,0.005236,0.010213,-0.038551,0.119232,0.061295,0.990967,-49.549860,1.796433,30.023150,-0.875291,0.136455,0.463933,0.000000,0.000000,0.000000,0.000000,0,0,4.377380,4.124451,0.000155,0.000046,-49.588490,1.789518,30.031940,355.408200,290.897600,358.099300,104.047200,98.172010,0.300000,1000.000000,0.900730,2468,2740,50.000000,off
1765279990070,2025-12-09 19:33:10.070,228.621900,9.439346,23,13,2,0.005236,0.010213,-0.038551,0.119232,0.061295,0.990967,-49.549950,1.796438,30.023240,-0.875348,0.136268,0.463881,0.000000,0.000000,0.000000,0.000000,0,0,4.377380,4.124451,0.000155,0.000046,-49.588580,1.789516,30.032020,355.418400,290.893300,358.093600,104.047200,98.172010,0.300000,1000.000000,0.900730,2468,2740,50.000000,off
1765279990082,2025-12-09 19:33:10.082,228.633100,9.450516,23,13,2,-0.007064,0.009798,-0.038710,0.100281,0.042236,0.994049,-49.554320,1.796371,30.011720,-0.886404,0.118177,0.447545,0.000000,0.000000,0.000000,0.000000,0,0,4.369308,4.125092,0.009655,0.000045,-49.588710,1.789468,30.032080,355.416700,290.914600,358.088300,104.047200,98.172010,0.300000,1000.000000,0.900730,2468,2740,50.000000,off
1765279990093,2025-12-09 19:33:10.093,228.644400,9.461838,23,13,2,-0.004541,0.009889,-0.038659,0.097198,0.041428,0.994400,-49.553600,1.796395,30.014170,-0.887814,0.117335,0.444988,0.000000,0.000000,0.000000,0.000000,0,0,4.374496,4.101883,0.002444,0.011241,-49.588840,1.789474,30.032150,355.426000,290.926900,358.084800,104.047200,98.172010,0.300000,1000.000000,0.900730,2468,2740,50.000000,off
1765279990104,2025-12-09 19:33:10.104,228.655300,9.472717,23,13,2,0.005236,0.010213,-0.038551,0.119232,0.061295,0.990967,-49.550290,1.796402,30.023410,-0.875028,0.135803,0.464620,0.000000,0.000000,0.000000,0.000000,0,0,4.377380,4.124451,0.002460,0.000045,-49.588920,1.789466,30.032220,355.442500,290.938700,358.068900,104.047200,98.172010,0.300000,1000.000000,0.900730,2468,2740,50.000000,off
1765279990115,2025-12-09 19:33:10.115,228.666400,9.483765,23,13,2,0.005236,0.010213,-0.038551,0.119232,0.061295,0.990967,-49.550410,1.796403,30.023500,-0.874888,0.135747,0.464900,0.000000,0.000000,0.000000,0.000000,0,0,4.377380,4.124451,0.002460,0.000045,-49.589040,1.789466,30.032320,355.445600,290.956800,358.067500,104.047200,98.172010,0.300000,1000.000000,0.900730,2468,2740,50.000000,off
1765279990126,2025-12-09 19:33:10.126,228.677500,9.494919,23,13,2,-0.007064,0.009798,-0.038710,0.100281,0.042236,0.994049,-49.554770,1.796412,30.012010,-0.886004,0.117274,0.448572,0.000000,0.000000,0.000000,0.000000,0,0,4.369308,4.125092,0.002444,0.000710,-49.589130,1.789472,30.032390,355.465800,290.977200,358.056900,104.047200,98.172010,0.300000,1000.000000,0.900730,2468,2740,50.000000,off
1765279990138,2025-12-09 19:33:10.138,228.688600,9.505966,23,13,2,-0.003730,0.009911,-0.038626,0.098434,0.042557,0.994232,-49.553740,1.796398,30.015250,-0.886781,0.117778,0.446930,0.000000,0.000000,0.000000,0.000000,0,0,4.373978,4.107849,0.009838,0.000045,-49.589220,1.789455,30.032480,355.458600,290.978100,358.047300,104.047200,98.172010,0.300000,1000.000000,0.900730,2468,2740,50.000000,off
1765279990149,2025-12-09 19:33:10.149,228.699800,9.517242,23,13,2,-0.004211,0.009892,-0.038616,0.098022,0.042145,0.994278,-49.554060,1.796398,30.014860,-0.886839,0.117113,0.446962,0.000000,0.000000,0.000000,0.000000,0,0,4.359177,4.108337,0.000039,0.000725,-49.589350,1.789447,30.032550,355.472400,291.002700,358.027400,104.047200,98.172010,0.300000,1000.000000,0.900730,2468,2740,50.000000,off
1765279990160,2025-12-09 19:33:10.160,228.710800,9.528168,23,13,2,-0.004211,0.009892,-0.038616,0.098022,0.042145,0.994278,-49.554190,1.796345,30.014870,-0.886692,0.117060,0.447268,0.000000,0.000000,0.000000,0.000000,0,0,4.359177,4.108337,0.000039,0.000725,-49.589470,1.789392,30.032580,355.476000,291.022500,358.033400,104.047200,98.172010,0.300000,1000.000000,0.900730,2468,2740,50.000000,off
1765279990171,2025-12-09 19:33:10.171,228.721900,9.539291,23,13,2,-0.005124,0.009863,-0.038634,0.097427,0.040451,0.994415,-49.554630,1.796383,30.014070,-0.887094,0.115285,0.446949,0.000000,0.000000,0.000000,0.000000,0,0,4.344833,4.100342,0.000039,0.000725,-49.589600,1.789424,30.032640,355.482800,291.034600,358.031600,104.047200,98.172010,0.300000,1000.000000,0.900730,2468,2740,50.000000,off
1765279990182,2025-12-09 19:33:10.182,228.733000,9.550354,23,13,2,-0.012481,0.009627,-0.038777,0.086761,0.031128,0.995728,-49.557290,1.796375,30.007180,-0.892775,0.106345,0.437737,0.000000,0.000000,0.000000,0.000000,0,0,4.323181,4.100967,0.000155,0.000181,-49.589740,1.789405,30.032690,355.488800,291.054100,358.022100,104.047200,98.172010,0.300000,1000.000000,0.900730,2468,2740,50.000000,off
1765279990193,2025-12-09 19:33:10.193,228.744000,9.561432,23,13,2,-0.012481,0.009627,-0.038777,0.086761,0.031128,0.995728,-49.557430,1.796411,30.007210,-0.892553,0.106345,0.438189,0.000000,0.000000,0.000000,0.000000,0,0,4.323181,4.100967,0.000155,0.000181,-49.589870,1.789441,30.032720,355.489000,291.083300,358.024300,104.047200,98.172010,0.300000,1000.000000,0.900730,2468,2740,50.000000,off
1765279990204,2025-12-09 19:33:10.204,228.755100,9.572495,23,13,2,-0.014130,0.009574,-0.038809,0.082626,0.027740,0.996185,-49.558130,1.796407,30.005700,-0.894564,0.103324,0.434812,0.000000,0.000000,0.000000,0.000000,0,0,4.293503,4.100845,0.039841,0.000182,-49.590000,1.789442,30.032790,355.478600,291.104900,358.021200,104.047200,98.172010,0.300000,1000.000000,0.900730,2468,2740,50.000000,off
1765279990216,2025-12-09 19:33:10.216,228.766300,9.583679,23,13,2,-0.024408,0.008966,-0.038267,0.074783,0.000595,0.997192,-49.562470,1.796249,29.996360,-0.900601,0.076364,0.427869,0.000000,0.000000,0.000000,0.000000,0,0,4.131989,4.043304,10.324990,0.000184,-49.590110,1.789482,30.032840,355.494000,291.112100,358.023100,104.047200,98.172010,0.300000,1000.000000,0.900730,2468,2740,50.000000,off
1765279990227,2025-12-09 19:33:10.227,228.777400,9.594803,23,13,2,-0.012481,0.009627,-0.038777,0.086761,0.031128,0.995728,-49.557820,1.796485,30.007360,-0.892164,0.106353,0.438979,0.000000,0.000000,0.000000,0.000000,0,0,4.323181,4.100967,0.641421,0.002932,-49.590240,1.789516,30.032910,355.489000,291.134200,358.029400,104.047200,98.172010,0.300000,1000.000000,0.900730,2468,2740,50.000000,off
1765279990238,2025-12-09 19:33:10.238,228.789000,9.606415,23,13,2,-0.012481,0.009627,-0.038777,0.086761,0.031128,0.995728,-49.558000,1.796443,30.007440,-0.892068,0.106412,0.439160,0.000000,0.000000,0.000000,0.000000,0,0,4.323181,4.100967,0.641421,0.002932,-49.590420,1.789477,30.032990,355.485800,291.145900,358.030900,104.047200,98.172010,0.300000,1000.000000,0.900730,2468,2740,50.000000,off
1765279990248,2025-12-09 19:33:10.248,228.799600,9.616974,23,13,2,-0.014130,0.009574,-0.038809,0.082626,0.027740,0.996185,-49.558730,1.796452,30.005930,-0.894237,0.103041,0.435550,0.000000,0.000000,0.000000,0.000000,0,0,4.293503,4.100845,10.137740,0.000012,-49.590570,1.789477,30.033040,355.496000,291.151800,358.033700,104.047200,98.172010,0.300000,1000.000000,0.900730,2468,2740,50.000000,off
1765279990260,2025-12-09 19:33:10.260,228.810800,9.628220,23,13,2,-0.028757,0.008948,-0.039182,0.060440,-0.071701,0.995590,-49.563850,1.796278,29.992170,-0.910124,0.004578,0.414305,-62.415650,1.860920,35.842540,14.120900,Node25,NodeMarker,4.199051,3.933502,0.641421,0.046918,-49.590740,1.789452,30.033070,355.501700,291.154000,358.034000,104.047200,98.172010,0.300000,1000.000000,0.900730,2468,2740,50.000000,off
1765279990271,2025-12-09 19:33:10.271,228.822000,9.639359,23,13,2,-0.028757,0.008948,-0.039182,0.060440,-0.071701,0.995590,-49.564030,1.796278,29.992220,-0.910209,0.004397,0.414118,-62.416240,1.858368,35.839580,14.120020,Node25,NodeMarker,4.199051,3.933502,0.641421,0.046918,-49.590930,1.789450,30.033110,355.512700,291.141400,358.044700,104.047200,98.172010,0.300000,1000.000000,0.900730,2468,2740,50.000000,off
1765279990282,2025-12-09 19:33:10.282,228.832900,9.650299,23,13,2,-0.031068,0.008725,-0.039171,0.071701,-0.157639,0.984879,-49.565090,1.796078,29.990070,-0.903614,-0.082603,0.420279,-62.400990,0.622690,35.960160,14.204900,Node25,NodeMarker,4.085495,3.918884,0.160352,0.000182,-49.591140,1.789383,30.033100,355.521200,291.131300,358.037300,104.047200,98.172010,0.300000,1000.000000,0.900730,2468,2740,50.000000,off
1765279990293,2025-12-09 19:33:10.293,228.844100,9.661469,23,13,2,-0.031206,0.008783,-0.039513,0.074783,-0.159027,0.984421,-49.565010,1.796079,29.989850,-0.902203,-0.084378,0.422939,-62.400030,0.595688,36.006710,14.226080,Node25,NodeMarker,4.052750,3.863892,0.159371,0.011546,-49.591340,1.789337,30.033140,355.535600,291.128800,358.036700,104.047200,98.172010,0.300000,1000.000000,0.900730,2468,2740,50.000000,off
1765279990304,2025-12-09 19:33:10.304,228.855200,9.672592,23,13,2,-0.030864,0.008784,-0.039470,0.065628,-0.153183,0.986008,-49.565170,1.796088,29.990240,-0.906522,-0.078387,0.414797,-62.410950,0.685312,35.868070,14.170270,Node25,NodeMarker,4.096130,3.861786,0.002475,0.000729,-49.591590,1.789343,30.033180,355.551000,291.117300,358.036100,104.047200,98.172010,0.300000,1000.000000,0.900730,2468,2740,50.000000,off
1765279990315,2025-12-09 19:33:10.315,228.866300,9.683701,23,13,2,-0.030864,0.008784,-0.039470,0.065628,-0.153183,0.986008,-49.565350,1.796045,29.990330,-0.906623,-0.078381,0.414577,-62.411550,0.685436,35.864590,14.169170,Node25,NodeMarker,4.096130,3.861786,0.002475,0.000729,-49.591780,1.789302,30.033260,355.550800,291.103000,358.039400,104.047200,98.172010,0.300000,1000.000000,0.900730,2468,2740,50.000000,off
1765279990326,2025-12-09 19:33:10.326,228.877400,9.694839,23,13,2,-0.020566,0.009102,-0.039245,0.086807,-0.149063,0.985001,-49.562060,1.795991,30.000050,-0.897883,-0.075203,0.433742,-62.429730,0.718245,36.216050,14.330990,Node25,NodeMarker,4.080826,3.829498,0.633563,0.046674,-49.591990,1.789262,30.033290,355.558700,291.085600,358.046500,104.047200,98.172010,0.300000,1000.000000,0.900730,2468,2740,50.000000,off
1765279990338,2025-12-09 19:33:10.338,228.888500,9.705948,23,13,2,-0.007164,0.009472,-0.038789,0.114014,-0.136124,0.984100,-49.557870,1.795956,30.012720,-0.886399,-0.063647,0.458506,0.000000,0.000000,0.000000,0.000000,0,0,4.090973,3.813446,0.637500,0.011668,-49.592200,1.789265,30.033270,355.579400,291.061600,358.055100,104.047200,98.172010,0.300000,1000.000000,0.900730,2468,2740,50.000000,off
1765279990349,2025-12-09 19:33:10.349,228.899600,9.716995,23,13,2,-0.007164,0.009472,-0.038789,0.114014,-0.136124,0.984100,-49.558060,1.795916,30.012770,-0.886541,-0.064008,0.458182,0.000000,0.000000,0.000000,0.000000,0,0,4.090973,3.813446,0.637500,0.011668,-49.592390,1.789211,30.033310,355.600900,291.040400,358.060700,104.047200,98.172010,0.300000,1000.000000,0.900730,2468,2740,50.000000,off
1765279990360,2025-12-09 19:33:10.360,228.910700,9.728058,23,13,2,-0.030864,0.008784,-0.039470,0.065628,-0.153183,0.986008,-49.566140,1.795969,29.990460,-0.907098,-0.079572,0.413310,-62.415160,0.668833,35.845000,14.164870,Node25,NodeMarker,4.096130,3.861786,2.550182,0.002932,-49.592610,1.789188,30.033360,355.620600,291.022000,358.059100,104.047200,98.172010,0.300000,1000.000000,0.900730,2468,2740,50.000000,off
1765279990371,2025-12-09 19:33:10.371,228.921900,9.739334,23,13,2,-0.020566,0.009102,-0.039245,0.086807,-0.149063,0.985001,-49.562850,1.795913,30.000230,-0.898297,-0.076717,0.432619,-62.423910,0.697545,36.194100,14.317030,Node25,NodeMarker,4.080826,3.829498,0.039845,0.011668,-49.592810,1.789126,30.033420,355.646900,291.015000,358.057500,104.047200,98.172010,0.300000,1000.000000,0.900730,2468,2740,50.000000,off
1765279990382,2025-12-09 19:33:10.382,228.933000,9.750397,23,13,2,-0.006581,0.009490,-0.038778,0.115967,-0.133301,0.984253,-49.558490,1.795803,30.013490,-0.886044,-0.062495,0.459338,0.000000,0.000000,0.000000,0.000000,0,0,4.095016,3.814209,0.161328,0.002917,-49.593040,1.789049,30.033450,355.672000,290.995900,358.052600,104.047200,98.172010,0.300000,1000.000000,0.900730,2468,2740,50.000000,off
1765279990393,2025-12-09 19:33:10.393,228.944000,9.761383,23,13,2,-0.006581,0.009490,-0.038778,0.115967,-0.133301,0.984253,-49.558670,1.795757,30.013460,-0.886095,-0.063120,0.459155,0.000000,0.000000,0.000000,0.000000,0,0,4.095016,3.814209,0.161328,0.002917,-49.593210,1.788978,30.033410,355.707200,290.986100,358.044800,104.047200,98.172010,0.300000,1000.000000,0.900730,2468,2740,50.000000,off
1765279990404,2025-12-09 19:33:10.404,228.955100,9.772476,23,13,2,-0.005490,0.009588,-0.038990,0.115189,-0.137024,0.983841,-49.558260,1.795784,30.014400,-0.886276,-0.067670,0.458174,0.000000,0.000000,0.000000,0.000000,0,0,4.064697,3.812332,0.161328,0.002917,-49.593400,1.788926,30.033400,355.755700,290.981300,358.047200,104.047200,98.172010,0.300000,1000.000000,0.900730,2468,2740,50.000000,off
1765279990415,2025-12-09 19:33:10.415,228.966200,9.783585,23,13,2,-0.005400,0.009595,-0.039011,0.116928,-0.135925,0.983780,-49.558410,1.795759,30.014500,-0.885580,-0.067154,0.459576,0.000000,0.000000,0.000000,0.000000,0,0,4.064331,3.809143,0.159383,0.011791,-49.593590,1.788879,30.033420,355.787600,290.966200,358.065400,104.047200,98.172010,0.300000,1000.000000,0.900730,2468,2740,50.000000,off
1765279990427,2025-12-09 19:33:10.427,228.977300,9.794724,23,13,2,-0.005400,0.009595,-0.039011,0.116928,-0.135925,0.983780,-49.558590,1.795739,30.014540,-0.885698,-0.067624,0.459278,0.000000,0.000000,0.000000,0.000000,0,0,4.064331,3.809143,0.159383,0.011791,-49.593780,1.788841,30.033450,355.816600,290.945300,358.082500,104.047200,98.172010,0.300000,1000.000000,0.900730,2468,2740,50.000000,off
1765279990438,2025-12-09 19:33:10.438,228.988500,9.805878,23,13,2,-0.004219,0.009642,-0.039013,0.124146,-0.133850,0.983185,-49.558350,1.795740,30.015690,-0.882442,-0.066144,0.465726,0.000000,0.000000,0.000000,0.000000,0,0,3.984100,3.739853,0.039840,0.000183,-49.593960,1.788821,30.033490,355.838100,290.935200,358.114600,104.047200,98.172010,0.300000,1000.000000,0.900730,2468,2740,50.000000,off
1765279990449,2025-12-09 19:33:10.449,228.999600,9.816986,23,13,2,-0.005490,0.009588,-0.038990,0.115189,-0.137024,0.983841,-49.558990,1.795705,30.014490,-0.886462,-0.069112,0.457598,0.000000,0.000000,0.000000,0.000000,0,0,4.064697,3.812332,0.649249,0.011668,-49.594130,1.788792,30.033470,355.849300,290.933300,358.139400,104.047200,98.172010,0.300000,1000.000000,0.900730,2468,2740,50.000000,off
1765279990460,2025-12-09 19:33:10.460,229.010600,9.828018,23,13,2,-0.005400,0.009595,-0.039011,0.116928,-0.135925,0.983780,-49.559100,1.795725,30.014590,-0.885764,-0.068332,0.459047,0.000000,0.000000,0.000000,0.000000,0,0,4.064331,3.809143,2.550059,0.011669,-49.594280,1.788800,30.033490,355.866000,290.920800,358.157400,104.047200,98.172010,0.300000,1000.000000,0.900730,2468,2740,50.000000,off
1765279990471,2025-12-09 19:33:10.471,229.021900,9.839294,23,13,2,-0.005400,0.009595,-0.039011,0.116928,-0.135925,0.983780,-49.559280,1.795703,30.014600,-0.885868,-0.068331,0.458846,0.000000,0.000000,0.000000,0.000000,0,0,4.064331,3.809143,2.550059,0.011669,-49.594470,1.788778,30.033490,355.867100,290.906500,358.167200,104.047200,98.172010,0.300000,1000.000000,0.900730,2468,2740,50.000000,off
1765279990483,2025-12-09 19:33:10.483,229.033500,9.850937,23,13,2,-0.003789,0.009660,-0.039006,0.126251,-0.134964,0.982758,-49.558870,1.795722,30.016110,-0.881531,-0.067909,0.467183,0.000000,0.000000,0.000000,0.000000,0,0,3.984161,3.739563,2.565625,0.011730,-49.594630,1.788775,30.033490,355.878100,290.904100,358.179000,104.047200,98.172010,0.300000,1000.000000,0.900730,2468,2740,50.000000,off
1765279990493,2025-12-09 19:33:10.493,229.044000,9.861420,23,13,2,-0.002764,0.009694,-0.038993,0.128708,-0.131760,0.982880,-49.558700,1.795682,30.017070,-0.880528,-0.064663,0.469541,0.000000,0.000000,0.000000,0.000000,0,0,3.986038,3.732239,0.645327,0.000729,-49.594810,1.788738,30.033490,355.872700,290.902500,358.191700,104.047200,98.172010,0.300000,1000.000000,0.900730,2468,2740,50.000000,off
1765279990504,2025-12-09 19:33:10.505,229.055000,9.872391,23,13,2,-0.002764,0.009694,-0.038993,0.128708,-0.131760,0.982880,-49.558890,1.795699,30.017040,-0.880570,-0.064810,0.469442,0.000000,0.000000,0.000000,0.000000,0,0,3.986038,3.732239,0.645327,0.000729,-49.595000,1.788748,30.033460,355.882200,290.895200,358.199300,104.047200,98.172010,0.300000,1000.000000,0.900730,2468,2740,50.000000,off
1765279990516,2025-12-09 19:33:10.516,229.066100,9.883530,23,13,2,-0.008351,0.009514,-0.039089,0.113602,-0.132889,0.984589,-49.560960,1.795652,30.011760,-0.887595,-0.065431,0.455931,0.000000,0.000000,0.000000,0.000000,0,0,3.982742,3.721817,0.002521,0.011852,-49.595170,1.788709,30.033440,355.888400,290.894500,358.207600,104.047200,98.172010,0.300000,1000.000000,0.900730,2468,2740,50.000000,off
1765279990526,2025-12-09 19:33:10.526,229.077400,9.894775,23,13,2,-0.008752,0.009504,-0.039095,0.115250,-0.130905,0.984665,-49.561230,1.795597,30.011410,-0.886950,-0.063391,0.457477,0.000000,0.000000,0.000000,0.000000,0,0,3.965256,3.715988,10.200240,0.000046,-49.595300,1.788657,30.033460,355.881900,290.892700,358.206000,104.047200,98.172010,0.300000,1000.000000,0.900730,2468,2740,50.000000,off
1765279990537,2025-12-09 19:33:10.537,229.088300,9.905746,23,13,2,-0.011659,0.009306,-0.038883,0.060837,-0.151291,0.986603,-49.562630,1.795529,30.008770,-0.909647,-0.082118,0.407154,-62.433820,0.633592,35.769860,14.149490,Node25,NodeMarker,3.824066,3.573273,2.565624,0.011547,-49.595460,1.788672,30.033460,355.896500,290.886200,358.216800,104.047200,98.172010,0.300000,1000.000000,0.900730,2468,2740,50.000000,off
1765279990548,2025-12-09 19:33:10.548,229.099500,9.916870,23,13,2,-0.011659,0.009306,-0.038883,0.060837,-0.151291,0.986603,-49.562760,1.795537,30.008770,-0.909691,-0.082369,0.407005,-62.434480,0.630059,35.767710,14.149370,Node25,NodeMarker,3.824066,3.573273,2.565624,0.011547,-49.595590,1.788669,30.033460,355.911000,290.877000,358.218700,104.047200,98.172010,0.300000,1000.000000,0.900730,2468,2740,50.000000,off
1765279990559,2025-12-09 19:33:10.559,229.110500,9.927917,23,13,2,-0.015775,0.009163,-0.038880,0.069351,-0.155441,0.985397,-49.564370,1.795515,30.004930,-0.905905,-0.087107,0.414401,-62.408970,0.560443,35.880610,14.178600,Node25,NodeMarker,3.895081,3.620560,2.565624,0.011547,-49.595740,1.788655,30.033460,355.926100,290.868500,358.227800,104.047200,98.172010,0.300000,1000.000000,0.900730,2468,2740,50.000000,off
1765279990571,2025-12-09 19:33:10.571,229.121900,9.939301,23,13,2,-0.008752,0.009504,-0.039095,0.115250,-0.130905,0.984665,-49.561780,1.795618,30.011400,-0.887066,-0.064351,0.457119,0.000000,0.000000,0.000000,0.000000,0,0,3.965256,3.715988,0.039601,0.000737,-49.595850,1.788642,30.033440,355.941700,290.865800,358.244500,104.047200,98.172010,0.300000,1000.000000,0.900730,2468,2740,50.000000,off
1765279990582,2025-12-09 19:33:10.582,229.132800,9.950241,23,13,2,-0.008752,0.009504,-0.039095,0.115250,-0.130905,0.984665,-49.561870,1.795601,30.011430,-0.887141,-0.064307,0.456978,0.000000,0.000000,0.000000,0.000000,0,0,3.965256,3.715988,0.039601,0.000737,-49.595950,1.788627,30.033460,355.939500,290.856200,358.247700,104.047200,98.172010,0.300000,1000.000000,0.900730,2468,2740,50.000000,off
1765279990593,2025-12-09 19:33:10.593,229.143900,9.961304,23,13,2,-0.011659,0.009306,-0.038883,0.060837,-0.151291,0.986603,-49.563240,1.795502,30.008810,-0.909810,-0.083011,0.406609,-62.436230,0.620969,35.761950,14.148920,Node25,NodeMarker,3.824066,3.573273,0.009900,0.000733,-49.596080,1.788617,30.033480,355.950600,290.846000,358.265400,104.047200,98.172010,0.300000,1000.000000,0.900730,2468,2740,50.000000,off
1765279990604,2025-12-09 19:33:10.604,229.155000,9.972412,23,13,2,-0.019056,0.009072,-0.038997,0.057846,-0.153503,0.986450,-49.565860,1.795470,30.001870,-0.910928,-0.085444,0.403613,-62.453580,0.586611,35.712140,14.147860,Node25,NodeMarker,3.917282,3.639053,10.325000,0.002932,-49.596180,1.788588,30.033490,355.967900,290.839200,358.257000,104.047200,98.172010,0.300000,1000.000000,0.900730,2468,2740,50.000000,off
1765279990615,2025-12-09 19:33:10.615,229.166100,9.983490,23,13,2,-0.019793,0.009045,-0.038993,0.052734,-0.150711,0.987167,-49.566200,1.795471,30.001210,-0.913242,-0.082480,0.398973,-62.483380,0.628853,35.644410,14.144260,Node25,NodeMarker,3.868088,3.665482,10.325000,0.002932,-49.596260,1.788596,30.033520,355.969800,290.830000,358.266300,104.047200,98.172010,0.300000,1000.000000,0.900730,2468,2740,50.000000,off
1765279990626,2025-12-09 19:33:10.626,229.177400,9.994751,23,13,2,-0.019793,0.009045,-0.038993,0.052734,-0.150711,0.987167,-49.566400,1.795468,30.001220,-0.913202,-0.082581,0.399046,-62.482880,0.627433,35.645390,14.144130,Node25,NodeMarker,3.868088,3.665482,10.325000,0.002932,-49.596450,1.788591,30.033530,355.975900,290.833700,358.272600,104.047200,98.172010,0.300000,1000.000000,0.900730,2468,2740,50.000000,off
1765279990637,2025-12-09 19:33:10.637,229.188500,10.005890,23,13,2,-0.012659,0.009226,-0.038664,0.066330,-0.145416,0.987137,-49.564250,1.795482,30.008060,-0.907981,-0.077867,0.411693,-62.417040,0.693243,35.835720,14.155240,Node25,NodeMarker,3.842957,3.664093,2.565624,0.046674,-49.596520,1.788613,30.033580,355.986000,290.826800,358.292100,104.047200,98.172010,0.300000,1000.000000,0.900730,2468,2740,50.000000,off
1765279990648,2025-12-09 19:33:10.648,229.199500,10.016910,23,13,2,-0.010516,0.009277,-0.038544,0.069382,-0.144730,0.987030,-49.563740,1.795447,30.010120,-0.906708,-0.077257,0.414610,-62.408510,0.700999,35.883640,14.166310,Node25,NodeMarker,3.861618,3.679382,0.633548,0.002917,-49.596660,1.788586,30.033600,355.985800,290.830300,358.310500,104.047200,98.172010,0.300000,1000.000000,0.900730,2468,2740,50.000000,off
1765279990660,2025-12-09 19:33:10.660,229.210600,10.028030,23,13,2,-0.010516,0.009277,-0.038544,0.069382,-0.144730,0.987030,-49.563800,1.795447,30.010170,-0.906768,-0.077004,0.414526,-62.408730,0.704637,35.882180,14.165540,Node25,NodeMarker,3.861618,3.679382,0.633548,0.002917,-49.596730,1.788598,30.033650,355.972100,290.822500,358.323900,104.047200,98.172010,0.300000,1000.000000,0.900730,2468,2740,50.000000,off
1765279990671,2025-12-09 19:33:10.671,229.222100,10.039510,23,13,2,-0.019793,0.009045,-0.038993,0.052734,-0.150711,0.987167,-49.566740,1.795459,30.001360,-0.913181,-0.082713,0.399065,-62.482740,0.625564,35.645720,14.143920,Node25,NodeMarker,3.868088,3.665482,0.039355,0.011852,-49.596780,1.788596,30.033670,355.986500,290.826000,358.333300,104.047200,98.172010,0.300000,1000.000000,0.900730,2468,2740,50.000000,off
1765279990682,2025-12-09 19:33:10.682,229.233000,10.050400,23,13,2,-0.012659,0.009226,-0.038664,0.066330,-0.145416,0.987137,-49.564630,1.795460,30.008150,-0.907887,-0.077676,0.411938,-62.416290,0.695905,35.839360,14.155470,Node25,NodeMarker,3.842957,3.664093,0.641436,0.011607,-49.596900,1.788607,30.033680,355.977800,290.835100,358.337200,104.047200,98.172010,0.300000,1000.000000,0.900730,2468,2740,50.000000,off
1765279990693,2025-12-09 19:33:10.693,229.244100,10.061480,23,13,2,-0.009604,0.009302,-0.038504,0.071655,-0.144180,0.986939,-49.563780,1.795476,30.011100,-0.905729,-0.076475,0.416865,-62.403930,0.711317,35.920820,14.176370,Node25,NodeMarker,3.854019,3.674210,2.565563,0.047408,-49.596990,1.788629,30.033720,355.969900,290.836100,358.336200,104.047200,98.172010,0.300000,1000.000000,0.900730,2468,2740,50.000000,off
1765279990704,2025-12-09 19:33:10.704,229.255100,10.072450,23,13,2,-0.009604,0.009302,-0.038504,0.071655,-0.144180,0.986939,-49.563900,1.795488,30.011110,-0.905680,-0.076231,0.417016,-62.403700,0.714761,35.923130,14.176760,Node25,NodeMarker,3.854019,3.674210,2.565563,0.047408,-49.597100,1.788651,30.033740,355.956500,290.843600,358.347100,104.047200,98.172010,0.300000,1000.000000,0.900730,2468,2740,50.000000,off
1765279990715,2025-12-09 19:33:10.715,229.266200,10.083570,23,13,2,-0.009676,0.009300,-0.038501,0.070969,-0.145599,0.986786,-49.564020,1.795516,30.011070,-0.905824,-0.077559,0.416474,-62.404540,0.696073,35.914800,14.175400,Node25,NodeMarker,3.844940,3.685028,10.262490,0.002902,-49.597190,1.788684,30.033770,355.952700,290.851900,358.357100,104.047200,98.172010,0.300000,1000.000000,0.900730,2468,2740,50.000000,off
1765279990726,2025-12-09 19:33:10.726,229.277300,10.094740,23,13,2,-0.010965,0.009265,-0.038550,0.068817,-0.145874,0.986893,-49.564560,1.795520,30.009880,-0.906695,-0.077491,0.414574,-62.408660,0.697799,35.882670,14.165650,Node25,NodeMarker,3.845078,3.690353,0.039357,0.011912,-49.597320,1.788703,30.033810,355.938100,290.853400,358.375000,104.047200,98.172010,0.300000,1000.000000,0.900730,2468,2740,50.000000,off
1765279990738,2025-12-09 19:33:10.738,229.288500,10.105880,23,13,2,-0.010710,0.009272,-0.038537,0.070343,-0.146011,0.986771,-49.564590,1.795521,30.010140,-0.906059,-0.077779,0.415922,-62.405700,0.693194,35.904790,14.172370,Node25,NodeMarker,3.878586,3.691040,0.641406,0.000186,-49.597430,1.788699,30.033820,355.944100,290.851000,358.378000,104.047200,98.172010,0.300000,1000.000000,0.900730,2468,2740,50.000000,off
1765279990749,2025-12-09 19:33:10.749,229.299600,10.117030,23,13,2,-0.010710,0.009272,-0.038537,0.070343,-0.146011,0.986771,-49.564750,1.795527,30.010190,-0.906060,-0.077816,0.415913,-62.405700,0.692700,35.904630,14.172180,Node25,NodeMarker,3.878586,3.691040,0.641406,0.000186,-49.597580,1.788705,30.033870,355.946700,290.849400,358.385200,104.047200,98.172010,0.300000,1000.000000,0.900730,2468,2740,50.000000,off
1765279990760,2025-12-09 19:33:10.760,229.310600,10.128040,23,13,2,-0.026474,0.009273,-0.039183,-0.006210,0.034760,0.999374,-49.569810,1.795939,29.995240,-0.931177,0.105107,0.349083,0.000000,0.000000,0.000000,0.000000,0,0,4.191681,3.862503,0.637469,0.002871,-49.597660,1.788701,30.033890,355.967800,290.851300,358.380100,104.047200,98.172010,0.300000,1000.000000,0.900730,2468,2740,50.000000,off
1765279990771,2025-12-09 19:33:10.771,229.321900,10.139300,23,13,2,-0.010965,0.009265,-0.038550,0.068817,-0.145874,0.986893,-49.564970,1.795538,30.009940,-0.906626,-0.078284,0.414577,-62.408600,0.686534,35.883010,14.166210,Node25,NodeMarker,3.845078,3.690353,0.002459,0.000722,-49.597720,1.788690,30.033870,355.984300,290.853900,358.382500,104.047200,98.172010,0.300000,1000.000000,0.900730,2468,2740,50.000000,off
1765279990782,2025-12-09 19:33:10.782,229.332800,10.150160,23,13,2,-0.010965,0.009265,-0.038550,0.068817,-0.145874,0.986893,-49.564980,1.795542,30.009980,-0.906615,-0.078597,0.414540,-62.129240,0.706309,35.754850,13.858220,ActiveHitMarker,Untagged,3.845078,3.690353,0.002459,0.000722,-49.597740,1.788680,30.033910,356.001600,290.853900,358.370600,104.047200,98.172010,0.300000,1000.000000,0.900730,2468,2740,50.000000,off
1765279990793,2025-12-09 19:33:10.793,229.343900,10.161300,23,13,2,-0.010710,0.009272,-0.038537,0.070343,-0.146011,0.986771,-49.564990,1.795552,30.010270,-0.905908,-0.078994,0.416023,-62.405430,0.675882,35.907010,14.173990,Node25,NodeMarker,3.878586,3.691040,0.009899,0.002917,-49.597820,1.788682,30.033950,356.013800,290.860000,358.374400,104.047200,98.172010,0.300000,1000.000000,0.900730,2468,2740,50.000000,off
1765279990804,2025-12-09 19:33:10.804,229.355000,10.172390,23,13,2,-0.027071,0.009424,-0.039523,-0.007187,0.066208,0.997772,-49.569890,1.796080,29.994670,-0.927701,0.135462,0.347858,0.000000,0.000000,0.000000,0.000000,0,0,4.135773,3.900238,0.000611,0.000011,-49.597850,1.788659,30.034000,356.021000,290.861300,358.374800,104.047200,98.172010,0.300000,1000.000000,0.900730,2468,2740,50.000000,off
1765279990815,2025-12-09 19:33:10.815,229.366100,10.183490,23,13,2,-0.028082,0.009198,-0.038640,-0.011215,0.088501,0.996002,-49.571170,1.795935,29.994070,-0.925775,0.157800,0.343539,0.000000,0.000000,0.000000,0.000000,0,0,4.172699,3.975479,0.000611,0.000011,-49.597930,1.788658,30.034030,356.014200,290.864500,358.381800,104.047200,98.172010,0.300000,1000.000000,0.900730,2468,2740,50.000000,off
1765279990826,2025-12-09 19:33:10.826,229.377100,10.194530,23,13,2,-0.028082,0.009198,-0.038640,-0.011215,0.088501,0.996002,-49.571210,1.795899,29.994140,-0.925734,0.158013,0.343550,0.000000,0.000000,0.000000,0.000000,0,0,4.172699,3.975479,0.000611,0.000011,-49.597970,1.788632,30.034110,356.001700,290.866300,358.386400,104.047200,98.172010,0.300000,1000.000000,0.900730,2468,2740,50.000000,off
1765279990838,2025-12-09 19:33:10.838,229.388300,10.205730,23,13,2,-0.023145,0.009373,-0.038724,0.002060,0.082397,0.996582,-49.569420,1.795927,29.998750,-0.922073,0.151532,0.356073,0.000000,0.000000,0.000000,0.000000,0,0,4.157928,3.927368,0.000010,0.002841,-49.598030,1.788630,30.034120,356.005400,290.861600,358.393300,104.047200,98.172010,0.300000,1000.000000,0.900730,2468,2740,50.000000,off
1765279990849,2025-12-09 19:33:10.849,229.399400,10.216840,23,13,2,-0.014980,0.009641,-0.038585,0.020798,0.095993,0.995163,-49.566640,1.795944,30.006420,-0.913065,0.164621,0.373106,0.000000,0.000000,0.000000,0.000000,0,0,4.118118,3.913712,0.000038,0.000045,-49.598020,1.788607,30.034120,355.996600,290.862900,358.399700,104.047200,98.172010,0.300000,1000.000000,0.900730,2468,2740,50.000000,off
1765279990860,2025-12-09 19:33:10.860,229.410400,10.227830,23,13,2,-0.014980,0.009641,-0.038585,0.020798,0.095993,0.995163,-49.566650,1.795945,30.006410,-0.913084,0.164535,0.373098,0.000000,0.000000,0.000000,0.000000,0,0,4.118118,3.913712,0.000038,0.000045,-49.598040,1.788606,30.034110,356.001600,290.862400,358.403200,104.047200,98.172010,0.300000,1000.000000,0.900730,2468,2740,50.000000,off
1765279990871,2025-12-09 19:33:10.871,229.421600,10.239010,23,13,2,-0.002555,0.009979,-0.038050,0.054062,0.119843,0.991318,-49.562740,1.795974,30.018250,-0.896063,0.186923,0.402650,0.000000,0.000000,0.000000,0.000000,0,0,4.165329,3.922165,0.000154,0.000178,-49.598060,1.788597,30.034130,356.013600,290.848800,358.406700,104.047200,98.172010,0.300000,1000.000000,0.900730,2468,2740,50.000000,off
1765279990882,2025-12-09 19:33:10.882,229.432700,10.250110,23,13,2,-0.023145,0.009373,-0.038724,0.002060,0.082397,0.996582,-49.569460,1.795864,29.998750,-0.922161,0.151254,0.355966,0.000000,0.000000,0.000000,0.000000,0,0,4.157928,3.927368,0.002444,0.000714,-49.598060,1.788560,30.034130,356.021500,290.854700,358.401900,104.047200,98.172010,0.300000,1000.000000,0.900730,2468,2740,50.000000,off
1765279990892,2025-12-09 19:33:10.892,229.443800,10.261220,23,13,2,-0.014980,0.009641,-0.038585,0.020798,0.095993,0.995163,-49.566690,1.795915,30.006470,-0.913302,0.163916,0.372839,0.000000,0.000000,0.000000,0.000000,0,0,4.118118,3.913712,0.000154,0.002841,-49.598080,1.788552,30.034160,356.037700,290.844400,358.409000,104.047200,98.172010,0.300000,1000.000000,0.900730,2468,2740,50.000000,off
1765279990903,2025-12-09 19:33:10.903,229.454900,10.272260,23,13,2,-0.014980,0.009641,-0.038585,0.020798,0.095993,0.995163,-49.566720,1.795873,30.006500,-0.913347,0.163834,0.372762,0.000000,0.000000,0.000000,0.000000,0,0,4.118118,3.913712,0.000154,0.002841,-49.598110,1.788509,30.034190,356.042700,290.840300,358.419600,104.047200,98.172010,0.300000,1000.000000,0.900730,2468,2740,50.000000,off
1765279990915,2025-12-09 19:33:10.915,229.466100,10.283460,23,13,2,-0.003007,0.009966,-0.038059,0.053268,0.120972,0.991211,-49.562980,1.795882,30.017910,-0.896381,0.187573,0.401608,0.000000,0.000000,0.000000,0.000000,0,0,4.168503,3.934418,0.009899,0.002871,-49.598140,1.788487,30.034210,356.043400,290.832300,358.426700,104.047200,98.172010,0.300000,1000.000000,0.900730,2468,2740,50.000000,off
1765279990926,2025-12-09 19:33:10.926,229.477400,10.294770,23,13,2,-0.004706,0.009913,-0.038091,0.047821,0.114746,0.992233,-49.563590,1.795888,30.016330,-0.899753,0.181532,0.396827,0.000000,0.000000,0.000000,0.000000,0,0,4.151764,3.946884,0.000039,0.000045,-49.598180,1.788499,30.034230,356.046100,290.828400,358.419200,104.047200,98.172010,0.300000,1000.000000,0.900730,2468,2740,50.000000,off
1765279990937,2025-12-09 19:33:10.937,229.488300,10.305650,23,13,2,-0.005786,0.009879,-0.038118,0.045395,0.112549,0.992600,-49.563980,1.795903,30.015360,-0.901093,0.179408,0.394748,0.000000,0.000000,0.000000,0.000000,0,0,4.143555,3.946945,0.000155,0.000180,-49.598200,1.788520,30.034280,356.047700,290.832700,358.423000,104.047200,98.172010,0.300000,1000.000000,0.900730,2468,2740,50.000000,off
1765279991998,2025-12-09 19:33:11.998,229.740300,10.557680,23,13,2,-0.013643,0.009269,-0.038678,0.074005,-0.135407,0.988007,-49.566230,1.795422,30.008400,-0.905092,-0.069983,0.419380,-62.401240,0.802999,35.955580,14.180660,Node25,NodeMarker,3.940918,3.884720,164.203800,0.002948,-49.598160,1.788412,30.034860,356.099500,290.835800,358.327400,104.047200,98.172010,0.300000,1000.000000,0.900730,2468,2740,50.000000,off
1765279992015,2025-12-09 19:33:12.015,230.073600,10.891010,23,13,2,-0.014159,0.009254,-0.038693,0.074615,-0.135101,0.988007,-49.562690,1.795401,30.004650,-0.904162,-0.068928,0.421565,-62.400050,0.816758,35.990070,14.197920,Node25,NodeMarker,3.978882,3.900055,10.262500,0.011607,-49.594400,1.788440,30.031660,356.061600,290.924500,358.416700,104.047200,98.172010,0.300000,1000.000000,0.900730,2468,2740,50.000000,off
1765279992025,2025-12-09 19:33:12.025,230.086000,10.903410,23,13,2,-0.011778,0.009332,-0.038640,0.079056,-0.134262,0.987778,-49.561770,1.795420,30.006880,-0.902238,-0.067748,0.425861,-62.402890,0.831199,36.067960,14.232380,Node25,NodeMarker,3.981873,3.911133,0.039845,0.002917,-49.594280,1.788460,30.031650,356.033200,290.939400,358.407600,104.047200,98.172010,0.300000,1000.000000,0.900730,2468,2740,50.000000,off
1765279992044,2025-12-09 19:33:12.044,230.104400,10.921810,23,13,2,-0.012076,0.009518,-0.039464,0.092270,-0.125000,0.987854,-49.561000,1.795615,30.006310,-0.896992,-0.058800,0.438111,-62.461300,0.949972,36.307100,14.381680,Node25,NodeMarker,4.140366,3.937958,2.534252,0.011668,-49.594190,1.788522,30.031640,356.029100,290.930700,358.407900,104.047200,98.172010,0.300000,1000.000000,0.900730,2468,2740,50.000000,off
1765279992054,2025-12-09 19:33:12.054,230.115500,10.932860,23,13,2,-0.016947,0.009152,-0.038551,0.063858,-0.139771,0.988113,-49.563580,1.795444,30.002080,-0.908434,-0.072510,0.411669,-62.418800,0.769355,35.827590,14.150830,Node25,NodeMarker,4.263443,3.880554,668.862200,0.002948,-49.594170,1.788529,30.031650,356.017600,290.930200,358.421700,104.047200,98.172010,0.300000,1000.000000,0.900730,2468,2740,50.000000,off
1765279992066,2025-12-09 19:33:12.066,230.126700,10.944060,23,13,2,-0.016947,0.009152,-0.038551,0.063858,-0.139771,0.988113,-49.563560,1.795463,30.002080,-0.908454,-0.072245,0.411672,-62.418820,0.773145,35.827530,14.150580,Node25,NodeMarker,4.263443,3.880554,668.862200,0.002948,-49.594140,1.788557,30.031640,356.001800,290.931200,358.413500,104.047200,98.172010,0.300000,1000.000000,0.900730,2468,2740,50.000000,off
1765279992077,2025-12-09 19:33:12.077,230.137700,10.955120,23,13,2,-0.031415,0.008882,-0.039464,0.040634,-0.168991,0.984772,-49.567820,1.795574,29.988270,-0.915843,-0.100653,0.388696,-62.570220,0.366586,35.506660,14.197080,Node25,NodeMarker,3.955902,3.852341,10.263230,0.000741,-49.594100,1.788609,30.031680,355.983000,290.928200,358.405600,104.047200,98.172010,0.300000,1000.000000,0.900730,2468,2740,50.000000,off
1765279992088,2025-12-09 19:33:12.088,230.148900,10.966310,23,13,0,0.028593,0.011899,-0.042157,0.130142,-0.280823,0.950882,-49.543740,1.796773,30.043420,-0.860888,-0.216678,0.460324,0.000000,0.000000,0.000000,0.000000,0,0,3.434448,3.749542,164.207700,0.002917,-49.594080,1.788679,30.031720,355.960500,290.942800,358.390200,104.047200,98.172010,0.300000,1000.000000,0.900730,2468,2740,50.000000,off
1765279992099,2025-12-09 19:33:12.099,230.159900,10.977340,23,13,1,0.000000,0.000000,0.000000,0.000000,0.000000,1.000000,0.000000,0.000000,0.000000,0.000000,0.000000,0.000000,0.000000,0.000000,0.000000,0.000000,0,0,0.000000,0.000000,0.000000,0.000000,-49.594060,1.788712,30.031750,355.955400,290.953500,358.359600,104.047200,98.172010,0.300000,1000.000000,0.900730,2468,2740,50.000000,off
1765279992109,2025-12-09 19:33:12.109,230.171000,10.988400,23,13,1,0.000000,0.000000,0.000000,0.000000,0.000000,1.000000,0.000000,0.000000,0.000000,0.000000,0.000000,0.000000,0.000000,0.000000,0.000000,0.000000,0,0,0.000000,0.000000,0.000000,0.000000,-49.594030,1.788760,30.031770,355.964200,290.967900,358.354800,104.047200,98.172010,0.300000,1000.000000,0.900730,2468,2740,50.000000,off
1765279992120,2025-12-09 19:33:12.120,230.182100,10.999530,23,25,2,-0.031415,0.008882,-0.039464,0.040634,-0.168991,0.984772,-62.567730,1.795749,35.888380,-0.915658,-0.100627,0.389140,0.000000,0.000000,0.000000,0.000000,0,0,3.955902,3.852341,41.052910,0.185716,-62.593980,1.788755,35.931800,355.979300,290.966300,358.344900,104.047200,98.172010,0.300000,1000.000000,0.900730,2468,2740,50.000000,off
1765279992131,2025-12-09 19:33:12.131,230.193100,11.010510,23,25,0,0.028593,0.011899,-0.042157,0.130142,-0.280823,0.950882,-62.543580,1.796767,35.943470,-0.860540,-0.217240,0.460710,0.000000,0.000000,0.000000,0.000000,0,0,3.434448,3.749542,0.641421,0.750705,-62.593930,1.788668,35.931800,355.989600,290.981200,358.357000,104.047200,98.172010,0.300000,1000.000000,0.900730,2468,2740,50.000000,off
1765279992142,2025-12-09 19:33:12.142,230.204400,11.021790,23,25,0,0.028593,0.011899,-0.042157,0.130142,-0.280823,0.950882,-62.543530,1.796759,35.943470,-0.860403,-0.217342,0.460916,0.000000,0.000000,0.000000,0.000000,0,0,3.434448,3.749542,0.641421,0.750705,-62.593870,1.788644,35.931810,355.998000,290.990000,358.375900,104.047200,98.172010,0.300000,1000.000000,0.900730,2468,2740,50.000000,off
1765279992153,2025-12-09 19:33:12.153,230.215400,11.032760,23,25,1,0.000000,0.000000,0.000000,0.000000,0.000000,1.000000,0.000000,0.000000,0.000000,0.000000,0.000000,0.000000,0.000000,0.000000,0.000000,0.000000,0,0,0.000000,0.000000,0.000000,0.000000,-62.593820,1.788657,35.931820,356.017600,290.997600,358.388000,104.047200,98.172010,0.300000,1000.000000,0.900730,2468,2740,50.000000,off
1765279992165,2025-12-09 19:33:12.165,230.226700,11.044050,23,25,1,0.000000,0.000000,0.000000,0.000000,0.000000,1.000000,0.000000,0.000000,0.000000,0.000000,0.000000,0.000000,0.000000,0.000000,0.000000,0.000000,0,0,0.000000,0.000000,0.000000,0.000000,-62.593800,1.788643,35.931820,356.015900,291.021700,358.388900,104.047200,98.172010,0.300000,1000.000000,0.900730,2468,2740,50.000000,off
1765279992176,2025-12-09 19:33:12.176,230.237600,11.054990,23,25,1,0.000000,0.000000,0.000000,0.000000,0.000000,1.000000,0.000000,0.000000,0.000000,0.000000,0.000000,0.000000,0.000000,0.000000,0.000000,0.000000,0,0,0.000000,0.000000,0.000000,0.000000,-62.593760,1.788679,35.931860,356.016900,291.023300,358.393800,104.047200,98.172010,0.300000,1000.000000,0.900730,2468,2740,50.000000,off
1765279992187,2025-12-09 19:33:12.187,230.248700,11.066150,23,25,1,0.000000,0.000000,0.000000,0.000000,0.000000,1.000000,0.000000,0.000000,0.000000,0.000000,0.000000,0.000000,0.000000,0.000000,0.000000,0.000000,0,0,0.000000,0.000000,0.000000,0.000000,-62.593730,1.788724,35.931900,355.994400,291.020100,358.399600,104.047200,98.172010,0.300000,1000.000000,0.900730,2468,2740,50.000000,off
1765279992198,2025-12-09 19:33:12.198,230.259700,11.077130,23,25,1,0.000000,0.000000,0.000000,0.000000,0.000000,1.000000,0.000000,0.000000,0.000000,0.000000,0.000000,0.000000,0.000000,0.000000,0.000000,0.000000,0,0,0.000000,0.000000,0.000000,0.000000,-62.593710,1.788743,35.931890,355.983100,291.033300,358.394100,104.047200,98.172010,0.300000,1000.000000,0.900730,2468,2740,50.000000,off
1765279992209,2025-12-09 19:33:12.209,230.270800,11.088240,23,25,1,0.000000,0.000000,0.000000,0.000000,0.000000,1.000000,0.000000,0.000000,0.000000,0.000000,0.000000,0.000000,0.000000,0.000000,0.000000,0.000000,0,0,0.000000,0.000000,0.000000,0.000000,-62.593690,1.788777,35.931960,355.987400,291.022700,358.392800,104.047200,98.172010,0.300000,1000.000000,0.900730,2468,2740,50.000000,off
1765279992220,2025-12-09 19:33:12.220,230.281900,11.099330,23,25,1,0.000000,0.000000,0.000000,0.000000,0.000000,1.000000,0.000000,0.000000,0.000000,0.000000,0.000000,0.000000,0.000000,0.000000,0.000000,0.000000,0,0,0.000000,0.000000,0.000000,0.000000,-62.593690,1.788778,35.931990,355.975900,291.025700,358.393400,104.047200,98.172010,0.300000,1000.000000,0.900730,2468,2740,50.000000,off
1765279992232,2025-12-09 19:33:12.232,230.293100,11.110460,23,25,1,0.000000,0.000000,0.000000,0.000000,0.000000,1.000000,0.000000,0.000000,0.000000,0.000000,0.000000,0.000000,0.000000,0.000000,0.000000,0.000000,0,0,0.000000,0.000000,0.000000,0.000000,-62.593670,1.788783,35.932010,355.980400,291.026700,358.382900,104.047200,98.172010,0.300000,1000.000000,0.900730,2468,2740,50.000000,off
1765279992243,2025-12-09 19:33:12.243,230.304300,11.121660,23,25,1,0.000000,0.000000,0.000000,0.000000,0.000000,1.000000,0.000000,0.000000,0.000000,0.000000,0.000000,0.000000,0.000000,0.000000,0.000000,0.000000,0,0,0.000000,0.000000,0.000000,0.000000,-62.593630,1.788800,35.932030,355.977500,291.020000,358.395500,104.047200,98.172010,0.300000,1000.000000,0.900730,2468,2740,50.000000,off
1765279992254,2025-12-09 19:33:12.254,230.315200,11.132600,23,25,1,0.000000,0.000000,0.000000,0.000000,0.000000,1.000000,0.000000,0.000000,0.000000,0.000000,0.000000,0.000000,0.000000,0.000000,0.000000,0.000000,0,0,0.000000,0.000000,0.000000,0.000000,-62.593590,1.788803,35.932030,355.978800,291.019700,358.382000,104.047200,98.172010,0.300000,1000.000000,0.900730,2468,2740,50.000000,off
1765279992265,2025-12-09 19:33:12.265,230.326400,11.143810,23,25,1,0.000000,0.000000,0.000000,0.000000,0.000000,1.000000,0.000000,0.000000,0.000000,0.000000,0.000000,0.000000,0.000000,0.000000,0.000000,0.000000,0,0,0.000000,0.000000,0.000000,0.000000,-62.593560,1.788832,35.932010,355.977800,291.022300,358.381400,104.047200,98.172010,0.300000,1000.000000,0.900730,2468,2740,50.000000,off
1765279992277,2025-12-09 19:33:12.277,230.337700,11.155060,23,25,1,0.000000,0.000000,0.000000,0.000000,0.000000,1.000000,0.000000,0.000000,0.000000,0.000000,0.000000,0.000000,0.000000,0.000000,0.000000,0.000000,0,0,0.000000,0.000000,0.000000,0.000000,-62.593540,1.788853,35.932030,355.984900,291.012600,358.381700,104.047200,98.172010,0.300000,1000.000000,0.900730,2468,2740,50.000000,off
1765279992288,2025-12-09 19:33:12.288,230.348600,11.166030,23,25,1,0.000000,0.000000,0.000000,0.000000,0.000000,1.000000,0.000000,0.000000,0.000000,0.000000,0.000000,0.000000,0.000000,0.000000,0.000000,0.000000,0,0,0.000000,0.000000,0.000000,0.000000,-62.593570,1.788858,35.932050,355.984000,291.013500,358.387500,104.047200,98.172010,0.300000,1000.000000,0.900730,2468,2740,50.000000,off
1765279992299,2025-12-09 19:33:12.299,230.359700,11.177120,23,25,1,0.000000,0.000000,0.000000,0.000000,0.000000,1.000000,0.000000,0.000000,0.000000,0.000000,0.000000,0.000000,0.000000,0.000000,0.000000,0.000000,0,0,0.000000,0.000000,0.000000,0.000000,-62.593550,1.788861,35.932070,355.972900,291.015600,358.378300,104.047200,98.172010,0.300000,1000.000000,0.900730,2468,2740,50.000000,off
1765279992309,2025-12-09 19:33:12.309,230.370800,11.188250,23,25,1,0.000000,0.000000,0.000000,0.000000,0.000000,1.000000,0.000000,0.000000,0.000000,0.000000,0.000000,0.000000,0.000000,0.000000,0.000000,0.000000,0,0,0.000000,0.000000,0.000000,0.000000,-62.593560,1.788848,35.932090,355.970100,291.012600,358.369200,104.047200,98.172010,0.300000,1000.000000,0.900730,2468,2740,50.000000,off
1765279992320,2025-12-09 19:33:12.320,230.381900,11.199340,23,25,1,0.000000,0.000000,0.000000,0.000000,0.000000,1.000000,0.000000,0.000000,0.000000,0.000000,0.000000,0.000000,0.000000,0.000000,0.000000,0.000000,0,0,0.000000,0.000000,0.000000,0.000000,-62.593520,1.788864,35.932120,355.971700,291.021100,358.356200,104.047200,98.172010,0.300000,1000.000000,0.900730,2468,2740,50.000000,off
1765279992331,2025-12-09 19:33:12.331,230.393100,11.210460,23,25,1,0.000000,0.000000,0.000000,0.000000,0.000000,1.000000,0.000000,0.000000,0.000000,0.000000,0.000000,0.000000,0.000000,0.000000,0.000000,0.000000,0,0,0.000000,0.000000,0.000000,0.000000,-62.593500,1.788860,35.932140,355.973000,291.029200,358.357500,104.047200,98.172010,0.300000,1000.000000,0.900730,2468,2740,50.000000,off
1765279992343,2025-12-09 19:33:12.343,230.404100,11.221530,23,25,1,0.000000,0.000000,0.000000,0.000000,0.000000,1.000000,0.000000,0.000000,0.000000,0.000000,0.000000,0.000000,0.000000,0.000000,0.000000,0.000000,0,0,0.000000,0.000000,0.000000,0.000000,-62.593460,1.788836,35.932160,355.974100,291.038500,358.356300,104.047200,98.172010,0.300000,1000.000000,0.900730,2468,2740,50.000000,off
1765279992354,2025-12-09 19:33:12.354,230.415200,11.232600,23,25,1,0.000000,0.000000,0.000000,0.000000,0.000000,1.000000,0.000000,0.000000,0.000000,0.000000,0.000000,0.000000,0.000000,0.000000,0.000000,0.000000,0,0,0.000000,0.000000,0.000000,0.000000,-62.593440,1.788841,35.932190,355.979800,291.040700,358.358600,104.047200,98.172010,0.300000,1000.000000,0.900730,2468,2740,50.000000,off
1765279992365,2025-12-09 19:33:12.365,230.426300,11.243700,23,25,1,0.000000,0.000000,0.000000,0.000000,0.000000,1.000000,0.000000,0.000000,0.000000,0.000000,0.000000,0.000000,0.000000,0.000000,0.000000,0.000000,0,0,0.000000,0.000000,0.000000,0.000000,-62.593430,1.788855,35.932270,355.980500,291.065200,358.349800,104.047200,98.172010,0.300000,1000.000000,0.900730,2468,2740,50.000000,off
1765279992376,2025-12-09 19:33:12.376,230.437500,11.254870,23,25,1,0.000000,0.000000,0.000000,0.000000,0.000000,1.000000,0.000000,0.000000,0.000000,0.000000,0.000000,0.000000,0.000000,0.000000,0.000000,0.000000,0,0,0.000000,0.000000,0.000000,0.000000,-62.593410,1.788874,35.932300,355.995300,291.091500,358.356400,104.047200,98.172010,0.300000,1000.000000,0.900730,2468,2740,50.000000,off
1765279992387,2025-12-09 19:33:12.387,230.448700,11.266050,23,25,1,0.000000,0.000000,0.000000,0.000000,0.000000,1.000000,0.000000,0.000000,0.000000,0.000000,0.000000,0.000000,0.000000,0.000000,0.000000,0.000000,0,0,0.000000,0.000000,0.000000,0.000000,-62.593420,1.788886,35.932300,356.006900,291.109100,358.356200,104.047200,98.172010,0.300000,1000.000000,0.900730,2468,2740,50.000000,off
1765279992398,2025-12-09 19:33:12.398,230.459700,11.277110,23,25,1,0.000000,0.000000,0.000000,0.000000,0.000000,1.000000,0.000000,0.000000,0.000000,0.000000,0.000000,0.000000,0.000000,0.000000,0.000000,0.000000,0,0,0.000000,0.000000,0.000000,0.000000,-62.593400,1.788872,35.932350,355.998800,291.114200,358.345200,104.047200,98.172010,0.300000,1000.000000,0.900730,2468,2740,50.000000,off
1765279992409,2025-12-09 19:33:12.409,230.470700,11.288130,23,25,1,0.000000,0.000000,0.000000,0.000000,0.000000,1.000000,0.000000,0.000000,0.000000,0.000000,0.000000,0.000000,0.000000,0.000000,0.000000,0.000000,0,0,0.000000,0.000000,0.000000,0.000000,-62.593340,1.788838,35.932370,356.002900,291.138700,358.340300,104.047200,98.172010,0.300000,1000.000000,0.900730,2468,2740,50.000000,off
1765279992420,2025-12-09 19:33:12.420,230.481900,11.299270,23,25,1,0.000000,0.000000,0.000000,0.000000,0.000000,1.000000,0.000000,0.000000,0.000000,0.000000,0.000000,0.000000,0.000000,0.000000,0.000000,0.000000,0,0,0.000000,0.000000,0.000000,0.000000,-62.593310,1.788838,35.932380,355.997700,291.154700,358.349100,104.047200,98.172010,0.300000,1000.000000,0.900730,2468,2740,50.000000,off
1765279992432,2025-12-09 19:33:12.432,230.493000,11.310440,23,25,1,0.000000,0.000000,0.000000,0.000000,0.000000,1.000000,0.000000,0.000000,0.000000,0.000000,0.000000,0.000000,0.000000,0.000000,0.000000,0.000000,0,0,0.000000,0.000000,0.000000,0.000000,-62.593300,1.788831,35.932380,356.002500,291.167500,358.353800,104.047200,98.172010,0.300000,1000.000000,0.900730,2468,2740,50.000000,off
1765279992443,2025-12-09 19:33:12.443,230.504300,11.321730,23,25,1,0.000000,0.000000,0.000000,0.000000,0.000000,1.000000,0.000000,0.000000,0.000000,0.000000,0.000000,0.000000,0.000000,0.000000,0.000000,0.000000,0,0,0.000000,0.000000,0.000000,0.000000,-62.593300,1.788816,35.932400,356.000400,291.173400,358.355900,104.047200,98.172010,0.300000,1000.000000,0.900730,2468,2740,50.000000,off
1765279992454,2025-12-09 19:33:12.454,230.515200,11.332610,23,25,1,0.000000,0.000000,0.000000,0.000000,0.000000,1.000000,0.000000,0.000000,0.000000,0.000000,0.000000,0.000000,0.000000,0.000000,0.000000,0.000000,0,0,0.000000,0.000000,0.000000,0.000000,-62.593280,1.788814,35.932400,355.989400,291.178900,358.357000,104.047200,98.172010,0.300000,1000.000000,0.900730,2468,2740,50.000000,off
1765279992465,2025-12-09 19:33:12.465,230.526400,11.343750,23,25,1,0.000000,0.000000,0.000000,0.000000,0.000000,1.000000,0.000000,0.000000,0.000000,0.000000,0.000000,0.000000,0.000000,0.000000,0.000000,0.000000,0,0,0.000000,0.000000,0.000000,0.000000,-62.593330,1.788846,35.932360,355.989400,291.175000,358.364200,104.047200,98.172010,0.300000,1000.000000,0.900730,2468,2740,50.000000,off
1765279992477,2025-12-09 19:33:12.477,230.537600,11.354950,23,25,1,-0.031505,0.010076,-0.040975,0.001053,-0.180374,0.983582,-62.565760,1.796943,35.888190,-0.928077,-0.111214,0.355348,0.000000,0.000000,0.000000,0.000000,0,0,-1.000000,3.257507,0.637530,0.185716,-62.593310,1.788860,35.932330,355.996200,291.187200,358.365100,104.047200,98.172010,0.300000,1000.000000,0.900730,2468,2740,50.000000,off
1765279992487,2025-12-09 19:33:12.487,230.548500,11.365920,23,25,0,0.028544,0.011756,-0.038761,0.087082,-0.136749,0.986755,-62.546080,1.797035,35.944990,-0.896833,-0.069851,0.436784,0.000000,0.000000,0.000000,0.000000,0,0,3.486465,3.986588,2.565745,0.011668,-62.593280,1.788832,35.932320,355.991500,291.185600,358.370300,104.047200,98.172010,0.300000,1000.000000,0.900730,2468,2740,50.000000,off
1765279992498,2025-12-09 19:33:12.498,230.559600,11.377010,23,25,0,0.028544,0.011756,-0.038761,0.087082,-0.136749,0.986755,-62.546070,1.797015,35.944970,-0.896760,-0.069632,0.436970,0.000000,0.000000,0.000000,0.000000,0,0,3.486465,3.986588,2.565745,0.011668,-62.593270,1.788820,35.932310,355.979100,291.196700,358.373200,104.047200,98.172010,0.300000,1000.000000,0.900730,2468,2740,50.000000,off
1765279992510,2025-12-09 19:33:12.510,230.570800,11.388180,23,25,1,0.000000,0.000000,0.000000,0.000000,0.000000,1.000000,0.000000,0.000000,0.000000,0.000000,0.000000,0.000000,0.000000,0.000000,0.000000,0.000000,0,0,0.000000,0.000000,0.000000,0.000000,-62.593240,1.788833,35.932330,355.982600,291.199300,358.378900,104.047200,98.172010,0.300000,1000.000000,0.900730,2468,2740,50.000000,off
1765279992521,2025-12-09 19:33:12.521,230.582000,11.399350,23,25,1,-0.031505,0.010076,-0.040975,0.001053,-0.180374,0.983582,-62.565680,1.796906,35.888180,-0.928016,-0.110873,0.355616,0.000000,0.000000,0.000000,0.000000,0,0,-1.000000,3.257507,0.649219,0.000737,-62.593220,1.788842,35.932330,355.976500,291.201000,358.374900,104.047200,98.172010,0.300000,1000.000000,0.900730,2468,2740,50.000000,off
1765279992532,2025-12-09 19:33:12.532,230.593400,11.410840,23,25,0,0.028549,0.011806,-0.039089,0.086044,-0.090103,0.992203,-62.545700,1.797066,35.944810,-0.898567,-0.022366,0.438253,0.000000,0.000000,0.000000,0.000000,0,0,3.286331,4.000168,0.649249,0.011790,-62.593220,1.788853,35.932290,355.960000,291.210800,358.380300,104.047200,98.172010,0.300000,1000.000000,0.900730,2468,2740,50.000000,off
1765279992543,2025-12-09 19:33:12.543,230.604900,11.422350,23,25,0,0.028549,0.011806,-0.039089,0.086044,-0.090103,0.992203,-62.545670,1.797095,35.944770,-0.898489,-0.022504,0.438405,0.000000,0.000000,0.000000,0.000000,0,0,3.286331,4.000168,0.649249,0.011790,-62.593190,1.788874,35.932250,355.968300,291.220100,358.384700,104.047200,98.172010,0.300000,1000.000000,0.900730,2468,2740,50.000000,off
1765279992555,2025-12-09 19:33:12.555,230.616700,11.434050,23,25,0,0.028506,0.011587,-0.038216,0.112763,-0.049347,0.992386,-62.546480,1.796924,35.945020,-0.885901,0.017488,0.463524,0.000000,0.000000,0.000000,0.000000,0,0,3.563919,4.128479,0.649249,0.011790,-62.593150,1.788853,35.932240,355.964800,291.226000,358.400500,104.047200,98.172010,0.300000,1000.000000,0.900730,2468,2740,50.000000,off
1765279992566,2025-12-09 19:33:12.566,230.628100,11.445510,23,25,2,-0.031512,0.009417,-0.038969,0.013046,0.077057,0.996933,-62.567480,1.796364,35.888790,-0.916527,0.146340,0.372218,0.000000,0.000000,0.000000,0.000000,0,0,3.942215,4.145264,165.196000,0.011790,-62.593080,1.788829,35.932240,355.981400,291.223200,358.403200,104.047200,98.172010,0.300000,1000.000000,0.900730,2468,2740,50.000000,off
1765279992578,2025-12-09 19:33:12.578,230.639600,11.457050,23,25,2,-0.031507,0.009387,-0.039034,0.016815,0.103333,0.994492,-62.567380,1.796327,35.888750,-0.910911,0.172133,0.374948,0.000000,0.000000,0.000000,0.000000,0,0,4.346878,4.245712,10.074990,0.011791,-62.593030,1.788821,35.932220,355.989100,291.227600,358.401500,104.047200,98.172010,0.300000,1000.000000,0.900730,2468,2740,50.000000,off
1765279992589,2025-12-09 19:33:12.589,230.651200,11.468630,23,25,2,-0.031507,0.009387,-0.039034,0.016815,0.103333,0.994492,-62.567320,1.796310,35.888710,-0.910852,0.172167,0.375075,0.000000,0.000000,0.000000,0.000000,0,0,4.346878,4.245712,10.074990,0.011791,-62.592970,1.788810,35.932190,355.987200,291.236600,358.410300,104.047200,98.172010,0.300000,1000.000000,0.900730,2468,2740,50.000000,off
1765279992601,2025-12-09 19:33:12.601,230.662700,11.480130,23,25,2,-0.030784,0.009411,-0.039108,0.007202,0.116303,0.993179,-62.566890,1.796313,35.889340,-0.912169,0.185248,0.365533,0.000000,0.000000,0.000000,0.000000,0,0,4.396591,4.270615,0.629626,0.011668,-62.592870,1.788812,35.932170,355.988800,291.229300,358.408300,104.047200,98.172010,0.300000,1000.000000,0.900730,2468,2740,50.000000,off
1765279992613,2025-12-09 19:33:12.613,230.674600,11.492030,23,25,2,-0.031512,0.009417,-0.038969,0.013046,0.077057,0.996933,-62.567230,1.796331,35.888700,-0.916493,0.146432,0.372265,0.000000,0.000000,0.000000,0.000000,0,0,3.942215,4.145264,0.039838,0.000046,-62.592820,1.788809,35.932160,355.976300,291.227800,358.420600,104.047200,98.172010,0.300000,1000.000000,0.900730,2468,2740,50.000000,off
1765279992624,2025-12-09 19:33:12.624,230.686000,11.503390,23,25,2,-0.031507,0.009387,-0.039034,0.016815,0.103333,0.994492,-62.567130,1.796315,35.888690,-0.910857,0.172466,0.374926,0.000000,0.000000,0.000000,0.000000,0,0,4.346878,4.245712,0.039598,0.002887,-62.592780,1.788833,35.932170,355.970100,291.229600,358.421800,104.047200,98.172010,0.300000,1000.000000,0.900730,2468,2740,50.000000,off
1765279992636,2025-12-09 19:33:12.636,230.697500,11.514860,23,25,2,-0.031507,0.009387,-0.039034,0.016815,0.103333,0.994492,-62.567080,1.796373,35.888680,-0.910831,0.172620,0.374918,0.000000,0.000000,0.000000,0.000000,0,0,4.346878,4.245712,0.039598,0.002887,-62.592740,1.788888,35.932160,355.960800,291.228000,358.404700,104.047200,98.172010,0.300000,1000.000000,0.900730,2468,2740,50.000000,off
1765279992647,2025-12-09 19:33:12.647,230.709000,11.526380,23,25,2,-0.028312,0.009314,-0.038461,0.026077,0.141281,0.989624,-62.566450,1.796296,35.891850,-0.900035,0.210282,0.381727,0.000000,0.000000,0.000000,0.000000,0,0,4.366699,4.332626,0.002444,0.000003,-62.592730,1.788945,35.932130,355.935900,291.223600,358.398300,104.047200,98.172010,0.300000,1000.000000,0.900730,2468,2740,50.000000,off
1765279992658,2025-12-09 19:33:12.658,230.720200,11.537580,23,25,2,-0.015573,0.009919,-0.038942,0.063126,0.147232,0.987076,-62.561350,1.796538,35.903480,-0.883707,0.215357,0.415529,0.000000,0.000000,0.000000,0.000000,0,0,4.279785,4.312576,0.000607,0.000703,-62.592710,1.788984,35.932060,355.913800,291.234100,358.382000,104.047200,98.172010,0.300000,1000.000000,0.900730,2468,2740,50.000000,off
1765279992670,2025-12-09 19:33:12.670,230.731300,11.548680,23,25,2,-0.015573,0.009919,-0.038942,0.063126,0.147232,0.987076,-62.561310,1.796551,35.903440,-0.883651,0.215447,0.415602,0.000000,0.000000,0.000000,0.000000,0,0,4.279785,4.312576,0.000607,0.000703,-62.592670,1.788993,35.932020,355.906200,291.234100,358.347200,104.047200,98.172010,0.300000,1000.000000,0.900730,2468,2740,50.000000,off
1765279992681,2025-12-09 19:33:12.681,230.742500,11.559860,23,25,2,-0.013382,0.009855,-0.038331,0.067184,0.143494,0.987366,-62.561030,1.796513,35.905670,-0.882778,0.211624,0.419421,0.000000,0.000000,0.000000,0.000000,0,0,4.407700,4.298859,0.002459,0.000045,-62.592610,1.789036,35.931980,355.904900,291.227400,358.330700,104.047200,98.172010,0.300000,1000.000000,0.900730,2468,2740,50.000000,off
1765279992692,2025-12-09 19:33:12.692,230.753600,11.571030,23,25,2,-0.011118,0.009988,-0.038508,0.057281,0.161804,0.985153,-62.559990,1.796592,35.907670,-0.882923,0.229961,0.409334,0.000000,0.000000,0.000000,0.000000,0,0,4.363663,4.287384,0.000153,0.000044,-62.592570,1.789058,35.931930,355.907500,291.221300,358.325300,104.047200,98.172010,0.300000,1000.000000,0.900730,2468,2740,50.000000,off
1765279992703,2025-12-09 19:33:12.703,230.764600,11.581990,23,25,2,-0.006709,0.010154,-0.038509,0.064682,0.144455,0.987381,-62.558370,1.796607,35.911740,-0.883695,0.212900,0.416808,0.000000,0.000000,0.000000,0.000000,0,0,4.374344,4.326874,0.000153,0.000044,-62.592550,1.789048,35.931880,355.890400,291.209600,358.327600,104.047200,98.172010,0.300000,1000.000000,0.900730,2468,2740,50.000000,off
1765279992714,2025-12-09 19:33:12.714,230.775700,11.593110,23,25,2,-0.006709,0.010154,-0.038509,0.064682,0.144455,0.987381,-62.558330,1.796603,35.911690,-0.883734,0.213025,0.416661,0.000000,0.000000,0.000000,0.000000,0,0,4.374344,4.326874,0.000153,0.000044,-62.592510,1.789050,35.931820,355.883200,291.201300,358.331100,104.047200,98.172010,0.300000,1000.000000,0.900730,2468,2740,50.000000,off
1765279992725,2025-12-09 19:33:12.725,230.786700,11.604140,23,25,2,-0.013382,0.009855,-0.038331,0.067184,0.143494,0.987366,-62.560870,1.796498,35.905440,-0.882960,0.212239,0.418727,0.000000,0.000000,0.000000,0.000000,0,0,4.407700,4.298859,0.000152,0.000177,-62.592470,1.789050,35.931730,355.870100,291.188100,358.348900,104.047200,98.172010,0.300000,1000.000000,0.900730,2468,2740,50.000000,off
1765279992736,2025-12-09 19:33:12.736,230.797900,11.615330,23,25,2,-0.011118,0.009988,-0.038508,0.057281,0.161804,0.985153,-62.559810,1.796563,35.907430,-0.883136,0.230888,0.408351,0.000000,0.000000,0.000000,0.000000,0,0,4.363663,4.287384,0.000619,0.000176,-62.592410,1.789071,35.931670,355.854600,291.167500,358.355000,104.047200,98.172010,0.300000,1000.000000,0.900730,2468,2740,50.000000,off
1765279992747,2025-12-09 19:33:12.747,230.809000,11.626360,23,25,2,-0.011118,0.009988,-0.038508,0.057281,0.161804,0.985153,-62.559780,1.796626,35.907370,-0.883261,0.231250,0.407875,0.000000,0.000000,0.000000,0.000000,0,0,4.363663,4.287384,0.000619,0.000176,-62.592390,1.789149,35.931590,355.833300,291.138700,358.355600,104.047200,98.172010,0.300000,1000.000000,0.900730,2468,2740,50.000000,off
1765279992759,2025-12-09 19:33:12.759,230.820100,11.637510,23,25,2,-0.007497,0.010095,-0.038441,0.067978,0.151093,0.986176,-62.558450,1.796685,35.910690,-0.881441,0.220748,0.417521,0.000000,0.000000,0.000000,0.000000,0,0,4.383728,4.271225,0.000039,0.000003,-62.592330,1.789215,35.931480,355.809300,291.095800,358.356500,104.047200,98.172010,0.300000,1000.000000,0.900730,2468,2740,50.000000,off
1765279992774,2025-12-09 19:33:12.774,230.831300,11.648670,23,25,2,-0.008314,0.010055,-0.038413,0.064011,0.155533,0.985748,-62.558730,1.796721,35.909820,-0.882508,0.225450,0.412722,0.000000,0.000000,0.000000,0.000000,0,0,4.390762,4.279144,0.000039,0.000003,-62.592310,1.789273,35.931320,355.797400,291.034100,358.348000,104.047200,98.172010,0.300000,1000.000000,0.900730,2468,2740,50.000000,off
1765279992781,2025-12-09 19:33:12.781,230.842300,11.659730,23,25,2,-0.005369,0.010158,-0.038367,0.067184,0.155563,0.985535,-62.557660,1.796751,35.912490,-0.881710,0.225812,0.414234,0.000000,0.000000,0.000000,0.000000,0,0,4.389603,4.297943,0.002459,0.000178,-62.592290,1.789299,35.931170,355.770200,290.944400,358.331200,104.047200,98.172010,0.300000,1000.000000,0.900730,2468,2740,50.000000,off
1765279992792,2025-12-09 19:33:12.792,230.853400,11.670820,23,25,2,-0.005369,0.010158,-0.038367,0.067184,0.155563,0.985535,-62.557620,1.796780,35.912380,-0.882347,0.225911,0.412821,0.000000,0.000000,0.000000,0.000000,0,0,4.389603,4.297943,0.002459,0.000178,-62.592290,1.789332,35.931010,355.764700,290.853900,358.335700,104.047200,98.172010,0.300000,1000.000000,0.900730,2468,2740,50.000000,off
1765279992803,2025-12-09 19:33:12.803,230.864600,11.682010,23,25,2,-0.003302,0.010232,-0.038366,0.069199,0.159699,0.984726,-62.556870,1.796774,35.914200,-0.881309,0.230088,0.412711,0.000000,0.000000,0.000000,0.000000,0,0,4.396912,4.299118,0.000154,0.045203,-62.592300,1.789318,35.930840,355.754100,290.742800,358.330400,104.047200,98.172010,0.300000,1000.000000,0.900730,2468,2740,50.000000,off
1765279992814,2025-12-09 19:33:12.814,230.875600,11.693020,23,25,2,0.006773,0.010850,-0.039432,-0.114517,0.155518,0.981155,-62.552270,1.797009,35.923140,-0.943308,0.231257,0.238025,0.000000,0.000000,0.000000,0.000000,0,0,4.485916,4.360443,0.000038,0.000043,-62.592300,1.789320,35.930660,355.735900,290.654000,358.353100,104.047200,98.172010,0.300000,1000.000000,0.900730,2468,2740,50.000000,off
1765279992826,2025-12-09 19:33:12.826,230.886800,11.704160,23,25,2,0.006773,0.010850,-0.039432,-0.114517,0.155518,0.981155,-62.552150,1.796990,35.923070,-0.943663,0.231360,0.236513,0.000000,0.000000,0.000000,0.000000,0,0,4.485916,4.360443,0.000038,0.000043,-62.592190,1.789304,35.930530,355.727700,290.565800,358.372100,104.047200,98.172010,0.300000,1000.000000,0.900730,2468,2740,50.000000,off
1765279992837,2025-12-09 19:33:12.837,230.897900,11.715350,23,25,2,-0.005369,0.010158,-0.038367,0.067184,0.155563,0.985535,-62.557370,1.796736,35.911960,-0.884823,0.226704,0.407046,0.000000,0.000000,0.000000,0.000000,0,0,4.389603,4.297943,0.000611,0.000011,-62.592140,1.789322,35.930390,355.722100,290.492500,358.391900,104.047200,98.172010,0.300000,1000.000000,0.900730,2468,2740,50.000000,off
1765279992848,2025-12-09 19:33:12.848,230.908900,11.726330,23,25,2,-0.003302,0.010232,-0.038366,0.069199,0.159699,0.984726,-62.556600,1.796814,35.913850,-0.883489,0.230725,0.407666,0.000000,0.000000,0.000000,0.000000,0,0,4.396912,4.299118,0.002444,0.000011,-62.592120,1.789384,35.930300,355.723400,290.433400,358.421000,104.047200,98.172010,0.300000,1000.000000,0.900730,2468,2740,50.000000,off
1765279992859,2025-12-09 19:33:12.859,230.920100,11.737520,23,25,2,0.006117,0.010458,-0.037944,-0.239166,0.167145,0.956467,-62.553670,1.796804,35.922760,-0.963568,0.244864,0.107448,0.000000,0.000000,0.000000,0.000000,0,0,4.563461,4.485443,0.000153,0.000178,-62.592090,1.789392,35.930200,355.696200,290.362000,358.444400,104.047200,98.172010,0.300000,1000.000000,0.900730,2468,2740,50.000000,off
1765279992870,2025-12-09 19:33:12.870,230.931200,11.748600,23,25,2,0.006117,0.010458,-0.037944,-0.239166,0.167145,0.956467,-62.553610,1.796821,35.922680,-0.963662,0.244877,0.106569,0.000000,0.000000,0.000000,0.000000,0,0,4.563461,4.485443,0.000153,0.000178,-62.592040,1.789412,35.930090,355.688000,290.315400,358.474200,104.047200,98.172010,0.300000,1000.000000,0.900730,2468,2740,50.000000,off
1765279992881,2025-12-09 19:33:12.881,230.942300,11.759670,23,25,2,-0.000293,0.010863,-0.040824,-0.290939,0.130158,0.947830,-62.552980,1.797210,35.915600,-0.976430,0.208816,0.054300,0.000000,0.000000,0.000000,0.000000,0,0,4.297638,4.449570,0.000038,0.000044,-62.591930,1.789447,35.929990,355.682300,290.272100,358.476200,104.047200,98.172010,0.300000,1000.000000,0.900730,2468,2740,50.000000,off
1765279992892,2025-12-09 19:33:12.892,230.953500,11.770900,23,25,2,-0.000386,0.010523,-0.039381,-0.292328,0.145386,0.945190,-62.554320,1.796978,35.915950,-0.973207,0.224080,0.051320,0.000000,0.000000,0.000000,0.000000,0,0,4.475113,4.471176,0.000153,0.000174,-62.591870,1.789459,35.929920,355.660200,290.232900,358.498600,104.047200,98.172010,0.300000,1000.000000,0.900730,2468,2740,50.000000,off
1765279992904,2025-12-09 19:33:12.904,230.964600,11.781980,23,25,2,0.002993,0.010613,-0.039230,-0.272461,0.149384,0.950485,-62.553210,1.797016,35.919120,-0.971023,0.228075,0.071200,0.000000,0.000000,0.000000,0.000000,0,0,4.489441,4.404556,0.000039,0.000177,-62.591800,1.789492,35.929840,355.649000,290.200900,358.510500,104.047200,98.172010,0.300000,1000.000000,0.900730,2468,2740,50.000000,off
1765279992914,2025-12-09 19:33:12.914,230.975800,11.793150,23,25,2,0.002993,0.010613,-0.039230,-0.272461,0.149384,0.950485,-62.553140,1.797028,35.919080,-0.971015,0.228294,0.070596,0.000000,0.000000,0.000000,0.000000,0,0,4.489441,4.404556,0.000039,0.000177,-62.591740,1.789515,35.929780,355.631700,290.168600,358.524100,104.047200,98.172010,0.300000,1000.000000,0.900730,2468,2740,50.000000,off
1765279992925,2025-12-09 19:33:12.925,230.987100,11.804490,23,25,2,-0.000293,0.010863,-0.040824,-0.290939,0.130158,0.947830,-62.552650,1.797241,35.915430,-0.976407,0.209553,0.051829,0.000000,0.000000,0.000000,0.000000,0,0,4.297638,4.449570,0.000038,0.000003,-62.591640,1.789523,35.929740,355.620500,290.138400,358.530400,104.047200,98.172010,0.300000,1000.000000,0.900730,2468,2740,50.000000,off
1765279992936,2025-12-09 19:33:12.936,230.998100,11.815480,23,25,2,-0.000386,0.010523,-0.039381,-0.292328,0.145386,0.945190,-62.553950,1.797034,35.915800,-0.973147,0.224798,0.049274,0.000000,0.000000,0.000000,0.000000,0,0,4.475113,4.471176,0.000038,0.000001,-62.591530,1.789554,35.929700,355.604600,290.122100,358.535700,104.047200,98.172010,0.300000,1000.000000,0.900730,2468,2740,50.000000,off
1765279992947,2025-12-09 19:33:12.947,231.009000,11.826350,23,25,2,-0.000386,0.010523,-0.039381,-0.292328,0.145386,0.945190,-62.553850,1.797038,35.915790,-0.973061,0.225253,0.048897,0.000000,0.000000,0.000000,0.000000,0,0,4.475113,4.471176,0.000038,0.000001,-62.591440,1.789577,35.929670,355.576200,290.102300,358.537000,104.047200,98.172010,0.300000,1000.000000,0.900730,2468,2740,50.000000,off
1765279992958,2025-12-09 19:33:12.958,231.020000,11.837390,23,25,2,0.005893,0.010695,-0.039127,-0.264984,0.151825,0.952210,-62.551860,1.797123,35.921760,-0.969703,0.231891,0.076634,0.000000,0.000000,0.000000,0.000000,0,0,4.489914,4.407227,0.000611,0.000175,-62.591380,1.789647,35.929640,355.555200,290.082900,358.529900,104.047200,98.172010,0.300000,1000.000000,0.900730,2468,2740,50.000000,off
1765279992969,2025-12-09 19:33:12.969,231.031200,11.848560,23,25,2,0.000985,0.010537,-0.039229,-0.266586,0.148590,0.952271,-62.553360,1.797097,35.917080,-0.970463,0.229239,0.074957,0.000000,0.000000,0.000000,0.000000,0,0,4.493301,4.407425,0.000010,0.000011,-62.591300,1.789683,35.929600,355.524300,290.073000,358.525600,104.047200,98.172010,0.300000,1000.000000,0.900730,2468,2740,50.000000,off
1765279992980,2025-12-09 19:33:12.980,231.042300,11.859660,23,25,2,-0.003157,0.010380,-0.039193,-0.273529,0.145004,0.950851,-62.554780,1.797079,35.913170,-0.971696,0.226319,0.067446,0.000000,0.000000,0.000000,0.000000,0,0,4.519424,4.410248,0.000010,0.000011,-62.591270,1.789733,35.929560,355.492700,290.043200,358.510300,104.047200,98.172010,0.300000,1000.000000,0.900730,2468,2740,50.000000,off
1765279992992,2025-12-09 19:33:12.992,231.053400,11.870820,23,25,2,-0.003157,0.010380,-0.039193,-0.273529,0.145004,0.950851,-62.554700,1.797101,35.913150,-0.971620,0.226732,0.067162,0.000000,0.000000,0.000000,0.000000,0,0,4.519424,4.410248,0.000010,0.000011,-62.591200,1.789767,35.929520,355.474700,290.024400,358.485200,104.047200,98.172010,0.300000,1000.000000,0.900730,2468,2740,50.000000,off
1765279993003,2025-12-09 19:33:13.003,231.064500,11.881870,23,25,2,-0.003456,0.010312,-0.038929,-0.276550,0.146393,0.949768,-62.554980,1.797084,35.912910,-0.971460,0.228469,0.063542,0.000000,0.000000,0.000000,0.000000,0,0,4.532455,4.414032,0.000010,0.000044,-62.591130,1.789800,35.929460,355.456100,290.000200,358.473200,104.047200,98.172010,0.300000,1000.000000,0.900730,2468,2740,50.000000,off
1765279993014,2025-12-09 19:33:13.014,231.075600,11.892990,23,25,2,-0.003300,0.010271,-0.038739,-0.274887,0.149063,0.949844,-62.555040,1.797060,35.913090,-0.970686,0.231420,0.064814,0.000000,0.000000,0.000000,0.000000,0,0,4.576874,4.424240,0.000151,0.000011,-62.591070,1.789816,35.929410,355.441300,289.980300,358.455000,104.047200,98.172010,0.300000,1000.000000,0.900730,2468,2740,50.000000,off
1765279993025,2025-12-09 19:33:13.025,231.086700,11.904110,23,25,2,-0.003300,0.010271,-0.038739,-0.274887,0.149063,0.949844,-62.555000,1.797096,35.913080,-0.970689,0.231533,0.064371,0.000000,0.000000,0.000000,0.000000,0,0,4.576874,4.424240,0.000151,0.000011,-62.591050,1.789852,35.929380,355.439600,289.951700,358.436800,104.047200,98.172010,0.300000,1000.000000,0.900730,2468,2740,50.000000,off
1765279993036,2025-12-09 19:33:13.036,231.097700,11.915150,23,25,2,-0.003417,0.010302,-0.038865,-0.270325,0.144333,0.951874,-62.554890,1.797133,35.912900,-0.971386,0.227194,0.069023,0.000000,0.000000,0.000000,0.000000,0,0,4.567841,4.417130,0.000611,0.000000,-62.591030,1.789873,35.929330,355.425800,289.929700,358.412900,104.047200,98.172010,0.300000,1000.000000,0.900730,2468,2740,50.000000,off
1765279993047,2025-12-09 19:33:13.047,231.108900,11.926330,23,25,2,-0.003456,0.010312,-0.038929,-0.276550,0.146393,0.949768,-62.554780,1.797165,35.912830,-0.971383,0.229286,0.061757,0.000000,0.000000,0.000000,0.000000,0,0,4.532455,4.414032,0.000153,0.000003,-62.590970,1.789898,35.929290,355.426700,289.887200,358.402300,104.047200,98.172010,0.300000,1000.000000,0.900730,2468,2740,50.000000,off
1765279993058,2025-12-09 19:33:13.058,231.120000,11.937390,23,25,2,-0.003300,0.010271,-0.038739,-0.274887,0.149063,0.949844,-62.554890,1.797097,35.913000,-0.970635,0.232167,0.062869,0.000000,0.000000,0.000000,0.000000,0,0,4.576874,4.424240,0.000038,0.000043,-62.590960,1.789869,35.929230,355.413700,289.858600,358.391800,104.047200,98.172010,0.300000,1000.000000,0.900730,2468,2740,50.000000,off
1765279993069,2025-12-09 19:33:13.069,231.131000,11.948410,23,25,2,-0.003300,0.010271,-0.038739,-0.274887,0.149063,0.949844,-62.554840,1.797110,35.912970,-0.970707,0.232027,0.062274,0.000000,0.000000,0.000000,0.000000,0,0,4.576874,4.424240,0.000038,0.000043,-62.590920,1.789874,35.929170,355.423500,289.822100,358.387700,104.047200,98.172010,0.300000,1000.000000,0.900730,2468,2740,50.000000,off
1765279993081,2025-12-09 19:33:13.081,231.142200,11.959580,23,25,2,-0.003542,0.010307,-0.038900,-0.269440,0.142242,0.952438,-62.554730,1.797158,35.912650,-0.971899,0.225356,0.067791,0.000000,0.000000,0.000000,0.000000,0,0,4.561584,4.417099,0.000154,0.000001,-62.590890,1.789892,35.929120,355.422600,289.791600,358.375200,104.047200,98.172010,0.300000,1000.000000,0.900730,2468,2740,50.000000,off
1765279993092,2025-12-09 19:33:13.092,231.153400,11.970810,23,25,2,-0.003358,0.010322,-0.038940,-0.269165,0.143173,0.952377,-62.554580,1.797155,35.912780,-0.971736,0.226192,0.067356,0.000000,0.000000,0.000000,0.000000,0,0,4.536972,4.417725,0.000038,0.000044,-62.590850,1.789878,35.929070,355.428200,289.751100,358.372800,104.047200,98.172010,0.300000,1000.000000,0.900730,2468,2740,50.000000,off
1765279993103,2025-12-09 19:33:13.103,231.164500,11.981900,23,25,2,-0.003683,0.010320,-0.038983,-0.269119,0.138718,0.953049,-62.554650,1.797138,35.912410,-0.972858,0.221389,0.067112,0.000000,0.000000,0.000000,0.000000,0,0,4.530807,4.388199,0.000615,0.000003,-62.590860,1.789842,35.928990,355.451900,289.719800,358.378500,104.047200,98.172010,0.300000,1000.000000,0.900730,2468,2740,50.000000,off
1765279993114,2025-12-09 19:33:13.114,231.175600,11.993010,23,25,2,-0.003683,0.010320,-0.038983,-0.269119,0.138718,0.953049,-62.554620,1.797090,35.912370,-0.972902,0.221358,0.066566,0.000000,0.000000,0.000000,0.000000,0,0,4.530807,4.388199,0.000615,0.000003,-62.590840,1.789795,35.928930,355.451600,289.688800,358.386400,104.047200,98.172010,0.300000,1000.000000,0.900730,2468,2740,50.000000,off
1765279993125,2025-12-09 19:33:13.125,231.186700,12.004120,23,25,2,-0.005714,0.010496,-0.040104,-0.259552,0.130127,0.956909,-62.554170,1.797232,35.910040,-0.974140,0.212695,0.076079,0.000000,0.000000,0.000000,0.000000,0,0,4.402451,4.341522,0.000038,0.000011,-62.590800,1.789789,35.928860,355.458400,289.642200,358.392900,104.047200,98.172010,0.300000,1000.000000,0.900730,2468,2740,50.000000,off
1765279993136,2025-12-09 19:33:13.136,231.197700,12.015090,23,25,2,-0.003358,0.010322,-0.038940,-0.269165,0.143173,0.952377,-62.554480,1.797055,35.912590,-0.972042,0.225597,0.064900,0.000000,0.000000,0.000000,0.000000,0,0,4.536972,4.417725,0.002429,0.000011,-62.590790,1.789757,35.928780,355.460400,289.605900,358.387500,104.047200,98.172010,0.300000,1000.000000,0.900730,2468,2740,50.000000,off
1765279993148,2025-12-09 19:33:13.148,231.208900,12.026320,23,25,2,-0.003358,0.010322,-0.038940,-0.269165,0.143173,0.952377,-62.554460,1.797068,35.912560,-0.972131,0.225415,0.064192,0.000000,0.000000,0.000000,0.000000,0,0,4.536972,4.417725,0.002429,0.000011,-62.590790,1.789761,35.928720,355.473400,289.562200,358.380800,104.047200,98.172010,0.300000,1000.000000,0.900730,2468,2740,50.000000,off
1765279993159,2025-12-09 19:33:13.159,231.219900,12.037290,23,25,2,-0.003683,0.010320,-0.038983,-0.269119,0.138718,0.953049,-62.554580,1.797068,35.912200,-0.973182,0.220949,0.063775,0.000000,0.000000,0.000000,0.000000,0,0,4.530807,4.388199,0.002444,0.000011,-62.590850,1.789753,35.928650,355.479600,289.520800,358.375800,104.047200,98.172010,0.300000,1000.000000,0.900730,2468,2740,50.000000,off
1765279993170,2025-12-09 19:33:13.170,231.231000,12.048430,23,25,2,-0.008520,0.010407,-0.040164,-0.264206,0.128693,0.955826,-62.555060,1.797193,35.907210,-0.975063,0.211002,0.068556,0.000000,0.000000,0.000000,0.000000,0,0,4.396271,4.337204,0.002459,0.000011,-62.590850,1.789748,35.928590,355.479400,289.476500,358.384500,104.047200,98.172010,0.300000,1000.000000,0.900730,2468,2740,50.000000,off
1765279993181,2025-12-09 19:33:13.181,231.242100,12.059520,23,25,2,-0.012129,0.010296,-0.040257,-0.268234,0.127426,0.954880,-62.556190,1.797150,35.903740,-0.975649,0.209846,0.063686,0.000000,0.000000,0.000000,0.000000,0,0,4.334259,4.312668,0.000002,0.000176,-62.590890,1.789725,35.928540,355.475100,289.432600,358.385300,104.047200,98.172010,0.300000,1000.000000,0.900730,2468,2740,50.000000,off
1765279993192,2025-12-09 19:33:13.192,231.253300,12.070650,23,25,2,-0.012129,0.010296,-0.040257,-0.268234,0.127426,0.954880,-62.556180,1.797137,35.903710,-0.975695,0.209854,0.062944,0.000000,0.000000,0.000000,0.000000,0,0,4.334259,4.312668,0.000002,0.000176,-62.590900,1.789715,35.928480,355.473200,289.389700,358.390300,104.047200,98.172010,0.300000,1000.000000,0.900730,2468,2740,50.000000,off
1765279993203,2025-12-09 19:33:13.203,231.264300,12.081730,23,25,2,-0.015293,0.010198,-0.040331,-0.273102,0.124466,0.953888,-62.557130,1.797107,35.900680,-0.976658,0.206973,0.057275,0.000000,0.000000,0.000000,0.000000,0,0,4.293243,4.271103,0.000002,0.000176,-62.590890,1.789700,35.928420,355.472700,289.345900,358.389900,104.047200,98.172010,0.300000,1000.000000,0.900730,2468,2740,50.000000,off
1765279993214,2025-12-09 19:33:13.214,231.275400,12.092800,23,25,2,-0.013991,0.010109,-0.039767,-0.276016,0.129364,0.952393,-62.557220,1.797044,35.902020,-0.975827,0.211858,0.053384,0.000000,0.000000,0.000000,0.000000,0,0,4.377777,4.257004,0.000038,0.000003,-62.590880,1.789714,35.928330,355.474100,289.306000,358.376300,104.047200,98.172010,0.300000,1000.000000,0.900730,2468,2740,50.000000,off
1765279993225,2025-12-09 19:33:13.225,231.286600,12.103970,23,25,2,-0.013991,0.010109,-0.039767,-0.276016,0.129364,0.952393,-62.557190,1.797061,35.901950,-0.975867,0.211786,0.052944,0.000000,0.000000,0.000000,0.000000,0,0,4.377777,4.257004,0.000038,0.000003,-62.590870,1.789717,35.928230,355.484900,289.276700,358.354400,104.047200,98.172010,0.300000,1000.000000,0.900730,2468,2740,50.000000,off
1765279993237,2025-12-09 19:33:13.237,231.297700,12.115110,23,25,2,-0.004724,0.010370,-0.039422,-0.261963,0.121887,0.957336,-62.554430,1.797049,35.910780,-0.976619,0.204140,0.067204,0.000000,0.000000,0.000000,0.000000,0,0,4.249985,4.124146,0.002444,0.000003,-62.590860,1.789674,35.928180,355.498600,289.237700,358.344700,104.047200,98.172010,0.300000,1000.000000,0.900730,2468,2740,50.000000,off
1765279993248,2025-12-09 19:33:13.248,231.308700,12.126140,23,25,2,-0.015293,0.010198,-0.040331,-0.273102,0.124466,0.953888,-62.557010,1.797128,35.900440,-0.976906,0.206421,0.054997,0.000000,0.000000,0.000000,0.000000,0,0,4.293243,4.271103,0.000038,0.000045,-62.590840,1.789670,35.928090,355.522900,289.201800,358.331700,104.047200,98.172010,0.300000,1000.000000,0.900730,2468,2740,50.000000,off
1765279993259,2025-12-09 19:33:13.259,231.319900,12.137250,23,25,2,-0.013991,0.010109,-0.039767,-0.276016,0.129364,0.952393,-62.557120,1.797019,35.901790,-0.976123,0.211029,0.051212,0.000000,0.000000,0.000000,0.000000,0,0,4.377777,4.257004,0.000000,0.000003,-62.590850,1.789641,35.928020,355.532500,289.171000,358.349400,104.047200,98.172010,0.300000,1000.000000,0.900730,2468,2740,50.000000,off
1765279993270,2025-12-09 19:33:13.270,231.330900,12.148330,23,25,2,-0.013991,0.010109,-0.039767,-0.276016,0.129364,0.952393,-62.557090,1.797010,35.901760,-0.976233,0.210716,0.050395,0.000000,0.000000,0.000000,0.000000,0,0,4.377777,4.257004,0.000000,0.000003,-62.590830,1.789631,35.927960,355.543300,289.125900,358.378000,104.047200,98.172010,0.300000,1000.000000,0.900730,2468,2740,50.000000,off
1765279993281,2025-12-09 19:33:13.281,231.342000,12.159440,23,25,2,-0.001447,0.010409,-0.039070,-0.246643,0.122101,0.961365,-62.553580,1.796949,35.913840,-0.975775,0.203322,0.080540,0.000000,0.000000,0.000000,0.000000,0,0,4.246216,3.986938,0.000038,0.000003,-62.590770,1.789571,35.927940,355.543700,289.094800,358.382400,104.047200,98.172010,0.300000,1000.000000,0.900730,2468,2740,50.000000,off
1765279993291,2025-12-09 19:33:13.291,231.353100,12.170520,23,25,2,-0.002030,0.010444,-0.039247,-0.240830,0.113861,0.963852,-62.553600,1.796992,35.913160,-0.976925,0.195180,0.086578,0.000000,0.000000,0.000000,0.000000,0,0,4.212997,3.899811,0.000038,0.000170,-62.590780,1.789581,35.927860,355.537500,289.081700,358.397400,104.047200,98.172010,0.300000,1000.000000,0.900730,2468,2740,50.000000,off
1765279993302,2025-12-09 19:33:13.302,231.364300,12.181700,23,25,2,-0.002030,0.010444,-0.039247,-0.240830,0.113861,0.963852,-62.553600,1.796998,35.913090,-0.976958,0.195237,0.086075,0.000000,0.000000,0.000000,0.000000,0,0,4.212997,3.899811,0.000038,0.000170,-62.590790,1.789593,35.927780,355.530000,289.054400,358.414000,104.047200,98.172010,0.300000,1000.000000,0.900730,2468,2740,50.000000,off
1765279993314,2025-12-09 19:33:13.314,231.375400,12.192840,23,25,2,-0.000605,0.010480,-0.039188,-0.237534,0.116882,0.964310,-62.553200,1.796971,35.914410,-0.976098,0.198292,0.088827,0.000000,0.000000,0.000000,0.000000,0,0,4.203110,3.914948,0.000002,0.000044,-62.590800,1.789570,35.927710,355.522600,289.025300,358.419600,104.047200,98.172010,0.300000,1000.000000,0.900730,2468,2740,50.000000,off
1765279993325,2025-12-09 19:33:13.325,231.386600,12.203950,23,25,2,-0.001496,0.010441,-0.039171,-0.237152,0.118439,0.964218,-62.553470,1.796955,35.913510,-0.975762,0.199953,0.088846,0.000000,0.000000,0.000000,0.000000,0,0,4.154404,3.907333,0.002444,0.000003,-62.590780,1.789572,35.927640,355.513500,289.008200,358.425100,104.047200,98.172010,0.300000,1000.000000,0.900730,2468,2740,50.000000,off
1765279993336,2025-12-09 19:33:13.336,231.397600,12.215040,23,25,2,-0.005173,0.010302,-0.039193,-0.241013,0.120941,0.962952,-62.554630,1.796896,35.910030,-0.975641,0.202475,0.084373,0.000000,0.000000,0.000000,0.000000,0,0,4.048264,3.866135,0.000009,0.000011,-62.590760,1.789556,35.927640,355.510300,288.985100,358.433000,104.047200,98.172010,0.300000,1000.000000,0.900730,2468,2740,50.000000,off
1765279993347,2025-12-09 19:33:13.347,231.408700,12.226140,23,25,2,-0.005173,0.010302,-0.039193,-0.241013,0.120941,0.962952,-62.554600,1.796891,35.909990,-0.975629,0.202632,0.084132,0.000000,0.000000,0.000000,0.000000,0,0,4.048264,3.866135,0.000009,0.000011,-62.590730,1.789559,35.927580,355.500300,288.971900,358.435200,104.047200,98.172010,0.300000,1000.000000,0.900730,2468,2740,50.000000,off
1765279993358,2025-12-09 19:33:13.358,231.419900,12.237320,23,25,2,-0.000605,0.010480,-0.039188,-0.237534,0.116882,0.964310,-62.553080,1.796961,35.914250,-0.976170,0.198509,0.087538,0.000000,0.000000,0.000000,0.000000,0,0,4.203110,3.914948,0.000010,0.000044,-62.590700,1.789571,35.927500,355.505700,288.952500,358.435200,104.047200,98.172010,0.300000,1000.000000,0.900730,2468,2740,50.000000,off
1765279993369,2025-12-09 19:33:13.369,231.431000,12.248380,23,25,2,-0.001496,0.010441,-0.039171,-0.237152,0.118439,0.964218,-62.553350,1.796953,35.913360,-0.975764,0.200379,0.087859,0.000000,0.000000,0.000000,0.000000,0,0,4.154404,3.907333,0.000153,0.000001,-62.590670,1.789590,35.927450,355.487300,288.952300,358.427500,104.047200,98.172010,0.300000,1000.000000,0.900730,2468,2740,50.000000,off
1765279993381,2025-12-09 19:33:13.381,231.442100,12.259540,23,25,2,-0.001496,0.010441,-0.039171,-0.237152,0.118439,0.964218,-62.553300,1.796985,35.913320,-0.975774,0.200375,0.087753,0.000000,0.000000,0.000000,0.000000,0,0,4.154404,3.907333,0.000153,0.000001,-62.590620,1.789619,35.927410,355.490200,288.944600,358.416800,104.047200,98.172010,0.300000,1000.000000,0.900730,2468,2740,50.000000,off
