UnixTimestamp,Timestamp,RecordingTime,SceneTime,SceneID,NodeID,GazeIndex,GazeOriginLocalX,GazeOriginLocalY,GazeOriginLocalZ,GazeDirectionLocalX,GazeDirectionLocalY,GazeDirectionLocalZ,GazeOriginWorldX,GazeOriginWorldY,GazeOriginWorldZ,GazeDirectionWorldX,GazeDirectionWorldY,GazeDirectionWorldZ,HitPointX,HitPointY,HitPointZ,HitDistance,HitObjectName,HitObjectTag,LeftPupilDiameter,RightPupilDiameter,LeftEyeOpenness,RightEyeOpenness,HMDPositionX,HMDPositionY,HMDPositionZ,HMDRotationEulerX,HMDRotationEulerY,HMDRotationEulerZ,CameraFOV_V,CameraFOV_H,CameraNearClip,CameraFarClip,CameraAspectRatio,CameraPixelWidth,CameraPixelHeight,CameraFocalLength,TaskHintPanel
1765874987087,2025-12-16 16:49:47.087,716.620200,2.052246,23,15,2,0.004542,-0.000297,-0.038629,0.115585,0.314148,0.942307,-26.295610,1.613913,26.585840,0.682088,0.312921,0.660929,0.000000,0.000000,0.000000,0.000000,0,0,3.824417,3.689529,0.000000,0.000000,-26.274100,1.613529,26.618240,0.527992,40.295830,4.106276,104.047200,98.172010,0.300000,1000.000000,0.900730,2468,2740,50.000000,off
1765874987097,2025-12-16 16:49:47.097,716.631300,2.063416,23,15,2,0.004542,-0.000297,-0.038629,0.115585,0.314148,0.942307,-26.295350,1.613933,26.585290,0.681948,0.313197,0.660943,0.000000,0.000000,0.000000,0.000000,0,0,3.824417,3.689529,0.000000,0.000000,-26.273840,1.613560,26.617690,0.511385,40.289050,4.107110,104.047200,98.172010,0.300000,1000.000000,0.900730,2468,2740,50.000000,off
1765874987108,2025-12-16 16:49:47.108,716.642200,2.074219,23,15,2,0.003479,-0.000304,-0.038742,0.122147,0.312637,0.941971,-26.296010,1.613853,26.585340,0.686783,0.312439,0.656263,0.000000,0.000000,0.000000,0.000000,0,0,3.862961,3.607269,0.000000,0.000000,-26.273620,1.613573,26.617150,0.493866,40.290440,4.099974,104.047200,98.172010,0.300000,1000.000000,0.900730,2468,2740,50.000000,off
1765874987121,2025-12-16 16:49:47.121,716.655300,2.087402,23,15,2,-0.000172,-0.000454,-0.038860,0.122360,0.316589,0.940628,-26.298650,1.613424,26.587040,0.685829,0.316699,0.655227,0.000000,0.000000,0.000000,0.000000,0,0,3.882355,3.594803,0.000000,0.000000,-26.273410,1.613567,26.616600,0.475905,40.290190,4.097180,104.047200,98.172010,0.300000,1000.000000,0.900730,2468,2740,50.000000,off
1765874987131,2025-12-16 16:49:47.131,716.664400,2.096436,23,15,2,-0.000172,-0.000454,-0.038860,0.122360,0.316589,0.940628,-26.298310,1.613476,26.586480,0.685799,0.316878,0.655172,0.000000,0.000000,0.000000,0.000000,0,0,3.882355,3.594803,0.000000,0.000000,-26.273080,1.613627,26.616030,0.463718,40.286670,4.084743,104.047200,98.172010,0.300000,1000.000000,0.900730,2468,2740,50.000000,off
1765874987142,2025-12-16 16:49:47.142,716.675500,2.107605,23,15,2,-0.006200,-0.000728,-0.039012,0.129807,0.299164,0.945313,-26.302740,1.612776,26.589700,0.695310,0.300260,0.652957,0.000000,0.000000,0.000000,0.000000,0,0,3.853485,3.556931,0.000000,0.000000,-26.272830,1.613638,26.615500,0.446680,40.285760,4.078506,104.047200,98.172010,0.300000,1000.000000,0.900730,2468,2740,50.000000,off
1765874987153,2025-12-16 16:49:47.153,716.686600,2.118652,23,15,2,-0.001735,-0.000371,-0.039127,0.064224,0.322449,0.944397,-26.299110,1.613470,26.586190,0.643457,0.319236,0.695727,0.000000,0.000000,0.000000,0.000000,0,0,3.669739,3.473251,0.000000,0.000000,-26.272520,1.613675,26.614940,0.421344,40.272670,4.064693,104.047200,98.172010,0.300000,1000.000000,0.900730,2468,2740,50.000000,off
1765874987164,2025-12-16 16:49:47.164,716.697700,2.129761,23,15,2,-0.000172,-0.000454,-0.038860,0.122360,0.316589,0.940628,-26.297500,1.613470,26.584880,0.685539,0.317833,0.654981,0.000000,0.000000,0.000000,0.000000,0,0,3.882355,3.594803,0.000000,0.000000,-26.272270,1.613664,26.614450,0.400089,40.263980,4.032009,104.047200,98.172010,0.300000,1000.000000,0.900730,2468,2740,50.000000,off
1765874987175,2025-12-16 16:49:47.175,716.708900,2.140930,23,15,2,-0.000172,-0.000454,-0.038860,0.122360,0.316589,0.940628,-26.297250,1.613425,26.584380,0.685332,0.318140,0.655049,0.000000,0.000000,0.000000,0.000000,0,0,3.882355,3.594803,0.000000,0.000000,-26.272040,1.613633,26.613950,0.379160,40.244280,4.010447,104.047200,98.172010,0.300000,1000.000000,0.900730,2468,2740,50.000000,off
1765874987186,2025-12-16 16:49:47.186,716.719900,2.151978,23,15,2,-0.006200,-0.000728,-0.039012,0.129807,0.299164,0.945313,-26.301710,1.612694,26.587670,0.694687,0.301319,0.653132,0.000000,0.000000,0.000000,0.000000,0,0,3.853485,3.556931,0.000000,0.000000,-26.271830,1.613597,26.613500,0.371278,40.218010,3.979300,104.047200,98.172010,0.300000,1000.000000,0.900730,2468,2740,50.000000,off
1765874987197,2025-12-16 16:49:47.197,716.731100,2.163208,23,15,2,0.007950,-0.000045,-0.038542,0.027695,0.303299,0.952484,-26.290490,1.614285,26.578510,0.621009,0.298389,0.724773,0.000000,0.000000,0.000000,0.000000,0,0,3.458221,3.525574,0.000000,0.000000,-26.271680,1.613535,26.613070,0.366480,40.188880,3.957020,104.047200,98.172010,0.300000,1000.000000,0.900730,2468,2740,50.000000,off
1765874987209,2025-12-16 16:49:47.209,716.742200,2.174316,23,15,2,0.007950,-0.000045,-0.038542,0.027695,0.303299,0.952484,-26.290290,1.614262,26.578090,0.620202,0.298395,0.725461,0.000000,0.000000,0.000000,0.000000,0,0,3.458221,3.525574,0.000000,0.000000,-26.271530,1.613516,26.612670,0.365910,40.117520,3.932795,104.047200,98.172010,0.300000,1000.000000,0.900730,2468,2740,50.000000,off
1765874987220,2025-12-16 16:49:47.220,716.753200,2.185303,23,15,2,0.022231,0.000631,-0.038222,0.012497,0.326996,0.944931,-26.279030,1.615884,26.568840,0.601777,0.320934,0.731329,0.000000,0.000000,0.000000,0.000000,0,0,3.586960,3.436142,0.000000,0.000000,-26.271400,1.613491,26.612330,0.372665,40.043390,3.908069,104.047200,98.172010,0.300000,1000.000000,0.900730,2468,2740,50.000000,off
1765874987231,2025-12-16 16:49:47.231,716.764500,2.196594,23,15,2,0.024556,0.000732,-0.038143,0.009323,0.324020,0.945999,-26.276980,1.616095,26.567170,0.598856,0.317537,0.735209,0.000000,0.000000,0.000000,0.000000,0,0,3.540817,3.417160,0.000000,0.000000,-26.271260,1.613442,26.612100,0.385322,39.930160,3.889501,104.047200,98.172010,0.300000,1000.000000,0.900730,2468,2740,50.000000,off
1765874987242,2025-12-16 16:49:47.242,716.775600,2.207642,23,15,2,-0.023994,-0.001534,-0.039210,0.078415,0.329086,0.941025,-26.314610,1.610534,26.596970,0.646550,0.327349,0.689051,0.000000,0.000000,0.000000,0.000000,0,0,3.516663,3.360931,0.000000,0.000000,-26.271190,1.613424,26.611870,0.382171,39.779690,3.874400,104.047200,98.172010,0.300000,1000.000000,0.900730,2468,2740,50.000000,off
1765874987253,2025-12-16 16:49:47.253,716.786600,2.218628,23,15,2,-0.023994,-0.001534,-0.039210,0.078415,0.329086,0.941025,-26.314600,1.610536,26.596680,0.644602,0.327270,0.690911,0.000000,0.000000,0.000000,0.000000,0,0,3.516663,3.360931,0.000000,0.000000,-26.271220,1.613423,26.611710,0.386889,39.616290,3.873816,104.047200,98.172010,0.300000,1000.000000,0.900730,2468,2740,50.000000,off
1765874987264,2025-12-16 16:49:47.264,716.797700,2.229797,23,15,2,0.022231,0.000631,-0.038222,0.012497,0.326996,0.944931,-26.278490,1.615786,26.568080,0.593393,0.321409,0.737942,0.000000,0.000000,0.000000,0.000000,0,0,3.586960,3.436142,0.000000,0.000000,-26.271360,1.613434,26.611660,0.344528,39.378150,3.852011,104.047200,98.172010,0.300000,1000.000000,0.900730,2468,2740,50.000000,off
1765874987275,2025-12-16 16:49:47.275,716.808800,2.240845,23,15,2,0.024556,0.000732,-0.038143,0.009323,0.324020,0.945999,-26.276540,1.616077,26.566640,0.587894,0.318665,0.743522,0.000000,0.000000,0.000000,0.000000,0,0,3.540817,3.417160,0.000000,0.000000,-26.271480,1.613485,26.611660,0.317652,39.086990,3.853340,104.047200,98.172010,0.300000,1000.000000,0.900730,2468,2740,50.000000,off
1765874987286,2025-12-16 16:49:47.286,716.819900,2.251953,23,15,2,0.024556,0.000732,-0.038143,0.009323,0.324020,0.945999,-26.276510,1.616123,26.566770,0.582394,0.319227,0.747597,0.000000,0.000000,0.000000,0.000000,0,0,3.540817,3.417160,0.000000,0.000000,-26.271780,1.613559,26.611820,0.283828,38.668600,3.839044,104.047200,98.172010,0.300000,1000.000000,0.900730,2468,2740,50.000000,off
1765874987298,2025-12-16 16:49:47.298,716.831100,2.263123,23,15,2,-0.023042,-0.001491,-0.039188,0.076843,0.329346,0.941071,-26.314390,1.610774,26.595370,0.626043,0.329363,0.706808,0.000000,0.000000,0.000000,0.000000,0,0,3.511093,3.358978,0.000000,0.000000,-26.272150,1.613616,26.612010,0.266025,38.210230,3.822667,104.047200,98.172010,0.300000,1000.000000,0.900730,2468,2740,50.000000,off
1765874987309,2025-12-16 16:49:47.309,716.842200,2.274231,23,15,2,-0.024321,-0.001566,-0.039177,0.078339,0.331207,0.940292,-26.315710,1.610649,26.596050,0.619575,0.331287,0.711590,0.000000,0.000000,0.000000,0.000000,0,0,3.512589,3.325806,0.000000,0.000000,-26.272640,1.613641,26.612340,0.266983,37.630630,3.801604,104.047200,98.172010,0.300000,1000.000000,0.900730,2468,2740,50.000000,off
1765874987320,2025-12-16 16:49:47.320,716.853300,2.285400,23,15,2,-0.020116,-0.001357,-0.039089,0.075394,0.321274,0.943970,-26.312730,1.611131,26.593530,0.612636,0.321387,0.722058,0.000000,0.000000,0.000000,0.000000,0,0,3.459167,3.312332,0.000000,0.000000,-26.273230,1.613635,26.612710,0.251480,37.036540,3.766847,104.047200,98.172010,0.300000,1000.000000,0.900730,2468,2740,50.000000,off
1765874987331,2025-12-16 16:49:47.331,716.864300,2.296387,23,15,2,-0.020116,-0.001357,-0.039089,0.075394,0.321274,0.943970,-26.313250,1.611155,26.593560,0.603740,0.321631,0.729405,0.000000,0.000000,0.000000,0.000000,0,0,3.459167,3.312332,0.000000,0.000000,-26.273990,1.613656,26.613220,0.234159,36.323200,3.723434,104.047200,98.172010,0.300000,1000.000000,0.900730,2468,2740,50.000000,off
1765874987342,2025-12-16 16:49:47.342,716.875500,2.307556,23,15,2,-0.018265,-0.001254,-0.038971,0.087006,0.318832,0.943802,-26.312290,1.611406,26.592660,0.603243,0.320417,0.730354,0.000000,0.000000,0.000000,0.000000,0,0,3.398819,3.216080,0.000000,0.000000,-26.274870,1.613685,26.613840,0.200980,35.529240,3.654145,104.047200,98.172010,0.300000,1000.000000,0.900730,2468,2740,50.000000,off
1765874987353,2025-12-16 16:49:47.353,716.886500,2.318604,23,15,2,-0.017403,-0.001203,-0.038878,0.104309,0.293304,0.950302,-26.312110,1.611610,26.592340,0.611587,0.296358,0.733563,0.000000,0.000000,0.000000,0.000000,0,0,3.174713,3.198074,0.000000,0.000000,-26.275760,1.613783,26.614480,0.175702,34.670960,3.598876,104.047200,98.172010,0.300000,1000.000000,0.900730,2468,2740,50.000000,off
1765874987364,2025-12-16 16:49:47.364,716.897600,2.329651,23,15,2,-0.017403,-0.001203,-0.038878,0.104309,0.293304,0.950302,-26.312910,1.611674,26.592530,0.598997,0.296690,0.743747,0.000000,0.000000,0.000000,0.000000,0,0,3.174713,3.198074,0.000000,0.000000,-26.276960,1.613838,26.615300,0.147067,33.668750,3.502968,104.047200,98.172010,0.300000,1000.000000,0.900730,2468,2740,50.000000,off
1765874987376,2025-12-16 16:49:47.376,716.908800,2.340881,23,15,2,-0.010551,-0.000926,-0.038704,0.117645,0.286179,0.950913,-26.307970,1.612387,26.589220,0.597629,0.290425,0.747306,-21.925680,3.742016,32.069070,7.332702,Target28,Target,3.313690,3.183380,0.000000,0.000000,-26.278280,1.613848,26.616170,0.135642,32.627360,3.414287,104.047200,98.172010,0.300000,1000.000000,0.900730,2468,2740,50.000000,off
1765874987387,2025-12-16 16:49:47.387,716.919800,2.351868,23,15,2,-0.018265,-0.001254,-0.038971,0.087006,0.318832,0.943802,-26.315530,1.611592,26.593370,0.551585,0.320653,0.770015,0.000000,0.000000,0.000000,0.000000,0,0,3.398819,3.216080,0.000000,0.000000,-26.279700,1.613784,26.617140,0.160855,31.465000,3.292742,104.047200,98.172010,0.300000,1000.000000,0.900730,2468,2740,50.000000,off
1765874987398,2025-12-16 16:49:47.398,716.931000,2.363037,23,15,2,-0.017403,-0.001203,-0.038878,0.104309,0.293304,0.950302,-26.315760,1.611675,26.593240,0.555739,0.295034,0.777233,-22.554080,3.608698,31.854160,6.768722,Target28,Target,3.174713,3.198074,0.000000,0.000000,-26.281200,1.613694,26.618080,0.217527,30.289580,3.183414,104.047200,98.172010,0.300000,1000.000000,0.900730,2468,2740,50.000000,off
1765874987409,2025-12-16 16:49:47.409,716.942000,2.374084,23,15,2,-0.017403,-0.001203,-0.038878,0.104309,0.293304,0.950302,-26.316920,1.611590,26.593480,0.539570,0.293536,0.789102,-22.770360,3.540983,31.780190,6.572870,Target28,Target,3.174713,3.198074,0.000000,0.000000,-26.282900,1.613518,26.619070,0.295939,29.050040,3.056179,104.047200,98.172010,0.300000,1000.000000,0.900730,2468,2740,50.000000,off
1765874987420,2025-12-16 16:49:47.420,716.953100,2.385193,23,15,2,-0.019038,-0.001227,-0.038987,0.071060,0.301865,0.950684,-26.319580,1.611449,26.594410,0.493043,0.298820,0.817060,-23.299480,3.441844,31.599240,6.125328,Target28,Target,3.363373,3.113251,0.000000,0.000000,-26.284640,1.613392,26.620090,0.378811,27.775080,2.939807,104.047200,98.172010,0.300000,1000.000000,0.900730,2468,2740,50.000000,off
1765874987431,2025-12-16 16:49:47.431,716.964200,2.396301,23,15,2,-0.011021,-0.000627,-0.039440,-0.081787,0.283844,0.955368,-26.313890,1.612355,26.590660,0.341592,0.272177,0.899566,-24.578010,2.995484,31.162000,5.081685,Target28,Target,3.111954,3.196655,0.000000,0.000000,-26.286460,1.613226,26.621060,0.435775,26.502660,2.835020,104.047200,98.172010,0.300000,1000.000000,0.900730,2468,2740,50.000000,off
1765874987442,2025-12-16 16:49:47.442,716.975300,2.407410,23,15,2,-0.011021,-0.000627,-0.039440,-0.081787,0.283844,0.955368,-26.315120,1.612324,26.591070,0.320809,0.271425,0.907411,-24.715750,2.965491,31.114900,4.985383,Target28,Target,3.111954,3.196655,0.000000,0.000000,-26.288420,1.613138,26.622110,0.490969,25.148990,2.732915,104.047200,98.172010,0.300000,1000.000000,0.900730,2468,2740,50.000000,off
1765874987454,2025-12-16 16:49:47.454,716.986500,2.418518,23,15,2,0.001342,0.000516,-0.041473,-0.223145,0.324768,0.919083,-26.305880,1.614058,26.584700,0.154454,0.305796,0.939475,-25.572830,3.065382,31.043500,4.746014,Target28,Target,3.045990,3.141418,0.000000,0.000000,-26.290360,1.613103,26.623170,0.523467,23.799100,2.625497,104.047200,98.172010,0.300000,1000.000000,0.900730,2468,2740,50.000000,off
1765874987465,2025-12-16 16:49:47.465,716.997600,2.429688,23,15,2,0.002197,0.000559,-0.042811,-0.481461,0.380493,0.789551,-26.306890,1.614043,26.583820,-0.157763,0.351399,0.922822,-27.064320,3.301135,31.014360,4.801002,Target28,Target,3.017532,3.677429,0.000000,0.000000,-26.292570,1.612982,26.624220,0.542250,22.418430,2.527964,104.047200,98.172010,0.300000,1000.000000,0.900730,2468,2740,50.000000,off
1765874987475,2025-12-16 16:49:47.475,717.008700,2.440735,23,15,2,-0.011021,-0.000627,-0.039440,-0.081787,0.283844,0.955368,-26.319080,1.612172,26.592390,0.256448,0.270688,0.927872,-25.100310,2.898609,31.002080,4.752442,Target28,Target,3.111954,3.196655,0.000000,0.000000,-26.294660,1.612877,26.625270,0.564683,21.039260,2.432613,104.047200,98.172010,0.300000,1000.000000,0.900730,2468,2740,50.000000,off
1765874987486,2025-12-16 16:49:47.486,717.019700,2.451782,23,15,2,-0.011021,-0.000627,-0.039440,-0.081787,0.283844,0.955368,-26.320610,1.612070,26.592770,0.234655,0.270500,0.933676,-25.200200,2.903626,31.050790,4.774659,Target28,Target,3.111954,3.196655,0.000000,0.000000,-26.296980,1.612743,26.626210,0.585289,19.668500,2.336371,104.047200,98.172010,0.300000,1000.000000,0.900730,2468,2740,50.000000,off
1765874987497,2025-12-16 16:49:47.497,717.030900,2.463013,23,15,2,0.001342,0.000516,-0.041473,-0.223145,0.324768,0.919083,-26.310950,1.613656,26.587400,0.065974,0.306001,0.949732,-26.001980,3.046697,31.035120,4.683078,Target28,Target,3.045990,3.141418,0.000000,0.000000,-26.299160,1.612655,26.627180,0.597155,18.322690,2.288883,104.047200,98.172010,0.300000,1000.000000,0.900730,2468,2740,50.000000,off
1765874987508,2025-12-16 16:49:47.508,717.042100,2.474182,23,15,2,0.002024,-0.000121,-0.040716,-0.453934,0.380829,0.805542,-26.311390,1.612914,26.588570,-0.211550,0.354125,0.910948,-27.337950,3.331330,31.009010,4.852535,Target28,Target,3.274216,3.594971,0.000000,0.000000,-26.301430,1.612518,26.628100,0.616498,16.987020,2.237894,104.047200,98.172010,0.300000,1000.000000,0.900730,2468,2740,50.000000,off
1765874987520,2025-12-16 16:49:47.520,717.053200,2.485291,23,15,2,0.031813,0.000985,-0.039517,-0.447723,0.380264,0.809265,-26.283760,1.615127,26.582390,-0.225188,0.353810,0.907786,-27.381630,3.340074,31.008160,4.875265,Target28,Target,3.438614,3.207001,0.000000,0.000000,-26.303660,1.612480,26.628990,0.619729,15.680520,2.226360,104.047200,98.172010,0.300000,1000.000000,0.900730,2468,2740,50.000000,off
1765874987531,2025-12-16 16:49:47.531,717.064300,2.496338,23,15,2,0.031813,0.000985,-0.039517,-0.447723,0.380264,0.809265,-26.284800,1.615156,26.583740,-0.246030,0.353983,0.902293,-27.490640,3.350084,31.006030,4.901086,Target28,Target,3.438614,3.207001,0.000000,0.000000,-26.305770,1.612518,26.629870,0.610707,14.359890,2.220850,104.047200,98.172010,0.300000,1000.000000,0.900730,2468,2740,50.000000,off
1765874987542,2025-12-16 16:49:47.542,717.075400,2.507446,23,15,2,0.025409,0.001409,-0.041445,-0.364578,0.323807,0.873047,-26.292690,1.615384,26.584640,-0.169156,0.300409,0.938680,-27.090860,3.032877,31.013840,4.718493,Target28,Target,3.281784,3.161331,0.000000,0.000000,-26.308010,1.612562,26.630710,0.584901,13.062500,2.235794,104.047200,98.172010,0.300000,1000.000000,0.900730,2468,2740,50.000000,off
1765874987553,2025-12-16 16:49:47.553,717.086500,2.518555,23,15,2,0.021144,0.000409,-0.038987,-0.351929,0.339874,0.872131,-26.297580,1.614133,26.589120,-0.178776,0.317514,0.931239,-27.146810,3.122407,31.012750,4.750217,Target28,Target,3.277496,3.123520,0.000000,0.000000,-26.310300,1.612525,26.631580,0.540273,11.774260,2.256869,104.047200,98.172010,0.300000,1000.000000,0.900730,2468,2740,50.000000,off
1765874987564,2025-12-16 16:49:47.564,717.097500,2.529602,23,15,2,0.021144,0.000409,-0.038987,-0.351929,0.339874,0.872131,-26.298930,1.614172,26.590210,-0.199337,0.317625,0.927017,-27.249480,3.128785,31.010740,4.768507,Target28,Target,3.277496,3.123520,0.000000,0.000000,-26.312570,1.612565,26.632390,0.519243,10.519100,2.289741,104.047200,98.172010,0.300000,1000.000000,0.900730,2468,2740,50.000000,off
1765874987575,2025-12-16 16:49:47.575,717.108600,2.540710,23,15,2,0.027227,0.000661,-0.038471,-0.198486,0.346817,0.916687,-26.294240,1.614725,26.590760,-0.060789,0.330789,0.941742,-26.580390,3.171844,31.023820,4.707274,Target28,Target,3.151337,3.157455,0.000000,0.000000,-26.314840,1.612646,26.633110,0.486050,9.303592,2.298553,104.047200,98.172010,0.300000,1000.000000,0.900730,2468,2740,50.000000,off
1765874987589,2025-12-16 16:49:47.589,717.122300,2.554321,23,15,2,0.025409,0.001409,-0.041445,-0.364578,0.323807,0.873047,-26.297720,1.615440,26.589290,-0.249997,0.301934,0.919955,-27.497920,3.064990,31.005890,4.800836,Target28,Target,3.281784,3.161331,0.000000,0.000000,-26.316940,1.612676,26.633870,0.441929,8.122835,2.336139,104.047200,98.172010,0.300000,1000.000000,0.900730,2468,2740,50.000000,off
1765874987597,2025-12-16 16:49:47.597,717.131000,2.563049,23,15,2,0.021144,0.000409,-0.038987,-0.351929,0.339874,0.872131,-26.302830,1.614285,26.593300,-0.256478,0.318957,0.912396,-27.542970,3.156538,31.005000,4.835246,Target28,Target,3.277496,3.123520,0.000000,0.000000,-26.319030,1.612732,26.634560,0.400434,6.993224,2.365294,104.047200,98.172010,0.300000,1000.000000,0.900730,2468,2740,50.000000,off
1765874987608,2025-12-16 16:49:47.608,717.141500,2.573608,23,15,2,0.021144,0.000409,-0.038987,-0.351929,0.339874,0.872131,-26.304070,1.614321,26.594320,-0.274668,0.319321,0.906958,-27.639250,3.166567,31.003120,4.861042,Target28,Target,3.277496,3.123520,0.000000,0.000000,-26.321080,1.612779,26.635250,0.350888,5.871335,2.426782,104.047200,98.172010,0.300000,1000.000000,0.900730,2468,2740,50.000000,off
1765874987619,2025-12-16 16:49:47.619,717.152800,2.584839,23,15,2,0.013289,0.000145,-0.038892,-0.171005,0.334641,0.926697,-26.313150,1.613792,26.596040,-0.106455,0.322081,0.940705,-26.813710,3.128223,31.019260,4.702006,Target28,Target,3.122818,3.155090,0.000000,0.000000,-26.323100,1.612869,26.635910,0.299378,4.832544,2.480064,104.047200,98.172010,0.300000,1000.000000,0.900730,2468,2740,50.000000,off
1765874987630,2025-12-16 16:49:47.630,717.163800,2.595825,23,15,2,-0.003987,0.000005,-0.040744,-0.242172,0.355316,0.902817,-26.331780,1.613018,26.596130,-0.197384,0.340321,0.919346,-27.279470,3.246993,31.010150,4.801209,Target28,Target,3.201141,3.212845,0.000000,0.000000,-26.325110,1.613016,26.636520,0.245012,3.791689,2.551018,104.047200,98.172010,0.300000,1000.000000,0.900730,2468,2740,50.000000,off
1765874987641,2025-12-16 16:49:47.641,717.174900,2.606995,23,15,2,-0.003987,0.000005,-0.040744,-0.242172,0.355316,0.902817,-26.332990,1.613048,26.596660,-0.213683,0.340856,0.915496,-27.362750,3.255665,31.008530,4.819040,Target28,Target,3.201141,3.212845,0.000000,0.000000,-26.327020,1.613087,26.637170,0.193565,2.797931,2.612706,104.047200,98.172010,0.300000,1000.000000,0.900730,2468,2740,50.000000,off
1765874987653,2025-12-16 16:49:47.653,717.186000,2.618042,23,15,2,0.010036,0.001231,-0.042407,-0.319641,0.362305,0.875534,-26.320250,1.614934,26.595100,-0.307901,0.344806,0.886736,-27.849420,3.327394,30.999020,4.966425,Target28,Target,3.271408,3.260666,0.000000,0.000000,-26.328850,1.613131,26.637800,0.143036,1.839110,2.674824,104.047200,98.172010,0.300000,1000.000000,0.900730,2468,2740,50.000000,off
1765874987664,2025-12-16 16:49:47.664,717.197000,2.629089,23,15,2,0.021903,0.000966,-0.039841,-0.303894,0.403931,0.862824,-26.309410,1.615280,26.598170,-0.308709,0.387261,0.868737,-27.873110,3.576858,30.998550,5.065206,Target28,Target,3.463928,3.326263,0.000000,0.000000,-26.330590,1.613190,26.638360,0.113111,0.933935,2.735913,104.047200,98.172010,0.300000,1000.000000,0.900730,2468,2740,50.000000,off
1765874987675,2025-12-16 16:49:47.675,717.208300,2.640320,23,15,2,0.021801,0.000756,-0.039186,-0.164047,0.338104,0.926682,-26.310650,1.615106,26.599760,-0.179253,0.328469,0.927330,-27.163620,3.178110,31.012420,4.758371,Target28,Target,3.172043,3.257751,0.000000,0.000000,-26.332350,1.613238,26.638970,0.077936,0.064087,2.786499,104.047200,98.172010,0.300000,1000.000000,0.900730,2468,2740,50.000000,off
1765874987686,2025-12-16 16:49:47.686,717.219300,2.651367,23,15,2,0.021801,0.000756,-0.039186,-0.164047,0.338104,0.926682,-26.311820,1.615096,26.600590,-0.193009,0.329153,0.924322,-27.232780,3.185678,31.011070,4.771500,Target28,Target,3.172043,3.257751,0.000000,0.000000,-26.334080,1.613241,26.639480,0.023232,359.235300,2.850160,104.047200,98.172010,0.300000,1000.000000,0.900730,2468,2740,50.000000,off
1765874987697,2025-12-16 16:49:47.697,717.230500,2.662537,23,15,2,0.010036,0.001231,-0.042407,-0.319641,0.362305,0.875534,-26.324590,1.615047,26.597930,-0.361080,0.345963,0.865983,-28.157150,3.370889,30.993000,5.075223,Target28,Target,3.271408,3.260666,0.000000,0.000000,-26.335690,1.613326,26.640060,359.974200,358.459300,2.917061,104.047200,98.172010,0.300000,1000.000000,0.900730,2468,2740,50.000000,off
1765874987708,2025-12-16 16:49:47.708,717.241500,2.673523,23,15,2,0.021903,0.000966,-0.039841,-0.303894,0.403931,0.862824,-26.313810,1.615479,26.601700,-0.359043,0.388873,0.848435,-28.172010,3.628064,30.992710,5.175366,Target28,Target,3.463928,3.326263,0.000000,0.000000,-26.337220,1.613436,26.640630,359.916900,357.682400,2.973698,104.047200,98.172010,0.300000,1000.000000,0.900730,2468,2740,50.000000,off
1765874987719,2025-12-16 16:49:47.719,717.252700,2.684753,23,15,2,0.021903,0.000966,-0.039841,-0.303894,0.403931,0.862824,-26.314810,1.615571,26.602580,-0.369840,0.389348,0.843565,-28.238980,3.641234,30.991400,5.202644,Target28,Target,3.463928,3.326263,0.000000,0.000000,-26.338700,1.613542,26.641220,359.861500,356.978900,3.036797,104.047200,98.172010,0.300000,1000.000000,0.900730,2468,2740,50.000000,off
1765874987731,2025-12-16 16:49:47.731,717.263900,2.695923,23,15,2,0.024452,0.000626,-0.038374,-0.163727,0.380066,0.910339,-26.313310,1.615461,26.605100,-0.242567,0.373635,0.895283,-27.505620,3.452011,31.005740,4.915295,Target28,Target,3.313644,3.341187,0.000000,0.000000,-26.340130,1.613638,26.641820,359.812100,356.285000,3.101365,104.047200,98.172010,0.300000,1000.000000,0.900730,2468,2740,50.000000,off
1765874987742,2025-12-16 16:49:47.742,717.275000,2.707031,23,15,2,0.022081,0.000575,-0.038598,-0.109680,0.375305,0.920380,-26.316580,1.615338,26.605580,-0.199501,0.372558,0.906302,-27.286110,3.425895,31.010030,4.859754,Target28,Target,3.340515,3.275085,0.000000,0.000000,-26.341460,1.613710,26.642410,359.759200,355.650300,3.157895,104.047200,98.172010,0.300000,1000.000000,0.900730,2468,2740,50.000000,off
1765874987753,2025-12-16 16:49:47.753,717.286100,2.718201,23,15,2,0.001567,-0.000446,-0.038649,-0.024765,0.361450,0.932053,-26.337840,1.613249,26.604650,-0.125217,0.364304,0.922814,-26.936540,3.355080,31.016860,4.781211,Target28,Target,3.380981,3.266327,0.000000,0.000000,-26.342760,1.613806,26.643010,359.703500,355.046000,3.224763,104.047200,98.172010,0.300000,1000.000000,0.900730,2468,2740,50.000000,off
1765874987764,2025-12-16 16:49:47.764,717.297100,2.729126,23,15,2,0.001567,-0.000446,-0.038649,-0.024765,0.361450,0.932053,-26.338620,1.613337,26.605380,-0.135096,0.365162,0.921079,-26.985520,3.361889,31.015900,4.788377,Target28,Target,3.380981,3.266327,0.000000,0.000000,-26.343950,1.613930,26.643690,359.648300,354.448300,3.271888,104.047200,98.172010,0.300000,1000.000000,0.900730,2468,2740,50.000000,off
1765874987775,2025-12-16 16:49:47.775,717.308000,2.740112,23,15,2,0.014999,0.000091,-0.038317,0.040314,0.351395,0.935349,-26.326190,1.614699,26.607790,-0.079379,0.360235,0.929467,-26.703130,3.325297,31.021420,4.748509,Target28,Target,3.341080,3.251343,0.000000,0.000000,-26.345150,1.614027,26.644300,359.565000,353.901900,3.334057,104.047200,98.172010,0.300000,1000.000000,0.900730,2468,2740,50.000000,off
1765874987785,2025-12-16 16:49:47.785,717.319200,2.751282,23,15,2,0.022081,0.000575,-0.038598,-0.109680,0.375305,0.920380,-26.319990,1.615643,26.609190,-0.236966,0.376212,0.895709,-27.483240,3.462445,31.006170,4.908898,Target28,Target,3.340515,3.275085,0.000000,0.000000,-26.346320,1.614102,26.645000,359.498700,353.350400,3.385431,104.047200,98.172010,0.300000,1000.000000,0.900730,2468,2740,50.000000,off
1765874987797,2025-12-16 16:49:47.797,717.330400,2.762451,23,15,2,0.022081,0.000575,-0.038598,-0.109680,0.375305,0.920380,-26.320780,1.615739,26.610050,-0.245355,0.377376,0.892956,-27.528440,3.473228,31.005290,4.922075,Target28,Target,3.340515,3.275085,0.000000,0.000000,-26.347430,1.614232,26.645620,359.418200,352.831100,3.439592,104.047200,98.172010,0.300000,1000.000000,0.900730,2468,2740,50.000000,off
1765874987808,2025-12-16 16:49:47.808,717.341500,2.773560,23,15,2,0.001567,-0.000446,-0.038649,-0.024765,0.361450,0.932053,-26.341800,1.613579,26.608200,-0.170364,0.370166,0.913200,-27.163440,3.398832,31.012420,4.822802,Target28,Target,3.380981,3.266327,0.000000,0.000000,-26.348550,1.614381,26.646280,359.329300,352.311400,3.479537,104.047200,98.172010,0.300000,1000.000000,0.900730,2468,2740,50.000000,off
1765874987819,2025-12-16 16:49:47.819,717.352600,2.784668,23,15,2,0.023704,0.000595,-0.038493,0.043121,0.358872,0.932388,-26.320720,1.616039,26.612070,-0.110825,0.373572,0.920955,-26.850980,3.403455,31.018530,4.784648,Target28,Target,3.481049,3.345398,0.000000,0.000000,-26.349580,1.614527,26.646840,359.215100,351.831900,3.497806,104.047200,98.172010,0.300000,1000.000000,0.900730,2468,2740,50.000000,off
1765874987830,2025-12-16 16:49:47.830,717.363600,2.795715,23,15,2,0.027653,0.000513,-0.037848,0.048843,0.358765,0.932144,-26.317670,1.616329,26.614160,-0.112781,0.375437,0.919956,-26.857600,3.413712,31.018400,4.787425,Target28,Target,3.499710,3.348083,0.000000,0.000000,-26.350610,1.614706,26.647460,359.115200,351.356900,3.516053,104.047200,98.172010,0.300000,1000.000000,0.900730,2468,2740,50.000000,off
1765874987841,2025-12-16 16:49:47.841,717.374800,2.806824,23,15,2,0.027653,0.000513,-0.037848,0.048843,0.358765,0.932144,-26.318390,1.616453,26.614940,-0.120214,0.377283,0.918258,-26.894780,3.425394,31.017670,4.794635,Target28,Target,3.499710,3.348083,0.000000,0.000000,-26.351610,1.614897,26.647980,359.001400,350.893000,3.532988,104.047200,98.172010,0.300000,1000.000000,0.900730,2468,2740,50.000000,off
1765874987853,2025-12-16 16:49:47.853,717.385900,2.817932,23,15,2,0.018002,0.000197,-0.038305,0.112488,0.376846,0.919403,-26.328520,1.615668,26.613730,-0.063623,0.400812,0.913931,-26.635450,3.549276,31.022740,4.824152,Target28,Target,3.656616,3.361725,0.000000,0.000000,-26.352590,1.615106,26.648530,358.889200,350.439300,3.532029,104.047200,98.172010,0.300000,1000.000000,0.900730,2468,2740,50.000000,off
1765874987864,2025-12-16 16:49:47.864,717.397000,2.829041,23,15,2,-0.018900,-0.001489,-0.038797,0.185425,0.354981,0.916290,-26.365240,1.611864,26.607660,0.003041,0.385353,0.922754,-26.350680,3.457977,31.028300,4.790659,Target28,Target,3.542053,3.417526,0.000000,0.000000,-26.353490,1.615345,26.649070,358.764300,349.994400,3.513999,104.047200,98.172010,0.300000,1000.000000,0.900730,2468,2740,50.000000,off
1765874987875,2025-12-16 16:49:47.875,717.408100,2.840210,23,15,2,0.021283,0.000467,-0.038744,0.117874,0.355057,0.927368,-26.326550,1.616504,26.615280,-0.072023,0.384275,0.920390,-26.671380,3.456381,31.022040,4.787852,Target28,Target,3.809814,3.436508,0.000000,0.000000,-26.354440,1.615691,26.649570,358.591900,349.559100,3.502417,104.047200,98.172010,0.300000,1000.000000,0.900730,2468,2740,50.000000,off
1765874987886,2025-12-16 16:49:47.886,717.419200,2.851257,23,15,2,0.021283,0.000467,-0.038744,0.117874,0.355057,0.927368,-26.327230,1.616810,26.616030,-0.079025,0.387005,0.918669,-26.706180,3.472632,31.021360,4.795270,Target28,Target,3.809814,3.436508,0.000000,0.000000,-26.355390,1.616121,26.650090,358.419400,349.102100,3.483536,104.047200,98.172010,0.300000,1000.000000,0.900730,2468,2740,50.000000,off
1765874987897,2025-12-16 16:49:47.897,717.430400,2.862427,23,15,2,0.018002,0.000197,-0.038305,0.112488,0.376846,0.919403,-26.331170,1.616668,26.616560,-0.090370,0.412133,0.906614,-26.770110,3.618455,31.020110,4.857061,Target28,Target,3.656616,3.361725,0.000000,0.000000,-26.356320,1.616619,26.650610,358.166600,348.658600,3.438248,104.047200,98.172010,0.300000,1000.000000,0.900730,2468,2740,50.000000,off
1765874987909,2025-12-16 16:49:47.909,717.441400,2.873474,23,15,2,-0.018900,-0.001489,-0.038797,0.185425,0.354981,0.916290,-26.367700,1.613129,26.609370,-0.023422,0.398401,0.916902,-26.480510,3.532085,31.025770,4.816603,Target28,Target,3.542053,3.417526,0.000000,0.000000,-26.357210,1.617141,26.651070,357.914800,348.226600,3.382628,104.047200,98.172010,0.300000,1000.000000,0.900730,2468,2740,50.000000,off
1765874987920,2025-12-16 16:49:47.920,717.452600,2.884644,23,15,2,-0.018900,-0.001489,-0.038797,0.185425,0.354981,0.916290,-26.368300,1.613560,26.609720,-0.029228,0.402742,0.914837,-26.509360,3.557405,31.025200,4.826481,Target28,Target,3.542053,3.417526,0.000000,0.000000,-26.358100,1.617744,26.651470,357.626000,347.809900,3.312407,104.047200,98.172010,0.300000,1000.000000,0.900730,2468,2740,50.000000,off
1765874987930,2025-12-16 16:49:47.930,717.463600,2.895691,23,15,2,0.023297,0.000484,-0.038596,0.051239,0.297516,0.953339,-26.327910,1.618428,26.619270,-0.171289,0.344301,0.923100,-27.143170,3.257147,31.012820,4.759545,Target28,Target,3.555923,3.512741,0.000000,0.000000,-26.359010,1.618443,26.651910,357.312600,347.389000,3.231897,104.047200,98.172010,0.300000,1000.000000,0.900730,2468,2740,50.000000,off
1765874987941,2025-12-16 16:49:47.941,717.474700,2.906799,23,15,2,0.026728,0.000512,-0.038390,-0.051895,0.290192,0.955551,-26.325280,1.619180,26.620840,-0.277858,0.338420,0.899027,-27.679450,3.268505,31.002340,4.873554,Target28,Target,3.405106,3.598541,0.000000,0.000000,-26.359920,1.619279,26.652280,356.882000,346.963400,3.177241,104.047200,98.172010,0.300000,1000.000000,0.900730,2468,2740,50.000000,off
1765874987953,2025-12-16 16:49:47.953,717.486000,2.918030,23,15,2,0.029240,0.000658,-0.038439,-0.046463,0.294693,0.954453,-26.323530,1.620105,26.621970,-0.278208,0.350411,0.894313,-27.686150,3.336376,31.002210,4.897832,Target28,Target,3.535141,3.581497,0.000000,0.000000,-26.360850,1.620245,26.652640,356.440900,346.543000,3.123097,104.047200,98.172010,0.300000,1000.000000,0.900730,2468,2740,50.000000,off
1765874987964,2025-12-16 16:49:47.964,717.497200,2.929260,23,15,2,0.029240,0.000658,-0.038439,-0.046463,0.294693,0.954453,-26.324300,1.620768,26.622560,-0.284546,0.358836,0.888962,-27.725920,3.388331,31.001430,4.925780,Target28,Target,3.535141,3.581497,0.000000,0.000000,-26.361860,1.621268,26.652920,355.925300,346.078700,3.096479,104.047200,98.172010,0.300000,1000.000000,0.900730,2468,2740,50.000000,off
1765874987975,2025-12-16 16:49:47.975,717.508400,2.940430,23,15,2,0.029550,0.000511,-0.037968,-0.023056,0.268021,0.963135,-26.324830,1.621437,26.623640,-0.269744,0.343087,0.899736,-27.637820,3.291431,31.003150,4.867541,Target28,Target,3.499283,3.592468,0.000000,0.000000,-26.362830,1.622400,26.653120,355.381000,345.596100,3.085555,104.047200,98.172010,0.300000,1000.000000,0.900730,2468,2740,50.000000,off
1765874987987,2025-12-16 16:49:47.987,717.519600,2.951660,23,15,2,0.025676,0.000176,-0.037686,0.014771,0.275055,0.961304,-26.329370,1.621610,26.623440,-0.239755,0.361386,0.901053,-27.495480,3.379302,31.005930,4.863699,Target28,Target,3.602112,3.575821,0.000000,0.000000,-26.363830,1.623474,26.653250,354.803500,345.101700,3.080274,104.047200,98.172010,0.300000,1000.000000,0.900730,2468,2740,50.000000,off
1765874987998,2025-12-16 16:49:47.998,717.530700,2.962769,23,15,2,0.025676,0.000176,-0.037686,0.014771,0.275055,0.961304,-26.330180,1.622478,26.623880,-0.247259,0.371529,0.894878,-27.540720,3.441422,31.005050,4.895775,Target28,Target,3.602112,3.575821,0.000000,0.000000,-26.364910,1.624749,26.653350,354.178900,344.558400,3.087785,104.047200,98.172010,0.300000,1000.000000,0.900730,2468,2740,50.000000,off
1765874988009,2025-12-16 16:49:48.009,717.541800,2.973877,23,15,2,0.029240,0.000658,-0.038439,-0.046463,0.294693,0.954453,-26.327440,1.623953,26.624530,-0.312280,0.397836,0.862665,-27.910550,3.640792,30.997820,5.069478,Target28,Target,3.535141,3.581497,0.000000,0.000000,-26.366080,1.626083,26.653440,353.506200,343.991600,3.087277,104.047200,98.172010,0.300000,1000.000000,0.900730,2468,2740,50.000000,off
1765874988020,2025-12-16 16:49:48.020,717.552900,2.984985,23,15,2,0.029550,0.000511,-0.037968,-0.023056,0.268021,0.963135,-26.328190,1.624907,26.625480,-0.300357,0.385831,0.872305,-27.834220,3.559508,30.999310,5.014100,Target28,Target,3.499283,3.592468,0.000000,0.000000,-26.367310,1.627603,26.653360,352.747500,343.334000,3.111439,104.047200,98.172010,0.300000,1000.000000,0.900730,2468,2740,50.000000,off
1765874988030,2025-12-16 16:49:48.030,717.564000,2.996094,23,15,2,0.022303,0.000064,-0.037850,0.038834,0.290009,0.956223,-26.336220,1.625224,26.623930,-0.248897,0.423017,0.871253,-27.587540,3.751932,31.004130,5.027410,Target28,Target,3.690384,3.572327,0.000000,0.000000,-26.368710,1.629252,26.653220,351.932700,342.618500,3.169418,104.047200,98.172010,0.300000,1000.000000,0.900730,2468,2740,50.000000,off
1765874988041,2025-12-16 16:49:48.041,717.575100,3.007202,23,15,2,0.022303,0.000064,-0.037850,0.038834,0.290009,0.956223,-26.337330,1.626368,26.624130,-0.259127,0.435719,0.861961,0.000000,0.000000,0.000000,0.000000,0,0,3.690384,3.572327,0.000000,0.000000,-26.370200,1.630891,26.652930,351.128800,341.847600,3.254067,104.047200,98.172010,0.300000,1000.000000,0.900730,2468,2740,50.000000,off
1765874988052,2025-12-16 16:49:48.052,717.586100,3.018127,23,15,2,0.020412,-0.000302,-0.037189,0.055008,0.275345,0.959763,-26.340590,1.627132,26.624440,-0.257435,0.436131,0.862266,0.000000,0.000000,0.000000,0.000000,0,0,3.650116,3.634201,0.000000,0.000000,-26.371890,1.632505,26.652560,350.283300,340.925500,3.419811,104.047200,98.172010,0.300000,1000.000000,0.900730,2468,2740,50.000000,off
1765874988063,2025-12-16 16:49:48.063,717.597200,3.029297,23,15,2,0.015405,0.000211,-0.038504,-0.027649,0.317871,0.947723,-26.346230,1.628218,26.621560,-0.344037,0.483325,0.804998,0.000000,0.000000,0.000000,0.000000,0,0,3.676834,3.524429,0.000000,0.000000,-26.373700,1.634090,26.652070,349.473400,339.979500,3.617614,104.047200,98.172010,0.300000,1000.000000,0.900730,2468,2740,50.000000,off
1765874988074,2025-12-16 16:49:48.074,717.608200,3.040283,23,15,2,0.015405,0.000211,-0.038504,-0.027649,0.317871,0.947723,-26.347650,1.629241,26.621510,-0.359306,0.494709,0.791295,0.000000,0.000000,0.000000,0.000000,0,0,3.676834,3.524429,0.000000,0.000000,-26.375700,1.635539,26.651410,348.707400,338.835200,3.930079,104.047200,98.172010,0.300000,1000.000000,0.900730,2468,2740,50.000000,off
1765874988086,2025-12-16 16:49:48.086,717.619300,3.051392,23,15,2,0.022347,0.001676,-0.040519,-0.142593,0.394150,0.907898,-26.342020,1.631764,26.621790,-0.465803,0.562809,0.682818,0.000000,0.000000,0.000000,0.000000,0,0,3.309189,3.392029,0.000000,0.000000,-26.377840,1.636926,26.650670,348.004000,337.673800,4.262760,104.047200,98.172010,0.300000,1000.000000,0.900730,2468,2740,50.000000,off
1765874988097,2025-12-16 16:49:48.097,717.630600,3.062622,23,15,1,0.000000,0.000000,0.000000,0.000000,0.000000,1.000000,0.000000,0.000000,0.000000,0.000000,0.000000,0.000000,0.000000,0.000000,0.000000,0.000000,0,0,0.000000,0.000000,0.000000,0.000000,-26.380080,1.638121,26.649760,347.369000,336.399100,4.651229,104.047200,98.172010,0.300000,1000.000000,0.900730,2468,2740,50.000000,off
1765874988108,2025-12-16 16:49:48.108,717.641700,3.073730,23,15,2,0.015405,0.000211,-0.038504,-0.027649,0.317871,0.947723,-26.352550,1.632053,26.620860,-0.408637,0.522295,0.748472,0.000000,0.000000,0.000000,0.000000,0,0,3.676834,3.524429,0.000000,0.000000,-26.382390,1.639320,26.648740,346.801500,335.099600,5.048185,104.047200,98.172010,0.300000,1000.000000,0.900730,2468,2740,50.000000,off
1765874988119,2025-12-16 16:49:48.119,717.652800,3.084839,23,15,2,0.015405,0.000211,-0.038504,-0.027649,0.317871,0.947723,-26.354280,1.632937,26.620590,-0.424814,0.530264,0.733716,0.000000,0.000000,0.000000,0.000000,0,0,3.676834,3.524429,0.000000,0.000000,-26.384700,1.640475,26.647760,346.237800,333.829500,5.440782,104.047200,98.172010,0.300000,1000.000000,0.900730,2468,2740,50.000000,off
1765874988130,2025-12-16 16:49:48.130,717.663800,3.095886,23,15,2,0.022347,0.001676,-0.040519,-0.142593,0.394150,0.907898,-26.348820,1.635397,26.621210,-0.524146,0.589284,0.614802,0.000000,0.000000,0.000000,0.000000,0,0,3.309189,3.392029,0.000000,0.000000,-26.386940,1.641544,26.646760,345.764200,332.563800,5.833648,104.047200,98.172010,0.300000,1000.000000,0.900730,2468,2740,50.000000,off
1765874988141,2025-12-16 16:49:48.141,717.674900,3.106995,23,15,2,-0.028182,-0.000874,-0.038850,-0.341583,0.746536,0.570938,-26.396140,1.628914,26.600330,-0.547960,0.826963,0.125848,0.000000,0.000000,0.000000,0.000000,0,0,-1.000000,5.107056,0.000000,0.000000,-26.389170,1.642576,26.645810,345.288900,331.349500,6.225783,104.047200,98.172010,0.300000,1000.000000,0.900730,2468,2740,50.000000,off
1765874988153,2025-12-16 16:49:48.153,717.686200,3.118286,23,15,2,0.033040,0.002567,-0.042893,-0.341583,0.653732,0.675232,-26.341670,1.638428,26.623690,-0.605052,0.764773,0.221400,0.000000,0.000000,0.000000,0.000000,0,0,4.365005,-1.000000,0.000000,0.000000,-26.391310,1.643457,26.644870,344.905000,330.163500,6.622603,104.047200,98.172010,0.300000,1000.000000,0.900730,2468,2740,50.000000,off
1765874988164,2025-12-16 16:49:48.164,717.697300,3.129333,23,15,2,0.033040,0.002567,-0.042893,-0.341583,0.653732,0.675232,-26.343340,1.639138,26.623630,-0.610762,0.765206,0.203501,0.000000,0.000000,0.000000,0.000000,0,0,4.365005,-1.000000,0.000000,0.000000,-26.393370,1.644232,26.643860,344.533500,329.017100,7.014473,104.047200,98.172010,0.300000,1000.000000,0.900730,2468,2740,50.000000,off
1765874988175,2025-12-16 16:49:48.175,717.708300,3.140320,23,15,2,0.032929,0.001220,-0.039856,-0.360107,0.726486,0.585236,-26.346650,1.639345,26.626480,-0.583790,0.807625,0.083018,0.000000,0.000000,0.000000,0.000000,0,0,5.076508,-1.000000,0.000000,0.000000,-26.395350,1.644917,26.642980,344.252600,327.929000,7.395050,104.047200,98.172010,0.300000,1000.000000,0.900730,2468,2740,50.000000,off
1765874988186,2025-12-16 16:49:48.186,717.719400,3.151428,23,15,2,0.012992,0.000930,-0.041551,-0.304733,0.657242,0.689316,-26.364330,1.636648,26.615020,-0.597807,0.776076,0.200791,0.000000,0.000000,0.000000,0.000000,0,0,4.422531,4.417496,0.000000,0.000000,-26.397230,1.645509,26.642130,344.018300,326.886600,7.791994,104.047200,98.172010,0.300000,1000.000000,0.900730,2468,2740,50.000000,off
1765874988197,2025-12-16 16:49:48.197,717.730500,3.162537,23,15,2,0.012992,0.000930,-0.041551,-0.304733,0.657242,0.689316,-26.365730,1.637129,26.614800,-0.603635,0.775206,0.186188,0.000000,0.000000,0.000000,0.000000,0,0,4.422531,4.417496,0.000000,0.000000,-26.399080,1.646055,26.641350,343.802700,325.895300,8.205819,104.047200,98.172010,0.300000,1000.000000,0.900730,2468,2740,50.000000,off
1765874988208,2025-12-16 16:49:48.208,717.741600,3.173706,23,15,2,0.031167,0.001669,-0.041767,-0.223618,0.555161,0.801102,-26.351840,1.640700,26.623970,-0.607190,0.719904,0.336200,0.000000,0.000000,0.000000,0.000000,0,0,3.937653,3.747665,0.000000,0.000000,-26.400900,1.646383,26.640700,343.665500,324.973000,8.614600,104.047200,98.172010,0.300000,1000.000000,0.900730,2468,2740,50.000000,off
1765874988219,2025-12-16 16:49:48.219,717.752700,3.184753,23,15,2,0.032929,0.001220,-0.039856,-0.360107,0.726486,0.585236,-26.352830,1.641478,26.626500,-0.599665,0.799746,0.027727,0.000000,0.000000,0.000000,0.000000,0,0,5.076508,-1.000000,0.000000,0.000000,-26.402490,1.646661,26.639970,343.545100,324.108500,9.019896,104.047200,98.172010,0.300000,1000.000000,0.900730,2468,2740,50.000000,off
1765874988230,2025-12-16 16:49:48.230,717.763900,3.195923,23,15,2,0.012992,0.000930,-0.041551,-0.304733,0.657242,0.689316,-26.369550,1.637983,26.614410,-0.620236,0.769932,0.149990,0.000000,0.000000,0.000000,0.000000,0,0,4.422531,4.417496,0.000000,0.000000,-26.404010,1.646885,26.639500,343.476500,323.345900,9.405680,104.047200,98.172010,0.300000,1000.000000,0.900730,2468,2740,50.000000,off
1765874988242,2025-12-16 16:49:48.242,717.774900,3.206970,23,15,2,0.012992,0.000930,-0.041551,-0.304733,0.657242,0.689316,-26.370610,1.638184,26.614260,-0.625448,0.767589,0.140027,0.000000,0.000000,0.000000,0.000000,0,0,4.422531,4.417496,0.000000,0.000000,-26.405370,1.647029,26.638950,343.442700,322.626700,9.789437,104.047200,98.172010,0.300000,1000.000000,0.900730,2468,2740,50.000000,off
1765874988253,2025-12-16 16:49:48.253,717.786000,3.218079,23,15,2,0.031044,0.001497,-0.041281,-0.218689,0.553177,0.803833,-26.357290,1.641990,26.624510,-0.631991,0.713943,0.301413,0.000000,0.000000,0.000000,0.000000,0,0,3.832321,3.832321,0.000000,0.000000,-26.406730,1.647089,26.638620,343.453600,322.029200,10.151920,104.047200,98.172010,0.300000,1000.000000,0.900730,2468,2740,50.000000,off
1765874988264,2025-12-16 16:49:48.264,717.797100,3.229126,23,15,2,0.030684,0.001112,-0.040352,-0.156830,0.560486,0.813171,-26.359180,1.642044,26.625130,-0.593782,0.731932,0.334195,0.000000,0.000000,0.000000,0.000000,0,0,3.842789,3.640228,0.000000,0.000000,-26.407910,1.647088,26.638240,343.493400,321.490100,10.522360,104.047200,98.172010,0.300000,1000.000000,0.900730,2468,2740,50.000000,off
1765874988275,2025-12-16 16:49:48.275,717.808100,3.240173,23,15,2,0.030684,0.001112,-0.040352,-0.156830,0.560486,0.813171,-26.360160,1.642251,26.625270,-0.599376,0.729981,0.328427,0.000000,0.000000,0.000000,0.000000,0,0,3.842789,3.640228,0.000000,0.000000,-26.408980,1.647095,26.638060,343.540700,321.040600,10.853630,104.047200,98.172010,0.300000,1000.000000,0.900730,2468,2740,50.000000,off
1765874988286,2025-12-16 16:49:48.286,717.819300,3.251343,23,15,2,0.023213,0.000644,-0.039980,-0.110153,0.489090,0.865234,-26.367130,1.640645,26.621460,-0.601168,0.683784,0.413534,0.000000,0.000000,0.000000,0.000000,0,0,3.675690,3.849350,0.000000,0.000000,-26.409880,1.646992,26.637900,343.626100,320.665500,11.176090,104.047200,98.172010,0.300000,1000.000000,0.900730,2468,2740,50.000000,off
1765874988297,2025-12-16 16:49:48.297,717.830500,3.262573,23,15,2,-0.003546,-0.000699,-0.039406,-0.067368,0.481598,0.873795,-26.389410,1.634547,26.606840,-0.577786,0.685251,0.443380,0.000000,0.000000,0.000000,0.000000,0,0,3.808151,3.804611,0.000000,0.000000,-26.410730,1.646934,26.637780,343.711600,320.337300,11.470470,104.047200,98.172010,0.300000,1000.000000,0.900730,2468,2740,50.000000,off
1765874988308,2025-12-16 16:49:48.308,717.841600,3.273621,23,15,2,0.024814,-0.000156,-0.037627,-0.006668,0.469681,0.882797,-26.368880,1.641037,26.624650,-0.539866,0.686318,0.487327,0.000000,0.000000,0.000000,0.000000,0,0,3.894882,3.649673,0.000000,0.000000,-26.411590,1.646828,26.637820,343.825400,320.122700,11.710270,104.047200,98.172010,0.300000,1000.000000,0.900730,2468,2740,50.000000,off
1765874988320,2025-12-16 16:49:48.320,717.852700,3.284790,23,15,2,0.024814,-0.000156,-0.037627,-0.006668,0.469681,0.882797,-26.369530,1.641104,26.624770,-0.544260,0.684328,0.485234,0.000000,0.000000,0.000000,0.000000,0,0,3.894882,3.649673,0.000000,0.000000,-26.412300,1.646716,26.637830,343.950800,319.900300,11.949210,104.047200,98.172010,0.300000,1000.000000,0.900730,2468,2740,50.000000,off
1765874988331,2025-12-16 16:49:48.331,717.863800,3.295837,23,15,2,0.023213,0.000644,-0.039980,-0.110153,0.489090,0.865234,-26.369830,1.640948,26.622020,-0.617203,0.675020,0.404207,0.000000,0.000000,0.000000,0.000000,0,0,3.675690,3.849350,0.000000,0.000000,-26.412850,1.646620,26.637990,344.063000,319.812400,12.155780,104.047200,98.172010,0.300000,1000.000000,0.900730,2468,2740,50.000000,off
1765874988342,2025-12-16 16:49:48.342,717.874800,3.306885,23,15,2,-0.003546,-0.000699,-0.039406,-0.067368,0.481598,0.873795,-26.391640,1.634327,26.607390,-0.591934,0.677112,0.437178,0.000000,0.000000,0.000000,0.000000,0,0,3.808151,3.804611,0.000000,0.000000,-26.413380,1.646463,26.638150,344.169900,319.709100,12.348320,104.047200,98.172010,0.300000,1000.000000,0.900730,2468,2740,50.000000,off
1765874988353,2025-12-16 16:49:48.353,717.885900,3.317993,23,15,2,-0.003546,-0.000699,-0.039406,-0.067368,0.481598,0.873795,-26.392060,1.634281,26.607620,-0.593656,0.675549,0.437262,0.000000,0.000000,0.000000,0.000000,0,0,3.808151,3.804611,0.000000,0.000000,-26.413810,1.646366,26.638390,344.260000,319.706100,12.501770,104.047200,98.172010,0.300000,1000.000000,0.900730,2468,2740,50.000000,off
1765874988364,2025-12-16 16:49:48.364,717.897000,3.329102,23,15,2,0.018841,-0.000255,-0.038008,0.007553,0.451721,0.892120,-26.375740,1.639712,26.621860,-0.548405,0.666314,0.505238,0.000000,0.000000,0.000000,0.000000,0,0,3.853027,3.585968,0.000000,0.000000,-26.414150,1.646214,26.638650,344.377500,319.706100,12.648980,104.047200,98.172010,0.300000,1000.000000,0.900730,2468,2740,50.000000,off
1765874988375,2025-12-16 16:49:48.375,717.908100,3.340149,23,15,2,0.005719,-0.000586,-0.038638,0.039871,0.425171,0.904221,-26.385890,1.636395,26.613990,-0.531743,0.650166,0.542687,0.000000,0.000000,0.000000,0.000000,0,0,3.828156,3.506866,0.000000,0.000000,-26.414430,1.646076,26.638850,344.465700,319.740000,12.766530,104.047200,98.172010,0.300000,1000.000000,0.900730,2468,2740,50.000000,off
1765874988386,2025-12-16 16:49:48.386,717.919300,3.351379,23,15,2,0.006613,-0.000481,-0.038723,0.059082,0.423904,0.903763,-26.385430,1.636592,26.614750,-0.517119,0.651698,0.554842,0.000000,0.000000,0.000000,0.000000,0,0,3.941727,3.527283,0.000000,0.000000,-26.414700,1.645938,26.639220,344.555800,319.789600,12.854710,104.047200,98.172010,0.300000,1000.000000,0.900730,2468,2740,50.000000,off
1765874988397,2025-12-16 16:49:48.397,717.930400,3.362427,23,15,2,0.006613,-0.000481,-0.038723,0.059082,0.423904,0.903763,-26.385620,1.636534,26.614930,-0.517497,0.650763,0.555587,0.000000,0.000000,0.000000,0.000000,0,0,3.941727,3.527283,0.000000,0.000000,-26.414880,1.645827,26.639450,344.622400,319.853400,12.942280,104.047200,98.172010,0.300000,1000.000000,0.900730,2468,2740,50.000000,off
1765874988408,2025-12-16 16:49:48.408,717.941500,3.373596,23,15,2,0.012477,-0.000082,-0.039003,0.063629,0.421265,0.904694,-26.381080,1.638072,26.618330,-0.514540,0.648898,0.560503,0.000000,0.000000,0.000000,0.000000,0,0,3.905701,3.456146,0.000000,0.000000,-26.415080,1.645758,26.639820,344.666600,319.911000,12.990550,104.047200,98.172010,0.300000,1000.000000,0.900730,2468,2740,50.000000,off
1765874988419,2025-12-16 16:49:48.419,717.952600,3.384705,23,15,2,-0.006517,-0.000706,-0.039418,0.123230,0.394730,0.910492,-26.395950,1.633182,26.607420,-0.471112,0.637689,0.609425,0.000000,0.000000,0.000000,0.000000,0,0,3.819626,3.407501,0.000000,0.000000,-26.415300,1.645648,26.640090,344.721700,319.974400,13.013200,104.047200,98.172010,0.300000,1000.000000,0.900730,2468,2740,50.000000,off
1765874988430,2025-12-16 16:49:48.430,717.963700,3.395813,23,15,2,-0.006517,-0.000706,-0.039418,0.123230,0.394730,0.910492,-26.396080,1.633168,26.607690,-0.470495,0.637267,0.610342,0.000000,0.000000,0.000000,0.000000,0,0,3.819626,3.407501,0.000000,0.000000,-26.415380,1.645613,26.640390,344.753100,320.053100,13.012520,104.047200,98.172010,0.300000,1000.000000,0.900730,2468,2740,50.000000,off
1765874988441,2025-12-16 16:49:48.441,717.974800,3.406860,23,15,2,0.006613,-0.000481,-0.038723,0.059082,0.423904,0.903763,-26.386350,1.636344,26.616040,-0.516608,0.648540,0.559004,0.000000,0.000000,0.000000,0.000000,0,0,3.941727,3.527283,0.000000,0.000000,-26.415520,1.645522,26.640710,344.787400,320.101900,12.998020,104.047200,98.172010,0.300000,1000.000000,0.900730,2468,2740,50.000000,off
1765874988452,2025-12-16 16:49:48.452,717.985800,3.417908,23,15,2,0.012477,-0.000082,-0.039003,0.063629,0.421265,0.904694,-26.381680,1.637887,26.619330,-0.513157,0.647056,0.563890,0.000000,0.000000,0.000000,0.000000,0,0,3.905701,3.456146,0.000000,0.000000,-26.415600,1.645481,26.640970,344.805500,320.152200,12.986310,104.047200,98.172010,0.300000,1000.000000,0.900730,2468,2740,50.000000,off
1765874988463,2025-12-16 16:49:48.463,717.997000,3.429077,23,15,2,-0.009360,-0.000813,-0.039436,0.128220,0.399994,0.907501,-26.398710,1.632347,26.606880,-0.463519,0.641488,0.611259,0.000000,0.000000,0.000000,0.000000,0,0,3.866791,3.496567,0.000000,0.000000,-26.415730,1.645457,26.641260,344.826700,320.183800,12.942430,104.047200,98.172010,0.300000,1000.000000,0.900730,2468,2740,50.000000,off
1765874988474,2025-12-16 16:49:48.474,718.008100,3.440125,23,15,2,-0.009360,-0.000813,-0.039436,0.128220,0.399994,0.907501,-26.398770,1.632342,26.607090,-0.463270,0.641340,0.611603,0.000000,0.000000,0.000000,0.000000,0,0,3.866791,3.496567,0.000000,0.000000,-26.415790,1.645440,26.641480,344.836200,320.195600,12.907770,104.047200,98.172010,0.300000,1000.000000,0.900730,2468,2740,50.000000,off
1765874988486,2025-12-16 16:49:48.486,718.019200,3.451294,23,15,2,-0.016622,-0.001037,-0.039662,0.144821,0.396622,0.906479,-26.404470,1.630548,26.603010,-0.449186,0.641179,0.622179,0.000000,0.000000,0.000000,0.000000,0,0,3.804230,3.512054,0.000000,0.000000,-26.415910,1.645453,26.641710,344.854300,320.209300,12.842930,104.047200,98.172010,0.300000,1000.000000,0.900730,2468,2740,50.000000,off
1765874988497,2025-12-16 16:49:48.497,718.030500,3.462524,23,15,2,-0.024173,-0.001384,-0.039591,0.158829,0.406555,0.899704,-26.410530,1.628615,26.598980,-0.433751,0.651597,0.622304,0.000000,0.000000,0.000000,0.000000,0,0,3.856583,3.569885,0.000000,0.000000,-26.415990,1.645418,26.641900,344.861500,320.209300,12.777960,104.047200,98.172010,0.300000,1000.000000,0.900730,2468,2740,50.000000,off
1765874988509,2025-12-16 16:49:48.509,718.042400,3.474426,23,15,2,-0.019336,-0.000919,-0.040150,0.089706,0.397690,0.913117,-26.406490,1.629924,26.601400,-0.496178,0.631807,0.595495,0.000000,0.000000,0.000000,0.000000,0,0,3.652176,3.449829,0.000000,0.000000,-26.416110,1.645372,26.642090,344.875600,320.195900,12.706770,104.047200,98.172010,0.300000,1000.000000,0.900730,2468,2740,50.000000,off
1765874988519,2025-12-16 16:49:48.519,718.052700,3.484741,23,15,2,-0.019336,-0.000919,-0.040150,0.089706,0.397690,0.913117,-26.406590,1.629861,26.601520,-0.496241,0.631497,0.595771,0.000000,0.000000,0.000000,0.000000,0,0,3.652176,3.449829,0.000000,0.000000,-26.416230,1.645271,26.642220,344.898500,320.167100,12.634090,104.047200,98.172010,0.300000,1000.000000,0.900730,2468,2740,50.000000,off
1765874988530,2025-12-16 16:49:48.530,718.063700,3.495728,23,15,2,0.006519,0.000031,-0.039235,0.063431,0.429306,0.900909,-26.386900,1.636433,26.617040,-0.509813,0.652189,0.560985,0.000000,0.000000,0.000000,0.000000,0,0,3.679169,3.382584,0.000000,0.000000,-26.416310,1.645235,26.642330,344.928100,320.126000,12.582030,104.047200,98.172010,0.300000,1000.000000,0.900730,2468,2740,50.000000,off
1765874988541,2025-12-16 16:49:48.541,718.074700,3.506775,23,15,2,-0.024173,-0.001384,-0.039591,0.158829,0.406555,0.899704,-26.410950,1.628551,26.599470,-0.434553,0.650200,0.623205,0.000000,0.000000,0.000000,0.000000,0,0,3.856583,3.569885,0.000000,0.000000,-26.416530,1.645204,26.642430,344.946700,320.066600,12.532850,104.047200,98.172010,0.300000,1000.000000,0.900730,2468,2740,50.000000,off
1765874988552,2025-12-16 16:49:48.552,718.085800,3.517883,23,15,2,-0.024173,-0.001384,-0.039591,0.158829,0.406555,0.899704,-26.410990,1.628571,26.599490,-0.435460,0.649750,0.623042,0.000000,0.000000,0.000000,0.000000,0,0,3.856583,3.569885,0.000000,0.000000,-26.416630,1.645189,26.642460,344.977500,319.983900,12.494030,104.047200,98.172010,0.300000,1000.000000,0.900730,2468,2740,50.000000,off
1765874988564,2025-12-16 16:49:48.564,718.097000,3.529114,23,15,2,-0.019336,-0.000919,-0.040150,0.089706,0.397690,0.913117,-26.407020,1.629868,26.601760,-0.498945,0.630242,0.594841,0.000000,0.000000,0.000000,0.000000,0,0,3.652176,3.449829,0.000000,0.000000,-26.416870,1.645166,26.642450,344.990900,319.884600,12.471560,104.047200,98.172010,0.300000,1000.000000,0.900730,2468,2740,50.000000,off
1765874988575,2025-12-16 16:49:48.575,718.108100,3.540161,23,15,2,0.014770,0.000306,-0.038936,0.055954,0.427811,0.902115,-26.381220,1.638484,26.622310,-0.519397,0.648659,0.556266,0.000000,0.000000,0.000000,0.000000,0,0,3.705688,3.208511,0.000000,0.000000,-26.417040,1.645198,26.642450,344.999800,319.790900,12.443900,104.047200,98.172010,0.300000,1000.000000,0.900730,2468,2740,50.000000,off
1765874988586,2025-12-16 16:49:48.586,718.119100,3.551208,23,15,2,0.019013,0.000501,-0.038968,0.043060,0.421448,0.905823,-26.378140,1.639508,26.624730,-0.533052,0.640676,0.552609,0.000000,0.000000,0.000000,0.000000,0,0,3.595871,3.387497,0.000000,0.000000,-26.417340,1.645153,26.642380,345.019500,319.669600,12.436630,104.047200,98.172010,0.300000,1000.000000,0.900730,2468,2740,50.000000,off
1765874988597,2025-12-16 16:49:48.597,718.130400,3.562439,23,15,2,0.019013,0.000501,-0.038968,0.043060,0.421448,0.905823,-26.378240,1.639449,26.624690,-0.534208,0.640473,0.551728,0.000000,0.000000,0.000000,0.000000,0,0,3.595871,3.387497,0.000000,0.000000,-26.417480,1.645085,26.642260,345.035100,319.557200,12.429680,104.047200,98.172010,0.300000,1000.000000,0.900730,2468,2740,50.000000,off
1765874988608,2025-12-16 16:49:48.608,718.141400,3.573425,23,15,2,0.002719,0.000036,-0.039776,0.072220,0.424316,0.902618,-26.390520,1.635447,26.614580,-0.511092,0.647598,0.565139,0.000000,0.000000,0.000000,0.000000,0,0,3.523514,3.369400,0.000000,0.000000,-26.417630,1.645078,26.642180,345.096800,319.435400,12.422670,104.047200,98.172010,0.300000,1000.000000,0.900730,2468,2740,50.000000,off
1765874988619,2025-12-16 16:49:48.619,718.152500,3.584595,23,15,2,-0.001903,-0.000125,-0.039869,0.080292,0.424652,0.901779,-26.394130,1.634235,26.611720,-0.505794,0.648699,0.568633,0.000000,0.000000,0.000000,0.000000,0,0,3.667236,3.338852,0.000000,0.000000,-26.417770,1.644968,26.642040,345.147900,319.321700,12.422980,104.047200,98.172010,0.300000,1000.000000,0.900730,2468,2740,50.000000,off
1765874988630,2025-12-16 16:49:48.630,718.163600,3.595642,23,15,2,-0.001903,-0.000125,-0.039869,0.080292,0.424652,0.901779,-26.394180,1.634245,26.611630,-0.507317,0.647725,0.568387,0.000000,0.000000,0.000000,0.000000,0,0,3.667236,3.338852,0.000000,0.000000,-26.417880,1.644929,26.641910,345.221000,319.226000,12.428960,104.047200,98.172010,0.300000,1000.000000,0.900730,2468,2740,50.000000,off
1765874988641,2025-12-16 16:49:48.641,718.174700,3.606750,23,15,2,-0.028253,-0.001171,-0.040468,0.332748,0.422821,0.842896,-26.414290,1.627493,26.595670,-0.276196,0.683019,0.676146,0.000000,0.000000,0.000000,0.000000,0,0,3.773438,3.459610,0.000000,0.000000,-26.418040,1.644779,26.641760,345.269000,319.113900,12.450020,104.047200,98.172010,0.300000,1000.000000,0.900730,2468,2740,50.000000,off
1765874988653,2025-12-16 16:49:48.653,718.186000,3.618042,23,15,2,0.002719,0.000036,-0.039776,0.072220,0.424316,0.902618,-26.390770,1.635189,26.614170,-0.517156,0.644696,0.562936,0.000000,0.000000,0.000000,0.000000,0,0,3.523514,3.369400,0.000000,0.000000,-26.418110,1.644672,26.641600,345.313500,319.007700,12.467300,104.047200,98.172010,0.300000,1000.000000,0.900730,2468,2740,50.000000,off
1765874988664,2025-12-16 16:49:48.664,718.197000,3.629089,23,15,2,-0.001903,-0.000125,-0.039869,0.080292,0.424652,0.901779,-26.394350,1.634007,26.611260,-0.512029,0.645626,0.566547,0.000000,0.000000,0.000000,0.000000,0,0,3.667236,3.338852,0.000000,0.000000,-26.418240,1.644588,26.641430,345.377700,318.903300,12.491240,104.047200,98.172010,0.300000,1000.000000,0.900730,2468,2740,50.000000,off
1765874988675,2025-12-16 16:49:48.675,718.208100,3.640137,23,15,2,-0.001903,-0.000125,-0.039869,0.080292,0.424652,0.901779,-26.394320,1.633904,26.611110,-0.513646,0.644892,0.565919,0.000000,0.000000,0.000000,0.000000,0,0,3.667236,3.338852,0.000000,0.000000,-26.418270,1.644449,26.641250,345.432300,318.796900,12.519380,104.047200,98.172010,0.300000,1000.000000,0.900730,2468,2740,50.000000,off
1765874988686,2025-12-16 16:49:48.686,718.219200,3.651245,23,15,2,-0.028482,-0.001273,-0.040263,0.338242,0.429642,0.837250,-26.414480,1.627027,26.595010,-0.275588,0.686608,0.672761,0.000000,0.000000,0.000000,0.000000,0,0,3.798950,3.474228,0.000000,0.000000,-26.418310,1.644287,26.641070,345.509300,318.699900,12.528660,104.047200,98.172010,0.300000,1000.000000,0.900730,2468,2740,50.000000,off
1765874988697,2025-12-16 16:49:48.697,718.230300,3.662354,23,15,2,-0.024400,-0.001238,-0.039869,0.353897,0.462051,0.813171,-26.411490,1.627895,26.597560,-0.250215,0.713721,0.654200,0.000000,0.000000,0.000000,0.000000,0,0,3.820816,3.613541,0.000000,0.000000,-26.418300,1.644124,26.640880,345.584300,318.589000,12.547240,104.047200,98.172010,0.300000,1000.000000,0.900730,2468,2740,50.000000,off
1765874988708,2025-12-16 16:49:48.708,718.241300,3.673401,23,15,2,-0.024400,-0.001238,-0.039869,0.353897,0.462051,0.813171,-26.411370,1.627808,26.597360,-0.252170,0.712739,0.654519,0.000000,0.000000,0.000000,0.000000,0,0,3.820816,3.613541,0.000000,0.000000,-26.418270,1.643984,26.640690,345.673900,318.488500,12.558250,104.047200,98.172010,0.300000,1000.000000,0.900730,2468,2740,50.000000,off
1765874988719,2025-12-16 16:49:48.719,718.252400,3.684509,23,15,2,-0.006521,-0.000594,-0.039392,0.330902,0.467468,0.819733,-26.397910,1.632115,26.608180,-0.275960,0.713561,0.643943,0.000000,0.000000,0.000000,0.000000,0,0,3.828720,3.592880,0.000000,0.000000,-26.418280,1.643737,26.640500,345.768200,318.387500,12.561380,104.047200,98.172010,0.300000,1000.000000,0.900730,2468,2740,50.000000,off
1765874988731,2025-12-16 16:49:48.731,718.263500,3.695618,23,15,2,0.005644,-0.000132,-0.039082,0.307068,0.482636,0.820206,-26.388660,1.635051,26.615440,-0.296357,0.721909,0.625288,0.000000,0.000000,0.000000,0.000000,0,0,3.861374,3.659821,0.000000,0.000000,-26.418200,1.643535,26.640240,345.858500,318.282900,12.546920,104.047200,98.172010,0.300000,1000.000000,0.900730,2468,2740,50.000000,off
1765874988742,2025-12-16 16:49:48.742,718.274600,3.706665,23,15,2,-0.024400,-0.001238,-0.039869,0.353897,0.462051,0.813171,-26.410960,1.627328,26.596630,-0.257755,0.709248,0.656134,0.000000,0.000000,0.000000,0.000000,0,0,3.820816,3.613541,0.000000,0.000000,-26.418150,1.643300,26.639990,345.960400,318.181300,12.511010,104.047200,98.172010,0.300000,1000.000000,0.900730,2468,2740,50.000000,off
1765874988753,2025-12-16 16:49:48.753,718.285700,3.717773,23,15,2,-0.024400,-0.001238,-0.039869,0.353897,0.462051,0.813171,-26.410790,1.627251,26.596330,-0.259844,0.707737,0.656942,0.000000,0.000000,0.000000,0.000000,0,0,3.820816,3.613541,0.000000,0.000000,-26.418090,1.643132,26.639700,346.078400,318.064800,12.475350,104.047200,98.172010,0.300000,1000.000000,0.900730,2468,2740,50.000000,off
1765874988764,2025-12-16 16:49:48.764,718.296800,3.728882,23,15,2,-0.006521,-0.000594,-0.039392,0.330902,0.467468,0.819733,-26.397380,1.631557,26.607210,-0.283927,0.708247,0.646340,0.000000,0.000000,0.000000,0.000000,0,0,3.828720,3.592880,0.000000,0.000000,-26.418070,1.642891,26.639430,346.185400,317.919700,12.440670,104.047200,98.172010,0.300000,1000.000000,0.900730,2468,2740,50.000000,off
1765874988774,2025-12-16 16:49:48.774,718.307900,3.739990,23,15,2,0.002968,-0.000254,-0.039066,0.314636,0.473801,0.822495,-26.390280,1.633768,26.612910,-0.300603,0.710040,0.636759,0.000000,0.000000,0.000000,0.000000,0,0,3.863373,3.622849,0.000000,0.000000,-26.418050,1.642644,26.639090,346.297000,317.752000,12.395130,104.047200,98.172010,0.300000,1000.000000,0.900730,2468,2740,50.000000,off
1765874988785,2025-12-16 16:49:48.785,718.319200,3.751221,23,15,2,0.002968,-0.000254,-0.039066,0.314636,0.473801,0.822495,-26.390110,1.633654,26.612610,-0.303281,0.708368,0.637351,0.000000,0.000000,0.000000,0.000000,0,0,3.863373,3.622849,0.000000,0.000000,-26.417970,1.642450,26.638720,346.422100,317.572600,12.337720,104.047200,98.172010,0.300000,1000.000000,0.900730,2468,2740,50.000000,off
1765874988796,2025-12-16 16:49:48.796,718.330200,3.762268,23,15,2,0.002605,-0.000281,-0.039040,0.318054,0.472977,0.821655,-26.390310,1.633378,26.612050,-0.302756,0.706366,0.639820,0.000000,0.000000,0.000000,0.000000,0,0,3.850586,3.627319,0.000000,0.000000,-26.417980,1.642190,26.638270,346.545600,317.387800,12.260000,104.047200,98.172010,0.300000,1000.000000,0.900730,2468,2740,50.000000,off
1765874988808,2025-12-16 16:49:48.808,718.341300,3.773376,23,15,2,0.006861,-0.000164,-0.038822,0.327057,0.473038,0.818070,-26.387090,1.634289,26.614520,-0.296353,0.705791,0.643431,0.000000,0.000000,0.000000,0.000000,0,0,3.842056,3.693420,0.000000,0.000000,-26.417910,1.642000,26.637850,346.654700,317.169500,12.158720,104.047200,98.172010,0.300000,1000.000000,0.900730,2468,2740,50.000000,off
1765874988819,2025-12-16 16:49:48.819,718.352400,3.784424,23,15,2,0.012457,0.000077,-0.038767,0.318131,0.483719,0.815353,-26.382860,1.635506,26.617590,-0.303610,0.711449,0.633762,0.000000,0.000000,0.000000,0.000000,0,0,3.848984,3.861359,0.000000,0.000000,-26.417930,1.641785,26.637300,346.774000,316.944200,11.976220,104.047200,98.172010,0.300000,1000.000000,0.900730,2468,2740,50.000000,off
1765874988830,2025-12-16 16:49:48.830,718.363500,3.795593,23,15,2,0.012457,0.000077,-0.038767,0.318131,0.483719,0.815353,-26.382730,1.635365,26.617180,-0.305909,0.709627,0.634698,0.000000,0.000000,0.000000,0.000000,0,0,3.848984,3.861359,0.000000,0.000000,-26.417900,1.641627,26.636730,346.865100,316.687500,11.766630,104.047200,98.172010,0.300000,1000.000000,0.900730,2468,2740,50.000000,off
1765874988841,2025-12-16 16:49:48.841,718.374600,3.806641,23,15,2,0.002931,-0.000398,-0.038652,0.335007,0.481400,0.809937,-26.389790,1.632951,26.610860,-0.292246,0.707347,0.643603,0.000000,0.000000,0.000000,0.000000,0,0,3.841141,3.801880,0.000000,0.000000,-26.417940,1.641485,26.636110,346.956500,316.375200,11.480030,104.047200,98.172010,0.300000,1000.000000,0.900730,2468,2740,50.000000,off
1765874988852,2025-12-16 16:49:48.852,718.385800,3.817871,23,15,2,0.023542,0.001434,-0.041172,0.204239,0.434021,0.877441,-26.372820,1.637961,26.621380,-0.437278,0.650340,0.621158,0.000000,0.000000,0.000000,0.000000,0,0,3.497696,3.212784,0.000000,0.000000,-26.418030,1.641389,26.635380,347.034300,316.040600,11.155360,104.047200,98.172010,0.300000,1000.000000,0.900730,2468,2740,50.000000,off
1765874988863,2025-12-16 16:49:48.863,718.396900,3.828918,23,15,2,0.023542,0.001434,-0.041172,0.204239,0.434021,0.877441,-26.372850,1.637742,26.620960,-0.440234,0.648467,0.621029,0.000000,0.000000,0.000000,0.000000,0,0,3.497696,3.212784,0.000000,0.000000,-26.418150,1.641231,26.634630,347.126900,315.668000,10.825910,104.047200,98.172010,0.300000,1000.000000,0.900730,2468,2740,50.000000,off
1765874988874,2025-12-16 16:49:48.874,718.408000,3.840027,23,15,2,0.012457,0.000077,-0.038767,0.318131,0.483719,0.815353,-26.382570,1.634742,26.615170,-0.317183,0.700442,0.639350,0.000000,0.000000,0.000000,0.000000,0,0,3.848984,3.861359,0.000000,0.000000,-26.418250,1.641023,26.633780,347.237600,315.248900,10.477060,104.047200,98.172010,0.300000,1000.000000,0.900730,2468,2740,50.000000,off
1765874988885,2025-12-16 16:49:48.885,718.419000,3.851074,23,15,2,0.002931,-0.000398,-0.038652,0.335007,0.481400,0.809937,-26.389540,1.632467,26.608380,-0.305033,0.697694,0.648190,0.000000,0.000000,0.000000,0.000000,0,0,3.841141,3.801880,0.000000,0.000000,-26.418400,1.640828,26.632880,347.321500,314.809900,10.154820,104.047200,98.172010,0.300000,1000.000000,0.900730,2468,2740,50.000000,off
1765874988897,2025-12-16 16:49:48.897,718.430100,3.862183,23,15,2,0.021069,0.001402,-0.041303,0.206986,0.434570,0.876526,-26.374660,1.636487,26.617590,-0.449466,0.643003,0.620096,0.000000,0.000000,0.000000,0.000000,0,0,3.559067,3.254883,0.000000,0.000000,-26.418610,1.640587,26.631850,347.450600,314.336600,9.873563,104.047200,98.172010,0.300000,1000.000000,0.900730,2468,2740,50.000000,off
1765874988908,2025-12-16 16:49:48.908,718.441200,3.873291,23,15,2,0.021069,0.001402,-0.041303,0.206986,0.434570,0.876526,-26.374690,1.636253,26.616920,-0.454070,0.641035,0.618779,0.000000,0.000000,0.000000,0.000000,0,0,3.559067,3.254883,0.000000,0.000000,-26.418770,1.640365,26.630790,347.556700,313.865000,9.617682,104.047200,98.172010,0.300000,1000.000000,0.900730,2468,2740,50.000000,off
1765874988919,2025-12-16 16:49:48.919,718.452300,3.884399,23,15,2,0.016248,0.001265,-0.041416,0.214539,0.430924,0.876495,-26.378050,1.635121,26.612760,-0.454117,0.636650,0.623234,0.000000,0.000000,0.000000,0.000000,0,0,3.377243,3.293274,0.000000,0.000000,-26.418930,1.640142,26.629620,347.679200,313.374800,9.416791,104.047200,98.172010,0.300000,1000.000000,0.900730,2468,2740,50.000000,off
1765874988930,2025-12-16 16:49:48.930,718.463400,3.895508,23,15,2,0.006533,0.001045,-0.041979,0.218720,0.424347,0.878677,-26.384390,1.633054,26.604810,-0.458340,0.629474,0.627430,0.000000,0.000000,0.000000,0.000000,0,0,3.242203,3.402496,0.000000,0.000000,-26.419050,1.639898,26.628430,347.793000,312.887300,9.234576,104.047200,98.172010,0.300000,1000.000000,0.900730,2468,2740,50.000000,off
1765874988941,2025-12-16 16:49:48.941,718.474600,3.906677,23,15,2,-0.011392,-0.000445,-0.039889,0.338776,0.496628,0.799103,-26.398320,1.629097,26.593000,-0.319748,0.699186,0.639433,0.000000,0.000000,0.000000,0.000000,0,0,3.824554,3.702133,0.000000,0.000000,-26.419220,1.639640,26.627250,347.904000,312.425800,9.066410,104.047200,98.172010,0.300000,1000.000000,0.900730,2468,2740,50.000000,off
1765874988952,2025-12-16 16:49:48.952,718.485700,3.917786,23,15,2,-0.011392,-0.000445,-0.039889,0.338776,0.496628,0.799103,-26.398130,1.628965,26.591920,-0.324729,0.697338,0.638940,0.000000,0.000000,0.000000,0.000000,0,0,3.824554,3.702133,0.000000,0.000000,-26.419300,1.639410,26.626030,348.011400,311.997000,8.930589,104.047200,98.172010,0.300000,1000.000000,0.900730,2468,2740,50.000000,off
1765874988963,2025-12-16 16:49:48.963,718.496800,3.928833,23,15,2,-0.016620,-0.000718,-0.039748,0.352600,0.493713,0.794922,-26.401650,1.627805,26.587200,-0.317082,0.693937,0.646445,0.000000,0.000000,0.000000,0.000000,0,0,3.753525,3.731110,0.000000,0.000000,-26.419410,1.639174,26.624780,348.110400,311.587500,8.787459,104.047200,98.172010,0.300000,1000.000000,0.900730,2468,2740,50.000000,off
1765874988974,2025-12-16 16:49:48.974,718.507800,3.939880,23,15,2,0.006533,0.001045,-0.041979,0.218720,0.424347,0.878677,-26.384010,1.632290,26.600890,-0.477076,0.622795,0.620086,0.000000,0.000000,0.000000,0.000000,0,0,3.242203,3.402496,0.000000,0.000000,-26.419380,1.638908,26.623500,348.186600,311.210000,8.678885,104.047200,98.172010,0.300000,1000.000000,0.900730,2468,2740,50.000000,off
1765874988986,2025-12-16 16:49:48.986,718.519000,3.951050,23,15,2,0.006533,0.001045,-0.041979,0.218720,0.424347,0.878677,-26.383880,1.632081,26.599820,-0.481503,0.621205,0.618258,0.000000,0.000000,0.000000,0.000000,0,0,3.242203,3.402496,0.000000,0.000000,-26.419410,1.638634,26.622200,348.289100,310.841300,8.595580,104.047200,98.172010,0.300000,1000.000000,0.900730,2468,2740,50.000000,off
1765874988997,2025-12-16 16:49:48.997,718.530300,3.962341,23,15,2,-0.011392,-0.000445,-0.039889,0.338776,0.496628,0.799103,-26.397300,1.628216,26.587270,-0.342576,0.691283,0.636194,0.000000,0.000000,0.000000,0.000000,0,0,3.824554,3.702133,0.000000,0.000000,-26.419410,1.638337,26.620880,348.380600,310.501300,8.540565,104.047200,98.172010,0.300000,1000.000000,0.900730,2468,2740,50.000000,off
1765874989008,2025-12-16 16:49:49.008,718.541300,3.973389,23,15,2,-0.015392,-0.000832,-0.039288,0.354202,0.506073,0.786392,-26.400110,1.627208,26.583550,-0.326446,0.699022,0.636226,0.000000,0.000000,0.000000,0.000000,0,0,3.836548,3.676743,0.000000,0.000000,-26.419300,1.638103,26.619530,348.467000,310.192600,8.519163,104.047200,98.172010,0.300000,1000.000000,0.900730,2468,2740,50.000000,off
1765874989020,2025-12-16 16:49:49.020,718.552600,3.984619,23,15,2,-0.004079,-0.000363,-0.039114,0.356476,0.514725,0.779724,-26.392590,1.629148,26.590680,-0.323487,0.705330,0.630755,0.000000,0.000000,0.000000,0.000000,0,0,3.913406,3.681137,0.000000,0.000000,-26.419300,1.637854,26.618200,348.552000,309.890000,8.497266,104.047200,98.172010,0.300000,1000.000000,0.900730,2468,2740,50.000000,off
1765874989030,2025-12-16 16:49:49.030,718.563700,3.995728,23,15,2,-0.004079,-0.000363,-0.039114,0.356476,0.514725,0.779724,-26.392270,1.629009,26.589450,-0.326975,0.704498,0.629886,0.000000,0.000000,0.000000,0.000000,0,0,3.913406,3.681137,0.000000,0.000000,-26.419110,1.637664,26.616860,348.627300,309.640500,8.502792,104.047200,98.172010,0.300000,1000.000000,0.900730,2468,2740,50.000000,off
1765874989042,2025-12-16 16:49:49.042,718.574700,4.006775,23,15,2,-0.015092,-0.000905,-0.038889,0.385834,0.526489,0.757568,-26.399350,1.626786,26.580310,-0.293715,0.715124,0.634270,0.000000,0.000000,0.000000,0.000000,0,0,3.927750,3.894806,0.000000,0.000000,-26.418950,1.637480,26.615560,348.693500,309.405200,8.513997,104.047200,98.172010,0.300000,1000.000000,0.900730,2468,2740,50.000000,off
1765874989053,2025-12-16 16:49:49.053,718.585800,4.017822,23,15,2,-0.020366,-0.001385,-0.038143,0.422028,0.533264,0.733139,-26.402960,1.625572,26.575680,-0.254111,0.721586,0.643981,0.000000,0.000000,0.000000,0.000000,0,0,4.174576,3.980453,0.000000,0.000000,-26.418670,1.637314,26.614240,348.765300,309.232800,8.545889,104.047200,98.172010,0.300000,1000.000000,0.900730,2468,2740,50.000000,off
1765874989064,2025-12-16 16:49:49.064,718.596900,4.028931,23,15,2,-0.020366,-0.001385,-0.038143,0.422028,0.533264,0.733139,-26.402590,1.625384,26.574460,-0.256306,0.721211,0.643532,0.000000,0.000000,0.000000,0.000000,0,0,4.174576,3.980453,0.000000,0.000000,-26.418400,1.637103,26.612980,348.812500,309.089100,8.567026,104.047200,98.172010,0.300000,1000.000000,0.900730,2468,2740,50.000000,off
1765874989075,2025-12-16 16:49:49.075,718.607900,4.039978,23,15,2,-0.026030,0.000048,-0.042663,0.287354,0.412933,0.864227,-26.402340,1.624904,26.565900,-0.451352,0.609807,0.651454,0.000000,0.000000,0.000000,0.000000,0,0,3.573364,3.426468,0.000000,0.000000,-26.418100,1.636927,26.611780,348.859300,308.999300,8.617251,104.047200,98.172010,0.300000,1000.000000,0.900730,2468,2740,50.000000,off
1765874989086,2025-12-16 16:49:49.086,718.619000,4.051086,23,15,2,-0.015092,-0.000905,-0.038889,0.385834,0.526489,0.757568,-26.397790,1.626173,26.575440,-0.301625,0.713723,0.632132,0.000000,0.000000,0.000000,0.000000,0,0,3.927750,3.894806,0.000000,0.000000,-26.417700,1.636775,26.610530,348.891300,308.938100,8.663867,104.047200,98.172010,0.300000,1000.000000,0.900730,2468,2740,50.000000,off
1765874989097,2025-12-16 16:49:49.097,718.630100,4.062134,23,15,2,-0.020366,-0.001385,-0.038143,0.422028,0.533264,0.733139,-26.401350,1.625041,26.570900,-0.259889,0.721027,0.642300,0.000000,0.000000,0.000000,0.000000,0,0,4.174576,3.980453,0.000000,0.000000,-26.417290,1.636749,26.609380,348.909700,308.927300,8.713031,104.047200,98.172010,0.300000,1000.000000,0.900730,2468,2740,50.000000,off
1765874989108,2025-12-16 16:49:49.108,718.641200,4.073242,23,15,2,-0.020366,-0.001385,-0.038143,0.422028,0.533264,0.733139,-26.400870,1.624982,26.569730,-0.259781,0.721280,0.642059,0.000000,0.000000,0.000000,0.000000,0,0,4.174576,3.980453,0.000000,0.000000,-26.416780,1.636705,26.608210,348.912900,308.964600,8.762731,104.047200,98.172010,0.300000,1000.000000,0.900730,2468,2740,50.000000,off
1765874989119,2025-12-16 16:49:49.119,718.652300,4.084351,23,15,2,-0.027370,-0.000144,-0.042292,0.289856,0.420517,0.859726,-26.401750,1.624253,26.560560,-0.447287,0.616654,0.647806,0.000000,0.000000,0.000000,0.000000,0,0,3.731552,3.416870,0.000000,0.000000,-26.416350,1.636642,26.607160,348.920500,309.004200,8.826414,104.047200,98.172010,0.300000,1000.000000,0.900730,2468,2740,50.000000,off
1765874989130,2025-12-16 16:49:49.130,718.663500,4.095520,23,15,2,-0.026482,-0.000154,-0.042132,0.310440,0.425919,0.849823,-26.400840,1.624381,26.560210,-0.425368,0.623500,0.655964,0.000000,0.000000,0.000000,0.000000,0,0,3.884613,3.383911,0.000000,0.000000,-26.415810,1.636653,26.606060,348.911200,309.096600,8.896882,104.047200,98.172010,0.300000,1000.000000,0.900730,2468,2740,50.000000,off
1765874989142,2025-12-16 16:49:49.142,718.674400,4.106506,23,15,2,-0.026482,-0.000154,-0.042132,0.310440,0.425919,0.849823,-26.400430,1.624325,26.559140,-0.424474,0.624261,0.655819,0.000000,0.000000,0.000000,0.000000,0,0,3.884613,3.383911,0.000000,0.000000,-26.415320,1.636658,26.605000,348.880600,309.187100,8.985226,104.047200,98.172010,0.300000,1000.000000,0.900730,2468,2740,50.000000,off
1765874989152,2025-12-16 16:49:49.152,718.685600,4.117676,23,15,2,-0.017488,-0.000129,-0.041085,0.296478,0.461945,0.835877,-26.395070,1.625894,26.565420,-0.419832,0.655091,0.628156,0.000000,0.000000,0.000000,0.000000,0,0,4.022018,3.557022,0.000000,0.000000,-26.414890,1.636671,26.603950,348.850700,309.326700,9.082273,104.047200,98.172010,0.300000,1000.000000,0.900730,2468,2740,50.000000,off
1765874989163,2025-12-16 16:49:49.163,718.696800,4.128845,23,15,2,-0.015203,-0.000398,-0.039984,0.329422,0.507828,0.795975,-26.394020,1.626191,26.566780,-0.364824,0.697878,0.616323,0.000000,0.000000,0.000000,0.000000,0,0,4.389328,3.789169,0.000000,0.000000,-26.414390,1.636719,26.602890,348.804000,309.440600,9.177301,104.047200,98.172010,0.300000,1000.000000,0.900730,2468,2740,50.000000,off
1765874989174,2025-12-16 16:49:49.174,718.707800,4.139832,23,15,2,-0.026482,-0.000154,-0.042132,0.310440,0.425919,0.849823,-26.399310,1.624223,26.555890,-0.420408,0.627219,0.655616,0.000000,0.000000,0.000000,0.000000,0,0,3.884613,3.383911,0.000000,0.000000,-26.413880,1.636781,26.601790,348.741800,309.553300,9.268583,104.047200,98.172010,0.300000,1000.000000,0.900730,2468,2740,50.000000,off
1765874989185,2025-12-16 16:49:49.185,718.718900,4.150940,23,15,2,-0.026482,-0.000154,-0.042132,0.310440,0.425919,0.849823,-26.398940,1.624223,26.554780,-0.418941,0.628731,0.655107,0.000000,0.000000,0.000000,0.000000,0,0,3.884613,3.383911,0.000000,0.000000,-26.413410,1.636884,26.600680,348.654000,309.654100,9.361236,104.047200,98.172010,0.300000,1000.000000,0.900730,2468,2740,50.000000,off
1765874989196,2025-12-16 16:49:49.196,718.730000,4.162048,23,15,2,-0.017488,-0.000129,-0.041085,0.296478,0.461945,0.835877,-26.393500,1.625841,26.561020,-0.414753,0.659978,0.626411,0.000000,0.000000,0.000000,0.000000,0,0,4.022018,3.557022,0.000000,0.000000,-26.413000,1.636919,26.599630,348.569900,309.729600,9.444552,104.047200,98.172010,0.300000,1000.000000,0.900730,2468,2740,50.000000,off
1765874989207,2025-12-16 16:49:49.207,718.741000,4.173096,23,15,2,-0.010560,-0.000327,-0.039602,0.326859,0.516892,0.791184,-26.389760,1.627097,26.566020,-0.357405,0.710629,0.606015,0.000000,0.000000,0.000000,0.000000,0,0,4.471771,3.774048,0.000000,0.000000,-26.412610,1.637041,26.598560,348.471600,309.805800,9.532317,104.047200,98.172010,0.300000,1000.000000,0.900730,2468,2740,50.000000,off
1765874989218,2025-12-16 16:49:49.218,718.752200,4.184265,23,15,2,-0.010560,-0.000327,-0.039602,0.326859,0.516892,0.791184,-26.389460,1.627059,26.564980,-0.356032,0.712103,0.605091,0.000000,0.000000,0.000000,0.000000,0,0,4.471771,3.774048,0.000000,0.000000,-26.412250,1.637083,26.597530,348.373700,309.892900,9.617312,104.047200,98.172010,0.300000,1000.000000,0.900730,2468,2740,50.000000,off
1765874989230,2025-12-16 16:49:49.230,718.763400,4.195435,23,15,2,-0.004121,-0.000233,-0.039059,0.323334,0.525467,0.786972,-26.385310,1.628339,26.568930,-0.353275,0.720663,0.596512,0.000000,0.000000,0.000000,0.000000,0,0,4.420654,3.773605,0.000000,0.000000,-26.411880,1.637195,26.596460,348.254400,309.976900,9.703812,104.047200,98.172010,0.300000,1000.000000,0.900730,2468,2740,50.000000,off
1765874989241,2025-12-16 16:49:49.241,718.774400,4.206421,23,15,2,-0.008754,-0.000319,-0.039373,0.326447,0.514023,0.793213,-26.387830,1.627482,26.564310,-0.354830,0.713187,0.604512,0.000000,0.000000,0.000000,0.000000,0,0,4.413361,3.751480,0.000000,0.000000,-26.411520,1.637345,26.595430,348.129600,310.061300,9.789413,104.047200,98.172010,0.300000,1000.000000,0.900730,2468,2740,50.000000,off
1765874989252,2025-12-16 16:49:49.252,718.785500,4.217529,23,15,2,-0.013644,-0.001282,-0.037233,0.449356,0.576462,0.682449,-26.392430,1.626220,26.561290,-0.186213,0.772635,0.606899,0.000000,0.000000,0.000000,0.000000,0,0,4.871521,4.699112,0.000000,0.000000,-26.411170,1.637477,26.594400,348.010900,310.139300,9.867558,104.047200,98.172010,0.300000,1000.000000,0.900730,2468,2740,50.000000,off
1765874989263,2025-12-16 16:49:49.263,718.796600,4.228638,23,15,2,-0.013644,-0.001282,-0.037233,0.449356,0.576462,0.682449,-26.392130,1.626265,26.560250,-0.184656,0.774227,0.605344,0.000000,0.000000,0.000000,0.000000,0,0,4.871521,4.699112,0.000000,0.000000,-26.410820,1.637616,26.593360,347.884800,310.206200,9.939040,104.047200,98.172010,0.300000,1000.000000,0.900730,2468,2740,50.000000,off
1765874989274,2025-12-16 16:49:49.275,718.807700,4.239807,23,15,2,0.028250,0.001090,-0.038541,0.491470,0.626572,0.604858,-26.362960,1.635418,26.588260,-0.094995,0.814534,0.572275,0.000000,0.000000,0.000000,0.000000,0,0,5.605469,-1.000000,0.000000,0.000000,-26.410520,1.637736,26.592350,347.775800,310.274200,9.998933,104.047200,98.172010,0.300000,1000.000000,0.900730,2468,2740,50.000000,off
1765874989286,2025-12-16 16:49:49.286,718.818800,4.250854,23,15,2,-0.008754,-0.000319,-0.039373,0.326447,0.514023,0.793213,-26.386710,1.627607,26.560170,-0.349101,0.719231,0.600673,0.000000,0.000000,0.000000,0.000000,0,0,4.413361,3.751480,0.000000,0.000000,-26.410190,1.637800,26.591340,347.689900,310.342400,10.040090,104.047200,98.172010,0.300000,1000.000000,0.900730,2468,2740,50.000000,off
1765874989297,2025-12-16 16:49:49.297,718.830000,4.262024,23,15,2,-0.008754,-0.000319,-0.039373,0.326447,0.514023,0.793213,-26.386430,1.627618,26.559190,-0.347999,0.720027,0.600359,0.000000,0.000000,0.000000,0.000000,0,0,4.413361,3.751480,0.000000,0.000000,-26.409860,1.637854,26.590390,347.633300,310.416400,10.077640,104.047200,98.172010,0.300000,1000.000000,0.900730,2468,2740,50.000000,off
1765874989308,2025-12-16 16:49:49.308,718.841100,4.273193,23,15,2,-0.013644,-0.001282,-0.037233,0.449356,0.576462,0.682449,-26.391060,1.626286,26.556290,-0.179786,0.777699,0.602351,0.000000,0.000000,0.000000,0.000000,0,0,4.871521,4.699112,0.000000,0.000000,-26.409540,1.637844,26.589440,347.607900,310.491100,10.095420,104.047200,98.172010,0.300000,1000.000000,0.900730,2468,2740,50.000000,off
1765874989319,2025-12-16 16:49:49.319,718.852200,4.284241,23,15,2,0.028252,0.001202,-0.038870,0.470383,0.614533,0.633301,-26.361470,1.635493,26.583970,-0.126597,0.807416,0.576223,0.000000,0.000000,0.000000,0.000000,0,0,5.329987,-1.000000,0.000000,0.000000,-26.409260,1.637853,26.588530,347.595900,310.558400,10.088270,104.047200,98.172010,0.300000,1000.000000,0.900730,2468,2740,50.000000,off
1765874989330,2025-12-16 16:49:49.330,718.863200,4.295288,23,15,2,0.028257,0.001317,-0.039206,0.477112,0.600555,0.641617,-26.360930,1.635441,26.582760,-0.128019,0.796959,0.590291,0.000000,0.000000,0.000000,0.000000,0,0,5.215881,-1.000000,0.000000,0.000000,-26.408970,1.637781,26.587610,347.578800,310.618400,10.072480,104.047200,98.172010,0.300000,1000.000000,0.900730,2468,2740,50.000000,off
1765874989341,2025-12-16 16:49:49.341,718.874400,4.306458,23,15,2,0.028257,0.001317,-0.039206,0.477112,0.600555,0.641617,-26.360690,1.635382,26.581810,-0.127799,0.796555,0.590883,0.000000,0.000000,0.000000,0.000000,0,0,5.215881,-1.000000,0.000000,0.000000,-26.408730,1.637712,26.586700,347.610000,310.656800,10.049620,104.047200,98.172010,0.300000,1000.000000,0.900730,2468,2740,50.000000,off
1765874989352,2025-12-16 16:49:49.352,718.885400,4.317505,23,15,2,0.028259,0.001365,-0.039346,0.473373,0.584259,0.659180,-26.360340,1.635283,26.580770,-0.143829,0.783667,0.604267,0.000000,0.000000,0.000000,0.000000,0,0,5.082458,-1.000000,0.000000,0.000000,-26.408490,1.637595,26.585780,347.630700,310.684400,10.023080,104.047200,98.172010,0.300000,1000.000000,0.900730,2468,2740,50.000000,off
1765874989363,2025-12-16 16:49:49.363,718.896600,4.328674,23,15,2,0.028304,0.001880,-0.041004,0.447357,0.556809,0.699875,-26.358860,1.635345,26.578720,-0.192910,0.760987,0.619414,0.000000,0.000000,0.000000,0.000000,0,0,4.816971,-1.000000,0.000000,0.000000,-26.408290,1.637479,26.584900,347.680300,310.700800,10.007070,104.047200,98.172010,0.300000,1000.000000,0.900730,2468,2740,50.000000,off
1765874989374,2025-12-16 16:49:49.374,718.907700,4.339722,23,15,2,0.028304,0.001880,-0.041004,0.447357,0.556809,0.699875,-26.358740,1.635243,26.577880,-0.193337,0.760172,0.620281,0.000000,0.000000,0.000000,0.000000,0,0,4.816971,-1.000000,0.000000,0.000000,-26.408170,1.637342,26.584060,347.747800,310.708000,9.978771,104.047200,98.172010,0.300000,1000.000000,0.900730,2468,2740,50.000000,off
1765874989385,2025-12-16 16:49:49.385,718.918800,4.350891,23,15,2,0.028326,0.001186,-0.039021,0.476379,0.519028,0.709686,-26.360040,1.634874,26.578490,-0.183076,0.730338,0.658081,0.000000,0.000000,0.000000,0.000000,0,0,4.754456,-1.000000,0.000000,0.000000,-26.407990,1.637193,26.583220,347.789100,310.720200,9.969558,104.047200,98.172010,0.300000,1000.000000,0.900730,2468,2740,50.000000,off
1765874989396,2025-12-16 16:49:49.396,718.929900,4.362000,23,15,2,-0.027065,-0.001972,-0.037489,0.401154,0.528732,0.748001,-26.398320,1.622670,26.539490,-0.262010,0.734215,0.626312,0.000000,0.000000,0.000000,0.000000,0,0,4.341354,4.246735,0.000000,0.000000,-26.407870,1.637026,26.582440,347.860500,310.723100,9.953183,104.047200,98.172010,0.300000,1000.000000,0.900730,2468,2740,50.000000,off
1765874989408,2025-12-16 16:49:49.408,718.941000,4.373047,23,15,2,-0.021729,-0.001289,-0.038670,0.377121,0.506485,0.775391,-26.393700,1.623826,26.541650,-0.300037,0.713445,0.633208,0.000000,0.000000,0.000000,0.000000,0,0,4.353439,4.033707,0.000000,0.000000,-26.407740,1.636809,26.581700,347.945300,310.726900,9.932835,104.047200,98.172010,0.300000,1000.000000,0.900730,2468,2740,50.000000,off
1765874989419,2025-12-16 16:49:49.419,718.952100,4.384155,23,15,2,-0.021729,-0.001289,-0.038670,0.377121,0.506485,0.775391,-26.393630,1.623684,26.540930,-0.301185,0.712018,0.634268,0.000000,0.000000,0.000000,0.000000,0,0,4.353439,4.033707,0.000000,0.000000,-26.407700,1.636584,26.580990,348.065600,310.717000,9.916153,104.047200,98.172010,0.300000,1000.000000,0.900730,2468,2740,50.000000,off
1765874989430,2025-12-16 16:49:49.430,718.963300,4.395325,23,15,2,0.028326,0.001186,-0.039021,0.476379,0.519028,0.709686,-26.359700,1.634266,26.575540,-0.186946,0.725615,0.662205,0.000000,0.000000,0.000000,0.000000,0,0,4.754456,-1.000000,0.000000,0.000000,-26.407650,1.636320,26.580260,348.219700,310.711100,9.902674,104.047200,98.172010,0.300000,1000.000000,0.900730,2468,2740,50.000000,off
1765874989441,2025-12-16 16:49:49.441,718.974300,4.406372,23,15,2,-0.027065,-0.001972,-0.037489,0.401154,0.528732,0.748001,-26.397990,1.622032,26.536520,-0.267096,0.728354,0.630990,0.000000,0.000000,0.000000,0.000000,0,0,4.341354,4.246735,0.000000,0.000000,-26.407670,1.636039,26.579560,348.379200,310.682600,9.889028,104.047200,98.172010,0.300000,1000.000000,0.900730,2468,2740,50.000000,off
1765874989452,2025-12-16 16:49:49.452,718.985400,4.417480,23,15,2,-0.027065,-0.001972,-0.037489,0.401154,0.528732,0.748001,-26.397980,1.621867,26.535810,-0.269483,0.726262,0.632384,0.000000,0.000000,0.000000,0.000000,0,0,4.341354,4.246735,0.000000,0.000000,-26.407730,1.635753,26.578870,348.574100,310.636300,9.889069,104.047200,98.172010,0.300000,1000.000000,0.900730,2468,2740,50.000000,off
1765874989463,2025-12-16 16:49:49.463,718.996500,4.428589,23,15,2,-0.011536,-0.000529,-0.039456,0.350998,0.488327,0.798950,-26.386180,1.625292,26.544780,-0.345458,0.686299,0.640029,0.000000,0.000000,0.000000,0.000000,0,0,4.360321,3.840118,0.000000,0.000000,-26.407890,1.635413,26.578190,348.804000,310.555800,9.915838,104.047200,98.172010,0.300000,1000.000000,0.900730,2468,2740,50.000000,off
1765874989474,2025-12-16 16:49:49.474,719.007600,4.439697,23,15,2,0.016824,0.000436,-0.038567,0.315750,0.525208,0.790207,-26.368070,1.631028,26.565010,-0.364735,0.711450,0.600646,0.000000,0.000000,0.000000,0.000000,0,0,4.373352,3.860870,0.000000,0.000000,-26.408060,1.635074,26.577440,349.058000,310.463500,9.946717,104.047200,98.172010,0.300000,1000.000000,0.900730,2468,2740,50.000000,off
1765874989485,2025-12-16 16:49:49.485,719.018700,4.450806,23,15,2,0.005927,0.000031,-0.038807,0.329300,0.511581,0.793610,-26.375340,1.628577,26.556390,-0.363275,0.698127,0.616944,0.000000,0.000000,0.000000,0.000000,0,0,4.388779,3.882004,0.000000,0.000000,-26.408340,1.634717,26.576730,349.336300,310.302600,9.992876,104.047200,98.172010,0.300000,1000.000000,0.900730,2468,2740,50.000000,off
1765874989496,2025-12-16 16:49:49.496,719.029900,4.461975,23,15,2,0.005927,0.000031,-0.038807,0.329300,0.511581,0.793610,-26.375640,1.628469,26.555690,-0.368232,0.694848,0.617707,0.000000,0.000000,0.000000,0.000000,0,0,4.388779,3.882004,0.000000,0.000000,-26.408740,1.634413,26.575950,349.625300,310.109900,10.027440,104.047200,98.172010,0.300000,1000.000000,0.900730,2468,2740,50.000000,off
1765874989507,2025-12-16 16:49:49.507,719.041000,4.473022,23,15,2,-0.007369,-0.000373,-0.039364,0.341660,0.491165,0.801254,-26.384300,1.625646,26.544940,-0.372074,0.675428,0.636664,0.000000,0.000000,0.000000,0.000000,0,0,4.419388,3.843857,0.000000,0.000000,-26.409240,1.634180,26.575090,349.897000,309.830300,10.060690,104.047200,98.172010,0.300000,1000.000000,0.900730,2468,2740,50.000000,off
1765874989519,2025-12-16 16:49:49.519,719.052100,4.484192,23,15,2,0.016824,0.000436,-0.038567,0.315750,0.525208,0.790207,-26.369550,1.630691,26.562420,-0.386056,0.699049,0.601880,0.000000,0.000000,0.000000,0.000000,0,0,4.373352,3.860870,0.000000,0.000000,-26.409810,1.633958,26.574230,350.156500,309.496700,10.085000,104.047200,98.172010,0.300000,1000.000000,0.900730,2468,2740,50.000000,off
1765874989530,2025-12-16 16:49:49.530,719.063200,4.495300,23,15,2,0.005927,0.000031,-0.038807,0.329300,0.511581,0.793610,-26.376940,1.628394,26.553620,-0.386863,0.685594,0.616659,0.000000,0.000000,0.000000,0.000000,0,0,4.388779,3.882004,0.000000,0.000000,-26.410440,1.633792,26.573350,350.426800,309.113000,10.106910,104.047200,98.172010,0.300000,1000.000000,0.900730,2468,2740,50.000000,off
1765874989541,2025-12-16 16:49:49.541,719.074200,4.506287,23,15,2,0.005927,0.000031,-0.038807,0.329300,0.511581,0.793610,-26.377440,1.628492,26.552960,-0.394360,0.682339,0.615520,0.000000,0.000000,0.000000,0.000000,0,0,4.388779,3.882004,0.000000,0.000000,-26.411130,1.633705,26.572440,350.701400,308.660300,10.120660,104.047200,98.172010,0.300000,1000.000000,0.900730,2468,2740,50.000000,off
1765874989552,2025-12-16 16:49:49.552,719.085500,4.517578,23,15,2,-0.011683,-0.000290,-0.040101,0.327942,0.479172,0.814148,-26.388110,1.625032,26.538280,-0.420024,0.650653,0.632628,0.000000,0.000000,0.000000,0.000000,0,0,4.453796,3.728348,0.000000,0.000000,-26.411910,1.633639,26.571500,350.970100,308.118600,10.142890,104.047200,98.172010,0.300000,1000.000000,0.900730,2468,2740,50.000000,off
1765874989563,2025-12-16 16:49:49.563,719.096500,4.528564,23,15,2,-0.031727,-0.000828,-0.040939,0.375214,0.459686,0.804916,-26.400370,1.620985,26.521860,-0.392758,0.635392,0.664835,0.000000,0.000000,0.000000,0.000000,0,0,-1.000000,3.776520,0.000000,0.000000,-26.412760,1.633570,26.570560,351.229400,307.517500,10.171980,104.047200,98.172010,0.300000,1000.000000,0.900730,2468,2740,50.000000,off
1765874989574,2025-12-16 16:49:49.574,719.107600,4.539673,23,15,2,-0.031727,-0.000828,-0.040939,0.375214,0.459686,0.804916,-26.400730,1.621020,26.520990,-0.402147,0.632258,0.662205,0.000000,0.000000,0.000000,0.000000,0,0,-1.000000,3.776520,0.000000,0.000000,-26.413670,1.633438,26.569590,351.486800,306.910200,10.190120,104.047200,98.172010,0.300000,1000.000000,0.900730,2468,2740,50.000000,off
1765874989585,2025-12-16 16:49:49.585,719.118800,4.550842,23,15,2,-0.031736,-0.000482,-0.041441,0.373062,0.470108,0.799866,-26.400590,1.621252,26.519800,-0.409504,0.638272,0.651826,0.000000,0.000000,0.000000,0.000000,0,0,4.352478,3.985016,0.000000,0.000000,-26.414550,1.633249,26.568640,351.739900,306.233300,10.220620,104.047200,98.172010,0.300000,1000.000000,0.900730,2468,2740,50.000000,off
1765874989597,2025-12-16 16:49:49.597,719.129900,4.561951,23,15,2,-0.031552,-0.001058,-0.039223,0.340454,0.459839,0.820129,-26.402530,1.620947,26.520480,-0.455210,0.622221,0.636866,0.000000,0.000000,0.000000,0.000000,0,0,5.538605,3.635941,0.000000,0.000000,-26.415430,1.632990,26.567630,351.993400,305.558400,10.228790,104.047200,98.172010,0.300000,1000.000000,0.900730,2468,2740,50.000000,off
1765874989607,2025-12-16 16:49:49.608,719.140900,4.572937,23,15,0,0.030420,-0.001782,-0.032881,-0.241989,0.396072,0.885742,-26.371940,1.631844,26.572630,-0.858260,0.463052,0.221232,0.000000,0.000000,0.000000,0.000000,0,0,4.819504,4.759659,0.000000,0.000000,-26.416370,1.632663,26.566680,352.252600,304.821400,10.227140,104.047200,98.172010,0.300000,1000.000000,0.900730,2468,2740,50.000000,off
1765874989619,2025-12-16 16:49:49.619,719.152000,4.584106,23,15,0,0.030420,-0.001782,-0.032881,-0.241989,0.396072,0.885742,-26.372950,1.631586,26.572190,-0.862717,0.459294,0.211518,0.000000,0.000000,0.000000,0.000000,0,0,4.819504,4.759659,0.000000,0.000000,-26.417300,1.632262,26.565670,352.519600,304.086900,10.204850,104.047200,98.172010,0.300000,1000.000000,0.900730,2468,2740,50.000000,off
1765874989630,2025-12-16 16:49:49.630,719.163100,4.595215,23,15,2,-0.031736,-0.000482,-0.041441,0.373062,0.470108,0.799866,-26.401600,1.620568,26.516470,-0.451432,0.624620,0.637198,0.000000,0.000000,0.000000,0.000000,0,0,4.352478,3.985016,0.000000,0.000000,-26.418210,1.631780,26.564670,352.790200,303.315600,10.133490,104.047200,98.172010,0.300000,1000.000000,0.900730,2468,2740,50.000000,off
1765874989641,2025-12-16 16:49:49.641,719.174200,4.606262,23,15,2,-0.031552,-0.001058,-0.039223,0.340454,0.459839,0.820129,-26.403640,1.619972,26.517120,-0.496664,0.607445,0.619927,0.000000,0.000000,0.000000,0.000000,0,0,5.538605,3.635941,0.000000,0.000000,-26.419180,1.631194,26.563670,353.052900,302.547300,10.007760,104.047200,98.172010,0.300000,1000.000000,0.900730,2468,2740,50.000000,off
1765874989652,2025-12-16 16:49:49.652,719.185300,4.617371,23,15,2,-0.031552,-0.001058,-0.039223,0.340454,0.459839,0.820129,-26.403930,1.619575,26.516230,-0.506537,0.603354,0.615919,0.000000,0.000000,0.000000,0.000000,0,0,5.538605,3.635941,0.000000,0.000000,-26.420120,1.630546,26.562620,353.317500,301.796400,9.870371,104.047200,98.172010,0.300000,1000.000000,0.900730,2468,2740,50.000000,off
1765874989663,2025-12-16 16:49:49.663,719.196500,4.628540,23,15,0,0.031774,0.006451,-0.057629,-0.339508,0.153595,0.927963,-26.355280,1.634940,26.557340,-0.967010,0.197192,0.161186,0.000000,0.000000,0.000000,0.000000,0,0,3.416840,3.994308,0.000000,0.000000,-26.421060,1.629734,26.561640,353.592700,301.040400,9.695577,104.047200,98.172010,0.300000,1000.000000,0.900730,2468,2740,50.000000,off
1765874989674,2025-12-16 16:49:49.674,719.207500,4.639587,23,15,0,0.031523,-0.001374,-0.031062,-0.505310,0.248459,0.826386,-26.379180,1.629478,26.571890,-0.966731,0.248643,-0.059919,0.000000,0.000000,0.000000,0.000000,0,0,3.695190,3.670959,0.000000,0.000000,-26.422000,1.628954,26.560640,353.884000,300.296500,9.514169,104.047200,98.172010,0.300000,1000.000000,0.900730,2468,2740,50.000000,off
1765874989685,2025-12-16 16:49:49.685,719.218600,4.650696,23,15,2,0.032994,0.003217,-0.046616,-0.462494,0.139435,0.875580,-26.366080,1.631843,26.564220,-0.988455,0.151131,0.009999,0.000000,0.000000,0.000000,0.000000,0,0,3.188538,-1.000000,0.000000,0.000000,-26.422980,1.628096,26.559660,354.186900,299.561200,9.310654,104.047200,98.172010,0.300000,1000.000000,0.900730,2468,2740,50.000000,off
1765874989697,2025-12-16 16:49:49.697,719.229700,4.661804,23,15,2,0.032994,0.003217,-0.046616,-0.462494,0.139435,0.875580,-26.367110,1.631143,26.563990,-0.988967,0.148069,-0.001772,0.000000,0.000000,0.000000,0.000000,0,0,3.188538,-1.000000,0.000000,0.000000,-26.423930,1.627247,26.558690,354.493700,298.850300,9.122044,104.047200,98.172010,0.300000,1000.000000,0.900730,2468,2740,50.000000,off
1765874989708,2025-12-16 16:49:49.708,719.240800,4.672913,23,15,2,0.001946,-0.001903,-0.035406,-0.632874,0.377274,0.676102,-26.392890,1.621667,26.543100,-0.894317,0.334657,-0.296951,0.000000,0.000000,0.000000,0.000000,0,0,4.040054,4.909973,0.000000,0.000000,-26.424890,1.626457,26.557710,354.782600,298.156800,8.942492,104.047200,98.172010,0.300000,1000.000000,0.900730,2468,2740,50.000000,off
1765874989719,2025-12-16 16:49:49.719,719.252000,4.684021,23,15,2,0.033121,0.003234,-0.047374,-0.484970,0.178192,0.856171,-26.368520,1.629809,26.563250,-0.982586,0.175904,-0.059661,0.000000,0.000000,0.000000,0.000000,0,0,3.059662,-1.000000,0.000000,0.000000,-26.425900,1.625696,26.556760,355.034200,297.489100,8.768862,104.047200,98.172010,0.300000,1000.000000,0.900730,2468,2740,50.000000,off
1765874989730,2025-12-16 16:49:49.730,719.263100,4.695129,23,15,2,0.033121,0.003234,-0.047374,-0.484970,0.178192,0.856171,-26.369640,1.629304,26.563060,-0.982246,0.173844,-0.070342,0.000000,0.000000,0.000000,0.000000,0,0,3.059662,-1.000000,0.000000,0.000000,-26.426940,1.625083,26.555890,355.274200,296.834300,8.600993,104.047200,98.172010,0.300000,1000.000000,0.900730,2468,2740,50.000000,off
1765874989741,2025-12-16 16:49:49.741,719.274200,4.706238,23,15,2,0.032760,-0.001057,-0.033185,-0.712448,0.340973,0.613297,-26.383590,1.625711,26.569520,-0.865579,0.280101,-0.415083,0.000000,0.000000,0.000000,0.000000,0,0,4.037216,-1.000000,0.000000,0.000000,-26.427920,1.624568,26.555060,355.471300,296.226900,8.463558,104.047200,98.172010,0.300000,1000.000000,0.900730,2468,2740,50.000000,off
1765874989752,2025-12-16 16:49:49.752,719.285200,4.717285,23,15,2,0.001946,-0.001903,-0.035406,-0.632874,0.377274,0.676102,-26.396250,1.619873,26.541030,-0.883047,0.332347,-0.331286,0.000000,0.000000,0.000000,0.000000,0,0,4.040054,4.909973,0.000000,0.000000,-26.428920,1.624159,26.554260,355.644800,295.639400,8.312162,104.047200,98.172010,0.300000,1000.000000,0.900730,2468,2740,50.000000,off
1765874989763,2025-12-16 16:49:49.763,719.296400,4.728455,23,15,2,0.033087,0.002407,-0.044764,-0.562683,0.301590,0.769684,-26.375310,1.627629,26.563690,-0.935112,0.274434,-0.224131,0.000000,0.000000,0.000000,0.000000,0,0,3.468491,4.355438,0.000000,0.000000,-26.429960,1.623847,26.553520,355.791000,295.115600,8.173222,104.047200,98.172010,0.300000,1000.000000,0.900730,2468,2740,50.000000,off
1765874989774,2025-12-16 16:49:49.774,719.307500,4.739563,23,15,2,0.033087,0.002407,-0.044764,-0.562683,0.301590,0.769684,-26.376550,1.627373,26.563520,-0.933424,0.273862,-0.231735,0.000000,0.000000,0.000000,0.000000,0,0,3.468491,4.355438,0.000000,0.000000,-26.431100,1.623549,26.552840,355.944000,294.603700,8.035619,104.047200,98.172010,0.300000,1000.000000,0.900730,2468,2740,50.000000,off
1765874989785,2025-12-16 16:49:49.785,719.318700,4.750732,23,15,2,0.033056,0.003204,-0.047308,-0.453156,0.219376,0.863998,-26.375400,1.627752,26.562090,-0.972817,0.213902,-0.088558,0.000000,0.000000,0.000000,0.000000,0,0,3.136490,-1.000000,0.000000,0.000000,-26.432160,1.623297,26.552160,356.061600,294.165000,7.910230,104.047200,98.172010,0.300000,1000.000000,0.900730,2468,2740,50.000000,off
1765874989796,2025-12-16 16:49:49.796,719.329700,4.761780,23,15,2,0.032856,0.002485,-0.044945,-0.551849,0.230164,0.801544,-26.378780,1.626964,26.562770,-0.955462,0.206262,-0.211033,0.000000,0.000000,0.000000,0.000000,0,0,3.455139,-1.000000,0.000000,0.000000,-26.433230,1.623057,26.551520,356.187600,293.747600,7.783479,104.047200,98.172010,0.300000,1000.000000,0.900730,2468,2740,50.000000,off
1765874989807,2025-12-16 16:49:49.807,719.340800,4.772888,23,15,2,0.032672,0.004964,-0.052168,-0.450409,0.165726,0.877304,-26.373400,1.628753,26.559180,-0.983323,0.160395,-0.085700,0.000000,0.000000,0.000000,0.000000,0,0,3.331741,5.222900,0.000000,0.000000,-26.434320,1.622852,26.550930,356.313400,293.354200,7.661032,104.047200,98.172010,0.300000,1000.000000,0.900730,2468,2740,50.000000,off
1765874989818,2025-12-16 16:49:49.818,719.351900,4.783997,23,15,2,0.032672,0.004964,-0.052168,-0.450409,0.165726,0.877304,-26.374530,1.628634,26.559030,-0.982972,0.159426,-0.091353,0.000000,0.000000,0.000000,0.000000,0,0,3.331741,5.222900,0.000000,0.000000,-26.435390,1.622679,26.550390,356.426700,293.009600,7.569290,104.047200,98.172010,0.300000,1000.000000,0.900730,2468,2740,50.000000,off
1765874989829,2025-12-16 16:49:49.829,719.363000,4.795105,23,15,2,0.033056,0.003204,-0.047308,-0.453156,0.219376,0.863998,-26.380080,1.627146,26.561400,-0.971107,0.210746,-0.111834,0.000000,0.000000,0.000000,0.000000,0,0,3.136490,-1.000000,0.000000,0.000000,-26.436550,1.622555,26.549940,356.513300,292.695900,7.482852,104.047200,98.172010,0.300000,1000.000000,0.900730,2468,2740,50.000000,off
1765874989840,2025-12-16 16:49:49.840,719.374100,4.806213,23,15,2,0.032856,0.002485,-0.044945,-0.551849,0.230164,0.801544,-26.383520,1.626502,26.562050,-0.951099,0.204398,-0.231555,0.000000,0.000000,0.000000,0.000000,0,0,3.455139,-1.000000,0.000000,0.000000,-26.437670,1.622482,26.549500,356.585500,292.431900,7.423131,104.047200,98.172010,0.300000,1000.000000,0.900730,2468,2740,50.000000,off
1765874989852,2025-12-16 16:49:49.852,719.385300,4.817322,23,15,2,0.032856,0.002485,-0.044945,-0.551849,0.230164,0.801544,-26.384740,1.626503,26.561940,-0.950216,0.204039,-0.235465,0.000000,0.000000,0.000000,0.000000,0,0,3.455139,-1.000000,0.000000,0.000000,-26.438830,1.622462,26.549150,356.648000,292.184300,7.373049,104.047200,98.172010,0.300000,1000.000000,0.900730,2468,2740,50.000000,off
1765874989863,2025-12-16 16:49:49.863,719.396300,4.828369,23,15,2,0.032514,0.003094,-0.046465,-0.455872,0.266342,0.849243,-26.384690,1.626966,26.560870,-0.957162,0.254763,-0.137509,0.000000,0.000000,0.000000,0.000000,0,0,3.585419,-1.000000,0.000000,0.000000,-26.440020,1.622446,26.548890,356.671100,292.010900,7.354274,104.047200,98.172010,0.300000,1000.000000,0.900730,2468,2740,50.000000,off
1765874989874,2025-12-16 16:49:49.874,719.407500,4.839539,23,15,2,0.032496,0.003551,-0.047865,-0.417725,0.218842,0.881805,-26.384750,1.627303,26.560230,-0.972946,0.214374,-0.085944,0.000000,0.000000,0.000000,0.000000,0,0,3.477295,4.396469,0.000000,0.000000,-26.441350,1.622408,26.548710,356.685400,291.875500,7.342312,104.047200,98.172010,0.300000,1000.000000,0.900730,2468,2740,50.000000,off
1765874989885,2025-12-16 16:49:49.885,719.418500,4.850586,23,15,2,0.032186,0.000874,-0.039799,-0.514969,0.354096,0.780640,-26.393670,1.624985,26.563230,-0.914601,0.330057,-0.233542,0.000000,0.000000,0.000000,0.000000,0,0,3.979553,4.220245,0.000000,0.000000,-26.442630,1.622315,26.548520,356.685800,291.761900,7.339837,104.047200,98.172010,0.300000,1000.000000,0.900730,2468,2740,50.000000,off
1765874989897,2025-12-16 16:49:49.897,719.430200,4.862305,23,15,2,0.032186,0.000874,-0.039799,-0.514969,0.354096,0.780640,-26.395100,1.624838,26.563260,-0.914278,0.330178,-0.234633,0.000000,0.000000,0.000000,0.000000,0,0,3.979553,4.220245,0.000000,0.000000,-26.444050,1.622174,26.548500,356.668200,291.699100,7.351536,104.047200,98.172010,0.300000,1000.000000,0.900730,2468,2740,50.000000,off
1765874989907,2025-12-16 16:49:49.907,719.440700,4.872803,23,15,2,0.031995,-0.000261,-0.036132,-0.556961,0.367081,0.744995,-26.400010,1.623772,26.564610,-0.896652,0.335339,-0.289022,0.000000,0.000000,0.000000,0.000000,0,0,4.271179,5.466705,0.000000,0.000000,-26.445460,1.622031,26.548480,356.679500,291.647600,7.362753,104.047200,98.172010,0.300000,1000.000000,0.900730,2468,2740,50.000000,off
1765874989918,2025-12-16 16:49:49.918,719.451900,4.883972,23,15,2,0.031986,0.001107,-0.040342,-0.457657,0.264175,0.848969,-26.397570,1.624689,26.562930,-0.956867,0.251677,-0.145086,0.000000,0.000000,0.000000,0.000000,0,0,3.884842,3.991226,0.000000,0.000000,-26.446930,1.621809,26.548540,356.696600,291.647900,7.392508,104.047200,98.172010,0.300000,1000.000000,0.900730,2468,2740,50.000000,off
1765874989930,2025-12-16 16:49:49.930,719.463000,4.895081,23,15,2,0.031986,0.001107,-0.040342,-0.457657,0.264175,0.848969,-26.399120,1.624488,26.563020,-0.957044,0.251051,-0.145007,0.000000,0.000000,0.000000,0.000000,0,0,3.884842,3.991226,0.000000,0.000000,-26.448480,1.621575,26.548640,356.731600,291.651800,7.406050,104.047200,98.172010,0.300000,1000.000000,0.900730,2468,2740,50.000000,off
1765874989941,2025-12-16 16:49:49.941,719.474200,4.906250,23,15,2,0.032186,0.000874,-0.039799,-0.514969,0.354096,0.780640,-26.401160,1.624096,26.563520,-0.915274,0.327195,-0.234931,0.000000,0.000000,0.000000,0.000000,0,0,3.979553,4.220245,0.000000,0.000000,-26.450090,1.621271,26.548750,356.822000,291.686700,7.448039,104.047200,98.172010,0.300000,1000.000000,0.900730,2468,2740,50.000000,off
1765874989952,2025-12-16 16:49:49.952,719.485200,4.917297,23,15,2,0.031995,-0.000261,-0.036132,-0.556961,0.367081,0.744995,-26.406320,1.622883,26.565000,-0.898574,0.331095,-0.287945,0.000000,0.000000,0.000000,0.000000,0,0,4.271179,5.466705,0.000000,0.000000,-26.451790,1.620926,26.548920,356.923400,291.714600,7.472465,104.047200,98.172010,0.300000,1000.000000,0.900730,2468,2740,50.000000,off
1765874989963,2025-12-16 16:49:49.963,719.496300,4.928345,23,15,2,0.031983,0.001240,-0.040773,-0.447723,0.269379,0.852615,-26.403750,1.623875,26.563170,-0.958376,0.252284,-0.133576,0.000000,0.000000,0.000000,0.000000,0,0,3.853088,4.018631,0.000000,0.000000,-26.453510,1.620579,26.549060,357.045100,291.740800,7.502972,104.047200,98.172010,0.300000,1000.000000,0.900730,2468,2740,50.000000,off
1765874989974,2025-12-16 16:49:49.974,719.507300,4.939392,23,15,2,0.031983,0.001240,-0.040773,-0.447723,0.269379,0.852615,-26.405650,1.623629,26.563340,-0.959175,0.249550,-0.132974,0.000000,0.000000,0.000000,0.000000,0,0,3.853088,4.018631,0.000000,0.000000,-26.455410,1.620197,26.549250,357.219800,291.763800,7.523263,104.047200,98.172010,0.300000,1000.000000,0.900730,2468,2740,50.000000,off
1765874989986,2025-12-16 16:49:49.986,719.518600,4.950623,23,15,2,0.031935,0.000992,-0.040086,-0.465653,0.290054,0.836075,-26.408180,1.623145,26.563690,-0.951433,0.264109,-0.158134,0.000000,0.000000,0.000000,0.000000,0,0,3.893570,3.870316,0.000000,0.000000,-26.457280,1.619791,26.549360,357.388500,291.773400,7.562232,104.047200,98.172010,0.300000,1000.000000,0.900730,2468,2740,50.000000,off
1765874989996,2025-12-16 16:49:49.996,719.529600,4.961670,23,15,2,0.027274,0.000536,-0.039483,-0.457153,0.297546,0.838120,-26.412430,1.621822,26.559870,-0.951086,0.269591,-0.150743,0.000000,0.000000,0.000000,0.000000,0,0,4.036987,4.030060,0.000000,0.000000,-26.459220,1.619353,26.549510,357.593300,291.748900,7.584671,104.047200,98.172010,0.300000,1000.000000,0.900730,2468,2740,50.000000,off
1765874990007,2025-12-16 16:49:50.007,719.540700,4.972778,23,15,2,0.027274,0.000536,-0.039483,-0.457153,0.297546,0.838120,-26.414470,1.621542,26.560020,-0.951911,0.266294,-0.151396,0.000000,0.000000,0.000000,0.000000,0,0,4.036987,4.030060,0.000000,0.000000,-26.461240,1.618914,26.549610,357.807300,291.692500,7.608429,104.047200,98.172010,0.300000,1000.000000,0.900730,2468,2740,50.000000,off
1765874990018,2025-12-16 16:49:50.018,719.552000,4.984070,23,15,2,0.017829,-0.000025,-0.039224,-0.444412,0.295715,0.845596,-26.420310,1.619443,26.551640,-0.954875,0.263017,-0.137908,0.000000,0.000000,0.000000,0.000000,0,0,3.953018,4.076324,0.000000,0.000000,-26.463340,1.618449,26.549670,358.033300,291.598900,7.624685,104.047200,98.172010,0.300000,1000.000000,0.900730,2468,2740,50.000000,off
1765874990029,2025-12-16 16:49:50.029,719.563000,4.995056,23,15,2,0.013509,-0.000032,-0.039965,-0.421326,0.252686,0.870987,-26.423370,1.618623,26.547510,-0.969804,0.220809,-0.103480,0.000000,0.000000,0.000000,0.000000,0,0,3.699493,3.907684,0.000000,0.000000,-26.465500,1.618072,26.549680,358.268100,291.460400,7.621372,104.047200,98.172010,0.300000,1000.000000,0.900730,2468,2740,50.000000,off
1765874990041,2025-12-16 16:49:50.041,719.574200,5.006287,23,15,2,0.027274,0.000536,-0.039483,-0.457153,0.297546,0.838120,-26.421030,1.620742,26.560360,-0.953696,0.256466,-0.157023,0.000000,0.000000,0.000000,0.000000,0,0,4.036987,4.030060,0.000000,0.000000,-26.467700,1.617644,26.549600,358.478200,291.289500,7.621006,104.047200,98.172010,0.300000,1000.000000,0.900730,2468,2740,50.000000,off
1765874990051,2025-12-16 16:49:50.051,719.585100,5.017151,23,15,2,0.027274,0.000536,-0.039483,-0.457153,0.297546,0.838120,-26.423440,1.620462,26.560410,-0.953887,0.253611,-0.160463,0.000000,0.000000,0.000000,0.000000,0,0,4.036987,4.030060,0.000000,0.000000,-26.470050,1.617230,26.549460,358.695100,291.054200,7.586789,104.047200,98.172010,0.300000,1000.000000,0.900730,2468,2740,50.000000,off
1765874990063,2025-12-16 16:49:50.063,719.596300,5.028381,23,15,2,0.017829,-0.000025,-0.039224,-0.444412,0.295715,0.845596,-26.429450,1.618418,26.551940,-0.956436,0.250644,-0.149633,0.000000,0.000000,0.000000,0.000000,0,0,3.953018,4.076324,0.000000,0.000000,-26.472430,1.616841,26.549350,358.910300,290.798000,7.568473,104.047200,98.172010,0.300000,1000.000000,0.900730,2468,2740,50.000000,off
1765874990074,2025-12-16 16:49:50.074,719.607400,5.039429,23,15,2,0.012091,-0.000006,-0.040215,-0.406403,0.271256,0.872482,-26.432950,1.617389,26.546230,-0.967604,0.228880,-0.106415,0.000000,0.000000,0.000000,0.000000,0,0,3.904922,3.890793,0.000000,0.000000,-26.474830,1.616422,26.549090,359.128400,290.494700,7.533340,104.047200,98.172010,0.300000,1000.000000,0.900730,2468,2740,50.000000,off
1765874990085,2025-12-16 16:49:50.085,719.618500,5.050598,23,15,2,0.012091,-0.000006,-0.040215,-0.406403,0.271256,0.872482,-26.435380,1.617104,26.546210,-0.967624,0.226076,-0.112076,0.000000,0.000000,0.000000,0.000000,0,0,3.904922,3.890793,0.000000,0.000000,-26.477280,1.616003,26.548810,359.325700,290.138200,7.508605,104.047200,98.172010,0.300000,1000.000000,0.900730,2468,2740,50.000000,off
1765874990096,2025-12-16 16:49:50.096,719.629600,5.061646,23,15,2,0.019988,0.001265,-0.042916,-0.358688,0.244247,0.900925,-26.432720,1.619105,26.552450,-0.977313,0.202762,-0.061043,0.000000,0.000000,0.000000,0.000000,0,0,3.673935,3.863876,0.000000,0.000000,-26.479780,1.615596,26.548450,359.526600,289.737600,7.502301,104.047200,98.172010,0.300000,1000.000000,0.900730,2468,2740,50.000000,off
1765874990107,2025-12-16 16:49:50.107,719.640700,5.072754,23,15,2,0.020231,0.001523,-0.043631,-0.340912,0.237808,0.909515,-26.434510,1.619153,26.552310,-0.979461,0.195843,-0.047889,0.000000,0.000000,0.000000,0.000000,0,0,3.639542,3.857605,0.000000,0.000000,-26.482280,1.615222,26.547990,359.717900,289.304100,7.485819,104.047200,98.172010,0.300000,1000.000000,0.900730,2468,2740,50.000000,off
1765874990119,2025-12-16 16:49:50.119,719.652200,5.084290,23,15,2,0.031503,0.002926,-0.046125,-0.343018,0.258652,0.903000,-26.431160,1.621764,26.561810,-0.975052,0.213032,-0.062139,0.000000,0.000000,0.000000,0.000000,0,0,3.659866,3.770599,0.000000,0.000000,-26.484790,1.614821,26.547520,359.913000,288.850600,7.500707,104.047200,98.172010,0.300000,1000.000000,0.900730,2468,2740,50.000000,off
1765874990129,2025-12-16 16:49:50.129,719.663000,5.095093,23,15,2,0.031503,0.002926,-0.046125,-0.343018,0.258652,0.903000,-26.433970,1.621630,26.561840,-0.975085,0.210189,-0.070715,0.000000,0.000000,0.000000,0.000000,0,0,3.659866,3.770599,0.000000,0.000000,-26.487450,1.614541,26.547060,0.091998,288.335000,7.504130,104.047200,98.172010,0.300000,1000.000000,0.900730,2468,2740,50.000000,off
1765874990141,2025-12-16 16:49:50.141,719.674000,5.106079,23,15,2,0.032220,0.002345,-0.044155,-0.357575,0.270111,0.893967,-26.438370,1.620983,26.563200,-0.971250,0.217465,-0.096842,0.000000,0.000000,0.000000,0.000000,0,0,3.727966,3.888535,0.000000,0.000000,-26.490070,1.614272,26.546600,0.233100,287.843100,7.503455,104.047200,98.172010,0.300000,1000.000000,0.900730,2468,2740,50.000000,off
1765874990152,2025-12-16 16:49:50.152,719.685100,5.117188,23,15,2,0.028001,0.001380,-0.041626,-0.384949,0.285706,0.877594,-26.444890,1.619411,26.560110,-0.964056,0.227225,-0.137654,0.000000,0.000000,0.000000,0.000000,0,0,3.805832,3.905960,0.000000,0.000000,-26.492820,1.614114,26.546180,0.380043,287.353100,7.495123,104.047200,98.172010,0.300000,1000.000000,0.900730,2468,2740,50.000000,off
1765874990163,2025-12-16 16:49:50.163,719.696400,5.128418,23,15,2,0.028001,0.001380,-0.041626,-0.384949,0.285706,0.877594,-26.447770,1.619498,26.560200,-0.963522,0.224595,-0.145489,0.000000,0.000000,0.000000,0.000000,0,0,3.805832,3.905960,0.000000,0.000000,-26.495570,1.614078,26.545870,0.553332,286.874500,7.491055,104.047200,98.172010,0.300000,1000.000000,0.900730,2468,2740,50.000000,off
1765874990174,2025-12-16 16:49:50.174,719.707300,5.139343,23,15,2,0.031503,0.002926,-0.046125,-0.343018,0.258652,0.903000,-26.445360,1.621727,26.562150,-0.974453,0.199872,-0.102287,0.000000,0.000000,0.000000,0.000000,0,0,3.659866,3.770599,0.000000,0.000000,-26.498240,1.614118,26.545580,0.754307,286.433300,7.482900,104.047200,98.172010,0.300000,1000.000000,0.900730,2468,2740,50.000000,off
1765874990185,2025-12-16 16:49:50.185,719.718500,5.150574,23,15,2,0.032220,0.002345,-0.044155,-0.357575,0.270111,0.893967,-26.449850,1.621466,26.563640,-0.970259,0.206257,-0.126694,0.000000,0.000000,0.000000,0.000000,0,0,3.727966,3.888535,0.000000,0.000000,-26.500910,1.614216,26.545380,0.976585,286.020400,7.441468,104.047200,98.172010,0.300000,1000.000000,0.900730,2468,2740,50.000000,off
1765874990196,2025-12-16 16:49:50.196,719.729600,5.161621,23,15,2,0.029459,0.000895,-0.039867,-0.424301,0.344467,0.837433,-26.457440,1.619753,26.562540,-0.937287,0.269671,-0.220803,0.000000,0.000000,0.000000,0.000000,0,0,3.950317,3.856201,0.000000,0.000000,-26.503570,1.614252,26.545230,1.179524,285.626900,7.397515,104.047200,98.172010,0.300000,1000.000000,0.900730,2468,2740,50.000000,off
1765874990207,2025-12-16 16:49:50.207,719.740600,5.172668,23,15,2,0.029459,0.000895,-0.039867,-0.424301,0.344467,0.837433,-26.460230,1.619902,26.562800,-0.936831,0.266997,-0.225929,0.000000,0.000000,0.000000,0.000000,0,0,3.950317,3.856201,0.000000,0.000000,-26.506240,1.614281,26.545200,1.385855,285.284400,7.352591,104.047200,98.172010,0.300000,1000.000000,0.900730,2468,2740,50.000000,off
1765874990218,2025-12-16 16:49:50.218,719.751700,5.183777,23,15,2,0.014202,0.000495,-0.040451,-0.363953,0.317032,0.875794,-26.466220,1.617718,26.548240,-0.956622,0.243565,-0.159797,0.000000,0.000000,0.000000,0.000000,0,0,3.999268,3.747696,0.000000,0.000000,-26.508840,1.614291,26.545120,1.594686,284.964900,7.324993,104.047200,98.172010,0.300000,1000.000000,0.900730,2468,2740,50.000000,off
1765874990230,2025-12-16 16:49:50.230,719.762800,5.194885,23,15,2,0.002319,-0.000193,-0.039826,-0.248688,0.339325,0.907196,-26.472250,1.615767,26.537360,-0.959617,0.277078,-0.048519,0.000000,0.000000,0.000000,0.000000,0,0,3.937347,3.776276,0.000000,0.000000,-26.511340,1.614447,26.545190,1.752388,284.660000,7.302447,104.047200,98.172010,0.300000,1000.000000,0.900730,2468,2740,50.000000,off
1765874990241,2025-12-16 16:49:50.241,719.773900,5.205994,23,15,2,0.002319,-0.000193,-0.039826,-0.248688,0.339325,0.907196,-26.474730,1.615917,26.537590,-0.959786,0.275638,-0.053160,0.000000,0.000000,0.000000,0.000000,0,0,3.937347,3.776276,0.000000,0.000000,-26.513870,1.614533,26.545220,1.843243,284.375500,7.299952,104.047200,98.172010,0.300000,1000.000000,0.900730,2468,2740,50.000000,off
1765874990252,2025-12-16 16:49:50.252,719.785200,5.217224,23,15,2,0.018161,0.000181,-0.038452,-0.051422,0.347138,0.936386,-26.474930,1.618473,26.553440,-0.941819,0.306313,0.138264,0.000000,0.000000,0.000000,0.000000,0,0,3.696671,3.888367,0.000000,0.000000,-26.516500,1.614700,26.545330,1.913863,284.089500,7.309303,104.047200,98.172010,0.300000,1000.000000,0.900730,2468,2740,50.000000,off
1765874990263,2025-12-16 16:49:50.263,719.796100,5.228210,23,15,2,-0.001862,0.000191,-0.042453,0.528122,0.351837,0.772842,-26.478400,1.616319,26.533510,-0.649420,0.390195,0.652679,0.000000,0.000000,0.000000,0.000000,0,0,3.818253,5.601913,0.000000,0.000000,-26.519160,1.614938,26.545450,1.929113,283.807600,7.342627,104.047200,98.172010,0.300000,1000.000000,0.900730,2468,2740,50.000000,off
1765874990274,2025-12-16 16:49:50.274,719.807300,5.239380,23,15,2,0.002319,-0.000193,-0.039826,-0.248688,0.339325,0.907196,-26.482490,1.616530,26.538520,-0.959450,0.273696,-0.067361,0.000000,0.000000,0.000000,0.000000,0,0,3.937347,3.776276,0.000000,0.000000,-26.521730,1.615075,26.545580,1.941524,283.543500,7.372856,104.047200,98.172010,0.300000,1000.000000,0.900730,2468,2740,50.000000,off
1765874990285,2025-12-16 16:49:50.285,719.818400,5.250488,23,15,2,0.002319,-0.000193,-0.039826,-0.248688,0.339325,0.907196,-26.485010,1.616632,26.538890,-0.959187,0.273612,-0.071342,0.000000,0.000000,0.000000,0.000000,0,0,3.937347,3.776276,0.000000,0.000000,-26.524270,1.615177,26.545790,1.939243,283.313300,7.396736,104.047200,98.172010,0.300000,1000.000000,0.900730,2468,2740,50.000000,off
1765874990296,2025-12-16 16:49:50.296,719.829500,5.261536,23,15,2,0.018161,0.000181,-0.038452,-0.051422,0.347138,0.936386,-26.485380,1.619063,26.554810,-0.944429,0.305416,0.121419,0.000000,0.000000,0.000000,0.000000,0,0,3.696671,3.888367,0.000000,0.000000,-26.526800,1.615231,26.545980,1.958471,283.096200,7.405209,104.047200,98.172010,0.300000,1000.000000,0.900730,2468,2740,50.000000,off
1765874990307,2025-12-16 16:49:50.307,719.840500,5.272583,23,15,2,0.028448,0.001793,-0.042471,0.387695,0.361588,0.847885,-26.481820,1.622208,26.564150,-0.764294,0.378645,0.521964,0.000000,0.000000,0.000000,0.000000,0,0,4.354279,-1.000000,0.000000,0.000000,-26.529260,1.615272,26.546340,2.008625,282.926100,7.417760,104.047200,98.172010,0.300000,1000.000000,0.900730,2468,2740,50.000000,off
1765874990319,2025-12-16 16:49:50.319,719.851800,5.283875,23,15,2,0.028418,0.002312,-0.043924,0.388275,0.356644,0.849716,-26.482910,1.622830,26.564210,-0.767301,0.373036,0.521598,0.000000,0.000000,0.000000,0.000000,0,0,4.255310,-1.000000,0.000000,0.000000,-26.531680,1.615263,26.546700,2.072916,282.797100,7.459906,104.047200,98.172010,0.300000,1000.000000,0.900730,2468,2740,50.000000,off
1765874990330,2025-12-16 16:49:50.330,719.862800,5.294861,23,15,2,0.028418,0.002312,-0.043924,0.388275,0.356644,0.849716,-26.485260,1.622943,26.564760,-0.769004,0.372287,0.519620,0.000000,0.000000,0.000000,0.000000,0,0,4.255310,-1.000000,0.000000,0.000000,-26.533980,1.615293,26.547150,2.145508,282.671700,7.518496,104.047200,98.172010,0.300000,1000.000000,0.900730,2468,2740,50.000000,off
1765874990341,2025-12-16 16:49:50.341,719.874000,5.306030,23,15,0,0.028371,0.000651,-0.038816,0.511581,0.480515,0.712296,-26.492500,1.621166,26.566630,-0.618556,0.515675,0.592826,0.000000,0.000000,0.000000,0.000000,0,0,4.993683,-1.000000,0.000000,0.000000,-26.536290,1.615272,26.547690,2.229798,282.591500,7.580176,104.047200,98.172010,0.300000,1000.000000,0.900730,2468,2740,50.000000,off
1765874990352,2025-12-16 16:49:50.352,719.885100,5.317139,23,15,2,0.028369,0.000333,-0.037809,0.486481,0.486191,0.725891,-26.495830,1.620923,26.567490,-0.639143,0.516921,0.569431,0.000000,0.000000,0.000000,0.000000,0,0,4.996841,-1.000000,0.000000,0.000000,-26.538640,1.615305,26.548220,2.303889,282.504800,7.638821,104.047200,98.172010,0.300000,1000.000000,0.900730,2468,2740,50.000000,off
1765874990362,2025-12-16 16:49:50.362,719.896200,5.328247,23,15,2,0.028369,0.000333,-0.037809,0.486481,0.486191,0.725891,-26.498100,1.621014,26.568150,-0.640490,0.516411,0.568379,0.000000,0.000000,0.000000,0.000000,0,0,4.996841,-1.000000,0.000000,0.000000,-26.540870,1.615329,26.548840,2.369635,282.438700,7.686657,104.047200,98.172010,0.300000,1000.000000,0.900730,2468,2740,50.000000,off
1765874990373,2025-12-16 16:49:50.373,719.907300,5.339355,23,15,2,0.028201,-0.000390,-0.036046,0.533417,0.477860,0.697922,-26.502090,1.620247,26.569150,-0.604161,0.515237,0.607864,0.000000,0.000000,0.000000,0.000000,0,0,4.999542,-1.000000,0.000000,0.000000,-26.543130,1.615326,26.549480,2.419726,282.365500,7.720741,104.047200,98.172010,0.300000,1000.000000,0.900730,2468,2740,50.000000,off
1765874990384,2025-12-16 16:49:50.384,719.918300,5.350403,23,15,0,0.028371,0.000651,-0.038816,0.511581,0.480515,0.712296,-26.501640,1.621436,26.569350,-0.623645,0.513704,0.589195,0.000000,0.000000,0.000000,0.000000,0,0,4.993683,-1.000000,0.000000,0.000000,-26.545320,1.615322,26.550200,2.461892,282.325100,7.709867,104.047200,98.172010,0.300000,1000.000000,0.900730,2468,2740,50.000000,off
1765874990396,2025-12-16 16:49:50.396,719.929400,5.361511,23,15,2,0.028369,0.000333,-0.037809,0.486481,0.486191,0.725891,-26.504830,1.621019,26.570320,-0.643024,0.514761,0.567014,0.000000,0.000000,0.000000,0.000000,0,0,4.996841,-1.000000,0.000000,0.000000,-26.547530,1.615254,26.550900,2.494116,282.292700,7.683330,104.047200,98.172010,0.300000,1000.000000,0.900730,2468,2740,50.000000,off
1765874990407,2025-12-16 16:49:50.407,719.940600,5.372620,23,15,2,0.028369,0.000333,-0.037809,0.486481,0.486191,0.725891,-26.507000,1.620950,26.571140,-0.643041,0.514440,0.567286,0.000000,0.000000,0.000000,0.000000,0,0,4.996841,-1.000000,0.000000,0.000000,-26.549710,1.615201,26.551710,2.497983,282.285600,7.646197,104.047200,98.172010,0.300000,1000.000000,0.900730,2468,2740,50.000000,off
1765874990418,2025-12-16 16:49:50.418,719.951700,5.383789,23,15,1,0.000000,0.000000,0.000000,0.000000,0.000000,1.000000,0.000000,0.000000,0.000000,0.000000,0.000000,0.000000,0.000000,0.000000,0.000000,0.000000,0,0,0.000000,0.000000,0.000000,0.000000,-26.551900,1.615043,26.552500,2.456381,282.250100,7.591040,104.047200,98.172010,0.300000,1000.000000,0.900730,2468,2740,50.000000,off
1765874990429,2025-12-16 16:49:50.429,719.962700,5.394775,23,15,2,0.028074,0.002485,-0.044405,0.453476,0.315018,0.833725,-26.505220,1.622970,26.570880,-0.743516,0.335995,0.578157,0.000000,0.000000,0.000000,0.000000,0,0,4.182999,-1.000000,0.000000,0.000000,-26.554140,1.614947,26.553300,2.433795,282.179700,7.530974,104.047200,98.172010,0.300000,1000.000000,0.900730,2468,2740,50.000000,off
1765874990440,2025-12-16 16:49:50.440,719.973800,5.405884,23,15,2,0.028074,0.002485,-0.044405,0.453476,0.315018,0.833725,-26.507450,1.622702,26.571710,-0.743855,0.336302,0.577542,0.000000,0.000000,0.000000,0.000000,0,0,4.182999,-1.000000,0.000000,0.000000,-26.556350,1.614780,26.554040,2.364959,282.090500,7.431038,104.047200,98.172010,0.300000,1000.000000,0.900730,2468,2740,50.000000,off
1765874990451,2025-12-16 16:49:50.451,719.985000,5.417053,23,15,2,0.028082,0.000169,-0.037697,0.515549,0.418518,0.747681,-26.516010,1.619971,26.574200,-0.654796,0.450139,0.607117,0.000000,0.000000,0.000000,0.000000,0,0,4.685913,-1.000000,0.000000,0.000000,-26.558480,1.614707,26.554750,2.316965,281.973900,7.315695,104.047200,98.172010,0.300000,1000.000000,0.900730,2468,2740,50.000000,off
1765874990462,2025-12-16 16:49:50.462,719.996100,5.428162,23,15,2,0.028057,0.002834,-0.045519,0.395706,0.300140,0.867935,-26.510710,1.622624,26.573050,-0.789608,0.312531,0.528037,0.000000,0.000000,0.000000,0.000000,0,0,3.958038,-1.000000,0.000000,0.000000,-26.560620,1.614516,26.555410,2.268379,281.814900,7.165712,104.047200,98.172010,0.300000,1000.000000,0.900730,2468,2740,50.000000,off
1765874990474,2025-12-16 16:49:50.474,720.007200,5.439270,23,15,2,0.028074,0.002485,-0.044405,0.453476,0.315018,0.833725,-26.514010,1.621902,26.574080,-0.747000,0.334972,0.574246,0.000000,0.000000,0.000000,0.000000,0,0,4.182999,-1.000000,0.000000,0.000000,-26.562810,1.614272,26.556000,2.250054,281.644300,7.007524,104.047200,98.172010,0.300000,1000.000000,0.900730,2468,2740,50.000000,off
1765874990485,2025-12-16 16:49:50.485,720.018200,5.450317,23,15,2,0.028074,0.002485,-0.044405,0.453476,0.315018,0.833725,-26.516180,1.621580,26.574810,-0.748803,0.333952,0.572490,0.000000,0.000000,0.000000,0.000000,0,0,4.182999,-1.000000,0.000000,0.000000,-26.564910,1.614055,26.556520,2.228830,281.423200,6.822037,104.047200,98.172010,0.300000,1000.000000,0.900730,2468,2740,50.000000,off
1765874990496,2025-12-16 16:49:50.496,720.029400,5.461487,23,15,2,0.028082,0.000169,-0.037697,0.515549,0.418518,0.747681,-26.524840,1.618619,26.577050,-0.661351,0.445798,0.603202,0.000000,0.000000,0.000000,0.000000,0,0,4.685913,-1.000000,0.000000,0.000000,-26.567060,1.613745,26.556960,2.228990,281.160500,6.629294,104.047200,98.172010,0.300000,1000.000000,0.900730,2468,2740,50.000000,off
1765874990507,2025-12-16 16:49:50.507,720.040500,5.472595,23,15,0,0.028009,0.001860,-0.042479,0.538178,0.400864,0.741379,-26.522400,1.620162,26.576510,-0.653299,0.429103,0.623732,0.000000,0.000000,0.000000,0.000000,0,0,4.716110,-1.000000,0.000000,0.000000,-26.569080,1.613511,26.557310,2.252819,280.827000,6.428603,104.047200,98.172010,0.300000,1000.000000,0.900730,2468,2740,50.000000,off
1765874990519,2025-12-16 16:49:50.519,720.051700,5.483765,23,15,0,0.028009,0.001860,-0.042479,0.538178,0.400864,0.741379,-26.524630,1.619783,26.577140,-0.657175,0.427036,0.621072,0.000000,0.000000,0.000000,0.000000,0,0,4.716110,-1.000000,0.000000,0.000000,-26.571200,1.613191,26.557630,2.291361,280.465800,6.246703,104.047200,98.172010,0.300000,1000.000000,0.900730,2468,2740,50.000000,off
1765874990530,2025-12-16 16:49:50.530,720.062700,5.494812,23,15,2,0.028330,0.003206,-0.046447,0.444534,0.313614,0.839050,-26.523050,1.620943,26.577220,-0.768859,0.324059,0.551190,0.000000,0.000000,0.000000,0.000000,0,0,3.966522,-1.000000,0.000000,0.000000,-26.573340,1.612856,26.557850,2.356158,280.028300,6.069244,104.047200,98.172010,0.300000,1000.000000,0.900730,2468,2740,50.000000,off
1765874990541,2025-12-16 16:49:50.541,720.073800,5.505859,23,15,2,0.023870,0.000385,-0.038664,0.267471,0.506180,0.819885,-26.533480,1.616991,26.574960,-0.794176,0.496038,0.351001,0.000000,0.000000,0.000000,0.000000,0,0,4.735886,4.502838,0.000000,0.000000,-26.575400,1.612529,26.557990,2.411455,279.576200,5.903446,104.047200,98.172010,0.300000,1000.000000,0.900730,2468,2740,50.000000,off
1765874990551,2025-12-16 16:49:50.551,720.084900,5.516968,23,15,2,-0.000375,-0.000615,-0.039189,0.084518,0.362122,0.928284,-26.538810,1.613300,26.551630,-0.923614,0.328968,0.196733,0.000000,0.000000,0.000000,0.000000,0,0,3.989838,4.079575,0.000000,0.000000,-26.577440,1.612283,26.558150,2.436180,279.118400,5.740048,104.047200,98.172010,0.300000,1000.000000,0.900730,2468,2740,50.000000,off
1765874990562,2025-12-16 16:49:50.562,720.096100,5.528198,23,15,2,-0.000375,-0.000615,-0.039189,0.084518,0.362122,0.928284,-26.540770,1.612968,26.552030,-0.925086,0.328958,0.189708,0.000000,0.000000,0.000000,0.000000,0,0,3.989838,4.079575,0.000000,0.000000,-26.579470,1.611956,26.558210,2.428693,278.621500,5.583013,104.047200,98.172010,0.300000,1000.000000,0.900730,2468,2740,50.000000,off
1765874990573,2025-12-16 16:49:50.573,720.107200,5.539246,23,15,2,0.001469,-0.001045,-0.038348,-0.431183,0.353836,0.829971,-26.543300,1.612422,26.554340,-0.899458,0.275950,-0.338818,0.000000,0.000000,0.000000,0.000000,0,0,4.319382,4.097961,0.000000,0.000000,-26.581480,1.611698,26.558220,2.428081,278.140500,5.436661,104.047200,98.172010,0.300000,1000.000000,0.900730,2468,2740,50.000000,off
1765874990584,2025-12-16 16:49:50.584,720.118300,5.550354,23,15,2,0.001441,-0.001348,-0.037567,-0.410996,0.331543,0.849197,-26.546030,1.611735,26.554770,-0.911451,0.256501,-0.321619,0.000000,0.000000,0.000000,0.000000,0,0,4.246445,3.881546,0.000000,0.000000,-26.583480,1.611374,26.558220,2.394244,277.631800,5.290869,104.047200,98.172010,0.300000,1000.000000,0.900730,2468,2740,50.000000,off
1765874990596,2025-12-16 16:49:50.596,720.129500,5.561584,23,15,2,0.001441,-0.001348,-0.037567,-0.410996,0.331543,0.849197,-26.547980,1.611378,26.555140,-0.908305,0.258177,-0.329093,0.000000,0.000000,0.000000,0.000000,0,0,4.246445,3.881546,0.000000,0.000000,-26.585460,1.611046,26.558250,2.356100,277.116300,5.147017,104.047200,98.172010,0.300000,1000.000000,0.900730,2468,2740,50.000000,off
1765874990607,2025-12-16 16:49:50.607,720.140600,5.572632,23,15,2,-0.000375,-0.000615,-0.039189,0.084518,0.362122,0.928284,-26.548500,1.611661,26.553340,-0.930060,0.330402,0.160652,0.000000,0.000000,0.000000,0.000000,0,0,3.989838,4.079575,0.000000,0.000000,-26.587390,1.610726,26.558160,2.309731,276.604200,5.002640,104.047200,98.172010,0.300000,1000.000000,0.900730,2468,2740,50.000000,off
1765874990618,2025-12-16 16:49:50.618,720.151600,5.583679,23,15,2,0.001469,-0.001045,-0.038348,-0.431183,0.353836,0.829971,-26.550950,1.610937,26.555630,-0.885748,0.282956,-0.367910,0.000000,0.000000,0.000000,0.000000,0,0,4.319382,4.097961,0.000000,0.000000,-26.589250,1.610341,26.558150,2.259855,276.081800,4.873044,104.047200,98.172010,0.300000,1000.000000,0.900730,2468,2740,50.000000,off
1765874990629,2025-12-16 16:49:50.629,720.162700,5.594727,23,15,2,0.001457,-0.000870,-0.038849,-0.458221,0.328934,0.825714,-26.552200,1.610655,26.555870,-0.879205,0.258004,-0.400500,0.000000,0.000000,0.000000,0.000000,0,0,4.286026,4.036911,0.000000,0.000000,-26.591020,1.609912,26.558120,2.196501,275.565700,4.749473,104.047200,98.172010,0.300000,1000.000000,0.900730,2468,2740,50.000000,off
1765874990640,2025-12-16 16:49:50.640,720.173800,5.605896,23,15,2,0.001457,-0.000870,-0.038849,-0.458221,0.328934,0.825714,-26.553870,1.610165,26.556200,-0.875348,0.259214,-0.408096,0.000000,0.000000,0.000000,0.000000,0,0,4.286026,4.036911,0.000000,0.000000,-26.592710,1.609451,26.558100,2.156699,275.046000,4.674863,104.047200,98.172010,0.300000,1000.000000,0.900730,2468,2740,50.000000,off
1765874990651,2025-12-16 16:49:50.651,720.184900,5.616943,23,15,2,0.031673,-0.000041,-0.036812,-0.451950,0.329071,0.829117,-26.555320,1.612922,26.586700,-0.874377,0.260837,-0.409158,0.000000,0.000000,0.000000,0.000000,0,0,4.240433,3.948624,0.000000,0.000000,-26.594390,1.609059,26.558120,2.119987,274.528700,4.606969,104.047200,98.172010,0.300000,1000.000000,0.900730,2468,2740,50.000000,off
1765874990662,2025-12-16 16:49:50.662,720.196000,5.628113,23,15,2,0.031877,0.001221,-0.040813,-0.329926,0.295914,0.896423,-26.553240,1.613830,26.586850,-0.927896,0.236062,-0.288575,0.000000,0.000000,0.000000,0.000000,0,0,3.856354,3.981598,0.000000,0.000000,-26.595990,1.608600,26.558080,2.077398,273.988500,4.562155,104.047200,98.172010,0.300000,1000.000000,0.900730,2468,2740,50.000000,off
1765874990674,2025-12-16 16:49:50.674,720.207100,5.639160,23,15,2,0.031877,0.001221,-0.040813,-0.329926,0.295914,0.896423,-26.555080,1.613349,26.587220,-0.925007,0.236807,-0.297112,0.000000,0.000000,0.000000,0.000000,0,0,3.856354,3.981598,0.000000,0.000000,-26.597580,1.608154,26.558050,2.032367,273.459800,4.556813,104.047200,98.172010,0.300000,1000.000000,0.900730,2468,2740,50.000000,off
1765874990685,2025-12-16 16:49:50.685,720.218200,5.650269,23,15,2,0.031846,0.001344,-0.041077,-0.329681,0.332581,0.883560,-26.556670,1.612947,26.587530,-0.910455,0.274756,-0.309126,0.000000,0.000000,0.000000,0.000000,0,0,3.912338,4.128403,0.000000,0.000000,-26.599150,1.607671,26.558010,1.978245,272.911700,4.540448,104.047200,98.172010,0.300000,1000.000000,0.900730,2468,2740,50.000000,off
1765874990696,2025-12-16 16:49:50.696,720.229400,5.661499,23,15,2,0.025094,0.000669,-0.040112,-0.274063,0.314346,0.908875,-26.559760,1.611242,26.581200,-0.929692,0.260683,-0.260181,0.000000,0.000000,0.000000,0.000000,0,0,3.785965,4.148315,0.000000,0.000000,-26.600750,1.607229,26.557910,1.940108,272.353000,4.548864,104.047200,98.172010,0.300000,1000.000000,0.900730,2468,2740,50.000000,off
1765874990707,2025-12-16 16:49:50.707,720.240400,5.672485,23,15,2,0.031877,0.001221,-0.040813,-0.329926,0.295914,0.896423,-26.560560,1.611843,26.588240,-0.915635,0.238639,-0.323505,0.000000,0.000000,0.000000,0.000000,0,0,3.856354,3.981598,0.000000,0.000000,-26.602210,1.606736,26.557860,1.924142,271.812200,4.536802,104.047200,98.172010,0.300000,1000.000000,0.900730,2468,2740,50.000000,off
1765874990718,2025-12-16 16:49:50.718,720.251500,5.683594,23,15,2,0.031877,0.001221,-0.040813,-0.329926,0.295914,0.896423,-26.562260,1.611340,26.588640,-0.912653,0.238482,-0.331937,0.000000,0.000000,0.000000,0.000000,0,0,3.856354,3.981598,0.000000,0.000000,-26.603610,1.606235,26.557870,1.946598,271.274100,4.504767,104.047200,98.172010,0.300000,1000.000000,0.900730,2468,2740,50.000000,off
1765874990729,2025-12-16 16:49:50.729,720.262600,5.694641,23,15,2,0.031846,0.001344,-0.041077,-0.329681,0.332581,0.883560,-26.563610,1.611081,26.589010,-0.898266,0.274988,-0.342752,0.000000,0.000000,0.000000,0.000000,0,0,3.912338,4.128403,0.000000,0.000000,-26.604940,1.605835,26.557910,1.991855,270.757100,4.468675,104.047200,98.172010,0.300000,1000.000000,0.900730,2468,2740,50.000000,off
1765874990740,2025-12-16 16:49:50.740,720.273700,5.705750,23,15,2,0.026855,0.000783,-0.040187,-0.276657,0.317734,0.906906,-26.566140,1.609732,26.584520,-0.918248,0.262695,-0.296283,0.000000,0.000000,0.000000,0.000000,0,0,3.804962,4.199768,0.000000,0.000000,-26.606310,1.605440,26.557990,2.058976,270.252000,4.419637,104.047200,98.172010,0.300000,1000.000000,0.900730,2468,2740,50.000000,off
1765874990751,2025-12-16 16:49:50.751,720.284800,5.716858,23,15,2,0.026855,0.000783,-0.040187,-0.276657,0.317734,0.906906,-26.567670,1.609497,26.585020,-0.916070,0.261772,-0.303750,0.000000,0.000000,0.000000,0.000000,0,0,3.804962,4.199768,0.000000,0.000000,-26.607620,1.605176,26.558140,2.132886,269.769600,4.370103,104.047200,98.172010,0.300000,1000.000000,0.900730,2468,2740,50.000000,off
1765874990762,2025-12-16 16:49:50.762,720.295900,5.727966,23,15,2,0.017825,0.000133,-0.039458,-0.255112,0.310913,0.915543,-26.569700,1.608017,26.576520,-0.922523,0.255574,-0.289139,0.000000,0.000000,0.000000,0.000000,0,0,3.834427,4.094620,0.000000,0.000000,-26.608850,1.605036,26.558270,2.197732,269.292100,4.302513,104.047200,98.172010,0.300000,1000.000000,0.900730,2468,2740,50.000000,off
1765874990774,2025-12-16 16:49:50.774,720.307100,5.739136,23,15,2,0.007414,-0.000548,-0.038928,-0.228836,0.299408,0.926270,-26.571330,1.606522,26.566700,-0.931372,0.245201,-0.269089,0.000000,0.000000,0.000000,0.000000,0,0,3.807449,3.949478,0.000000,0.000000,-26.610070,1.604996,26.558480,2.247496,268.845300,4.223446,104.047200,98.172010,0.300000,1000.000000,0.900730,2468,2740,50.000000,off
1765874990785,2025-12-16 16:49:50.785,720.318100,5.750183,23,15,2,0.014302,-0.000174,-0.039032,-0.210281,0.311447,0.926697,-26.572700,1.607417,26.574020,-0.930995,0.258053,-0.258151,0.000000,0.000000,0.000000,0.000000,0,0,3.738144,4.151550,0.000000,0.000000,-26.611250,1.604993,26.558670,2.299060,268.408900,4.136894,104.047200,98.172010,0.300000,1000.000000,0.900730,2468,2740,50.000000,off
1765874990796,2025-12-16 16:49:50.796,720.329300,5.761414,23,15,2,0.014302,-0.000174,-0.039032,-0.210281,0.311447,0.926697,-26.573980,1.607562,26.574520,-0.929355,0.257650,-0.264388,0.000000,0.000000,0.000000,0.000000,0,0,3.738144,4.151550,0.000000,0.000000,-26.612420,1.605133,26.558880,2.355481,267.984400,4.008273,104.047200,98.172010,0.300000,1000.000000,0.900730,2468,2740,50.000000,off
1765874990806,2025-12-16 16:49:50.806,720.340300,5.772400,23,15,2,0.008540,-0.000740,-0.037974,-0.146973,0.267105,0.952377,-26.575980,1.606614,26.569260,-0.954537,0.216335,-0.205007,0.000000,0.000000,0.000000,0.000000,0,0,3.598373,4.169144,0.000000,0.000000,-26.613530,1.605180,26.559100,2.409964,267.585700,3.858756,104.047200,98.172010,0.300000,1000.000000,0.900730,2468,2740,50.000000,off
1765874990818,2025-12-16 16:49:50.818,720.351400,5.783508,23,15,2,0.007414,-0.000548,-0.038928,-0.228836,0.299408,0.926270,-26.575990,1.606858,26.568680,-0.924424,0.244105,-0.292985,0.000000,0.000000,0.000000,0.000000,0,0,3.807449,3.949478,0.000000,0.000000,-26.614480,1.605259,26.559360,2.458578,267.206500,3.680488,104.047200,98.172010,0.300000,1000.000000,0.900730,2468,2740,50.000000,off
1765874990829,2025-12-16 16:49:50.829,720.362700,5.794739,23,15,2,0.014302,-0.000174,-0.039032,-0.210281,0.311447,0.926697,-26.577250,1.607710,26.576020,-0.924660,0.257459,-0.280541,0.000000,0.000000,0.000000,0.000000,0,0,3.738144,4.151550,0.000000,0.000000,-26.615360,1.605314,26.559600,2.494463,266.821800,3.488827,104.047200,98.172010,0.300000,1000.000000,0.900730,2468,2740,50.000000,off
1765874990840,2025-12-16 16:49:50.840,720.373700,5.805725,23,15,2,0.014302,-0.000174,-0.039032,-0.210281,0.311447,0.926697,-26.578060,1.607789,26.576500,-0.923093,0.257799,-0.285350,0.000000,0.000000,0.000000,0.000000,0,0,3.738144,4.151550,0.000000,0.000000,-26.616070,1.605427,26.559830,2.526960,266.453500,3.269590,104.047200,98.172010,0.300000,1000.000000,0.900730,2468,2740,50.000000,off
1765874990851,2025-12-16 16:49:50.851,720.384800,5.816833,23,15,2,0.009714,-0.000751,-0.037681,-0.109909,0.256668,0.960220,-26.579840,1.606938,26.572350,-0.959734,0.207755,-0.189026,0.000000,0.000000,0.000000,0.000000,0,0,3.403183,4.101105,0.000000,0.000000,-26.616740,1.605504,26.560070,2.533344,266.107500,3.056612,104.047200,98.172010,0.300000,1000.000000,0.900730,2468,2740,50.000000,off
1765874990862,2025-12-16 16:49:50.862,720.395900,5.828003,23,15,2,0.015384,-0.000299,-0.038024,-0.110855,0.250382,0.961762,-26.580620,1.607729,26.578460,-0.959842,0.201756,-0.194841,0.000000,0.000000,0.000000,0.000000,0,0,3.619080,4.040787,0.000000,0.000000,-26.617340,1.605579,26.560310,2.535804,265.751200,2.855725,104.047200,98.172010,0.300000,1000.000000,0.900730,2468,2740,50.000000,off
1765874990873,2025-12-16 16:49:50.873,720.407000,5.839111,23,15,2,0.015384,-0.000299,-0.038024,-0.110855,0.250382,0.961762,-26.581200,1.607726,26.578920,-0.958800,0.202292,-0.199364,0.000000,0.000000,0.000000,0.000000,0,0,3.619080,4.040787,0.000000,0.000000,-26.617820,1.605633,26.560560,2.528807,265.431400,2.661016,104.047200,98.172010,0.300000,1000.000000,0.900730,2468,2740,50.000000,off
1765874990884,2025-12-16 16:49:50.884,720.418200,5.850220,23,15,2,0.015832,-0.000321,-0.037822,-0.097412,0.253067,0.962524,-26.582040,1.607733,26.579870,-0.959725,0.206011,-0.190978,0.000000,0.000000,0.000000,0.000000,0,0,3.607071,4.048859,0.000000,0.000000,-26.618310,1.605704,26.560870,2.522331,265.098700,2.481996,104.047200,98.172010,0.300000,1000.000000,0.900730,2468,2740,50.000000,off
1765874990896,2025-12-16 16:49:50.896,720.429500,5.861572,23,15,2,0.007882,-0.000777,-0.037662,-0.076294,0.245087,0.966492,-26.581860,1.606925,26.572480,-0.964172,0.200064,-0.174186,0.000000,0.000000,0.000000,0.000000,0,0,3.452728,4.045624,0.000000,0.000000,-26.618640,1.605764,26.561200,2.461648,264.803800,2.318916,104.047200,98.172010,0.300000,1000.000000,0.900730,2468,2740,50.000000,off
1765874990907,2025-12-16 16:49:50.907,720.440400,5.872437,23,15,2,0.010720,-0.000575,-0.037861,-0.036133,0.273895,0.961075,-26.582210,1.607312,26.575820,-0.962623,0.232530,-0.138835,0.000000,0.000000,0.000000,0.000000,0,0,3.635406,4.008514,0.000000,0.000000,-26.618850,1.605926,26.561530,2.360998,264.524300,2.142070,104.047200,98.172010,0.300000,1000.000000,0.900730,2468,2740,50.000000,off
1765874990918,2025-12-16 16:49:50.918,720.451400,5.883484,23,15,2,0.010720,-0.000575,-0.037861,-0.036133,0.273895,0.961075,-26.582430,1.607447,26.576420,-0.961250,0.236322,-0.141915,0.000000,0.000000,0.000000,0.000000,0,0,3.635406,4.008514,0.000000,0.000000,-26.619010,1.606235,26.561970,2.145339,264.287700,1.971251,104.047200,98.172010,0.300000,1000.000000,0.900730,2468,2740,50.000000,off
1765874990930,2025-12-16 16:49:50.930,720.463400,5.895508,23,15,2,0.015832,-0.000321,-0.037822,-0.097412,0.253067,0.962524,-26.583220,1.608049,26.582140,-0.954140,0.218275,-0.204836,0.000000,0.000000,0.000000,0.000000,0,0,3.607071,4.048859,0.000000,0.000000,-26.619180,1.606638,26.562490,1.874817,264.076500,1.790992,104.047200,98.172010,0.300000,1000.000000,0.900730,2468,2740,50.000000,off
1765874990940,2025-12-16 16:49:50.940,720.473600,5.905701,23,15,2,0.007882,-0.000777,-0.037662,-0.076294,0.245087,0.966492,-26.582730,1.607628,26.574880,-0.958301,0.216317,-0.186711,0.000000,0.000000,0.000000,0.000000,0,0,3.452728,4.045624,0.000000,0.000000,-26.619330,1.607152,26.562990,1.567208,263.861500,1.613979,104.047200,98.172010,0.300000,1000.000000,0.900730,2468,2740,50.000000,off
1765874990951,2025-12-16 16:49:50.951,720.484700,5.916748,23,15,2,0.007882,-0.000777,-0.037662,-0.076294,0.245087,0.966492,-26.582750,1.607878,26.575700,-0.956518,0.222291,-0.188823,0.000000,0.000000,0.000000,0.000000,0,0,3.452728,4.045624,0.000000,0.000000,-26.619320,1.607647,26.563710,1.228423,263.687300,1.457829,104.047200,98.172010,0.300000,1000.000000,0.900730,2468,2740,50.000000,off
1765874990962,2025-12-16 16:49:50.962,720.495800,5.927917,23,15,2,0.014421,-0.000373,-0.037925,-0.042419,0.267365,0.962647,-26.583140,1.608593,26.583050,-0.955274,0.250377,-0.157274,0.000000,0.000000,0.000000,0.000000,0,0,3.716949,3.987671,0.000000,0.000000,-26.619190,1.608012,26.564430,0.947779,263.519700,1.295754,104.047200,98.172010,0.300000,1000.000000,0.900730,2468,2740,50.000000,off
1765874990974,2025-12-16 16:49:50.974,720.507000,5.939087,23,15,2,0.014211,-0.000403,-0.037919,-0.029709,0.291824,0.956009,-26.582980,1.608642,26.583790,-0.949060,0.279188,-0.146071,0.000000,0.000000,0.000000,0.000000,0,0,3.788818,4.021759,0.000000,0.000000,-26.619010,1.608282,26.565300,0.716178,263.376700,1.163960,104.047200,98.172010,0.300000,1000.000000,0.900730,2468,2740,50.000000,off
1765874990985,2025-12-16 16:49:50.985,720.518100,5.950195,23,15,2,0.006503,-0.000723,-0.037957,-0.010040,0.279129,0.960190,-26.581750,1.608243,26.577120,-0.954415,0.269469,-0.128282,0.000000,0.000000,0.000000,0.000000,0,0,3.707642,3.966660,0.000000,0.000000,-26.618680,1.608477,26.566180,0.562338,263.238200,1.021626,104.047200,98.172010,0.300000,1000.000000,0.900730,2468,2740,50.000000,off
1765874990996,2025-12-16 16:49:50.996,720.529300,5.961365,23,15,2,0.006503,-0.000723,-0.037957,-0.010040,0.279129,0.960190,-26.580790,1.607829,26.578120,-0.953935,0.270521,-0.129636,0.000000,0.000000,0.000000,0.000000,0,0,3.707642,3.966660,0.000000,0.000000,-26.617700,1.608116,26.567100,0.501415,263.122700,0.910820,104.047200,98.172010,0.300000,1000.000000,0.900730,2468,2740,50.000000,off
1765874991007,2025-12-16 16:49:51.007,720.540400,5.972473,23,15,2,0.007815,-0.000332,-0.038373,0.036102,0.265961,0.963303,-26.580040,1.608288,26.580770,-0.962451,0.257917,-0.084607,0.000000,0.000000,0.000000,0.000000,0,0,3.628693,3.937241,0.000000,0.000000,-26.617190,1.608174,26.568370,0.505720,263.050700,0.783413,104.047200,98.172010,0.300000,1000.000000,0.900730,2468,2740,50.000000,off
1765874991018,2025-12-16 16:49:51.018,720.551300,5.983398,23,15,2,-0.025421,-0.002314,-0.037622,0.261032,0.280075,0.923798,-26.576240,1.605992,26.549010,-0.950864,0.274516,0.143112,0.000000,0.000000,0.000000,0.000000,0,0,3.904495,4.142578,0.000000,0.000000,-26.616690,1.608251,26.569640,0.529001,263.008100,0.658562,104.047200,98.172010,0.300000,1000.000000,0.900730,2468,2740,50.000000,off
1765874991029,2025-12-16 16:49:51.029,720.562400,5.994507,23,15,2,-0.025421,-0.002314,-0.037622,0.261032,0.280075,0.923798,-26.575680,1.606123,26.550400,-0.951161,0.272971,0.144088,0.000000,0.000000,0.000000,0.000000,0,0,3.904495,4.142578,0.000000,0.000000,-26.616130,1.608283,26.571040,0.586915,263.029000,0.523578,104.047200,98.172010,0.300000,1000.000000,0.900730,2468,2740,50.000000,off
1765874991040,2025-12-16 16:49:51.040,720.573700,6.005737,23,15,2,0.006503,-0.000723,-0.037957,-0.010040,0.279129,0.960190,-26.578600,1.608085,26.583520,-0.954751,0.268246,-0.128347,0.000000,0.000000,0.000000,0.000000,0,0,3.707642,3.966660,0.000000,0.000000,-26.615490,1.608338,26.572470,0.644052,263.050800,0.379404,104.047200,98.172010,0.300000,1000.000000,0.900730,2468,2740,50.000000,off
1765874991052,2025-12-16 16:49:51.052,720.584800,6.016846,23,15,2,0.007815,-0.000332,-0.038373,0.036102,0.265961,0.963303,-26.577700,1.608566,26.586380,-0.963820,0.253913,-0.081060,0.000000,0.000000,0.000000,0.000000,0,0,3.628693,3.937241,0.000000,0.000000,-26.614860,1.608379,26.574030,0.724598,263.122500,0.250917,104.047200,98.172010,0.300000,1000.000000,0.900730,2468,2740,50.000000,off
1765874991063,2025-12-16 16:49:51.063,720.595800,6.027893,23,15,2,-0.026860,-0.002598,-0.037233,0.275284,0.299316,0.913574,-26.574080,1.606345,26.553320,-0.943729,0.287022,0.164264,0.000000,0.000000,0.000000,0.000000,0,0,4.005600,4.187012,0.000000,0.000000,-26.614260,1.608475,26.575580,0.804696,263.211400,0.117838,104.047200,98.172010,0.300000,1000.000000,0.900730,2468,2740,50.000000,off
1765874991074,2025-12-16 16:49:51.074,720.606900,6.038940,23,15,2,-0.026860,-0.002598,-0.037233,0.275284,0.299316,0.913574,-26.573410,1.606441,26.554940,-0.944025,0.284615,0.166734,0.000000,0.000000,0.000000,0.000000,0,0,4.005600,4.187012,0.000000,0.000000,-26.613550,1.608443,26.577290,0.922091,263.330800,0.008141,104.047200,98.172010,0.300000,1000.000000,0.900730,2468,2740,50.000000,off
1765874991085,2025-12-16 16:49:51.085,720.618000,6.050110,23,15,2,-0.014844,-0.002680,-0.035742,0.246048,0.335907,0.909180,-26.575520,1.606362,26.568320,-0.937219,0.318838,0.141221,0.000000,0.000000,0.000000,0.000000,0,0,4.019073,4.279861,0.000000,0.000000,-26.612760,1.608366,26.579010,1.049717,263.492200,359.917100,104.047200,98.172010,0.300000,1000.000000,0.900730,2468,2740,50.000000,off
1765874991096,2025-12-16 16:49:51.096,720.629200,6.061279,23,15,2,0.006516,-0.001288,-0.036817,0.218506,0.328857,0.918747,-26.576040,1.607660,26.591330,-0.943876,0.309391,0.115596,0.000000,0.000000,0.000000,0.000000,0,0,3.983627,4.261475,0.000000,0.000000,-26.611930,1.608213,26.580780,1.172104,263.641900,359.841800,104.047200,98.172010,0.300000,1000.000000,0.900730,2468,2740,50.000000,off
1765874991106,2025-12-16 16:49:51.106,720.640200,6.072266,23,15,2,0.006516,-0.001288,-0.036817,0.218506,0.328857,0.918747,-26.574930,1.607503,26.592960,-0.944293,0.306924,0.118727,0.000000,0.000000,0.000000,0.000000,0,0,3.983627,4.261475,0.000000,0.000000,-26.610850,1.607972,26.582520,1.311722,263.817800,359.786800,104.047200,98.172010,0.300000,1000.000000,0.900730,2468,2740,50.000000,off
1765874991117,2025-12-16 16:49:51.117,720.651300,6.083374,23,15,2,0.022720,0.000080,-0.038486,0.151062,0.333084,0.930710,-26.574000,1.608695,26.610990,-0.949690,0.308595,0.053328,0.000000,0.000000,0.000000,0.000000,0,0,4.088531,4.381104,0.000000,0.000000,-26.609880,1.607733,26.584370,1.460362,263.987300,359.750200,104.047200,98.172010,0.300000,1000.000000,0.900730,2468,2740,50.000000,off
1765874991129,2025-12-16 16:49:51.129,720.662500,6.094543,23,15,2,-0.006420,-0.002099,-0.036332,0.253143,0.342163,0.904892,-26.571940,1.606406,26.583580,-0.935279,0.315217,0.160869,0.000000,0.000000,0.000000,0.000000,0,0,4.037888,4.446533,0.000000,0.000000,-26.608780,1.607448,26.586290,1.613591,264.176800,359.699900,104.047200,98.172010,0.300000,1000.000000,0.900730,2468,2740,50.000000,off
1765874991140,2025-12-16 16:49:51.140,720.673600,6.105652,23,15,2,0.006516,-0.001288,-0.036817,0.218506,0.328857,0.918747,-26.571590,1.606935,26.598270,-0.945653,0.298691,0.128504,0.000000,0.000000,0.000000,0.000000,0,0,3.983627,4.261475,0.000000,0.000000,-26.607610,1.607112,26.588190,1.789174,264.380700,359.654900,104.047200,98.172010,0.300000,1000.000000,0.900730,2468,2740,50.000000,off
1765874991151,2025-12-16 16:49:51.151,720.684700,6.116760,23,15,2,0.006516,-0.001288,-0.036817,0.218506,0.328857,0.918747,-26.570350,1.606579,26.600070,-0.946013,0.295946,0.132148,0.000000,0.000000,0.000000,0.000000,0,0,3.983627,4.261475,0.000000,0.000000,-26.606410,1.606665,26.590120,1.943201,264.584000,359.590700,104.047200,98.172010,0.300000,1000.000000,0.900730,2468,2740,50.000000,off
1765874991162,2025-12-16 16:49:51.162,720.695700,6.127808,23,15,2,0.022720,0.000080,-0.038486,0.151062,0.333084,0.930710,-26.568840,1.607475,26.618140,-0.952339,0.297319,0.068106,0.000000,0.000000,0.000000,0.000000,0,0,4.088531,4.381104,0.000000,0.000000,-26.605100,1.606177,26.592040,2.106930,264.811600,359.502600,104.047200,98.172010,0.300000,1000.000000,0.900730,2468,2740,50.000000,off
1765874991174,2025-12-16 16:49:51.174,720.706900,6.138977,23,15,2,-0.006008,-0.001605,-0.037560,0.218170,0.306076,0.926666,-26.565930,1.605771,26.591210,-0.953671,0.266780,0.139035,0.000000,0.000000,0.000000,0.000000,0,0,4.002136,4.149704,0.000000,0.000000,-26.603900,1.605821,26.593950,2.279780,265.024900,359.427900,104.047200,98.172010,0.300000,1000.000000,0.900730,2468,2740,50.000000,off
1765874991185,2025-12-16 16:49:51.185,720.718000,6.150085,23,15,2,-0.006008,-0.001605,-0.037560,0.218170,0.306076,0.926666,-26.564500,1.605456,26.593040,-0.953990,0.263589,0.142883,0.000000,0.000000,0.000000,0.000000,0,0,4.002136,4.149704,0.000000,0.000000,-26.602470,1.605381,26.595930,2.456311,265.235600,359.350400,104.047200,98.172010,0.300000,1000.000000,0.900730,2468,2740,50.000000,off
1765874991196,2025-12-16 16:49:51.196,720.729100,6.161133,23,15,2,-0.005967,-0.001544,-0.037734,0.222443,0.304321,0.926224,-26.562860,1.605146,26.594960,-0.954078,0.258780,0.150834,0.000000,0.000000,0.000000,0.000000,0,0,3.968597,4.134933,0.000000,0.000000,-26.600980,1.604885,26.597920,2.625801,265.439700,359.286800,104.047200,98.172010,0.300000,1000.000000,0.900730,2468,2740,50.000000,off
1765874991207,2025-12-16 16:49:51.207,720.740200,6.172241,23,15,2,0.004210,-0.000949,-0.037995,0.194275,0.302338,0.933182,-26.561940,1.605330,26.607030,-0.958946,0.253993,0.126057,0.000000,0.000000,0.000000,0.000000,0,0,4.095978,4.012466,0.000000,0.000000,-26.599510,1.604488,26.599960,2.785873,265.656900,359.230900,104.047200,98.172010,0.300000,1000.000000,0.900730,2468,2740,50.000000,off
1765874991218,2025-12-16 16:49:51.218,720.751300,6.183350,23,15,2,-0.002316,-0.001425,-0.037255,0.177856,0.294128,0.939056,-26.560610,1.604643,26.602390,-0.963432,0.242849,0.113113,0.000000,0.000000,0.000000,0.000000,0,0,3.912613,3.993118,0.000000,0.000000,-26.597960,1.604115,26.602040,2.952926,265.885200,359.198600,104.047200,98.172010,0.300000,1000.000000,0.900730,2468,2740,50.000000,off
1765874991229,2025-12-16 16:49:51.229,720.762400,6.194458,23,15,2,-0.002316,-0.001425,-0.037255,0.177856,0.294128,0.939056,-26.559090,1.604440,26.604370,-0.963680,0.239829,0.117362,0.000000,0.000000,0.000000,0.000000,0,0,3.912613,3.993118,0.000000,0.000000,-26.596440,1.603793,26.604190,3.134086,266.140400,359.196800,104.047200,98.172010,0.300000,1000.000000,0.900730,2468,2740,50.000000,off
1765874991240,2025-12-16 16:49:51.240,720.773500,6.205566,23,15,2,-0.005967,-0.001544,-0.037734,0.222443,0.304321,0.926224,-26.556850,1.604196,26.602750,-0.954449,0.246965,0.167386,0.000000,0.000000,0.000000,0.000000,0,0,3.968597,4.134933,0.000000,0.000000,-26.594910,1.603465,26.606370,3.325454,266.420400,359.203600,104.047200,98.172010,0.300000,1000.000000,0.900730,2468,2740,50.000000,off
1765874991251,2025-12-16 16:49:51.252,720.784600,6.216675,23,15,2,0.004210,-0.000949,-0.037995,0.194275,0.302338,0.933182,-26.555650,1.604443,26.615000,-0.959721,0.241573,0.143379,0.000000,0.000000,0.000000,0.000000,0,0,4.095978,4.012466,0.000000,0.000000,-26.593330,1.603101,26.608620,3.538178,266.707200,359.240000,104.047200,98.172010,0.300000,1000.000000,0.900730,2468,2740,50.000000,off
1765874991263,2025-12-16 16:49:51.263,720.795700,6.227783,23,15,2,0.004210,-0.000949,-0.037995,0.194275,0.302338,0.933182,-26.553910,1.604309,26.617040,-0.959973,0.237716,0.148064,0.000000,0.000000,0.000000,0.000000,0,0,4.095978,4.012466,0.000000,0.000000,-26.591620,1.602802,26.610870,3.781723,267.006700,359.292900,104.047200,98.172010,0.300000,1000.000000,0.900730,2468,2740,50.000000,off
1765874991274,2025-12-16 16:49:51.274,720.806800,6.238892,23,15,2,-0.014442,-0.001858,-0.037688,0.206604,0.289795,0.934509,-26.551620,1.603431,26.600560,-0.961163,0.221503,0.164551,0.000000,0.000000,0.000000,0.000000,0,0,3.839188,4.068039,0.000000,0.000000,-26.589970,1.602494,26.613220,4.010308,267.296700,359.385500,104.047200,98.172010,0.300000,1000.000000,0.900730,2468,2740,50.000000,off
1765874991285,2025-12-16 16:49:51.285,720.817900,6.250000,23,15,2,-0.021735,-0.002374,-0.037425,0.277847,0.289124,0.916061,-26.550000,1.602875,26.595420,-0.945751,0.218304,0.240537,0.000000,0.000000,0.000000,0.000000,0,0,3.947586,3.906555,0.000000,0.000000,-26.588370,1.602289,26.615570,4.228091,267.569500,359.486700,104.047200,98.172010,0.300000,1000.000000,0.900730,2468,2740,50.000000,off
1765874991296,2025-12-16 16:49:51.296,720.829000,6.261047,23,15,2,-0.027015,-0.004777,-0.032354,0.499878,0.417664,0.758713,-26.553070,1.600009,26.592170,-0.806738,0.354535,0.472700,0.000000,0.000000,0.000000,0.000000,0,0,3.937454,4.873489,0.000000,0.000000,-26.586680,1.602094,26.617970,4.423512,267.846600,359.614100,104.047200,98.172010,0.300000,1000.000000,0.900730,2468,2740,50.000000,off
1765874991306,2025-12-16 16:49:51.306,720.840300,6.272339,23,15,2,-0.027015,-0.004777,-0.032354,0.499878,0.417664,0.758713,-26.551620,1.599926,26.594420,-0.805661,0.353129,0.475580,0.000000,0.000000,0.000000,0.000000,0,0,3.937454,4.873489,0.000000,0.000000,-26.585120,1.601968,26.620370,4.605526,268.119000,359.740000,104.047200,98.172010,0.300000,1000.000000,0.900730,2468,2740,50.000000,off
1765874991317,2025-12-16 16:49:51.317,720.851300,6.283325,23,15,2,-0.004050,-0.003468,-0.033562,0.624985,0.258759,0.736496,-26.549600,1.601178,26.619720,-0.772408,0.195341,0.604331,-32.042150,2.990239,30.917090,7.110904,Target28,Target,3.933456,5.286758,0.000000,0.000000,-26.583430,1.601842,26.622840,4.755822,268.405400,359.865400,104.047200,98.172010,0.300000,1000.000000,0.900730,2468,2740,50.000000,off
1765874991329,2025-12-16 16:49:51.329,720.862400,6.294495,23,15,2,0.028444,0.000428,-0.040095,0.489822,0.162430,0.856552,-26.542580,1.605534,26.654630,-0.878208,0.088376,0.470033,-34.419730,2.398232,30.870620,8.969531,Target28,Target,4.109146,-1.000000,0.000000,0.000000,-26.581830,1.601702,26.625280,4.898652,268.694000,359.962900,104.047200,98.172010,0.300000,1000.000000,0.900730,2468,2740,50.000000,off
1765874991340,2025-12-16 16:49:51.340,720.873400,6.305481,23,15,2,0.028713,-0.001403,-0.034357,0.533844,0.273178,0.800232,-26.546300,1.603233,26.657070,-0.830036,0.202806,0.519516,-33.312890,3.256541,30.892250,8.152115,Target28,Target,4.285980,-1.000000,0.000000,0.000000,-26.580150,1.601617,26.627770,4.998224,269.019400,0.041667,104.047200,98.172010,0.300000,1000.000000,0.900730,2468,2740,50.000000,off
1765874991351,2025-12-16 16:49:51.351,720.884600,6.316650,23,15,2,0.028713,-0.001403,-0.034357,0.533844,0.273178,0.800232,-26.544430,1.603191,26.659440,-0.827373,0.202003,0.524057,-33.229690,3.235401,30.893880,8.080061,Target28,Target,4.285980,-1.000000,0.000000,0.000000,-26.578440,1.601502,26.630330,5.082474,269.348100,0.085313,104.047200,98.172010,0.300000,1000.000000,0.900730,2468,2740,50.000000,off
1765874991362,2025-12-16 16:49:51.362,720.895700,6.327759,23,15,2,-0.004050,-0.003468,-0.033562,0.624985,0.258759,0.736496,-26.542960,1.600958,26.628990,-0.760215,0.193195,0.620272,-31.804210,2.938008,30.921730,6.920702,Target28,Target,3.933456,5.286758,0.000000,0.000000,-26.576720,1.601419,26.632850,5.132438,269.686800,0.125151,104.047200,98.172010,0.300000,1000.000000,0.900730,2468,2740,50.000000,off
1765874991374,2025-12-16 16:49:51.374,720.906700,6.338806,23,15,2,0.028444,0.000428,-0.040095,0.489822,0.162430,0.856552,-26.535090,1.605399,26.663840,-0.867432,0.086182,0.490026,-33.996480,2.346714,30.878890,8.601661,Target28,Target,4.109146,-1.000000,0.000000,0.000000,-26.574990,1.601303,26.635430,5.147647,270.041300,0.148014,104.047200,98.172010,0.300000,1000.000000,0.900730,2468,2740,50.000000,off
1765874991385,2025-12-16 16:49:51.385,720.917800,6.349915,23,15,2,0.028444,0.000428,-0.040095,0.489822,0.162430,0.856552,-26.533200,1.605293,26.666250,-0.864554,0.086575,0.495018,-33.894120,2.342402,30.880900,8.514084,Target28,Target,4.109146,-1.000000,0.000000,0.000000,-26.573270,1.601195,26.638070,5.134360,270.375800,0.170495,104.047200,98.172010,0.300000,1000.000000,0.900730,2468,2740,50.000000,off
1765874991396,2025-12-16 16:49:51.396,720.929300,6.361328,23,15,2,0.007955,-0.003086,-0.032599,0.600540,0.319458,0.732987,-26.538750,1.600908,26.648120,-0.751231,0.254478,0.608986,-31.810420,3.386677,30.921610,7.017281,Target28,Target,4.503830,5.312668,0.000000,0.000000,-26.571590,1.601041,26.640570,5.132770,270.717300,0.179926,104.047200,98.172010,0.300000,1000.000000,0.900730,2468,2740,50.000000,off
1765874991407,2025-12-16 16:49:51.407,720.940400,6.372437,23,15,2,0.028791,-0.000736,-0.036013,0.478165,0.281998,0.831757,-26.533410,1.603378,26.671320,-0.844960,0.208237,0.492609,-33.758530,3.383983,30.883540,8.550776,Target28,Target,4.178574,-1.000000,0.000000,0.000000,-26.569850,1.600794,26.643190,5.124599,271.041000,0.200006,104.047200,98.172010,0.300000,1000.000000,0.900730,2468,2740,50.000000,off
1765874991418,2025-12-16 16:49:51.418,720.951500,6.383545,23,15,2,0.025072,0.000425,-0.039919,0.398819,0.241577,0.884628,-26.527830,1.604623,26.669900,-0.893107,0.162965,0.419269,-35.433800,3.229691,30.850810,9.971824,Target28,Target,3.827423,5.606110,0.000000,0.000000,-26.568120,1.600527,26.645780,5.136688,271.365600,0.225325,104.047200,98.172010,0.300000,1000.000000,0.900730,2468,2740,50.000000,off
1765874991429,2025-12-16 16:49:51.429,720.962500,6.394592,23,15,2,0.025072,0.000425,-0.039919,0.398819,0.241577,0.884628,-26.525940,1.604294,26.672300,-0.891038,0.162349,0.423884,-35.314410,3.205570,30.853140,9.863100,Target28,Target,3.827423,5.606110,0.000000,0.000000,-26.566360,1.600158,26.648390,5.183521,271.666500,0.242996,104.047200,98.172010,0.300000,1000.000000,0.900730,2468,2740,50.000000,off
1765874991440,2025-12-16 16:49:51.440,720.973600,6.405640,23,15,2,0.013228,-0.001662,-0.035678,0.480743,0.277268,0.831863,-26.528570,1.601529,26.662910,-0.836924,0.202149,0.508608,-33.482570,3.281189,30.888940,8.308954,Target28,Target,3.919556,5.470520,0.000000,0.000000,-26.564680,1.599859,26.650910,5.250798,271.974000,0.260513,104.047200,98.172010,0.300000,1000.000000,0.900730,2468,2740,50.000000,off
1765874991451,2025-12-16 16:49:51.451,720.984700,6.416748,23,15,2,0.028995,-0.000419,-0.036531,0.396042,0.285782,0.872620,-26.525390,1.602583,26.681040,-0.879334,0.205263,0.429679,-35.073200,3.597898,30.857850,9.720705,Target28,Target,4.119263,-1.000000,0.000000,0.000000,-26.562900,1.599461,26.653500,5.338834,272.261400,0.278600,104.047200,98.172010,0.300000,1000.000000,0.900730,2468,2740,50.000000,off
1765874991462,2025-12-16 16:49:51.462,720.995700,6.427795,23,15,2,0.028995,-0.000419,-0.036531,0.396042,0.285782,0.872620,-26.523410,1.602271,26.683410,-0.877412,0.204218,0.434084,-34.965460,3.567161,30.859960,9.621455,Target28,Target,4.119263,-1.000000,0.000000,0.000000,-26.561060,1.599089,26.656060,5.415011,272.554900,0.299922,104.047200,98.172010,0.300000,1000.000000,0.900730,2468,2740,50.000000,off
1765874991473,2025-12-16 16:49:51.473,721.006900,6.438965,23,15,2,0.025072,0.000425,-0.039919,0.398819,0.241577,0.884628,-26.518440,1.603077,26.681700,-0.882881,0.158397,0.442057,-34.867130,3.100906,30.861880,9.456114,Target28,Target,3.827423,5.606110,0.000000,0.000000,-26.559320,1.598721,26.658640,5.461936,272.855700,0.306326,104.047200,98.172010,0.300000,1000.000000,0.900730,2468,2740,50.000000,off
1765874991484,2025-12-16 16:49:51.484,721.018000,6.450073,23,15,2,0.013228,-0.001662,-0.035678,0.480743,0.277268,0.831863,-26.521210,1.600273,26.672480,-0.827246,0.198689,0.525525,-33.168140,3.196739,30.895080,8.034968,Target28,Target,3.919556,5.470520,0.000000,0.000000,-26.557550,1.598431,26.661230,5.509760,273.152000,0.308654,104.047200,98.172010,0.300000,1000.000000,0.900730,2468,2740,50.000000,off
1765874991496,2025-12-16 16:49:51.496,721.029100,6.461182,23,15,2,0.028029,-0.000231,-0.037467,0.376755,0.266312,0.887192,-26.516990,1.601800,26.689490,-0.884810,0.181248,0.429226,-35.108280,3.361675,30.857170,9.709627,Target28,Target,3.911453,4.809113,0.000000,0.000000,-26.555910,1.598255,26.663750,5.551610,273.442900,0.308428,104.047200,98.172010,0.300000,1000.000000,0.900730,2468,2740,50.000000,off
1765874991507,2025-12-16 16:49:51.507,721.040200,6.472290,23,15,2,0.028029,-0.000231,-0.037467,0.376755,0.266312,0.887192,-26.515130,1.601530,26.691870,-0.882754,0.180447,0.433773,-34.996220,3.335180,30.859360,9.607416,Target28,Target,3.911453,4.809113,0.000000,0.000000,-26.554170,1.597962,26.666330,5.596204,273.732700,0.294048,104.047200,98.172010,0.300000,1000.000000,0.900730,2468,2740,50.000000,off
1765874991518,2025-12-16 16:49:51.518,721.051300,6.483398,23,15,2,0.025529,-0.000364,-0.037599,0.359543,0.288879,0.887268,-26.513220,1.601140,26.691680,-0.884099,0.202149,0.421274,-35.249280,3.598630,30.854410,9.881138,Target28,Target,4.018494,5.291199,0.000000,0.000000,-26.552370,1.597684,26.668850,5.634535,274.030000,0.285489,104.047200,98.172010,0.300000,1000.000000,0.900730,2468,2740,50.000000,off
1765874991529,2025-12-16 16:49:51.529,721.062400,6.494507,23,15,2,0.017602,-0.001095,-0.036367,0.374481,0.302368,0.876541,-26.513080,1.599972,26.686240,-0.871816,0.215625,0.439806,-34.793210,3.647884,30.863330,9.497499,Target28,Target,3.861313,4.935196,0.000000,0.000000,-26.550590,1.597371,26.671410,5.694477,274.307900,0.265393,104.047200,98.172010,0.300000,1000.000000,0.900730,2468,2740,50.000000,off
1765874991540,2025-12-16 16:49:51.540,721.073500,6.505554,23,15,2,0.017602,-0.001095,-0.036367,0.374481,0.302368,0.876541,-26.511370,1.599749,26.688520,-0.869899,0.214256,0.444250,-34.690120,3.614176,30.865340,9.401899,Target28,Target,3.861313,4.935196,0.000000,0.000000,-26.548950,1.597117,26.673870,5.764440,274.584700,0.224193,104.047200,98.172010,0.300000,1000.000000,0.900730,2468,2740,50.000000,off
1765874991551,2025-12-16 16:49:51.551,721.084800,6.516907,23,15,2,-0.019891,-0.003033,-0.035520,0.415085,0.346085,0.841370,-26.513350,1.597320,26.653570,-0.833960,0.260403,0.486491,0.000000,0.000000,0.000000,0.000000,0,0,3.889572,4.124084,0.000000,0.000000,-26.547180,1.596803,26.676410,5.815910,274.869500,0.188706,104.047200,98.172010,0.300000,1000.000000,0.900730,2468,2740,50.000000,off
1765874991562,2025-12-16 16:49:51.562,721.095600,6.527649,23,15,2,-0.019227,-0.001811,-0.038434,0.325806,0.315002,0.891403,-26.508950,1.598633,26.656260,-0.886024,0.222951,0.406485,0.000000,0.000000,0.000000,0.000000,0,0,3.824295,3.846527,0.000000,0.000000,-26.545480,1.596550,26.678870,5.870434,275.166100,0.136680,104.047200,98.172010,0.300000,1000.000000,0.900730,2468,2740,50.000000,off
1765874991573,2025-12-16 16:49:51.573,721.106800,6.538818,23,15,2,0.017602,-0.001095,-0.036367,0.374481,0.302368,0.876541,-26.505920,1.598941,26.695460,-0.863372,0.210954,0.458339,-34.372400,3.521012,30.871550,9.111281,Target28,Target,3.861313,4.935196,0.000000,0.000000,-26.543720,1.596260,26.681390,5.913549,275.462300,0.077345,104.047200,98.172010,0.300000,1000.000000,0.900730,2468,2740,50.000000,off
1765874991585,2025-12-16 16:49:51.585,721.118000,6.550049,23,15,2,0.017602,-0.001095,-0.036367,0.374481,0.302368,0.876541,-26.504190,1.598749,26.697760,-0.861056,0.209650,0.463268,-34.265710,3.488524,30.873630,9.013898,Target28,Target,3.861313,4.935196,0.000000,0.000000,-26.542060,1.596056,26.683890,5.966034,275.763300,0.004014,104.047200,98.172010,0.300000,1000.000000,0.900730,2468,2740,50.000000,off
1765874991596,2025-12-16 16:49:51.596,721.129200,6.561218,23,15,2,-0.019891,-0.003033,-0.035520,0.415085,0.346085,0.841370,-26.506940,1.596504,26.662910,-0.823824,0.255404,0.506019,-33.390050,3.730425,30.890750,8.354968,Target28,Target,3.889572,4.124084,0.000000,0.000000,-26.540260,1.595769,26.686480,6.013261,276.099600,359.911800,104.047200,98.172010,0.300000,1000.000000,0.900730,2468,2740,50.000000,off
1765874991607,2025-12-16 16:49:51.607,721.140300,6.572388,23,15,2,-0.014671,-0.001355,-0.039110,0.318131,0.301361,0.898865,-26.501160,1.598243,26.670240,-0.883537,0.203614,0.421767,-35.265690,3.618059,30.854090,9.919734,Target28,Target,3.949448,3.747086,0.000000,0.000000,-26.538280,1.595407,26.689230,6.057364,276.484900,359.780800,104.047200,98.172010,0.300000,1000.000000,0.900730,2468,2740,50.000000,off
1765874991618,2025-12-16 16:49:51.618,721.151300,6.583374,23,15,2,-0.014671,-0.001355,-0.039110,0.318131,0.301361,0.898865,-26.499670,1.598266,26.672490,-0.880196,0.202182,0.429372,-35.079250,3.569004,30.857740,9.747274,Target28,Target,3.949448,3.747086,0.000000,0.000000,-26.536630,1.595367,26.691770,6.096836,276.930200,359.637500,104.047200,98.172010,0.300000,1000.000000,0.900730,2468,2740,50.000000,off
1765874991629,2025-12-16 16:49:51.629,721.162400,6.594482,23,15,2,-0.031537,-0.002015,-0.039393,0.310669,0.288757,0.905579,-26.499780,1.597611,26.658240,-0.882913,0.188102,0.430175,-35.117520,3.433594,30.856990,9.760418,Target28,Target,4.001907,3.661957,0.000000,0.000000,-26.534760,1.595148,26.694580,6.101654,277.378300,359.489600,104.047200,98.172010,0.300000,1000.000000,0.900730,2468,2740,50.000000,off
1765874991640,2025-12-16 16:49:51.640,721.173500,6.605591,23,15,2,0.022695,0.000829,-0.040327,0.196472,0.347092,0.917007,-26.490150,1.599888,26.714370,-0.911985,0.246033,0.328220,0.000000,0.000000,0.000000,0.000000,0,0,3.847275,3.716721,0.000000,0.000000,-26.532920,1.595067,26.697350,6.061475,277.856400,359.336200,104.047200,98.172010,0.300000,1000.000000,0.900730,2468,2740,50.000000,off
1765874991651,2025-12-16 16:49:51.651,721.184400,6.616516,23,15,2,0.014721,0.000482,-0.040275,0.199951,0.336395,0.920242,-26.489300,1.599350,26.708940,-0.910574,0.235179,0.339902,0.000000,0.000000,0.000000,0.000000,0,0,3.763733,3.675964,0.000000,0.000000,-26.531030,1.594849,26.700160,6.022350,278.315800,359.199400,104.047200,98.172010,0.300000,1000.000000,0.900730,2468,2740,50.000000,off
1765874991662,2025-12-16 16:49:51.662,721.195600,6.627625,23,15,2,0.014721,0.000482,-0.040275,0.199951,0.336395,0.920242,-26.487230,1.598971,26.711480,-0.907566,0.235305,0.347770,0.000000,0.000000,0.000000,0.000000,0,0,3.763733,3.675964,0.000000,0.000000,-26.529040,1.594534,26.703020,5.983814,278.761500,359.055300,104.047200,98.172010,0.300000,1000.000000,0.900730,2468,2740,50.000000,off
1765874991674,2025-12-16 16:49:51.674,721.206700,6.638733,23,15,2,-0.028605,-0.001403,-0.040610,0.243286,0.283493,0.927582,-26.491710,1.597602,26.671070,-0.899694,0.181119,0.397128,-35.938570,3.499362,30.840940,10.499890,Target28,Target,3.632462,3.545197,0.000000,0.000000,-26.527110,1.594247,26.705790,5.954446,279.174600,358.918000,104.047200,98.172010,0.300000,1000.000000,0.900730,2468,2740,50.000000,off
1765874991685,2025-12-16 16:49:51.685,721.218000,6.650085,23,15,2,0.022695,0.000829,-0.040327,0.196472,0.347092,0.917007,-26.481760,1.598422,26.724220,-0.900454,0.246298,0.358465,0.000000,0.000000,0.000000,0.000000,0,0,3.847275,3.716721,0.000000,0.000000,-26.525050,1.593912,26.708490,5.928315,279.568800,358.784000,104.047200,98.172010,0.300000,1000.000000,0.900730,2468,2740,50.000000,off
1765874991696,2025-12-16 16:49:51.696,721.228900,6.660950,23,15,2,0.014721,0.000482,-0.040275,0.199951,0.336395,0.920242,-26.481090,1.597787,26.718650,-0.899578,0.235038,0.368110,0.000000,0.000000,0.000000,0.000000,0,0,3.763733,3.675964,0.000000,0.000000,-26.523080,1.593499,26.711030,5.914385,279.912200,358.660000,104.047200,98.172010,0.300000,1000.000000,0.900730,2468,2740,50.000000,off
1765874991707,2025-12-16 16:49:51.707,721.240000,6.672058,23,15,2,0.014721,0.000482,-0.040275,0.199951,0.336395,0.920242,-26.478950,1.597316,26.720880,-0.897342,0.234538,0.373842,0.000000,0.000000,0.000000,0.000000,0,0,3.763733,3.675964,0.000000,0.000000,-26.520980,1.593056,26.713500,5.918616,280.234800,358.541000,104.047200,98.172010,0.300000,1000.000000,0.900730,2468,2740,50.000000,off
1765874991718,2025-12-16 16:49:51.718,721.251100,6.683167,23,15,2,-0.026537,-0.001516,-0.039989,0.221832,0.282425,0.933273,-26.484720,1.595941,26.682390,-0.899011,0.178033,0.400071,-35.834110,3.447417,30.842990,10.399500,Target28,Target,3.684021,3.577316,0.000000,0.000000,-26.519060,1.592586,26.715780,5.952707,280.508100,358.447200,104.047200,98.172010,0.300000,1000.000000,0.900730,2468,2740,50.000000,off
1765874991729,2025-12-16 16:49:51.729,721.262400,6.694458,23,15,2,-0.002195,-0.000688,-0.038990,0.153732,0.316299,0.936112,-26.479310,1.595520,26.708590,-0.916291,0.212170,0.339673,0.000000,0.000000,0.000000,0.000000,0,0,3.668457,3.557678,0.000000,0.000000,-26.517060,1.592065,26.718010,6.000653,280.751300,358.349200,104.047200,98.172010,0.300000,1000.000000,0.900730,2468,2740,50.000000,off
1765874991740,2025-12-16 16:49:51.740,721.273300,6.705322,23,15,2,-0.002195,-0.000688,-0.038990,0.153732,0.316299,0.936112,-26.477260,1.594913,26.710610,-0.915310,0.210822,0.343141,0.000000,0.000000,0.000000,0.000000,0,0,3.668457,3.557678,0.000000,0.000000,-26.514970,1.591409,26.720150,6.067242,280.938500,358.268300,104.047200,98.172010,0.300000,1000.000000,0.900730,2468,2740,50.000000,off
1765874991752,2025-12-16 16:49:51.752,721.285100,6.717163,23,15,2,0.015573,0.000295,-0.039252,0.103943,0.333191,0.937103,-26.471620,1.594757,26.729890,-0.926769,0.227462,0.298902,0.000000,0.000000,0.000000,0.000000,0,0,3.703400,3.704803,0.000000,0.000000,-26.512940,1.590767,26.722130,6.142995,281.109700,358.136400,104.047200,98.172010,0.300000,1000.000000,0.900730,2468,2740,50.000000,off
1765874991762,2025-12-16 16:49:51.762,721.295500,6.727539,23,15,2,0.020341,0.000392,-0.038977,0.097794,0.343994,0.933853,-26.468780,1.593918,26.736380,-0.925447,0.237178,0.295419,0.000000,0.000000,0.000000,0.000000,0,0,3.803070,3.686737,0.000000,0.000000,-26.510780,1.589990,26.723980,6.226267,281.235400,358.050000,104.047200,98.172010,0.300000,1000.000000,0.900730,2468,2740,50.000000,off
1765874991773,2025-12-16 16:49:51.773,721.306600,6.738647,23,15,2,0.020341,0.000392,-0.038977,0.097794,0.343994,0.933853,-26.466700,1.593171,26.738040,-0.925229,0.235353,0.297554,0.000000,0.000000,0.000000,0.000000,0,0,3.803070,3.686737,0.000000,0.000000,-26.508720,1.589220,26.725700,6.321351,281.321100,357.933200,104.047200,98.172010,0.300000,1000.000000,0.900730,2468,2740,50.000000,off
1765874991784,2025-12-16 16:49:51.784,721.317600,6.749695,23,15,2,0.017775,-0.000056,-0.038160,0.064972,0.325012,0.943466,-26.465910,1.591959,26.737150,-0.939123,0.215052,0.267925,0.000000,0.000000,0.000000,0.000000,0,0,3.469116,3.563141,0.000000,0.000000,-26.506670,1.588423,26.727250,6.406067,281.390200,357.839100,104.047200,98.172010,0.300000,1000.000000,0.900730,2468,2740,50.000000,off
1765874991795,2025-12-16 16:49:51.795,721.328800,6.760864,23,15,2,0.015573,0.000295,-0.039252,0.103943,0.333191,0.937103,-26.463370,1.591806,26.736080,-0.926007,0.220841,0.306144,0.000000,0.000000,0.000000,0.000000,0,0,3.703400,3.704803,0.000000,0.000000,-26.504710,1.587681,26.728540,6.490083,281.410400,357.758300,104.047200,98.172010,0.300000,1000.000000,0.900730,2468,2740,50.000000,off
1765874991806,2025-12-16 16:49:51.806,721.339900,6.771973,23,15,2,0.020341,0.000392,-0.038977,0.097794,0.343994,0.933853,-26.460660,1.590880,26.742160,-0.925502,0.230840,0.300227,0.000000,0.000000,0.000000,0.000000,0,0,3.803070,3.686737,0.000000,0.000000,-26.502680,1.586860,26.729870,6.559142,281.381100,357.671400,104.047200,98.172010,0.300000,1000.000000,0.900730,2468,2740,50.000000,off
1765874991817,2025-12-16 16:49:51.817,721.351000,6.783081,23,15,2,0.020341,0.000392,-0.038977,0.097794,0.343994,0.933853,-26.458740,1.590135,26.743250,-0.926137,0.229447,0.299336,0.000000,0.000000,0.000000,0.000000,0,0,3.803070,3.686737,0.000000,0.000000,-26.500750,1.586080,26.730910,6.636067,281.304600,357.622100,104.047200,98.172010,0.300000,1000.000000,0.900730,2468,2740,50.000000,off
1765874991828,2025-12-16 16:49:51.828,721.362100,6.794189,23,15,2,0.014372,-0.000168,-0.038309,0.061188,0.317123,0.946396,-26.458520,1.588968,26.738600,-0.943551,0.201500,0.262844,0.000000,0.000000,0.000000,0.000000,0,0,3.366074,3.574066,0.000000,0.000000,-26.498720,1.585255,26.731940,6.712836,281.208600,357.598700,104.047200,98.172010,0.300000,1000.000000,0.900730,2468,2740,50.000000,off
1765874991839,2025-12-16 16:49:51.840,721.373300,6.805359,23,15,2,0.000319,-0.000752,-0.038489,0.071716,0.308655,0.948456,-26.459320,1.588353,26.725490,-0.943437,0.191345,0.270727,0.000000,0.000000,0.000000,0.000000,0,0,3.410522,3.641861,0.000000,0.000000,-26.496970,1.584571,26.732560,6.775037,281.065100,357.591200,104.047200,98.172010,0.300000,1000.000000,0.900730,2468,2740,50.000000,off
1765874991851,2025-12-16 16:49:51.851,721.384600,6.816711,23,15,2,-0.011384,-0.001208,-0.038728,0.081512,0.313339,0.946121,-26.459270,1.587582,26.714840,-0.940748,0.195660,0.276913,0.000000,0.000000,0.000000,0.000000,0,0,3.395111,3.588699,0.000000,0.000000,-26.494970,1.583731,26.733330,6.788370,280.871100,357.608200,104.047200,98.172010,0.300000,1000.000000,0.900730,2468,2740,50.000000,off
1765874991862,2025-12-16 16:49:51.862,721.395600,6.827637,23,15,2,-0.011384,-0.001208,-0.038728,0.081512,0.313339,0.946121,-26.457150,1.586802,26.715610,-0.941789,0.195701,0.273326,0.000000,0.000000,0.000000,0.000000,0,0,3.395111,3.588699,0.000000,0.000000,-26.492910,1.582959,26.733970,6.790457,280.667800,357.655300,104.047200,98.172010,0.300000,1000.000000,0.900730,2468,2740,50.000000,off
1765874991873,2025-12-16 16:49:51.873,721.406700,6.838745,23,15,2,-0.018988,-0.001565,-0.038664,0.076386,0.309158,0.947922,-26.456500,1.585979,26.708900,-0.945296,0.192153,0.263558,0.000000,0.000000,0.000000,0.000000,0,0,3.416153,3.597198,0.000000,0.000000,-26.490920,1.582228,26.734570,6.760094,280.394900,357.711200,104.047200,98.172010,0.300000,1000.000000,0.900730,2468,2740,50.000000,off
1765874991884,2025-12-16 16:49:51.884,721.417700,6.849731,23,15,2,-0.017302,-0.001279,-0.039077,0.064850,0.330063,0.941727,-26.454040,1.585807,26.711000,-0.944909,0.214621,0.247148,0.000000,0.000000,0.000000,0.000000,0,0,3.502075,3.528214,0.000000,0.000000,-26.489270,1.581827,26.734890,6.733448,280.099900,357.775200,104.047200,98.172010,0.300000,1000.000000,0.900730,2468,2740,50.000000,off
1765874991895,2025-12-16 16:49:51.895,721.428700,6.860779,23,15,2,-0.017302,-0.001279,-0.039077,0.064850,0.330063,0.941727,-26.452210,1.585338,26.711440,-0.946273,0.215656,0.240948,0.000000,0.000000,0.000000,0.000000,0,0,3.502075,3.528214,0.000000,0.000000,-26.487600,1.581411,26.735110,6.676466,279.743400,357.825000,104.047200,98.172010,0.300000,1000.000000,0.900730,2468,2740,50.000000,off
1765874991906,2025-12-16 16:49:51.906,721.439900,6.871948,23,15,2,-0.011384,-0.001208,-0.038728,0.081512,0.313339,0.946121,-26.449710,1.584618,26.717750,-0.947347,0.198731,0.251018,0.000000,0.000000,0.000000,0.000000,0,0,3.395111,3.588699,0.000000,0.000000,-26.485890,1.580922,26.735310,6.632193,279.386500,357.861100,104.047200,98.172010,0.300000,1000.000000,0.900730,2468,2740,50.000000,off
1765874991918,2025-12-16 16:49:51.918,721.451000,6.883057,23,15,2,-0.018988,-0.001565,-0.038664,0.076386,0.309158,0.947922,-26.449230,1.584071,26.710540,-0.951070,0.195529,0.239174,0.000000,0.000000,0.000000,0.000000,0,0,3.416153,3.597198,0.000000,0.000000,-26.484290,1.580505,26.735360,6.579559,278.989300,357.905800,104.047200,98.172010,0.300000,1000.000000,0.900730,2468,2740,50.000000,off
1765874991929,2025-12-16 16:49:51.929,721.462200,6.894226,23,15,2,-0.009602,-0.000927,-0.039087,0.056946,0.346985,0.936127,-26.445720,1.584016,26.720090,-0.948106,0.235749,0.213291,0.000000,0.000000,0.000000,0.000000,0,0,3.513748,3.593811,0.000000,0.000000,-26.482740,1.580139,26.735420,6.546528,278.587500,357.948700,104.047200,98.172010,0.300000,1000.000000,0.900730,2468,2740,50.000000,off
1765874991940,2025-12-16 16:49:51.940,721.473100,6.905212,23,15,2,-0.009602,-0.000927,-0.039087,0.056946,0.346985,0.936127,-26.444230,1.583746,26.720260,-0.949494,0.236454,0.206219,0.000000,0.000000,0.000000,0.000000,0,0,3.513748,3.593811,0.000000,0.000000,-26.481370,1.579899,26.735320,6.506091,278.168300,357.966700,104.047200,98.172010,0.300000,1000.000000,0.900730,2468,2740,50.000000,off
1765874991951,2025-12-16 16:49:51.951,721.484300,6.916321,23,15,2,0.011382,0.000051,-0.039064,0.020828,0.356934,0.933884,-26.439990,1.583761,26.741300,-0.954689,0.248702,0.163374,0.000000,0.000000,0.000000,0.000000,0,0,3.528473,3.627151,0.000000,0.000000,-26.480020,1.579712,26.735260,6.457422,277.742200,358.000000,104.047200,98.172010,0.300000,1000.000000,0.900730,2468,2740,50.000000,off
1765874991962,2025-12-16 16:49:51.962,721.495500,6.927551,23,15,2,0.022684,0.000507,-0.038837,0.015274,0.364594,0.931030,-26.437440,1.583651,26.752770,-0.954459,0.257336,0.150881,0.000000,0.000000,0.000000,0.000000,0,0,3.502869,3.634369,0.000000,0.000000,-26.478650,1.579579,26.735190,6.427521,277.330500,358.019500,104.047200,98.172010,0.300000,1000.000000,0.900730,2468,2740,50.000000,off
1765874991973,2025-12-16 16:49:51.973,721.506500,6.938538,23,15,2,0.022684,0.000507,-0.038837,0.015274,0.364594,0.931030,-26.436300,1.583534,26.753050,-0.955469,0.257856,0.143420,0.000000,0.000000,0.000000,0.000000,0,0,3.502869,3.634369,0.000000,0.000000,-26.477370,1.579473,26.735160,6.397279,276.892600,358.042600,104.047200,98.172010,0.300000,1000.000000,0.900730,2468,2740,50.000000,off
1765874991984,2025-12-16 16:49:51.984,721.517600,6.949707,23,15,2,0.021738,0.000502,-0.038884,0.026260,0.357575,0.933502,-26.435440,1.583647,26.752190,-0.956811,0.250678,0.147134,0.000000,0.000000,0.000000,0.000000,0,0,3.581558,3.602219,0.000000,0.000000,-26.476310,1.579568,26.734940,6.371439,276.468100,358.050000,104.047200,98.172010,0.300000,1000.000000,0.900730,2468,2740,50.000000,off
1765874991995,2025-12-16 16:49:51.995,721.528700,6.960754,23,15,2,0.010103,0.000192,-0.039300,0.063278,0.325241,0.943497,-26.435470,1.583867,26.740590,-0.960108,0.216759,0.176577,0.000000,0.000000,0.000000,0.000000,0,0,3.444641,3.506271,0.000000,0.000000,-26.475390,1.579681,26.734660,6.338097,276.053100,358.042900,104.047200,98.172010,0.300000,1000.000000,0.900730,2468,2740,50.000000,off
1765874992007,2025-12-16 16:49:52.007,721.539800,6.971863,23,15,2,0.022684,0.000507,-0.038837,0.015274,0.364594,0.931030,-26.433770,1.583766,26.753230,-0.957918,0.259512,0.122583,0.000000,0.000000,0.000000,0.000000,0,0,3.502869,3.634369,0.000000,0.000000,-26.474450,1.579779,26.734450,6.298510,275.640500,358.023600,104.047200,98.172010,0.300000,1000.000000,0.900730,2468,2740,50.000000,off
1765874992018,2025-12-16 16:49:52.018,721.551000,6.983032,23,15,2,0.022684,0.000507,-0.038837,0.015274,0.364594,0.931030,-26.433160,1.584006,26.753270,-0.958678,0.259803,0.115842,0.000000,0.000000,0.000000,0.000000,0,0,3.502869,3.634369,0.000000,0.000000,-26.473700,1.580039,26.734190,6.280676,275.230600,358.004300,104.047200,98.172010,0.300000,1000.000000,0.900730,2468,2740,50.000000,off
1765874992029,2025-12-16 16:49:52.029,721.562000,6.994080,23,15,2,0.021738,0.000502,-0.038884,0.026260,0.357575,0.933502,-26.432580,1.584224,26.752320,-0.959954,0.252799,0.120648,0.000000,0.000000,0.000000,0.000000,0,0,3.581558,3.602219,0.000000,0.000000,-26.472970,1.580263,26.733930,6.242442,274.856900,357.965800,104.047200,98.172010,0.300000,1000.000000,0.900730,2468,2740,50.000000,off
1765874992040,2025-12-16 16:49:52.040,721.573200,7.005310,23,15,2,0.005618,0.000086,-0.039522,0.074310,0.334686,0.939377,-26.433300,1.585707,26.736820,-0.960185,0.227970,0.161372,0.000000,0.000000,0.000000,0.000000,0,0,3.432007,3.553162,0.000000,0.000000,-26.472920,1.581533,26.734280,6.227898,274.463700,357.964200,104.047200,98.172010,0.300000,1000.000000,0.900730,2468,2740,50.000000,off
1765874992051,2025-12-16 16:49:52.051,721.584200,7.016296,23,15,2,0.005618,0.000086,-0.039522,0.074310,0.334686,0.939377,-26.432730,1.585952,26.736790,-0.960964,0.228399,0.156041,0.000000,0.000000,0.000000,0.000000,0,0,3.432007,3.553162,0.000000,0.000000,-26.472340,1.581800,26.734020,6.199915,274.136000,357.934300,104.047200,98.172010,0.300000,1000.000000,0.900730,2468,2740,50.000000,off
1765874992062,2025-12-16 16:49:52.062,721.595300,7.027405,23,15,2,0.004537,-0.000085,-0.039185,0.085129,0.317154,0.944534,-26.432610,1.586007,26.735720,-0.964208,0.210512,0.161141,0.000000,0.000000,0.000000,0.000000,0,0,3.449234,3.355804,0.000000,0.000000,-26.471810,1.582044,26.733790,6.169998,273.816200,357.915300,104.047200,98.172010,0.300000,1000.000000,0.900730,2468,2740,50.000000,off
1765874992073,2025-12-16 16:49:52.073,721.606500,7.038574,23,15,2,0.016614,0.000422,-0.039112,0.073090,0.337585,0.938446,-26.431520,1.586263,26.747690,-0.961731,0.232276,0.145285,0.000000,0.000000,0.000000,0.000000,0,0,3.462830,3.535309,0.000000,0.000000,-26.471380,1.582264,26.733510,6.145664,273.549300,357.890300,104.047200,98.172010,0.300000,1000.000000,0.900730,2468,2740,50.000000,off
1765874992085,2025-12-16 16:49:52.085,721.617600,7.049683,23,15,2,0.025339,0.000815,-0.039122,0.063568,0.313553,0.947434,-26.430700,1.586481,26.756390,-0.969279,0.208350,0.130671,0.000000,0.000000,0.000000,0.000000,0,0,3.280472,3.506104,0.000000,0.000000,-26.470990,1.582435,26.733300,6.112134,273.274800,357.886700,104.047200,98.172010,0.300000,1000.000000,0.900730,2468,2740,50.000000,off
1765874992096,2025-12-16 16:49:52.096,721.628700,7.060791,23,15,2,0.025339,0.000815,-0.039122,0.063568,0.313553,0.947434,-26.430520,1.586637,26.756350,-0.969682,0.208987,0.126599,0.000000,0.000000,0.000000,0.000000,0,0,3.280472,3.506104,0.000000,0.000000,-26.470730,1.582606,26.733100,6.076258,273.041000,357.906700,104.047200,98.172010,0.300000,1000.000000,0.900730,2468,2740,50.000000,off
1765874992107,2025-12-16 16:49:52.107,721.639800,7.071899,23,15,2,-0.017761,-0.001135,-0.039266,0.195252,0.333130,0.922440,-26.432380,1.586375,26.713190,-0.940125,0.227018,0.254207,0.000000,0.000000,0.000000,0.000000,0,0,3.384415,3.461594,0.000000,0.000000,-26.470550,1.582736,26.732900,6.040560,272.853100,357.940500,104.047200,98.172010,0.300000,1000.000000,0.900730,2468,2740,50.000000,off
1765874992118,2025-12-16 16:49:52.118,721.650900,7.083008,23,15,2,0.016614,0.000422,-0.039112,0.073090,0.337585,0.938446,-26.430740,1.586812,26.747520,-0.963344,0.234680,0.129927,0.000000,0.000000,0.000000,0.000000,0,0,3.462830,3.535309,0.000000,0.000000,-26.470390,1.582874,26.732740,6.012536,272.672900,357.994300,104.047200,98.172010,0.300000,1000.000000,0.900730,2468,2740,50.000000,off
1765874992129,2025-12-16 16:49:52.129,721.662000,7.094055,23,15,2,0.025339,0.000815,-0.039122,0.063568,0.313553,0.947434,-26.430360,1.586972,26.756200,-0.970477,0.210833,0.117094,0.000000,0.000000,0.000000,0.000000,0,0,3.280472,3.506104,0.000000,0.000000,-26.470350,1.582935,26.732590,5.980187,272.533000,358.070600,104.047200,98.172010,0.300000,1000.000000,0.900730,2468,2740,50.000000,off
1765874992140,2025-12-16 16:49:52.140,721.673200,7.105225,23,15,2,0.025339,0.000815,-0.039122,0.063568,0.313553,0.947434,-26.430390,1.587050,26.756160,-0.970678,0.211379,0.114414,0.000000,0.000000,0.000000,0.000000,0,0,3.280472,3.506104,0.000000,0.000000,-26.470330,1.582990,26.732460,5.954973,272.404200,358.161700,104.047200,98.172010,0.300000,1000.000000,0.900730,2468,2740,50.000000,off
1765874992150,2025-12-16 16:49:52.150,721.684300,7.116333,23,15,2,-0.026299,-0.001516,-0.039309,0.206375,0.323257,0.923523,-26.432360,1.586337,26.704490,-0.941927,0.219358,0.254237,0.000000,0.000000,0.000000,0.000000,0,0,3.598007,3.351303,0.000000,0.000000,-26.470440,1.582979,26.732380,5.957227,272.314900,358.280300,104.047200,98.172010,0.300000,1000.000000,0.900730,2468,2740,50.000000,off
1765874992162,2025-12-16 16:49:52.162,721.695400,7.127441,23,15,2,-0.029424,-0.001793,-0.039008,0.228684,0.341065,0.911789,-26.432850,1.586039,26.701320,-0.931496,0.238112,0.274953,0.000000,0.000000,0.000000,0.000000,0,0,3.685028,3.472916,0.000000,0.000000,-26.470560,1.582954,26.732290,5.955918,272.251700,358.395600,104.047200,98.172010,0.300000,1000.000000,0.900730,2468,2740,50.000000,off
1765874992173,2025-12-16 16:49:52.173,721.706400,7.138489,23,15,2,-0.029424,-0.001793,-0.039008,0.228684,0.341065,0.911789,-26.432980,1.585940,26.701280,-0.931732,0.238414,0.273887,0.000000,0.000000,0.000000,0.000000,0,0,3.685028,3.472916,0.000000,0.000000,-26.470700,1.582912,26.732240,5.970321,272.232700,358.526200,104.047200,98.172010,0.300000,1000.000000,0.900730,2468,2740,50.000000,off
1765874992184,2025-12-16 16:49:52.184,721.717600,7.149658,23,15,2,-0.027638,-0.002065,-0.038046,0.235596,0.350006,0.906632,-26.434000,1.585432,26.703060,-0.927481,0.247794,0.279941,0.000000,0.000000,0.000000,0.000000,0,0,3.721283,3.469864,0.000000,0.000000,-26.470880,1.582865,26.732190,5.995108,272.222600,358.652600,104.047200,98.172010,0.300000,1000.000000,0.900730,2468,2740,50.000000,off
1765874992195,2025-12-16 16:49:52.195,721.728700,7.160767,23,15,2,0.022357,0.000501,-0.039034,0.179627,0.399506,0.898941,-26.431520,1.586964,26.753000,-0.927403,0.299247,0.224367,0.000000,0.000000,0.000000,0.000000,0,0,3.850067,3.619125,0.000000,0.000000,-26.471180,1.582844,26.732170,6.015396,272.236300,358.792100,104.047200,98.172010,0.300000,1000.000000,0.900730,2468,2740,50.000000,off
1765874992206,2025-12-16 16:49:52.206,721.739800,7.171875,23,15,2,-0.029424,-0.001793,-0.039008,0.228684,0.341065,0.911789,-26.433760,1.585681,26.701190,-0.932148,0.238807,0.272125,0.000000,0.000000,0.000000,0.000000,0,0,3.685028,3.472916,0.000000,0.000000,-26.471490,1.582813,26.732170,6.051270,272.274600,358.946600,104.047200,98.172010,0.300000,1000.000000,0.900730,2468,2740,50.000000,off
1765874992218,2025-12-16 16:49:52.218,721.751600,7.183655,23,15,2,-0.029424,-0.001793,-0.039008,0.228684,0.341065,0.911789,-26.434070,1.585669,26.701170,-0.932262,0.238763,0.271774,0.000000,0.000000,0.000000,0.000000,0,0,3.685028,3.472916,0.000000,0.000000,-26.471780,1.582850,26.732160,6.090159,272.305300,359.092900,104.047200,98.172010,0.300000,1000.000000,0.900730,2468,2740,50.000000,off
1765874992228,2025-12-16 16:49:52.228,721.762000,7.194092,23,15,2,-0.027638,-0.002065,-0.038046,0.235596,0.350006,0.906632,-26.435330,1.585214,26.702940,-0.927699,0.248328,0.278744,0.000000,0.000000,0.000000,0.000000,0,0,3.721283,3.469864,0.000000,0.000000,-26.472170,1.582851,26.732150,6.113169,272.365400,359.240000,104.047200,98.172010,0.300000,1000.000000,0.900730,2468,2740,50.000000,off
1765874992239,2025-12-16 16:49:52.239,721.773100,7.205139,23,15,2,0.019675,0.000419,-0.039151,0.199860,0.399612,0.894623,-26.432770,1.587345,26.750170,-0.922661,0.299342,0.243053,0.000000,0.000000,0.000000,0.000000,0,0,3.858795,3.794785,0.000000,0.000000,-26.472470,1.582942,26.732140,6.149542,272.406400,359.390700,104.047200,98.172010,0.300000,1000.000000,0.900730,2468,2740,50.000000,off
1765874992251,2025-12-16 16:49:52.251,721.784200,7.216248,23,15,2,0.019675,0.000419,-0.039151,0.199860,0.399612,0.894623,-26.433320,1.587644,26.750120,-0.922611,0.299892,0.242565,0.000000,0.000000,0.000000,0.000000,0,0,3.858795,3.794785,0.000000,0.000000,-26.473020,1.583181,26.732120,6.152602,272.449100,359.560500,104.047200,98.172010,0.300000,1000.000000,0.900730,2468,2740,50.000000,off
1765874992262,2025-12-16 16:49:52.262,721.795200,7.227295,23,15,2,0.008104,-0.000020,-0.039390,0.241699,0.384705,0.890823,-26.434080,1.587617,26.738540,-0.915319,0.285817,0.283693,0.000000,0.000000,0.000000,0.000000,0,0,3.948868,3.654327,0.000000,0.000000,-26.473570,1.583454,26.732150,6.153861,272.495500,359.720900,104.047200,98.172010,0.300000,1000.000000,0.900730,2468,2740,50.000000,off
1765874992273,2025-12-16 16:49:52.273,721.806300,7.238403,23,15,2,-0.004760,-0.000642,-0.039295,0.267105,0.352554,0.896851,-26.435260,1.587355,26.725660,-0.916388,0.254175,0.309206,0.000000,0.000000,0.000000,0.000000,0,0,3.883453,3.682404,0.000000,0.000000,-26.474140,1.583789,26.732170,6.124555,272.557400,359.853200,104.047200,98.172010,0.300000,1000.000000,0.900730,2468,2740,50.000000,off
1765874992284,2025-12-16 16:49:52.284,721.817500,7.249573,23,15,2,-0.013840,-0.001019,-0.039405,0.284241,0.339829,0.896484,-26.436220,1.587373,26.716570,-0.913449,0.242823,0.326510,0.000000,0.000000,0.000000,0.000000,0,0,3.885712,3.654099,0.000000,0.000000,-26.474840,1.584206,26.732190,6.076047,272.615400,359.958300,104.047200,98.172010,0.300000,1000.000000,0.900730,2468,2740,50.000000,off
1765874992295,2025-12-16 16:49:52.295,721.828600,7.260681,23,15,2,-0.013840,-0.001019,-0.039405,0.284241,0.339829,0.896484,-26.436810,1.587722,26.716590,-0.912934,0.243907,0.327142,0.000000,0.000000,0.000000,0.000000,0,0,3.885712,3.654099,0.000000,0.000000,-26.475420,1.584603,26.732260,6.036081,272.688400,0.047147,104.047200,98.172010,0.300000,1000.000000,0.900730,2468,2740,50.000000,off
1765874992306,2025-12-16 16:49:52.306,721.839800,7.271851,23,15,2,-0.014394,-0.000975,-0.039508,0.289673,0.351395,0.890274,-26.437500,1.588211,26.716020,-0.907330,0.256838,0.332811,0.000000,0.000000,0.000000,0.000000,0,0,3.733047,3.805237,0.000000,0.000000,-26.476160,1.585074,26.732280,6.009943,272.746300,0.117048,104.047200,98.172010,0.300000,1000.000000,0.900730,2468,2740,50.000000,off
1765874992317,2025-12-16 16:49:52.317,721.850800,7.282898,23,15,2,-0.019368,-0.001204,-0.039510,0.304993,0.350311,0.885574,-26.438510,1.588406,26.711030,-0.901264,0.257203,0.348642,0.000000,0.000000,0.000000,0.000000,0,0,3.900589,3.752777,0.000000,0.000000,-26.476930,1.585555,26.732310,5.980993,272.828200,0.203395,104.047200,98.172010,0.300000,1000.000000,0.900730,2468,2740,50.000000,off
1765874992328,2025-12-16 16:49:52.328,721.861900,7.294006,23,15,2,-0.019368,-0.001204,-0.039510,0.304993,0.350311,0.885574,-26.439120,1.588771,26.711010,-0.900617,0.257788,0.349879,0.000000,0.000000,0.000000,0.000000,0,0,3.900589,3.752777,0.000000,0.000000,-26.477510,1.585950,26.732360,5.959330,272.924700,0.248527,104.047200,98.172010,0.300000,1000.000000,0.900730,2468,2740,50.000000,off
1765874992340,2025-12-16 16:49:52.340,721.873000,7.305054,23,15,2,-0.013840,-0.001019,-0.039405,0.284241,0.339829,0.896484,-26.439870,1.589463,26.716440,-0.910813,0.246679,0.330952,0.000000,0.000000,0.000000,0.000000,0,0,3.885712,3.654099,0.000000,0.000000,-26.478390,1.586470,26.732330,5.940714,273.021900,0.296984,104.047200,98.172010,0.300000,1000.000000,0.900730,2468,2740,50.000000,off
1765874992351,2025-12-16 16:49:52.351,721.884100,7.316162,23,15,2,-0.014394,-0.000975,-0.039508,0.289673,0.351395,0.890274,-26.440620,1.589967,26.715900,-0.904774,0.259706,0.337511,0.000000,0.000000,0.000000,0.000000,0,0,3.733047,3.805237,0.000000,0.000000,-26.479180,1.586961,26.732430,5.908426,273.140400,0.363580,104.047200,98.172010,0.300000,1000.000000,0.900730,2468,2740,50.000000,off
1765874992362,2025-12-16 16:49:52.362,721.895300,7.327332,23,15,2,-0.023815,-0.001405,-0.039546,0.315018,0.340836,0.885757,-26.441990,1.589923,26.706430,-0.896941,0.250779,0.364112,0.000000,0.000000,0.000000,0.000000,0,0,3.933533,3.699554,0.000000,0.000000,-26.480070,1.587451,26.732450,5.868580,273.260800,0.421381,104.047200,98.172010,0.300000,1000.000000,0.900730,2468,2740,50.000000,off
1765874992373,2025-12-16 16:49:52.373,721.906300,7.338379,23,15,2,-0.023815,-0.001405,-0.039546,0.315018,0.340836,0.885757,-26.442900,1.590290,26.706440,-0.896042,0.252140,0.365384,0.000000,0.000000,0.000000,0.000000,0,0,3.933533,3.699554,0.000000,0.000000,-26.480940,1.587889,26.732520,5.806224,273.368800,0.488621,104.047200,98.172010,0.300000,1000.000000,0.900730,2468,2740,50.000000,off
1765874992384,2025-12-16 16:49:52.384,721.917400,7.349487,23,15,2,-0.025375,-0.001524,-0.039468,0.310761,0.338379,0.888199,-26.444140,1.590549,26.704820,-0.897221,0.251355,0.363021,0.000000,0.000000,0.000000,0.000000,0,0,3.918701,3.711700,0.000000,0.000000,-26.481960,1.588385,26.732540,5.706599,273.505700,0.553368,104.047200,98.172010,0.300000,1000.000000,0.900730,2468,2740,50.000000,off
1765874992395,2025-12-16 16:49:52.395,721.928500,7.360596,23,15,2,-0.028127,-0.001735,-0.039414,0.306717,0.337021,0.890122,-26.445380,1.590743,26.702070,-0.898211,0.251225,0.360663,0.000000,0.000000,0.000000,0.000000,0,0,3.650131,3.722443,0.000000,0.000000,-26.482950,1.588899,26.732610,5.637220,273.630200,0.617440,104.047200,98.172010,0.300000,1000.000000,0.900730,2468,2740,50.000000,off
1765874992406,2025-12-16 16:49:52.406,721.939600,7.371704,23,15,2,-0.028127,-0.001735,-0.039414,0.306717,0.337021,0.890122,-26.446550,1.591178,26.702060,-0.896885,0.253192,0.362581,0.000000,0.000000,0.000000,0.000000,0,0,3.650131,3.722443,0.000000,0.000000,-26.484050,1.589433,26.732700,5.532749,273.775400,0.672825,104.047200,98.172010,0.300000,1000.000000,0.900730,2468,2740,50.000000,off
1765874992418,2025-12-16 16:49:52.418,721.950800,7.382874,23,15,2,-0.024450,-0.001741,-0.039071,0.301819,0.351425,0.886215,-26.447660,1.591582,26.705780,-0.893304,0.269614,0.359566,0.000000,0.000000,0.000000,0.000000,0,0,3.734619,3.765747,0.000000,0.000000,-26.484980,1.589916,26.732830,5.433182,273.932100,0.706688,104.047200,98.172010,0.300000,1000.000000,0.900730,2468,2740,50.000000,off
1765874992429,2025-12-16 16:49:52.429,721.961900,7.393921,23,15,2,-0.025375,-0.001524,-0.039468,0.310761,0.338379,0.888199,-26.448560,1.592206,26.704880,-0.891649,0.258370,0.371722,0.000000,0.000000,0.000000,0.000000,0,0,3.918701,3.711700,0.000000,0.000000,-26.486100,1.590379,26.733010,5.324784,274.134600,0.723018,104.047200,98.172010,0.300000,1000.000000,0.900730,2468,2740,50.000000,off
1765874992440,2025-12-16 16:49:52.440,721.972900,7.404968,23,15,2,-0.028127,-0.001735,-0.039414,0.306717,0.337021,0.890122,-26.450050,1.592309,26.702140,-0.891790,0.258844,0.371059,0.000000,0.000000,0.000000,0.000000,0,0,3.650131,3.722443,0.000000,0.000000,-26.487240,1.590828,26.733160,5.206721,274.355900,0.754140,104.047200,98.172010,0.300000,1000.000000,0.900730,2468,2740,50.000000,off
1765874992451,2025-12-16 16:49:52.451,721.984100,7.416138,23,15,2,-0.028127,-0.001735,-0.039414,0.306717,0.337021,0.890122,-26.451310,1.592653,26.702170,-0.889895,0.260896,0.374159,0.000000,0.000000,0.000000,0.000000,0,0,3.650131,3.722443,0.000000,0.000000,-26.488400,1.591271,26.733320,5.091388,274.572800,0.793333,104.047200,98.172010,0.300000,1000.000000,0.900730,2468,2740,50.000000,off
1765874992462,2025-12-16 16:49:52.462,721.995200,7.427246,23,15,2,-0.017423,-0.001379,-0.039148,0.283844,0.352646,0.891663,-26.452050,1.593394,26.712850,-0.892645,0.278126,0.354711,0.000000,0.000000,0.000000,0.000000,0,0,3.709686,3.766022,0.000000,0.000000,-26.489600,1.591628,26.733470,4.970859,274.804900,0.831910,104.047200,98.172010,0.300000,1000.000000,0.900730,2468,2740,50.000000,off
1765874992473,2025-12-16 16:49:52.473,722.006300,7.438354,23,15,2,-0.015500,-0.001268,-0.039193,0.280182,0.350021,0.893845,-26.453170,1.593871,26.714700,-0.893083,0.277289,0.354244,0.000000,0.000000,0.000000,0.000000,0,0,3.724091,3.757950,0.000000,0.000000,-26.490840,1.592050,26.733550,4.859662,275.017900,0.880310,104.047200,98.172010,0.300000,1000.000000,0.900730,2468,2740,50.000000,off
1765874992484,2025-12-16 16:49:52.484,722.017400,7.449463,23,15,2,-0.013931,-0.001179,-0.039230,0.278259,0.349762,0.894547,-26.454330,1.594219,26.716270,-0.892146,0.278823,0.355398,0.000000,0.000000,0.000000,0.000000,0,0,3.716125,3.759918,0.000000,0.000000,-26.492110,1.592366,26.733700,4.761171,275.238200,0.943270,104.047200,98.172010,0.300000,1000.000000,0.900730,2468,2740,50.000000,off
1765874992495,2025-12-16 16:49:52.495,722.028600,7.460632,23,15,2,-0.013931,-0.001179,-0.039230,0.278259,0.349762,0.894547,-26.455600,1.594410,26.716300,-0.890430,0.280444,0.358414,0.000000,0.000000,0.000000,0.000000,0,0,3.716125,3.759918,0.000000,0.000000,-26.493310,1.592629,26.733880,4.678976,275.459400,1.006529,104.047200,98.172010,0.300000,1000.000000,0.900730,2468,2740,50.000000,off
1765874992506,2025-12-16 16:49:52.506,722.039700,7.471741,23,15,2,-0.005155,-0.000732,-0.039286,0.256744,0.346527,0.902206,-26.455390,1.594820,26.726020,-0.898170,0.277898,0.340645,0.000000,0.000000,0.000000,0.000000,0,0,3.698273,3.728180,0.000000,0.000000,-26.493920,1.592502,26.735010,4.588074,275.664800,1.054255,104.047200,98.172010,0.300000,1000.000000,0.900730,2468,2740,50.000000,off
1765874992517,2025-12-16 16:49:52.517,722.050800,7.482849,23,15,2,0.001168,-0.000631,-0.038833,0.228882,0.323959,0.917954,-26.456670,1.595417,26.732240,-0.913195,0.254882,0.317940,0.000000,0.000000,0.000000,0.000000,0,0,3.636719,3.664841,0.000000,0.000000,-26.495340,1.592961,26.735040,4.523209,275.886000,1.100747,104.047200,98.172010,0.300000,1000.000000,0.900730,2468,2740,50.000000,off
1765874992528,2025-12-16 16:49:52.528,722.061800,7.493896,23,15,2,0.001168,-0.000631,-0.038833,0.228882,0.323959,0.917954,-26.458040,1.595729,26.732190,-0.911776,0.256184,0.320950,0.000000,0.000000,0.000000,0.000000,0,0,3.636719,3.664841,0.000000,0.000000,-26.496710,1.593320,26.735130,4.454080,276.092300,1.143838,104.047200,98.172010,0.300000,1000.000000,0.900730,2468,2740,50.000000,off
1765874992539,2025-12-16 16:49:52.539,722.072900,7.505005,23,15,2,0.005862,-0.000576,-0.038455,0.187576,0.305649,0.933472,-26.459340,1.596162,26.736880,-0.928781,0.236784,0.285086,0.000000,0.000000,0.000000,0.000000,0,0,3.570541,3.685699,0.000000,0.000000,-26.498130,1.593665,26.735250,4.404215,276.305400,1.159067,104.047200,98.172010,0.300000,1000.000000,0.900730,2468,2740,50.000000,off
1765874992551,2025-12-16 16:49:52.551,722.084000,7.516113,23,15,2,-0.005155,-0.000732,-0.039286,0.256744,0.346527,0.902206,-26.461140,1.596153,26.725810,-0.892025,0.282357,0.352904,0.000000,0.000000,0.000000,0.000000,0,0,3.698273,3.728180,0.000000,0.000000,-26.499540,1.594011,26.735360,4.349431,276.510800,1.191960,104.047200,98.172010,0.300000,1000.000000,0.900730,2468,2740,50.000000,off
1765874992562,2025-12-16 16:49:52.562,722.095200,7.527283,23,15,2,0.001168,-0.000631,-0.038833,0.228882,0.323959,0.917954,-26.462370,1.596753,26.732160,-0.907742,0.259029,0.329976,0.000000,0.000000,0.000000,0.000000,0,0,3.636719,3.664841,0.000000,0.000000,-26.501010,1.594447,26.735510,4.299333,276.693800,1.222870,104.047200,98.172010,0.300000,1000.000000,0.900730,2468,2740,50.000000,off
1765874992573,2025-12-16 16:49:52.573,722.106300,7.538391,23,15,2,0.001168,-0.000631,-0.038833,0.228882,0.323959,0.917954,-26.463810,1.597083,26.732070,-0.906429,0.259941,0.332856,0.000000,0.000000,0.000000,0.000000,0,0,3.636719,3.664841,0.000000,0.000000,-26.502440,1.594812,26.735540,4.246624,276.882000,1.235138,104.047200,98.172010,0.300000,1000.000000,0.900730,2468,2740,50.000000,off
1765874992584,2025-12-16 16:49:52.584,722.117500,7.549561,23,15,2,0.001839,-0.000873,-0.038181,0.202347,0.299179,0.932480,-26.465830,1.597135,26.732770,-0.921069,0.234511,0.310817,0.000000,0.000000,0.000000,0.000000,0,0,3.655396,3.616577,0.000000,0.000000,-26.503910,1.595170,26.735590,4.197629,277.034200,1.266952,104.047200,98.172010,0.300000,1000.000000,0.900730,2468,2740,50.000000,off
1765874992595,2025-12-16 16:49:52.595,722.128500,7.560608,23,15,2,-0.012537,-0.001871,-0.037259,0.235123,0.281143,0.930405,-26.469870,1.596053,26.718550,-0.912767,0.218202,0.345285,0.000000,0.000000,0.000000,0.000000,0,0,3.570160,3.593048,0.000000,0.000000,-26.505340,1.595501,26.735600,4.157764,277.169100,1.301989,104.047200,98.172010,0.300000,1000.000000,0.900730,2468,2740,50.000000,off
1765874992607,2025-12-16 16:49:52.607,722.139800,7.571838,23,15,2,-0.012537,-0.001871,-0.037259,0.235123,0.281143,0.930405,-26.471370,1.596359,26.718480,-0.911941,0.218670,0.347165,0.000000,0.000000,0.000000,0.000000,0,0,3.570160,3.593048,0.000000,0.000000,-26.506800,1.595828,26.735610,4.139593,277.300700,1.343959,104.047200,98.172010,0.300000,1000.000000,0.900730,2468,2740,50.000000,off
1765874992618,2025-12-16 16:49:52.618,722.150900,7.582947,23,15,2,0.000614,-0.000876,-0.038279,0.190323,0.324539,0.926514,-26.470270,1.597965,26.731270,-0.916114,0.262046,0.303386,0.000000,0.000000,0.000000,0.000000,0,0,3.670502,3.668503,0.000000,0.000000,-26.508280,1.596091,26.735580,4.095062,277.427500,1.386666,104.047200,98.172010,0.300000,1000.000000,0.900730,2468,2740,50.000000,off
1765874992629,2025-12-16 16:49:52.629,722.161900,7.593933,23,15,2,0.013634,-0.000089,-0.038720,0.157318,0.298355,0.941391,-26.469690,1.599311,26.744010,-0.932359,0.234878,0.274811,0.000000,0.000000,0.000000,0.000000,0,0,3.618179,3.712265,0.000000,0.000000,-26.509760,1.596323,26.735570,4.054216,277.556300,1.430982,104.047200,98.172010,0.300000,1000.000000,0.900730,2468,2740,50.000000,off
1765874992640,2025-12-16 16:49:52.640,722.172900,7.604980,23,15,2,0.013634,-0.000089,-0.038720,0.157318,0.298355,0.941391,-26.471240,1.599539,26.743880,-0.931599,0.235840,0.276558,0.000000,0.000000,0.000000,0.000000,0,0,3.647354,3.795181,0.000000,0.000000,-26.511330,1.596578,26.735520,4.002025,277.676200,1.464449,104.047200,98.172010,0.300000,1000.000000,0.900730,2468,2740,50.000000,off
1765874992651,2025-12-16 16:49:52.651,722.184000,7.616089,23,15,2,-0.020580,-0.003153,-0.035201,0.294205,0.283463,0.912735,-26.480590,1.595505,26.710390,-0.882942,0.227649,0.410587,0.000000,0.000000,0.000000,0.000000,0,0,3.647354,3.795181,0.000000,0.000000,-26.512840,1.596764,26.735500,3.935565,277.811500,1.482740,104.047200,98.172010,0.300000,1000.000000,0.900730,2468,2740,50.000000,off
1765874992662,2025-12-16 16:49:52.662,722.195100,7.627197,23,15,2,0.000614,-0.000876,-0.038279,0.190323,0.324539,0.926514,-26.476430,1.598659,26.730820,-0.912455,0.266387,0.310549,0.000000,0.000000,0.000000,0.000000,0,0,3.670502,3.668503,0.000000,0.000000,-26.514400,1.596943,26.735470,3.856243,277.929600,1.510601,104.047200,98.172010,0.300000,1000.000000,0.900730,2468,2740,50.000000,off
1765874992673,2025-12-16 16:49:52.673,722.206200,7.638245,23,15,2,0.013634,-0.000089,-0.038720,0.157318,0.298355,0.941391,-26.475750,1.599985,26.743510,-0.928795,0.240115,0.282255,0.000000,0.000000,0.000000,0.000000,0,0,3.618179,3.712265,0.000000,0.000000,-26.515890,1.597173,26.735420,3.757061,278.056800,1.530379,104.047200,98.172010,0.300000,1000.000000,0.900730,2468,2740,50.000000,off
1765874992684,2025-12-16 16:49:52.684,722.217300,7.649414,23,15,2,0.013634,-0.000089,-0.038720,0.157318,0.298355,0.941391,-26.477300,1.600147,26.743430,-0.927880,0.241858,0.283769,0.000000,0.000000,0.000000,0.000000,0,0,3.618179,3.712265,0.000000,0.000000,-26.517460,1.597396,26.735420,3.657022,278.162400,1.556891,104.047200,98.172010,0.300000,1000.000000,0.900730,2468,2740,50.000000,off
1765874992695,2025-12-16 16:49:52.695,722.228400,7.660461,23,15,2,-0.015322,-0.002797,-0.035489,0.285904,0.288223,0.913864,-26.486160,1.596765,26.715010,-0.880671,0.238479,0.409278,0.000000,0.000000,0.000000,0.000000,0,0,3.769104,3.844559,0.000000,0.000000,-26.519210,1.597766,26.735240,3.574431,278.302900,1.586877,104.047200,98.172010,0.300000,1000.000000,0.900730,2468,2740,50.000000,off
1765874992707,2025-12-16 16:49:52.707,722.239600,7.671631,23,15,2,-0.003520,-0.001963,-0.036217,0.245056,0.272873,0.930298,-26.485410,1.598139,26.726500,-0.900645,0.222410,0.373281,0.000000,0.000000,0.000000,0.000000,0,0,3.747330,3.905655,0.000000,0.000000,-26.520790,1.597988,26.735240,3.494468,278.423900,1.605963,104.047200,98.172010,0.300000,1000.000000,0.900730,2468,2740,50.000000,off
1765874992717,2025-12-16 16:49:52.717,722.250700,7.682800,23,15,2,-0.018476,-0.002968,-0.035472,0.278946,0.275696,0.919876,-26.489880,1.596875,26.711740,-0.884341,0.227621,0.407578,0.000000,0.000000,0.000000,0.000000,0,0,3.729614,3.882202,0.000000,0.000000,-26.522360,1.598223,26.735230,3.446251,278.579900,1.611108,104.047200,98.172010,0.300000,1000.000000,0.900730,2468,2740,50.000000,off
1765874992728,2025-12-16 16:49:52.728,722.261800,7.693848,23,15,2,-0.018476,-0.002968,-0.035472,0.278946,0.275696,0.919876,-26.491580,1.597074,26.711700,-0.883001,0.228473,0.410001,0.000000,0.000000,0.000000,0.000000,0,0,3.729614,3.882202,0.000000,0.000000,-26.523990,1.598453,26.735280,3.391706,278.736500,1.602873,104.047200,98.172010,0.300000,1000.000000,0.900730,2468,2740,50.000000,off
1765874992739,2025-12-16 16:49:52.739,722.272900,7.705017,23,15,2,-0.014169,-0.001921,-0.037709,0.211121,0.224457,0.951325,-26.490450,1.598602,26.715520,-0.919899,0.174201,0.351301,0.000000,0.000000,0.000000,0.000000,0,0,3.621964,3.615265,0.000000,0.000000,-26.525590,1.598708,26.735300,3.355853,278.900200,1.605420,104.047200,98.172010,0.300000,1000.000000,0.900730,2468,2740,50.000000,off
1765874992750,2025-12-16 16:49:52.750,722.284000,7.716064,23,15,2,-0.004341,-0.001239,-0.038320,0.177109,0.239349,0.954636,-26.489970,1.599832,26.725090,-0.928228,0.188673,0.320593,0.000000,0.000000,0.000000,0.000000,0,0,3.570007,3.681564,0.000000,0.000000,-26.527150,1.598977,26.735380,3.309608,279.063400,1.597090,104.047200,98.172010,0.300000,1000.000000,0.900730,2468,2740,50.000000,off
1765874992761,2025-12-16 16:49:52.761,722.295100,7.727173,23,15,2,-0.004341,-0.001239,-0.038320,0.177109,0.239349,0.954636,-26.491610,1.600107,26.725040,-0.927212,0.189536,0.323015,0.000000,0.000000,0.000000,0.000000,0,0,3.570007,3.681564,0.000000,0.000000,-26.528760,1.599287,26.735430,3.256836,279.212300,1.587791,104.047200,98.172010,0.300000,1000.000000,0.900730,2468,2740,50.000000,off
1765874992773,2025-12-16 16:49:52.773,722.306300,7.738342,23,15,2,-0.018476,-0.002968,-0.035472,0.278946,0.275696,0.919876,-26.498220,1.598143,26.711550,-0.877659,0.231422,0.419702,0.000000,0.000000,0.000000,0.000000,0,0,3.729614,3.882202,0.000000,0.000000,-26.530360,1.599633,26.735490,3.206885,279.371100,1.589032,104.047200,98.172010,0.300000,1000.000000,0.900730,2468,2740,50.000000,off
1765874992784,2025-12-16 16:49:52.784,722.317300,7.749390,23,15,2,-0.014169,-0.001921,-0.037709,0.211121,0.224457,0.951325,-26.497090,1.599750,26.715380,-0.915432,0.177833,0.361015,-37.621090,3.760717,31.102310,12.151480,Target28,Target,3.621964,3.615265,0.000000,0.000000,-26.532010,1.599997,26.735540,3.136038,279.509200,1.588171,104.047200,98.172010,0.300000,1000.000000,0.900730,2468,2740,50.000000,off
1765874992796,2025-12-16 16:49:52.796,722.328600,7.760681,23,15,2,-0.008702,-0.001452,-0.038328,0.177658,0.240036,0.954361,-26.497320,1.600773,26.720600,-0.923761,0.193434,0.330505,0.000000,0.000000,0.000000,0.000000,0,0,3.564209,3.709122,0.000000,0.000000,-26.533690,1.600412,26.735570,3.071251,279.656900,1.605298,104.047200,98.172010,0.300000,1000.000000,0.900730,2468,2740,50.000000,off
1765874992806,2025-12-16 16:49:52.806,722.339500,7.771606,23,15,2,-0.008702,-0.001452,-0.038328,0.177658,0.240036,0.954361,-26.499020,1.601107,26.720520,-0.922837,0.194360,0.332538,0.000000,0.000000,0.000000,0.000000,0,0,3.564209,3.709122,0.000000,0.000000,-26.535350,1.600783,26.735570,3.018027,279.787300,1.614711,104.047200,98.172010,0.300000,1000.000000,0.900730,2468,2740,50.000000,off
1765874992818,2025-12-16 16:49:52.818,722.350600,7.782654,23,15,2,-0.011923,-0.001661,-0.038212,0.180237,0.216644,0.959457,-26.501290,1.601182,26.717320,-0.925170,0.171776,0.338425,0.000000,0.000000,0.000000,0.000000,0,0,3.618942,3.623230,0.000000,0.000000,-26.536940,1.601202,26.735600,2.961792,279.916300,1.618216,104.047200,98.172010,0.300000,1000.000000,0.900730,2468,2740,50.000000,off
1765874992829,2025-12-16 16:49:52.829,722.361800,7.793823,23,15,2,-0.014545,-0.001780,-0.038225,0.177261,0.214890,0.960403,-26.503370,1.601362,26.714690,-0.925714,0.170453,0.337601,0.000000,0.000000,0.000000,0.000000,0,0,3.517532,3.619965,0.000000,0.000000,-26.538550,1.601597,26.735620,2.928846,280.035700,1.619185,104.047200,98.172010,0.300000,1000.000000,0.900730,2468,2740,50.000000,off
1765874992840,2025-12-16 16:49:52.840,722.372800,7.804871,23,15,2,-0.014545,-0.001780,-0.038225,0.177261,0.214890,0.960403,-26.505100,1.601759,26.714640,-0.924911,0.170897,0.339569,0.000000,0.000000,0.000000,0.000000,0,0,3.517532,3.619965,0.000000,0.000000,-26.540230,1.602010,26.735650,2.900991,280.156400,1.610076,104.047200,98.172010,0.300000,1000.000000,0.900730,2468,2740,50.000000,off
1765874992851,2025-12-16 16:49:52.851,722.384000,7.816040,23,15,2,-0.008724,-0.001528,-0.038131,0.167816,0.214722,0.962143,-26.505860,1.602596,26.720350,-0.927472,0.170830,0.332566,0.000000,0.000000,0.000000,0.000000,0,0,3.554031,3.611160,0.000000,0.000000,-26.541870,1.602453,26.735690,2.869522,280.273300,1.581653,104.047200,98.172010,0.300000,1000.000000,0.900730,2468,2740,50.000000,off
1765874992861,2025-12-16 16:49:52.861,722.395100,7.827148,23,15,2,-0.019213,-0.001930,-0.038262,0.171860,0.194321,0.965759,-26.509280,1.602306,26.709960,-0.928373,0.150899,0.339619,0.000000,0.000000,0.000000,0.000000,0,0,3.478409,3.584930,0.000000,0.000000,-26.543530,1.602862,26.735710,2.836285,280.397000,1.561294,104.047200,98.172010,0.300000,1000.000000,0.900730,2468,2740,50.000000,off
1765874992872,2025-12-16 16:49:52.872,722.406100,7.838196,23,15,2,-0.014545,-0.001780,-0.038225,0.177261,0.214890,0.960403,-26.510150,1.602982,26.714470,-0.922280,0.172416,0.345899,0.000000,0.000000,0.000000,0.000000,0,0,3.517532,3.619965,0.000000,0.000000,-26.545150,1.603280,26.735720,2.795835,280.532200,1.522390,104.047200,98.172010,0.300000,1000.000000,0.900730,2468,2740,50.000000,off
1765874992884,2025-12-16 16:49:52.884,722.417200,7.849304,23,15,2,-0.014545,-0.001780,-0.038225,0.177261,0.214890,0.960403,-26.511800,1.603385,26.714400,-0.921416,0.172756,0.348026,0.000000,0.000000,0.000000,0.000000,0,0,3.517532,3.619965,0.000000,0.000000,-26.546750,1.603692,26.735730,2.769419,280.657000,1.486516,104.047200,98.172010,0.300000,1000.000000,0.900730,2468,2740,50.000000,off
1765874992895,2025-12-16 16:49:52.895,722.428300,7.860413,23,15,2,-0.008724,-0.001528,-0.038131,0.167816,0.214722,0.962143,-26.512450,1.604174,26.720070,-0.923929,0.172664,0.341363,0.000000,0.000000,0.000000,0.000000,0,0,3.554031,3.611160,0.000000,0.000000,-26.548320,1.604097,26.735750,2.737559,280.789200,1.438642,104.047200,98.172010,0.300000,1000.000000,0.900730,2468,2740,50.000000,off
1765874992906,2025-12-16 16:49:52.906,722.439500,7.871582,23,15,2,-0.021336,-0.001942,-0.038491,0.157379,0.187958,0.969482,-26.515980,1.603812,26.707530,-0.930752,0.146197,0.335141,0.000000,0.000000,0.000000,0.000000,0,0,3.436096,3.674438,0.000000,0.000000,-26.549810,1.604473,26.735730,2.680923,280.921200,1.402436,104.047200,98.172010,0.300000,1000.000000,0.900730,2468,2740,50.000000,off
1765874992918,2025-12-16 16:49:52.918,722.450600,7.882690,23,15,2,-0.021336,-0.001942,-0.038491,0.157379,0.187958,0.969482,-26.517640,1.604183,26.707460,-0.929803,0.146846,0.337483,0.000000,0.000000,0.000000,0.000000,0,0,3.436096,3.674438,0.000000,0.000000,-26.551400,1.604856,26.735750,2.635100,281.056900,1.352812,104.047200,98.172010,0.300000,1000.000000,0.900730,2468,2740,50.000000,off
1765874992929,2025-12-16 16:49:52.929,722.461800,7.893860,23,15,2,-0.031081,-0.002423,-0.038346,0.183395,0.169403,0.968323,-26.521280,1.603813,26.697870,-0.921739,0.129997,0.365346,-37.654110,3.173928,31.110540,12.077950,Target28,Target,3.469543,3.549377,0.000000,0.000000,-26.552980,1.605220,26.735760,2.565839,281.191200,1.300075,104.047200,98.172010,0.300000,1000.000000,0.900730,2468,2740,50.000000,off
1765874992940,2025-12-16 16:49:52.940,722.473100,7.905151,23,15,2,-0.031172,-0.002055,-0.039449,0.130829,0.069153,0.988983,-26.521800,1.604550,26.697440,-0.946438,0.028649,0.321589,0.000000,0.000000,0.000000,0.000000,0,0,3.077347,3.094421,0.000000,0.000000,-26.554450,1.605562,26.735730,2.509477,281.336500,1.263169,104.047200,98.172010,0.300000,1000.000000,0.900730,2468,2740,50.000000,off
1765874992951,2025-12-16 16:49:52.951,722.483900,7.915955,23,15,2,-0.031234,-0.001682,-0.040198,0.081039,0.003021,0.996704,-26.522700,1.605242,26.697130,-0.959906,-0.037813,0.277754,0.000000,0.000000,0.000000,0.000000,0,0,-1.000000,2.914719,0.000000,0.000000,-26.555940,1.605870,26.735720,2.446872,281.491100,1.218557,104.047200,98.172010,0.300000,1000.000000,0.900730,2468,2740,50.000000,off
1765874992961,2025-12-16 16:49:52.961,722.495000,7.927063,23,15,2,-0.031234,-0.001682,-0.040198,0.081039,0.003021,0.996704,-26.524310,1.605510,26.697040,-0.959225,-0.036980,0.280208,0.000000,0.000000,0.000000,0.000000,0,0,-1.000000,2.914719,0.000000,0.000000,-26.557450,1.606151,26.735720,2.395697,281.637100,1.178540,104.047200,98.172010,0.300000,1000.000000,0.900730,2468,2740,50.000000,off
1765874992972,2025-12-16 16:49:52.972,722.506100,7.938171,23,15,1,0.000000,0.000000,0.000000,0.000000,0.000000,1.000000,0.000000,0.000000,0.000000,0.000000,0.000000,0.000000,0.000000,0.000000,0.000000,0.000000,0,0,0.000000,0.000000,0.000000,0.000000,-26.558860,1.606391,26.735690,2.349025,281.803600,1.159751,104.047200,98.172010,0.300000,1000.000000,0.900730,2468,2740,50.000000,off
1765874992984,2025-12-16 16:49:52.984,722.517300,7.949341,23,15,1,0.000000,0.000000,0.000000,0.000000,0.000000,1.000000,0.000000,0.000000,0.000000,0.000000,0.000000,0.000000,0.000000,0.000000,0.000000,0.000000,0,0,0.000000,0.000000,0.000000,0.000000,-26.560290,1.606570,26.735640,2.294732,281.982500,1.123877,104.047200,98.172010,0.300000,1000.000000,0.900730,2468,2740,50.000000,off
1765874992995,2025-12-16 16:49:52.995,722.528300,7.960327,23,15,1,0.000000,0.000000,0.000000,0.000000,0.000000,1.000000,0.000000,0.000000,0.000000,0.000000,0.000000,0.000000,0.000000,0.000000,0.000000,0.000000,0,0,0.000000,0.000000,0.000000,0.000000,-26.561580,1.606742,26.735680,2.255708,282.167900,1.093136,104.047200,98.172010,0.300000,1000.000000,0.900730,2468,2740,50.000000,off
1765874993006,2025-12-16 16:49:53.006,722.539400,7.971497,23,15,2,-0.031234,-0.001682,-0.040198,0.081039,0.003021,0.996704,-26.530320,1.606218,26.696600,-0.955703,-0.033837,0.292374,0.000000,0.000000,0.000000,0.000000,0,0,-1.000000,2.914719,0.000000,0.000000,-26.562960,1.606929,26.735690,2.205416,282.363300,1.061330,104.047200,98.172010,0.300000,1000.000000,0.900730,2468,2740,50.000000,off
1765874993017,2025-12-16 16:49:53.017,722.550600,7.982666,23,15,1,0.000000,0.000000,0.000000,0.000000,0.000000,1.000000,0.000000,0.000000,0.000000,0.000000,0.000000,0.000000,0.000000,0.000000,0.000000,0.000000,0,0,0.000000,0.000000,0.000000,0.000000,-26.564300,1.607102,26.735710,2.161661,282.568800,1.036931,104.047200,98.172010,0.300000,1000.000000,0.900730,2468,2740,50.000000,off
1765874993028,2025-12-16 16:49:53.028,722.561700,7.993774,23,15,1,0.000000,0.000000,0.000000,0.000000,0.000000,1.000000,0.000000,0.000000,0.000000,0.000000,0.000000,0.000000,0.000000,0.000000,0.000000,0.000000,0,0,0.000000,0.000000,0.000000,0.000000,-26.565620,1.607260,26.735740,2.095724,282.801000,1.007150,104.047200,98.172010,0.300000,1000.000000,0.900730,2468,2740,50.000000,off
1765874993039,2025-12-16 16:49:53.039,722.572800,8.004822,23,15,1,0.000000,0.000000,0.000000,0.000000,0.000000,1.000000,0.000000,0.000000,0.000000,0.000000,0.000000,0.000000,0.000000,0.000000,0.000000,0.000000,0,0,0.000000,0.000000,0.000000,0.000000,-26.566920,1.607417,26.735740,2.027496,283.024900,0.989835,104.047200,98.172010,0.300000,1000.000000,0.900730,2468,2740,50.000000,off
1765874993050,2025-12-16 16:49:53.050,722.583900,8.015930,23,15,2,-0.031079,-0.002551,-0.037809,0.141434,-0.219940,0.965195,-26.538310,1.605756,26.696960,-0.898328,-0.250629,0.360792,0.000000,0.000000,0.000000,0.000000,0,0,-1.000000,2.613068,0.000000,0.000000,-26.568070,1.607524,26.735860,1.972112,283.261700,0.958980,104.047200,98.172010,0.300000,1000.000000,0.900730,2468,2740,50.000000,off
1765874993061,2025-12-16 16:49:53.061,722.595000,8.027100,23,15,2,-0.031077,-0.002821,-0.037078,0.166428,0.118576,0.978897,-26.540380,1.605530,26.696980,-0.916898,0.088698,0.389139,-36.288380,2.548521,30.834110,10.631480,Target28,Target,-1.000000,3.297043,0.000000,0.000000,-26.569290,1.607622,26.735820,1.902327,283.491800,0.929407,104.047200,98.172010,0.300000,1000.000000,0.900730,2468,2740,50.000000,off
1765874993073,2025-12-16 16:49:53.073,722.606100,8.038208,23,15,2,-0.031077,-0.002821,-0.037078,0.166428,0.118576,0.978897,-26.541760,1.605588,26.696830,-0.914994,0.089718,0.393363,-36.170730,2.549737,30.836410,10.523530,Target28,Target,-1.000000,3.297043,0.000000,0.000000,-26.570480,1.607700,26.735810,1.835787,283.752200,0.887290,104.047200,98.172010,0.300000,1000.000000,0.900730,2468,2740,50.000000,off
1765874993084,2025-12-16 16:49:53.084,722.617400,8.049438,23,15,2,-0.030980,-0.002568,-0.037818,0.125641,0.199905,0.971710,-26.542310,1.605904,26.696560,-0.918740,0.171534,0.355615,0.000000,0.000000,0.000000,0.000000,0,0,3.472229,3.567734,0.000000,0.000000,-26.571590,1.607756,26.735750,1.775539,284.006500,0.845653,104.047200,98.172010,0.300000,1000.000000,0.900730,2468,2740,50.000000,off
1765874993095,2025-12-16 16:49:53.095,722.628400,8.060425,23,15,2,-0.031079,-0.002551,-0.037809,0.141434,-0.219940,0.965195,-26.543630,1.606021,26.696260,-0.892940,-0.246978,0.376348,0.000000,0.000000,0.000000,0.000000,0,0,-1.000000,2.613068,0.000000,0.000000,-26.572690,1.607858,26.735690,1.727891,284.281200,0.788318,104.047200,98.172010,0.300000,1000.000000,0.900730,2468,2740,50.000000,off
1765874993106,2025-12-16 16:49:53.106,722.639500,8.071533,23,15,2,-0.031077,-0.002821,-0.037078,0.166428,0.118576,0.978897,-26.545490,1.605799,26.696210,-0.908979,0.091679,0.406632,-35.815930,2.540814,30.843340,10.198730,Target28,Target,-1.000000,3.297043,0.000000,0.000000,-26.573640,1.607917,26.735590,1.694987,284.569200,0.730013,104.047200,98.172010,0.300000,1000.000000,0.900730,2468,2740,50.000000,off
1765874993117,2025-12-16 16:49:53.117,722.650700,8.082764,23,15,2,-0.031077,-0.002821,-0.037078,0.166428,0.118576,0.978897,-26.546680,1.605822,26.695970,-0.906868,0.092132,0.411218,-35.698040,2.535537,30.845640,10.091160,Target28,Target,-1.000000,3.297043,0.000000,0.000000,-26.574630,1.607928,26.735500,1.657151,284.850900,0.661781,104.047200,98.172010,0.300000,1000.000000,0.900730,2468,2740,50.000000,off
1765874993129,2025-12-16 16:49:53.129,722.662500,8.094604,23,15,2,-0.030971,-0.002628,-0.037680,0.113129,0.204208,0.972351,-26.547200,1.606049,26.695660,-0.914759,0.177872,0.362689,-37.729850,3.780481,31.129430,12.224490,Target28,Target,3.101334,3.663910,0.000000,0.000000,-26.575550,1.607938,26.735390,1.616414,285.151800,0.600028,104.047200,98.172010,0.300000,1000.000000,0.900730,2468,2740,50.000000,off
1765874993139,2025-12-16 16:49:53.139,722.673000,8.105042,23,15,2,-0.030920,-0.002596,-0.037776,0.119888,0.217728,0.968613,-26.548200,1.606093,26.695390,-0.907806,0.191941,0.372875,-36.609100,3.733307,30.827840,11.082590,Target28,Target,3.427292,3.773743,0.000000,0.000000,-26.576450,1.607928,26.735240,1.585531,285.431800,0.529063,104.047200,98.172010,0.300000,1000.000000,0.900730,2468,2740,50.000000,off
1765874993151,2025-12-16 16:49:53.151,722.684300,8.116333,23,15,2,-0.030857,-0.002797,-0.037227,0.103409,0.185883,0.977112,-26.549750,1.605865,26.695260,-0.917446,0.160202,0.364173,-37.704900,3.553746,31.123210,12.158880,Target28,Target,3.179062,3.651489,0.000000,0.000000,-26.577300,1.607896,26.735050,1.549182,285.721800,0.448470,104.047200,98.172010,0.300000,1000.000000,0.900730,2468,2740,50.000000,off
1765874993162,2025-12-16 16:49:53.162,722.695300,8.127319,23,15,2,-0.030857,-0.002797,-0.037227,0.103409,0.185883,0.977112,-26.550720,1.605868,26.694900,-0.915563,0.160448,0.368774,-37.285140,3.487020,31.018550,11.724360,Target28,Target,3.179062,3.651489,0.000000,0.000000,-26.578070,1.607869,26.734820,1.526090,285.994100,0.364282,104.047200,98.172010,0.300000,1000.000000,0.900730,2468,2740,50.000000,off
1765874993173,2025-12-16 16:49:53.173,722.706400,8.138489,23,15,2,-0.030438,-0.002930,-0.036917,0.099548,0.195145,0.975693,-26.551880,1.605777,26.694980,-0.913490,0.169883,0.369652,-37.158040,3.578219,30.986860,11.610400,Target28,Target,3.588043,3.640671,0.000000,0.000000,-26.578850,1.607874,26.734550,1.506244,286.285500,0.261857,104.047200,98.172010,0.300000,1000.000000,0.900730,2468,2740,50.000000,off
1765874993184,2025-12-16 16:49:53.184,722.717600,8.149658,23,15,2,-0.029618,-0.002731,-0.037430,0.081039,0.223938,0.971222,-26.552000,1.606021,26.695160,-0.913121,0.199229,0.355677,0.000000,0.000000,0.000000,0.000000,0,0,3.455887,3.835724,0.000000,0.000000,-26.579490,1.607869,26.734230,1.465651,286.571700,0.146111,104.047200,98.172010,0.300000,1000.000000,0.900730,2468,2740,50.000000,off
1765874993195,2025-12-16 16:49:53.195,722.728500,8.160522,23,15,2,-0.029618,-0.002731,-0.037430,0.081039,0.223938,0.971222,-26.552890,1.606061,26.694670,-0.911100,0.199521,0.360660,0.000000,0.000000,0.000000,0.000000,0,0,3.455887,3.835724,0.000000,0.000000,-26.580170,1.607868,26.733890,1.439067,286.859400,0.031303,104.047200,98.172010,0.300000,1000.000000,0.900730,2468,2740,50.000000,off
1765874993206,2025-12-16 16:49:53.206,722.739400,8.171509,23,15,2,-0.030857,-0.002797,-0.037227,0.103409,0.185883,0.977112,-26.554250,1.606018,26.693010,-0.907173,0.161892,0.388356,-36.230230,3.332770,30.835240,10.666040,Target28,Target,3.179062,3.651489,0.000000,0.000000,-26.580780,1.607869,26.733490,1.396062,287.146800,359.928200,104.047200,98.172010,0.300000,1000.000000,0.900730,2468,2740,50.000000,off
1765874993217,2025-12-16 16:49:53.217,722.750700,8.182739,23,15,2,-0.030438,-0.002930,-0.036917,0.099548,0.195145,0.975693,-26.555170,1.605922,26.692980,-0.905064,0.171809,0.388984,-36.194760,3.435809,30.835940,10.650550,Target28,Target,3.588043,3.640671,0.000000,0.000000,-26.581330,1.607891,26.733100,1.350002,287.423900,359.830800,104.047200,98.172010,0.300000,1000.000000,0.900730,2468,2740,50.000000,off
1765874993229,2025-12-16 16:49:53.229,722.762000,8.194031,23,15,2,-0.030067,-0.002914,-0.036994,0.076508,0.206863,0.975357,-26.555700,1.606030,26.692720,-0.909798,0.184314,0.371839,-36.670390,3.655144,30.826640,11.117330,Target28,Target,3.139847,3.814255,0.000000,0.000000,-26.581840,1.607970,26.732650,1.301607,287.712000,359.746500,104.047200,98.172010,0.300000,1000.000000,0.900730,2468,2740,50.000000,off
1765874993239,2025-12-16 16:49:53.239,722.772800,8.204895,23,15,2,-0.030067,-0.002914,-0.036994,0.076508,0.206863,0.975357,-26.556370,1.606073,26.692090,-0.907749,0.185574,0.376193,-36.539180,3.646885,30.829210,10.997150,Target28,Target,3.139847,3.814255,0.000000,0.000000,-26.582320,1.608036,26.732140,1.223914,287.980400,359.695600,104.047200,98.172010,0.300000,1000.000000,0.900730,2468,2740,50.000000,off
1765874993251,2025-12-16 16:49:53.251,722.784000,8.216064,23,15,2,-0.029032,-0.002899,-0.036916,0.046280,0.226181,0.972977,-26.556700,1.606065,26.692540,-0.913238,0.206602,0.351135,0.000000,0.000000,0.000000,0.000000,0,0,3.683807,3.876450,0.000000,0.000000,-26.582710,1.608064,26.731700,1.134494,288.243900,359.669600,104.047200,98.172010,0.300000,1000.000000,0.900730,2468,2740,50.000000,off
1765874993262,2025-12-16 16:49:53.262,722.794900,8.226990,23,15,2,-0.028449,-0.002811,-0.037095,0.057526,0.213654,0.975205,-26.556990,1.606177,26.692350,-0.909537,0.195927,0.366518,0.000000,0.000000,0.000000,0.000000,0,0,3.645126,3.834961,0.000000,0.000000,-26.583170,1.608162,26.731130,1.019660,288.512200,359.666100,104.047200,98.172010,0.300000,1000.000000,0.900730,2468,2740,50.000000,off
1765874993273,2025-12-16 16:49:53.273,722.806100,8.238159,23,15,2,-0.028449,-0.002811,-0.037095,0.057526,0.213654,0.975205,-26.557580,1.606193,26.691690,-0.907668,0.198232,0.369898,0.000000,0.000000,0.000000,0.000000,0,0,3.645126,3.834961,0.000000,0.000000,-26.583600,1.608282,26.730580,0.886913,288.742700,359.703000,104.047200,98.172010,0.300000,1000.000000,0.900730,2468,2740,50.000000,off
1765874993284,2025-12-16 16:49:53.284,722.817100,8.249146,23,15,2,-0.028412,-0.002771,-0.037283,0.040634,0.223145,0.973923,-26.558020,1.606278,26.690990,-0.910246,0.209811,0.356934,0.000000,0.000000,0.000000,0.000000,0,0,3.567596,3.829712,0.000000,0.000000,-26.584070,1.608429,26.730000,0.773363,288.976200,359.765400,104.047200,98.172010,0.300000,1000.000000,0.900730,2468,2740,50.000000,off
1765874993295,2025-12-16 16:49:53.295,722.828200,8.260254,23,15,2,-0.015116,-0.002041,-0.037358,-0.030685,0.211777,0.976822,-26.554140,1.607120,26.702870,-0.934841,0.200490,0.292999,0.000000,0.000000,0.000000,0.000000,0,0,3.524780,3.870499,0.000000,0.000000,-26.584480,1.608692,26.729430,0.665328,289.168200,359.867100,104.047200,98.172010,0.300000,1000.000000,0.900730,2468,2740,50.000000,off
1765874993306,2025-12-16 16:49:53.306,722.839400,8.271484,23,15,2,-0.028449,-0.002811,-0.037095,0.057526,0.213654,0.975205,-26.559210,1.606570,26.689690,-0.902939,0.203815,0.378340,0.000000,0.000000,0.000000,0.000000,0,0,3.645126,3.834961,0.000000,0.000000,-26.584800,1.608994,26.728840,0.575671,289.359200,359.970800,104.047200,98.172010,0.300000,1000.000000,0.900730,2468,2740,50.000000,off
1765874993317,2025-12-16 16:49:53.317,722.850400,8.282471,23,15,2,-0.028449,-0.002811,-0.037095,0.057526,0.213654,0.975205,-26.559700,1.606846,26.689040,-0.901788,0.205152,0.380357,0.000000,0.000000,0.000000,0.000000,0,0,3.645126,3.834961,0.000000,0.000000,-26.585180,1.609379,26.728250,0.504732,289.520800,0.097288,104.047200,98.172010,0.300000,1000.000000,0.900730,2468,2740,50.000000,off
1765874993329,2025-12-16 16:49:53.329,722.861600,8.293640,23,15,2,-0.028412,-0.002771,-0.037283,0.040634,0.223145,0.973923,-26.559860,1.607199,26.688280,-0.905091,0.215847,0.366321,0.000000,0.000000,0.000000,0.000000,0,0,3.567596,3.829712,0.000000,0.000000,-26.585410,1.609787,26.727600,0.437356,289.696500,0.204139,104.047200,98.172010,0.300000,1000.000000,0.900730,2468,2740,50.000000,off
1765874993340,2025-12-16 16:49:53.340,722.872700,8.304749,23,15,2,-0.013289,-0.001907,-0.037472,-0.028412,0.219681,0.975143,-26.554940,1.608526,26.701770,-0.928644,0.212902,0.303752,0.000000,0.000000,0.000000,0.000000,0,0,3.738434,3.898499,0.000000,0.000000,-26.585690,1.610248,26.726990,0.389016,289.847000,0.302979,104.047200,98.172010,0.300000,1000.000000,0.900730,2468,2740,50.000000,off
1765874993350,2025-12-16 16:49:53.350,722.883800,8.315857,23,15,2,-0.013289,-0.001907,-0.037472,-0.028412,0.219681,0.975143,-26.555260,1.608886,26.701090,-0.927740,0.213922,0.305789,0.000000,0.000000,0.000000,0.000000,0,0,3.738434,3.898499,0.000000,0.000000,-26.585940,1.610667,26.726390,0.326700,289.995300,0.382710,104.047200,98.172010,0.300000,1000.000000,0.900730,2468,2740,50.000000,off
1765874993361,2025-12-16 16:49:53.361,722.894800,8.326843,23,15,2,-0.026334,-0.002641,-0.037095,-0.012589,0.198685,0.979981,-26.560380,1.608426,26.688230,-0.925609,0.194035,0.324952,0.000000,0.000000,0.000000,0.000000,0,0,3.344757,3.839615,0.000000,0.000000,-26.586140,1.611101,26.725730,0.265612,290.170400,0.447412,104.047200,98.172010,0.300000,1000.000000,0.900730,2468,2740,50.000000,off
1765874993372,2025-12-16 16:49:53.372,722.905900,8.338013,23,15,2,-0.029212,-0.002850,-0.036814,-0.001663,0.184937,0.982742,-26.561950,1.608601,26.684950,-0.923258,0.181492,0.338587,0.000000,0.000000,0.000000,0.000000,0,0,3.515579,3.816681,0.000000,0.000000,-26.586350,1.611581,26.725110,0.199479,290.331800,0.507289,104.047200,98.172010,0.300000,1000.000000,0.900730,2468,2740,50.000000,off
1765874993383,2025-12-16 16:49:53.383,722.917100,8.349121,23,15,2,-0.029275,-0.002349,-0.038129,-0.054977,0.199829,0.978272,-26.561070,1.609505,26.683730,-0.936681,0.197023,0.289449,0.000000,0.000000,0.000000,0.000000,0,0,3.605240,3.824326,0.000000,0.000000,-26.586540,1.612057,26.724490,0.131700,290.502900,0.570241,104.047200,98.172010,0.300000,1000.000000,0.900730,2468,2740,50.000000,off
1765874993394,2025-12-16 16:49:53.394,722.928100,8.360168,23,15,2,-0.029275,-0.002349,-0.038129,-0.054977,0.199829,0.978272,-26.561330,1.609925,26.683070,-0.935819,0.198270,0.291377,0.000000,0.000000,0.000000,0.000000,0,0,3.605240,3.824326,0.000000,0.000000,-26.586710,1.612569,26.723890,0.054175,290.642000,0.647040,104.047200,98.172010,0.300000,1000.000000,0.900730,2468,2740,50.000000,off
1765874993406,2025-12-16 16:49:53.406,722.939300,8.371399,23,15,2,0.021017,0.000051,-0.038352,-0.165955,0.213089,0.962830,-26.543570,1.613354,26.729340,-0.959922,0.211629,0.183715,0.000000,0.000000,0.000000,0.000000,0,0,3.734116,3.703415,0.000000,0.000000,-26.586890,1.613062,26.723290,359.959700,290.772100,0.732224,104.047200,98.172010,0.300000,1000.000000,0.900730,2468,2740,50.000000,off
1765874993417,2025-12-16 16:49:53.417,722.950400,8.382507,23,15,2,-0.029212,-0.002850,-0.036814,-0.001663,0.184937,0.982742,-26.563030,1.610245,26.682320,-0.919310,0.187197,0.346140,0.000000,0.000000,0.000000,0.000000,0,0,3.515579,3.816681,0.000000,0.000000,-26.587020,1.613601,26.722700,359.865700,290.884800,0.825364,104.047200,98.172010,0.300000,1000.000000,0.900730,2468,2740,50.000000,off
1765874993428,2025-12-16 16:49:53.428,722.961400,8.393494,23,15,2,-0.029275,-0.002349,-0.038129,-0.054977,0.199829,0.978272,-26.562080,1.611118,26.681170,-0.933355,0.203213,0.295843,0.000000,0.000000,0.000000,0.000000,0,0,3.605240,3.824326,0.000000,0.000000,-26.587190,1.614107,26.722110,359.748200,290.994300,0.924446,104.047200,98.172010,0.300000,1000.000000,0.900730,2468,2740,50.000000,off
1765874993439,2025-12-16 16:49:53.439,722.972600,8.404663,23,15,2,-0.029275,-0.002349,-0.038129,-0.054977,0.199829,0.978272,-26.562230,1.611452,26.680590,-0.932643,0.205335,0.296620,0.000000,0.000000,0.000000,0.000000,0,0,3.605240,3.824326,0.000000,0.000000,-26.587280,1.614593,26.721560,359.616200,291.077500,1.050804,104.047200,98.172010,0.300000,1000.000000,0.900730,2468,2740,50.000000,off
1765874993450,2025-12-16 16:49:53.450,722.983700,8.415771,23,15,2,0.018557,-0.000084,-0.038314,-0.170303,0.220520,0.960388,-26.544910,1.614963,26.724490,-0.956802,0.225974,0.182877,0.000000,0.000000,0.000000,0.000000,0,0,3.749939,3.835571,0.000000,0.000000,-26.587340,1.615026,26.721010,359.463100,291.157100,1.173851,104.047200,98.172010,0.300000,1000.000000,0.900730,2468,2740,50.000000,off
1765874993461,2025-12-16 16:49:53.461,722.994800,8.426819,23,15,2,0.001772,-0.000972,-0.038072,-0.164429,0.220764,0.961350,-26.551270,1.614070,26.708310,-0.954900,0.228267,0.189808,0.000000,0.000000,0.000000,0.000000,0,0,3.721405,3.951019,0.000000,0.000000,-26.587380,1.615449,26.720450,359.326400,291.262000,1.298881,104.047200,98.172010,0.300000,1000.000000,0.900730,2468,2740,50.000000,off
1765874993472,2025-12-16 16:49:53.472,723.005900,8.437927,23,15,2,0.001772,-0.000972,-0.038072,-0.164429,0.220764,0.961350,-26.551350,1.614364,26.707800,-0.954253,0.230296,0.190611,0.000000,0.000000,0.000000,0.000000,0,0,3.721405,3.951019,0.000000,0.000000,-26.587440,1.615834,26.719980,359.181900,291.350500,1.430225,104.047200,98.172010,0.300000,1000.000000,0.900730,2468,2740,50.000000,off
1765874993484,2025-12-16 16:49:53.484,723.017300,8.449341,23,15,2,-0.018060,-0.001992,-0.037852,-0.151291,0.203842,0.967239,-26.558890,1.613028,26.688960,-0.954316,0.215895,0.206552,0.000000,0.000000,0.000000,0.000000,0,0,3.642136,3.937164,0.000000,0.000000,-26.587490,1.616148,26.719530,359.035600,291.453100,1.561386,104.047200,98.172010,0.300000,1000.000000,0.900730,2468,2740,50.000000,off
1765874993495,2025-12-16 16:49:53.495,723.028200,8.460266,23,14,2,-0.005740,-0.001668,-0.037476,-0.217987,0.177490,0.959671,-36.754810,1.613928,26.700120,-0.971403,0.188885,0.143836,0.000000,0.000000,0.000000,0.000000,0,0,3.758179,4.062515,0.000000,0.000000,-36.787540,1.616463,26.719160,358.930900,291.554700,1.683459,104.047200,98.172010,0.300000,1000.000000,0.900730,2468,2740,50.000000,off
1765874993506,2025-12-16 16:49:53.506,723.039200,8.471252,23,14,2,-0.005740,-0.001668,-0.037476,-0.217987,0.177490,0.959671,-36.754820,1.614079,26.699660,-0.970896,0.190392,0.145263,0.000000,0.000000,0.000000,0.000000,0,0,3.758179,4.062515,0.000000,0.000000,-36.787500,1.616706,26.718770,358.810200,291.668700,1.813641,104.047200,98.172010,0.300000,1000.000000,0.900730,2468,2740,50.000000,off
1765874993517,2025-12-16 16:49:53.517,723.050300,8.482361,23,14,2,0.000361,-0.001381,-0.037561,-0.192429,0.134888,0.971985,-36.752530,1.614767,26.704880,-0.972813,0.149495,0.176819,0.000000,0.000000,0.000000,0.000000,0,0,3.569656,3.893005,0.000000,0.000000,-36.787520,1.616958,26.718430,358.744600,291.789900,1.958914,104.047200,98.172010,0.300000,1000.000000,0.900730,2468,2740,50.000000,off
1765874993528,2025-12-16 16:49:53.528,723.061400,8.493469,23,14,2,-0.018060,-0.001992,-0.037852,-0.151291,0.203842,0.967239,-36.759160,1.613595,26.687430,-0.952149,0.220469,0.211657,0.000000,0.000000,0.000000,0.000000,0,0,3.642136,3.937164,0.000000,0.000000,-36.787510,1.617130,26.718190,358.672400,291.897800,2.117549,104.047200,98.172010,0.300000,1000.000000,0.900730,2468,2740,50.000000,off
1765874993539,2025-12-16 16:49:53.539,723.072500,8.504578,23,14,2,-0.005740,-0.001668,-0.037476,-0.217987,0.177490,0.959671,-36.754950,1.614557,26.698590,-0.969872,0.192099,0.149788,0.000000,0.000000,0.000000,0.000000,0,0,3.758179,4.062515,0.000000,0.000000,-36.787510,1.617368,26.717880,358.598800,292.025900,2.278583,104.047200,98.172010,0.300000,1000.000000,0.900730,2468,2740,50.000000,off
1765874993550,2025-12-16 16:49:53.550,723.083600,8.515686,23,14,2,-0.005740,-0.001668,-0.037476,-0.217987,0.177490,0.959671,-36.754990,1.614687,26.698320,-0.969563,0.192652,0.151069,0.000000,0.000000,0.000000,0.000000,0,0,3.758179,4.062515,0.000000,0.000000,-36.787510,1.617566,26.717660,358.523200,292.135900,2.458835,104.047200,98.172010,0.300000,1000.000000,0.900730,2468,2740,50.000000,off
1765874993561,2025-12-16 16:49:53.561,723.094700,8.526794,23,14,2,0.016410,-0.000632,-0.037577,-0.228653,0.162872,0.959778,-36.746530,1.616890,26.718390,-0.973494,0.178155,0.143367,0.000000,0.000000,0.000000,0.000000,0,0,3.727493,3.937759,0.000000,0.000000,-36.787520,1.617784,26.717410,358.442200,292.251400,2.651598,104.047200,98.172010,0.300000,1000.000000,0.900730,2468,2740,50.000000,off
1765874993573,2025-12-16 16:49:53.573,723.106000,8.538025,23,14,2,0.016179,-0.000819,-0.037170,-0.212082,0.143646,0.966629,-36.746960,1.616869,26.718130,-0.973441,0.160559,0.163151,0.000000,0.000000,0.000000,0.000000,0,0,3.633987,3.952026,0.000000,0.000000,-36.787480,1.617947,26.717260,358.358000,292.332000,2.851966,104.047200,98.172010,0.300000,1000.000000,0.900730,2468,2740,50.000000,off
1765874993584,2025-12-16 16:49:53.584,723.117100,8.549194,23,14,2,0.016509,-0.000680,-0.037630,-0.236221,0.182556,0.954392,-36.746330,1.617238,26.718010,-0.970816,0.198132,0.135095,0.000000,0.000000,0.000000,0.000000,0,0,3.896484,3.992508,0.000000,0.000000,-36.787410,1.618161,26.717090,358.291000,292.432700,3.046229,104.047200,98.172010,0.300000,1000.000000,0.900730,2468,2740,50.000000,off
1765874993595,2025-12-16 16:49:53.595,723.128700,8.560791,23,14,2,0.016509,-0.000680,-0.037630,-0.236221,0.182556,0.954392,-36.746280,1.617469,26.717820,-0.970617,0.198453,0.136050,0.000000,0.000000,0.000000,0.000000,0,0,3.896484,3.992508,0.000000,0.000000,-36.787360,1.618383,26.716970,358.223100,292.524000,3.233670,104.047200,98.172010,0.300000,1000.000000,0.900730,2468,2740,50.000000,off
1765874993606,2025-12-16 16:49:53.606,723.139200,8.571289,23,14,2,-0.024435,-0.002505,-0.038074,-0.206619,0.154114,0.966202,-36.761560,1.613436,26.679920,-0.970094,0.172477,0.170757,0.000000,0.000000,0.000000,0.000000,0,0,3.434219,3.969940,0.000000,0.000000,-36.787250,1.618604,26.716880,358.163400,292.614300,3.401275,104.047200,98.172010,0.300000,1000.000000,0.900730,2468,2740,50.000000,off
1765874993617,2025-12-16 16:49:53.617,723.150300,8.582336,23,14,2,-0.029488,-0.002616,-0.038454,-0.220917,0.160233,0.962036,-36.763160,1.613117,26.675030,-0.971449,0.178138,0.156671,0.000000,0.000000,0.000000,0.000000,0,0,3.483139,4.037506,0.000000,0.000000,-36.787180,1.618830,26.716800,358.095400,292.703600,3.550006,104.047200,98.172010,0.300000,1000.000000,0.900730,2468,2740,50.000000,off
1765874993628,2025-12-16 16:49:53.628,723.161400,8.593445,23,14,2,-0.029488,-0.002616,-0.038454,-0.220917,0.160233,0.962036,-36.763100,1.613246,26.674980,-0.971207,0.178570,0.157680,0.000000,0.000000,0.000000,0.000000,0,0,3.483139,4.037506,0.000000,0.000000,-36.787060,1.619067,26.716780,358.037100,292.785600,3.684955,104.047200,98.172010,0.300000,1000.000000,0.900730,2468,2740,50.000000,off
1765874993639,2025-12-16 16:49:53.639,723.172500,8.604553,23,14,2,0.016509,-0.000680,-0.037630,-0.236221,0.182556,0.954392,-36.745840,1.618352,26.717320,-0.969692,0.200058,0.140230,0.000000,0.000000,0.000000,0.000000,0,0,3.896484,3.992508,0.000000,0.000000,-36.786920,1.619263,26.716730,357.977600,292.879500,3.804286,104.047200,98.172010,0.300000,1000.000000,0.900730,2468,2740,50.000000,off
1765874993650,2025-12-16 16:49:53.650,723.183700,8.615723,23,14,2,-0.024435,-0.002505,-0.038074,-0.206619,0.154114,0.966202,-36.761310,1.613930,26.679680,-0.968874,0.174546,0.175514,0.000000,0.000000,0.000000,0.000000,0,0,3.434219,3.969940,0.000000,0.000000,-36.786750,1.619468,26.716760,357.926600,292.977900,3.906200,104.047200,98.172010,0.300000,1000.000000,0.900730,2468,2740,50.000000,off
1765874993662,2025-12-16 16:49:53.662,723.194800,8.626831,23,14,2,-0.029553,-0.002609,-0.038481,-0.219589,0.163147,0.961838,-36.762810,1.613519,26.674840,-0.969601,0.182993,0.162347,0.000000,0.000000,0.000000,0.000000,0,0,3.462616,4.037415,0.000000,0.000000,-36.786550,1.619606,26.716790,357.875300,293.061200,3.999349,104.047200,98.172010,0.300000,1000.000000,0.900730,2468,2740,50.000000,off
1765874993673,2025-12-16 16:49:53.673,723.205800,8.637878,23,14,2,-0.029553,-0.002609,-0.038481,-0.219589,0.163147,0.961838,-36.762650,1.613613,26.674870,-0.969369,0.183384,0.163284,0.000000,0.000000,0.000000,0.000000,0,0,3.462616,4.037415,0.000000,0.000000,-36.786340,1.619764,26.716840,357.834700,293.129300,4.070376,104.047200,98.172010,0.300000,1000.000000,0.900730,2468,2740,50.000000,off
1765874993684,2025-12-16 16:49:53.684,723.216900,8.648987,23,14,2,-0.029603,-0.002622,-0.038449,-0.216507,0.157471,0.963486,-36.762460,1.613714,26.674840,-0.969411,0.178681,0.168204,0.000000,0.000000,0.000000,0.000000,0,0,3.468796,4.020294,0.000000,0.000000,-36.786050,1.619938,26.716860,357.782900,293.198100,4.118762,104.047200,98.172010,0.300000,1000.000000,0.900730,2468,2740,50.000000,off
1765874993695,2025-12-16 16:49:53.695,723.228000,8.660034,23,14,2,-0.029622,-0.002633,-0.038450,-0.213547,0.157761,0.964096,-36.762270,1.613821,26.674900,-0.968514,0.179849,0.172066,0.000000,0.000000,0.000000,0.000000,0,0,3.501465,4.010086,0.000000,0.000000,-36.785800,1.620118,26.716960,357.732600,293.263700,4.169427,104.047200,98.172010,0.300000,1000.000000,0.900730,2468,2740,50.000000,off
1765874993706,2025-12-16 16:49:53.706,723.239100,8.671204,23,14,2,-0.029622,-0.002633,-0.038450,-0.213547,0.157761,0.964096,-36.761930,1.613913,26.675040,-0.968201,0.180643,0.172995,0.000000,0.000000,0.000000,0.000000,0,0,3.501465,4.010086,0.000000,0.000000,-36.785410,1.620261,26.717120,357.678500,293.326400,4.197765,104.047200,98.172010,0.300000,1000.000000,0.900730,2468,2740,50.000000,off
1765874993717,2025-12-16 16:49:53.717,723.250200,8.682251,23,14,2,-0.029568,-0.002681,-0.038508,-0.262116,0.125336,0.956848,-36.761620,1.613973,26.675210,-0.980864,0.145265,0.129520,0.000000,0.000000,0.000000,0.000000,0,0,3.396988,3.984528,0.000000,0.000000,-36.785120,1.620415,26.717290,357.624400,293.397200,4.223036,104.047200,98.172010,0.300000,1000.000000,0.900730,2468,2740,50.000000,off
1765874993727,2025-12-16 16:49:53.727,723.261400,8.693420,23,14,2,-0.029603,-0.002622,-0.038449,-0.216507,0.157471,0.963486,-36.761340,1.614166,26.675400,-0.968166,0.181487,0.172319,0.000000,0.000000,0.000000,0.000000,0,0,3.468796,4.020294,0.000000,0.000000,-36.784720,1.620560,26.717530,357.594600,293.466500,4.204350,104.047200,98.172010,0.300000,1000.000000,0.900730,2468,2740,50.000000,off
1765874993738,2025-12-16 16:49:53.738,723.272400,8.704468,23,14,2,-0.029622,-0.002633,-0.038450,-0.213547,0.157761,0.964096,-36.761070,1.614266,26.675600,-0.967188,0.182599,0.176568,0.000000,0.000000,0.000000,0.000000,0,0,3.501465,4.010086,0.000000,0.000000,-36.784370,1.620685,26.717770,357.564000,293.545000,4.186436,104.047200,98.172010,0.300000,1000.000000,0.900730,2468,2740,50.000000,off
1765874993750,2025-12-16 16:49:53.750,723.283600,8.715698,23,14,2,-0.029622,-0.002633,-0.038450,-0.213547,0.157761,0.964096,-36.760660,1.614394,26.675860,-0.966838,0.182850,0.178219,0.000000,0.000000,0.000000,0.000000,0,0,3.501465,4.010086,0.000000,0.000000,-36.783900,1.620799,26.718070,357.557000,293.638900,4.152340,104.047200,98.172010,0.300000,1000.000000,0.900730,2468,2740,50.000000,off
1765874993761,2025-12-16 16:49:53.761,723.294800,8.726868,23,14,2,-0.029286,-0.002650,-0.038569,-0.272476,0.109146,0.955948,-36.760010,1.614531,26.676450,-0.983324,0.130062,0.127088,0.000000,0.000000,0.000000,0.000000,0,0,3.352692,3.893433,0.000000,0.000000,-36.783410,1.620904,26.718450,357.558400,293.742000,4.093038,104.047200,98.172010,0.300000,1000.000000,0.900730,2468,2740,50.000000,off
1765874993772,2025-12-16 16:49:53.772,723.305700,8.737793,23,14,2,-0.024687,-0.002497,-0.038379,-0.237686,0.117218,0.964233,-36.757940,1.615158,26.681060,-0.976392,0.141034,0.163551,0.000000,0.000000,0.000000,0.000000,0,0,3.331741,3.992844,0.000000,0.000000,-36.782960,1.621008,26.718860,357.568900,293.857400,4.030032,104.047200,98.172010,0.300000,1000.000000,0.900730,2468,2740,50.000000,off
1765874993783,2025-12-16 16:49:53.783,723.316800,8.748840,23,14,2,-0.024687,-0.002497,-0.038379,-0.237686,0.117218,0.964233,-36.757400,1.615296,26.681470,-0.975923,0.141192,0.166193,0.000000,0.000000,0.000000,0.000000,0,0,3.331741,3.992844,0.000000,0.000000,-36.782330,1.621103,26.719340,357.580700,294.004300,3.946773,104.047200,98.172010,0.300000,1000.000000,0.900730,2468,2740,50.000000,off
1765874993794,2025-12-16 16:49:53.794,723.327900,8.760010,23,14,2,-0.026842,-0.002576,-0.038463,-0.244858,0.120453,0.962036,-36.757780,1.615180,26.679910,-0.976334,0.143746,0.161513,0.000000,0.000000,0.000000,0.000000,0,0,3.335632,3.995392,0.000000,0.000000,-36.781780,1.621161,26.719850,357.607500,294.171100,3.864753,104.047200,98.172010,0.300000,1000.000000,0.900730,2468,2740,50.000000,off
1765874993805,2025-12-16 16:49:53.805,723.339100,8.771118,23,14,2,-0.027646,-0.002609,-0.038557,-0.220047,0.121033,0.967941,-36.757600,1.615157,26.679730,-0.970982,0.145596,0.189673,0.000000,0.000000,0.000000,0.000000,0,0,2.970810,4.031540,0.000000,0.000000,-36.781220,1.621170,26.720520,357.658200,294.353800,3.812407,104.047200,98.172010,0.300000,1000.000000,0.900730,2468,2740,50.000000,off
1765874993816,2025-12-16 16:49:53.816,723.350200,8.782227,23,14,2,-0.001094,-0.002211,-0.036686,0.331116,0.079575,0.940216,-36.747760,1.617469,26.705120,-0.715659,0.138789,0.684504,0.000000,0.000000,0.000000,0.000000,0,0,4.195099,4.114700,0.000000,0.000000,-36.780630,1.621219,26.721180,357.697200,294.555200,3.755560,104.047200,98.172010,0.300000,1000.000000,0.900730,2468,2740,50.000000,off
1765874993827,2025-12-16 16:49:53.827,723.361300,8.793335,23,14,2,-0.001094,-0.002211,-0.036686,0.331116,0.079575,0.940216,-36.747140,1.617508,26.705750,-0.713393,0.138134,0.686998,0.000000,0.000000,0.000000,0.000000,0,0,4.195099,4.114700,0.000000,0.000000,-36.779950,1.621237,26.721920,357.731000,294.749900,3.737315,104.047200,98.172010,0.300000,1000.000000,0.900730,2468,2740,50.000000,off
1765874993839,2025-12-16 16:49:53.839,723.372400,8.804504,23,14,2,-0.001090,-0.002214,-0.036692,0.342117,0.075424,0.936615,-36.746540,1.617607,26.706390,-0.703281,0.134048,0.698146,0.000000,0.000000,0.000000,0.000000,0,0,4.104523,4.290024,0.000000,0.000000,-36.779310,1.621322,26.722670,357.755400,294.939000,3.716190,104.047200,98.172010,0.300000,1000.000000,0.900730,2468,2740,50.000000,off
1765874993850,2025-12-16 16:49:53.850,723.383500,8.815552,23,14,2,-0.027646,-0.002609,-0.038557,-0.220047,0.121033,0.967941,-36.755550,1.615451,26.682350,-0.968493,0.144160,0.203025,0.000000,0.000000,0.000000,0.000000,0,0,2.970810,4.031540,0.000000,0.000000,-36.778630,1.621351,26.723460,357.764400,295.127600,3.724555,104.047200,98.172010,0.300000,1000.000000,0.900730,2468,2740,50.000000,off
1765874993861,2025-12-16 16:49:53.861,723.394700,8.826721,23,14,2,-0.001094,-0.002211,-0.036686,0.331116,0.079575,0.940216,-36.745320,1.617675,26.707770,-0.706884,0.137209,0.693877,0.000000,0.000000,0.000000,0.000000,0,0,4.195099,4.114700,0.000000,0.000000,-36.777970,1.621370,26.724260,357.783800,295.299100,3.726278,104.047200,98.172010,0.300000,1000.000000,0.900730,2468,2740,50.000000,off
1765874993872,2025-12-16 16:49:53.872,723.405700,8.837769,23,14,2,-0.001094,-0.002211,-0.036686,0.331116,0.079575,0.940216,-36.744690,1.617703,26.708470,-0.704908,0.136874,0.695950,0.000000,0.000000,0.000000,0.000000,0,0,4.195099,4.114700,0.000000,0.000000,-36.777310,1.621377,26.725050,357.816200,295.469400,3.760591,104.047200,98.172010,0.300000,1000.000000,0.900730,2468,2740,50.000000,off
1765874993883,2025-12-16 16:49:53.883,723.416800,8.848877,23,14,2,-0.001095,-0.002227,-0.036664,0.339218,0.074585,0.937729,-36.744080,1.617624,26.709210,-0.697505,0.131888,0.704315,0.000000,0.000000,0.000000,0.000000,0,0,4.082901,4.354492,0.000000,0.000000,-36.776630,1.621287,26.725860,357.858600,295.616400,3.802358,104.047200,98.172010,0.300000,1000.000000,0.900730,2468,2740,50.000000,off
1765874993894,2025-12-16 16:49:53.894,723.427900,8.859924,23,14,2,-0.008142,-0.002608,-0.036579,0.312180,0.074234,0.947113,-36.746580,1.616716,26.703690,-0.716153,0.129438,0.685828,0.000000,0.000000,0.000000,0.000000,0,0,4.051392,4.290833,0.000000,0.000000,-36.775940,1.621192,26.726690,357.921300,295.758600,3.872259,104.047200,98.172010,0.300000,1000.000000,0.900730,2468,2740,50.000000,off
1765874993905,2025-12-16 16:49:53.905,723.439000,8.871094,23,14,2,-0.008142,-0.002608,-0.036579,0.312180,0.074234,0.947113,-36.745930,1.616548,26.704450,-0.715070,0.128738,0.687089,0.000000,0.000000,0.000000,0.000000,0,0,4.051392,4.290833,0.000000,0.000000,-36.775250,1.620992,26.727490,357.985500,295.862900,3.939045,104.047200,98.172010,0.300000,1000.000000,0.900730,2468,2740,50.000000,off
1765874993917,2025-12-16 16:49:53.917,723.450200,8.882263,23,14,2,-0.017162,-0.003223,-0.036079,0.363632,0.064102,0.929321,-36.749680,1.615128,26.697380,-0.675607,0.120987,0.727251,0.000000,0.000000,0.000000,0.000000,0,0,4.024506,4.322632,0.000000,0.000000,-36.774570,1.620771,26.728290,358.048400,295.952200,4.012646,104.047200,98.172010,0.300000,1000.000000,0.900730,2468,2740,50.000000,off
1765874993928,2025-12-16 16:49:53.928,723.461200,8.893311,23,14,2,-0.007556,-0.002438,-0.036834,0.303742,0.073425,0.949905,-36.744160,1.616248,26.706340,-0.720025,0.126004,0.682391,0.000000,0.000000,0.000000,0.000000,0,0,3.936844,4.208054,0.000000,0.000000,-36.773930,1.620425,26.729050,358.117800,295.996700,4.081026,104.047200,98.172010,0.300000,1000.000000,0.900730,2468,2740,50.000000,off
1765874993939,2025-12-16 16:49:53.939,723.472300,8.904358,23,14,2,-0.008142,-0.002608,-0.036579,0.312180,0.074234,0.947113,-36.744040,1.615637,26.706670,-0.713628,0.126395,0.689020,0.000000,0.000000,0.000000,0.000000,0,0,4.051392,4.290833,0.000000,0.000000,-36.773320,1.619977,26.729800,358.192300,296.026900,4.137687,104.047200,98.172010,0.300000,1000.000000,0.900730,2468,2740,50.000000,off
1765874993950,2025-12-16 16:49:53.950,723.483500,8.915527,23,14,2,-0.008142,-0.002608,-0.036579,0.312180,0.074234,0.947113,-36.743370,1.615259,26.707340,-0.713857,0.124945,0.689048,0.000000,0.000000,0.000000,0.000000,0,0,4.051392,4.290833,0.000000,0.000000,-36.772660,1.619541,26.730460,358.294000,296.026700,4.180188,104.047200,98.172010,0.300000,1000.000000,0.900730,2468,2740,50.000000,off
1765874993961,2025-12-16 16:49:53.961,723.494600,8.926636,23,14,2,-0.017162,-0.003223,-0.036079,0.363632,0.064102,0.929321,-36.747060,1.613538,26.700150,-0.676112,0.116193,0.727563,0.000000,0.000000,0.000000,0.000000,0,0,4.024506,4.322632,0.000000,0.000000,-36.771980,1.619004,26.731060,358.415400,295.973600,4.194724,104.047200,98.172010,0.300000,1000.000000,0.900730,2468,2740,50.000000,off
1765874993972,2025-12-16 16:49:53.972,723.505700,8.937744,23,14,2,-0.009580,-0.002524,-0.036899,0.295761,0.051605,0.953857,-36.742290,1.614334,26.707100,-0.728906,0.096911,0.677707,0.000000,0.000000,0.000000,0.000000,0,0,3.946182,4.145798,0.000000,0.000000,-36.771310,1.618473,26.731610,358.566400,295.902800,4.188518,104.047200,98.172010,0.300000,1000.000000,0.900730,2468,2740,50.000000,off
1765874993983,2025-12-16 16:49:53.983,723.516800,8.948853,23,14,2,-0.009580,-0.002524,-0.036899,0.295761,0.051605,0.953857,-36.741530,1.613881,26.707600,-0.730677,0.093895,0.676223,0.000000,0.000000,0.000000,0.000000,0,0,3.946182,4.145798,0.000000,0.000000,-36.770610,1.617904,26.732050,358.735300,295.772800,4.147248,104.047200,98.172010,0.300000,1000.000000,0.900730,2468,2740,50.000000,off
1765874993995,2025-12-16 16:49:53.995,723.527900,8.959961,23,14,2,-0.001634,-0.002039,-0.037193,0.287964,0.060715,0.955704,-36.737050,1.614535,26.715110,-0.737473,0.099270,0.668026,0.000000,0.000000,0.000000,0.000000,0,0,3.931335,4.144928,0.000000,0.000000,-36.769890,1.617397,26.732530,358.903800,295.652100,4.070333,104.047200,98.172010,0.300000,1000.000000,0.900730,2468,2740,50.000000,off
1765874994006,2025-12-16 16:49:54.006,723.539000,8.971069,23,14,2,0.006617,-0.001367,-0.037817,0.187714,0.068558,0.979813,-36.732170,1.615464,26.722610,-0.804472,0.096967,0.585996,0.000000,0.000000,0.000000,0.000000,0,0,3.730011,3.970795,0.000000,0.000000,-36.769170,1.616975,26.732840,359.085800,295.502400,3.955821,104.047200,98.172010,0.300000,1000.000000,0.900730,2468,2740,50.000000,off
1765874994017,2025-12-16 16:49:54.017,723.550000,8.982117,23,14,2,0.027609,-0.000816,-0.036086,-0.085571,0.023529,0.996048,-36.723960,1.617182,26.742670,-0.937042,0.030672,0.347849,0.000000,0.000000,0.000000,0.000000,0,0,3.547653,4.146484,0.000000,0.000000,-36.768400,1.616625,26.733180,359.258200,295.356400,3.818868,104.047200,98.172010,0.300000,1000.000000,0.900730,2468,2740,50.000000,off
1765874994028,2025-12-16 16:49:54.028,723.561200,8.993286,23,14,2,0.027609,-0.000816,-0.036086,-0.085571,0.023529,0.996048,-36.723190,1.616866,26.742970,-0.937904,0.028241,0.345727,0.000000,0.000000,0.000000,0.000000,0,0,3.547653,4.146484,0.000000,0.000000,-36.767600,1.616288,26.733370,359.411700,295.222000,3.661488,104.047200,98.172010,0.300000,1000.000000,0.900730,2468,2740,50.000000,off
1765874994039,2025-12-16 16:49:54.039,723.572300,9.004333,23,14,2,0.001331,-0.001691,-0.037168,-0.311127,0.223709,0.923660,-36.732540,1.614131,26.719110,-0.972534,0.211556,0.097031,0.000000,0.000000,0.000000,0.000000,0,0,3.720230,4.151062,0.000000,0.000000,-36.766800,1.616026,26.733550,359.554100,295.067400,3.486436,104.047200,98.172010,0.300000,1000.000000,0.900730,2468,2740,50.000000,off
1765874994050,2025-12-16 16:49:54.050,723.583400,9.015442,23,14,2,0.006617,-0.001367,-0.037817,0.187714,0.068558,0.979813,-36.728830,1.614609,26.723820,-0.811006,0.084698,0.578848,0.000000,0.000000,0.000000,0.000000,0,0,3.730011,3.970795,0.000000,0.000000,-36.765940,1.615797,26.733680,359.686500,294.909400,3.327843,104.047200,98.172010,0.300000,1000.000000,0.900730,2468,2740,50.000000,off
1765874994062,2025-12-16 16:49:54.062,723.595300,9.027344,23,14,2,0.006617,-0.001367,-0.037817,0.187714,0.068558,0.979813,-36.727900,1.614515,26.723940,-0.812666,0.082691,0.576807,0.000000,0.000000,0.000000,0.000000,0,0,3.730011,3.970795,0.000000,0.000000,-36.765040,1.615659,26.733700,359.777100,294.748700,3.184393,104.047200,98.172010,0.300000,1000.000000,0.900730,2468,2740,50.000000,off
1765874994073,2025-12-16 16:49:54.073,723.605600,9.037659,23,14,2,0.027609,-0.000816,-0.036086,-0.085571,0.023529,0.996048,-36.719820,1.616186,26.743870,-0.941889,0.021299,0.335229,0.000000,0.000000,0.000000,0.000000,0,0,3.547653,4.146484,0.000000,0.000000,-36.764120,1.615603,26.733760,359.861600,294.566900,3.082248,104.047200,98.172010,0.300000,1000.000000,0.900730,2468,2740,50.000000,off
1765874994084,2025-12-16 16:49:54.084,723.616800,9.048889,23,14,2,0.001331,-0.001587,-0.037340,-0.351837,0.231049,0.907089,-36.728570,1.614087,26.719640,-0.975847,0.214181,0.042805,0.000000,0.000000,0.000000,0.000000,0,0,3.808487,4.025330,0.000000,0.000000,-36.763170,1.615677,26.733750,359.885300,294.354200,2.992658,104.047200,98.172010,0.300000,1000.000000,0.900730,2468,2740,50.000000,off
1765874994095,2025-12-16 16:49:54.095,723.627900,9.059937,23,14,2,0.031861,-0.000170,-0.037054,-0.320740,0.161697,0.933243,-36.715390,1.617173,26.747590,-0.985750,0.146911,0.081705,0.000000,0.000000,0.000000,0.000000,0,0,3.639511,4.247147,0.000000,0.000000,-36.762230,1.615775,26.733700,359.875900,294.145800,2.965134,104.047200,98.172010,0.300000,1000.000000,0.900730,2468,2740,50.000000,off
1765874994106,2025-12-16 16:49:54.106,723.638900,9.070984,23,14,2,0.031861,-0.000170,-0.037054,-0.320740,0.161697,0.933243,-36.714550,1.617256,26.747690,-0.986011,0.147240,0.077883,0.000000,0.000000,0.000000,0.000000,0,0,3.639511,4.247147,0.000000,0.000000,-36.761330,1.615878,26.733630,359.863400,293.921500,2.943230,104.047200,98.172010,0.300000,1000.000000,0.900730,2468,2740,50.000000,off
1765874994117,2025-12-16 16:49:54.117,723.650100,9.082153,23,14,2,0.017499,-0.000719,-0.037385,-0.344421,0.236649,0.908493,-36.719090,1.616156,26.734540,-0.974445,0.221315,0.038288,0.000000,0.000000,0.000000,0.000000,0,0,4.012177,4.262375,0.000000,0.000000,-36.760360,1.616086,26.733510,359.829800,293.669800,2.948725,104.047200,98.172010,0.300000,1000.000000,0.900730,2468,2740,50.000000,off
1765874994128,2025-12-16 16:49:54.128,723.661200,9.093262,23,14,2,-0.006893,-0.002453,-0.035847,-0.327011,0.169983,0.929596,-36.729200,1.613311,26.712910,-0.985861,0.155766,0.061596,0.000000,0.000000,0.000000,0.000000,0,0,3.162064,4.036072,0.000000,0.000000,-36.759400,1.616230,26.733350,359.819200,293.422600,2.966006,104.047200,98.172010,0.300000,1000.000000,0.900730,2468,2740,50.000000,off
1765874994139,2025-12-16 16:49:54.139,723.672400,9.104431,23,14,2,-0.028943,-0.002144,-0.039033,-0.259644,0.207672,0.943100,-36.733890,1.612597,26.691340,-0.972813,0.196720,0.122136,0.000000,0.000000,0.000000,0.000000,0,0,3.946228,3.889832,0.000000,0.000000,-36.758450,1.616372,26.733150,359.823000,293.150000,2.998069,104.047200,98.172010,0.300000,1000.000000,0.900730,2468,2740,50.000000,off
1765874994150,2025-12-16 16:49:54.150,723.683300,9.115417,23,14,2,-0.028943,-0.002144,-0.039033,-0.259644,0.207672,0.943100,-36.732760,1.612771,26.691270,-0.973461,0.196269,0.117612,0.000000,0.000000,0.000000,0.000000,0,0,3.946228,3.889832,0.000000,0.000000,-36.757510,1.616556,26.732970,359.838800,292.889800,3.038742,104.047200,98.172010,0.300000,1000.000000,0.900730,2468,2740,50.000000,off
1765874994161,2025-12-16 16:49:54.161,723.694500,9.126526,23,14,2,0.017499,-0.000719,-0.037385,-0.344421,0.236649,0.908493,-36.715370,1.616824,26.734530,-0.975342,0.219779,0.019824,0.000000,0.000000,0.000000,0.000000,0,0,4.012177,4.262375,0.000000,0.000000,-36.756610,1.616683,26.732740,359.867700,292.612200,3.099118,104.047200,98.172010,0.300000,1000.000000,0.900730,2468,2740,50.000000,off
1765874994173,2025-12-16 16:49:54.173,723.705600,9.137634,23,14,2,-0.006893,-0.002453,-0.035847,-0.327011,0.169983,0.929596,-36.725060,1.613949,26.712630,-0.987265,0.153301,0.042257,0.000000,0.000000,0.000000,0.000000,0,0,3.162064,4.036072,0.000000,0.000000,-36.755650,1.616845,26.732490,359.895800,292.324400,3.174803,104.047200,98.172010,0.300000,1000.000000,0.900730,2468,2740,50.000000,off
1765874994183,2025-12-16 16:49:54.183,723.716600,9.148682,23,14,2,-0.006893,-0.002453,-0.035847,-0.327011,0.169983,0.929596,-36.723980,1.614050,26.712530,-0.987569,0.152743,0.036840,0.000000,0.000000,0.000000,0.000000,0,0,3.162064,4.036072,0.000000,0.000000,-36.754680,1.616958,26.732220,359.894800,292.024100,3.272866,104.047200,98.172010,0.300000,1000.000000,0.900730,2468,2740,50.000000,off
1765874994194,2025-12-16 16:49:54.194,723.727800,9.159851,23,14,2,-0.027550,-0.002085,-0.038985,-0.252274,0.198471,0.947067,-36.727620,1.613340,26.692100,-0.977156,0.184604,0.105152,0.000000,0.000000,0.000000,0.000000,0,0,3.634262,3.888611,0.000000,0.000000,-36.753720,1.617109,26.731950,359.915100,291.698300,3.391237,104.047200,98.172010,0.300000,1000.000000,0.900730,2468,2740,50.000000,off
1765874994205,2025-12-16 16:49:54.205,723.738900,9.170959,23,14,2,-0.014390,-0.001470,-0.038997,-0.248596,0.224258,0.942276,-36.721670,1.614798,26.704170,-0.972667,0.209752,0.099497,0.000000,0.000000,0.000000,0.000000,0,0,3.481400,3.882492,0.000000,0.000000,-36.752780,1.617192,26.731670,359.931500,291.374900,3.508516,104.047200,98.172010,0.300000,1000.000000,0.900730,2468,2740,50.000000,off
1765874994216,2025-12-16 16:49:54.216,723.749900,9.182007,23,14,2,-0.027155,-0.002264,-0.038635,-0.204742,0.244400,0.947800,-36.725510,1.613267,26.692410,-0.963349,0.231644,0.135184,0.000000,0.000000,0.000000,0.000000,0,0,3.731354,3.786774,0.000000,0.000000,-36.751880,1.617281,26.731440,359.955400,291.049700,3.640907,104.047200,98.172010,0.300000,1000.000000,0.900730,2468,2740,50.000000,off
1765874994227,2025-12-16 16:49:54.227,723.761000,9.193115,23,14,2,-0.027155,-0.002264,-0.038635,-0.204742,0.244400,0.947800,-36.724350,1.613256,26.692330,-0.964328,0.231003,0.129172,0.000000,0.000000,0.000000,0.000000,0,0,3.731354,3.786774,0.000000,0.000000,-36.750950,1.617321,26.731200,359.965500,290.718800,3.763882,104.047200,98.172010,0.300000,1000.000000,0.900730,2468,2740,50.000000,off
1765874994238,2025-12-16 16:49:54.238,723.772200,9.204285,23,14,2,-0.027924,-0.002274,-0.038705,-0.209290,0.246216,0.946335,-36.723460,1.613119,26.691550,-0.965634,0.231356,0.118318,0.000000,0.000000,0.000000,0.000000,0,0,3.710281,3.887009,0.000000,0.000000,-36.750100,1.617272,26.731000,0.007861,290.386600,3.880923,104.047200,98.172010,0.300000,1000.000000,0.900730,2468,2740,50.000000,off
1765874994249,2025-12-16 16:49:54.249,723.783300,9.215393,23,14,2,-0.014390,-0.001470,-0.038997,-0.248596,0.224258,0.942276,-36.717410,1.614774,26.704040,-0.975621,0.205797,0.076070,0.000000,0.000000,0.000000,0.000000,0,0,3.481400,3.882492,0.000000,0.000000,-36.749140,1.617208,26.730820,0.042171,290.081500,3.974099,104.047200,98.172010,0.300000,1000.000000,0.900730,2468,2740,50.000000,off
1765874994261,2025-12-16 16:49:54.261,723.794400,9.226440,23,14,2,-0.014390,-0.001470,-0.038997,-0.248596,0.224258,0.942276,-36.716310,1.614650,26.704030,-0.976235,0.204754,0.070826,0.000000,0.000000,0.000000,0.000000,0,0,3.481400,3.882492,0.000000,0.000000,-36.748190,1.617072,26.730640,0.085842,289.784500,4.044458,104.047200,98.172010,0.300000,1000.000000,0.900730,2468,2740,50.000000,off
1765874994272,2025-12-16 16:49:54.272,723.805500,9.237610,23,14,2,-0.027155,-0.002264,-0.038635,-0.204742,0.244400,0.947800,-36.719790,1.612860,26.692290,-0.968005,0.226740,0.107381,0.000000,0.000000,0.000000,0.000000,0,0,3.731354,3.786774,0.000000,0.000000,-36.747240,1.616978,26.730560,0.139027,289.493200,4.124696,104.047200,98.172010,0.300000,1000.000000,0.900730,2468,2740,50.000000,off
1765874994283,2025-12-16 16:49:54.283,723.816700,9.248718,23,14,2,-0.027575,-0.002207,-0.038850,-0.228928,0.241623,0.942963,-36.718610,1.612743,26.691810,-0.972067,0.221134,0.078444,0.000000,0.000000,0.000000,0.000000,0,0,3.542496,3.901871,0.000000,0.000000,-36.746310,1.616827,26.730420,0.190726,289.221200,4.184603,104.047200,98.172010,0.300000,1000.000000,0.900730,2468,2740,50.000000,off
1765874994295,2025-12-16 16:49:54.295,723.827700,9.259766,23,14,2,-0.027549,-0.001957,-0.039454,-0.222992,0.216141,0.950546,-36.716890,1.612843,26.691680,-0.977230,0.195053,0.083410,0.000000,0.000000,0.000000,0.000000,0,0,3.584854,3.827576,0.000000,0.000000,-36.745350,1.616668,26.730340,0.240541,288.945000,4.244009,104.047200,98.172010,0.300000,1000.000000,0.900730,2468,2740,50.000000,off
1765874994306,2025-12-16 16:49:54.306,723.838800,9.270874,23,14,2,-0.027549,-0.001957,-0.039454,-0.222992,0.216141,0.950546,-36.715710,1.612685,26.691750,-0.977817,0.193981,0.078905,0.000000,0.000000,0.000000,0.000000,0,0,3.584854,3.827576,0.000000,0.000000,-36.744350,1.616498,26.730280,0.292310,288.687500,4.295129,104.047200,98.172010,0.300000,1000.000000,0.900730,2468,2740,50.000000,off
1765874994317,2025-12-16 16:49:54.317,723.850000,9.282104,23,14,2,-0.013244,-0.001554,-0.038926,-0.225739,0.249802,0.941605,-36.710610,1.614015,26.705470,-0.971807,0.226076,0.066775,0.000000,0.000000,0.000000,0.000000,0,0,3.633560,3.800003,0.000000,0.000000,-36.743410,1.616320,26.730210,0.361646,288.435600,4.335035,104.047200,98.172010,0.300000,1000.000000,0.900730,2468,2740,50.000000,off
1765874994327,2025-12-16 16:49:54.327,723.861100,9.293152,23,14,2,-0.007632,-0.001424,-0.038597,-0.212250,0.264847,0.940628,-36.708150,1.614453,26.711010,-0.967685,0.240976,0.074098,0.000000,0.000000,0.000000,0.000000,0,0,3.590668,3.878418,0.000000,0.000000,-36.742490,1.616171,26.730190,0.421288,288.198000,4.371169,104.047200,98.172010,0.300000,1000.000000,0.900730,2468,2740,50.000000,off
1765874994338,2025-12-16 16:49:54.338,723.872100,9.304199,23,14,2,-0.007632,-0.001424,-0.038597,-0.212250,0.264847,0.940628,-36.707120,1.614372,26.711140,-0.968263,0.239809,0.070239,0.000000,0.000000,0.000000,0.000000,0,0,3.590668,3.878418,0.000000,0.000000,-36.741530,1.616053,26.730190,0.483086,287.973900,4.408351,104.047200,98.172010,0.300000,1000.000000,0.900730,2468,2740,50.000000,off
1765874994349,2025-12-16 16:49:54.349,723.883200,9.315308,23,14,2,-0.016645,-0.001942,-0.038272,-0.168488,0.238022,0.956528,-36.709100,1.613073,26.702880,-0.969799,0.215050,0.115031,0.000000,0.000000,0.000000,0.000000,0,0,3.550369,3.797928,0.000000,0.000000,-36.740550,1.615929,26.730230,0.551406,287.768200,4.439621,104.047200,98.172010,0.300000,1000.000000,0.900730,2468,2740,50.000000,off
1765874994360,2025-12-16 16:49:54.360,723.894400,9.326477,23,14,2,-0.013244,-0.001554,-0.038926,-0.225739,0.249802,0.941605,-36.706460,1.613646,26.706060,-0.973763,0.221520,0.051895,0.000000,0.000000,0.000000,0.000000,0,0,3.633560,3.800003,0.000000,0.000000,-36.739640,1.615811,26.730300,0.606998,287.569200,4.456007,104.047200,98.172010,0.300000,1000.000000,0.900730,2468,2740,50.000000,off
1765874994372,2025-12-16 16:49:54.372,723.905500,9.337524,23,14,2,-0.007632,-0.001424,-0.038597,-0.212250,0.264847,0.940628,-36.704080,1.614160,26.711670,-0.969742,0.236458,0.060520,0.000000,0.000000,0.000000,0.000000,0,0,3.590668,3.878418,0.000000,0.000000,-36.738690,1.615724,26.730370,0.670160,287.401700,4.475602,104.047200,98.172010,0.300000,1000.000000,0.900730,2468,2740,50.000000,off
1765874994383,2025-12-16 16:49:54.383,723.916600,9.348633,23,14,2,-0.007632,-0.001424,-0.038597,-0.212250,0.264847,0.940628,-36.703110,1.614111,26.711870,-0.970171,0.235382,0.057780,0.000000,0.000000,0.000000,0.000000,0,0,3.590668,3.878418,0.000000,0.000000,-36.737770,1.615636,26.730470,0.730477,287.240500,4.495962,104.047200,98.172010,0.300000,1000.000000,0.900730,2468,2740,50.000000,off
1765874994394,2025-12-16 16:49:54.394,723.927700,9.359741,23,14,2,-0.014388,-0.001861,-0.038174,-0.171341,0.230515,0.957855,-36.704380,1.613086,26.705780,-0.973786,0.203363,0.101810,0.000000,0.000000,0.000000,0.000000,0,0,3.444138,3.816483,0.000000,0.000000,-36.736730,1.615555,26.730580,0.774835,287.094300,4.507506,104.047200,98.172010,0.300000,1000.000000,0.900730,2468,2740,50.000000,off
1765874994405,2025-12-16 16:49:54.405,723.938800,9.370850,23,14,2,-0.007577,-0.001635,-0.037834,-0.167084,0.249939,0.953720,-36.701720,1.613835,26.712570,-0.969728,0.222176,0.101164,0.000000,0.000000,0.000000,0.000000,0,0,3.564575,3.841583,0.000000,0.000000,-36.735770,1.615515,26.730720,0.828561,286.969200,4.520538,104.047200,98.172010,0.300000,1000.000000,0.900730,2468,2740,50.000000,off
1765874994416,2025-12-16 16:49:54.416,723.950000,9.382019,23,14,2,0.003161,-0.001136,-0.037754,-0.159622,0.215988,0.963242,-36.697770,1.615202,26.723060,-0.975856,0.187857,0.111264,0.000000,0.000000,0.000000,0.000000,0,0,3.327866,3.819412,0.000000,0.000000,-36.734860,1.615504,26.730900,0.880187,286.840100,4.539437,104.047200,98.172010,0.300000,1000.000000,0.900730,2468,2740,50.000000,off
1765874994427,2025-12-16 16:49:54.427,723.961000,9.393066,23,14,2,0.003161,-0.001136,-0.037754,-0.159622,0.215988,0.963242,-36.696790,1.615179,26.723330,-0.976186,0.187131,0.109580,0.000000,0.000000,0.000000,0.000000,0,0,3.327866,3.819412,0.000000,0.000000,-36.733890,1.615454,26.731100,0.919119,286.743700,4.561759,104.047200,98.172010,0.300000,1000.000000,0.900730,2468,2740,50.000000,off
1765874994438,2025-12-16 16:49:54.438,723.972100,9.404175,23,14,2,0.016811,-0.000335,-0.038048,-0.170395,0.229172,0.958344,-36.691720,1.617058,26.736480,-0.975434,0.198559,0.095285,0.000000,0.000000,0.000000,0.000000,0,0,3.452362,3.714432,0.000000,0.000000,-36.732960,1.615406,26.731290,0.972890,286.645400,4.571271,104.047200,98.172010,0.300000,1000.000000,0.900730,2468,2740,50.000000,off
1765874994450,2025-12-16 16:49:54.450,723.983300,9.415344,23,14,2,0.027366,0.000180,-0.037914,-0.162750,0.216873,0.962524,-36.687940,1.618390,26.746860,-0.977073,0.186185,0.103144,0.000000,0.000000,0.000000,0.000000,0,0,3.351883,3.775131,0.000000,0.000000,-36.732010,1.615349,26.731530,1.005993,286.560500,4.602365,104.047200,98.172010,0.300000,1000.000000,0.900730,2468,2740,50.000000,off
1765874994461,2025-12-16 16:49:54.461,723.994300,9.426392,23,14,2,0.027366,0.000180,-0.037914,-0.162750,0.216873,0.962524,-36.687040,1.618346,26.747160,-0.977348,0.185472,0.101815,0.000000,0.000000,0.000000,0.000000,0,0,3.351883,3.775131,0.000000,0.000000,-36.731080,1.615267,26.731760,1.042367,286.486900,4.633928,104.047200,98.172010,0.300000,1000.000000,0.900730,2468,2740,50.000000,off
1765874994472,2025-12-16 16:49:54.472,724.005400,9.437439,23,14,2,0.003161,-0.001136,-0.037754,-0.159622,0.215988,0.963242,-36.692990,1.615026,26.724500,-0.977425,0.183975,0.103725,0.000000,0.000000,0.000000,0.000000,0,0,3.327866,3.819412,0.000000,0.000000,-36.730130,1.615185,26.732060,1.086288,286.412900,4.670851,104.047200,98.172010,0.300000,1000.000000,0.900730,2468,2740,50.000000,off
1765874994483,2025-12-16 16:49:54.483,724.016500,9.448608,23,14,2,0.016811,-0.000335,-0.038048,-0.170395,0.229172,0.958344,-36.687980,1.616906,26.737740,-0.976585,0.195397,0.089885,0.000000,0.000000,0.000000,0.000000,0,0,3.452362,3.714432,0.000000,0.000000,-36.729180,1.615107,26.732330,1.135151,286.347300,4.704548,104.047200,98.172010,0.300000,1000.000000,0.900730,2468,2740,50.000000,off
1765874994494,2025-12-16 16:49:54.494,724.027600,9.459717,23,14,2,0.025566,0.000050,-0.037767,-0.151306,0.218475,0.964035,-36.684880,1.617908,26.746510,-0.976545,0.185316,0.109576,0.000000,0.000000,0.000000,0.000000,0,0,3.353348,3.790283,0.000000,0.000000,-36.728230,1.614970,26.732640,1.182203,286.294100,4.731635,104.047200,98.172010,0.300000,1000.000000,0.900730,2468,2740,50.000000,off
1765874994505,2025-12-16 16:49:54.505,724.038700,9.470764,23,14,2,0.025566,0.000050,-0.037767,-0.151306,0.218475,0.964035,-36.683980,1.617792,26.746840,-0.976839,0.184279,0.108698,0.000000,0.000000,0.000000,0.000000,0,0,3.353348,3.790283,0.000000,0.000000,-36.727310,1.614805,26.732930,1.238802,286.245100,4.758926,104.047200,98.172010,0.300000,1000.000000,0.900730,2468,2740,50.000000,off
1765874994516,2025-12-16 16:49:54.516,724.049700,9.481812,23,14,2,0.006911,-0.000828,-0.037787,-0.128235,0.221649,0.966644,-36.688140,1.615222,26.729380,-0.973366,0.188509,0.130375,0.000000,0.000000,0.000000,0.000000,0,0,3.307266,3.743896,0.000000,0.000000,-36.726370,1.614626,26.733230,1.280540,286.196400,4.791379,104.047200,98.172010,0.300000,1000.000000,0.900730,2468,2740,50.000000,off
1765874994528,2025-12-16 16:49:54.528,724.061100,9.493164,23,14,2,-0.010241,-0.001549,-0.038053,-0.099258,0.256241,0.961487,-36.691650,1.612928,26.713240,-0.962376,0.224182,0.153438,0.000000,0.000000,0.000000,0.000000,0,0,3.333481,3.741440,0.000000,0.000000,-36.725440,1.614433,26.733520,1.354492,286.159800,4.827470,104.047200,98.172010,0.300000,1000.000000,0.900730,2468,2740,50.000000,off
1765874994539,2025-12-16 16:49:54.539,724.072100,9.504150,23,14,2,-0.010241,-0.001549,-0.038053,-0.099258,0.256241,0.961487,-36.690690,1.612728,26.713550,-0.962768,0.223077,0.152587,0.000000,0.000000,0.000000,0.000000,0,0,3.333481,3.741440,0.000000,0.000000,-36.724500,1.614196,26.733800,1.417249,286.110400,4.848968,104.047200,98.172010,0.300000,1000.000000,0.900730,2468,2740,50.000000,off
1765874994550,2025-12-16 16:49:54.550,724.083100,9.515198,23,14,2,-0.019129,-0.001957,-0.038061,-0.086060,0.266510,0.959976,-36.692120,1.611289,26.705410,-0.958594,0.233212,0.163397,0.000000,0.000000,0.000000,0.000000,0,0,3.287247,3.665802,0.000000,0.000000,-36.723530,1.613873,26.734130,1.488624,286.072700,4.871864,104.047200,98.172010,0.300000,1000.000000,0.900730,2468,2740,50.000000,off
1765874994561,2025-12-16 16:49:54.561,724.094200,9.526306,23,14,2,0.006911,-0.000828,-0.037787,-0.128235,0.221649,0.966644,-36.684340,1.614392,26.730650,-0.974821,0.182984,0.127338,0.000000,0.000000,0.000000,0.000000,0,0,3.307266,3.743896,0.000000,0.000000,-36.722570,1.613578,26.734390,1.589942,286.023900,4.899938,104.047200,98.172010,0.300000,1000.000000,0.900730,2468,2740,50.000000,off
1765874994572,2025-12-16 16:49:54.572,724.105300,9.537354,23,14,2,-0.010241,-0.001549,-0.038053,-0.099258,0.256241,0.961487,-36.687770,1.611955,26.714450,-0.964175,0.218474,0.150347,0.000000,0.000000,0.000000,0.000000,0,0,3.333481,3.741440,0.000000,0.000000,-36.721630,1.613257,26.734620,1.681991,285.975900,4.911487,104.047200,98.172010,0.300000,1000.000000,0.900730,2468,2740,50.000000,off
1765874994583,2025-12-16 16:49:54.583,724.116500,9.548584,23,14,2,-0.010241,-0.001549,-0.038053,-0.099258,0.256241,0.961487,-36.686700,1.611643,26.714700,-0.964698,0.216897,0.149271,0.000000,0.000000,0.000000,0.000000,0,0,3.333481,3.741440,0.000000,0.000000,-36.720580,1.612888,26.734830,1.772679,285.911500,4.932337,104.047200,98.172010,0.300000,1000.000000,0.900730,2468,2740,50.000000,off
1765874994594,2025-12-16 16:49:54.594,724.127900,9.559937,23,14,2,-0.024895,-0.002207,-0.038118,-0.080139,0.272659,0.958756,-36.689510,1.609428,26.700860,-0.958348,0.233215,0.164798,0.000000,0.000000,0.000000,0.000000,0,0,3.275742,3.660736,0.000000,0.000000,-36.719570,1.612517,26.734990,1.876884,285.854600,4.933079,104.047200,98.172010,0.300000,1000.000000,0.900730,2468,2740,50.000000,off
1765874994605,2025-12-16 16:49:54.605,724.138700,9.570740,23,14,2,-0.020148,-0.001996,-0.038080,-0.081100,0.267365,0.960175,-36.687250,1.609730,26.705620,-0.960394,0.225692,0.163408,0.000000,0.000000,0.000000,0.000000,0,0,3.283112,3.650406,0.000000,0.000000,-36.718580,1.612131,26.735150,1.999279,285.779900,4.961956,104.047200,98.172010,0.300000,1000.000000,0.900730,2468,2740,50.000000,off
1765874994616,2025-12-16 16:49:54.616,724.149700,9.581787,23,14,2,-0.020148,-0.001996,-0.038080,-0.081100,0.267365,0.960175,-36.686160,1.609421,26.705800,-0.961155,0.223418,0.162058,0.000000,0.000000,0.000000,0.000000,0,0,3.283112,3.650406,0.000000,0.000000,-36.717540,1.611747,26.735290,2.129814,285.700700,4.998990,104.047200,98.172010,0.300000,1000.000000,0.900730,2468,2740,50.000000,off
1765874994627,2025-12-16 16:49:54.627,724.160900,9.593018,23,14,2,-0.018305,-0.001915,-0.038059,-0.072159,0.264847,0.961578,-36.684620,1.609328,26.707760,-0.960712,0.219623,0.169653,0.000000,0.000000,0.000000,0.000000,0,0,3.284302,3.638107,0.000000,0.000000,-36.716510,1.611343,26.735430,2.246521,285.606700,5.021597,104.047200,98.172010,0.300000,1000.000000,0.900730,2468,2740,50.000000,off
1765874994638,2025-12-16 16:49:54.638,724.172100,9.604126,23,14,2,-0.015546,-0.001793,-0.038034,-0.073151,0.262863,0.962051,-36.682830,1.609413,26.710580,-0.962047,0.215659,0.167178,0.000000,0.000000,0.000000,0.000000,0,0,3.280457,3.598648,0.000000,0.000000,-36.715480,1.611000,26.735540,2.355111,285.499800,5.047616,104.047200,98.172010,0.300000,1000.000000,0.900730,2468,2740,50.000000,off
1765874994649,2025-12-16 16:49:54.650,724.183100,9.615173,23,14,2,-0.024774,-0.002190,-0.038132,-0.062576,0.272095,0.960220,-36.684040,1.607897,26.701850,-0.958849,0.223942,0.174449,0.000000,0.000000,0.000000,0.000000,0,0,3.272141,3.511505,0.000000,0.000000,-36.714450,1.610624,26.735620,2.465637,285.396700,5.072129,104.047200,98.172010,0.300000,1000.000000,0.900730,2468,2740,50.000000,off
1765874994661,2025-12-16 16:49:54.661,724.194200,9.626282,23,14,2,-0.024774,-0.002190,-0.038132,-0.062576,0.272095,0.960220,-36.682910,1.607536,26.701940,-0.959628,0.222084,0.172530,0.000000,0.000000,0.000000,0.000000,0,0,3.272141,3.511505,0.000000,0.000000,-36.713400,1.610199,26.735650,2.573544,285.280700,5.091476,104.047200,98.172010,0.300000,1000.000000,0.900730,2468,2740,50.000000,off
1765874994672,2025-12-16 16:49:54.672,724.205300,9.637390,23,14,2,-0.018305,-0.001915,-0.038059,-0.072159,0.264847,0.961578,-36.680200,1.608039,26.708230,-0.963675,0.211997,0.162391,0.000000,0.000000,0.000000,0.000000,0,0,3.284302,3.638107,0.000000,0.000000,-36.712330,1.609779,26.735650,2.689868,285.164600,5.085991,104.047200,98.172010,0.300000,1000.000000,0.900730,2468,2740,50.000000,off
1765874994683,2025-12-16 16:49:54.683,724.216500,9.648560,23,14,2,-0.015546,-0.001793,-0.038034,-0.073151,0.262863,0.962051,-36.678400,1.608020,26.710910,-0.965034,0.207724,0.159848,0.000000,0.000000,0.000000,0.000000,0,0,3.280457,3.598648,0.000000,0.000000,-36.711250,1.609316,26.735610,2.816871,285.051900,5.104855,104.047200,98.172010,0.300000,1000.000000,0.900730,2468,2740,50.000000,off
1765874994695,2025-12-16 16:49:54.695,724.227500,9.659607,23,14,2,-0.015546,-0.001793,-0.038034,-0.073151,0.262863,0.962051,-36.677230,1.607683,26.710940,-0.965947,0.205177,0.157606,0.000000,0.000000,0.000000,0.000000,0,0,3.280457,3.598648,0.000000,0.000000,-36.710140,1.608884,26.735560,2.965458,284.914000,5.118093,104.047200,98.172010,0.300000,1000.000000,0.900730,2468,2740,50.000000,off
1765874994706,2025-12-16 16:49:54.706,724.238600,9.670715,23,14,2,-0.027365,-0.002300,-0.038157,-0.057724,0.274582,0.959824,-36.678790,1.605684,26.699530,-0.961847,0.215626,0.168360,0.000000,0.000000,0.000000,0.000000,0,0,3.273193,3.511169,0.000000,0.000000,-36.708990,1.608347,26.735450,3.121686,284.753500,5.149238,104.047200,98.172010,0.300000,1000.000000,0.900730,2468,2740,50.000000,off
1765874994717,2025-12-16 16:49:54.717,724.249800,9.681824,23,14,2,-0.028287,-0.002181,-0.038444,-0.045731,0.274475,0.960495,-36.677390,1.605287,26.698420,-0.960750,0.213404,0.177194,0.000000,0.000000,0.000000,0.000000,0,0,3.285599,3.421234,0.000000,0.000000,-36.707760,1.607801,26.735230,3.303395,284.583900,5.202376,104.047200,98.172010,0.300000,1000.000000,0.900730,2468,2740,50.000000,off
1765874994727,2025-12-16 16:49:54.727,724.260900,9.692932,23,14,2,-0.018142,-0.001662,-0.038491,-0.062668,0.289093,0.955231,-36.673610,1.606202,26.708060,-0.962110,0.224131,0.155167,0.000000,0.000000,0.000000,0.000000,0,0,3.281769,3.392639,0.000000,0.000000,-36.706560,1.607202,26.735020,3.449220,284.399300,5.271420,104.047200,98.172010,0.300000,1000.000000,0.900730,2468,2740,50.000000,off
1765874994738,2025-12-16 16:49:54.738,724.271900,9.703979,23,14,2,-0.018142,-0.001662,-0.038491,-0.062668,0.289093,0.955231,-36.672260,1.605722,26.707910,-0.963440,0.220840,0.151599,0.000000,0.000000,0.000000,0.000000,0,0,3.281769,3.392639,0.000000,0.000000,-36.705310,1.606618,26.734750,3.637040,284.196400,5.341868,104.047200,98.172010,0.300000,1000.000000,0.900730,2468,2740,50.000000,off
1765874994749,2025-12-16 16:49:54.749,724.283000,9.715088,23,14,2,0.006753,-0.000673,-0.038051,-0.091965,0.299210,0.949738,-36.665590,1.608494,26.731940,-0.967148,0.225493,0.117316,0.000000,0.000000,0.000000,0.000000,0,0,3.315598,3.347961,0.000000,0.000000,-36.704070,1.606000,26.734530,3.808090,283.977300,5.409169,104.047200,98.172010,0.300000,1000.000000,0.900730,2468,2740,50.000000,off
1765874994760,2025-12-16 16:49:54.760,724.294200,9.726257,23,14,2,-0.003657,-0.001030,-0.038307,-0.064072,0.298355,0.952301,-36.666470,1.606682,26.721690,-0.964319,0.223940,0.141199,0.000000,0.000000,0.000000,0.000000,0,0,3.178574,3.286560,0.000000,0.000000,-36.702840,1.605390,26.734250,3.986570,283.767100,5.494067,104.047200,98.172010,0.300000,1000.000000,0.900730,2468,2740,50.000000,off
1765874994771,2025-12-16 16:49:54.771,724.305200,9.737305,23,14,2,-0.003657,-0.001030,-0.038307,-0.064072,0.298355,0.952301,-36.665130,1.606113,26.721550,-0.965561,0.220897,0.137456,0.000000,0.000000,0.000000,0.000000,0,0,3.178574,3.286560,0.000000,0.000000,-36.701540,1.604711,26.733970,4.159212,283.557200,5.567704,104.047200,98.172010,0.300000,1000.000000,0.900730,2468,2740,50.000000,off
1765874994783,2025-12-16 16:49:54.783,724.316400,9.748474,23,14,2,-0.018142,-0.001662,-0.038491,-0.062668,0.289093,0.955231,-36.666790,1.603566,26.707340,-0.968353,0.208833,0.136566,0.000000,0.000000,0.000000,0.000000,0,0,3.281769,3.392639,0.000000,0.000000,-36.700250,1.604095,26.733670,4.317194,283.352600,5.636846,104.047200,98.172010,0.300000,1000.000000,0.900730,2468,2740,50.000000,off
1765874994794,2025-12-16 16:49:54.794,724.327500,9.759583,23,14,2,0.006753,-0.000673,-0.038051,-0.091965,0.299210,0.949738,-36.660420,1.606504,26.731340,-0.971509,0.213698,0.102418,0.000000,0.000000,0.000000,0.000000,0,0,3.315598,3.347961,0.000000,0.000000,-36.698900,1.603538,26.733360,4.469731,283.147200,5.702626,104.047200,98.172010,0.300000,1000.000000,0.900730,2468,2740,50.000000,off
1765874994805,2025-12-16 16:49:54.805,724.338600,9.770630,23,14,2,-0.013396,-0.001404,-0.038523,-0.047562,0.324799,0.944580,-36.662860,1.603316,26.711590,-0.960440,0.241468,0.138696,0.000000,0.000000,0.000000,0.000000,0,0,3.212463,3.208145,0.000000,0.000000,-36.697550,1.602954,26.733090,4.607763,282.942700,5.764431,104.047200,98.172010,0.300000,1000.000000,0.900730,2468,2740,50.000000,off
1765874994817,2025-12-16 16:49:54.817,724.349700,9.781738,23,14,2,-0.013396,-0.001404,-0.038523,-0.047562,0.324799,0.944580,-36.661450,1.602864,26.711430,-0.961519,0.239206,0.135090,0.000000,0.000000,0.000000,0.000000,0,0,3.212463,3.208145,0.000000,0.000000,-36.696210,1.602432,26.732810,4.735950,282.743400,5.834771,104.047200,98.172010,0.300000,1000.000000,0.900730,2468,2740,50.000000,off
1765874994828,2025-12-16 16:49:54.828,724.360700,9.792786,23,14,2,0.003563,-0.001509,-0.037110,-0.012009,0.260056,0.965515,-36.657860,1.603925,26.728070,-0.968712,0.175010,0.175958,0.000000,0.000000,0.000000,0.000000,0,0,3.259766,3.388275,0.000000,0.000000,-36.694850,1.601924,26.732510,4.843597,282.542500,5.885344,104.047200,98.172010,0.300000,1000.000000,0.900730,2468,2740,50.000000,off
1765874994839,2025-12-16 16:49:54.839,724.371900,9.803955,23,14,2,0.022359,-0.001092,-0.036625,-0.038971,0.129913,0.990753,-36.653170,1.605850,26.746310,-0.985930,0.039607,0.162360,0.000000,0.000000,0.000000,0.000000,0,0,3.204178,3.353607,0.000000,0.000000,-36.693490,1.601482,26.732260,4.928567,282.345500,5.933401,104.047200,98.172010,0.300000,1000.000000,0.900730,2468,2740,50.000000,off
1765874994850,2025-12-16 16:49:54.850,724.382900,9.815002,23,14,2,0.026133,-0.001153,-0.035923,-0.045197,0.093399,0.994598,-36.651770,1.605743,26.750020,-0.987642,0.001068,0.156698,0.000000,0.000000,0.000000,0.000000,0,0,3.260696,3.351318,0.000000,0.000000,-36.692120,1.601035,26.731990,5.004810,282.150800,5.990199,104.047200,98.172010,0.300000,1000.000000,0.900730,2468,2740,50.000000,off
1765874994861,2025-12-16 16:49:54.861,724.394000,9.826111,23,14,2,0.026133,-0.001153,-0.035923,-0.045197,0.093399,0.994598,-36.650440,1.605364,26.749880,-0.988160,0.000152,0.153405,0.000000,0.000000,0.000000,0.000000,0,0,3.260696,3.351318,0.000000,0.000000,-36.690720,1.600592,26.731730,5.053459,281.966200,6.062170,104.047200,98.172010,0.300000,1000.000000,0.900730,2468,2740,50.000000,off
1765874994871,2025-12-16 16:49:54.871,724.405300,9.837402,23,14,2,0.027698,-0.001096,-0.035783,-0.040283,0.140778,0.989212,-36.648960,1.605246,26.751360,-0.987624,0.046881,0.149612,0.000000,0.000000,0.000000,0.000000,0,0,3.268570,3.309952,0.000000,0.000000,-36.689330,1.600198,26.731520,5.118862,281.773800,6.119023,104.047200,98.172010,0.300000,1000.000000,0.900730,2468,2740,50.000000,off
1765874994883,2025-12-16 16:49:54.883,724.416400,9.848511,23,14,2,-0.010852,-0.002664,-0.036287,0.067963,0.150574,0.986252,-36.654310,1.599203,26.713710,-0.965757,0.068043,0.250337,-49.712360,2.519213,30.098530,13.520950,Node13,NodeMarker,3.078690,3.218811,0.000000,0.000000,-36.687940,1.599754,26.731320,5.139144,281.581600,6.182400,104.047200,98.172010,0.300000,1000.000000,0.900730,2468,2740,50.000000,off
1765874994894,2025-12-16 16:49:54.894,724.427500,9.859558,23,14,2,-0.010852,-0.002664,-0.036287,0.067963,0.150574,0.986252,-36.652870,1.598759,26.713650,-0.966644,0.067714,0.246979,-49.707350,2.513238,30.049090,13.504850,Node13,NodeMarker,3.078690,3.218811,0.000000,0.000000,-36.686560,1.599308,26.731150,5.161373,281.392500,6.247647,104.047200,98.172010,0.300000,1000.000000,0.900730,2468,2740,50.000000,off
1765874994906,2025-12-16 16:49:54.906,724.438600,9.870667,23,14,2,0.026133,-0.001153,-0.035923,-0.045197,0.093399,0.994598,-36.645140,1.603791,26.749630,-0.990130,-0.001950,0.140114,0.000000,0.000000,0.000000,0.000000,0,0,3.260696,3.351318,0.000000,0.000000,-36.685160,1.598847,26.730960,5.161321,281.216800,6.294570,104.047200,98.172010,0.300000,1000.000000,0.900730,2468,2740,50.000000,off
1765874994917,2025-12-16 16:49:54.917,724.449600,9.881714,23,14,2,0.027698,-0.001096,-0.035783,-0.040283,0.140778,0.989212,-36.643750,1.603597,26.751190,-0.989581,0.045726,0.136455,0.000000,0.000000,0.000000,0.000000,0,0,3.268570,3.309952,0.000000,0.000000,-36.683850,1.598408,26.730840,5.172824,281.041100,6.343069,104.047200,98.172010,0.300000,1000.000000,0.900730,2468,2740,50.000000,off
1765874994928,2025-12-16 16:49:54.928,724.460900,9.893005,23,14,2,-0.013946,-0.002759,-0.036397,0.069962,0.166977,0.983460,-36.649100,1.596900,26.710510,-0.967665,0.084063,0.237752,0.000000,0.000000,0.000000,0.000000,0,0,3.189941,3.223221,0.000000,0.000000,-36.682520,1.597880,26.730730,5.188007,280.868900,6.364214,104.047200,98.172010,0.300000,1000.000000,0.900730,2468,2740,50.000000,off
1765874994939,2025-12-16 16:49:54.939,724.471900,9.903931,23,14,2,-0.013946,-0.002759,-0.036397,0.069962,0.166977,0.983460,-36.647740,1.596366,26.710520,-0.968425,0.083444,0.234860,0.000000,0.000000,0.000000,0.000000,0,0,3.189941,3.223221,0.000000,0.000000,-36.681220,1.597328,26.730640,5.225099,280.702300,6.393224,104.047200,98.172010,0.300000,1000.000000,0.900730,2468,2740,50.000000,off
1765874994950,2025-12-16 16:49:54.950,724.483100,9.915161,23,14,2,0.007143,-0.001618,-0.036642,0.052261,0.140900,0.988632,-36.642640,1.599253,26.730990,-0.974429,0.054296,0.217986,-49.705150,2.327104,29.653160,13.405150,Node13,NodeMarker,2.990738,3.139954,0.000000,0.000000,-36.679910,1.596688,26.730520,5.277978,280.532600,6.414715,104.047200,98.172010,0.300000,1000.000000,0.900730,2468,2740,50.000000,off
1765874994961,2025-12-16 16:49:54.961,724.494100,9.926208,23,14,2,0.001515,-0.001895,-0.036606,0.069290,0.161362,0.984451,-36.642350,1.597706,26.725510,-0.970530,0.075602,0.228776,-50.055610,2.642574,29.887320,13.820440,Node13,NodeMarker,2.982803,3.127380,0.000000,0.000000,-36.678670,1.595998,26.730400,5.349914,280.347700,6.448883,104.047200,98.172010,0.300000,1000.000000,0.900730,2468,2740,50.000000,off
1765874994972,2025-12-16 16:49:54.972,724.505400,9.937500,23,14,2,0.001515,-0.001895,-0.036606,0.069290,0.161362,0.984451,-36.641080,1.597058,26.725490,-0.971468,0.074159,0.225242,-50.032370,2.619317,29.830370,13.784490,Node13,NodeMarker,2.982803,3.127380,0.000000,0.000000,-36.677410,1.595294,26.730250,5.435495,280.146500,6.499462,104.047200,98.172010,0.300000,1000.000000,0.900730,2468,2740,50.000000,off
1765874994983,2025-12-16 16:49:54.983,724.517200,9.949280,23,14,2,-0.008802,-0.002404,-0.036565,0.092072,0.156799,0.983322,-36.641490,1.594746,26.715350,-0.967197,0.070906,0.243901,-49.772800,2.557409,30.026710,13.576580,Node13,NodeMarker,2.987137,3.089279,0.000000,0.000000,-36.676200,1.594606,26.730020,5.521444,279.924400,6.559616,104.047200,98.172010,0.300000,1000.000000,0.900730,2468,2740,50.000000,off
1765874994995,2025-12-16 16:49:54.995,724.527500,9.959595,23,14,2,0.014624,-0.001264,-0.036613,0.067337,0.160431,0.984741,-36.636750,1.597968,26.738100,-0.974061,0.069827,0.215215,-50.039920,2.558787,29.699490,13.760010,Node13,NodeMarker,3.027359,3.182053,0.000000,0.000000,-36.675090,1.593951,26.729760,5.623492,279.679000,6.622884,104.047200,98.172010,0.300000,1000.000000,0.900730,2468,2740,50.000000,off
1765874995006,2025-12-16 16:49:55.006,724.538700,9.970764,23,14,2,0.001515,-0.001895,-0.036606,0.069290,0.161362,0.984451,-36.637600,1.595271,26.725180,-0.974865,0.069257,0.211718,-50.184630,2.557685,29.667280,13.896190,Node13,NodeMarker,2.982803,3.127380,0.000000,0.000000,-36.673980,1.593314,26.729450,5.727367,279.380000,6.696229,104.047200,98.172010,0.300000,1000.000000,0.900730,2468,2740,50.000000,off
1765874995017,2025-12-16 16:49:55.017,724.549900,9.981934,23,14,2,0.001515,-0.001895,-0.036606,0.069290,0.161362,0.984451,-36.636480,1.594843,26.725010,-0.976178,0.067134,0.206281,0.000000,0.000000,0.000000,0.000000,0,0,2.982803,3.127380,0.000000,0.000000,-36.672880,1.592806,26.729070,5.851890,279.067700,6.745564,104.047200,98.172010,0.300000,1000.000000,0.900730,2468,2740,50.000000,off
1765874995027,2025-12-16 16:49:55.027,724.560900,9.992920,23,14,2,-0.008802,-0.002404,-0.036565,0.092072,0.156799,0.983322,-36.636800,1.592701,26.714750,-0.972610,0.063343,0.223613,-49.765540,2.447731,29.733180,13.498370,Node13,NodeMarker,2.987137,3.089279,0.000000,0.000000,-36.671800,1.592303,26.728700,5.972413,278.756400,6.771083,104.047200,98.172010,0.300000,1000.000000,0.900730,2468,2740,50.000000,off
1765874995038,2025-12-16 16:49:55.038,724.572100,10.004150,23,14,2,0.011520,-0.001437,-0.036579,0.081467,0.161987,0.983414,-36.633010,1.595719,26.734410,-0.976021,0.065193,0.207633,-50.080360,2.493933,29.595120,13.777580,Node13,NodeMarker,3.011871,3.158325,0.000000,0.000000,-36.670710,1.591907,26.728280,6.088718,278.459200,6.772189,104.047200,98.172010,0.300000,1000.000000,0.900730,2468,2740,50.000000,off
1765874995049,2025-12-16 16:49:55.049,724.583300,10.015320,23,14,2,0.011520,-0.001437,-0.036579,0.081467,0.161987,0.983414,-36.632030,1.595535,26.734170,-0.977160,0.063319,0.202802,0.000000,0.000000,0.000000,0.000000,0,0,3.011871,3.158325,0.000000,0.000000,-36.669680,1.591656,26.727850,6.195985,278.173300,6.763713,104.047200,98.172010,0.300000,1000.000000,0.900730,2468,2740,50.000000,off
1765874995060,2025-12-16 16:49:55.060,724.594100,10.026120,23,14,2,0.009254,-0.001533,-0.036608,0.085571,0.160721,0.983276,-36.631280,1.595049,26.731760,-0.977321,0.060922,0.202776,-50.103430,2.434844,29.526990,13.784680,Node13,NodeMarker,3.012695,3.109665,0.000000,0.000000,-36.668660,1.591475,26.727500,6.288268,277.921800,6.730076,104.047200,98.172010,0.300000,1000.000000,0.900730,2468,2740,50.000000,off
1765874995072,2025-12-16 16:49:55.072,724.605400,10.037480,23,14,2,0.006039,-0.001605,-0.036806,0.102203,0.166046,0.980804,-36.630580,1.594614,26.728430,-0.974445,0.066798,0.214454,-49.956720,2.508124,29.661210,13.675590,Node13,NodeMarker,3.005325,3.150314,0.000000,0.000000,-36.667760,1.591412,26.727210,6.376223,277.687500,6.686480,104.047200,98.172010,0.300000,1000.000000,0.900730,2468,2740,50.000000,off
1765874995083,2025-12-16 16:49:55.083,724.616600,10.048650,23,14,2,0.006695,-0.001520,-0.036834,0.105194,0.165695,0.980545,-36.629520,1.594872,26.728930,-0.974547,0.065771,0.214294,-49.931920,2.492636,29.654000,13.649750,Node13,NodeMarker,3.107315,3.064972,0.000000,0.000000,-36.666790,1.591476,26.726950,6.432692,277.494900,6.635107,104.047200,98.172010,0.300000,1000.000000,0.900730,2468,2740,50.000000,off
1765874995095,2025-12-16 16:49:55.095,724.627600,10.059690,23,14,2,0.006695,-0.001520,-0.036834,0.105194,0.165695,0.980545,-36.628600,1.595021,26.728760,-0.975216,0.064933,0.211486,-49.968990,2.483272,29.621770,13.679340,Node13,NodeMarker,3.107315,3.064972,0.000000,0.000000,-36.665860,1.591601,26.726670,6.477792,277.322900,6.597887,104.047200,98.172010,0.300000,1000.000000,0.900730,2468,2740,50.000000,off
1765874995106,2025-12-16 16:49:55.106,724.638700,10.070800,23,14,2,-0.008128,-0.001842,-0.037751,0.145554,0.136932,0.979813,-36.628370,1.593384,26.713980,-0.966869,0.041012,0.251897,-49.442200,2.136917,30.052350,13.252710,Node13,NodeMarker,2.903778,3.132462,0.000000,0.000000,-36.664910,1.591861,26.726510,6.485011,277.186100,6.554671,104.047200,98.172010,0.300000,1000.000000,0.900730,2468,2740,50.000000,off
1765874995117,2025-12-16 16:49:55.117,724.649800,10.081910,23,14,2,0.006039,-0.001605,-0.036806,0.102203,0.166046,0.980804,-36.626870,1.595449,26.727950,-0.976739,0.064736,0.204410,0.000000,0.000000,0.000000,0.000000,0,0,3.005325,3.150314,0.000000,0.000000,-36.664020,1.592198,26.726320,6.481227,277.066900,6.518844,104.047200,98.172010,0.300000,1000.000000,0.900730,2468,2740,50.000000,off
1765874995127,2025-12-16 16:49:55.127,724.660700,10.092770,23,14,2,0.006039,-0.001605,-0.036806,0.102203,0.166046,0.980804,-36.625920,1.595782,26.727920,-0.976920,0.065348,0.203349,0.000000,0.000000,0.000000,0.000000,0,0,3.005325,3.150314,0.000000,0.000000,-36.663070,1.592556,26.726260,6.444530,277.001800,6.500980,104.047200,98.172010,0.300000,1000.000000,0.900730,2468,2740,50.000000,off
1765874995138,2025-12-16 16:49:55.138,724.671900,10.104000,23,14,2,0.006695,-0.001520,-0.036834,0.105194,0.165695,0.980545,-36.625030,1.596352,26.728570,-0.976309,0.066224,0.205971,0.000000,0.000000,0.000000,0.000000,0,0,3.107315,3.064972,0.000000,0.000000,-36.662280,1.592997,26.726250,6.394891,276.982000,6.498231,104.047200,98.172010,0.300000,1000.000000,0.900730,2468,2740,50.000000,off
1765874995149,2025-12-16 16:49:55.149,724.683000,10.115110,23,14,2,-0.012664,-0.001813,-0.038043,0.131577,0.148773,0.980072,-36.624860,1.594394,26.709340,-0.970975,0.053146,0.233174,-49.578270,2.303396,29.820020,13.340530,Node13,NodeMarker,3.161987,3.110428,0.000000,0.000000,-36.661250,1.593396,26.726250,6.361205,276.956700,6.512277,104.047200,98.172010,0.300000,1000.000000,0.900730,2468,2740,50.000000,off
1765874995161,2025-12-16 16:49:55.161,724.694300,10.126340,23,14,2,-0.031122,-0.001859,-0.039496,0.144775,0.247635,0.957962,-36.624490,1.592770,26.691050,-0.959671,0.155874,0.233899,0.000000,0.000000,0.000000,0.000000,0,0,3.280029,2.954391,0.000000,0.000000,-36.660320,1.593800,26.726370,6.296573,276.976300,6.544618,104.047200,98.172010,0.300000,1000.000000,0.900730,2468,2740,50.000000,off
1765874995171,2025-12-16 16:49:55.171,724.705100,10.137210,23,14,2,-0.031122,-0.001859,-0.039496,0.144775,0.247635,0.957962,-36.623630,1.593224,26.691070,-0.959363,0.157169,0.234296,0.000000,0.000000,0.000000,0.000000,0,0,3.280029,2.954391,0.000000,0.000000,-36.659430,1.594330,26.726410,6.226930,277.015200,6.595868,104.047200,98.172010,0.300000,1000.000000,0.900730,2468,2740,50.000000,off
1765874995183,2025-12-16 16:49:55.183,724.716300,10.148380,23,14,2,-0.031183,-0.001651,-0.039748,0.143967,0.257584,0.955460,-36.622520,1.593756,26.691120,-0.957646,0.168732,0.233285,0.000000,0.000000,0.000000,0.000000,0,0,3.022675,3.027100,0.000000,0.000000,-36.658490,1.594734,26.726620,6.144453,277.103800,6.671892,104.047200,98.172010,0.300000,1000.000000,0.900730,2468,2740,50.000000,off
1765874995194,2025-12-16 16:49:55.194,724.727400,10.159480,23,14,2,-0.012857,-0.000891,-0.039463,0.128693,0.275452,0.952652,-36.620030,1.596987,26.709280,-0.958169,0.186451,0.217092,0.000000,0.000000,0.000000,0.000000,0,0,3.208725,3.076462,0.000000,0.000000,-36.657630,1.595200,26.726790,6.060532,277.187900,6.735533,104.047200,98.172010,0.300000,1000.000000,0.900730,2468,2740,50.000000,off
1765874995205,2025-12-16 16:49:55.205,724.738500,10.170530,23,14,2,-0.012857,-0.000891,-0.039463,0.128693,0.275452,0.952652,-36.619140,1.597289,26.709510,-0.957575,0.187921,0.218441,0.000000,0.000000,0.000000,0.000000,0,0,3.208725,3.076462,0.000000,0.000000,-36.656710,1.595574,26.727090,5.983245,277.297600,6.826960,104.047200,98.172010,0.300000,1000.000000,0.900730,2468,2740,50.000000,off
1765874995217,2025-12-16 16:49:55.217,724.749600,10.181640,23,14,2,-0.023245,-0.001498,-0.039388,0.150879,0.284485,0.946732,-36.619510,1.595781,26.699390,-0.949553,0.201542,0.240264,0.000000,0.000000,0.000000,0.000000,0,0,3.322220,3.108444,0.000000,0.000000,-36.655840,1.595993,26.727220,5.908653,277.428200,6.923492,104.047200,98.172010,0.300000,1000.000000,0.900730,2468,2740,50.000000,off
1765874995228,2025-12-16 16:49:55.228,724.760700,10.192750,23,14,2,-0.031183,-0.001651,-0.039748,0.143967,0.257584,0.955460,-36.619340,1.594994,26.691740,-0.955116,0.174605,0.239258,0.000000,0.000000,0.000000,0.000000,0,0,3.022675,3.027100,0.000000,0.000000,-36.655030,1.596373,26.727500,5.840814,277.567800,7.024167,104.047200,98.172010,0.300000,1000.000000,0.900730,2468,2740,50.000000,off
1765874995239,2025-12-16 16:49:55.239,724.771800,10.203860,23,14,2,-0.012857,-0.000891,-0.039463,0.128693,0.275452,0.952652,-36.616690,1.598155,26.710010,-0.955483,0.192146,0.223863,0.000000,0.000000,0.000000,0.000000,0,0,3.208725,3.076462,0.000000,0.000000,-36.654140,1.596656,26.727850,5.763162,277.713900,7.114671,104.047200,98.172010,0.300000,1000.000000,0.900730,2468,2740,50.000000,off
1765874995250,2025-12-16 16:49:55.250,724.782800,10.214900,23,14,2,-0.012857,-0.000891,-0.039463,0.128693,0.275452,0.952652,-36.615830,1.598348,26.710370,-0.954763,0.193393,0.225849,0.000000,0.000000,0.000000,0.000000,0,0,3.208725,3.076462,0.000000,0.000000,-36.653250,1.596913,26.728300,5.698972,277.862900,7.208655,104.047200,98.172010,0.300000,1000.000000,0.900730,2468,2740,50.000000,off
1765874995261,2025-12-16 16:49:55.261,724.794000,10.226070,23,14,2,-0.019046,-0.001323,-0.039321,0.142227,0.282242,0.948731,-36.615900,1.597318,26.704670,-0.949168,0.203771,0.239868,0.000000,0.000000,0.000000,0.000000,0,0,3.287292,3.066162,0.000000,0.000000,-36.652400,1.597190,26.728720,5.616878,278.018800,7.318473,104.047200,98.172010,0.300000,1000.000000,0.900730,2468,2740,50.000000,off
1765874995271,2025-12-16 16:49:55.271,724.805100,10.237180,23,14,2,-0.008001,-0.000898,-0.039052,0.131836,0.266052,0.954895,-36.614060,1.599370,26.715870,-0.953933,0.187362,0.234299,0.000000,0.000000,0.000000,0.000000,0,0,3.296524,3.112976,0.000000,0.000000,-36.651610,1.597513,26.729150,5.537493,278.163400,7.400477,104.047200,98.172010,0.300000,1000.000000,0.900730,2468,2740,50.000000,off
1765874995282,2025-12-16 16:49:55.282,724.816200,10.248230,23,14,2,-0.008001,-0.000898,-0.039052,0.131836,0.266052,0.954895,-36.613300,1.599636,26.716250,-0.953277,0.188397,0.236133,0.000000,0.000000,0.000000,0.000000,0,0,3.296524,3.112976,0.000000,0.000000,-36.650820,1.597827,26.729620,5.485065,278.299500,7.484704,104.047200,98.172010,0.300000,1000.000000,0.900730,2468,2740,50.000000,off
1765874995294,2025-12-16 16:49:55.294,724.827300,10.259340,23,14,2,0.009748,-0.000258,-0.038565,0.111099,0.273056,0.955551,-36.610790,1.602848,26.734010,-0.956781,0.193801,0.216776,0.000000,0.000000,0.000000,0.000000,0,0,3.284119,3.197952,0.000000,0.000000,-36.650090,1.598184,26.730030,5.418409,278.429200,7.565522,104.047200,98.172010,0.300000,1000.000000,0.900730,2468,2740,50.000000,off
1765874995305,2025-12-16 16:49:55.305,724.838500,10.270570,23,14,2,0.020630,0.000199,-0.038440,0.081238,0.257553,0.962830,-36.608760,1.605002,26.745050,-0.965622,0.174989,0.192166,0.000000,0.000000,0.000000,0.000000,0,0,3.182785,3.134613,0.000000,0.000000,-36.649370,1.598497,26.730510,5.357074,278.553200,7.610177,104.047200,98.172010,0.300000,1000.000000,0.900730,2468,2740,50.000000,off
1765874995317,2025-12-16 16:49:55.317,724.849500,10.281620,23,14,2,0.014937,-0.000041,-0.038540,0.083847,0.278763,0.956680,-36.608670,1.604318,26.739850,-0.960932,0.197981,0.193364,0.000000,0.000000,0.000000,0.000000,0,0,3.296494,3.201447,0.000000,0.000000,-36.648670,1.598827,26.730980,5.291585,278.685200,7.640108,104.047200,98.172010,0.300000,1000.000000,0.900730,2468,2740,50.000000,off
1765874995328,2025-12-16 16:49:55.328,724.860700,10.292720,23,14,2,0.014937,-0.000041,-0.038540,0.083847,0.278763,0.956680,-36.608010,1.604630,26.740260,-0.960319,0.199075,0.195275,0.000000,0.000000,0.000000,0.000000,0,0,3.296494,3.201447,0.000000,0.000000,-36.648030,1.599183,26.731470,5.227454,278.800500,7.637792,104.047200,98.172010,0.300000,1000.000000,0.900730,2468,2740,50.000000,off
1765874995339,2025-12-16 16:49:55.339,724.871800,10.303890,23,14,2,0.008454,-0.000382,-0.038414,0.096191,0.257187,0.961548,-36.608360,1.603716,26.734360,-0.960400,0.180301,0.212359,0.000000,0.000000,0.000000,0.000000,0,0,3.282166,3.259430,0.000000,0.000000,-36.647400,1.599530,26.731940,5.148468,278.897900,7.616614,104.047200,98.172010,0.300000,1000.000000,0.900730,2468,2740,50.000000,off
1765874995350,2025-12-16 16:49:55.350,724.882900,10.314940,23,14,2,0.020630,0.000199,-0.038440,0.081238,0.257553,0.962830,-36.606050,1.606202,26.746570,-0.963236,0.179907,0.199461,0.000000,0.000000,0.000000,0.000000,0,0,3.182785,3.134613,0.000000,0.000000,-36.646810,1.599900,26.732340,5.068773,278.985200,7.575454,104.047200,98.172010,0.300000,1000.000000,0.900730,2468,2740,50.000000,off
1765874995361,2025-12-16 16:49:55.361,724.893900,10.325990,23,14,2,0.020630,0.000199,-0.038440,0.081238,0.257553,0.962830,-36.605420,1.606443,26.746930,-0.962676,0.181150,0.201034,0.000000,0.000000,0.000000,0.000000,0,0,3.182785,3.134613,0.000000,0.000000,-36.646210,1.600212,26.732750,4.993533,279.065300,7.517448,104.047200,98.172010,0.300000,1000.000000,0.900730,2468,2740,50.000000,off
1765874995371,2025-12-16 16:49:55.371,724.905000,10.337100,23,14,2,0.014937,-0.000041,-0.038540,0.083847,0.278763,0.956680,-36.605460,1.605677,26.741780,-0.957987,0.204120,0.201427,0.000000,0.000000,0.000000,0.000000,0,0,3.296494,3.201447,0.000000,0.000000,-36.645570,1.600476,26.733220,4.923919,279.127400,7.466865,104.047200,98.172010,0.300000,1000.000000,0.900730,2468,2740,50.000000,off
1765874995382,2025-12-16 16:49:55.382,724.916100,10.348210,23,14,2,0.013063,-0.000127,-0.038510,0.084320,0.264435,0.960693,-36.605190,1.605552,26.740340,-0.960049,0.190533,0.204867,0.000000,0.000000,0.000000,0.000000,0,0,3.279739,3.233124,0.000000,0.000000,-36.645000,1.600723,26.733630,4.872576,279.161400,7.434000,104.047200,98.172010,0.300000,1000.000000,0.900730,2468,2740,50.000000,off
1765874995393,2025-12-16 16:49:55.393,724.927300,10.359380,23,14,2,0.010721,-0.000361,-0.038152,0.076706,0.263580,0.961578,-36.605180,1.605044,26.738530,-0.961556,0.189911,0.198330,0.000000,0.000000,0.000000,0.000000,0,0,3.276855,3.263260,0.000000,0.000000,-36.644330,1.600837,26.734050,4.796039,279.192900,7.390088,104.047200,98.172010,0.300000,1000.000000,0.900730,2468,2740,50.000000,off
1765874995404,2025-12-16 16:49:55.404,724.938400,10.370420,23,14,2,0.010721,-0.000361,-0.038152,0.076706,0.263580,0.961578,-36.604640,1.605139,26.738870,-0.961256,0.190957,0.198783,0.000000,0.000000,0.000000,0.000000,0,0,3.276855,3.263260,0.000000,0.000000,-36.643800,1.600981,26.734400,4.733195,279.210500,7.349290,104.047200,98.172010,0.300000,1000.000000,0.900730,2468,2740,50.000000,off
1765874995416,2025-12-16 16:49:55.416,724.949700,10.381770,23,14,2,-0.001605,-0.000865,-0.038432,0.093872,0.239822,0.966263,-36.605570,1.603151,26.727140,-0.960664,0.170309,0.219343,0.000000,0.000000,0.000000,0.000000,0,0,3.363831,3.247009,0.000000,0.000000,-36.643220,1.601081,26.734750,4.670161,279.218000,7.304368,104.047200,98.172010,0.300000,1000.000000,0.900730,2468,2740,50.000000,off
1765874995427,2025-12-16 16:49:55.427,724.960700,10.392760,23,14,2,-0.013648,-0.001447,-0.038492,0.109070,0.228714,0.967346,-36.606800,1.601153,26.715670,-0.958125,0.162155,0.235941,0.000000,0.000000,0.000000,0.000000,0,0,3.130081,3.197296,0.000000,0.000000,-36.642780,1.601210,26.735040,4.608957,279.224900,7.260027,104.047200,98.172010,0.300000,1000.000000,0.900730,2468,2740,50.000000,off
1765874995438,2025-12-16 16:49:55.438,724.971800,10.403870,23,14,2,-0.013648,-0.001447,-0.038492,0.109070,0.228714,0.967346,-36.606140,1.601101,26.716090,-0.957992,0.162889,0.235974,0.000000,0.000000,0.000000,0.000000,0,0,3.130081,3.197296,0.000000,0.000000,-36.642120,1.601177,26.735460,4.561606,279.214200,7.203403,104.047200,98.172010,0.300000,1000.000000,0.900730,2468,2740,50.000000,off
1765874995449,2025-12-16 16:49:55.449,724.982900,10.414980,23,14,2,0.008457,-0.000587,-0.037983,0.066452,0.254364,0.964813,-36.602950,1.604685,26.738030,-0.964130,0.183900,0.191352,0.000000,0.000000,0.000000,0.000000,0,0,3.385178,3.313644,0.000000,0.000000,-36.641640,1.601226,26.735740,4.515069,279.228900,7.155620,104.047200,98.172010,0.300000,1000.000000,0.900730,2468,2740,50.000000,off
1765874995460,2025-12-16 16:49:55.460,724.994000,10.426030,23,14,2,-0.001605,-0.000865,-0.038432,0.093872,0.239822,0.966263,-36.603510,1.603129,26.728410,-0.959932,0.173283,0.220212,0.000000,0.000000,0.000000,0.000000,0,0,3.363831,3.247009,0.000000,0.000000,-36.641170,1.601179,26.736030,4.484994,279.227800,7.118831,104.047200,98.172010,0.300000,1000.000000,0.900730,2468,2740,50.000000,off
1765874995471,2025-12-16 16:49:55.471,725.005000,10.437070,23,14,2,-0.013648,-0.001447,-0.038492,0.109070,0.228714,0.967346,-36.604610,1.600983,26.716930,-0.957535,0.164374,0.236798,0.000000,0.000000,0.000000,0.000000,0,0,3.130081,3.197296,0.000000,0.000000,-36.640590,1.601094,26.736320,4.464305,279.233200,7.069908,104.047200,98.172010,0.300000,1000.000000,0.900730,2468,2740,50.000000,off
1765874995482,2025-12-16 16:49:55.482,725.016100,10.448120,23,14,2,-0.013648,-0.001447,-0.038492,0.109070,0.228714,0.967346,-36.602700,1.599818,26.718710,-0.957448,0.164720,0.236908,0.000000,0.000000,0.000000,0.000000,0,0,3.130081,3.197296,0.000000,0.000000,-36.638670,1.599934,26.738100,4.440337,279.228900,7.023191,104.047200,98.172010,0.300000,1000.000000,0.900730,2468,2740,50.000000,off
1765874995494,2025-12-16 16:49:55.494,725.027200,10.459290,23,14,2,0.006383,-0.000723,-0.037908,0.071304,0.256775,0.963821,-36.599770,1.602835,26.738630,-0.962223,0.188249,0.196621,0.000000,0.000000,0.000000,0.000000,0,0,3.417969,3.304947,0.000000,0.000000,-36.638100,1.599846,26.738360,4.433254,279.240400,6.982876,104.047200,98.172010,0.300000,1000.000000,0.900730,2468,2740,50.000000,off
1765874995505,2025-12-16 16:49:55.505,725.038400,10.470460,23,14,2,-0.000718,-0.001078,-0.037902,0.071884,0.262589,0.962219,-36.600290,1.601520,26.731940,-0.961062,0.193990,0.196759,0.000000,0.000000,0.000000,0.000000,0,0,3.478653,3.376251,0.000000,0.000000,-36.637580,1.599737,26.738610,4.442896,279.250300,6.922288,104.047200,98.172010,0.300000,1000.000000,0.900730,2468,2740,50.000000,off
1765874995516,2025-12-16 16:49:55.516,725.049500,10.481570,23,14,2,-0.008539,-0.001462,-0.037909,0.080353,0.247650,0.965500,-36.600990,1.600092,26.724530,-0.961551,0.179731,0.207590,0.000000,0.000000,0.000000,0.000000,0,0,3.445084,3.382156,0.000000,0.000000,-36.637150,1.599612,26.738840,4.453576,279.257600,6.860032,104.047200,98.172010,0.300000,1000.000000,0.900730,2468,2740,50.000000,off
1765874995527,2025-12-16 16:49:55.527,725.060500,10.492610,23,14,2,-0.008539,-0.001462,-0.037909,0.080353,0.247650,0.965500,-36.600440,1.600037,26.724720,-0.961542,0.179409,0.207910,0.000000,0.000000,0.000000,0.000000,0,0,3.445084,3.382156,0.000000,0.000000,-36.636590,1.599540,26.739030,4.469915,279.263700,6.812162,104.047200,98.172010,0.300000,1000.000000,0.900730,2468,2740,50.000000,off
1765874995538,2025-12-16 16:49:55.538,725.071700,10.503720,23,14,2,-0.009233,-0.001504,-0.037904,0.080154,0.249603,0.965012,-36.600070,1.599865,26.724230,-0.961314,0.180913,0.207654,0.000000,0.000000,0.000000,0.000000,0,0,3.420853,3.382004,0.000000,0.000000,-36.636120,1.599469,26.739220,4.493601,279.264500,6.767896,104.047200,98.172010,0.300000,1000.000000,0.900730,2468,2740,50.000000,off
1765874995549,2025-12-16 16:49:55.549,725.082800,10.514830,23,14,2,-0.014314,-0.001733,-0.037966,0.085846,0.246338,0.965363,-36.600190,1.599016,26.719350,-0.960424,0.177931,0.214250,0.000000,0.000000,0.000000,0.000000,0,0,3.415833,3.397919,0.000000,0.000000,-36.635550,1.599410,26.739330,4.512600,279.283400,6.702170,104.047200,98.172010,0.300000,1000.000000,0.900730,2468,2740,50.000000,off
1765874995560,2025-12-16 16:49:55.561,725.093800,10.525880,23,14,2,-0.014314,-0.001733,-0.037966,0.085846,0.246338,0.965363,-36.599740,1.598961,26.719440,-0.960434,0.177635,0.214449,0.000000,0.000000,0.000000,0.000000,0,0,3.415833,3.397919,0.000000,0.000000,-36.635100,1.599330,26.739420,4.526176,279.278300,6.638639,104.047200,98.172010,0.300000,1000.000000,0.900730,2468,2740,50.000000,off
1765874995572,2025-12-16 16:49:55.572,725.104900,10.536990,23,14,2,-0.008539,-0.001462,-0.037909,0.080353,0.247650,0.965500,-36.598450,1.599837,26.725200,-0.961455,0.178059,0.209470,0.000000,0.000000,0.000000,0.000000,0,0,3.445084,3.382156,0.000000,0.000000,-36.634590,1.599263,26.739540,4.537143,279.296300,6.589174,104.047200,98.172010,0.300000,1000.000000,0.900730,2468,2740,50.000000,off
1765874995583,2025-12-16 16:49:55.583,725.116100,10.548160,23,14,2,-0.009233,-0.001504,-0.037904,0.080154,0.249603,0.965012,-36.598100,1.599671,26.724620,-0.961140,0.179824,0.209396,0.000000,0.000000,0.000000,0.000000,0,0,3.420853,3.382004,0.000000,0.000000,-36.634140,1.599203,26.739640,4.544678,279.303400,6.527057,104.047200,98.172010,0.300000,1000.000000,0.900730,2468,2740,50.000000,off
1765874995594,2025-12-16 16:49:55.594,725.127100,10.559200,23,14,2,-0.015103,-0.001767,-0.037978,0.086914,0.246323,0.965271,-36.598420,1.598725,26.718950,-0.959964,0.177406,0.216733,0.000000,0.000000,0.000000,0.000000,0,0,3.415848,3.399826,0.000000,0.000000,-36.633660,1.599167,26.739730,4.536006,279.307100,6.464439,104.047200,98.172010,0.300000,1000.000000,0.900730,2468,2740,50.000000,off
1765874995605,2025-12-16 16:49:55.605,725.138300,10.570370,23,14,2,-0.015103,-0.001767,-0.037978,0.086914,0.246323,0.965271,-36.597950,1.598682,26.718990,-0.959898,0.177505,0.216945,0.000000,0.000000,0.000000,0.000000,0,0,3.415848,3.399826,0.000000,0.000000,-36.633190,1.599113,26.739770,4.526141,279.302200,6.396090,104.047200,98.172010,0.300000,1000.000000,0.900730,2468,2740,50.000000,off
1765874995616,2025-12-16 16:49:55.616,725.149400,10.581480,23,14,2,-0.015530,-0.001786,-0.037980,0.087738,0.246994,0.965027,-36.597500,1.598506,26.718570,-0.959592,0.178406,0.217569,0.000000,0.000000,0.000000,0.000000,0,0,3.434601,3.403275,0.000000,0.000000,-36.632680,1.598993,26.739760,4.514851,279.280500,6.330035,104.047200,98.172010,0.300000,1000.000000,0.900730,2468,2740,50.000000,off
1765874995627,2025-12-16 16:49:55.627,725.160500,10.592590,23,14,2,-0.013397,-0.001697,-0.037938,0.085358,0.244690,0.965820,-36.596740,1.598775,26.720650,-0.960524,0.175845,0.215500,0.000000,0.000000,0.000000,0.000000,0,0,3.416489,3.429718,0.000000,0.000000,-36.632190,1.598931,26.739730,4.508043,279.257900,6.260358,104.047200,98.172010,0.300000,1000.000000,0.900730,2468,2740,50.000000,off
1765874995639,2025-12-16 16:49:55.639,725.171700,10.603760,23,14,2,-0.013397,-0.001697,-0.037938,0.085358,0.244690,0.965820,-36.596310,1.598703,26.720610,-0.960593,0.175937,0.215119,0.000000,0.000000,0.000000,0.000000,0,0,3.416489,3.429718,0.000000,0.000000,-36.631780,1.598849,26.739670,4.498533,279.217300,6.190250,104.047200,98.172010,0.300000,1000.000000,0.900730,2468,2740,50.000000,off
1765874995650,2025-12-16 16:49:55.650,725.182800,10.614870,23,14,2,-0.001493,-0.001202,-0.037672,0.071533,0.246368,0.966522,-36.594350,1.600356,26.732230,-0.963567,0.176199,0.201176,0.000000,0.000000,0.000000,0.000000,0,0,3.413574,3.527084,0.000000,0.000000,-36.631310,1.598759,26.739580,4.488045,279.185600,6.138381,104.047200,98.172010,0.300000,1000.000000,0.900730,2468,2740,50.000000,off
1765874995661,2025-12-16 16:49:55.661,725.194000,10.626040,23,14,2,-0.001905,-0.001216,-0.037681,0.071121,0.252670,0.964920,-36.593980,1.600233,26.731720,-0.962781,0.182552,0.199248,0.000000,0.000000,0.000000,0.000000,0,0,3.439041,3.530518,0.000000,0.000000,-36.630900,1.598694,26.739440,4.483861,279.128900,6.076987,104.047200,98.172010,0.300000,1000.000000,0.900730,2468,2740,50.000000,off
1765874995672,2025-12-16 16:49:55.672,725.204900,10.636960,23,14,2,-0.013397,-0.001697,-0.037938,0.085358,0.244690,0.965820,-36.594980,1.598447,26.720320,-0.960923,0.176085,0.213516,0.000000,0.000000,0.000000,0.000000,0,0,3.416489,3.429718,0.000000,0.000000,-36.630490,1.598567,26.739300,4.479656,279.077900,6.018714,104.047200,98.172010,0.300000,1000.000000,0.900730,2468,2740,50.000000,off
1765874995683,2025-12-16 16:49:55.683,725.216000,10.648070,23,14,2,-0.013397,-0.001697,-0.037938,0.085358,0.244690,0.965820,-36.594520,1.598333,26.720160,-0.961025,0.176251,0.212920,0.000000,0.000000,0.000000,0.000000,0,0,3.416489,3.429718,0.000000,0.000000,-36.630050,1.598446,26.739120,4.465606,279.023900,5.946170,104.047200,98.172010,0.300000,1000.000000,0.900730,2468,2740,50.000000,off
1765874995694,2025-12-16 16:49:55.694,725.227100,10.659180,23,14,2,-0.001493,-0.001202,-0.037672,0.071533,0.246368,0.966522,-36.592660,1.599911,26.731640,-0.964042,0.176536,0.198588,0.000000,0.000000,0.000000,0.000000,0,0,3.413574,3.527084,0.000000,0.000000,-36.629650,1.598329,26.738850,4.456618,278.966400,5.881824,104.047200,98.172010,0.300000,1000.000000,0.900730,2468,2740,50.000000,off
1765874995705,2025-12-16 16:49:55.705,725.238200,10.670290,23,14,2,-0.002693,-0.001245,-0.037695,0.070450,0.253494,0.964752,-36.592370,1.599597,26.730290,-0.963250,0.183793,0.195805,0.000000,0.000000,0.000000,0.000000,0,0,3.445023,3.535370,0.000000,0.000000,-36.629220,1.598182,26.738640,4.444037,278.900700,5.813578,104.047200,98.172010,0.300000,1000.000000,0.900730,2468,2740,50.000000,off
1765874995716,2025-12-16 16:49:55.716,725.249300,10.681400,23,14,2,-0.002693,-0.001245,-0.037695,0.070450,0.253494,0.964752,-36.591880,1.599441,26.730050,-0.963425,0.183825,0.194912,0.000000,0.000000,0.000000,0.000000,0,0,3.445023,3.535370,0.000000,0.000000,-36.628740,1.598027,26.738360,4.439715,278.833300,5.759192,104.047200,98.172010,0.300000,1000.000000,0.900730,2468,2740,50.000000,off
1765874995728,2025-12-16 16:49:55.728,725.260400,10.692500,23,14,2,-0.001644,-0.001198,-0.037672,0.067520,0.258942,0.963516,-36.591300,1.599424,26.730820,-0.963322,0.189014,0.190413,0.000000,0.000000,0.000000,0.000000,0,0,3.447891,3.547089,0.000000,0.000000,-36.628300,1.597860,26.738060,4.438591,278.763100,5.708585,104.047200,98.172010,0.300000,1000.000000,0.900730,2468,2740,50.000000,off
1765874995739,2025-12-16 16:49:55.739,725.271500,10.703610,23,14,2,-0.001299,-0.001163,-0.037702,0.069595,0.253418,0.964844,-36.590820,1.599301,26.730900,-0.964021,0.183725,0.192085,0.000000,0.000000,0.000000,0.000000,0,0,3.440643,3.581528,0.000000,0.000000,-36.627900,1.597669,26.737760,4.431859,278.691400,5.673242,104.047200,98.172010,0.300000,1000.000000,0.900730,2468,2740,50.000000,off
1765874995749,2025-12-16 16:49:55.749,725.282800,10.714840,23,14,2,-0.001046,-0.001145,-0.037719,0.070282,0.252747,0.964966,-36.590390,1.599193,26.730910,-0.964240,0.182937,0.191716,0.000000,0.000000,0.000000,0.000000,0,0,3.462677,3.586243,0.000000,0.000000,-36.627530,1.597512,26.737480,4.440345,278.612700,5.628496,104.047200,98.172010,0.300000,1000.000000,0.900730,2468,2740,50.000000,off
1765874995760,2025-12-16 16:49:55.760,725.293800,10.725830,23,14,2,-0.001046,-0.001145,-0.037719,0.070282,0.252747,0.964966,-36.590020,1.599100,26.730670,-0.964473,0.182852,0.190621,0.000000,0.000000,0.000000,0.000000,0,0,3.462677,3.586243,0.000000,0.000000,-36.627160,1.597416,26.737180,4.443950,278.540000,5.599793,104.047200,98.172010,0.300000,1000.000000,0.900730,2468,2740,50.000000,off
1765874995771,2025-12-16 16:49:55.771,725.304900,10.736940,23,14,2,-0.007442,-0.001372,-0.037967,0.108337,0.241669,0.964279,-36.590340,1.598198,26.724080,-0.957709,0.175617,0.227875,0.000000,0.000000,0.000000,0.000000,0,0,3.298431,3.658279,0.000000,0.000000,-36.626870,1.597339,26.736880,4.440857,278.466000,5.564166,104.047200,98.172010,0.300000,1000.000000,0.900730,2468,2740,50.000000,off
1765874995782,2025-12-16 16:49:55.782,725.316000,10.748050,23,14,2,-0.001299,-0.001163,-0.037702,0.069595,0.253418,0.964844,-36.589420,1.598936,26.729860,-0.964885,0.183553,0.187867,0.000000,0.000000,0.000000,0.000000,0,0,3.440643,3.581528,0.000000,0.000000,-36.626530,1.597299,26.736540,4.435305,278.402000,5.527063,104.047200,98.172010,0.300000,1000.000000,0.900730,2468,2740,50.000000,off
1765874995793,2025-12-16 16:49:55.793,725.327100,10.759160,23,14,2,-0.001299,-0.001163,-0.037702,0.069595,0.253418,0.964844,-36.589020,1.598939,26.729540,-0.965058,0.183953,0.186581,0.000000,0.000000,0.000000,0.000000,0,0,3.440643,3.581528,0.000000,0.000000,-36.626140,1.597317,26.736160,4.411230,278.322200,5.511413,104.047200,98.172010,0.300000,1000.000000,0.900730,2468,2740,50.000000,off
1765874995804,2025-12-16 16:49:55.805,725.338200,10.770260,23,14,2,-0.001046,-0.001145,-0.037719,0.070282,0.252747,0.964966,-36.588610,1.599015,26.729460,-0.965214,0.183476,0.186220,0.000000,0.000000,0.000000,0.000000,0,0,3.462677,3.586243,0.000000,0.000000,-36.625790,1.597357,26.735790,4.402349,278.249800,5.486372,104.047200,98.172010,0.300000,1000.000000,0.900730,2468,2740,50.000000,off
1765874995816,2025-12-16 16:49:55.816,725.349300,10.781370,23,14,2,-0.007835,-0.001312,-0.038146,0.090256,0.260330,0.961273,-36.588840,1.598322,26.722330,-0.959729,0.193491,0.203582,0.000000,0.000000,0.000000,0.000000,0,0,3.412323,3.750992,0.000000,0.000000,-36.625550,1.597451,26.735350,4.382192,278.169900,5.448309,104.047200,98.172010,0.300000,1000.000000,0.900730,2468,2740,50.000000,off
1765874995827,2025-12-16 16:49:55.827,725.360500,10.792540,23,14,2,-0.009503,-0.001072,-0.038997,0.084808,0.232773,0.968811,-36.587880,1.598548,26.720170,-0.965618,0.165425,0.200468,0.000000,0.000000,0.000000,0.000000,0,0,3.376068,3.618820,0.000000,0.000000,-36.625200,1.597544,26.734940,4.358410,278.098400,5.420924,104.047200,98.172010,0.300000,1000.000000,0.900730,2468,2740,50.000000,off
1765874995838,2025-12-16 16:49:55.838,725.371600,10.803650,23,14,2,-0.009503,-0.001072,-0.038997,0.084808,0.232773,0.968811,-36.587570,1.598706,26.719840,-0.965811,0.165868,0.199167,0.000000,0.000000,0.000000,0.000000,0,0,3.376068,3.618820,0.000000,0.000000,-36.624910,1.597716,26.734550,4.330875,278.015000,5.392819,104.047200,98.172010,0.300000,1000.000000,0.900730,2468,2740,50.000000,off
1765874995849,2025-12-16 16:49:55.849,725.382600,10.814700,23,14,2,-0.031124,-0.002017,-0.039015,0.115295,0.251434,0.960968,-36.589920,1.595864,26.698180,-0.955853,0.188593,0.225278,0.000000,0.000000,0.000000,0.000000,0,0,3.473480,3.638321,0.000000,0.000000,-36.624570,1.597857,26.734110,4.284760,277.929400,5.369363,104.047200,98.172010,0.300000,1000.000000,0.900730,2468,2740,50.000000,off
1765874995860,2025-12-16 16:49:55.860,725.393700,10.825810,23,14,2,-0.031277,-0.001796,-0.039412,0.125259,0.120026,0.984833,-36.589310,1.596268,26.697550,-0.966977,0.057793,0.248211,-49.569270,2.372034,30.029340,13.423190,Node13,NodeMarker,3.073151,3.126190,0.000000,0.000000,-36.624350,1.598035,26.733660,4.252016,277.866300,5.345419,104.047200,98.172010,0.300000,1000.000000,0.900730,2468,2740,50.000000,off
1765874995872,2025-12-16 16:49:55.872,725.405500,10.837590,23,14,2,-0.031425,-0.001746,-0.039234,0.097900,0.075195,0.992340,-36.589260,1.596380,26.697040,-0.974378,0.011138,0.224592,-49.520560,1.744202,29.677670,13.271190,Node13,NodeMarker,-1.000000,2.914932,0.000000,0.000000,-36.624150,1.598152,26.733220,4.195031,277.787000,5.323883,104.047200,98.172010,0.300000,1000.000000,0.900730,2468,2740,50.000000,off
1765874995883,2025-12-16 16:49:55.883,725.416100,10.848210,23,14,2,-0.031425,-0.001746,-0.039234,0.097900,0.075195,0.992340,-36.588980,1.596495,26.696650,-0.974672,0.011814,0.223276,-49.530970,1.753368,29.661380,13.278150,Node13,NodeMarker,-1.000000,2.914932,0.000000,0.000000,-36.623910,1.598285,26.732790,4.154611,277.708300,5.306979,104.047200,98.172010,0.300000,1000.000000,0.900730,2468,2740,50.000000,off
1765874995894,2025-12-16 16:49:55.894,725.427200,10.859310,23,14,1,0.000000,0.000000,0.000000,0.000000,0.000000,1.000000,0.000000,0.000000,0.000000,0.000000,0.000000,0.000000,0.000000,0.000000,0.000000,0.000000,0,0,0.000000,0.000000,0.000000,0.000000,-36.623650,1.598461,26.732350,4.124245,277.631500,5.307495,104.047200,98.172010,0.300000,1000.000000,0.900730,2468,2740,50.000000,off
1765874995905,2025-12-16 16:49:55.905,725.438300,10.870360,23,14,2,-0.031277,-0.001796,-0.039412,0.125259,0.120026,0.984833,-36.588160,1.596710,26.695960,-0.968108,0.060791,0.243028,-49.615630,2.414752,29.966300,13.456570,Node13,NodeMarker,3.073151,3.126190,0.000000,0.000000,-36.623390,1.598577,26.731880,4.073959,277.555200,5.303061,104.047200,98.172010,0.300000,1000.000000,0.900730,2468,2740,50.000000,off
1765874995916,2025-12-16 16:49:55.916,725.449400,10.881470,23,14,2,-0.031277,-0.001796,-0.039412,0.125259,0.120026,0.984833,-36.587870,1.596778,26.695570,-0.968444,0.061503,0.241504,-49.629710,2.425024,29.947860,13.466740,Node13,NodeMarker,3.073151,3.126190,0.000000,0.000000,-36.623150,1.598681,26.731430,4.034606,277.467400,5.318539,104.047200,98.172010,0.300000,1000.000000,0.900730,2468,2740,50.000000,off
1765874995927,2025-12-16 16:49:55.927,725.460500,10.892580,23,14,2,-0.031425,-0.001746,-0.039234,0.097900,0.075195,0.992340,-36.587850,1.596839,26.695060,-0.975908,0.014613,0.217641,-49.581340,1.791406,29.592790,13.314100,Node13,NodeMarker,-1.000000,2.914932,0.000000,0.000000,-36.622990,1.598758,26.731000,3.996865,277.380600,5.343503,104.047200,98.172010,0.300000,1000.000000,0.900730,2468,2740,50.000000,off
1765874995938,2025-12-16 16:49:55.938,725.471600,10.903630,23,14,2,-0.031559,-0.004094,-0.033330,0.149323,-0.492462,0.857407,-36.593270,1.594128,26.695470,-0.791015,-0.534501,0.297602,0.000000,0.000000,0.000000,0.000000,0,0,-1.000000,3.578674,0.000000,0.000000,-36.622790,1.598837,26.730530,3.968594,277.290700,5.376988,104.047200,98.172010,0.300000,1000.000000,0.900730,2468,2740,50.000000,off
1765874995949,2025-12-16 16:49:55.949,725.482700,10.914730,23,14,2,-0.031487,-0.002138,-0.038534,0.207352,0.199692,0.957657,-36.587990,1.596423,26.694320,-0.939399,0.151969,0.307269,0.000000,0.000000,0.000000,0.000000,0,0,-1.000000,3.215775,0.000000,0.000000,-36.622590,1.598862,26.730060,3.945748,277.173200,5.420080,104.047200,98.172010,0.300000,1000.000000,0.900730,2468,2740,50.000000,off
1765874995960,2025-12-16 16:49:55.960,725.493800,10.925840,23,14,2,-0.031487,-0.002138,-0.038534,0.207352,0.199692,0.957657,-36.587730,1.596414,26.693900,-0.940036,0.152561,0.305019,0.000000,0.000000,0.000000,0.000000,0,0,-1.000000,3.215775,0.000000,0.000000,-36.622410,1.598905,26.729570,3.923935,277.052100,5.488344,104.047200,98.172010,0.300000,1000.000000,0.900730,2468,2740,50.000000,off
1765874995972,2025-12-16 16:49:55.972,725.504800,10.936830,23,14,2,-0.031452,-0.002274,-0.038395,0.224838,0.279495,0.933441,-36.587530,1.596240,26.693480,-0.921183,0.235678,0.309614,0.000000,0.000000,0.000000,0.000000,0,0,3.524490,3.625031,0.000000,0.000000,-36.622180,1.598928,26.728980,3.909484,276.905100,5.575612,104.047200,98.172010,0.300000,1000.000000,0.900730,2468,2740,50.000000,off
1765874995983,2025-12-16 16:49:55.983,725.515900,10.947940,23,14,2,-0.031451,-0.002280,-0.038376,0.209335,0.294235,0.932510,-36.587290,1.596186,26.693050,-0.924110,0.249564,0.289328,0.000000,0.000000,0.000000,0.000000,0,0,3.790970,3.602646,0.000000,0.000000,-36.622040,1.598959,26.728440,3.890190,276.725500,5.693760,104.047200,98.172010,0.300000,1000.000000,0.900730,2468,2740,50.000000,off
1765874995993,2025-12-16 16:49:55.993,725.527000,10.959050,23,14,2,-0.031451,-0.002280,-0.038376,0.209335,0.294235,0.932510,-36.587000,1.596157,26.692580,-0.925120,0.250378,0.285370,0.000000,0.000000,0.000000,0.000000,0,0,3.790970,3.602646,0.000000,0.000000,-36.621870,1.599023,26.727830,3.868376,276.529700,5.838827,104.047200,98.172010,0.300000,1000.000000,0.900730,2468,2740,50.000000,off
1765874996004,2025-12-16 16:49:56.004,725.538100,10.970150,23,13,2,-0.031487,-0.002138,-0.038534,0.207352,0.199692,0.957657,-50.686610,1.596308,29.692020,-0.944089,0.155361,0.290751,0.000000,0.000000,0.000000,0.000000,0,0,-1.000000,3.215775,0.000000,0.000000,-50.721770,1.599121,29.727180,3.856508,276.303100,5.999438,104.047200,98.172010,0.300000,1000.000000,0.900730,2468,2740,50.000000,off
1765874996015,2025-12-16 16:49:56.015,725.549200,10.981260,23,13,2,-0.031452,-0.002274,-0.038395,0.224838,0.279495,0.933441,-50.686520,1.596192,29.691600,-0.925816,0.238787,0.292962,0.000000,0.000000,0.000000,0.000000,0,0,3.524490,3.625031,0.000000,0.000000,-50.721710,1.599242,29.726540,3.841790,276.062300,6.160116,104.047200,98.172010,0.300000,1000.000000,0.900730,2468,2740,50.000000,off
1765874996026,2025-12-16 16:49:56.026,725.560300,10.992370,23,13,2,-0.031452,-0.002274,-0.038395,0.224838,0.279495,0.933441,-50.686390,1.596198,29.691080,-0.927052,0.239865,0.288137,0.000000,0.000000,0.000000,0.000000,0,0,3.524490,3.625031,0.000000,0.000000,-50.721740,1.599346,29.725850,3.804278,275.808500,6.295087,104.047200,98.172010,0.300000,1000.000000,0.900730,2468,2740,50.000000,off
1765874996038,2025-12-16 16:49:56.038,725.571500,11.003540,23,13,2,-0.031440,-0.002446,-0.037895,0.217133,0.296326,0.930069,-50.686730,1.596063,29.690650,-0.926792,0.256817,0.274018,0.000000,0.000000,0.000000,0.000000,0,0,3.526184,3.904053,0.000000,0.000000,-50.721740,1.599496,29.725190,3.773098,275.574200,6.408925,104.047200,98.172010,0.300000,1000.000000,0.900730,2468,2740,50.000000,off
1765874996049,2025-12-16 16:49:56.049,725.582500,11.014590,23,13,2,-0.031429,-0.002260,-0.038420,0.203720,0.278244,0.938644,-50.686080,1.596360,29.690050,-0.936084,0.237802,0.259177,0.000000,0.000000,0.000000,0.000000,0,0,3.092865,3.669693,0.000000,0.000000,-50.721740,1.599645,29.724490,3.728662,275.337200,6.486709,104.047200,98.172010,0.300000,1000.000000,0.900730,2468,2740,50.000000,off
1765874996060,2025-12-16 16:49:56.060,725.593700,11.025760,23,13,2,-0.031436,-0.002229,-0.038473,0.230408,0.276688,0.932922,-50.685920,1.596446,29.689530,-0.928939,0.240510,0.281452,0.000000,0.000000,0.000000,0.000000,0,0,3.579254,3.875214,0.000000,0.000000,-50.721770,1.599760,29.723850,3.690287,275.126600,6.554551,104.047200,98.172010,0.300000,1000.000000,0.900730,2468,2740,50.000000,off
1765874996071,2025-12-16 16:49:56.071,725.604700,11.036800,23,13,2,-0.031436,-0.002229,-0.038473,0.230408,0.276688,0.932922,-50.685800,1.596516,29.689020,-0.929902,0.240940,0.277882,0.000000,0.000000,0.000000,0.000000,0,0,3.579254,3.875214,0.000000,0.000000,-50.721760,1.599865,29.723200,3.672866,274.920200,6.595767,104.047200,98.172010,0.300000,1000.000000,0.900730,2468,2740,50.000000,off
1765874996082,2025-12-16 16:49:56.082,725.615800,11.047850,23,13,2,-0.031294,-0.002225,-0.038450,0.210373,0.249558,0.945221,-50.685670,1.596569,29.688690,-0.942583,0.211199,0.258671,0.000000,0.000000,0.000000,0.000000,0,0,3.464279,3.728439,0.000000,0.000000,-50.721740,1.599928,29.722600,3.667731,274.728800,6.644244,104.047200,98.172010,0.300000,1000.000000,0.900730,2468,2740,50.000000,off
1765874996093,2025-12-16 16:49:56.093,725.626900,11.058960,23,13,2,-0.029647,-0.002586,-0.037316,0.304947,0.250275,0.918884,-50.686500,1.596354,29.690100,-0.910568,0.224509,0.347046,0.000000,0.000000,0.000000,0.000000,0,0,4.025238,3.993332,0.000000,0.000000,-50.721690,1.599967,29.722140,3.681139,274.549900,6.688911,104.047200,98.172010,0.300000,1000.000000,0.900730,2468,2740,50.000000,off
1765874996104,2025-12-16 16:49:56.104,725.638100,11.070130,23,13,2,-0.031436,-0.002229,-0.038473,0.230408,0.276688,0.932922,-50.685340,1.596582,29.687770,-0.932523,0.241274,0.268654,0.000000,0.000000,0.000000,0.000000,0,0,3.579254,3.875214,0.000000,0.000000,-50.721620,1.600001,29.721610,3.682086,274.397900,6.737779,104.047200,98.172010,0.300000,1000.000000,0.900730,2468,2740,50.000000,off
1765874996116,2025-12-16 16:49:56.116,725.649300,11.081360,23,13,2,-0.031436,-0.002229,-0.038473,0.230408,0.276688,0.932922,-50.685140,1.596535,29.687420,-0.933249,0.241492,0.265926,0.000000,0.000000,0.000000,0.000000,0,0,3.579254,3.875214,0.000000,0.000000,-50.721520,1.599977,29.721160,3.676146,274.241800,6.772871,104.047200,98.172010,0.300000,1000.000000,0.900730,2468,2740,50.000000,off
1765874996127,2025-12-16 16:49:56.127,725.660300,11.092350,23,13,2,-0.031294,-0.002225,-0.038450,0.210373,0.249558,0.945221,-50.685090,1.596588,29.687230,-0.945358,0.211600,0.247995,0.000000,0.000000,0.000000,0.000000,0,0,3.464279,3.728439,0.000000,0.000000,-50.721520,1.600026,29.720740,3.672301,274.124500,6.796986,104.047200,98.172010,0.300000,1000.000000,0.900730,2468,2740,50.000000,off
1765874996138,2025-12-16 16:49:56.138,725.671300,11.103390,23,13,2,-0.026191,-0.002396,-0.037443,0.291916,0.264206,0.919220,-50.685680,1.596992,29.692080,-0.915874,0.237510,0.323651,0.000000,0.000000,0.000000,0.000000,0,0,4.140320,3.986038,0.000000,0.000000,-50.721500,1.600066,29.720390,3.666721,274.023700,6.798517,104.047200,98.172010,0.300000,1000.000000,0.900730,2468,2740,50.000000,off
1765874996149,2025-12-16 16:49:56.149,725.682400,11.114500,23,13,2,-0.026191,-0.002396,-0.037443,0.291916,0.264206,0.919220,-50.685630,1.597007,29.691780,-0.916235,0.237700,0.322488,0.000000,0.000000,0.000000,0.000000,0,0,4.140320,3.986038,0.000000,0.000000,-50.721490,1.600089,29.720040,3.656085,273.952200,6.801927,104.047200,98.172010,0.300000,1000.000000,0.900730,2468,2740,50.000000,off
1765874996160,2025-12-16 16:49:56.160,725.693500,11.125610,23,13,2,0.017685,0.000006,-0.038429,0.212936,0.301514,0.929367,-50.682100,1.604636,29.734730,-0.933988,0.264761,0.239884,0.000000,0.000000,0.000000,0.000000,0,0,4.147430,4.105484,0.000000,0.000000,-50.721420,1.600097,29.719810,3.649646,273.900900,6.791336,104.047200,98.172010,0.300000,1000.000000,0.900730,2468,2740,50.000000,off
1765874996171,2025-12-16 16:49:56.171,725.704700,11.136780,23,13,2,0.024168,0.000111,-0.037877,0.193283,0.286011,0.938522,-50.682220,1.605515,29.740970,-0.943336,0.246623,0.221989,0.000000,0.000000,0.000000,0.000000,0,0,4.068741,4.111710,0.000000,0.000000,-50.721360,1.600145,29.719570,3.642613,273.853700,6.794641,104.047200,98.172010,0.300000,1000.000000,0.900730,2468,2740,50.000000,off
1765874996182,2025-12-16 16:49:56.182,725.715800,11.147890,23,13,2,0.020699,-0.000280,-0.037311,0.217590,0.308243,0.926071,-50.682890,1.604697,29.737470,-0.931047,0.272561,0.242548,0.000000,0.000000,0.000000,0.000000,0,0,4.237122,4.113922,0.000000,0.000000,-50.721290,1.600171,29.719420,3.627288,273.842700,6.792448,104.047200,98.172010,0.300000,1000.000000,0.900730,2468,2740,50.000000,off
1765874996193,2025-12-16 16:49:56.193,725.726900,11.159000,23,13,2,0.020699,-0.000280,-0.037311,0.217590,0.308243,0.926071,-50.682870,1.604729,29.737300,-0.931059,0.272460,0.242614,0.000000,0.000000,0.000000,0.000000,0,0,4.237122,4.113922,0.000000,0.000000,-50.721270,1.600202,29.719250,3.632431,273.844800,6.787268,104.047200,98.172010,0.300000,1000.000000,0.900730,2468,2740,50.000000,off
1765874996205,2025-12-16 16:49:56.205,725.738000,11.170100,23,13,2,-0.031395,-0.003125,-0.036662,0.343689,0.297882,0.890564,-50.686360,1.595759,29.685900,-0.887216,0.279476,0.367018,0.000000,0.000000,0.000000,0.000000,0,0,3.812164,4.232681,0.000000,0.000000,-50.721210,1.600243,29.719140,3.621963,273.883800,6.786219,104.047200,98.172010,0.300000,1000.000000,0.900730,2468,2740,50.000000,off
1765874996216,2025-12-16 16:49:56.216,725.749100,11.181150,23,13,2,0.024168,0.000111,-0.037877,0.193283,0.286011,0.938522,-50.682000,1.605644,29.740450,-0.942842,0.247273,0.223360,0.000000,0.000000,0.000000,0.000000,0,0,4.068741,4.111710,0.000000,0.000000,-50.721170,1.600316,29.719100,3.598653,273.927900,6.764489,104.047200,98.172010,0.300000,1000.000000,0.900730,2468,2740,50.000000,off
1765874996227,2025-12-16 16:49:56.227,725.760200,11.192260,23,13,2,0.024168,0.000111,-0.037877,0.193283,0.286011,0.938522,-50.681850,1.605668,29.740460,-0.942511,0.247731,0.224248,0.000000,0.000000,0.000000,0.000000,0,0,4.068741,4.111710,0.000000,0.000000,-50.721040,1.600374,29.719140,3.565747,273.971900,6.731641,104.047200,98.172010,0.300000,1000.000000,0.900730,2468,2740,50.000000,off
1765874996238,2025-12-16 16:49:56.238,725.771300,11.203370,23,13,2,0.020699,-0.000280,-0.037311,0.217590,0.308243,0.926071,-50.682530,1.604909,29.737060,-0.929519,0.274303,0.246413,0.000000,0.000000,0.000000,0.000000,0,0,4.237122,4.113922,0.000000,0.000000,-50.721000,1.600489,29.719150,3.506858,274.055500,6.714575,104.047200,98.172010,0.300000,1000.000000,0.900730,2468,2740,50.000000,off
1765874996249,2025-12-16 16:49:56.249,725.782400,11.214480,23,13,2,-0.031639,-0.003308,-0.036228,0.368408,0.280884,0.886200,-50.686650,1.595840,29.685540,-0.877670,0.267837,0.397403,0.000000,0.000000,0.000000,0.000000,0,0,3.779999,4.266205,0.000000,0.000000,-50.720900,1.600611,29.719140,3.457181,274.127300,6.685401,104.047200,98.172010,0.300000,1000.000000,0.900730,2468,2740,50.000000,off
1765874996260,2025-12-16 16:49:56.260,725.793500,11.225520,23,13,2,-0.031205,-0.003195,-0.036447,0.354416,0.288986,0.889298,-50.686360,1.596059,29.685940,-0.881295,0.274673,0.384510,0.000000,0.000000,0.000000,0.000000,0,0,3.843338,4.115128,0.000000,0.000000,-50.720790,1.600670,29.719190,3.406988,274.224300,6.653205,104.047200,98.172010,0.300000,1000.000000,0.900730,2468,2740,50.000000,off
1765874996271,2025-12-16 16:49:56.271,725.804700,11.236760,23,13,2,-0.031205,-0.003195,-0.036447,0.354416,0.288986,0.889298,-50.686360,1.596183,29.685920,-0.880391,0.275249,0.386166,0.000000,0.000000,0.000000,0.000000,0,0,3.843338,4.115128,0.000000,0.000000,-50.720730,1.600811,29.719230,3.363446,274.325500,6.632737,104.047200,98.172010,0.300000,1000.000000,0.900730,2468,2740,50.000000,off
1765874996282,2025-12-16 16:49:56.283,725.815700,11.247800,23,13,2,-0.019610,-0.002764,-0.036140,0.336899,0.281220,0.898544,-50.685790,1.597996,29.697370,-0.889452,0.265538,0.371931,0.000000,0.000000,0.000000,0.000000,0,0,3.858536,4.198837,0.000000,0.000000,-50.720570,1.600897,29.719280,3.322093,274.420100,6.612191,104.047200,98.172010,0.300000,1000.000000,0.900730,2468,2740,50.000000,off
1765874996294,2025-12-16 16:49:56.294,725.827000,11.259030,23,13,2,0.003901,-0.001310,-0.037001,0.294769,0.255188,0.920853,-50.683320,1.602221,29.720400,-0.912073,0.233922,0.336724,0.000000,0.000000,0.000000,0.000000,0,0,3.907288,4.229630,0.000000,0.000000,-50.720510,1.600947,29.719310,3.294835,274.535600,6.588063,104.047200,98.172010,0.300000,1000.000000,0.900730,2468,2740,50.000000,off
1765874996305,2025-12-16 16:49:56.305,725.838000,11.270080,23,13,2,0.003901,-0.001310,-0.037001,0.294769,0.255188,0.920853,-50.683220,1.602219,29.720360,-0.911282,0.234063,0.338761,0.000000,0.000000,0.000000,0.000000,0,0,3.907288,4.229630,0.000000,0.000000,-50.720420,1.600956,29.719350,3.279259,274.656200,6.563436,104.047200,98.172010,0.300000,1000.000000,0.900730,2468,2740,50.000000,off
1765874996316,2025-12-16 16:49:56.316,725.849100,11.281190,23,13,2,0.004621,-0.001276,-0.036998,0.288971,0.254715,0.922821,-50.683090,1.602356,29.721090,-0.912943,0.232826,0.335127,0.000000,0.000000,0.000000,0.000000,0,0,3.917023,4.255005,0.000000,0.000000,-50.720340,1.600982,29.719450,3.273940,274.769800,6.545475,104.047200,98.172010,0.300000,1000.000000,0.900730,2468,2740,50.000000,off
1765874996327,2025-12-16 16:49:56.327,725.860100,11.292180,23,13,2,-0.019610,-0.002764,-0.036140,0.336899,0.281220,0.898544,-50.685630,1.598079,29.697310,-0.885995,0.266088,0.379706,0.000000,0.000000,0.000000,0.000000,0,0,3.858536,4.198837,0.000000,0.000000,-50.720220,1.600991,29.719510,3.257511,274.891100,6.520860,104.047200,98.172010,0.300000,1000.000000,0.900730,2468,2740,50.000000,off
1765874996338,2025-12-16 16:49:56.338,725.871300,11.303340,23,13,2,0.003901,-0.001310,-0.037001,0.294769,0.255188,0.920853,-50.682930,1.602248,29.720380,-0.908950,0.234173,0.344895,0.000000,0.000000,0.000000,0.000000,0,0,3.907288,4.229630,0.000000,0.000000,-50.720130,1.601004,29.719610,3.257495,275.026100,6.509996,104.047200,98.172010,0.300000,1000.000000,0.900730,2468,2740,50.000000,off
1765874996349,2025-12-16 16:49:56.349,725.882400,11.314450,23,13,2,0.003901,-0.001310,-0.037001,0.294769,0.255188,0.920853,-50.682880,1.602270,29.720420,-0.908142,0.234224,0.346983,0.000000,0.000000,0.000000,0.000000,0,0,3.907288,4.229630,0.000000,0.000000,-50.720080,1.601030,29.719740,3.251407,275.154700,6.499577,104.047200,98.172010,0.300000,1000.000000,0.900730,2468,2740,50.000000,off
1765874996361,2025-12-16 16:49:56.361,725.893500,11.325560,23,13,2,0.004124,-0.001292,-0.037019,0.295258,0.256058,0.920456,-50.682770,1.602374,29.720670,-0.906726,0.235210,0.350008,0.000000,0.000000,0.000000,0.000000,0,0,3.927933,4.329407,0.000000,0.000000,-50.720010,1.601095,29.719870,3.245425,275.319900,6.488191,104.047200,98.172010,0.300000,1000.000000,0.900730,2468,2740,50.000000,off
1765874996371,2025-12-16 16:49:56.371,725.904500,11.336610,23,13,2,0.005117,-0.001005,-0.037656,0.283188,0.238480,0.928940,-50.681970,1.602837,29.721590,-0.913992,0.216169,0.343347,0.000000,0.000000,0.000000,0.000000,0,0,3.926529,4.105499,0.000000,0.000000,-50.719910,1.601137,29.720010,3.227720,275.480700,6.476304,104.047200,98.172010,0.300000,1000.000000,0.900730,2468,2740,50.000000,off
1765874996382,2025-12-16 16:49:56.382,725.915600,11.347720,23,13,2,0.005117,-0.001005,-0.037656,0.283188,0.238480,0.928940,-50.681880,1.602885,29.721680,-0.912883,0.216204,0.346263,0.000000,0.000000,0.000000,0.000000,0,0,3.926529,4.105499,0.000000,0.000000,-50.719830,1.601192,29.720210,3.221365,275.659100,6.460606,104.047200,98.172010,0.300000,1000.000000,0.900730,2468,2740,50.000000,off
1765874996393,2025-12-16 16:49:56.393,725.926900,11.358950,23,13,2,0.003574,-0.001042,-0.037777,0.283936,0.227966,0.931335,-50.681820,1.602693,29.720230,-0.913173,0.205595,0.351881,0.000000,0.000000,0.000000,0.000000,0,0,3.945084,4.065140,0.000000,0.000000,-50.719750,1.601204,29.720440,3.222122,275.872800,6.434690,104.047200,98.172010,0.300000,1000.000000,0.900730,2468,2740,50.000000,off
1765874996404,2025-12-16 16:49:56.404,725.937900,11.369930,23,13,2,-0.014240,-0.002177,-0.037135,0.308777,0.264023,0.913742,-50.684050,1.599572,29.702900,-0.894474,0.244575,0.374267,0.000000,0.000000,0.000000,0.000000,0,0,3.952942,4.226959,0.000000,0.000000,-50.719650,1.601215,29.720680,3.246778,276.080300,6.401186,104.047200,98.172010,0.300000,1000.000000,0.900730,2468,2740,50.000000,off
1765874996415,2025-12-16 16:49:56.415,725.949000,11.381100,23,13,2,0.028311,0.004943,-0.053011,0.370483,-0.077698,0.925568,-50.664380,1.612248,29.742640,-0.874925,-0.088947,0.475989,0.000000,0.000000,0.000000,0.000000,0,0,3.188828,-1.000000,0.000000,0.000000,-50.719570,1.601190,29.720990,3.270530,276.318500,6.356493,104.047200,98.172010,0.300000,1000.000000,0.900730,2468,2740,50.000000,off
1765874996426,2025-12-16 16:49:56.426,725.960100,11.392150,23,13,2,0.028311,0.004943,-0.053011,0.370483,-0.077698,0.925568,-50.664170,1.612218,29.742740,-0.872818,-0.089776,0.479687,0.000000,0.000000,0.000000,0.000000,0,0,3.188828,-1.000000,0.000000,0.000000,-50.719440,1.601149,29.721320,3.304264,276.563200,6.312946,104.047200,98.172010,0.300000,1000.000000,0.900730,2468,2740,50.000000,off
1765874996437,2025-12-16 16:49:56.437,725.971200,11.403260,23,13,2,0.003574,-0.001042,-0.037777,0.283936,0.227966,0.931335,-50.681420,1.602636,29.720870,-0.907442,0.202859,0.367929,0.000000,0.000000,0.000000,0.000000,0,0,3.945084,4.065140,0.000000,0.000000,-50.719340,1.601079,29.721720,3.341928,276.832300,6.264750,104.047200,98.172010,0.300000,1000.000000,0.900730,2468,2740,50.000000,off
1765874996449,2025-12-16 16:49:56.449,725.982400,11.414490,23,13,2,-0.014240,-0.002177,-0.037135,0.308777,0.264023,0.913742,-50.683880,1.599524,29.703700,-0.887894,0.241965,0.391245,0.000000,0.000000,0.000000,0.000000,0,0,3.952942,4.226959,0.000000,0.000000,-50.719150,1.601054,29.722130,3.362772,277.118900,6.250802,104.047200,98.172010,0.300000,1000.000000,0.900730,2468,2740,50.000000,off
1765874996460,2025-12-16 16:49:56.460,725.993300,11.425420,23,13,2,-0.014240,-0.002177,-0.037135,0.308777,0.264023,0.913742,-50.683780,1.599514,29.703980,-0.885975,0.241464,0.395878,0.000000,0.000000,0.000000,0.000000,0,0,3.952942,4.226959,0.000000,0.000000,-50.718960,1.601024,29.722590,3.393411,277.416800,6.250015,104.047200,98.172010,0.300000,1000.000000,0.900730,2468,2740,50.000000,off
1765874996471,2025-12-16 16:49:56.471,726.004600,11.436650,23,13,2,0.028265,0.003910,-0.049769,0.406250,0.005157,0.913742,-50.666260,1.610911,29.743880,-0.852518,-0.005229,0.522662,0.000000,0.000000,0.000000,0.000000,0,0,3.536758,-1.000000,0.000000,0.000000,-50.718790,1.600990,29.723090,3.419601,277.728200,6.251086,104.047200,98.172010,0.300000,1000.000000,0.900730,2468,2740,50.000000,off
1765874996482,2025-12-16 16:49:56.482,726.015600,11.447690,23,13,2,0.028335,0.004490,-0.051643,0.362869,-0.033279,0.931229,-50.664220,1.611579,29.743850,-0.869723,-0.049542,0.491015,0.000000,0.000000,0.000000,0.000000,0,0,3.410400,-1.000000,0.000000,0.000000,-50.718690,1.600936,29.723610,3.447361,278.053000,6.256743,104.047200,98.172010,0.300000,1000.000000,0.900730,2468,2740,50.000000,off
1765874996494,2025-12-16 16:49:56.494,726.027300,11.459410,23,13,2,0.028319,0.004108,-0.050447,0.377365,0.003891,0.926056,-50.665050,1.611129,29.744360,-0.862232,-0.010945,0.506395,0.000000,0.000000,0.000000,0.000000,0,0,3.507523,-1.000000,0.000000,0.000000,-50.718490,1.600920,29.724270,3.462831,278.419900,6.268545,104.047200,98.172010,0.300000,1000.000000,0.900730,2468,2740,50.000000,off
1765874996504,2025-12-16 16:49:56.504,726.037800,11.469910,23,13,2,0.028319,0.004108,-0.050447,0.377365,0.003891,0.926056,-50.664640,1.611130,29.744680,-0.858489,-0.010994,0.512713,0.000000,0.000000,0.000000,0.000000,0,0,3.507523,-1.000000,0.000000,0.000000,-50.718220,1.600890,29.724990,3.479282,278.842200,6.301923,104.047200,98.172010,0.300000,1000.000000,0.900730,2468,2740,50.000000,off
1765874996515,2025-12-16 16:49:56.515,726.049000,11.481080,23,13,2,0.028414,0.005060,-0.053520,0.348618,-0.037552,0.936493,-50.661230,1.612319,29.744530,-0.865594,-0.055908,0.497579,0.000000,0.000000,0.000000,0.000000,0,0,3.339294,-1.000000,0.000000,0.000000,-50.717940,1.600876,29.725800,3.507477,279.332100,6.374898,104.047200,98.172010,0.300000,1000.000000,0.900730,2468,2740,50.000000,off
1765874996526,2025-12-16 16:49:56.526,726.060100,11.492130,23,13,2,0.028439,0.004091,-0.050423,0.338776,0.067657,0.938416,-50.663720,1.611201,29.745470,-0.872984,0.047169,0.485431,0.000000,0.000000,0.000000,0.000000,0,0,3.593094,-1.000000,0.000000,0.000000,-50.717610,1.600806,29.726610,3.554998,279.849500,6.497691,104.047200,98.172010,0.300000,1000.000000,0.900730,2468,2740,50.000000,off
1765874996538,2025-12-16 16:49:56.538,726.071200,11.503230,23,13,2,0.028319,0.004108,-0.050447,0.377365,0.003891,0.926056,-50.663150,1.611247,29.745770,-0.844258,-0.011352,0.535817,0.000000,0.000000,0.000000,0.000000,0,0,3.507523,-1.000000,0.000000,0.000000,-50.717210,1.600691,29.727590,3.644700,280.414800,6.657275,104.047200,98.172010,0.300000,1000.000000,0.900730,2468,2740,50.000000,off
1765874996549,2025-12-16 16:49:56.549,726.082300,11.514340,23,13,2,0.028319,0.004108,-0.050447,0.377365,0.003891,0.926056,-50.662610,1.611253,29.746190,-0.838565,-0.011759,0.544674,0.000000,0.000000,0.000000,0.000000,0,0,3.507523,-1.000000,0.000000,0.000000,-50.716820,1.600503,29.728610,3.753370,281.028800,6.864628,104.047200,98.172010,0.300000,1000.000000,0.900730,2468,2740,50.000000,off
1765874996560,2025-12-16 16:49:56.560,726.093300,11.525390,23,13,2,0.028414,0.005060,-0.053520,0.348618,-0.037552,0.936493,-50.659060,1.612486,29.745990,-0.844851,-0.057790,0.531838,0.000000,0.000000,0.000000,0.000000,0,0,3.339294,-1.000000,0.000000,0.000000,-50.716350,1.600356,29.729630,3.885676,281.631000,7.077083,104.047200,98.172010,0.300000,1000.000000,0.900730,2468,2740,50.000000,off
1765874996571,2025-12-16 16:49:56.571,726.104400,11.536500,23,13,2,0.028462,0.003791,-0.049424,0.307709,0.089554,0.947250,-50.662310,1.610952,29.747440,-0.869786,0.061274,0.489598,0.000000,0.000000,0.000000,0.000000,0,0,3.605545,-1.000000,0.000000,0.000000,-50.715880,1.600129,29.730680,4.017066,282.254500,7.303860,104.047200,98.172010,0.300000,1000.000000,0.900730,2468,2740,50.000000,off
1765874996582,2025-12-16 16:49:56.582,726.115500,11.547610,23,13,2,0.028462,0.003791,-0.049424,0.307709,0.089554,0.947250,-50.661720,1.610999,29.747840,-0.864816,0.060212,0.498453,0.000000,0.000000,0.000000,0.000000,0,0,3.605545,-1.000000,0.000000,0.000000,-50.715430,1.599970,29.731670,4.143504,282.866000,7.507981,104.047200,98.172010,0.300000,1000.000000,0.900730,2468,2740,50.000000,off
1765874996593,2025-12-16 16:49:56.593,726.126700,11.558780,23,13,2,0.028441,0.003176,-0.047473,0.327835,0.116608,0.937500,-50.662910,1.610279,29.748770,-0.848689,0.089192,0.521298,0.000000,0.000000,0.000000,0.000000,0,0,3.751572,-1.000000,0.000000,0.000000,-50.714910,1.599797,29.732690,4.275597,283.472300,7.709098,104.047200,98.172010,0.300000,1000.000000,0.900730,2468,2740,50.000000,off
1765874996605,2025-12-16 16:49:56.605,726.137800,11.569820,23,13,2,0.028499,0.004156,-0.050523,0.279388,0.137390,0.950287,-50.659440,1.611534,29.748380,-0.869326,0.101594,0.483664,0.000000,0.000000,0.000000,0.000000,0,0,3.790451,-1.000000,0.000000,0.000000,-50.714430,1.599675,29.733650,4.368344,284.067500,7.898989,104.047200,98.172010,0.300000,1000.000000,0.900730,2468,2740,50.000000,off
1765874996616,2025-12-16 16:49:56.616,726.149000,11.581050,23,13,2,0.000931,-0.003353,-0.032484,0.553482,0.325638,0.766541,-50.682040,1.598903,29.727710,-0.642413,0.339389,0.687086,0.000000,0.000000,0.000000,0.000000,0,0,4.501099,5.865631,0.000000,0.000000,-50.713970,1.599563,29.734620,4.449456,284.646100,8.064317,104.047200,98.172010,0.300000,1000.000000,0.900730,2468,2740,50.000000,off
1765874996627,2025-12-16 16:49:56.627,726.160000,11.592100,23,13,2,0.000931,-0.003353,-0.032484,0.553482,0.325638,0.766541,-50.681720,1.598886,29.728330,-0.636164,0.339775,0.692687,0.000000,0.000000,0.000000,0.000000,0,0,4.501099,5.865631,0.000000,0.000000,-50.713580,1.599501,29.735550,4.519935,285.230700,8.220569,104.047200,98.172010,0.300000,1000.000000,0.900730,2468,2740,50.000000,off
1765874996637,2025-12-16 16:49:56.637,726.171100,11.603210,23,13,2,0.028441,0.003176,-0.047473,0.327835,0.116608,0.937500,-50.660590,1.610482,29.750370,-0.828278,0.087630,0.553405,0.000000,0.000000,0.000000,0.000000,0,0,3.751572,-1.000000,0.000000,0.000000,-50.713100,1.599429,29.736450,4.584115,285.775800,8.368493,104.047200,98.172010,0.300000,1000.000000,0.900730,2468,2740,50.000000,off
1765874996648,2025-12-16 16:49:56.648,726.182300,11.614320,23,13,2,0.028499,0.004156,-0.050523,0.279388,0.137390,0.950287,-50.657250,1.611731,29.749810,-0.851083,0.099639,0.515471,0.000000,0.000000,0.000000,0.000000,0,0,3.790451,-1.000000,0.000000,0.000000,-50.712670,1.599350,29.737280,4.642738,286.290600,8.491296,104.047200,98.172010,0.300000,1000.000000,0.900730,2468,2740,50.000000,off
1765874996659,2025-12-16 16:49:56.659,726.193300,11.625370,23,13,2,0.028499,0.004156,-0.050523,0.279388,0.137390,0.950287,-50.656730,1.611791,29.750120,-0.846820,0.099014,0.522562,0.000000,0.000000,0.000000,0.000000,0,0,3.790451,-1.000000,0.000000,0.000000,-50.712230,1.599301,29.738080,4.708504,286.787800,8.598987,104.047200,98.172010,0.300000,1000.000000,0.900730,2468,2740,50.000000,off
1765874996671,2025-12-16 16:49:56.671,726.204500,11.636600,23,13,2,0.006647,-0.002828,-0.032899,0.538834,0.310623,0.783035,-50.678300,1.600204,29.735800,-0.632451,0.321834,0.704557,0.000000,0.000000,0.000000,0.000000,0,0,4.611267,5.854782,0.000000,0.000000,-50.711830,1.599254,29.738860,4.773146,287.214500,8.674556,104.047200,98.172010,0.300000,1000.000000,0.900730,2468,2740,50.000000,off
1765874996682,2025-12-16 16:49:56.682,726.215800,11.647890,23,13,2,-0.032148,-0.006403,-0.028590,0.642944,0.397141,0.654892,-50.692700,1.590364,29.701400,-0.486955,0.433315,0.758350,0.000000,0.000000,0.000000,0.000000,0,0,4.577667,5.873322,0.000000,0.000000,-50.711410,1.599129,29.739670,4.828801,287.636600,8.735828,104.047200,98.172010,0.300000,1000.000000,0.900730,2468,2740,50.000000,off
1765874996693,2025-12-16 16:49:56.693,726.226900,11.658940,23,13,2,-0.014352,-0.004261,-0.031982,0.558228,0.300491,0.773346,-50.684390,1.595414,29.717480,-0.607594,0.315126,0.729043,0.000000,0.000000,0.000000,0.000000,0,0,4.416840,5.039780,0.000000,0.000000,-50.711040,1.599075,29.740360,4.876085,287.988200,8.787460,104.047200,98.172010,0.300000,1000.000000,0.900730,2468,2740,50.000000,off
1765874996705,2025-12-16 16:49:56.705,726.238000,11.670040,23,13,2,-0.014352,-0.004261,-0.031982,0.558228,0.300491,0.773346,-50.684170,1.595337,29.718020,-0.603533,0.314959,0.732480,0.000000,0.000000,0.000000,0.000000,0,0,4.416840,5.039780,0.000000,0.000000,-50.710680,1.598987,29.741050,4.914081,288.331300,8.829053,104.047200,98.172010,0.300000,1000.000000,0.900730,2468,2740,50.000000,off
1765874996716,2025-12-16 16:49:56.716,726.249100,11.681150,23,13,2,0.010862,-0.002545,-0.034258,0.492340,0.184967,0.850510,-50.674370,1.601047,29.741260,-0.677777,0.184068,0.711840,0.000000,0.000000,0.000000,0.000000,0,0,4.312454,5.523148,0.000000,0.000000,-50.710330,1.598929,29.741640,4.955567,288.629700,8.849206,104.047200,98.172010,0.300000,1000.000000,0.900730,2468,2740,50.000000,off
1765874996727,2025-12-16 16:49:56.727,726.260100,11.692200,23,13,2,0.022945,-0.001224,-0.036146,0.354034,0.154266,0.922409,-50.668770,1.604343,29.752280,-0.780961,0.125582,0.611806,0.000000,0.000000,0.000000,0.000000,0,0,4.207840,5.421677,0.000000,0.000000,-50.710050,1.598875,29.742240,5.008327,288.885900,8.850316,104.047200,98.172010,0.300000,1000.000000,0.900730,2468,2740,50.000000,off
1765874996738,2025-12-16 16:49:56.738,726.271200,11.703310,23,13,2,0.022945,-0.001224,-0.036146,0.354034,0.154266,0.922409,-50.668380,1.604330,29.752680,-0.778364,0.124820,0.615261,0.000000,0.000000,0.000000,0.000000,0,0,4.207840,5.421677,0.000000,0.000000,-50.709700,1.598839,29.742820,5.051745,289.135400,8.841167,104.047200,98.172010,0.300000,1000.000000,0.900730,2468,2740,50.000000,off
1765874996749,2025-12-16 16:49:56.749,726.282400,11.714480,23,13,2,-0.014352,-0.004261,-0.031982,0.558228,0.300491,0.773346,-50.683290,1.595279,29.719820,-0.591048,0.312470,0.743641,0.000000,0.000000,0.000000,0.000000,0,0,4.416840,5.039780,0.000000,0.000000,-50.709390,1.598831,29.743340,5.079002,289.362400,8.809094,104.047200,98.172010,0.300000,1000.000000,0.900730,2468,2740,50.000000,off
1765874996760,2025-12-16 16:49:56.760,726.293500,11.725520,23,13,2,0.010862,-0.002545,-0.034258,0.492340,0.184967,0.850510,-50.673030,1.601019,29.742870,-0.666004,0.181352,0.723553,0.000000,0.000000,0.000000,0.000000,0,0,4.312454,5.523148,0.000000,0.000000,-50.708980,1.598832,29.743850,5.094717,289.590100,8.773461,104.047200,98.172010,0.300000,1000.000000,0.900730,2468,2740,50.000000,off
1765874996772,2025-12-16 16:49:56.772,726.304600,11.736630,23,13,2,0.000130,-0.003957,-0.031889,0.484833,0.181305,0.855606,-50.678220,1.597788,29.734150,-0.670069,0.175441,0.721266,0.000000,0.000000,0.000000,0.000000,0,0,4.025284,5.584473,0.000000,0.000000,-50.708670,1.598825,29.744340,5.109681,289.791400,8.711753,104.047200,98.172010,0.300000,1000.000000,0.900730,2468,2740,50.000000,off
1765874996782,2025-12-16 16:49:56.782,726.315700,11.747740,23,13,2,0.000130,-0.003957,-0.031889,0.484833,0.181305,0.855606,-50.677940,1.597760,29.734530,-0.667589,0.175100,0.723645,0.000000,0.000000,0.000000,0.000000,0,0,4.025284,5.584473,0.000000,0.000000,-50.708360,1.598796,29.744820,5.110421,289.981100,8.669731,104.047200,98.172010,0.300000,1000.000000,0.900730,2468,2740,50.000000,off
1765874996793,2025-12-16 16:49:56.793,726.326800,11.758910,23,13,2,-0.022128,-0.006123,-0.029082,0.567215,0.191193,0.801056,-50.687230,1.592004,29.715290,-0.588793,0.201643,0.782714,0.000000,0.000000,0.000000,0.000000,0,0,4.082352,5.087372,0.000000,0.000000,-50.707990,1.598748,29.745230,5.107988,290.138200,8.620447,104.047200,98.172010,0.300000,1000.000000,0.900730,2468,2740,50.000000,off
1765874996804,2025-12-16 16:49:56.804,726.337800,11.769900,23,13,2,0.009535,-0.002317,-0.034864,0.362427,0.156235,0.918808,-50.671590,1.601027,29.742730,-0.759562,0.125582,0.638174,0.000000,0.000000,0.000000,0.000000,0,0,4.038651,5.054596,0.000000,0.000000,-50.707620,1.598781,29.745630,5.123954,290.294100,8.565913,104.047200,98.172010,0.300000,1000.000000,0.900730,2468,2740,50.000000,off
1765874996815,2025-12-16 16:49:56.815,726.349000,11.781070,23,13,2,-0.000285,-0.003448,-0.033102,0.391678,0.172348,0.903809,-50.676050,1.598296,29.734640,-0.736409,0.146648,0.660440,0.000000,0.000000,0.000000,0.000000,0,0,3.922653,4.968475,0.000000,0.000000,-50.707320,1.598767,29.746040,5.143166,290.436000,8.538239,104.047200,98.172010,0.300000,1000.000000,0.900730,2468,2740,50.000000,off
1765874996826,2025-12-16 16:49:56.826,726.360000,11.792110,23,13,2,-0.000285,-0.003448,-0.033102,0.391678,0.172348,0.903809,-50.675770,1.598272,29.734950,-0.734823,0.146348,0.662271,0.000000,0.000000,0.000000,0.000000,0,0,3.922653,4.968475,0.000000,0.000000,-50.707000,1.598742,29.746430,5.145315,290.566900,8.496041,104.047200,98.172010,0.300000,1000.000000,0.900730,2468,2740,50.000000,off
1765874996837,2025-12-16 16:49:56.837,726.371300,11.803340,23,13,2,-0.004930,-0.003643,-0.033143,0.366562,0.196655,0.909363,-50.676980,1.597433,29.730950,-0.750186,0.165715,0.640110,0.000000,0.000000,0.000000,0.000000,0,0,3.952423,4.819458,0.000000,0.000000,-50.706680,1.598768,29.746810,5.151907,290.695300,8.448447,104.047200,98.172010,0.300000,1000.000000,0.900730,2468,2740,50.000000,off
1765874996849,2025-12-16 16:49:56.849,726.382300,11.814390,23,13,2,0.002220,-0.002556,-0.035062,0.330963,0.158112,0.930298,-50.672660,1.599703,29.737130,-0.775375,0.120646,0.619862,0.000000,0.000000,0.000000,0.000000,0,0,3.812012,4.714279,0.000000,0.000000,-50.706400,1.598759,29.747190,5.137274,290.788500,8.401217,104.047200,98.172010,0.300000,1000.000000,0.900730,2468,2740,50.000000,off
1765874996860,2025-12-16 16:49:56.860,726.393400,11.825500,23,13,2,0.002220,-0.002556,-0.035062,0.330963,0.158112,0.930298,-50.672390,1.599704,29.737420,-0.774240,0.120461,0.621314,0.000000,0.000000,0.000000,0.000000,0,0,3.812012,4.714279,0.000000,0.000000,-50.706120,1.598765,29.747540,5.132358,290.884400,8.350900,104.047200,98.172010,0.300000,1000.000000,0.900730,2468,2740,50.000000,off
1765874996871,2025-12-16 16:49:56.871,726.404500,11.836550,23,13,2,-0.000285,-0.003448,-0.033102,0.391678,0.172348,0.903809,-50.674700,1.598273,29.736160,-0.729737,0.145702,0.668012,0.000000,0.000000,0.000000,0.000000,0,0,3.922653,4.968475,0.000000,0.000000,-50.705850,1.598764,29.747870,5.110845,290.966100,8.305525,104.047200,98.172010,0.300000,1000.000000,0.900730,2468,2740,50.000000,off
1765874996882,2025-12-16 16:49:56.882,726.415700,11.847780,23,13,2,-0.004930,-0.003643,-0.033143,0.366562,0.196655,0.909363,-50.675960,1.597401,29.732110,-0.745654,0.165450,0.645451,0.000000,0.000000,0.000000,0.000000,0,0,3.952423,4.819458,0.000000,0.000000,-50.705560,1.598752,29.748170,5.099620,291.052000,8.256992,104.047200,98.172010,0.300000,1000.000000,0.900730,2468,2740,50.000000,off
1765874996893,2025-12-16 16:49:56.893,726.426800,11.858890,23,13,2,0.012671,-0.001344,-0.036904,0.258148,0.141480,0.955673,-50.666450,1.602514,29.747160,-0.817866,0.091351,0.568084,0.000000,0.000000,0.000000,0.000000,0,0,3.967896,4.550034,0.000000,0.000000,-50.705290,1.598758,29.748510,5.095057,291.117100,8.216912,104.047200,98.172010,0.300000,1000.000000,0.900730,2468,2740,50.000000,off
1765874996904,2025-12-16 16:49:56.904,726.437900,11.870000,23,13,2,0.012671,-0.001344,-0.036904,0.258148,0.141480,0.955673,-50.666120,1.602495,29.747420,-0.816924,0.091263,0.569451,0.000000,0.000000,0.000000,0.000000,0,0,3.967896,4.550034,0.000000,0.000000,-50.704960,1.598753,29.748830,5.089476,291.204600,8.172280,104.047200,98.172010,0.300000,1000.000000,0.900730,2468,2740,50.000000,off
1765874996915,2025-12-16 16:49:56.915,726.449000,11.881040,23,13,2,0.021986,-0.000392,-0.038231,0.215179,0.153641,0.964401,-50.661540,1.604824,29.755780,-0.840863,0.096244,0.532602,0.000000,0.000000,0.000000,0.000000,0,0,3.971237,4.394470,0.000000,0.000000,-50.704720,1.598720,29.749180,5.090904,291.270700,8.134215,104.047200,98.172010,0.300000,1000.000000,0.900730,2468,2740,50.000000,off
1765874996926,2025-12-16 16:49:56.926,726.460100,11.892150,23,13,2,0.023918,-0.000190,-0.038522,0.201492,0.133789,0.970306,-50.660340,1.605299,29.757710,-0.847695,0.073973,0.525295,0.000000,0.000000,0.000000,0.000000,0,0,3.852524,4.321091,0.000000,0.000000,-50.704440,1.598709,29.749500,5.098157,291.349400,8.096257,104.047200,98.172010,0.300000,1000.000000,0.900730,2468,2740,50.000000,off
1765874996938,2025-12-16 16:49:56.938,726.471300,11.903320,23,13,2,0.023918,-0.000190,-0.038522,0.201492,0.133789,0.970306,-50.660030,1.605246,29.757970,-0.846948,0.073791,0.526524,0.000000,0.000000,0.000000,0.000000,0,0,3.852524,4.321091,0.000000,0.000000,-50.704150,1.598675,29.749810,5.099737,291.424000,8.046848,104.047200,98.172010,0.300000,1000.000000,0.900730,2468,2740,50.000000,off
1765874996949,2025-12-16 16:49:56.949,726.482300,11.914370,23,13,2,-0.006555,-0.003093,-0.034648,0.292130,0.184937,0.938324,-50.673660,1.597776,29.731710,-0.791421,0.139547,0.595124,0.000000,0.000000,0.000000,0.000000,0,0,3.663818,4.400253,0.000000,0.000000,-50.703870,1.598657,29.750130,5.101167,291.510200,8.015459,104.047200,98.172010,0.300000,1000.000000,0.900730,2468,2740,50.000000,off
1765874996960,2025-12-16 16:49:56.960,726.493400,11.925480,23,13,2,0.021986,-0.000392,-0.038231,0.215179,0.153641,0.964401,-50.660400,1.604697,29.756840,-0.837726,0.095504,0.537654,0.000000,0.000000,0.000000,0.000000,0,0,3.971237,4.394470,0.000000,0.000000,-50.703610,1.598641,29.750460,5.104496,291.585300,7.981658,104.047200,98.172010,0.300000,1000.000000,0.900730,2468,2740,50.000000,off
1765874996971,2025-12-16 16:49:56.971,726.504500,11.936520,23,13,2,0.023918,-0.000190,-0.038522,0.201492,0.133789,0.970306,-50.659170,1.605145,29.758780,-0.844671,0.073713,0.530181,0.000000,0.000000,0.000000,0.000000,0,0,3.852524,4.321091,0.000000,0.000000,-50.703320,1.598615,29.750800,5.088991,291.658000,7.963537,104.047200,98.172010,0.300000,1000.000000,0.900730,2468,2740,50.000000,off
1765874996982,2025-12-16 16:49:56.982,726.515600,11.947630,23,13,2,0.023918,-0.000190,-0.038522,0.201492,0.133789,0.970306,-50.658910,1.605143,29.759070,-0.843921,0.073608,0.531387,0.000000,0.000000,0.000000,0.000000,0,0,3.852524,4.321091,0.000000,0.000000,-50.703080,1.598632,29.751150,5.087337,291.732700,7.921331,104.047200,98.172010,0.300000,1000.000000,0.900730,2468,2740,50.000000,off
1765874996993,2025-12-16 16:49:56.993,726.526700,11.958800,23,13,2,-0.008288,-0.003429,-0.033970,0.299927,0.187180,0.935410,-50.673900,1.597118,29.731570,-0.782903,0.142826,0.605514,0.000000,0.000000,0.000000,0.000000,0,0,3.871033,4.424652,0.000000,0.000000,-50.702820,1.598626,29.751470,5.082681,291.804800,7.891870,104.047200,98.172010,0.300000,1000.000000,0.900730,2468,2740,50.000000,off
1765874997004,2025-12-16 16:49:57.004,726.537800,11.969850,23,13,2,0.017451,-0.001198,-0.036407,0.223938,0.155106,0.962174,-50.662490,1.603054,29.754520,-0.829831,0.098460,0.549245,0.000000,0.000000,0.000000,0.000000,0,0,3.790955,4.436539,0.000000,0.000000,-50.702550,1.598644,29.751790,5.071402,291.866800,7.849268,104.047200,98.172010,0.300000,1000.000000,0.900730,2468,2740,50.000000,off
1765874997015,2025-12-16 16:49:57.016,726.548900,11.980960,23,13,2,0.017451,-0.001198,-0.036407,0.223938,0.155106,0.962174,-50.662280,1.603095,29.754800,-0.829012,0.098388,0.550493,0.000000,0.000000,0.000000,0.000000,0,0,3.790955,4.436539,0.000000,0.000000,-50.702340,1.598704,29.752120,5.065576,291.943500,7.800201,104.047200,98.172010,0.300000,1000.000000,0.900730,2468,2740,50.000000,off
1765874997027,2025-12-16 16:49:57.027,726.559900,11.992000,23,13,2,-0.002488,-0.003029,-0.034150,0.279083,0.203049,0.938538,-50.671070,1.598372,29.737650,-0.792854,0.155359,0.589249,0.000000,0.000000,0.000000,0.000000,0,0,3.923279,4.410553,0.000000,0.000000,-50.702110,1.598692,29.752420,5.047161,292.012300,7.755804,104.047200,98.172010,0.300000,1000.000000,0.900730,2468,2740,50.000000,off
1765874997038,2025-12-16 16:49:57.038,726.571300,12.003360,23,13,2,-0.007641,-0.003257,-0.034349,0.263290,0.216705,0.940048,-50.672410,1.597438,29.733080,-0.801059,0.166515,0.574936,0.000000,0.000000,0.000000,0.000000,0,0,3.810272,4.351883,0.000000,0.000000,-50.701780,1.598656,29.752690,5.040661,292.069400,7.711953,104.047200,98.172010,0.300000,1000.000000,0.900730,2468,2740,50.000000,off
1765874997049,2025-12-16 16:49:57.049,726.582300,12.014400,23,13,2,0.017451,-0.001198,-0.036407,0.223938,0.155106,0.962174,-50.661450,1.602952,29.755490,-0.826956,0.098431,0.553570,0.000000,0.000000,0.000000,0.000000,0,0,3.790955,4.436539,0.000000,0.000000,-50.701530,1.598619,29.752950,5.036584,292.132300,7.671278,104.047200,98.172010,0.300000,1000.000000,0.900730,2468,2740,50.000000,off
1765874997060,2025-12-16 16:49:57.060,726.593200,12.025270,23,13,2,0.017451,-0.001198,-0.036407,0.223938,0.155106,0.962174,-50.661190,1.602893,29.755740,-0.826485,0.098161,0.554320,0.000000,0.000000,0.000000,0.000000,0,0,3.790955,4.436539,0.000000,0.000000,-50.701270,1.598565,29.753230,5.044857,292.176600,7.634366,104.047200,98.172010,0.300000,1000.000000,0.900730,2468,2740,50.000000,off
1765874997071,2025-12-16 16:49:57.071,726.604300,12.036380,23,13,2,-0.002488,-0.003029,-0.034150,0.279083,0.203049,0.938538,-50.670040,1.598235,29.738610,-0.790499,0.154700,0.592577,0.000000,0.000000,0.000000,0.000000,0,0,3.923279,4.410553,0.000000,0.000000,-50.701020,1.598550,29.753490,5.045585,292.210800,7.597761,104.047200,98.172010,0.300000,1000.000000,0.900730,2468,2740,50.000000,off
1765874997082,2025-12-16 16:49:57.082,726.615500,12.047610,23,13,2,-0.013266,-0.003760,-0.033749,0.285004,0.204193,0.936508,-50.674030,1.596130,29.729200,-0.786071,0.156860,0.597877,0.000000,0.000000,0.000000,0.000000,0,0,3.651901,4.338058,0.000000,0.000000,-50.700790,1.598623,29.753820,5.035459,292.257200,7.575864,104.047200,98.172010,0.300000,1000.000000,0.900730,2468,2740,50.000000,off
1765874997093,2025-12-16 16:49:57.093,726.626500,12.058590,23,13,2,-0.010384,-0.003371,-0.034405,0.272903,0.185196,0.944046,-50.672240,1.596950,29.731850,-0.794603,0.135972,0.591705,0.000000,0.000000,0.000000,0.000000,0,0,3.493515,4.303040,0.000000,0.000000,-50.700600,1.598627,29.754120,5.022333,292.284500,7.553031,104.047200,98.172010,0.300000,1000.000000,0.900730,2468,2740,50.000000,off
1765874997105,2025-12-16 16:49:57.105,726.637700,12.069760,23,13,2,-0.010384,-0.003371,-0.034405,0.272903,0.185196,0.944046,-50.671990,1.596940,29.732060,-0.794211,0.136055,0.592212,0.000000,0.000000,0.000000,0.000000,0,0,3.493515,4.303040,0.000000,0.000000,-50.700340,1.598619,29.754340,5.013323,292.317800,7.536961,104.047200,98.172010,0.300000,1000.000000,0.900730,2468,2740,50.000000,off
1765874997116,2025-12-16 16:49:57.116,726.648900,12.080990,23,13,2,-0.013348,-0.003411,-0.034648,0.262726,0.186264,0.946716,-50.672650,1.596527,29.729480,-0.800219,0.135647,0.584159,0.000000,0.000000,0.000000,0.000000,0,0,3.711990,4.219543,0.000000,0.000000,-50.700120,1.598613,29.754600,5.001852,292.342300,7.514560,104.047200,98.172010,0.300000,1000.000000,0.900730,2468,2740,50.000000,off
1765874997127,2025-12-16 16:49:57.127,726.660100,12.092160,23,13,2,-0.008715,-0.002577,-0.036247,0.212036,0.159439,0.964157,-50.669360,1.598116,29.733270,-0.831153,0.100882,0.546797,0.000000,0.000000,0.000000,0.000000,0,0,3.649155,4.036209,0.000000,0.000000,-50.699900,1.598630,29.754810,5.006647,292.363800,7.494707,104.047200,98.172010,0.300000,1000.000000,0.900730,2468,2740,50.000000,off
1765874997138,2025-12-16 16:49:57.138,726.671200,12.103270,23,13,2,-0.008715,-0.002577,-0.036247,0.212036,0.159439,0.964157,-50.669140,1.598105,29.733450,-0.830743,0.100910,0.547414,0.000000,0.000000,0.000000,0.000000,0,0,3.649155,4.036209,0.000000,0.000000,-50.699650,1.598620,29.755010,5.001880,292.403300,7.478469,104.047200,98.172010,0.300000,1000.000000,0.900730,2468,2740,50.000000,off
1765874997149,2025-12-16 16:49:57.149,726.682100,12.114200,23,13,2,-0.010384,-0.003371,-0.034405,0.272903,0.185196,0.944046,-50.671130,1.596959,29.732860,-0.792958,0.135897,0.593925,0.000000,0.000000,0.000000,0.000000,0,0,3.493515,4.303040,0.000000,0.000000,-50.699430,1.598630,29.755200,5.000323,292.420800,7.449273,104.047200,98.172010,0.300000,1000.000000,0.900730,2468,2740,50.000000,off
1765874997159,2025-12-16 16:49:57.159,726.693200,12.125310,23,13,2,-0.013348,-0.003411,-0.034648,0.262726,0.186264,0.946716,-50.671760,1.596558,29.730240,-0.799246,0.135490,0.585525,0.000000,0.000000,0.000000,0.000000,0,0,3.711990,4.219543,0.000000,0.000000,-50.699200,1.598633,29.755400,4.991232,292.421100,7.433009,104.047200,98.172010,0.300000,1000.000000,0.900730,2468,2740,50.000000,off
1765874997170,2025-12-16 16:49:57.171,726.704300,12.136410,23,13,2,-0.002147,-0.002069,-0.036751,0.188339,0.158417,0.969238,-50.665670,1.599501,29.739800,-0.843590,0.096569,0.528224,0.000000,0.000000,0.000000,0.000000,0,0,3.636932,3.994095,0.000000,0.000000,-50.698990,1.598632,29.755570,4.978349,292.431700,7.402830,104.047200,98.172010,0.300000,1000.000000,0.900730,2468,2740,50.000000,off
1765874997182,2025-12-16 16:49:57.182,726.715500,12.147520,23,13,2,-0.002147,-0.002069,-0.036751,0.188339,0.158417,0.969238,-50.665440,1.599566,29.739940,-0.843558,0.096497,0.528289,0.000000,0.000000,0.000000,0.000000,0,0,3.636932,3.994095,0.000000,0.000000,-50.698760,1.598695,29.755710,4.979964,292.433000,7.387418,104.047200,98.172010,0.300000,1000.000000,0.900730,2468,2740,50.000000,off
1765874997193,2025-12-16 16:49:57.193,726.726600,12.158690,23,13,2,0.019100,-0.000542,-0.038062,0.127304,0.160523,0.978775,-50.656400,1.603889,29.758990,-0.875027,0.090009,0.475606,0.000000,0.000000,0.000000,0.000000,0,0,3.639572,3.990021,0.000000,0.000000,-50.698550,1.598685,29.755830,4.973319,292.434900,7.367247,104.047200,98.172010,0.300000,1000.000000,0.900730,2468,2740,50.000000,off
1765874997204,2025-12-16 16:49:57.204,726.737700,12.169800,23,13,2,0.015497,-0.000800,-0.037829,0.130539,0.158569,0.978668,-50.657630,1.603158,29.755920,-0.873374,0.088707,0.478880,0.000000,0.000000,0.000000,0.000000,0,0,3.614151,3.962494,0.000000,0.000000,-50.698280,1.598703,29.755970,4.959565,292.443500,7.350445,104.047200,98.172010,0.300000,1000.000000,0.900730,2468,2740,50.000000,off
1765874997215,2025-12-16 16:49:57.215,726.748900,12.180970,23,13,2,0.019303,-0.000547,-0.038009,0.118027,0.158920,0.980209,-50.655930,1.603896,29.759500,-0.879455,0.087532,0.467860,0.000000,0.000000,0.000000,0.000000,0,0,3.574814,3.944763,0.000000,0.000000,-50.698110,1.598704,29.756130,4.946335,292.438000,7.336595,104.047200,98.172010,0.300000,1000.000000,0.900730,2468,2740,50.000000,off
1765874997226,2025-12-16 16:49:57.226,726.760000,12.192080,23,13,2,0.019303,-0.000547,-0.038009,0.118027,0.158920,0.980209,-50.655750,1.603915,29.759660,-0.879532,0.087787,0.467668,0.000000,0.000000,0.000000,0.000000,0,0,3.574814,3.944763,0.000000,0.000000,-50.697930,1.598735,29.756280,4.930846,292.424700,7.329135,104.047200,98.172010,0.300000,1000.000000,0.900730,2468,2740,50.000000,off
1765874997237,2025-12-16 16:49:57.237,726.771100,12.203130,23,13,2,0.004307,-0.001761,-0.036597,0.148544,0.171478,0.973923,-50.662260,1.600706,29.746630,-0.864122,0.104882,0.492229,0.000000,0.000000,0.000000,0.000000,0,0,3.618652,3.777069,0.000000,0.000000,-50.697770,1.598763,29.756420,4.915104,292.419500,7.327176,104.047200,98.172010,0.300000,1000.000000,0.900730,2468,2740,50.000000,off
1765874997249,2025-12-16 16:49:57.249,726.782200,12.214230,23,13,2,0.015497,-0.000800,-0.037829,0.130539,0.158569,0.978668,-50.656970,1.603206,29.756520,-0.873505,0.089812,0.478434,0.000000,0.000000,0.000000,0.000000,0,0,3.614151,3.962494,0.000000,0.000000,-50.697620,1.598802,29.756550,4.892833,292.412200,7.324887,104.047200,98.172010,0.300000,1000.000000,0.900730,2468,2740,50.000000,off
1765874997259,2025-12-16 16:49:57.259,726.793200,12.225220,23,13,2,0.015497,-0.000800,-0.037829,0.130539,0.158569,0.978668,-50.656830,1.603226,29.756680,-0.873624,0.090256,0.478132,0.000000,0.000000,0.000000,0.000000,0,0,3.614151,3.962494,0.000000,0.000000,-50.697480,1.598835,29.756690,4.868146,292.395100,7.334332,104.047200,98.172010,0.300000,1000.000000,0.900730,2468,2740,50.000000,off
1765874997271,2025-12-16 16:49:57.271,726.804300,12.236330,23,13,2,0.019303,-0.000547,-0.038009,0.118027,0.158920,0.980209,-50.655160,1.604009,29.760220,-0.879744,0.089307,0.466982,0.000000,0.000000,0.000000,0.000000,0,0,3.574814,3.944763,0.000000,0.000000,-50.697350,1.598885,29.756810,4.843487,292.384300,7.334235,104.047200,98.172010,0.300000,1000.000000,0.900730,2468,2740,50.000000,off
1765874997283,2025-12-16 16:49:57.283,726.816400,12.248470,23,13,2,0.003091,-0.001829,-0.036588,0.150787,0.172943,0.973312,-50.662090,1.600664,29.746100,-0.863286,0.108471,0.492905,0.000000,0.000000,0.000000,0.000000,0,0,3.618881,3.775162,0.000000,0.000000,-50.697180,1.599009,29.756960,4.810981,292.356900,7.332610,104.047200,98.172010,0.300000,1000.000000,0.900730,2468,2740,50.000000,off
1765874997293,2025-12-16 16:49:57.293,726.826700,12.258730,23,13,2,0.001175,-0.001877,-0.036720,0.149033,0.172226,0.973709,-50.662560,1.600428,29.744470,-0.864367,0.108021,0.491103,0.000000,0.000000,0.000000,0.000000,0,0,3.608398,3.741104,0.000000,0.000000,-50.697070,1.599072,29.757130,4.782358,292.334000,7.343049,104.047200,98.172010,0.300000,1000.000000,0.900730,2468,2740,50.000000,off
1765874997305,2025-12-16 16:49:57.305,726.837900,12.269960,23,13,2,0.001175,-0.001877,-0.036720,0.149033,0.172226,0.973709,-50.662410,1.600428,29.744560,-0.864438,0.108402,0.490895,0.000000,0.000000,0.000000,0.000000,0,0,3.608398,3.741104,0.000000,0.000000,-50.696930,1.599086,29.757210,4.760692,292.322000,7.346603,104.047200,98.172010,0.300000,1000.000000,0.900730,2468,2740,50.000000,off
1765874997316,2025-12-16 16:49:57.316,726.848900,12.281010,23,13,2,0.000013,-0.001908,-0.036794,0.148163,0.170227,0.974197,-50.662660,1.600282,29.743580,-0.865116,0.106528,0.490118,0.000000,0.000000,0.000000,0.000000,0,0,3.544968,3.671890,0.000000,0.000000,-50.696830,1.599121,29.757320,4.746886,292.301900,7.353711,104.047200,98.172010,0.300000,1000.000000,0.900730,2468,2740,50.000000,off
1765874997327,2025-12-16 16:49:57.327,726.860200,12.292240,23,13,2,-0.000233,-0.001846,-0.037002,0.145889,0.168335,0.974869,-50.662430,1.600346,29.743410,-0.866602,0.104495,0.487925,0.000000,0.000000,0.000000,0.000000,0,0,3.536423,3.627151,0.000000,0.000000,-50.696700,1.599145,29.757440,4.736791,292.268900,7.357679,104.047200,98.172010,0.300000,1000.000000,0.900730,2468,2740,50.000000,off
1765874997338,2025-12-16 16:49:57.338,726.871100,12.303160,23,13,2,-0.000233,-0.001846,-0.037002,0.145889,0.168335,0.974869,-50.662250,1.600401,29.743490,-0.866804,0.104615,0.487542,0.000000,0.000000,0.000000,0.000000,0,0,3.536423,3.627151,0.000000,0.000000,-50.696520,1.599203,29.757500,4.731714,292.246800,7.373041,104.047200,98.172010,0.300000,1000.000000,0.900730,2468,2740,50.000000,off
1765874997349,2025-12-16 16:49:57.349,726.882200,12.314270,23,13,2,-0.004920,-0.001993,-0.037243,0.148087,0.159668,0.975983,-50.663600,1.599697,29.739170,-0.865962,0.096399,0.490696,0.000000,0.000000,0.000000,0.000000,0,0,3.471344,3.546661,0.000000,0.000000,-50.696410,1.599230,29.757590,4.721403,292.242300,7.365285,104.047200,98.172010,0.300000,1000.000000,0.900730,2468,2740,50.000000,off
1765874997360,2025-12-16 16:49:57.360,726.893300,12.325380,23,13,2,0.000013,-0.001908,-0.036794,0.148163,0.170227,0.974197,-50.662110,1.600353,29.744020,-0.865867,0.106979,0.488693,0.000000,0.000000,0.000000,0.000000,0,0,3.544968,3.671890,0.000000,0.000000,-50.696300,1.599209,29.757700,4.722177,292.211000,7.365632,104.047200,98.172010,0.300000,1000.000000,0.900730,2468,2740,50.000000,off
1765874997371,2025-12-16 16:49:57.371,726.904400,12.336430,23,13,2,-0.000233,-0.001846,-0.037002,0.145889,0.168335,0.974869,-50.661910,1.600414,29.743830,-0.867240,0.104960,0.486691,0.000000,0.000000,0.000000,0.000000,0,0,3.536423,3.627151,0.000000,0.000000,-50.696200,1.599230,29.757810,4.710156,292.189200,7.360805,104.047200,98.172010,0.300000,1000.000000,0.900730,2468,2740,50.000000,off
1765874997382,2025-12-16 16:49:57.382,726.915500,12.347530,23,13,2,-0.000233,-0.001846,-0.037002,0.145889,0.168335,0.974869,-50.661780,1.600461,29.743950,-0.867253,0.104917,0.486677,0.000000,0.000000,0.000000,0.000000,0,0,3.536423,3.627151,0.000000,0.000000,-50.696070,1.599277,29.757930,4.710908,292.185500,7.346592,104.047200,98.172010,0.300000,1000.000000,0.900730,2468,2740,50.000000,off
1765874997393,2025-12-16 16:49:57.393,726.926600,12.358640,23,13,2,-0.006423,-0.002045,-0.037310,0.149887,0.159103,0.975815,-50.663650,1.599513,29.738270,-0.865605,0.096511,0.491333,0.000000,0.000000,0.000000,0.000000,0,0,3.467575,3.542725,0.000000,0.000000,-50.695990,1.599300,29.758050,4.694881,292.174100,7.351534,104.047200,98.172010,0.300000,1000.000000,0.900730,2468,2740,50.000000,off
1765874997404,2025-12-16 16:49:57.404,726.937700,12.369750,23,13,2,-0.003048,-0.001875,-0.037308,0.144333,0.154785,0.977341,-50.662370,1.600112,29.741510,-0.868611,0.091442,0.486969,0.000000,0.000000,0.000000,0.000000,0,0,3.445618,3.510254,0.000000,0.000000,-50.695920,1.599302,29.758190,4.692572,292.160800,7.348093,104.047200,98.172010,0.300000,1000.000000,0.900730,2468,2740,50.000000,off
1765874997416,2025-12-16 16:49:57.416,726.948700,12.380740,23,13,2,-0.003048,-0.001875,-0.037308,0.144333,0.154785,0.977341,-50.662300,1.600156,29.741630,-0.868644,0.091736,0.486855,0.000000,0.000000,0.000000,0.000000,0,0,3.445618,3.510254,0.000000,0.000000,-50.695860,1.599357,29.758300,4.675269,292.153500,7.346001,104.047200,98.172010,0.300000,1000.000000,0.900730,2468,2740,50.000000,off
1765874997427,2025-12-16 16:49:57.427,726.960300,12.392330,23,13,2,-0.001755,-0.001803,-0.037335,0.142273,0.152634,0.977982,-50.661740,1.600441,29.742900,-0.869756,0.089500,0.485285,0.000000,0.000000,0.000000,0.000000,0,0,3.416229,3.478806,0.000000,0.000000,-50.695790,1.599412,29.758390,4.662466,292.146200,7.338890,104.047200,98.172010,0.300000,1000.000000,0.900730,2468,2740,50.000000,off
1765874997437,2025-12-16 16:49:57.438,726.970900,12.402950,23,13,2,-0.003134,-0.001862,-0.037398,0.141449,0.154999,0.977722,-50.662120,1.600251,29.741760,-0.870262,0.092040,0.483887,0.000000,0.000000,0.000000,0.000000,0,0,3.386002,3.447693,0.000000,0.000000,-50.695740,1.599461,29.758530,4.646460,292.125800,7.343522,104.047200,98.172010,0.300000,1000.000000,0.900730,2468,2740,50.000000,off
1765874997449,2025-12-16 16:49:57.449,726.982100,12.414120,23,13,2,-0.002445,-0.001831,-0.037398,0.141083,0.151611,0.978317,-50.661800,1.600415,29.742510,-0.870655,0.088833,0.483801,0.000000,0.000000,0.000000,0.000000,0,0,3.330841,3.363052,0.000000,0.000000,-50.695670,1.599516,29.758630,4.632814,292.108600,7.343945,104.047200,98.172010,0.300000,1000.000000,0.900730,2468,2740,50.000000,off
1765874997460,2025-12-16 16:49:57.460,726.993100,12.425170,23,13,2,-0.002445,-0.001831,-0.037398,0.141083,0.151611,0.978317,-50.661740,1.600410,29.742640,-0.870675,0.089309,0.483677,0.000000,0.000000,0.000000,0.000000,0,0,3.330841,3.363052,0.000000,0.000000,-50.695610,1.599528,29.758760,4.607421,292.104600,7.362126,104.047200,98.172010,0.300000,1000.000000,0.900730,2468,2740,50.000000,off
1765874997471,2025-12-16 16:49:57.471,727.004300,12.436340,23,13,2,-0.001755,-0.001803,-0.037335,0.142273,0.152634,0.977982,-50.661480,1.600557,29.743420,-0.870144,0.090819,0.484344,0.000000,0.000000,0.000000,0.000000,0,0,3.416229,3.478806,0.000000,0.000000,-50.695550,1.599575,29.758880,4.591549,292.095000,7.384255,104.047200,98.172010,0.300000,1000.000000,0.900730,2468,2740,50.000000,off
1765874997482,2025-12-16 16:49:57.482,727.015400,12.447450,23,13,2,-0.003134,-0.001862,-0.037398,0.141449,0.154999,0.977722,-50.661820,1.600332,29.742260,-0.870546,0.093499,0.483095,0.000000,0.000000,0.000000,0.000000,0,0,3.386002,3.447693,0.000000,0.000000,-50.695450,1.599596,29.759010,4.569314,292.087600,7.404554,104.047200,98.172010,0.300000,1000.000000,0.900730,2468,2740,50.000000,off
1765874997493,2025-12-16 16:49:57.493,727.026600,12.458620,23,13,2,-0.003134,-0.001862,-0.037398,0.141449,0.154999,0.977722,-50.661680,1.600395,29.742380,-0.870674,0.093752,0.482815,0.000000,0.000000,0.000000,0.000000,0,0,3.386002,3.447693,0.000000,0.000000,-50.695320,1.599668,29.759120,4.558099,292.074800,7.433416,104.047200,98.172010,0.300000,1000.000000,0.900730,2468,2740,50.000000,off
1765874997505,2025-12-16 16:49:57.505,727.037700,12.469730,23,13,2,-0.003160,-0.001863,-0.037409,0.141739,0.152802,0.978027,-50.661600,1.600411,29.742480,-0.870660,0.091882,0.483203,0.000000,0.000000,0.000000,0.000000,0,0,3.330780,3.361572,0.000000,0.000000,-50.695240,1.599698,29.759240,4.543779,292.066200,7.452917,104.047200,98.172010,0.300000,1000.000000,0.900730,2468,2740,50.000000,off
1765874997516,2025-12-16 16:49:57.516,727.048600,12.480710,23,13,2,-0.002461,-0.001835,-0.037396,0.138916,0.154236,0.978210,-50.661290,1.600570,29.743240,-0.872003,0.093190,0.480529,0.000000,0.000000,0.000000,0.000000,0,0,3.315598,3.357056,0.000000,0.000000,-50.695170,1.599750,29.759360,4.529825,292.068800,7.467111,104.047200,98.172010,0.300000,1000.000000,0.900730,2468,2740,50.000000,off
1765874997527,2025-12-16 16:49:57.527,727.059800,12.491820,23,13,2,-0.000428,-0.001747,-0.037356,0.136002,0.153122,0.978790,-50.660530,1.601009,29.745240,-0.873342,0.092055,0.478303,0.000000,0.000000,0.000000,0.000000,0,0,3.315918,3.336914,0.000000,0.000000,-50.695090,1.599856,29.759470,4.506915,292.078600,7.464158,104.047200,98.172010,0.300000,1000.000000,0.900730,2468,2740,50.000000,off
1765874997538,2025-12-16 16:49:57.538,727.071000,12.503110,23,13,2,-0.000428,-0.001747,-0.037356,0.136002,0.153122,0.978790,-50.660430,1.601090,29.745360,-0.873265,0.092502,0.478357,0.000000,0.000000,0.000000,0.000000,0,0,3.315918,3.336914,0.000000,0.000000,-50.695000,1.599955,29.759600,4.480405,292.082300,7.458775,104.047200,98.172010,0.300000,1000.000000,0.900730,2468,2740,50.000000,off
1765874997549,2025-12-16 16:49:57.549,727.082000,12.514100,23,13,2,-0.001468,-0.001703,-0.037468,0.123886,0.170670,0.977493,-50.660660,1.601068,29.744440,-0.878357,0.108653,0.465459,0.000000,0.000000,0.000000,0.000000,0,0,3.278137,3.270844,0.000000,0.000000,-50.694930,1.600025,29.759700,4.463885,292.105400,7.451087,104.047200,98.172010,0.300000,1000.000000,0.900730,2468,2740,50.000000,off
1765874997559,2025-12-16 16:49:57.559,727.093100,12.525150,23,13,2,0.022065,0.000568,-0.038719,0.047318,0.337433,0.940155,-50.651170,1.606479,29.765570,-0.891609,0.266777,0.365863,0.000000,0.000000,0.000000,0.000000,0,0,3.310852,3.170700,0.000000,0.000000,-50.694890,1.600065,29.759810,4.448181,292.119300,7.442109,104.047200,98.172010,0.300000,1000.000000,0.900730,2468,2740,50.000000,off
1765874997570,2025-12-16 16:49:57.570,727.104100,12.536190,23,13,2,0.022065,0.000568,-0.038719,0.047318,0.337433,0.940155,-50.651110,1.606496,29.765690,-0.891519,0.266911,0.365983,0.000000,0.000000,0.000000,0.000000,0,0,3.310852,3.170700,0.000000,0.000000,-50.694840,1.600093,29.759930,4.440145,292.123200,7.428588,104.047200,98.172010,0.300000,1000.000000,0.900730,2468,2740,50.000000,off
1765874997582,2025-12-16 16:49:57.582,727.115400,12.547420,23,13,2,-0.000428,-0.001747,-0.037356,0.136002,0.153122,0.978790,-50.660190,1.601198,29.745740,-0.872709,0.093101,0.479253,0.000000,0.000000,0.000000,0.000000,0,0,3.315918,3.336914,0.000000,0.000000,-50.694740,1.600088,29.760010,4.441112,292.135800,7.419477,104.047200,98.172010,0.300000,1000.000000,0.900730,2468,2740,50.000000,off
1765874997593,2025-12-16 16:49:57.593,727.126400,12.558470,23,13,2,-0.001468,-0.001703,-0.037468,0.123886,0.170670,0.977493,-50.660420,1.601138,29.744820,-0.877916,0.109084,0.466190,0.000000,0.000000,0.000000,0.000000,0,0,3.278137,3.270844,0.000000,0.000000,-50.694680,1.600112,29.760100,4.436755,292.150300,7.429841,104.047200,98.172010,0.300000,1000.000000,0.900730,2468,2740,50.000000,off
1765874997604,2025-12-16 16:49:57.604,727.137800,12.569820,23,13,2,0.015884,0.000240,-0.038667,0.049988,0.345642,0.937027,-50.653140,1.605409,29.760260,-0.888363,0.275672,0.367155,0.000000,0.000000,0.000000,0.000000,0,0,3.386398,3.161896,0.000000,0.000000,-50.694610,1.600133,29.760180,4.436660,292.165000,7.430868,104.047200,98.172010,0.300000,1000.000000,0.900730,2468,2740,50.000000,off
1765874997615,2025-12-16 16:49:57.615,727.148900,12.580990,23,13,2,0.015884,0.000240,-0.038667,0.049988,0.345642,0.937027,-50.653160,1.605435,29.760360,-0.888191,0.275902,0.367399,0.000000,0.000000,0.000000,0.000000,0,0,3.386398,3.161896,0.000000,0.000000,-50.694630,1.600169,29.760300,4.422942,292.181200,7.427700,104.047200,98.172010,0.300000,1000.000000,0.900730,2468,2740,50.000000,off
1765874997626,2025-12-16 16:49:57.626,727.159800,12.591860,23,13,2,-0.003254,-0.000656,-0.038883,0.078156,0.330750,0.940460,-50.659790,1.602107,29.742770,-0.879265,0.264710,0.395968,0.000000,0.000000,0.000000,0.000000,0,0,3.449432,3.143311,0.000000,0.000000,-50.694580,1.600184,29.760350,4.413428,292.182600,7.437219,104.047200,98.172010,0.300000,1000.000000,0.900730,2468,2740,50.000000,off
1765874997637,2025-12-16 16:49:57.637,727.170900,12.602970,23,13,2,-0.006899,-0.000821,-0.038968,0.087555,0.318298,0.943924,-50.660960,1.601486,29.739470,-0.877330,0.253720,0.407297,0.000000,0.000000,0.000000,0.000000,0,0,3.344727,3.196854,0.000000,0.000000,-50.694510,1.600204,29.760430,4.391380,292.200400,7.439205,104.047200,98.172010,0.300000,1000.000000,0.900730,2468,2740,50.000000,off
1765874997649,2025-12-16 16:49:57.649,727.182100,12.614140,23,13,2,-0.016285,-0.001211,-0.039186,0.103012,0.312561,0.944290,-50.664100,1.599918,29.730850,-0.871211,0.250372,0.422251,0.000000,0.000000,0.000000,0.000000,0,0,3.340622,3.164749,0.000000,0.000000,-50.694460,1.600234,29.760520,4.371054,292.210000,7.452254,104.047200,98.172010,0.300000,1000.000000,0.900730,2468,2740,50.000000,off
1765874997660,2025-12-16 16:49:57.660,727.193200,12.625240,23,13,2,-0.016285,-0.001211,-0.039186,0.103012,0.312561,0.944290,-50.663990,1.599904,29.730890,-0.871043,0.250731,0.422383,0.000000,0.000000,0.000000,0.000000,0,0,3.340622,3.164749,0.000000,0.000000,-50.694340,1.600239,29.760570,4.350739,292.226300,7.467945,104.047200,98.172010,0.300000,1000.000000,0.900730,2468,2740,50.000000,off
1765874997671,2025-12-16 16:49:57.671,727.204200,12.636290,23,13,2,-0.011757,-0.001027,-0.039152,0.100845,0.300568,0.948410,-50.662300,1.600719,29.735140,-0.874124,0.238590,0.423055,0.000000,0.000000,0.000000,0.000000,0,0,3.292862,3.188339,0.000000,0.000000,-50.694250,1.600304,29.760650,4.333496,292.234300,7.484562,104.047200,98.172010,0.300000,1000.000000,0.900730,2468,2740,50.000000,off
1765874997682,2025-12-16 16:49:57.682,727.215300,12.647400,23,13,2,-0.006899,-0.000821,-0.038968,0.087555,0.318298,0.943924,-50.660660,1.601554,29.739690,-0.876830,0.254873,0.407653,0.000000,0.000000,0.000000,0.000000,0,0,3.344727,3.196854,0.000000,0.000000,-50.694190,1.600323,29.760680,4.325648,292.250100,7.495086,104.047200,98.172010,0.300000,1000.000000,0.900730,2468,2740,50.000000,off
1765874997693,2025-12-16 16:49:57.693,727.226400,12.658450,23,13,2,-0.006899,-0.000821,-0.038968,0.087555,0.318298,0.943924,-50.660540,1.601621,29.739760,-0.876796,0.254879,0.407723,0.000000,0.000000,0.000000,0.000000,0,0,3.344727,3.196854,0.000000,0.000000,-50.694070,1.600392,29.760760,4.325959,292.259500,7.509325,104.047200,98.172010,0.300000,1000.000000,0.900730,2468,2740,50.000000,off
1765874997704,2025-12-16 16:49:57.704,727.237800,12.669860,23,13,2,-0.016285,-0.001211,-0.039186,0.103012,0.312561,0.944290,-50.663650,1.600072,29.731110,-0.870767,0.251086,0.422742,0.000000,0.000000,0.000000,0.000000,0,0,3.340622,3.164749,0.000000,0.000000,-50.693980,1.600430,29.760800,4.332023,292.264300,7.504255,104.047200,98.172010,0.300000,1000.000000,0.900730,2468,2740,50.000000,off
1765874997715,2025-12-16 16:49:57.715,727.248600,12.680660,23,13,2,-0.007652,-0.000847,-0.039120,0.095810,0.301453,0.948639,-50.660490,1.601559,29.739100,-0.875861,0.239160,0.419094,0.000000,0.000000,0.000000,0.000000,0,0,3.291367,3.191757,0.000000,0.000000,-50.693880,1.600451,29.760860,4.312725,292.285500,7.499762,104.047200,98.172010,0.300000,1000.000000,0.900730,2468,2740,50.000000,off
1765874997726,2025-12-16 16:49:57.727,727.259900,12.691960,23,13,2,-0.004800,-0.000728,-0.039082,0.092484,0.302338,0.948700,-50.659440,1.602101,29.741780,-0.877139,0.239606,0.416184,0.000000,0.000000,0.000000,0.000000,0,0,3.291901,3.213776,0.000000,0.000000,-50.693820,1.600507,29.760920,4.312086,292.298600,7.497123,104.047200,98.172010,0.300000,1000.000000,0.900730,2468,2740,50.000000,off
1765874997737,2025-12-16 16:49:57.737,727.270900,12.702940,23,13,2,-0.004800,-0.000728,-0.039082,0.092484,0.302338,0.948700,-50.659380,1.602134,29.741800,-0.876974,0.239783,0.416430,0.000000,0.000000,0.000000,0.000000,0,0,3.291901,3.213776,0.000000,0.000000,-50.693760,1.600547,29.760950,4.301347,292.314300,7.492623,104.047200,98.172010,0.300000,1000.000000,0.900730,2468,2740,50.000000,off
1765874997749,2025-12-16 16:49:57.749,727.281900,12.713930,23,13,2,-0.003531,-0.000682,-0.039051,0.091003,0.302658,0.948731,-50.658910,1.602390,29.743000,-0.877445,0.240136,0.415209,0.000000,0.000000,0.000000,0.000000,0,0,3.298447,3.244659,0.000000,0.000000,-50.693710,1.600604,29.760980,4.287792,292.326800,7.494322,104.047200,98.172010,0.300000,1000.000000,0.900730,2468,2740,50.000000,off
1765874997760,2025-12-16 16:49:57.760,727.293200,12.725220,23,13,2,0.025723,0.000477,-0.038085,0.008286,0.340530,0.940186,-50.649160,1.607274,29.770200,-0.904291,0.267816,0.332432,0.000000,0.000000,0.000000,0.000000,0,0,3.293152,3.281937,0.000000,0.000000,-50.693700,1.600622,29.761000,4.266458,292.338800,7.497984,104.047200,98.172010,0.300000,1000.000000,0.900730,2468,2740,50.000000,off
1765874997771,2025-12-16 16:49:57.771,727.304100,12.736210,23,13,2,0.025723,0.000477,-0.038085,0.008286,0.340530,0.940186,-50.649060,1.607284,29.770230,-0.904190,0.268185,0.332408,0.000000,0.000000,0.000000,0.000000,0,0,3.293152,3.281937,0.000000,0.000000,-50.693600,1.600649,29.761030,4.244699,292.337800,7.492309,104.047200,98.172010,0.300000,1000.000000,0.900730,2468,2740,50.000000,off
1765874997782,2025-12-16 16:49:57.782,727.315200,12.747250,23,13,2,-0.004800,-0.000728,-0.039082,0.092484,0.302338,0.948700,-50.659200,1.602242,29.741870,-0.876462,0.240970,0.416823,0.000000,0.000000,0.000000,0.000000,0,0,3.291901,3.213776,0.000000,0.000000,-50.693570,1.600702,29.761040,4.230433,292.342700,7.478177,104.047200,98.172010,0.300000,1000.000000,0.900730,2468,2740,50.000000,off
1765874997793,2025-12-16 16:49:57.793,727.326300,12.758360,23,13,2,-0.003531,-0.000682,-0.039051,0.091003,0.302658,0.948731,-50.658710,1.602476,29.743030,-0.876906,0.241429,0.415597,0.000000,0.000000,0.000000,0.000000,0,0,3.298447,3.244659,0.000000,0.000000,-50.693510,1.600741,29.761030,4.210029,292.351700,7.468398,104.047200,98.172010,0.300000,1000.000000,0.900730,2468,2740,50.000000,off
1765874997804,2025-12-16 16:49:57.804,727.337500,12.769590,23,13,2,0.023989,0.000411,-0.038139,0.013306,0.331162,0.943466,-50.649500,1.607056,29.768590,-0.903806,0.260156,0.339745,0.000000,0.000000,0.000000,0.000000,0,0,3.244522,3.268585,0.000000,0.000000,-50.693470,1.600760,29.761010,4.197402,292.363500,7.440131,104.047200,98.172010,0.300000,1000.000000,0.900730,2468,2740,50.000000,off
1765874997815,2025-12-16 16:49:57.815,727.348600,12.780640,23,13,2,0.023989,0.000411,-0.038139,0.013306,0.331162,0.943466,-50.649470,1.607045,29.768560,-0.903672,0.260265,0.340018,0.000000,0.000000,0.000000,0.000000,0,0,3.244522,3.268585,0.000000,0.000000,-50.693440,1.600761,29.761000,4.191496,292.374900,7.420978,104.047200,98.172010,0.300000,1000.000000,0.900730,2468,2740,50.000000,off
1765874998731,2025-12-16 16:49:58.731,727.455700,12.887820,23,13,2,-0.018901,-0.001451,-0.038663,-0.044189,0.345276,0.937454,-50.664370,1.599829,29.728490,-0.919615,0.268262,0.286935,0.000000,0.000000,0.000000,0.000000,0,0,3.637848,3.737839,0.000000,0.000000,-50.693130,1.600817,29.760510,4.154444,292.506400,7.169291,104.047200,98.172010,0.300000,1000.000000,0.900730,2468,2740,50.000000,off
1765874998768,2025-12-16 16:49:58.768,727.789100,13.221190,23,13,2,-0.019785,-0.001502,-0.038631,-0.037720,0.342712,0.938675,-50.667800,1.598469,29.712020,-0.928141,0.260477,0.265878,0.000000,0.000000,0.000000,0.000000,0,0,3.632462,3.772736,0.000000,0.000000,-50.697050,1.599837,29.744090,4.409869,291.151600,8.325018,104.047200,98.172010,0.300000,1000.000000,0.900730,2468,2740,50.000000,off
1765874998777,2025-12-16 16:49:58.777,727.802000,13.234070,23,13,2,-0.027233,-0.001869,-0.038599,-0.026840,0.339127,0.940338,-50.670390,1.597007,29.705000,-0.925424,0.258489,0.277015,0.000000,0.000000,0.000000,0.000000,0,0,3.592331,3.792755,0.000000,0.000000,-50.697060,1.599818,29.743920,4.403720,291.155700,8.322413,104.047200,98.172010,0.300000,1000.000000,0.900730,2468,2740,50.000000,off
1765874998787,2025-12-16 16:49:58.787,727.812100,13.244140,23,13,2,-0.027990,-0.001907,-0.038598,-0.026352,0.330750,0.943344,-50.670680,1.596863,29.704190,-0.926875,0.250074,0.279916,0.000000,0.000000,0.000000,0.000000,0,0,3.571198,3.809937,0.000000,0.000000,-50.697080,1.599822,29.743830,4.402922,291.185500,8.325049,104.047200,98.172010,0.300000,1000.000000,0.900730,2468,2740,50.000000,off
1765874998798,2025-12-16 16:49:58.798,727.823100,13.255190,23,13,2,-0.027990,-0.001907,-0.038598,-0.026352,0.330750,0.943344,-50.670670,1.596872,29.704150,-0.926836,0.250024,0.280090,0.000000,0.000000,0.000000,0.000000,0,0,3.571198,3.809937,0.000000,0.000000,-50.697070,1.599828,29.743790,4.405912,291.195900,8.324886,104.047200,98.172010,0.300000,1000.000000,0.900730,2468,2740,50.000000,off
1765874998810,2025-12-16 16:49:58.810,727.834500,13.266540,23,13,2,-0.029209,-0.001965,-0.038596,-0.026230,0.330429,0.943451,-50.671100,1.596669,29.702920,-0.926702,0.249679,0.280813,0.000000,0.000000,0.000000,0.000000,0,0,3.548187,3.778976,0.000000,0.000000,-50.697050,1.599852,29.743700,4.408988,291.225300,8.314378,104.047200,98.172010,0.300000,1000.000000,0.900730,2468,2740,50.000000,off
1765874998820,2025-12-16 16:49:58.820,727.845300,13.277340,23,13,2,-0.029300,-0.002244,-0.038366,0.083633,0.293564,0.952271,-50.671260,1.596344,29.702870,-0.891949,0.228805,0.389960,0.000000,0.000000,0.000000,0.000000,0,0,3.212997,3.839020,0.000000,0.000000,-50.696990,1.599846,29.743630,4.389400,291.243000,8.317002,104.047200,98.172010,0.300000,1000.000000,0.900730,2468,2740,50.000000,off
1765874998832,2025-12-16 16:49:58.832,727.856300,13.288390,23,13,2,-0.030277,-0.002678,-0.037873,0.108505,0.236710,0.965485,-50.672000,1.595740,29.702100,-0.888378,0.175397,0.424247,0.000000,0.000000,0.000000,0.000000,0,0,3.721512,3.826126,0.000000,0.000000,-50.696960,1.599859,29.743560,4.383780,291.269500,8.325826,104.047200,98.172010,0.300000,1000.000000,0.900730,2468,2740,50.000000,off
1765874998843,2025-12-16 16:49:58.843,727.867600,13.299620,23,13,2,-0.030277,-0.002678,-0.037873,0.108505,0.236710,0.965485,-50.672000,1.595739,29.702030,-0.888234,0.175568,0.424479,0.000000,0.000000,0.000000,0.000000,0,0,3.721512,3.826126,0.000000,0.000000,-50.696950,1.599871,29.743490,4.374852,291.288700,8.339814,104.047200,98.172010,0.300000,1000.000000,0.900730,2468,2740,50.000000,off
1765874998854,2025-12-16 16:49:58.854,727.878500,13.310610,23,13,2,-0.029209,-0.001965,-0.038596,-0.026230,0.330429,0.943451,-50.671030,1.596623,29.702580,-0.926216,0.250149,0.281996,0.000000,0.000000,0.000000,0.000000,0,0,3.548187,3.778976,0.000000,0.000000,-50.696920,1.599847,29.743390,4.378023,291.314700,8.354721,104.047200,98.172010,0.300000,1000.000000,0.900730,2468,2740,50.000000,off
1765874998865,2025-12-16 16:49:58.865,727.889700,13.321780,23,13,2,-0.029300,-0.002244,-0.038366,0.083633,0.293564,0.952271,-50.671180,1.596304,29.702540,-0.891405,0.229245,0.390943,0.000000,0.000000,0.000000,0.000000,0,0,3.212997,3.839020,0.000000,0.000000,-50.696860,1.599851,29.743330,4.365754,291.325900,8.373005,104.047200,98.172010,0.300000,1000.000000,0.900730,2468,2740,50.000000,off
1765874998876,2025-12-16 16:49:58.876,727.901000,13.333070,23,13,2,-0.029419,-0.003290,-0.036786,0.148712,0.200241,0.968384,-50.672530,1.595096,29.703000,-0.872039,0.145362,0.467330,0.000000,0.000000,0.000000,0.000000,0,0,3.905807,3.841537,0.000000,0.000000,-50.696810,1.599821,29.743230,4.371194,291.344300,8.396317,104.047200,98.172010,0.300000,1000.000000,0.900730,2468,2740,50.000000,off
1765874998887,2025-12-16 16:49:58.887,727.912000,13.344060,23,13,2,-0.029419,-0.003290,-0.036786,0.148712,0.200241,0.968384,-50.672590,1.595081,29.702910,-0.871816,0.145166,0.467806,0.000000,0.000000,0.000000,0.000000,0,0,3.905807,3.841537,0.000000,0.000000,-50.696850,1.599802,29.743140,4.383499,291.376400,8.403301,104.047200,98.172010,0.300000,1000.000000,0.900730,2468,2740,50.000000,off
1765874998898,2025-12-16 16:49:58.898,727.923000,13.355040,23,13,2,-0.000802,-0.001871,-0.037271,0.156357,0.131546,0.978897,-50.662270,1.600638,29.728980,-0.870313,0.077857,0.486298,0.000000,0.000000,0.000000,0.000000,0,0,3.780640,3.824738,0.000000,0.000000,-50.696820,1.599756,29.743070,4.376245,291.387000,8.409320,104.047200,98.172010,0.300000,1000.000000,0.900730,2468,2740,50.000000,off
1765874998909,2025-12-16 16:49:58.909,727.934200,13.366270,23,13,2,-0.000796,-0.001778,-0.037484,0.162231,0.153870,0.974670,-50.662060,1.600727,29.728820,-0.867144,0.100753,0.487737,0.000000,0.000000,0.000000,0.000000,0,0,3.851578,3.833084,0.000000,0.000000,-50.696800,1.599725,29.742990,4.392525,291.382400,8.400342,104.047200,98.172010,0.300000,1000.000000,0.900730,2468,2740,50.000000,off
1765874998920,2025-12-16 16:49:58.920,727.945300,13.377320,23,13,2,-0.000796,-0.001778,-0.037484,0.162231,0.153870,0.974670,-50.662040,1.600688,29.728790,-0.867072,0.100703,0.487875,0.000000,0.000000,0.000000,0.000000,0,0,3.851578,3.833084,0.000000,0.000000,-50.696780,1.599684,29.742960,4.397055,291.393400,8.411856,104.047200,98.172010,0.300000,1000.000000,0.900730,2468,2740,50.000000,off
1765874998932,2025-12-16 16:49:58.932,727.956300,13.388370,23,13,2,0.029829,-0.000027,-0.037987,0.097824,0.150375,0.983765,-50.651040,1.606909,29.756620,-0.897563,0.086919,0.432205,0.000000,0.000000,0.000000,0.000000,0,0,3.696457,3.856888,0.000000,0.000000,-50.696760,1.599657,29.742850,4.412108,291.409600,8.423374,104.047200,98.172010,0.300000,1000.000000,0.900730,2468,2740,50.000000,off
1765874998943,2025-12-16 16:49:58.943,727.967500,13.399600,23,13,2,-0.007894,-0.002323,-0.036926,0.173386,0.132217,0.975937,-50.664920,1.599017,29.722270,-0.861595,0.080645,0.501146,0.000000,0.000000,0.000000,0.000000,0,0,3.712204,3.855316,0.000000,0.000000,-50.696720,1.599620,29.742760,4.410691,291.402500,8.412912,104.047200,98.172010,0.300000,1000.000000,0.900730,2468,2740,50.000000,off
1765874998954,2025-12-16 16:49:58.954,727.978500,13.410580,23,13,2,-0.000796,-0.001778,-0.037484,0.162231,0.153870,0.974670,-50.661990,1.600607,29.728550,-0.867219,0.100458,0.487665,0.000000,0.000000,0.000000,0.000000,0,0,3.851578,3.833084,0.000000,0.000000,-50.696730,1.599593,29.742720,4.413018,291.381200,8.424035,104.047200,98.172010,0.300000,1000.000000,0.900730,2468,2740,50.000000,off
1765874998965,2025-12-16 16:49:58.965,727.989600,13.421630,23,13,2,-0.000796,-0.001778,-0.037484,0.162231,0.153870,0.974670,-50.661980,1.600619,29.728460,-0.867284,0.100216,0.487599,0.000000,0.000000,0.000000,0.000000,0,0,3.851578,3.833084,0.000000,0.000000,-50.696720,1.599596,29.742630,4.425872,291.374600,8.415416,104.047200,98.172010,0.300000,1000.000000,0.900730,2468,2740,50.000000,off
1765874998976,2025-12-16 16:49:58.976,728.000900,13.432920,23,13,2,0.029829,-0.000027,-0.037987,0.097824,0.150375,0.983765,-50.651040,1.606789,29.756330,-0.897865,0.086731,0.431616,0.000000,0.000000,0.000000,0.000000,0,0,3.696457,3.856888,0.000000,0.000000,-50.696750,1.599542,29.742520,4.421281,291.368000,8.401191,104.047200,98.172010,0.300000,1000.000000,0.900730,2468,2740,50.000000,off
1765874998987,2025-12-16 16:49:58.987,728.011800,13.443910,23,25,2,-0.007318,-0.002319,-0.036823,0.175140,0.133820,0.975403,-63.664820,1.599039,35.622550,-0.861095,0.081994,0.501782,0.000000,0.000000,0.000000,0.000000,0,0,3.735031,3.855026,0.000000,0.000000,-63.696740,1.599542,35.642440,4.438909,291.357600,8.396559,104.047200,98.172010,0.300000,1000.000000,0.900730,2468,2740,50.000000,off
1765874998998,2025-12-16 16:49:58.998,728.022900,13.455020,23,25,2,-0.007318,-0.002319,-0.036823,0.175140,0.133820,0.975403,-63.664810,1.598995,35.622440,-0.861245,0.081810,0.501555,0.000000,0.000000,0.000000,0.000000,0,0,3.735031,3.855026,0.000000,0.000000,-63.696740,1.599491,35.642330,4.445429,291.337800,8.369784,104.047200,98.172010,0.300000,1000.000000,0.900730,2468,2740,50.000000,off
1765874999009,2025-12-16 16:49:59.009,728.034100,13.466190,23,25,2,-0.001835,-0.001904,-0.037253,0.162720,0.138168,0.976944,-63.662510,1.600239,35.627250,-0.867702,0.083894,0.489942,0.000000,0.000000,0.000000,0.000000,0,0,3.699524,3.850159,0.000000,0.000000,-63.696700,1.599487,35.642250,4.458588,291.319800,8.346438,104.047200,98.172010,0.300000,1000.000000,0.900730,2468,2740,50.000000,off
1765874999021,2025-12-16 16:49:59.021,728.045200,13.477230,23,25,2,-0.001181,-0.001836,-0.037322,0.153976,0.133057,0.979065,-63.662190,1.600346,35.627770,-0.872239,0.077288,0.482915,0.000000,0.000000,0.000000,0.000000,0,0,3.687897,3.849686,0.000000,0.000000,-63.696670,1.599423,35.642190,4.465495,291.302200,8.340383,104.047200,98.172010,0.300000,1000.000000,0.900730,2468,2740,50.000000,off
1765874999032,2025-12-16 16:49:59.032,728.056300,13.488340,23,25,2,-0.000345,-0.001857,-0.037067,0.151184,0.131332,0.979736,-63.662140,1.600464,35.628620,-0.873793,0.074512,0.480544,0.000000,0.000000,0.000000,0.000000,0,0,3.713547,3.824127,0.000000,0.000000,-63.696690,1.599437,35.642160,4.500062,291.285500,8.330345,104.047200,98.172010,0.300000,1000.000000,0.900730,2468,2740,50.000000,off
1765874999043,2025-12-16 16:49:59.043,728.067400,13.499510,23,25,2,-0.000345,-0.001857,-0.037067,0.151184,0.131332,0.979736,-63.662140,1.600423,35.628620,-0.874083,0.074475,0.480022,0.000000,0.000000,0.000000,0.000000,0,0,3.713547,3.824127,0.000000,0.000000,-63.696690,1.599396,35.642130,4.499920,291.248600,8.313054,104.047200,98.172010,0.300000,1000.000000,0.900730,2468,2740,50.000000,off
1765874999054,2025-12-16 16:49:59.054,728.078500,13.510560,23,25,2,-0.001364,-0.001909,-0.037062,0.152802,0.129318,0.979752,-63.662480,1.600193,35.627600,-0.873388,0.072348,0.481605,0.000000,0.000000,0.000000,0.000000,0,0,3.713547,3.808533,0.000000,0.000000,-63.696680,1.599352,35.642050,4.520833,291.238300,8.308188,104.047200,98.172010,0.300000,1000.000000,0.900730,2468,2740,50.000000,off
1765874999065,2025-12-16 16:49:59.065,728.089700,13.521730,23,25,2,-0.001181,-0.001836,-0.037322,0.153976,0.133057,0.979065,-63.662190,1.600245,35.627630,-0.872980,0.076126,0.481760,0.000000,0.000000,0.000000,0.000000,0,0,3.687897,3.849686,0.000000,0.000000,-63.696690,1.599280,35.641990,4.527137,291.217600,8.297776,104.047200,98.172010,0.300000,1000.000000,0.900730,2468,2740,50.000000,off
1765874999076,2025-12-16 16:49:59.076,728.100700,13.532780,23,25,2,-0.001181,-0.001836,-0.037322,0.153976,0.133057,0.979065,-63.662170,1.600216,35.627590,-0.873186,0.075726,0.481450,0.000000,0.000000,0.000000,0.000000,0,0,3.687897,3.849686,0.000000,0.000000,-63.696680,1.599238,35.641940,4.547455,291.193100,8.276251,104.047200,98.172010,0.300000,1000.000000,0.900730,2468,2740,50.000000,off
1765874999087,2025-12-16 16:49:59.087,728.111800,13.543880,23,25,2,-0.000345,-0.001857,-0.037067,0.151184,0.131332,0.979736,-63.662150,1.600235,35.628430,-0.874722,0.073523,0.479003,0.000000,0.000000,0.000000,0.000000,0,0,3.713547,3.824127,0.000000,0.000000,-63.696710,1.599177,35.641900,4.548176,291.172100,8.260562,104.047200,98.172010,0.300000,1000.000000,0.900730,2468,2740,50.000000,off
1765874999098,2025-12-16 16:49:59.098,728.122900,13.554930,23,25,2,0.000270,-0.001821,-0.037078,0.148178,0.130798,0.980270,-63.661930,1.600356,35.629030,-0.876476,0.072058,0.476018,0.000000,0.000000,0.000000,0.000000,0,0,3.713104,3.808350,0.000000,0.000000,-63.696730,1.599157,35.641920,4.573691,291.140300,8.249225,104.047200,98.172010,0.300000,1000.000000,0.900730,2468,2740,50.000000,off
1765874999109,2025-12-16 16:49:59.109,728.134000,13.566100,23,25,2,0.003552,-0.001720,-0.036862,0.142761,0.133118,0.980759,-63.661030,1.600890,35.632160,-0.879310,0.073392,0.470548,0.000000,0.000000,0.000000,0.000000,0,0,3.717590,3.798172,0.000000,0.000000,-63.696750,1.599134,35.641930,4.581431,291.115000,8.246266,104.047200,98.172010,0.300000,1000.000000,0.900730,2468,2740,50.000000,off
1765874999120,2025-12-16 16:49:59.120,728.145100,13.577150,23,25,2,0.003552,-0.001720,-0.036862,0.142761,0.133118,0.980759,-63.661090,1.600883,35.632160,-0.879430,0.073219,0.470353,0.000000,0.000000,0.000000,0.000000,0,0,3.717590,3.798172,0.000000,0.000000,-63.696820,1.599126,35.641910,4.587450,291.096900,8.213929,104.047200,98.172010,0.300000,1000.000000,0.900730,2468,2740,50.000000,off
1765874999131,2025-12-16 16:49:59.131,728.156200,13.588260,23,25,2,0.000215,-0.001889,-0.036870,0.149200,0.130142,0.980194,-63.662230,1.600254,35.629120,-0.876425,0.071170,0.476228,0.000000,0.000000,0.000000,0.000000,0,0,3.718445,3.791321,0.000000,0.000000,-63.696830,1.599136,35.641940,4.591210,291.082600,8.208946,104.047200,98.172010,0.300000,1000.000000,0.900730,2468,2740,50.000000,off
1765874999143,2025-12-16 16:49:59.143,728.167400,13.599430,23,25,2,0.000838,-0.001857,-0.036866,0.148315,0.132950,0.979950,-63.662070,1.600401,35.629700,-0.876911,0.073784,0.474930,0.000000,0.000000,0.000000,0.000000,0,0,3.712616,3.790466,0.000000,0.000000,-63.696880,1.599163,35.641940,4.591437,291.073100,8.188438,104.047200,98.172010,0.300000,1000.000000,0.900730,2468,2740,50.000000,off
1765874999154,2025-12-16 16:49:59.154,728.178500,13.610600,23,25,2,-0.000573,-0.001928,-0.036874,0.153351,0.134644,0.978943,-63.662570,1.600133,35.628430,-0.874445,0.076275,0.479065,0.000000,0.000000,0.000000,0.000000,0,0,3.721130,3.791870,0.000000,0.000000,-63.696910,1.599167,35.641980,4.586520,291.069100,8.162135,104.047200,98.172010,0.300000,1000.000000,0.900730,2468,2740,50.000000,off
1765874999165,2025-12-16 16:49:59.165,728.189600,13.621700,23,25,2,-0.000573,-0.001928,-0.036874,0.153351,0.134644,0.978943,-63.662530,1.600181,35.628430,-0.874498,0.076177,0.478983,0.000000,0.000000,0.000000,0.000000,0,0,3.721130,3.791870,0.000000,0.000000,-63.696880,1.599213,35.641970,4.589986,291.060900,8.145908,104.047200,98.172010,0.300000,1000.000000,0.900730,2468,2740,50.000000,off
1765874999176,2025-12-16 16:49:59.176,728.200800,13.632870,23,25,2,0.000215,-0.001889,-0.036870,0.149200,0.130142,0.980194,-63.662280,1.600340,35.629210,-0.876671,0.070968,0.475805,0.000000,0.000000,0.000000,0.000000,0,0,3.718445,3.791321,0.000000,0.000000,-63.696880,1.599221,35.642010,4.593492,291.043600,8.136720,104.047200,98.172010,0.300000,1000.000000,0.900730,2468,2740,50.000000,off
1765874999187,2025-12-16 16:49:59.187,728.211700,13.643800,23,25,2,0.000838,-0.001857,-0.036866,0.148315,0.132950,0.979950,-63.662060,1.600466,35.629740,-0.877093,0.073617,0.474619,0.000000,0.000000,0.000000,0.000000,0,0,3.712616,3.790466,0.000000,0.000000,-63.696880,1.599228,35.641970,4.592176,291.041800,8.119235,104.047200,98.172010,0.300000,1000.000000,0.900730,2468,2740,50.000000,off
1765874999198,2025-12-16 16:49:59.198,728.222800,13.654910,23,25,2,0.000838,-0.001857,-0.036866,0.148315,0.132950,0.979950,-63.661990,1.600434,35.629730,-0.877240,0.073558,0.474358,0.000000,0.000000,0.000000,0.000000,0,0,3.712616,3.790466,0.000000,0.000000,-63.696810,1.599195,35.641940,4.595516,291.024500,8.118605,104.047200,98.172010,0.300000,1000.000000,0.900730,2468,2740,50.000000,off
1765874999209,2025-12-16 16:49:59.209,728.234100,13.666140,23,25,2,0.002649,-0.001763,-0.036870,0.148026,0.136688,0.979477,-63.661380,1.600772,35.631450,-0.877439,0.077447,0.473364,0.000000,0.000000,0.000000,0.000000,0,0,3.721115,3.785843,0.000000,0.000000,-63.696820,1.599191,35.641990,4.584963,291.015300,8.127873,104.047200,98.172010,0.300000,1000.000000,0.900730,2468,2740,50.000000,off
1765874999221,2025-12-16 16:49:59.221,728.245200,13.677250,23,25,2,-0.003770,-0.002079,-0.036908,0.156570,0.131165,0.978912,-63.663470,1.599511,35.625520,-0.873542,0.073446,0.481163,0.000000,0.000000,0.000000,0.000000,0,0,3.706146,3.785477,0.000000,0.000000,-63.696780,1.599151,35.641980,4.575077,290.984600,8.140435,104.047200,98.172010,0.300000,1000.000000,0.900730,2468,2740,50.000000,off
1765874999232,2025-12-16 16:49:59.232,728.256500,13.688600,23,25,2,0.000690,-0.001679,-0.037435,0.153885,0.141342,0.977921,-63.661500,1.600570,35.629430,-0.874826,0.083197,0.477227,0.000000,0.000000,0.000000,0.000000,0,0,3.690308,3.778152,0.000000,0.000000,-63.696790,1.599145,35.641980,4.573235,290.980900,8.130193,104.047200,98.172010,0.300000,1000.000000,0.900730,2468,2740,50.000000,off
1765874999244,2025-12-16 16:49:59.244,728.268000,13.700070,23,25,2,0.000690,-0.001679,-0.037435,0.153885,0.141342,0.977921,-63.661520,1.600565,35.629480,-0.875103,0.083076,0.476740,0.000000,0.000000,0.000000,0.000000,0,0,3.690308,3.778152,0.000000,0.000000,-63.696820,1.599136,35.642010,4.579943,290.948400,8.127863,104.047200,98.172010,0.300000,1000.000000,0.900730,2468,2740,50.000000,off
1765874999255,2025-12-16 16:49:59.255,728.279500,13.711550,23,25,2,-0.001249,-0.001789,-0.037408,0.158875,0.140640,0.977219,-63.662180,1.600153,35.627740,-0.872752,0.083336,0.480975,0.000000,0.000000,0.000000,0.000000,0,0,3.690430,3.779343,0.000000,0.000000,-63.696800,1.599114,35.642040,4.570475,290.936400,8.140500,104.047200,98.172010,0.300000,1000.000000,0.900730,2468,2740,50.000000,off
1765874999267,2025-12-16 16:49:59.267,728.291000,13.723080,23,25,2,-0.003770,-0.002079,-0.036908,0.156570,0.131165,0.978912,-63.663480,1.599524,35.625630,-0.874051,0.073274,0.480265,0.000000,0.000000,0.000000,0.000000,0,0,3.706146,3.785477,0.000000,0.000000,-63.696800,1.599158,35.642050,4.582078,290.922200,8.119160,104.047200,98.172010,0.300000,1000.000000,0.900730,2468,2740,50.000000,off
1765874999278,2025-12-16 16:49:59.278,728.302400,13.734500,23,25,2,0.000690,-0.001679,-0.037435,0.153885,0.141342,0.977921,-63.661510,1.600565,35.629560,-0.875407,0.083050,0.476186,0.000000,0.000000,0.000000,0.000000,0,0,3.690308,3.778152,0.000000,0.000000,-63.696820,1.599137,35.642060,4.578313,290.908300,8.104434,104.047200,98.172010,0.300000,1000.000000,0.900730,2468,2740,50.000000,off
1765874999290,2025-12-16 16:49:59.290,728.313800,13.745910,23,25,2,0.000690,-0.001679,-0.037435,0.153885,0.141342,0.977921,-63.661520,1.600575,35.629620,-0.875596,0.083075,0.475832,0.000000,0.000000,0.000000,0.000000,0,0,3.690308,3.778152,0.000000,0.000000,-63.696830,1.599150,35.642100,4.575029,290.882900,8.090633,104.047200,98.172010,0.300000,1000.000000,0.900730,2468,2740,50.000000,off
1765874999301,2025-12-16 16:49:59.301,728.325400,13.757450,23,25,2,-0.008333,-0.002180,-0.037317,0.173080,0.136185,0.975433,-63.664640,1.598810,35.621350,-0.866299,0.080972,0.492893,0.000000,0.000000,0.000000,0.000000,0,0,3.724411,3.779419,0.000000,0.000000,-63.696820,1.599158,35.642110,4.566195,290.851700,8.069264,104.047200,98.172010,0.300000,1000.000000,0.900730,2468,2740,50.000000,off
1765874999313,2025-12-16 16:49:59.313,728.336900,13.768980,23,25,2,-0.000361,-0.001709,-0.037510,0.160233,0.140686,0.976990,-63.661770,1.600419,35.628580,-0.872711,0.083550,0.481010,0.000000,0.000000,0.000000,0.000000,0,0,3.741776,3.767593,0.000000,0.000000,-63.696800,1.599173,35.642040,4.561531,290.848200,8.059628,104.047200,98.172010,0.300000,1000.000000,0.900730,2468,2740,50.000000,off
1765874999324,2025-12-16 16:49:59.324,728.348200,13.780270,23,25,2,0.028074,0.000077,-0.037761,0.108612,0.158341,0.981384,-63.652100,1.606171,35.654780,-0.896782,0.093324,0.432501,0.000000,0.000000,0.000000,0.000000,0,0,3.761749,3.894028,0.000000,0.000000,-63.696860,1.599182,35.642070,4.563877,290.824700,8.028942,104.047200,98.172010,0.300000,1000.000000,0.900730,2468,2740,50.000000,off
1765874999335,2025-12-16 16:49:59.335,728.359600,13.791690,23,25,2,0.028074,0.000077,-0.037761,0.108612,0.158341,0.981384,-63.652120,1.606147,35.654810,-0.896951,0.093669,0.432074,0.000000,0.000000,0.000000,0.000000,0,0,3.761749,3.894028,0.000000,0.000000,-63.696880,1.599175,35.642080,4.543333,290.797000,8.021887,104.047200,98.172010,0.300000,1000.000000,0.900730,2468,2740,50.000000,off
1765874999347,2025-12-16 16:49:59.347,728.371100,13.803160,23,25,2,-0.031526,-0.001703,-0.039642,0.202622,0.320877,0.925186,-63.670480,1.596265,35.598990,-0.832616,0.271601,0.482671,0.000000,0.000000,0.000000,0.000000,0,0,3.989655,3.716507,0.000000,0.000000,-63.696890,1.599183,35.642140,4.542538,290.774200,8.003024,104.047200,98.172010,0.300000,1000.000000,0.900730,2468,2740,50.000000,off
1765874999358,2025-12-16 16:49:59.358,728.382600,13.814700,23,25,2,-0.000361,-0.001709,-0.037510,0.160233,0.140686,0.976990,-63.661790,1.600419,35.628740,-0.873396,0.083729,0.479734,0.000000,0.000000,0.000000,0.000000,0,0,3.741776,3.767593,0.000000,0.000000,-63.696840,1.599186,35.642150,4.540930,290.752800,7.986932,104.047200,98.172010,0.300000,1000.000000,0.900730,2468,2740,50.000000,off
1765874999369,2025-12-16 16:49:59.369,728.394100,13.826170,23,25,2,0.028074,0.000077,-0.037761,0.108612,0.158341,0.981384,-63.652090,1.606115,35.654960,-0.897244,0.093752,0.431448,0.000000,0.000000,0.000000,0.000000,0,0,3.761749,3.894028,0.000000,0.000000,-63.696850,1.599170,35.642200,4.534558,290.749200,7.975686,104.047200,98.172010,0.300000,1000.000000,0.900730,2468,2740,50.000000,off
1765874999380,2025-12-16 16:49:59.380,728.405500,13.837590,23,25,2,0.028074,0.000077,-0.037761,0.108612,0.158341,0.981384,-63.652080,1.606117,35.655010,-0.897287,0.093847,0.431339,0.000000,0.000000,0.000000,0.000000,0,0,3.761749,3.894028,0.000000,0.000000,-63.696830,1.599191,35.642240,4.526818,290.737700,7.948988,104.047200,98.172010,0.300000,1000.000000,0.900730,2468,2740,50.000000,off
1765874999392,2025-12-16 16:49:59.392,728.416800,13.848880,23,25,2,0.014793,0.000147,-0.038368,0.136093,0.369782,0.919083,-63.656030,1.604412,35.642470,-0.855620,0.311431,0.413398,0.000000,0.000000,0.000000,0.000000,0,0,4.086624,3.792969,0.000000,0.000000,-63.696820,1.599208,35.642270,4.518549,290.733800,7.939473,104.047200,98.172010,0.300000,1000.000000,0.900730,2468,2740,50.000000,off
1765874999403,2025-12-16 16:49:59.403,728.427900,13.859990,23,25,2,-0.014899,-0.001097,-0.039090,0.196564,0.338409,0.920227,-63.665300,1.599163,35.614770,-0.832121,0.289121,0.473243,0.000000,0.000000,0.000000,0.000000,0,0,4.137131,3.641495,0.000000,0.000000,-63.696810,1.599234,35.642310,4.490726,290.733100,7.927392,104.047200,98.172010,0.300000,1000.000000,0.900730,2468,2740,50.000000,off
1765874999414,2025-12-16 16:49:59.414,728.439000,13.871030,23,25,2,-0.014899,-0.001097,-0.039090,0.196564,0.338409,0.920227,-63.665270,1.599163,35.614830,-0.832168,0.289291,0.473057,0.000000,0.000000,0.000000,0.000000,0,0,4.137131,3.641495,0.000000,0.000000,-63.696780,1.599241,35.642370,4.480015,290.720500,7.924645,104.047200,98.172010,0.300000,1000.000000,0.900730,2468,2740,50.000000,off
1765874999425,2025-12-16 16:49:59.425,728.450100,13.882140,23,25,2,0.008091,-0.000196,-0.038400,0.162262,0.370544,0.914520,-63.658170,1.603163,35.636430,-0.842534,0.316919,0.435520,0.000000,0.000000,0.000000,0.000000,0,0,4.064804,3.816818,0.000000,0.000000,-63.696750,1.599251,35.642410,4.470577,290.700300,7.930533,104.047200,98.172010,0.300000,1000.000000,0.900730,2468,2740,50.000000,off
1765874999436,2025-12-16 16:49:59.436,728.461100,13.893190,23,25,2,0.002882,-0.000378,-0.038647,0.172073,0.365875,0.914612,-63.659680,1.602277,35.631530,-0.838700,0.313774,0.445104,0.000000,0.000000,0.000000,0.000000,0,0,4.026993,3.767471,0.000000,0.000000,-63.696750,1.599245,35.642430,4.463489,290.698900,7.933272,104.047200,98.172010,0.300000,1000.000000,0.900730,2468,2740,50.000000,off
1765874999447,2025-12-16 16:49:59.447,728.472400,13.904420,23,25,2,-0.009620,-0.000848,-0.039122,0.186493,0.350403,0.917831,-63.663390,1.600111,35.619840,-0.835144,0.300409,0.460724,0.000000,0.000000,0.000000,0.000000,0,0,4.020172,3.672073,0.000000,0.000000,-63.696720,1.599236,35.642470,4.453986,290.669400,7.942920,104.047200,98.172010,0.300000,1000.000000,0.900730,2468,2740,50.000000,off
1765874999459,2025-12-16 16:49:59.459,728.483300,13.915410,23,25,2,-0.009620,-0.000848,-0.039122,0.186493,0.350403,0.917831,-63.663310,1.600161,35.619870,-0.835255,0.300515,0.460453,0.000000,0.000000,0.000000,0.000000,0,0,4.020172,3.672073,0.000000,0.000000,-63.696640,1.599289,35.642490,4.446471,290.648700,7.935305,104.047200,98.172010,0.300000,1000.000000,0.900730,2468,2740,50.000000,off
1765874999470,2025-12-16 16:49:59.470,728.494400,13.926510,23,25,2,0.008091,-0.000196,-0.038400,0.162262,0.370544,0.914520,-63.658020,1.603175,35.636550,-0.842900,0.317548,0.434354,0.000000,0.000000,0.000000,0.000000,0,0,4.064804,3.816818,0.000000,0.000000,-63.696620,1.599288,35.642490,4.432479,290.626500,7.931639,104.047200,98.172010,0.300000,1000.000000,0.900730,2468,2740,50.000000,off
1765874999481,2025-12-16 16:49:59.481,728.505600,13.937620,23,25,2,0.002882,-0.000378,-0.038647,0.172073,0.365875,0.914612,-63.659560,1.602307,35.631710,-0.839406,0.314370,0.443348,0.000000,0.000000,0.000000,0.000000,0,0,4.026993,3.767471,0.000000,0.000000,-63.696650,1.599304,35.642520,4.423863,290.573100,7.907215,104.047200,98.172010,0.300000,1000.000000,0.900730,2468,2740,50.000000,off
1765874999492,2025-12-16 16:49:59.492,728.516700,13.948730,23,25,2,0.002882,-0.000378,-0.038647,0.172073,0.365875,0.914612,-63.659560,1.602311,35.631730,-0.839750,0.314524,0.442586,0.000000,0.000000,0.000000,0.000000,0,0,4.026993,3.767471,0.000000,0.000000,-63.696660,1.599317,35.642500,4.411333,290.512100,7.882329,104.047200,98.172010,0.300000,1000.000000,0.900730,2468,2740,50.000000,off
1765874999503,2025-12-16 16:49:59.503,728.527800,13.959900,23,25,2,-0.009192,-0.000828,-0.039130,0.184662,0.347580,0.919281,-63.663130,1.600211,35.620310,-0.838020,0.298108,0.456995,0.000000,0.000000,0.000000,0.000000,0,0,4.012283,3.661682,0.000000,0.000000,-63.696700,1.599285,35.642420,4.388469,290.444500,7.845302,104.047200,98.172010,0.300000,1000.000000,0.900730,2468,2740,50.000000,off
1765874999514,2025-12-16 16:49:59.514,728.538900,13.971010,23,25,2,-0.013464,-0.000998,-0.039262,0.192230,0.337509,0.921478,-63.664400,1.599481,35.616290,-0.836794,0.289106,0.464953,0.000000,0.000000,0.000000,0.000000,0,0,3.988464,3.656006,0.000000,0.000000,-63.696710,1.599290,35.642360,4.373450,290.359900,7.780197,104.047200,98.172010,0.300000,1000.000000,0.900730,2468,2740,50.000000,off
1765874999525,2025-12-16 16:49:59.525,728.550000,13.982120,23,25,2,-0.008765,-0.000823,-0.039092,0.185303,0.341858,0.921280,-63.663020,1.600330,35.620710,-0.840086,0.292625,0.456714,0.000000,0.000000,0.000000,0.000000,0,0,3.982635,3.642502,0.000000,0.000000,-63.696770,1.599349,35.642300,4.356438,290.251900,7.722262,104.047200,98.172010,0.300000,1000.000000,0.900730,2468,2740,50.000000,off
1765874999536,2025-12-16 16:49:59.536,728.561000,13.993100,23,25,2,-0.008765,-0.000823,-0.039092,0.185303,0.341858,0.921280,-63.663050,1.600350,35.620690,-0.840724,0.292724,0.455475,0.000000,0.000000,0.000000,0.000000,0,0,3.982635,3.642502,0.000000,0.000000,-63.696830,1.599369,35.642220,4.341684,290.145000,7.661976,104.047200,98.172010,0.300000,1000.000000,0.900730,2468,2740,50.000000,off
1765874999552,2025-12-16 16:49:59.552,728.572200,14.004270,23,25,2,-0.002711,-0.000478,-0.039152,0.103943,0.349152,0.931274,-63.661040,1.601504,35.626270,-0.878507,0.288670,0.380630,0.000000,0.000000,0.000000,0.000000,0,0,3.781052,3.461090,0.000000,0.000000,-63.696880,1.599385,35.642120,4.318290,290.014500,7.581823,104.047200,98.172010,0.300000,1000.000000,0.900730,2468,2740,50.000000,off
1765874999559,2025-12-16 16:49:59.559,728.583400,14.015440,23,25,2,0.000460,-0.000004,-0.039494,-0.149017,0.399429,0.904556,-63.659690,1.602457,35.629010,-0.942751,0.307649,0.128625,0.000000,0.000000,0.000000,0.000000,0,0,3.615967,3.524567,0.000000,0.000000,-63.696870,1.599440,35.641990,4.299576,289.900100,7.510756,104.047200,98.172010,0.300000,1000.000000,0.900730,2468,2740,50.000000,off
1765874999570,2025-12-16 16:49:59.570,728.594300,14.026370,23,25,2,0.000460,-0.000004,-0.039494,-0.149017,0.399429,0.904556,-63.659700,1.602479,35.629000,-0.942843,0.308118,0.126816,0.000000,0.000000,0.000000,0.000000,0,0,3.615967,3.524567,0.000000,0.000000,-63.696910,1.599471,35.641890,4.287025,289.762400,7.434366,104.047200,98.172010,0.300000,1000.000000,0.900730,2468,2740,50.000000,off
1765874999581,2025-12-16 16:49:59.581,728.605500,14.037540,23,25,2,-0.008765,-0.000823,-0.039092,0.185303,0.341858,0.921280,-63.663020,1.600472,35.620510,-0.843702,0.292985,0.449764,0.000000,0.000000,0.000000,0.000000,0,0,3.982635,3.642502,0.000000,0.000000,-63.696990,1.599487,35.641740,4.279869,289.637800,7.348195,104.047200,98.172010,0.300000,1000.000000,0.900730,2468,2740,50.000000,off
1765874999592,2025-12-16 16:49:59.592,728.616500,14.048580,23,25,2,-0.002711,-0.000478,-0.039152,0.103943,0.349152,0.931274,-63.661050,1.601573,35.626050,-0.881027,0.289228,0.374329,0.000000,0.000000,0.000000,0.000000,0,0,3.781052,3.461090,0.000000,0.000000,-63.697030,1.599475,35.641570,4.266840,289.495700,7.284002,104.047200,98.172010,0.300000,1000.000000,0.900730,2468,2740,50.000000,off
1765874999603,2025-12-16 16:49:59.603,728.627700,14.059810,23,25,2,0.000467,0.000036,-0.039614,-0.151444,0.398270,0.904678,-63.659680,1.602511,35.628760,-0.943910,0.307933,0.119201,0.000000,0.000000,0.000000,0.000000,0,0,3.622040,3.528442,0.000000,0.000000,-63.697100,1.599475,35.641410,4.259007,289.341500,7.197233,104.047200,98.172010,0.300000,1000.000000,0.900730,2468,2740,50.000000,off
1765874999614,2025-12-16 16:49:59.614,728.638900,14.070920,23,25,2,0.000467,0.000036,-0.039614,-0.151444,0.398270,0.904678,-63.659690,1.602505,35.628650,-0.944035,0.308308,0.117225,0.000000,0.000000,0.000000,0.000000,0,0,3.622040,3.528442,0.000000,0.000000,-63.697140,1.599472,35.641200,4.255888,289.186300,7.103871,104.047200,98.172010,0.300000,1000.000000,0.900730,2468,2740,50.000000,off
1765874999626,2025-12-16 16:49:59.626,728.650000,14.082030,23,25,2,0.019462,0.000871,-0.039370,-0.179901,0.393356,0.901596,-63.654020,1.605631,35.646440,-0.949715,0.300628,0.087369,0.000000,0.000000,0.000000,0.000000,0,0,3.624542,3.567291,0.000000,0.000000,-63.697170,1.599480,35.640980,4.246498,289.004500,7.025111,104.047200,98.172010,0.300000,1000.000000,0.900730,2468,2740,50.000000,off
1765874999637,2025-12-16 16:49:59.637,728.661100,14.093140,23,25,2,0.005830,0.000090,-0.039073,-0.161316,0.390747,0.906250,-63.658510,1.603205,35.633650,-0.948176,0.300142,0.104276,0.000000,0.000000,0.000000,0.000000,0,0,3.592987,3.660324,0.000000,0.000000,-63.697200,1.599515,35.640750,4.252268,288.834900,6.951096,104.047200,98.172010,0.300000,1000.000000,0.900730,2468,2740,50.000000,off
1765874999648,2025-12-16 16:49:59.648,728.672300,14.104370,23,25,2,0.008667,0.000066,-0.038767,-0.159653,0.405289,0.900131,-63.657960,1.603436,35.636310,-0.943545,0.315758,0.100025,0.000000,0.000000,0.000000,0.000000,0,0,3.651108,3.655334,0.000000,0.000000,-63.697260,1.599473,35.640510,4.236002,288.650300,6.866836,104.047200,98.172010,0.300000,1000.000000,0.900730,2468,2740,50.000000,off
1765874999659,2025-12-16 16:49:59.659,728.683400,14.115480,23,25,2,0.008667,0.000066,-0.038767,-0.159653,0.405289,0.900131,-63.657980,1.603433,35.636170,-0.943756,0.315982,0.097289,0.000000,0.000000,0.000000,0.000000,0,0,3.651108,3.655334,0.000000,0.000000,-63.697300,1.599480,35.640230,4.236651,288.458600,6.801607,104.047200,98.172010,0.300000,1000.000000,0.900730,2468,2740,50.000000,off
1765874999670,2025-12-16 16:49:59.670,728.694500,14.126530,23,25,2,-0.000454,-0.000270,-0.039245,-0.132538,0.408234,0.903198,-63.660300,1.602054,35.627270,-0.938911,0.322182,0.120970,0.000000,0.000000,0.000000,0.000000,0,0,3.641220,3.675079,0.000000,0.000000,-63.697350,1.599478,35.639940,4.232333,288.267800,6.725523,104.047200,98.172010,0.300000,1000.000000,0.900730,2468,2740,50.000000,off
1765874999681,2025-12-16 16:49:59.681,728.705500,14.137570,23,25,2,0.005830,0.000090,-0.039073,-0.161316,0.390747,0.906250,-63.658650,1.603106,35.633050,-0.948813,0.301731,0.093313,0.000000,0.000000,0.000000,0.000000,0,0,3.592987,3.660324,0.000000,0.000000,-63.697430,1.599469,35.639630,4.217425,288.069800,6.666453,104.047200,98.172010,0.300000,1000.000000,0.900730,2468,2740,50.000000,off
1765874999692,2025-12-16 16:49:59.692,728.716600,14.148680,23,25,2,0.005830,0.000090,-0.039073,-0.161316,0.390747,0.906250,-63.658660,1.603113,35.632860,-0.948972,0.302068,0.090564,0.000000,0.000000,0.000000,0.000000,0,0,3.592987,3.660324,0.000000,0.000000,-63.697470,1.599487,35.639310,4.210423,287.881000,6.604021,104.047200,98.172010,0.300000,1000.000000,0.900730,2468,2740,50.000000,off
1765874999703,2025-12-16 16:49:59.703,728.727500,14.159550,23,25,2,0.008667,0.000066,-0.038767,-0.159653,0.405289,0.900131,-63.658210,1.603384,35.635490,-0.944273,0.317754,0.085818,0.000000,0.000000,0.000000,0.000000,0,0,3.651108,3.655334,0.000000,0.000000,-63.697590,1.599505,35.639000,4.186080,287.663200,6.534934,104.047200,98.172010,0.300000,1000.000000,0.900730,2468,2740,50.000000,off
1765874999714,2025-12-16 16:49:59.714,728.738600,14.170720,23,25,2,-0.001360,-0.000286,-0.039323,-0.131973,0.404602,0.904907,-63.660580,1.601961,35.625640,-0.940841,0.320251,0.110608,0.000000,0.000000,0.000000,0.000000,0,0,3.630524,3.675049,0.000000,0.000000,-63.697620,1.599535,35.638670,4.173848,287.458700,6.474809,104.047200,98.172010,0.300000,1000.000000,0.900730,2468,2740,50.000000,off
1765874999726,2025-12-16 16:49:59.726,728.749700,14.181760,23,25,2,-0.001360,-0.000286,-0.039323,-0.131973,0.404602,0.904907,-63.660560,1.601989,35.625460,-0.941045,0.320776,0.107302,0.000000,0.000000,0.000000,0.000000,0,0,3.630524,3.675049,0.000000,0.000000,-63.697660,1.599576,35.638350,4.152990,287.235500,6.414240,104.047200,98.172010,0.300000,1000.000000,0.900730,2468,2740,50.000000,off
1765874999737,2025-12-16 16:49:59.737,728.760800,14.192870,23,25,2,-0.002032,-0.000273,-0.039464,-0.116562,0.396393,0.910645,-63.660690,1.601967,35.624560,-0.941473,0.314470,0.121344,0.000000,0.000000,0.000000,0.000000,0,0,3.632431,3.648514,0.000000,0.000000,-63.697780,1.599620,35.638000,4.129858,287.032900,6.360010,104.047200,98.172010,0.300000,1000.000000,0.900730,2468,2740,50.000000,off
1765874999747,2025-12-16 16:49:59.747,728.772000,14.204040,23,25,2,-0.005372,-0.000502,-0.039282,-0.102539,0.384415,0.917435,-63.661820,1.601397,35.621220,-0.943034,0.304231,0.134556,0.000000,0.000000,0.000000,0.000000,0,0,3.651093,3.664398,0.000000,0.000000,-63.697870,1.599673,35.637640,4.102903,286.824200,6.307528,104.047200,98.172010,0.300000,1000.000000,0.900730,2468,2740,50.000000,off
1765874999758,2025-12-16 16:49:59.758,728.783000,14.215090,23,25,2,0.030875,0.001614,-0.040377,-0.244568,0.416916,0.875412,-63.650930,1.607561,35.655110,-0.945622,0.324686,-0.018895,0.000000,0.000000,0.000000,0.000000,0,0,3.670685,3.644409,0.000000,0.000000,-63.697910,1.599742,35.637280,4.071574,286.614700,6.248321,104.047200,98.172010,0.300000,1000.000000,0.900730,2468,2740,50.000000,off
1765874999769,2025-12-16 16:49:59.769,728.794100,14.226200,23,25,2,0.030875,0.001614,-0.040377,-0.244568,0.416916,0.875412,-63.651060,1.607536,35.654890,-0.945313,0.325396,-0.021898,0.000000,0.000000,0.000000,0.000000,0,0,3.670685,3.644409,0.000000,0.000000,-63.697990,1.599763,35.636900,4.041351,286.417000,6.201560,104.047200,98.172010,0.300000,1000.000000,0.900730,2468,2740,50.000000,off
1765874999780,2025-12-16 16:49:59.780,728.805200,14.237300,23,25,2,-0.002032,-0.000273,-0.039464,-0.116562,0.396393,0.910645,-63.660820,1.602067,35.623650,-0.942204,0.316884,0.108735,0.000000,0.000000,0.000000,0.000000,0,0,3.632431,3.648514,0.000000,0.000000,-63.698110,1.599791,35.636550,4.017323,286.195000,6.151535,104.047200,98.172010,0.300000,1000.000000,0.900730,2468,2740,50.000000,off
1765874999791,2025-12-16 16:49:59.791,728.816300,14.248410,23,25,2,-0.005372,-0.000502,-0.039282,-0.102539,0.384415,0.917435,-63.661900,1.601496,35.620290,-0.944031,0.306539,0.121714,0.000000,0.000000,0.000000,0.000000,0,0,3.651093,3.664398,0.000000,0.000000,-63.698190,1.599830,35.636180,3.992437,285.979500,6.110209,104.047200,98.172010,0.300000,1000.000000,0.900730,2468,2740,50.000000,off
1765874999803,2025-12-16 16:49:59.803,728.827500,14.259580,23,25,2,0.031081,0.001629,-0.040399,-0.240982,0.417633,0.876068,-63.651540,1.607600,35.654500,-0.944197,0.328154,-0.028158,0.000000,0.000000,0.000000,0.000000,0,0,3.654129,3.683411,0.000000,0.000000,-63.698360,1.599905,35.635780,3.973843,285.775900,6.071104,104.047200,98.172010,0.300000,1000.000000,0.900730,2468,2740,50.000000,off
1765874999814,2025-12-16 16:49:59.814,728.838600,14.270630,23,25,2,0.031081,0.001629,-0.040399,-0.240982,0.417633,0.876068,-63.651710,1.607597,35.654320,-0.943819,0.328925,-0.031620,0.000000,0.000000,0.000000,0.000000,0,0,3.654129,3.683411,0.000000,0.000000,-63.698460,1.599950,35.635420,3.938691,285.551300,6.027029,104.047200,98.172010,0.300000,1000.000000,0.900730,2468,2740,50.000000,off
1765874999825,2025-12-16 16:49:59.825,728.849600,14.281680,23,25,2,0.029257,0.001540,-0.040383,-0.233521,0.418106,0.877853,-63.652340,1.607412,35.652380,-0.943439,0.330381,-0.027240,0.000000,0.000000,0.000000,0.000000,0,0,3.666138,3.733536,0.000000,0.000000,-63.698550,1.600066,35.635060,3.923468,285.349600,6.008612,104.047200,98.172010,0.300000,1000.000000,0.900730,2468,2740,50.000000,off
1765874999836,2025-12-16 16:49:59.836,728.860800,14.292850,23,25,2,0.025575,0.001352,-0.040343,-0.229248,0.416504,0.879746,-63.653500,1.606829,35.648670,-0.943700,0.329779,-0.025657,0.000000,0.000000,0.000000,0.000000,0,0,3.668289,3.621521,0.000000,0.000000,-63.698700,1.600092,35.634700,3.888551,285.151000,5.983214,104.047200,98.172010,0.300000,1000.000000,0.900730,2468,2740,50.000000,off
1765874999847,2025-12-16 16:49:59.847,728.871900,14.303960,23,25,2,0.016458,0.000846,-0.040113,-0.209137,0.405502,0.889832,-63.656100,1.605363,35.639790,-0.947090,0.320869,-0.005884,0.000000,0.000000,0.000000,0.000000,0,0,3.644913,3.658646,0.000000,0.000000,-63.698800,1.600121,35.634340,3.859001,284.953700,5.954010,104.047200,98.172010,0.300000,1000.000000,0.900730,2468,2740,50.000000,off
1765874999858,2025-12-16 16:49:59.858,728.882900,14.315000,23,25,2,0.016458,0.000846,-0.040113,-0.209137,0.405502,0.889832,-63.656240,1.605388,35.639600,-0.946949,0.321211,-0.009042,0.000000,0.000000,0.000000,0.000000,0,0,3.644913,3.658646,0.000000,0.000000,-63.698930,1.600162,35.634010,3.841385,284.758700,5.940028,104.047200,98.172010,0.300000,1000.000000,0.900730,2468,2740,50.000000,off
1765874999869,2025-12-16 16:49:59.869,728.894000,14.326110,23,25,2,0.029257,0.001540,-0.040383,-0.233521,0.418106,0.877853,-63.653050,1.607404,35.651620,-0.942282,0.332447,-0.039432,0.000000,0.000000,0.000000,0.000000,0,0,3.666138,3.733536,0.000000,0.000000,-63.699040,1.600176,35.633670,3.820951,284.579800,5.914583,104.047200,98.172010,0.300000,1000.000000,0.900730,2468,2740,50.000000,off
1765874999880,2025-12-16 16:49:59.880,728.905200,14.337280,23,25,2,0.025575,0.001352,-0.040343,-0.229248,0.416504,0.879746,-63.654110,1.606844,35.647930,-0.942715,0.331443,-0.037634,0.000000,0.000000,0.000000,0.000000,0,0,3.668289,3.621521,0.000000,0.000000,-63.699140,1.600196,35.633370,3.804544,284.402000,5.911526,104.047200,98.172010,0.300000,1000.000000,0.900730,2468,2740,50.000000,off
1765874999892,2025-12-16 16:49:59.892,728.916300,14.348330,23,25,2,0.025575,0.001352,-0.040343,-0.229248,0.416504,0.879746,-63.654240,1.606843,35.647740,-0.942613,0.331423,-0.040280,0.000000,0.000000,0.000000,0.000000,0,0,3.668289,3.621521,0.000000,0.000000,-63.699230,1.600196,35.633050,3.807694,284.238300,5.905318,104.047200,98.172010,0.300000,1000.000000,0.900730,2468,2740,50.000000,off
1765874999903,2025-12-16 16:49:59.903,728.927400,14.359440,23,25,2,0.014340,0.000702,-0.039989,-0.199280,0.405121,0.892273,-63.657270,1.605050,35.636820,-0.946536,0.322430,-0.009769,0.000000,0.000000,0.000000,0.000000,0,0,3.647598,3.667679,0.000000,0.000000,-63.699280,1.600229,35.632730,3.807769,284.083800,5.890640,104.047200,98.172010,0.300000,1000.000000,0.900730,2468,2740,50.000000,off
1765874999914,2025-12-16 16:49:59.914,728.938500,14.370610,23,25,2,0.006994,0.000241,-0.039685,-0.187790,0.416245,0.889633,-63.659360,1.603848,35.629670,-0.942225,0.334927,-0.002722,0.000000,0.000000,0.000000,0.000000,0,0,3.663956,3.714798,0.000000,0.000000,-63.699400,1.600261,35.632470,3.800847,283.933700,5.892200,104.047200,98.172010,0.300000,1000.000000,0.900730,2468,2740,50.000000,off
1765874999925,2025-12-16 16:49:59.925,728.949600,14.381710,23,25,2,0.008957,0.000162,-0.039103,-0.174851,0.399857,0.899735,-63.659600,1.603948,35.631530,-0.947517,0.319462,0.011652,0.000000,0.000000,0.000000,0.000000,0,0,3.645111,3.634308,0.000000,0.000000,-63.699540,1.600284,35.632190,3.794754,283.812000,5.879620,104.047200,98.172010,0.300000,1000.000000,0.900730,2468,2740,50.000000,off
1765874999936,2025-12-16 16:49:59.936,728.960700,14.392760,23,25,2,0.008957,0.000162,-0.039103,-0.174851,0.399857,0.899735,-63.659660,1.603997,35.631360,-0.947439,0.319761,0.009579,0.000000,0.000000,0.000000,0.000000,0,0,3.645111,3.634308,0.000000,0.000000,-63.699600,1.600345,35.631930,3.774737,283.690600,5.885919,104.047200,98.172010,0.300000,1000.000000,0.900730,2468,2740,50.000000,off
1765874999948,2025-12-16 16:49:59.948,728.971800,14.403870,23,25,2,0.002907,0.000058,-0.039615,-0.158508,0.388046,0.907898,-63.660660,1.603339,35.625240,-0.950473,0.309657,0.026418,0.000000,0.000000,0.000000,0.000000,0,0,3.579269,3.567490,0.000000,0.000000,-63.699740,1.600397,35.631710,3.745588,283.577000,5.882795,104.047200,98.172010,0.300000,1000.000000,0.900730,2468,2740,50.000000,off
1765874999958,2025-12-16 16:49:59.958,728.982900,14.414980,23,25,2,0.010171,0.000226,-0.039125,-0.155365,0.389481,0.907822,-63.659600,1.604231,35.632210,-0.949689,0.311912,0.027846,0.000000,0.000000,0.000000,0.000000,0,0,3.599716,3.479172,0.000000,0.000000,-63.699840,1.600432,35.631480,3.718054,283.483500,5.865894,104.047200,98.172010,0.300000,1000.000000,0.900730,2468,2740,50.000000,off
1765874999969,2025-12-16 16:49:59.969,728.994000,14.426090,23,25,2,0.010171,0.000226,-0.039125,-0.155365,0.389481,0.907822,-63.659680,1.604252,35.632060,-0.949662,0.312139,0.026161,0.000000,0.000000,0.000000,0.000000,0,0,3.599716,3.479172,0.000000,0.000000,-63.699920,1.600463,35.631250,3.703803,283.383400,5.867037,104.047200,98.172010,0.300000,1000.000000,0.900730,2468,2740,50.000000,off
1765874999981,2025-12-16 16:49:59.981,729.005200,14.437320,23,25,2,0.019986,0.000615,-0.038932,-0.193665,0.400986,0.895371,-63.657780,1.605635,35.641430,-0.947015,0.320755,-0.016211,0.000000,0.000000,0.000000,0.000000,0,0,3.619919,3.199631,0.000000,0.000000,-63.699980,1.600484,35.631040,3.685981,283.298900,5.864037,104.047200,98.172010,0.300000,1000.000000,0.900730,2468,2740,50.000000,off
1765874999992,2025-12-16 16:49:59.992,729.016200,14.448300,23,25,2,0.002907,0.000058,-0.039615,-0.158508,0.388046,0.907898,-63.660920,1.603406,35.624610,-0.950253,0.310785,0.020403,0.000000,0.000000,0.000000,0.000000,0,0,3.579269,3.567490,0.000000,0.000000,-63.700040,1.600510,35.630840,3.677320,283.217400,5.877028,104.047200,98.172010,0.300000,1000.000000,0.900730,2468,2740,50.000000,off
1765875000003,2025-12-16 16:50:00.003,729.027400,14.459470,23,25,2,0.010171,0.000226,-0.039125,-0.155365,0.389481,0.907822,-63.659850,1.604289,35.631560,-0.949542,0.312826,0.021982,0.000000,0.000000,0.000000,0.000000,0,0,3.599716,3.479172,0.000000,0.000000,-63.700080,1.600528,35.630590,3.655823,283.145300,5.894079,104.047200,98.172010,0.300000,1000.000000,0.900730,2468,2740,50.000000,off
1765875000015,2025-12-16 16:50:00.015,729.038800,14.470830,23,25,2,0.010171,0.000226,-0.039125,-0.155365,0.389481,0.907822,-63.659900,1.604273,35.631420,-0.949516,0.312987,0.020802,0.000000,0.000000,0.000000,0.000000,0,0,3.599716,3.479172,0.000000,0.000000,-63.700140,1.600518,35.630410,3.643343,283.079600,5.906187,104.047200,98.172010,0.300000,1000.000000,0.900730,2468,2740,50.000000,off
1765875000025,2025-12-16 16:50:00.025,729.049600,14.481690,23,25,2,0.021896,0.000794,-0.039091,-0.197922,0.401306,0.894302,-63.657520,1.606077,35.642610,-0.946684,0.321139,-0.025592,0.000000,0.000000,0.000000,0.000000,0,0,3.506851,3.367004,0.000000,0.000000,-63.700230,1.600549,35.630220,3.643657,283.024100,5.923374,104.047200,98.172010,0.300000,1000.000000,0.900730,2468,2740,50.000000,off
1765875000036,2025-12-16 16:50:00.036,729.060700,14.492800,23,25,2,0.021672,0.000803,-0.039152,-0.183441,0.383423,0.905167,-63.657620,1.606043,35.642250,-0.952623,0.304018,-0.008536,0.000000,0.000000,0.000000,0.000000,0,0,3.473938,3.348969,0.000000,0.000000,-63.700320,1.600515,35.630060,3.649930,282.971100,5.941202,104.047200,98.172010,0.300000,1000.000000,0.900730,2468,2740,50.000000,off
1765875000048,2025-12-16 16:50:00.048,729.071900,14.503970,23,25,2,0.021672,0.000803,-0.039152,-0.183441,0.383423,0.905167,-63.657670,1.606036,35.642150,-0.952666,0.303862,-0.009262,0.000000,0.000000,0.000000,0.000000,0,0,3.473938,3.348969,0.000000,0.000000,-63.700370,1.600498,35.629930,3.655823,282.932800,5.956699,104.047200,98.172010,0.300000,1000.000000,0.900730,2468,2740,50.000000,off
1765875000059,2025-12-16 16:50:00.059,729.082900,14.515010,23,25,2,0.019625,0.000776,-0.039392,-0.185349,0.379196,0.906555,-63.657930,1.605768,35.639950,-0.954118,0.299201,-0.011136,0.000000,0.000000,0.000000,0.000000,0,0,3.464890,3.203339,0.000000,0.000000,-63.700420,1.600443,35.629740,3.663501,282.895500,5.971099,104.047200,98.172010,0.300000,1000.000000,0.900730,2468,2740,50.000000,off
1765875000070,2025-12-16 16:50:00.070,729.094100,14.526120,23,25,2,0.014457,0.000566,-0.039552,-0.179581,0.386459,0.904648,-63.658930,1.605022,35.634780,-0.951732,0.306821,-0.007347,0.000000,0.000000,0.000000,0.000000,0,0,3.476212,3.231644,0.000000,0.000000,-63.700460,1.600417,35.629580,3.676591,282.858900,5.996604,104.047200,98.172010,0.300000,1000.000000,0.900730,2468,2740,50.000000,off
1765875000081,2025-12-16 16:50:00.081,729.105100,14.537170,23,25,2,-0.001047,-0.000191,-0.039520,-0.145783,0.388565,0.909805,-63.662230,1.602650,35.619640,-0.949782,0.311818,0.025783,0.000000,0.000000,0.000000,0.000000,0,0,3.357330,3.190613,0.000000,0.000000,-63.700470,1.600407,35.629390,3.688114,282.830500,6.027277,104.047200,98.172010,0.300000,1000.000000,0.900730,2468,2740,50.000000,off
1765875000092,2025-12-16 16:50:00.092,729.116200,14.548280,23,25,2,-0.001047,-0.000191,-0.039520,-0.145783,0.388565,0.909805,-63.662260,1.602652,35.619500,-0.949942,0.311370,0.025313,0.000000,0.000000,0.000000,0.000000,0,0,3.357330,3.190613,0.000000,0.000000,-63.700500,1.600395,35.629240,3.708143,282.815200,6.064977,104.047200,98.172010,0.300000,1000.000000,0.900730,2468,2740,50.000000,off
1765875000103,2025-12-16 16:50:00.103,729.127300,14.559390,23,25,2,0.019625,0.000776,-0.039392,-0.185349,0.379196,0.906555,-63.658080,1.605778,35.639400,-0.954495,0.297900,-0.013484,0.000000,0.000000,0.000000,0.000000,0,0,3.464890,3.203339,0.000000,0.000000,-63.700540,1.600378,35.629110,3.716016,282.793400,6.086490,104.047200,98.172010,0.300000,1000.000000,0.900730,2468,2740,50.000000,off
1765875000114,2025-12-16 16:50:00.115,729.138400,14.570500,23,25,2,0.014457,0.000566,-0.039552,-0.179581,0.386459,0.904648,-63.659050,1.605025,35.634250,-0.952178,0.305383,-0.009275,0.000000,0.000000,0.000000,0.000000,0,0,3.476212,3.231644,0.000000,0.000000,-63.700570,1.600348,35.629000,3.735715,282.786300,6.122860,104.047200,98.172010,0.300000,1000.000000,0.900730,2468,2740,50.000000,off
1765875000125,2025-12-16 16:50:00.125,729.149500,14.581600,23,25,2,0.014457,0.000566,-0.039552,-0.179581,0.386459,0.904648,-63.659100,1.605045,35.634090,-0.952343,0.304867,-0.009359,0.000000,0.000000,0.000000,0.000000,0,0,3.476212,3.231644,0.000000,0.000000,-63.700620,1.600343,35.628840,3.759180,282.793000,6.158454,104.047200,98.172010,0.300000,1000.000000,0.900730,2468,2740,50.000000,off
1765875000136,2025-12-16 16:50:00.136,729.160900,14.593020,23,25,2,0.000415,-0.000139,-0.039483,-0.144730,0.390259,0.909256,-63.662090,1.602830,35.620410,-0.949826,0.311793,0.024712,0.000000,0.000000,0.000000,0.000000,0,0,3.335373,3.193069,0.000000,0.000000,-63.700610,1.600331,35.628720,3.765014,282.786700,6.213281,104.047200,98.172010,0.300000,1000.000000,0.900730,2468,2740,50.000000,off
1765875000147,2025-12-16 16:50:00.147,729.171900,14.604000,23,25,2,-0.002133,-0.000265,-0.039464,-0.136749,0.389969,0.910599,-63.662680,1.602427,35.617820,-0.949502,0.312021,0.032489,0.000000,0.000000,0.000000,0.000000,0,0,3.303146,3.182663,0.000000,0.000000,-63.700650,1.600325,35.628580,3.773633,282.782700,6.251013,104.047200,98.172010,0.300000,1000.000000,0.900730,2468,2740,50.000000,off
1765875000158,2025-12-16 16:50:00.158,729.182900,14.614930,23,25,2,0.003142,-0.000114,-0.039398,-0.106278,0.392456,0.913590,-63.661630,1.603092,35.622800,-0.946235,0.317425,0.061986,0.000000,0.000000,0.000000,0.000000,0,0,3.234451,3.066483,0.000000,0.000000,-63.700650,1.600266,35.628430,3.776654,282.770200,6.300360,104.047200,98.172010,0.300000,1000.000000,0.900730,2468,2740,50.000000,off
1765875000169,2025-12-16 16:50:00.169,729.194000,14.626100,23,25,2,0.003142,-0.000114,-0.039398,-0.106278,0.392456,0.913590,-63.661640,1.603094,35.622680,-0.946381,0.317075,0.061552,0.000000,0.000000,0.000000,0.000000,0,0,3.234451,3.066483,0.000000,0.000000,-63.700650,1.600255,35.628300,3.791483,282.759200,6.342032,104.047200,98.172010,0.300000,1000.000000,0.900730,2468,2740,50.000000,off
1765875000180,2025-12-16 16:50:00.180,729.205100,14.637150,23,25,2,-0.004433,-0.000742,-0.038906,0.089752,0.357727,0.929489,-63.663660,1.601582,35.615330,-0.917275,0.303209,0.258159,0.000000,0.000000,0.000000,0.000000,0,0,3.205292,3.235977,0.000000,0.000000,-63.700650,1.600236,35.628130,3.792433,282.745800,6.383379,104.047200,98.172010,0.300000,1000.000000,0.900730,2468,2740,50.000000,off
1765875000191,2025-12-16 16:50:00.191,729.216200,14.648320,23,25,2,-0.005259,-0.000786,-0.038885,0.090576,0.356537,0.929871,-63.663880,1.601434,35.614420,-0.917471,0.302240,0.258611,0.000000,0.000000,0.000000,0.000000,0,0,3.180588,3.214386,0.000000,0.000000,-63.700680,1.600233,35.628000,3.785643,282.726600,6.420348,104.047200,98.172010,0.300000,1000.000000,0.900730,2468,2740,50.000000,off
1765875000203,2025-12-16 16:50:00.203,729.227300,14.659360,23,25,2,-0.005259,-0.000786,-0.038885,0.090576,0.356537,0.929871,-63.663870,1.601442,35.614300,-0.917578,0.302275,0.258190,0.000000,0.000000,0.000000,0.000000,0,0,3.180588,3.214386,0.000000,0.000000,-63.700680,1.600244,35.627870,3.785446,282.714200,6.456244,104.047200,98.172010,0.300000,1000.000000,0.900730,2468,2740,50.000000,off
1765875000214,2025-12-16 16:50:00.214,729.238400,14.670470,23,25,2,0.003142,-0.000114,-0.039398,-0.106278,0.392456,0.913590,-63.661680,1.603078,35.622170,-0.946643,0.316701,0.059423,0.000000,0.000000,0.000000,0.000000,0,0,3.234451,3.066483,0.000000,0.000000,-63.700710,1.600231,35.627750,3.790846,282.688200,6.489852,104.047200,98.172010,0.300000,1000.000000,0.900730,2468,2740,50.000000,off
1765875000226,2025-12-16 16:50:00.226,729.249600,14.681640,23,25,2,-0.004433,-0.000742,-0.038906,0.089752,0.357727,0.929489,-63.663680,1.601532,35.614820,-0.917861,0.303084,0.256215,0.000000,0.000000,0.000000,0.000000,0,0,3.205292,3.235977,0.000000,0.000000,-63.700690,1.600186,35.627570,3.806859,282.675400,6.517520,104.047200,98.172010,0.300000,1000.000000,0.900730,2468,2740,50.000000,off
1765875000236,2025-12-16 16:50:00.236,729.260600,14.692690,23,25,2,-0.000919,-0.000599,-0.038826,0.082352,0.355194,0.931152,-63.662980,1.602027,35.618100,-0.921132,0.299363,0.248769,0.000000,0.000000,0.000000,0.000000,0,0,3.172653,3.219574,0.000000,0.000000,-63.700640,1.600136,35.627410,3.824316,282.635700,6.558252,104.047200,98.172010,0.300000,1000.000000,0.900730,2468,2740,50.000000,off
1765875000247,2025-12-16 16:50:00.247,729.271900,14.703920,23,25,2,-0.000919,-0.000599,-0.038826,0.082352,0.355194,0.931152,-63.662940,1.602004,35.617950,-0.921315,0.299243,0.248238,0.000000,0.000000,0.000000,0.000000,0,0,3.172653,3.219574,0.000000,0.000000,-63.700600,1.600108,35.627250,3.833298,282.617600,6.598947,104.047200,98.172010,0.300000,1000.000000,0.900730,2468,2740,50.000000,off
1765875000258,2025-12-16 16:50:00.258,729.282800,14.714900,23,25,2,0.006476,-0.000297,-0.038684,0.070770,0.352814,0.932999,-63.661490,1.603153,35.625020,-0.925589,0.295205,0.236881,0.000000,0.000000,0.000000,0.000000,0,0,3.154221,3.202286,0.000000,0.000000,-63.700540,1.600105,35.627110,3.847938,282.582500,6.630721,104.047200,98.172010,0.300000,1000.000000,0.900730,2468,2740,50.000000,off
1765875000269,2025-12-16 16:50:00.269,729.293900,14.725950,23,25,2,-0.000153,-0.000600,-0.038705,0.085007,0.355667,0.930725,-63.662770,1.602072,35.618460,-0.920753,0.299982,0.249399,0.000000,0.000000,0.000000,0.000000,0,0,3.154297,3.204926,0.000000,0.000000,-63.700490,1.600092,35.626950,3.839908,282.561500,6.660967,104.047200,98.172010,0.300000,1000.000000,0.900730,2468,2740,50.000000,off
1765875000280,2025-12-16 16:50:00.280,729.305000,14.737060,23,25,2,-0.000153,-0.000600,-0.038705,0.085007,0.355667,0.930725,-63.662670,1.602080,35.618290,-0.920863,0.300091,0.248860,0.000000,0.000000,0.000000,0.000000,0,0,3.154297,3.204926,0.000000,0.000000,-63.700390,1.600103,35.626770,3.834456,282.537600,6.685103,104.047200,98.172010,0.300000,1000.000000,0.900730,2468,2740,50.000000,off
1765875000291,2025-12-16 16:50:00.291,729.316100,14.748170,23,25,2,0.002160,-0.000489,-0.038689,0.081848,0.353088,0.931992,-63.662120,1.602463,35.620400,-0.922662,0.297215,0.245634,0.000000,0.000000,0.000000,0.000000,0,0,3.135468,3.186264,0.000000,0.000000,-63.700310,1.600114,35.626610,3.827595,282.504800,6.709934,104.047200,98.172010,0.300000,1000.000000,0.900730,2468,2740,50.000000,off
1765875000302,2025-12-16 16:50:00.302,729.327200,14.759280,23,25,2,-0.001026,-0.000638,-0.038706,0.088470,0.359467,0.928940,-63.662750,1.602020,35.617140,-0.918979,0.304699,0.250216,0.000000,0.000000,0.000000,0.000000,0,0,3.129715,3.173965,0.000000,0.000000,-63.700310,1.600195,35.626420,3.817425,282.480000,6.733294,104.047200,98.172010,0.300000,1000.000000,0.900730,2468,2740,50.000000,off
1765875000314,2025-12-16 16:50:00.314,729.338400,14.770510,23,25,2,-0.000153,-0.000600,-0.038705,0.085007,0.355667,0.930725,-63.662510,1.602182,35.617860,-0.921173,0.300570,0.247127,0.000000,0.000000,0.000000,0.000000,0,0,3.154297,3.204926,0.000000,0.000000,-63.700240,1.600223,35.626270,3.808408,282.455500,6.747276,104.047200,98.172010,0.300000,1000.000000,0.900730,2468,2740,50.000000,off
1765875000325,2025-12-16 16:50:00.325,729.349500,14.781620,23,25,2,-0.000153,-0.000600,-0.038705,0.085007,0.355667,0.930725,-63.662490,1.602226,35.617720,-0.921258,0.300831,0.246493,0.000000,0.000000,0.000000,0.000000,0,0,3.154297,3.204926,0.000000,0.000000,-63.700230,1.600277,35.626110,3.794023,282.428500,6.776968,104.047200,98.172010,0.300000,1000.000000,0.900730,2468,2740,50.000000,off
1765875000336,2025-12-16 16:50:00.336,729.360500,14.792600,23,25,2,0.002160,-0.000489,-0.038689,0.081848,0.353088,0.931992,-63.661970,1.602629,35.619800,-0.923011,0.298047,0.243304,0.000000,0.000000,0.000000,0.000000,0,0,3.135468,3.186264,0.000000,0.000000,-63.700160,1.600307,35.625940,3.781191,282.395800,6.795157,104.047200,98.172010,0.300000,1000.000000,0.900730,2468,2740,50.000000,off
1765875000347,2025-12-16 16:50:00.347,729.371600,14.803710,23,25,2,-0.000732,-0.000624,-0.038704,0.087204,0.361801,0.928162,-63.662500,1.602171,35.616890,-0.918964,0.307898,0.246358,0.000000,0.000000,0.000000,0.000000,0,0,3.132294,3.141418,0.000000,0.000000,-63.700130,1.600336,35.625820,3.761900,282.376600,6.813374,104.047200,98.172010,0.300000,1000.000000,0.900730,2468,2740,50.000000,off
1765875000358,2025-12-16 16:50:00.358,729.382800,14.814880,23,25,2,-0.001572,-0.000647,-0.038738,0.087845,0.360275,0.928696,-63.662610,1.602133,35.615930,-0.919331,0.306659,0.246538,0.000000,0.000000,0.000000,0.000000,0,0,3.116028,3.116821,0.000000,0.000000,-63.700100,1.600428,35.625660,3.749258,282.344000,6.841243,104.047200,98.172010,0.300000,1000.000000,0.900730,2468,2740,50.000000,off
1765875000369,2025-12-16 16:50:00.369,729.393900,14.825930,23,25,2,-0.001572,-0.000647,-0.038738,0.087845,0.360275,0.928696,-63.662530,1.602153,35.615820,-0.919372,0.306854,0.246144,0.000000,0.000000,0.000000,0.000000,0,0,3.116028,3.116821,0.000000,0.000000,-63.700020,1.600456,35.625530,3.738564,282.329100,6.864108,104.047200,98.172010,0.300000,1000.000000,0.900730,2468,2740,50.000000,off
1765875000380,2025-12-16 16:50:00.380,729.404900,14.836980,23,25,2,0.000379,-0.000522,-0.038821,0.082123,0.360107,0.929276,-63.662030,1.602557,35.617580,-0.921116,0.306085,0.240482,0.000000,0.000000,0.000000,0.000000,0,0,3.114716,3.101151,0.000000,0.000000,-63.699990,1.600502,35.625420,3.732442,282.323800,6.888375,104.047200,98.172010,0.300000,1000.000000,0.900730,2468,2740,50.000000,off
1765875000391,2025-12-16 16:50:00.391,729.416000,14.848080,23,25,2,0.028964,-0.000062,-0.037421,0.023941,0.259628,0.965408,-63.657590,1.606359,35.645530,-0.959337,0.197324,0.201814,0.000000,0.000000,0.000000,0.000000,0,0,2.965805,3.151443,0.000000,0.000000,-63.699990,1.600515,35.625350,3.726708,282.314500,6.902420,104.047200,98.172010,0.300000,1000.000000,0.900730,2468,2740,50.000000,off
1765875000403,2025-12-16 16:50:00.403,729.427100,14.859190,23,25,2,0.028964,-0.000062,-0.037421,0.023941,0.259628,0.965408,-63.657540,1.606431,35.645480,-0.959414,0.197109,0.201658,0.000000,0.000000,0.000000,0.000000,0,0,2.965805,3.151443,0.000000,0.000000,-63.699940,1.600567,35.625290,3.739077,282.310600,6.924933,104.047200,98.172010,0.300000,1000.000000,0.900730,2468,2740,50.000000,off
1765875000414,2025-12-16 16:50:00.414,729.438300,14.870360,23,25,2,0.029455,-0.000047,-0.037379,0.015778,0.264221,0.964325,-63.657430,1.606514,35.645900,-0.960423,0.200944,0.192858,0.000000,0.000000,0.000000,0.000000,0,0,3.050461,3.148087,0.000000,0.000000,-63.699880,1.600575,35.625230,3.727177,282.307500,6.947050,104.047200,98.172010,0.300000,1000.000000,0.900730,2468,2740,50.000000,off
1765875000425,2025-12-16 16:50:00.425,729.449300,14.881410,23,25,2,0.000379,-0.000522,-0.038821,0.082123,0.360107,0.929276,-63.661910,1.602647,35.617310,-0.921225,0.306247,0.239858,0.000000,0.000000,0.000000,0.000000,0,0,3.114716,3.101151,0.000000,0.000000,-63.699880,1.600595,35.625150,3.726219,282.319600,6.976212,104.047200,98.172010,0.300000,1000.000000,0.900730,2468,2740,50.000000,off
1765875000436,2025-12-16 16:50:00.436,729.460400,14.892520,23,25,2,0.028964,-0.000062,-0.037421,0.023941,0.259628,0.965408,-63.657420,1.606498,35.645260,-0.959385,0.197493,0.201421,0.000000,0.000000,0.000000,0.000000,0,0,2.965805,3.151443,0.000000,0.000000,-63.699820,1.600606,35.625090,3.715966,282.320400,7.011177,104.047200,98.172010,0.300000,1000.000000,0.900730,2468,2740,50.000000,off
1765875000448,2025-12-16 16:50:00.448,729.472300,14.904360,23,25,2,0.028964,-0.000062,-0.037421,0.023941,0.259628,0.965408,-63.657380,1.606517,35.645200,-0.959367,0.197525,0.201476,0.000000,0.000000,0.000000,0.000000,0,0,2.965805,3.151443,0.000000,0.000000,-63.699780,1.600612,35.625040,3.713858,282.331500,7.040354,104.047200,98.172010,0.300000,1000.000000,0.900730,2468,2740,50.000000,off
1765875000458,2025-12-16 16:50:00.458,729.482700,14.914730,23,25,2,0.029311,-0.000049,-0.037394,0.023453,0.267670,0.963211,-63.657290,1.606578,35.645470,-0.958017,0.205706,0.199654,0.000000,0.000000,0.000000,0.000000,0,0,3.035507,3.135147,0.000000,0.000000,-63.699730,1.600613,35.624970,3.705738,282.336600,7.063640,104.047200,98.172010,0.300000,1000.000000,0.900730,2468,2740,50.000000,off
1765875000469,2025-12-16 16:50:00.469,729.493700,14.925780,23,25,2,0.018219,-0.000582,-0.037406,0.039078,0.264694,0.963532,-63.659420,1.604666,35.634700,-0.954877,0.204809,0.215052,0.000000,0.000000,0.000000,0.000000,0,0,3.050095,3.121918,0.000000,0.000000,-63.699660,1.600585,35.624920,3.697001,282.335500,7.093886,104.047200,98.172010,0.300000,1000.000000,0.900730,2468,2740,50.000000,off
1765875000481,2025-12-16 16:50:00.481,729.504900,14.936950,23,25,2,0.018219,-0.000582,-0.037406,0.039078,0.264694,0.963532,-63.659400,1.604684,35.634610,-0.954889,0.204680,0.215120,0.000000,0.000000,0.000000,0.000000,0,0,3.050095,3.121918,0.000000,0.000000,-63.699630,1.600588,35.624840,3.704763,282.348300,7.126850,104.047200,98.172010,0.300000,1000.000000,0.900730,2468,2740,50.000000,off
1765875000492,2025-12-16 16:50:00.492,729.516000,14.948060,23,25,2,-0.002173,-0.001522,-0.037533,0.076294,0.263458,0.961639,-63.663340,1.601218,35.614860,-0.945365,0.208116,0.250908,0.000000,0.000000,0.000000,0.000000,0,0,3.049118,3.117569,0.000000,0.000000,-63.699620,1.600566,35.624820,3.709704,282.348800,7.146615,104.047200,98.172010,0.300000,1000.000000,0.900730,2468,2740,50.000000,off
1765875000503,2025-12-16 16:50:00.503,729.527100,14.959170,23,25,2,-0.000230,-0.001411,-0.037557,0.072647,0.259155,0.963089,-63.662920,1.601541,35.616660,-0.947149,0.203219,0.248173,0.000000,0.000000,0.000000,0.000000,0,0,3.050903,3.110382,0.000000,0.000000,-63.699610,1.600533,35.624750,3.715699,282.355300,7.164196,104.047200,98.172010,0.300000,1000.000000,0.900730,2468,2740,50.000000,off
1765875000514,2025-12-16 16:50:00.514,729.538300,14.970340,23,25,2,0.018219,-0.000582,-0.037406,0.039078,0.264694,0.963532,-63.659340,1.604630,35.634450,-0.954978,0.204325,0.215063,0.000000,0.000000,0.000000,0.000000,0,0,3.050095,3.121918,0.000000,0.000000,-63.699570,1.600500,35.624680,3.725902,282.361200,7.189920,104.047200,98.172010,0.300000,1000.000000,0.900730,2468,2740,50.000000,off
1765875000525,2025-12-16 16:50:00.525,729.549300,14.981380,23,25,2,0.018219,-0.000582,-0.037406,0.039078,0.264694,0.963532,-63.659310,1.604609,35.634440,-0.954991,0.204449,0.214887,0.000000,0.000000,0.000000,0.000000,0,0,3.050095,3.121918,0.000000,0.000000,-63.699540,1.600478,35.624680,3.718748,282.356300,7.209445,104.047200,98.172010,0.300000,1000.000000,0.900730,2468,2740,50.000000,off
1765875000535,2025-12-16 16:50:00.535,729.560400,14.992490,23,25,2,-0.002173,-0.001522,-0.037533,0.076294,0.263458,0.961639,-63.663260,1.601123,35.614700,-0.945449,0.207935,0.250740,0.000000,0.000000,0.000000,0.000000,0,0,3.049118,3.117569,0.000000,0.000000,-63.699540,1.600465,35.624660,3.723627,282.359000,7.221871,104.047200,98.172010,0.300000,1000.000000,0.900730,2468,2740,50.000000,off
1765875000547,2025-12-16 16:50:00.547,729.571600,15.003660,23,25,2,-0.000323,-0.001410,-0.037572,0.072418,0.258118,0.963394,-63.662830,1.601473,35.616430,-0.947401,0.201895,0.248330,0.000000,0.000000,0.000000,0.000000,0,0,3.054062,3.114670,0.000000,0.000000,-63.699520,1.600463,35.624630,3.732547,282.382400,7.221483,104.047200,98.172010,0.300000,1000.000000,0.900730,2468,2740,50.000000,off
1765875000558,2025-12-16 16:50:00.558,729.582600,15.014710,23,25,2,-0.000323,-0.001410,-0.037572,0.072418,0.258118,0.963394,-63.662850,1.601427,35.616400,-0.947335,0.202065,0.248442,0.000000,0.000000,0.000000,0.000000,0,0,3.054062,3.114670,0.000000,0.000000,-63.699530,1.600423,35.624610,3.723158,282.393400,7.235531,104.047200,98.172010,0.300000,1000.000000,0.900730,2468,2740,50.000000,off
1765875000569,2025-12-16 16:50:00.569,729.593800,15.025820,23,25,2,-0.000385,-0.001404,-0.037587,0.072189,0.256119,0.963928,-63.662730,1.601415,35.616310,-0.947712,0.200207,0.248445,0.000000,0.000000,0.000000,0.000000,0,0,3.058044,3.117416,0.000000,0.000000,-63.699420,1.600419,35.624580,3.712042,282.385100,7.226905,104.047200,98.172010,0.300000,1000.000000,0.900730,2468,2740,50.000000,off
1765875000580,2025-12-16 16:50:00.580,729.604900,15.036930,23,25,2,-0.001071,-0.001433,-0.037605,0.074753,0.255325,0.963959,-63.662800,1.601314,35.615630,-0.947084,0.199821,0.251195,0.000000,0.000000,0.000000,0.000000,0,0,3.070450,3.118591,0.000000,0.000000,-63.699360,1.600436,35.624570,3.707386,282.395700,7.227682,104.047200,98.172010,0.300000,1000.000000,0.900730,2468,2740,50.000000,off
