TaskOrder,ParticipantID,SourceFile,Timestamp,FrameIndex,SceneID,NodeID,GazeValid,HitStatus,Category,ObjectName,HitPointX,HitPointY,HitPointZ,HitDistance,DeltaTime,GazeOriginX,GazeOriginY,GazeOriginZ,GazeDirectionX,GazeDirectionY,GazeDirectionZ
69,Eye_ID2551343_Task69_1766046091020,Eye_ID2551343_Task69_1766046091020.csv,1046.1610000000001,1305,23,12,1,ValidHit,entrance,E5,-60.5994568,2.45545053,1.58609312E-15,40.1721306,0.0109999999,-50.0191193,1.61286998,38.7446404,-0.263372004,0.0209740009,-0.964455009
69,Eye_ID2551343_Task69_1766046091020,Eye_ID2551343_Task69_1766046091020.csv,1046.172,1306,23,12,1,ValidHit,signage,HS-05,-66.664917,4.27390146,0.800048828,41.5257378,0.0109999999,-49.9932289,1.60717201,38.7385597,-0.401473999,0.0642179996,-0.913604021
69,Eye_ID2551343_Task69_1766046091020,Eye_ID2551343_Task69_1766046091020.csv,1046.183,1307,23,12,1,ValidHit,commercial,C3,-52.9368668,1.60230207,19.4815788,19.4812393,0.0109999999,-50.0467491,1.61819899,38.7472382,-0.148352996,-0.000815999985,-0.988925993
69,Eye_ID2551343_Task69_1766046091020,Eye_ID2551343_Task69_1766046091020.csv,1046.194,1308,23,12,1,ValidHit,commercial,C3,-52.4612236,1.84777999,19.9687233,18.9336281,0.0109999999,-50.0480995,1.61805701,38.7465401,-0.127451003,0.0121330004,-0.991765022
69,Eye_ID2551343_Task69_1766046091020,Eye_ID2551343_Task69_1766046091020.csv,1046.2049999999999,1309,23,12,1,ValidHit,commercial,C3,-52.8842621,1.86137152,19.5354652,19.4201126,0.0109999999,-50.0499382,1.61807501,38.7460899,-0.145946994,0.0125280004,-0.989207983
69,Eye_ID2551343_Task69_1766046091020,Eye_ID2551343_Task69_1766046091020.csv,1046.2159999999999,1310,23,12,1,ValidHit,entrance,E5,-70.4308014,4.3041358,2.78024737E-15,43.8737907,0.0109999999,-50.0007286,1.60819101,38.7331085,-0.465649992,0.0614469983,-0.88282001
69,Eye_ID2551343_Task69_1766046091020,Eye_ID2551343_Task69_1766046091020.csv,1046.2270000000001,1311,23,12,1,ValidHit,entrance,E5,-58.9106598,1.60901475,1.03933971E-15,39.7447319,0.0109999999,-50.0541496,1.61839497,38.7453995,-0.222832993,-0.000236000007,-0.974847972
69,Eye_ID2551343_Task69_1766046091020,Eye_ID2551343_Task69_1766046091020.csv,1046.2380000000001,1312,23,12,1,ValidHit,entrance,E5,-59.8029671,1.60749006,1.03835482E-15,39.9521255,0.0120000001,-50.0562096,1.61843801,38.7449684,-0.243958995,-0.000273999991,-0.969776988
69,Eye_ID2551343_Task69_1766046091020,Eye_ID2551343_Task69_1766046091020.csv,1046.25,1313,23,12,1,ValidHit,entrance,E5,-58.1632767,1.80774271,1.16770755E-15,39.5834236,0.0109999999,-50.0553398,1.61766195,38.743679,-0.204830006,0.00480199978,-0.978776991
69,Eye_ID2551343_Task69_1766046091020,Eye_ID2551343_Task69_1766046091020.csv,1046.261,1314,23,12,1,ValidHit,commercial,C3,-52.352356,0.974569321,20.0802231,18.8123226,0.0109999999,-50.0626297,1.61884105,38.7415619,-0.121712998,-0.0342469998,-0.991964996
69,Eye_ID2551343_Task69_1766046091020,Eye_ID2551343_Task69_1766046091020.csv,1046.2719999999999,1315,23,12,1,ValidHit,commercial,C3,-52.7514305,1.01802039,19.6715012,19.2663593,0.0109999999,-50.05933,1.61767805,38.7394218,-0.139727995,-0.0311239995,-0.989681005
69,Eye_ID2551343_Task69_1766046091020,Eye_ID2551343_Task69_1766046091020.csv,1046.2829999999999,1316,23,12,1,ValidHit,commercial,C3,-53.3455467,1.00742471,19.0630322,19.9573975,0.0109999999,-50.0616913,1.61765397,38.7389488,-0.164539993,-0.030576,-0.985876977
69,Eye_ID2551343_Task69_1766046091020,Eye_ID2551343_Task69_1766046091020.csv,1046.2940000000001,1317,23,12,1,ValidHit,entrance,E5,-63.7961349,3.01078558,1.94481052E-15,41.124733,0.0109999999,-50.0317688,1.61173701,38.7276192,-0.334692001,0.0340190008,-0.941694021
69,Eye_ID2551343_Task69_1766046091020,Eye_ID2551343_Task69_1766046091020.csv,1046.3050000000001,1318,23,12,1,ValidHit,signage,HS-05,-66.9579926,4.15643644,0.800048828,41.6099472,0.0109999999,-50.0214195,1.60957003,38.7217293,-0.407031,0.0612079985,-0.911359012
69,Eye_ID2551343_Task69_1766046091020,Eye_ID2551343_Task69_1766046091020.csv,1046.316,1319,23,12,1,ValidHit,entrance,E5,-68.6214752,4.20285606,2.71482593E-15,43.0327339,0.0109999999,-50.0244217,1.609828,38.7200508,-0.43215999,0.060256999,-0.899779975
69,Eye_ID2551343_Task69_1766046091020,Eye_ID2551343_Task69_1766046091020.csv,1046.327,1320,23,12,1,ValidHit,entrance,E5,-65.1527863,3.19617605,2.06456319E-15,41.5975723,0.0109999999,-50.0258904,1.609846,38.7171593,-0.363647014,0.0381349996,-0.930751026
69,Eye_ID2551343_Task69_1766046091020,Eye_ID2551343_Task69_1766046091020.csv,1046.338,1321,23,12,1,ValidHit,entrance,E5,-69.0243225,2.90442181,1.87610513E-15,43.1437302,0.0109999999,-50.0435791,1.61207104,38.722641,-0.439933985,0.0299539994,-0.897509992
69,Eye_ID2551343_Task69_1766046091020,Eye_ID2551343_Task69_1766046091020.csv,1046.3489999999999,1322,23,12,1,ValidHit,entrance,E5,-73.1784515,4.06565428,2.62620088E-15,45.1725693,0.0120000001,-50.0342598,1.60993505,38.7153282,-0.512350023,0.0543630011,-0.857052982
69,Eye_ID2551343_Task69_1766046091020,Eye_ID2551343_Task69_1766046091020.csv,1046.3610000000001,1323,23,12,1,ValidHit,entrance,E5,-74.9180756,3.98096752,2.57149758E-15,46.0805664,0.0109999999,-50.0377388,1.60984004,38.7138901,-0.539929986,0.0514560007,-0.840133011
69,Eye_ID2551343_Task69_1766046091020,Eye_ID2551343_Task69_1766046091020.csv,1046.3720000000001,1324,23,12,1,ValidHit,entrance,E5,-75.5116043,3.66616392,2.36815081E-15,46.3851089,0.0109999999,-50.0395012,1.60970795,38.7107315,-0.549139023,0.0443340018,-0.83454299
69,Eye_ID2551343_Task69_1766046091020,Eye_ID2551343_Task69_1766046091020.csv,1046.383,1325,23,12,1,ValidHit,ground,ground,-53.3081894,-2.10047247E-14,32.6201477,7.10568762,0.0109999999,-50.0916405,1.61725605,38.7462502,-0.452668011,-0.227597997,-0.862132013
69,Eye_ID2551343_Task69_1766046091020,Eye_ID2551343_Task69_1766046091020.csv,1046.394,1326,23,12,1,ValidHit,commercial,C2,-79.9047012,0.939969361,9.82499599,41.546917,0.0109999999,-50.0470505,1.60975003,38.7078285,-0.71864599,-0.0161210001,-0.695182979
69,Eye_ID2551343_Task69_1766046091020,Eye_ID2551343_Task69_1766046091020.csv,1046.405,1327,23,12,1,ValidHit,commercial,C2,-79.9046936,0.774653196,11.8344135,40.1752548,0.0109999999,-50.0509491,1.60961902,38.7064705,-0.743085027,-0.0207829997,-0.668868005
69,Eye_ID2551343_Task69_1766046091020,Eye_ID2551343_Task69_1766046091020.csv,1046.4159999999999,1328,23,12,1,ValidHit,entrance,E5,-78.2907181,1.58031285,1.02079974E-15,47.9111099,0.0109999999,-50.0649185,1.61097503,38.7140617,-0.589125991,-0.000639999984,-0.808036029
69,Eye_ID2551343_Task69_1766046091020,Eye_ID2551343_Task69_1766046091020.csv,1046.4269999999999,1329,23,12,1,ValidHit,ground,ground,-53.8930893,-2.15846916E-14,33.5208321,6.65635967,0.0120000001,-50.1021805,1.61584604,38.7481804,-0.56951201,-0.242750004,-0.785309017
69,Eye_ID2551343_Task69_1766046091020,Eye_ID2551343_Task69_1766046091020.csv,1046.4390000000001,1330,23,12,1,ValidHit,commercial,C2,-79.9047089,0.278253675,17.5732117,36.5887871,0.0109999999,-50.063839,1.60884798,38.7035599,-0.815569997,-0.0363660008,-0.577506006
69,Eye_ID2551343_Task69_1766046091020,Eye_ID2551343_Task69_1766046091020.csv,1046.45,1331,23,12,1,ValidHit,commercial,C2,-79.9046936,0.0960338116,19.3363914,35.6027527,0.0109999999,-50.0682983,1.60851598,38.7028008,-0.83803302,-0.0424819998,-0.543955982
69,Eye_ID2551343_Task69_1766046091020,Eye_ID2551343_Task69_1766046091020.csv,1046.461,1332,23,12,1,ValidHit,commercial,C2,-79.9047012,1.36893988,10.7381516,40.8900375,0.0109999999,-50.0749207,1.60851705,38.7045898,-0.729503989,-0.00585900014,-0.683934987
69,Eye_ID2551343_Task69_1766046091020,Eye_ID2551343_Task69_1766046091020.csv,1046.472,1333,23,12,1,ValidHit,commercial,C2,-79.9047089,2.73643064,10.2016611,41.2709846,0.0120000001,-50.0773087,1.607898,38.7033615,-0.722709,0.0273439996,-0.690587997
69,Eye_ID2551343_Task69_1766046091020,Eye_ID2551343_Task69_1766046091020.csv,1046.4839999999999,1334,23,12,1,ValidHit,commercial,C2,-79.9047089,2.43098998,12.678606,39.589859,0.0109999999,-50.0820198,1.60746801,38.703331,-0.753278971,0.0208010003,-0.657347977
69,Eye_ID2551343_Task69_1766046091020,Eye_ID2551343_Task69_1766046091020.csv,1046.4949999999999,1335,23,12,1,ValidHit,commercial,C2,-79.9047012,2.46877313,12.3020287,39.83601,0.0109999999,-50.0865707,1.60711098,38.7036285,-0.748513997,0.0216300003,-0.662750006
69,Eye_ID2551343_Task69_1766046091020,Eye_ID2551343_Task69_1766046091020.csv,1046.5060000000001,1336,23,12,1,ValidHit,ground,ground,-53.7166176,-2.29021531E-14,35.5668373,5.07177496,0.0120000001,-50.119339,1.61300004,38.7575607,-0.709259987,-0.318028003,-0.629100025
69,Eye_ID2551343_Task69_1766046091020,Eye_ID2551343_Task69_1766046091020.csv,1046.518,1337,23,12,1,ValidHit,commercial,C2,-79.9047089,1.58679736,19.4786377,35.4706993,0.0109999999,-50.0964584,1.60602295,38.7046318,-0.840349019,-0.000541999994,-0.542016029
69,Eye_ID2551343_Task69_1766046091020,Eye_ID2551343_Task69_1766046091020.csv,1046.529,1338,23,12,1,ValidHit,commercial,C2,-79.9046936,1.35254788,21.4966755,34.415905,0.0109999999,-50.1012192,1.60544002,38.7054901,-0.865966022,-0.00734800007,-0.500016987
69,Eye_ID2551343_Task69_1766046091020,Eye_ID2551343_Task69_1766046091020.csv,1046.54,1339,23,12,1,ValidHit,commercial,C2,-79.9046936,1.3757472,21.3284168,34.4971123,0.0120000001,-50.1056404,1.60498297,38.7069702,-0.863803983,-0.00664500007,-0.50376302
69,Eye_ID2551343_Task69_1766046091020,Eye_ID2551343_Task69_1766046091020.csv,1046.5519999999999,1340,23,12,1,ValidHit,ground,ground,-54.3445969,-2.36111417E-14,36.6678925,4.97987509,0.0109999999,-50.1254807,1.61064899,38.7664795,-0.84722501,-0.323428988,-0.421411008
69,Eye_ID2551343_Task69_1766046091020,Eye_ID2551343_Task69_1766046091020.csv,1046.5630000000001,1341,23,12,1,ValidHit,ground,ground,-53.414917,-2.42807924E-14,37.7078514,3.80890799,0.0109999999,-50.1296692,1.60999405,38.7675095,-0.862507999,-0.422688007,-0.278203011
69,Eye_ID2551343_Task69_1766046091020,Eye_ID2551343_Task69_1766046091020.csv,1046.5740000000001,1342,23,12,1,ValidHit,ground,ground,-53.4032974,-2.43980082E-14,37.8898888,3.75142527,0.0120000001,-50.1309319,1.60921395,38.7703781,-0.872291028,-0.428956985,-0.234705999
69,Eye_ID2551343_Task69_1766046091020,Eye_ID2551343_Task69_1766046091020.csv,1046.586,1343,23,12,1,ValidHit,ground,ground,-53.5260277,-2.47839807E-14,38.4892998,3.76540947,0.0109999999,-50.1333313,1.60860395,38.7727203,-0.901000023,-0.427197993,-0.0752680004
69,Eye_ID2551343_Task69_1766046091020,Eye_ID2551343_Task69_1766046091020.csv,1046.597,1344,23,12,1,ValidHit,ground,ground,-52.8580513,-2.49015201E-14,38.6718369,3.16544604,0.0109999999,-50.1333694,1.60794306,38.7751198,-0.860743999,-0.507959008,-0.0326270014
69,Eye_ID2551343_Task69_1766046091020,Eye_ID2551343_Task69_1766046091020.csv,1046.6079999999999,1345,23,12,1,ValidHit,ground,ground,-55.738369,-2.66809466E-14,41.4352722,6.41247177,0.0120000001,-50.1282196,1.60718703,38.7776299,-0.874871016,-0.250631988,0.414444
69,Eye_ID2551343_Task69_1766046091020,Eye_ID2551343_Task69_1766046091020.csv,1046.6199999999999,1346,23,12,1,ValidHit,ground,ground,-55.4917908,-2.68190113E-14,41.6496849,6.29089403,0.0109999999,-50.1287308,1.60654199,38.7805405,-0.852501988,-0.255373001,0.456073999
69,Eye_ID2551343_Task69_1766046091020,Eye_ID2551343_Task69_1766046091020.csv,1046.6310000000001,1347,23,12,1,ValidHit,ground,ground,-53.3170586,-2.52047613E-14,39.1427689,3.58159542,0.0109999999,-50.1355896,1.60576797,38.7855606,-0.888266981,-0.448330998,0.0997319967
69,Eye_ID2551343_Task69_1766046091020,Eye_ID2551343_Task69_1766046091020.csv,1046.6420000000001,1348,23,12,1,ValidHit,ground,ground,-52.6885834,-2.52289339E-14,39.1803093,3.04188895,0.0120000001,-50.1346703,1.60523999,38.7881012,-0.839567006,-0.527702987,0.128933996
69,Eye_ID2551343_Task69_1766046091020,Eye_ID2551343_Task69_1766046091020.csv,1046.654,1349,23,12,1,ValidHit,ground,ground,-52.6365814,-2.52983178E-14,39.288063,3.01341939,0.0109999999,-50.1347694,1.60463595,38.7913094,-0.830210984,-0.532487988,0.164844006
69,Eye_ID2551343_Task69_1766046091020,Eye_ID2551343_Task69_1766046091020.csv,1046.665,1350,23,12,1,ValidHit,commercial,C6,-56.6134109,1.93219852,52.7610703,15.4469233,0.0109999999,-50.142849,1.59846306,38.7386589,-0.418884009,0.0216049999,0.907766998
69,Eye_ID2551343_Task69_1766046091020,Eye_ID2551343_Task69_1766046091020.csv,1046.6759999999999,1351,23,12,1,ValidHit,commercial,C6,-54.4121742,2.07276678,54.0395737,15.8922901,0.0109999999,-50.1462212,1.59732902,38.7379189,-0.268427014,0.0299159996,0.962827981
69,Eye_ID2551343_Task69_1766046091020,Eye_ID2551343_Task69_1766046091020.csv,1046.6869999999999,1352,23,12,0,InvalidGaze,,,0,0,0,0,0.0109999999,0,0,0,0,0,0
69,Eye_ID2551343_Task69_1766046091020,Eye_ID2551343_Task69_1766046091020.csv,1046.6980000000001,1353,23,12,0,InvalidGaze,,,0,0,0,0,0.0109999999,0,0,0,0,0,0
69,Eye_ID2551343_Task69_1766046091020,Eye_ID2551343_Task69_1766046091020.csv,1046.7090000000001,1354,23,12,1,ValidHit,ground,ground,-52.9603348,-2.7364819E-14,42.4973183,4.91835594,0.0109999999,-50.1318207,1.60278594,38.8066788,-0.575082004,-0.325872004,0.750365973
69,Eye_ID2551343_Task69_1766046091020,Eye_ID2551343_Task69_1766046091020.csv,1046.72,1355,23,12,1,ValidHit,ground,ground,-59.1305122,-2.87617999E-14,44.6668205,10.8614464,0.0120000001,-50.1415405,1.59970796,38.7837791,-0.827592015,-0.147281006,0.541637003
69,Eye_ID2551343_Task69_1766046091020,Eye_ID2551343_Task69_1766046091020.csv,1046.732,1356,23,12,1,ValidHit,ground,ground,-58.7520752,-2.88613094E-14,44.8213539,10.6353426,0.0109999999,-50.1414413,1.59945095,38.7873497,-0.809612989,-0.150388002,0.567345977
69,Eye_ID2551343_Task69_1766046091020,Eye_ID2551343_Task69_1766046091020.csv,1046.7429999999999,1357,23,12,0,InvalidGaze,,,0,0,0,0,0.0109999999,0,0,0,0,0,0
69,Eye_ID2551343_Task69_1766046091020,Eye_ID2551343_Task69_1766046091020.csv,1046.7539999999999,1358,23,12,1,ValidHit,ground,ground,-52.4597054,-2.75588336E-14,42.7986183,4.88258553,0.0109999999,-50.1274986,1.60257399,38.8196487,-0.477649003,-0.328215986,0.814915001
69,Eye_ID2551343_Task69_1766046091020,Eye_ID2551343_Task69_1766046091020.csv,1046.7650000000001,1359,23,12,1,ValidHit,commercial,C6,-63.9265556,1.44285321,49.1410866,17.2364635,0.0109999999,-50.1390114,1.59924197,38.7982292,-0.799893975,-0.0090730004,0.600048006
69,Eye_ID2551343_Task69_1766046091020,Eye_ID2551343_Task69_1766046091020.csv,1046.7760000000001,1360,23,12,1,ValidHit,commercial,C6,-63.4669533,1.44929898,49.2951431,16.9644432,0.0109999999,-50.137989,1.59928405,38.8018799,-0.785687983,-0.00884099957,0.618534982
69,Eye_ID2551343_Task69_1766046091020,Eye_ID2551343_Task69_1766046091020.csv,1046.787,1361,23,12,1,ValidHit,ground,ground,-62.7729263,-3.03402052E-14,47.1180649,15.2084656,0.0109999999,-50.1373711,1.59961903,38.8065491,-0.830811977,-0.105177999,0.546498001
69,Eye_ID2551343_Task69_1766046091020,Eye_ID2551343_Task69_1766046091020.csv,1046.798,1362,23,12,1,ValidHit,commercial,C2,-79.9047012,2.18996453,54.8248482,33.8061638,0.0109999999,-50.1375008,1.59963202,38.8116684,-0.880511999,0.0174620003,0.473668993
69,Eye_ID2551343_Task69_1766046091020,Eye_ID2551343_Task69_1766046091020.csv,1046.809,1363,23,12,1,ValidHit,commercial,C2,-79.9047089,2.2165122,55.6867142,34.2226982,0.0109999999,-50.1359901,1.59977496,38.8155403,-0.869839013,0.0180210005,0.492974013
69,Eye_ID2551343_Task69_1766046091020,Eye_ID2551343_Task69_1766046091020.csv,1046.8199999999999,1364,23,12,1,ValidHit,ground,ground,-63.1271744,-2.88068892E-14,44.7368431,14.3667717,0.0120000001,-50.1338081,1.60038197,38.8194504,-0.904389977,-0.111392997,0.411873996
69,Eye_ID2551343_Task69_1766046091020,Eye_ID2551343_Task69_1766046091020.csv,1046.8320000000001,1365,23,12,1,ValidHit,ground,ground,-63.2577286,-2.70230903E-14,41.9666176,13.5882349,0.0109999999,-50.1348991,1.60095096,38.8252106,-0.965741992,-0.117817998,0.231184006
69,Eye_ID2551343_Task69_1766046091020,Eye_ID2551343_Task69_1766046091020.csv,1046.8430000000001,1366,23,12,1,ValidHit,commercial,C6,-62.7536774,1.63629162,49.5342293,16.5557423,0.0109999999,-50.147789,1.59635901,38.8019104,-0.761418998,0.00241199997,0.64825201
69,Eye_ID2551343_Task69_1766046091020,Eye_ID2551343_Task69_1766046091020.csv,1046.854,1367,23,12,1,ValidHit,commercial,C6,-62.443634,1.69141996,49.6381493,16.3878765,0.0109999999,-50.1464195,1.59658301,38.80616,-0.750383019,0.00578700006,0.660974026
69,Eye_ID2551343_Task69_1766046091020,Eye_ID2551343_Task69_1766046091020.csv,1046.865,1368,23,12,1,ValidHit,ground,ground,-63.9566002,-2.98514434E-14,46.359024,15.8255816,0.0109999999,-50.1264305,1.60160506,38.8350487,-0.873898983,-0.101202004,0.475423992
69,Eye_ID2551343_Task69_1766046091020,Eye_ID2551343_Task69_1766046091020.csv,1046.876,1369,23,12,1,ValidHit,ground,ground,-64.0579605,-2.78057928E-14,43.182148,14.6792088,0.0130000003,-50.1272011,1.60211599,38.8408813,-0.949005008,-0.109141,0.295740008
69,Eye_ID2551343_Task69_1766046091020,Eye_ID2551343_Task69_1766046091020.csv,1046.8889999999999,1370,23,12,1,ValidHit,ground,ground,-64.0715485,-2.79546758E-14,43.4133606,14.7629747,0.00899999961,-50.1250496,1.60242999,38.8446884,-0.944687009,-0.108543001,0.309466004
69,Eye_ID2551343_Task69_1766046091020,Eye_ID2551343_Task69_1766046091020.csv,1046.8979999999999,1371,23,12,1,ValidHit,commercial,C6,-62.081974,2.50087237,49.7593727,16.2197876,0.0120000001,-50.1389198,1.59781694,38.8218498,-0.736324012,0.0556759983,0.674329996
69,Eye_ID2551343_Task69_1766046091020,Eye_ID2551343_Task69_1766046091020.csv,1046.9100000000001,1372,23,12,1,ValidHit,commercial,C6,-63.1350479,2.7403059,49.406395,16.7976742,0.0109999999,-50.1376305,1.59835505,38.826931,-0.773755014,0.0679820031,0.629810989
69,Eye_ID2551343_Task69_1766046091020,Eye_ID2551343_Task69_1766046091020.csv,1046.921,1373,23,12,1,ValidHit,commercial,C6,-62.7933807,2.39746881,49.5209236,16.5871983,0.0109999999,-50.1353798,1.59891999,38.8310814,-0.763110995,0.048142001,0.644456983
69,Eye_ID2551343_Task69_1766046091020,Eye_ID2551343_Task69_1766046091020.csv,1046.932,1374,23,12,1,ValidHit,commercial,C6,-62.5540123,2.40255237,49.6011467,16.4569035,0.0109999999,-50.1332817,1.59926701,38.8350105,-0.754736006,0.0488109998,0.654196024
69,Eye_ID2551343_Task69_1766046091020,Eye_ID2551343_Task69_1766046091020.csv,1046.943,1375,23,12,1,ValidHit,commercial,C2,-79.9047012,3.05714655,52.092659,32.6232529,0.0109999999,-50.1301689,1.599195,38.8401794,-0.912666976,0.0446900018,0.406222999
69,Eye_ID2551343_Task69_1766046091020,Eye_ID2551343_Task69_1766046091020.csv,1046.954,1376,23,12,1,ValidHit,commercial,C6,-62.1603813,2.72834373,49.7330894,16.2674084,0.0109999999,-50.1291618,1.59952104,38.8425407,-0.739583015,0.0693909973,0.669463992
69,Eye_ID2551343_Task69_1766046091020,Eye_ID2551343_Task69_1766046091020.csv,1046.9649999999999,1377,23,12,1,ValidHit,commercial,C6,-61.9273224,2.68925548,49.8112106,16.1453266,0.0109999999,-50.1267395,1.59961295,38.8462486,-0.730890989,0.0674889982,0.679135025
69,Eye_ID2551343_Task69_1766046091020,Eye_ID2551343_Task69_1766046091020.csv,1046.9760000000001,1378,23,12,1,ValidHit,commercial,C6,-61.6445465,2.31138182,49.9447937,16.0100288,0.0109999999,-50.1240692,1.59973001,38.8500595,-0.719572008,0.0444499999,0.692979991
69,Eye_ID2551343_Task69_1766046091020,Eye_ID2551343_Task69_1766046091020.csv,1046.9870000000001,1379,23,12,1,ValidHit,commercial,C2,-79.9047012,4.07200527,51.7718658,32.5589485,0.0109999999,-50.1183701,1.59989595,38.8587608,-0.914840996,0.0759269968,0.396605998
69,Eye_ID2551343_Task69_1766046091020,Eye_ID2551343_Task69_1766046091020.csv,1046.998,1380,23,12,1,ValidHit,commercial,C2,-79.9047012,4.64446497,51.2406731,32.3993759,0.0109999999,-50.1197395,1.59889495,38.85923,-0.919297993,0.0939999968,0.382147014
69,Eye_ID2551343_Task69_1766046091020,Eye_ID2551343_Task69_1766046091020.csv,1047.009,1381,23,12,1,ValidHit,commercial,C2,-79.9046936,4.59805012,51.7294998,32.5861092,0.0109999999,-50.1170807,1.598634,38.8626595,-0.914111972,0.0920450017,0.394852996
69,Eye_ID2551343_Task69_1766046091020,Eye_ID2551343_Task69_1766046091020.csv,1047.02,1382,23,12,1,ValidHit,commercial,C6,-64.603775,2.57739902,48.914093,17.6611786,0.0109999999,-50.1136513,1.59822297,38.8644791,-0.820445001,0.0554420017,0.56901902
69,Eye_ID2551343_Task69_1766046091020,Eye_ID2551343_Task69_1766046091020.csv,1047.0309999999999,1383,23,12,1,ValidHit,commercial,C6,-59.0211143,1.2303791,51.4133072,15.3934431,0.0120000001,-50.1087608,1.59805703,38.8676796,-0.578962028,-0.0238850005,0.814985991
69,Eye_ID2551343_Task69_1766046091020,Eye_ID2551343_Task69_1766046091020.csv,1047.0429999999999,1384,23,12,1,ValidHit,commercial,C6,-58.8297043,1.18156838,51.5204544,15.371747,0.0109999999,-50.1060104,1.59776497,38.8707695,-0.567506015,-0.0270750001,0.822905004
69,Eye_ID2551343_Task69_1766046091020,Eye_ID2551343_Task69_1766046091020.csv,1047.0540000000001,1385,23,12,1,ValidHit,commercial,C6,-57.47612,0.432082951,52.2781448,15.3365974,0.0109999999,-50.0833817,1.601004,38.89188,-0.482028008,-0.0762170032,0.872823
69,Eye_ID2551343_Task69_1766046091020,Eye_ID2551343_Task69_1766046091020.csv,1047.0650000000001,1386,23,12,1,ValidHit,ground,ground,-51.3003654,-2.7830909E-14,43.2211533,4.76353931,0.0109999999,-50.0569382,1.60483801,38.9118996,-0.261025995,-0.336894989,0.904618979
69,Eye_ID2551343_Task69_1766046091020,Eye_ID2551343_Task69_1766046091020.csv,1047.076,1387,23,12,1,ValidHit,commercial,C6,-58.2178879,1.09612191,51.8629303,15.3214865,0.0109999999,-50.0977592,1.59741795,38.8798599,-0.529974997,-0.0327179991,0.847364008
69,Eye_ID2551343_Task69_1766046091020,Eye_ID2551343_Task69_1766046091020.csv,1047.087,1388,23,12,1,ValidHit,commercial,C6,-58.0015564,1.08767509,51.984024,15.3105373,0.0109999999,-50.0950699,1.59756994,38.8828812,-0.51639998,-0.033303,0.855681002
69,Eye_ID2551343_Task69_1766046091020,Eye_ID2551343_Task69_1766046091020.csv,1047.098,1389,23,12,1,ValidHit,commercial,C6,-56.6301003,0.372364283,52.7517242,15.3728447,0.0120000001,-50.0712814,1.60102105,38.9026604,-0.426645011,-0.0799229965,0.900869012
69,Eye_ID2551343_Task69_1766046091020,Eye_ID2551343_Task69_1766046091020.csv,1047.1099999999999,1390,23,12,1,ValidHit,ground,ground,-52.1270409,-2.84736224E-14,44.2192841,5.9155879,0.00999999978,-50.0433884,1.60517299,38.9206009,-0.352227986,-0.271344006,0.895707011
69,Eye_ID2551343_Task69_1766046091020,Eye_ID2551343_Task69_1766046091020.csv,1047.1199999999999,1391,23,12,1,ValidHit,ground,ground,-52.0357018,-2.85027434E-14,44.2645035,5.92400837,0.0109999999,-50.0401802,1.60536098,38.9227295,-0.336849988,-0.270990014,0.90170902
69,Eye_ID2551343_Task69_1766046091020,Eye_ID2551343_Task69_1766046091020.csv,1047.1310000000001,1392,23,12,1,ValidHit,entrance,E2,-45.0819702,0.967553914,77.2426605,38.6612473,0.0120000001,-50.0700798,1.60036695,38.9097786,0.129020005,-0.0163679998,0.991499007
69,Eye_ID2551343_Task69_1766046091020,Eye_ID2551343_Task69_1766046091020.csv,1047.143,1393,23,12,1,ValidHit,entrance,E2,-38.6534309,3.97982502,77.2426605,40.0802155,0.0109999999,-50.0883293,1.597278,38.9022102,0.28529799,0.0594439991,0.95658499
69,Eye_ID2551343_Task69_1766046091020,Eye_ID2551343_Task69_1766046091020.csv,1047.154,1394,23,12,1,ValidHit,signage,HS-02,-45.7284737,3.88226986,59.6063919,21.2776604,0.0109999999,-50.0856094,1.59747195,38.9053307,0.204772994,0.107378997,0.972890973
69,Eye_ID2551343_Task69_1766046091020,Eye_ID2551343_Task69_1766046091020.csv,1047.165,1395,23,12,1,ValidHit,signage,HS-02,-45.2938385,3.86236072,59.6352577,21.3932629,0.0109999999,-50.0827713,1.59745204,38.9082718,0.223849997,0.105869003,0.96884501
69,Eye_ID2551343_Task69_1766046091020,Eye_ID2551343_Task69_1766046091020.csv,1047.1759999999999,1396,23,12,1,ValidHit,signage,HS-02,-45.4980965,4.32773638,59.6216927,21.3854523,0.0109999999,-50.0798607,1.59743297,38.9120216,0.214245006,0.127670005,0.968392015
69,Eye_ID2551343_Task69_1766046091020,Eye_ID2551343_Task69_1766046091020.csv,1047.1869999999999,1397,23,12,1,ValidHit,signage,HS-02,-50.230854,3.80433464,59.3073425,20.5131931,0.0109999999,-50.0760994,1.59757996,38.9137802,-0.00754400017,0.107577004,0.994165003
69,Eye_ID2551343_Task69_1766046091020,Eye_ID2551343_Task69_1766046091020.csv,1047.1980000000001,1398,23,12,1,ValidHit,signage,HS-02,-49.7677078,3.79095078,59.3381042,20.5411701,0.0109999999,-50.0732803,1.59747601,38.9166718,0.0148759997,0.106784001,0.994167984
69,Eye_ID2551343_Task69_1766046091020,Eye_ID2551343_Task69_1766046091020.csv,1047.2090000000001,1399,23,12,1,ValidHit,signage,HS-02,-43.2859955,3.81540132,59.7686195,22.0370483,0.0109999999,-50.0714302,1.59714997,38.9199104,0.307906985,0.100658998,0.946065009
69,Eye_ID2551343_Task69_1766046091020,Eye_ID2551343_Task69_1766046091020.csv,1047.22,1400,23,12,1,ValidHit,signage,HS-02,-43.4273872,4.30721283,59.7592278,22.0355701,0.0109999999,-50.0685196,1.59730101,38.9237289,0.301380008,0.122978002,0.945532024
69,Eye_ID2551343_Task69_1766046091020,Eye_ID2551343_Task69_1766046091020.csv,1047.231,1401,23,12,1,ValidHit,signage,HS-02,-49.4497566,3.79984713,59.3592224,20.561636,0.0120000001,-50.0650215,1.59744799,38.9251404,0.0299229994,0.107111998,0.993795991
69,Eye_ID2551343_Task69_1766046091020,Eye_ID2551343_Task69_1766046091020.csv,1047.2429999999999,1402,23,12,1,ValidHit,signage,HS-02,-48.9385109,3.79152513,59.3931808,20.6131134,0.0109999999,-50.0624809,1.59746301,38.928009,0.0545269996,0.10644,0.992821991
69,Eye_ID2551343_Task69_1766046091020,Eye_ID2551343_Task69_1766046091020.csv,1047.2539999999999,1403,23,12,1,ValidHit,signage,HS-02,-49.9889755,3.87760091,59.3234062,20.5203438,0.0109999999,-50.0596695,1.59759402,38.9302483,0.00344499992,0.111107998,0.993788004
69,Eye_ID2551343_Task69_1766046091020,Eye_ID2551343_Task69_1766046091020.csv,1047.2650000000001,1404,23,12,1,ValidHit,signage,HS-02,-44.8755341,3.23680925,59.663044,21.4297485,0.0109999999,-50.0573082,1.59755003,38.9339294,0.241800994,0.0764940009,0.967297971
69,Eye_ID2551343_Task69_1766046091020,Eye_ID2551343_Task69_1766046091020.csv,1047.2760000000001,1405,23,12,0,InvalidGaze,,,0,0,0,0,0.0109999999,0,0,0,0,0,0
69,Eye_ID2551343_Task69_1766046091020,Eye_ID2551343_Task69_1766046091020.csv,1047.287,1406,23,12,0,InvalidGaze,,,0,0,0,0,0.0109999999,0,0,0,0,0,0
69,Eye_ID2551343_Task69_1766046091020,Eye_ID2551343_Task69_1766046091020.csv,1047.298,1407,23,12,0,InvalidGaze,,,0,0,0,0,0.0109999999,0,0,0,0,0,0
69,Eye_ID2551343_Task69_1766046091020,Eye_ID2551343_Task69_1766046091020.csv,1047.309,1408,23,12,1,ValidHit,signage,HS-02,-42.4753685,3.22957706,59.8224602,22.268322,0.0109999999,-50.0482597,1.59832203,38.9449997,0.340072006,0.0732539967,0.937533975
69,Eye_ID2551343_Task69_1766046091020,Eye_ID2551343_Task69_1766046091020.csv,1047.3199999999999,1409,23,12,1,ValidHit,signage,HS-02,-41.8167572,3.24473834,59.8662071,22.5393391,0.0109999999,-50.04636,1.598701,38.9476509,0.36511901,0.0730289966,0.928084016
69,Eye_ID2551343_Task69_1766046091020,Eye_ID2551343_Task69_1766046091020.csv,1047.3309999999999,1410,23,12,0,InvalidGaze,,,0,0,0,0,0.0120000001,0,0,0,0,0,0
69,Eye_ID2551343_Task69_1766046091020,Eye_ID2551343_Task69_1766046091020.csv,1047.3430000000001,1411,23,12,0,InvalidGaze,,,0,0,0,0,0.0109999999,0,0,0,0,0,0
69,Eye_ID2551343_Task69_1766046091020,Eye_ID2551343_Task69_1766046091020.csv,1047.354,1412,23,12,1,ValidHit,roof,roof,-33.4616852,11.0000019,67.8044128,34.5431137,0.0109999999,-49.9847412,1.60494804,38.9608917,0.478325009,0.271977007,0.834990025
69,Eye_ID2551343_Task69_1766046091020,Eye_ID2551343_Task69_1766046091020.csv,1047.365,1413,23,12,1,ValidHit,roof,roof,-32.5646629,11.000001,67.5507202,34.7704659,0.0109999999,-49.9829788,1.60496795,38.9618912,0.500944972,0.270197988,0.822205007
69,Eye_ID2551343_Task69_1766046091020,Eye_ID2551343_Task69_1766046091020.csv,1047.376,1414,23,12,1,ValidHit,commercial,C5,-44.884758,0.782500148,41.9986877,5.98663616,0.0109999999,-49.9797592,1.60580897,38.9650497,0.851046979,-0.137521997,0.506726027
69,Eye_ID2551343_Task69_1766046091020,Eye_ID2551343_Task69_1766046091020.csv,1047.3869999999999,1415,23,12,1,ValidHit,ground,ground,-43.8868103,-2.95802743E-14,45.9379005,9.39886951,0.0109999999,-49.9781494,1.60584497,38.9625397,0.648087978,-0.170854002,0.742143989
69,Eye_ID2551343_Task69_1766046091020,Eye_ID2551343_Task69_1766046091020.csv,1047.3979999999999,1416,23,12,1,ValidHit,ground,ground,-43.8124886,-2.94009507E-14,45.6594162,9.24217701,0.0109999999,-49.9769783,1.60562599,38.9632301,0.666990995,-0.173727006,0.724520028
69,Eye_ID2551343_Task69_1766046091020,Eye_ID2551343_Task69_1766046091020.csv,1047.4090000000001,1417,23,12,1,ValidHit,commercial,C5,-44.3325882,1.85156739,43.4092255,7.23197317,0.0109999999,-50.0349312,1.60023999,38.9683304,0.788487017,0.0347520001,0.614060998
69,Eye_ID2551343_Task69_1766046091020,Eye_ID2551343_Task69_1766046091020.csv,1047.4200000000001,1418,23,12,1,ValidHit,commercial,C5,-45.2142487,0.813093424,41.1569977,5.29900169,0.0120000001,-49.9745407,1.605075,38.9679718,0.898320973,-0.149455994,0.413094014
69,Eye_ID2551343_Task69_1766046091020,Eye_ID2551343_Task69_1766046091020.csv,1047.432,1419,23,12,1,ValidHit,ground,ground,-43.4841652,-2.89576035E-14,44.9709015,8.98669052,0.0109999999,-49.9738808,1.60505104,38.965229,0.722141981,-0.178601995,0.668281019
69,Eye_ID2551343_Task69_1766046091020,Eye_ID2551343_Task69_1766046091020.csv,1047.443,1420,23,12,1,ValidHit,ground,ground,-43.3733292,-2.88193169E-14,44.7561417,8.92538166,0.0109999999,-49.9732399,1.60487497,38.9658089,0.739449978,-0.179809004,0.648743987
69,Eye_ID2551343_Task69_1766046091020,Eye_ID2551343_Task69_1766046091020.csv,1047.454,1421,23,12,1,ValidHit,commercial,C5,-44.7327194,1.94532967,42.3870773,6.3082633,0.0109999999,-50.028389,1.60007501,38.9766693,0.839473009,0.0547300018,0.540620029
69,Eye_ID2551343_Task69_1766046091020,Eye_ID2551343_Task69_1766046091020.csv,1047.4649999999999,1422,23,12,1,ValidHit,commercial,C4,-35.4944458,2.8392632,56.338726,22.6685448,0.0109999999,-50.0132713,1.60101104,38.9740105,0.640479982,0.0546239987,0.76602298
69,Eye_ID2551343_Task69_1766046091020,Eye_ID2551343_Task69_1766046091020.csv,1047.4760000000001,1423,23,12,1,ValidHit,commercial,C4,-34.9842911,2.83508348,56.0125275,22.7517834,0.0109999999,-50.01297,1.60070097,38.9755402,0.660546005,0.0542539991,0.748816013
69,Eye_ID2551343_Task69_1766046091020,Eye_ID2551343_Task69_1766046091020.csv,1047.4870000000001,1424,23,12,1,ValidHit,commercial,C4,-33.7913437,4.55484486,55.2497444,23.1714668,0.0120000001,-50.0247917,1.599563,38.9814186,0.700574994,0.127538994,0.702080011
69,Eye_ID2551343_Task69_1766046091020,Eye_ID2551343_Task69_1766046091020.csv,1047.499,1425,23,12,1,ValidHit,commercial,C5,-45.3961868,1.72932458,40.5422478,4.87541342,0.00999999978,-50.0135307,1.60024095,38.9824104,0.947054982,0.0264759995,0.319934994
69,Eye_ID2551343_Task69_1766046091020,Eye_ID2551343_Task69_1766046091020.csv,1047.509,1426,23,12,1,ValidHit,commercial,C5,-45.3947754,1.66859066,40.3438873,4.81775618,0.0109999999,-50.01651,1.59971499,38.9853592,0.959299028,0.0142959999,0.281980008
69,Eye_ID2551343_Task69_1766046091020,Eye_ID2551343_Task69_1766046091020.csv,1047.52,1427,23,12,1,ValidHit,commercial,C5,-45.3938484,1.66282332,40.2136078,4.78291464,0.0109999999,-50.0163498,1.59944403,38.9869194,0.966445982,0.0132510001,0.256469011
69,Eye_ID2551343_Task69_1766046091020,Eye_ID2551343_Task69_1766046091020.csv,1047.5309999999999,1428,23,12,1,ValidHit,commercial,C5,-44.2302475,2.53896737,43.6706543,7.50845242,0.0109999999,-50.0241203,1.598557,38.9883995,0.771642029,0.125246003,0.623593986
69,Eye_ID2551343_Task69_1766046091020,Eye_ID2551343_Task69_1766046091020.csv,1047.5419999999999,1429,23,12,1,ValidHit,commercial,C5,-45.3924522,1.70298338,40.0164032,4.73498106,0.0120000001,-50.013279,1.59908199,38.9882011,0.975878,0.0219429992,0.217148006
69,Eye_ID2551343_Task69_1766046091020,Eye_ID2551343_Task69_1766046091020.csv,1047.5540000000001,1430,23,12,1,ValidHit,commercial,C5,-45.3915367,1.69575524,39.8872757,4.7093873,0.0109999999,-50.0135384,1.59854305,38.9895096,0.981431007,0.0206419993,0.190630004
69,Eye_ID2551343_Task69_1766046091020,Eye_ID2551343_Task69_1766046091020.csv,1047.5650000000001,1431,23,12,1,ValidHit,commercial,C5,-45.336113,2.23144674,40.8456955,5.07512999,0.0109999999,-50.0165482,1.59788597,38.9885216,0.922218978,0.124834999,0.365931988
69,Eye_ID2551343_Task69_1766046091020,Eye_ID2551343_Task69_1766046091020.csv,1047.576,1432,23,12,1,ValidHit,commercial,C5,-45.0903358,2.26492929,41.4735374,5.55535316,0.0109999999,-50.0147209,1.59712195,38.9903107,0.886408985,0.120208003,0.446990997
69,Eye_ID2551343_Task69_1766046091020,Eye_ID2551343_Task69_1766046091020.csv,1047.587,1433,23,12,1,ValidHit,commercial,C5,-45.2417755,2.40249705,41.086689,5.28219366,0.0109999999,-50.026371,1.59560704,38.9990807,0.905794024,0.152756006,0.395215005
69,Eye_ID2551343_Task69_1766046091020,Eye_ID2551343_Task69_1766046091020.csv,1047.598,1434,23,12,1,ValidHit,commercial,C5,-45.3173943,2.36579561,40.8935242,5.13365173,0.0109999999,-50.0265808,1.59482598,39.0004997,0.917313993,0.150178999,0.368746012
69,Eye_ID2551343_Task69_1766046091020,Eye_ID2551343_Task69_1766046091020.csv,1047.6089999999999,1435,23,12,1,ValidHit,commercial,C5,-45.079422,2.52949476,41.5014114,5.62212515,0.0109999999,-50.0275803,1.59425402,39.0015411,0.880105972,0.166346997,0.444640994
69,Eye_ID2551343_Task69_1766046091020,Eye_ID2551343_Task69_1766046091020.csv,1047.6199999999999,1436,23,12,1,ValidHit,commercial,C4,-35.9207458,5.15217304,58.9507523,24.6971302,0.0109999999,-50.0325813,1.59443605,38.9971313,0.571393013,0.144053996,0.807928979
69,Eye_ID2551343_Task69_1766046091020,Eye_ID2551343_Task69_1766046091020.csv,1047.6310000000001,1437,23,12,1,ValidHit,commercial,C4,-35.9532967,4.94506407,57.5945473,23.5639648,0.0109999999,-50.0326004,1.59414005,38.9987183,0.597491026,0.142205,0.789161026
69,Eye_ID2551343_Task69_1766046091020,Eye_ID2551343_Task69_1766046091020.csv,1047.6420000000001,1438,23,12,1,ValidHit,commercial,C5,-45.3938179,2.28831625,40.2089157,4.83577156,0.0120000001,-50.0258408,1.59365499,39.0062103,0.957862973,0.143649995,0.248708993
69,Eye_ID2551343_Task69_1766046091020,Eye_ID2551343_Task69_1766046091020.csv,1047.654,1439,23,12,1,ValidHit,commercial,C5,-45.3967628,2.397223,40.6240997,4.96921301,0.0109999999,-50.0264091,1.59378099,39.0073318,0.931649029,0.161680996,0.325351
69,Eye_ID2551343_Task69_1766046091020,Eye_ID2551343_Task69_1766046091020.csv,1047.665,1440,23,12,1,ValidHit,commercial,C4,-35.6154861,4.53079319,56.4161224,22.7965088,0.0109999999,-50.0320396,1.59468603,39.0028191,0.632399976,0.128795996,0.763855994
69,Eye_ID2551343_Task69_1766046091020,Eye_ID2551343_Task69_1766046091020.csv,1047.6759999999999,1441,23,12,1,ValidHit,commercial,C4,-34.9467163,4.57161474,55.9884987,22.9104023,0.0109999999,-50.0316086,1.59458303,39.0041008,0.658428013,0.129942,0.741338015
69,Eye_ID2551343_Task69_1766046091020,Eye_ID2551343_Task69_1766046091020.csv,1047.6869999999999,1442,23,12,1,ValidHit,signage,SS-01,-36.6841698,4.05084372,51.6883316,18.5737228,0.0109999999,-50.0296288,1.59430695,39.0057716,0.718509018,0.132257998,0.682819009
69,Eye_ID2551343_Task69_1766046091020,Eye_ID2551343_Task69_1766046091020.csv,1047.6980000000001,1443,23,12,1,ValidHit,commercial,C5,-45.3948822,2.21815777,40.3585434,4.8640728,0.0109999999,-50.0263596,1.59304798,39.0102692,0.952169001,0.128514007,0.277186006
69,Eye_ID2551343_Task69_1766046091020,Eye_ID2551343_Task69_1766046091020.csv,1047.7090000000001,1444,23,12,1,ValidHit,commercial,C5,-45.3936691,2.20630407,40.1879959,4.8184433,0.0109999999,-50.0256004,1.59229696,39.0108795,0.961279988,0.127426997,0.244290993
69,Eye_ID2551343_Task69_1766046091020,Eye_ID2551343_Task69_1766046091020.csv,1047.72,1445,23,12,1,ValidHit,commercial,C5,-45.3913231,1.71351385,39.8573227,4.69613218,0.0109999999,-50.004921,1.59310699,38.9890594,0.982406974,0.0256389994,0.184885994
69,Eye_ID2551343_Task69_1766046091020,Eye_ID2551343_Task69_1766046091020.csv,1047.731,1446,23,12,1,ValidHit,commercial,C5,-45.3803902,2.10262156,38.3167801,4.72941351,0.0109999999,-50.0308495,1.59117997,39.0089111,0.983290017,0.108139001,-0.146342993
69,Eye_ID2551343_Task69_1766046091020,Eye_ID2551343_Task69_1766046091020.csv,1047.742,1447,23,12,1,ValidHit,commercial,C5,-45.3902359,2.16909647,39.7040024,4.71999741,0.0120000001,-50.0228882,1.58902502,39.0108795,0.981482029,0.122895002,0.146846995
69,Eye_ID2551343_Task69_1766046091020,Eye_ID2551343_Task69_1766046091020.csv,1047.7539999999999,1448,23,12,1,ValidHit,commercial,C5,-45.389164,2.15649867,39.5527039,4.69925213,0.0109999999,-50.0222206,1.58780706,39.0101814,0.985900998,0.121016003,0.115447
69,Eye_ID2551343_Task69_1766046091020,Eye_ID2551343_Task69_1766046091020.csv,1047.7650000000001,1449,23,12,1,ValidHit,commercial,C5,-45.3869171,1.68175757,39.2360229,4.62500334,0.0109999999,-50.0041885,1.58947301,38.9851685,0.99831003,0.0199529994,0.0542370006
69,Eye_ID2551343_Task69_1766046091020,Eye_ID2551343_Task69_1766046091020.csv,1047.7760000000001,1450,23,12,1,ValidHit,commercial,C5,-44.9501724,2.34351778,36.8167725,5.57855368,0.0109999999,-50.0241089,1.58692598,39.0083389,0.909529984,0.135622993,-0.392850012
69,Eye_ID2551343_Task69_1766046091020,Eye_ID2551343_Task69_1766046091020.csv,1047.787,1451,23,12,1,ValidHit,commercial,C5,-44.8687439,2.37322211,36.6025772,5.74183369,0.0109999999,-50.0230789,1.58661902,39.0073013,0.897668004,0.136993006,-0.418801993
69,Eye_ID2551343_Task69_1766046091020,Eye_ID2551343_Task69_1766046091020.csv,1047.798,1452,23,12,1,ValidHit,commercial,C5,-44.6951904,2.85047054,36.1460419,6.17492342,0.0109999999,-50.0194702,1.58580399,39.0065117,0.86223501,0.204805002,-0.463236004
69,Eye_ID2551343_Task69_1766046091020,Eye_ID2551343_Task69_1766046091020.csv,1047.809,1453,23,12,1,ValidHit,commercial,C5,-45.3400497,2.35631371,37.8423538,4.8819499,0.0109999999,-50.0185699,1.58553505,39.0045891,0.958321989,0.157882005,-0.238066003
69,Eye_ID2551343_Task69_1766046091020,Eye_ID2551343_Task69_1766046091020.csv,1047.8199999999999,1454,23,12,1,ValidHit,commercial,C5,-45.3801727,2.30339003,38.2852898,4.74618483,0.0109999999,-50.0167809,1.58574104,39.0015907,0.976903975,0.151204005,-0.150921002
69,Eye_ID2551343_Task69_1766046091020,Eye_ID2551343_Task69_1766046091020.csv,1047.8309999999999,1455,23,12,1,ValidHit,commercial,C5,-45.3793526,2.29833341,38.1700478,4.76417208,0.0109999999,-50.0163689,1.58580697,38.9993401,0.973300993,0.149557993,-0.174067006
69,Eye_ID2551343_Task69_1766046091020,Eye_ID2551343_Task69_1766046091020.csv,1047.8420000000001,1456,23,12,1,ValidHit,commercial,C5,-45.2369003,1.51090908,41.0991364,5.22704792,0.0109999999,-50.0090103,1.59045506,38.9677811,0.912954986,-0.0152179999,0.407750994
69,Eye_ID2551343_Task69_1766046091020,Eye_ID2551343_Task69_1766046091020.csv,1047.8530000000001,1457,23,12,1,ValidHit,commercial,C5,-45.1269989,2.39783287,37.2819176,5.24446964,0.0120000001,-50.0166206,1.58617103,38.9957619,0.932331026,0.154763997,-0.326788008
69,Eye_ID2551343_Task69_1766046091020,Eye_ID2551343_Task69_1766046091020.csv,1047.865,1458,23,12,1,ValidHit,commercial,C5,-45.3389969,2.30044508,37.8395844,4.86898279,0.0109999999,-50.0156097,1.58710301,38.9917412,0.960480988,0.146505997,-0.236628994
69,Eye_ID2551343_Task69_1766046091020,Eye_ID2551343_Task69_1766046091020.csv,1047.876,1459,23,12,1,ValidHit,commercial,C5,-45.2987442,2.31124902,37.733696,4.93429565,0.0109999999,-50.0154991,1.58795297,38.9892197,0.955902994,0.146584004,-0.254446
69,Eye_ID2551343_Task69_1766046091020,Eye_ID2551343_Task69_1766046091020.csv,1047.8869999999999,1460,23,12,1,ValidHit,commercial,C5,-45.2041855,1.22381854,41.1827049,5.31049967,0.0109999999,-50.0114708,1.59382606,38.9568291,0.905232012,-0.0696740001,0.419142008
69,Eye_ID2551343_Task69_1766046091020,Eye_ID2551343_Task69_1766046091020.csv,1047.8979999999999,1461,23,12,1,ValidHit,commercial,C5,-44.6059341,0.889064968,42.7109528,6.61865902,0.0109999999,-50.0096817,1.59455502,38.9548302,0.816433012,-0.106590003,0.567498982
69,Eye_ID2551343_Task69_1766046091020,Eye_ID2551343_Task69_1766046091020.csv,1047.9090000000001,1462,23,12,1,ValidHit,commercial,C5,-44.6489029,0.941479862,42.6011848,6.51829815,0.0109999999,-50.01054,1.595487,38.9524384,0.822543025,-0.100332998,0.559764028
69,Eye_ID2551343_Task69_1766046091020,Eye_ID2551343_Task69_1766046091020.csv,1047.9200000000001,1463,23,12,1,ValidHit,ground,ground,-39.8662796,-3.115974E-14,48.3907967,13.9489832,0.0109999999,-50.0103302,1.59617996,38.9502106,0.727213025,-0.114427999,0.676783025
69,Eye_ID2551343_Task69_1766046091020,Eye_ID2551343_Task69_1766046091020.csv,1047.931,1464,23,12,1,ValidHit,commercial,C4,-34.378109,4.02269888,55.6249237,22.9845963,0.0109999999,-50.0149994,1.59656596,38.9547997,0.680315971,0.105554,0.72526902
69,Eye_ID2551343_Task69_1766046091020,Eye_ID2551343_Task69_1766046091020.csv,1047.942,1465,23,12,1,ValidHit,commercial,C4,-34.3165741,4.15202045,55.5855827,23.014286,0.0109999999,-50.0161591,1.597278,38.9526711,0.682161987,0.111005999,0.722715974
69,Eye_ID2551343_Task69_1766046091020,Eye_ID2551343_Task69_1766046091020.csv,1047.953,1466,23,12,1,ValidHit,commercial,C5,-45.3966141,3.27829361,40.6033669,5.18743515,0.0120000001,-50.0248604,1.59712005,38.9716492,0.89218998,0.324081004,0.314547002
69,Eye_ID2551343_Task69_1766046091020,Eye_ID2551343_Task69_1766046091020.csv,1047.9649999999999,1467,23,12,1,ValidHit,ground,ground,-37.0543289,-3.27638104E-14,50.8819046,17.6947079,0.0109999999,-50.0152397,1.59937894,38.9420891,0.732463002,-0.0903860033,0.674757004
69,Eye_ID2551343_Task69_1766046091020,Eye_ID2551343_Task69_1766046091020.csv,1047.9760000000001,1468,23,12,1,ValidHit,commercial,C4,-34.4958687,4.62451935,55.7002258,23.0391083,0.0109999999,-50.0200691,1.600155,38.9475212,0.673815012,0.131270006,0.727137029
69,Eye_ID2551343_Task69_1766046091020,Eye_ID2551343_Task69_1766046091020.csv,1047.9870000000001,1469,23,12,1,ValidHit,commercial,C4,-34.6774597,4.86981964,55.8163338,23.0373192,0.0109999999,-50.0213394,1.60140204,38.9462204,0.666040003,0.141874,0.73229003
69,Eye_ID2551343_Task69_1766046091020,Eye_ID2551343_Task69_1766046091020.csv,1047.998,1470,23,12,1,ValidHit,commercial,C5,-45.2779083,3.32168627,40.9943886,5.44683409,0.0109999999,-50.030899,1.60189903,38.9647598,0.872608006,0.315737993,0.372622013
69,Eye_ID2551343_Task69_1766046091020,Eye_ID2551343_Task69_1766046091020.csv,1048.009,1471,23,12,1,ValidHit,commercial,C5,-45.2293129,3.26296377,41.1185303,5.52167034,0.0109999999,-50.0344391,1.60297,38.9635391,0.870217979,0.300628006,0.390273005
69,Eye_ID2551343_Task69_1766046091020,Eye_ID2551343_Task69_1766046091020.csv,1048.02,1472,23,12,1,ValidHit,commercial,C5,-45.1890793,3.35761738,41.2212982,5.62780476,0.0109999999,-50.0362396,1.60406804,38.962471,0.861275017,0.311581999,0.401362985
69,Eye_ID2551343_Task69_1766046091020,Eye_ID2551343_Task69_1766046091020.csv,1048.0309999999999,1473,23,12,1,ValidHit,commercial,C5,-45.0435066,3.69604659,41.5931702,6.0208354,0.0109999999,-50.0384598,1.60478306,38.9611511,0.829604983,0.347335011,0.437148005
69,Eye_ID2551343_Task69_1766046091020,Eye_ID2551343_Task69_1766046091020.csv,1048.0419999999999,1474,23,12,1,ValidHit,commercial,C5,-44.8088417,3.60363364,42.1926193,6.46554089,0.0109999999,-50.0397797,1.60529101,38.9604111,0.809041023,0.309073001,0.499908
69,Eye_ID2551343_Task69_1766046091020,Eye_ID2551343_Task69_1766046091020.csv,1048.0530000000001,1475,23,12,1,ValidHit,ground,ground,-48.0297852,-2.98726972E-14,46.3920288,7.90789509,0.0109999999,-50.0085411,1.61012399,38.9069214,0.250223994,-0.203608006,0.946528018
69,Eye_ID2551343_Task69_1766046091020,Eye_ID2551343_Task69_1766046091020.csv,1048.0640000000001,1476,23,12,1,ValidHit,ground,ground,-48.193737,-3.00042211E-14,46.596283,8.06330872,0.0109999999,-50.0102005,1.61088502,38.9071693,0.225272998,-0.199778005,0.953585029
69,Eye_ID2551343_Task69_1766046091020,Eye_ID2551343_Task69_1766046091020.csv,1048.075,1477,23,12,1,ValidHit,ground,ground,-49.153759,-2.68916884E-14,41.7625504,3.38855433,0.0109999999,-50.010891,1.61178696,38.9077682,0.252943993,-0.475647002,0.84246099
69,Eye_ID2551343_Task69_1766046091020,Eye_ID2551343_Task69_1766046091020.csv,1048.086,1478,23,12,0,InvalidGaze,,,0,0,0,0,0.0120000001,0,0,0,0,0,0
69,Eye_ID2551343_Task69_1766046091020,Eye_ID2551343_Task69_1766046091020.csv,1048.098,1479,23,12,1,ValidHit,ground,ground,-48.8992195,-3.0391925E-14,47.1983871,8.51806164,0.0109999999,-50.0156288,1.61295903,38.9092789,0.131062999,-0.189355999,0.973114014
69,Eye_ID2551343_Task69_1766046091020,Eye_ID2551343_Task69_1766046091020.csv,1048.1089999999999,1480,23,12,1,ValidHit,ground,ground,-49.1648369,-3.05501745E-14,47.4441452,8.72713184,0.0109999999,-50.0174904,1.61373794,38.9099998,0.0977009982,-0.184909001,0.977878988
69,Eye_ID2551343_Task69_1766046091020,Eye_ID2551343_Task69_1766046091020.csv,1048.1199999999999,1481,23,12,1,ValidHit,ground,ground,-49.5122299,-2.70414133E-14,41.9950752,3.51791477,0.0109999999,-50.0186386,1.61486304,38.9109993,0.143949002,-0.459030986,0.876658976
69,Eye_ID2551343_Task69_1766046091020,Eye_ID2551343_Task69_1766046091020.csv,1048.1310000000001,1482,23,12,0,InvalidGaze,,,0,0,0,0,0.0109999999,0,0,0,0,0,0
69,Eye_ID2551343_Task69_1766046091020,Eye_ID2551343_Task69_1766046091020.csv,1048.1420000000001,1483,23,12,0,InvalidGaze,,,0,0,0,0,0.0109999999,0,0,0,0,0,0
69,Eye_ID2551343_Task69_1766046091020,Eye_ID2551343_Task69_1766046091020.csv,1048.153,1484,23,12,0,InvalidGaze,,,0,0,0,0,0.0109999999,0,0,0,0,0,0
69,Eye_ID2551343_Task69_1766046091020,Eye_ID2551343_Task69_1766046091020.csv,1048.164,1485,23,12,1,ValidHit,ground,ground,-48.3637466,-2.90032789E-14,45.0418358,6.56767702,0.0120000001,-50.0386581,1.61662304,38.9005318,0.255019009,-0.246143997,0.935063004
69,Eye_ID2551343_Task69_1766046091020,Eye_ID2551343_Task69_1766046091020.csv,1048.1759999999999,1486,23,12,0,InvalidGaze,,,0,0,0,0,0.0109999999,0,0,0,0,0,0
69,Eye_ID2551343_Task69_1766046091020,Eye_ID2551343_Task69_1766046091020.csv,1048.1869999999999,1487,23,12,0,InvalidGaze,,,0,0,0,0,0.0109999999,0,0,0,0,0,0
69,Eye_ID2551343_Task69_1766046091020,Eye_ID2551343_Task69_1766046091020.csv,1048.1980000000001,1488,23,12,0,InvalidGaze,,,0,0,0,0,0.0109999999,0,0,0,0,0,0
69,Eye_ID2551343_Task69_1766046091020,Eye_ID2551343_Task69_1766046091020.csv,1048.2090000000001,1489,23,12,1,ValidHit,entrance,E2,-50.2968063,10.8875618,77.2426605,39.4271889,0.0109999999,-50.0697899,1.61654902,38.9216499,-0.00575800007,0.235139996,0.971933007
69,Eye_ID2551343_Task69_1766046091020,Eye_ID2551343_Task69_1766046091020.csv,1048.22,1490,23,12,1,ValidHit,roof,roof,-46.2234726,11.000001,62.7604675,25.8932209,0.0109999999,-50.0960808,1.61454904,38.9408302,0.149560004,0.362466007,0.919914007
69,Eye_ID2551343_Task69_1766046091020,Eye_ID2551343_Task69_1766046091020.csv,1048.231,1491,23,12,1,ValidHit,roof,roof,-47.1099243,11,62.3511925,25.4000473,0.0109999999,-50.0994415,1.61523104,38.9385605,0.117697001,0.369477004,0.921751976
69,Eye_ID2551343_Task69_1766046091020,Eye_ID2551343_Task69_1766046091020.csv,1048.242,1492,23,12,1,ValidHit,roof,roof,-41.0849724,11.000001,65.6073685,29.6769505,0.0109999999,-50.1027603,1.61558604,38.9365311,0.303862989,0.316217005,0.898699999
69,Eye_ID2551343_Task69_1766046091020,Eye_ID2551343_Task69_1766046091020.csv,1048.2529999999999,1493,23,12,1,ValidHit,commercial,C6,-56.2564163,6.40402174,52.9609032,16.0489388,0.0109999999,-50.1064186,1.61607695,38.931591,-0.383199006,0.298330992,0.874149024
69,Eye_ID2551343_Task69_1766046091020,Eye_ID2551343_Task69_1766046091020.csv,1048.2639999999999,1494,23,12,1,ValidHit,commercial,C6,-56.647316,6.4964304,52.7420921,16.0422306,0.0120000001,-50.1092796,1.61657298,38.9292603,-0.407546997,0.304185003,0.861020029
69,Eye_ID2551343_Task69_1766046091020,Eye_ID2551343_Task69_1766046091020.csv,1048.2760000000001,1495,23,12,1,ValidHit,roof,roof,-49.9033699,11,60.820282,23.8185158,0.00999999978,-50.1115494,1.61706197,38.9287605,0.00874000043,0.393932998,0.919093013
69,Eye_ID2551343_Task69_1766046091020,Eye_ID2551343_Task69_1766046091020.csv,1048.2860000000001,1496,23,12,1,ValidHit,roof,roof,-44.4629631,11.000001,64.2888412,27.6262665,0.0109999999,-50.11409,1.61723006,38.9266815,0.204555005,0.339630008,0.918039024
69,Eye_ID2551343_Task69_1766046091020,Eye_ID2551343_Task69_1766046091020.csv,1048.297,1497,23,12,0,InvalidGaze,,,0,0,0,0,0.0120000001,0,0,0,0,0,0
69,Eye_ID2551343_Task69_1766046091020,Eye_ID2551343_Task69_1766046091020.csv,1048.309,1498,23,12,0,InvalidGaze,,,0,0,0,0,0.0109999999,0,0,0,0,0,0
69,Eye_ID2551343_Task69_1766046091020,Eye_ID2551343_Task69_1766046091020.csv,1048.3199999999999,1499,23,12,1,ValidHit,roof,roof,-44.405262,11.0000019,58.1016502,22.1209507,0.0109999999,-50.1257591,1.61610603,38.9038696,0.258598,0.424203992,0.867846012
69,Eye_ID2551343_Task69_1766046091020,Eye_ID2551343_Task69_1766046091020.csv,1048.3309999999999,1500,23,12,1,ValidHit,roof,roof,-43.4844627,11.000001,56.9526062,21.4007034,0.0109999999,-50.1276398,1.61570895,38.9028587,0.310415,0.438499004,0.843409002
69,Eye_ID2551343_Task69_1766046091020,Eye_ID2551343_Task69_1766046091020.csv,1048.3420000000001,1501,23,12,1,ValidHit,roof,roof,-43.8219948,11.0000019,56.9449806,21.2942142,0.0109999999,-50.1290283,1.61579001,38.9005508,0.296182007,0.440688014,0.847377002
69,Eye_ID2551343_Task69_1766046091020,Eye_ID2551343_Task69_1766046091020.csv,1048.3530000000001,1502,23,12,1,ValidHit,roof,roof,-54.2447205,11.0000019,64.2243652,27.3075676,0.0109999999,-50.1270409,1.61706495,38.9121399,-0.150787994,0.343600005,0.926925004
69,Eye_ID2551343_Task69_1766046091020,Eye_ID2551343_Task69_1766046091020.csv,1048.364,1503,23,12,1,ValidHit,roof,roof,-45.6641846,11,57.8844376,21.6470222,0.0109999999,-50.1306686,1.61635494,38.8951988,0.206330001,0.433479995,0.877213001
69,Eye_ID2551343_Task69_1766046091020,Eye_ID2551343_Task69_1766046091020.csv,1048.375,1504,23,12,1,ValidHit,roof,roof,-44.6094856,11,56.7514877,20.914608,0.0109999999,-50.1319885,1.61613905,38.8946686,0.264046997,0.44867,0.853787005
69,Eye_ID2551343_Task69_1766046091020,Eye_ID2551343_Task69_1766046091020.csv,1048.386,1505,23,12,1,ValidHit,roof,roof,-44.8084183,11.0000019,56.6929169,20.8145142,0.0109999999,-50.132679,1.61629701,38.892849,0.255793005,0.450819999,0.855166018
69,Eye_ID2551343_Task69_1766046091020,Eye_ID2551343_Task69_1766046091020.csv,1048.3969999999999,1506,23,12,1,ValidHit,roof,roof,-50.256218,11.0000019,71.2655182,33.7032394,0.0120000001,-50.1015511,1.62091994,38.893959,-0.00458899979,0.278281987,0.960479975
69,Eye_ID2551343_Task69_1766046091020,Eye_ID2551343_Task69_1766046091020.csv,1048.4090000000001,1507,23,12,1,ValidHit,roof,roof,-52.5312614,11.000001,75.72509,38.0892944,0.0109999999,-50.1044312,1.62048602,38.8885689,-0.0637139976,0.246250004,0.967106998
69,Eye_ID2551343_Task69_1766046091020,Eye_ID2551343_Task69_1766046091020.csv,1048.4200000000001,1508,23,12,1,ValidHit,commercial,C6,-51.4461937,6.29820871,57.1709557,18.9202023,0.0109999999,-50.1049194,1.62079799,38.8871689,-0.0708910003,0.247217,0.966360986
69,Eye_ID2551343_Task69_1766046091020,Eye_ID2551343_Task69_1766046091020.csv,1048.431,1509,23,12,1,ValidHit,entrance,E2,-50.1973381,3.55485654,77.2426605,38.4206161,0.0109999999,-50.0834999,1.62265396,38.8708305,-0.00296299998,0.0502899997,0.998714983
69,Eye_ID2551343_Task69_1766046091020,Eye_ID2551343_Task69_1766046091020.csv,1048.442,1510,23,12,1,ValidHit,entrance,E2,-49.5245895,2.34560418,77.2426605,38.3762894,0.0109999999,-50.0786781,1.62423301,38.8771515,0.0144379996,0.0187970009,0.999701977
69,Eye_ID2551343_Task69_1766046091020,Eye_ID2551343_Task69_1766046091020.csv,1048.453,1511,23,12,1,ValidHit,entrance,E2,-38.5858345,10.7519102,77.2426605,41.0758057,0.0109999999,-50.1338882,1.61842,38.8963013,0.281138986,0.222356007,0.93354702
69,Eye_ID2551343_Task69_1766046091020,Eye_ID2551343_Task69_1766046091020.csv,1048.4639999999999,1512,23,12,1,ValidHit,entrance,E2,-38.7390862,10.7551785,77.2426605,41.0349579,0.0109999999,-50.1340599,1.61849701,38.894989,0.277687997,0.222654998,0.934508026
69,Eye_ID2551343_Task69_1766046091020,Eye_ID2551343_Task69_1766046091020.csv,1048.4749999999999,1513,23,12,1,ValidHit,entrance,E2,-50.8676186,3.73024321,77.2426605,38.441967,0.0109999999,-50.083931,1.622666,38.8665085,-0.0203859992,0.0548239984,0.998272002
69,Eye_ID2551343_Task69_1766046091020,Eye_ID2551343_Task69_1766046091020.csv,1048.4860000000001,1514,23,12,1,ValidHit,entrance,E2,-50.1150742,2.48526669,77.2426605,38.3792839,0.0120000001,-50.0788498,1.62421095,38.8730507,-0.000944000029,0.0224350002,0.999731004
69,Eye_ID2551343_Task69_1766046091020,Eye_ID2551343_Task69_1766046091020.csv,1048.498,1515,23,12,1,ValidHit,entrance,E2,-50.2086029,2.49274755,77.2426605,38.3805313,0.0109999999,-50.0787506,1.62418306,38.8721809,-0.00338299992,0.0226300005,0.999720991
69,Eye_ID2551343_Task69_1766046091020,Eye_ID2551343_Task69_1766046091020.csv,1048.509,1516,23,12,1,ValidHit,entrance,E2,-38.166935,10.9565582,77.2426605,41.2460938,0.0109999999,-50.1342888,1.61876094,38.8912811,0.290140986,0.226389006,0.929804981
69,Eye_ID2551343_Task69_1766046091020,Eye_ID2551343_Task69_1766046091020.csv,1048.52,1517,23,12,1,ValidHit,entrance,E2,-38.2997437,9.30971432,77.2426605,40.8667717,0.0109999999,-50.1332817,1.61869001,38.8902397,0.28955999,0.188195005,0.938462019
69,Eye_ID2551343_Task69_1766046091020,Eye_ID2551343_Task69_1766046091020.csv,1048.5309999999999,1518,23,12,1,ValidHit,entrance,E2,-38.1230545,9.55005455,77.2426605,40.9651642,0.0109999999,-50.1315804,1.61877406,38.8885918,0.293137997,0.193608999,0.936254025
69,Eye_ID2551343_Task69_1766046091020,Eye_ID2551343_Task69_1766046091020.csv,1048.5419999999999,1519,23,12,1,ValidHit,entrance,E2,-38.1483574,9.43706703,77.2426605,40.9368553,0.0109999999,-50.1312218,1.61864603,38.887619,0.292714,0.190985993,0.936924994
69,Eye_ID2551343_Task69_1766046091020,Eye_ID2551343_Task69_1766046091020.csv,1048.5530000000001,1520,23,12,1,ValidHit,entrance,E2,-40.7040558,8.41184044,77.2426605,40.0765076,0.0109999999,-50.1203918,1.61961401,38.8848114,0.234956995,0.169479996,0.957107008
69,Eye_ID2551343_Task69_1766046091020,Eye_ID2551343_Task69_1766046091020.csv,1048.5640000000001,1521,23,12,1,ValidHit,signage,HS-02,-51.2120438,4.49765968,59.2421722,20.5960484,0.0109999999,-50.083931,1.62336099,38.8788986,-0.0547720008,0.139552996,0.988677979
69,Eye_ID2551343_Task69_1766046091020,Eye_ID2551343_Task69_1766046091020.csv,1048.575,1522,23,12,1,ValidHit,entrance,E2,-38.208107,9.13736629,77.2426605,40.8654289,0.0109999999,-50.1298294,1.61819196,38.8848915,0.291729003,0.183997005,0.938628972
69,Eye_ID2551343_Task69_1766046091020,Eye_ID2551343_Task69_1766046091020.csv,1048.586,1523,23,12,1,ValidHit,entrance,E2,-38.2137299,9.04605675,77.2426605,40.8479004,0.0109999999,-50.1294708,1.61797595,38.8839607,0.291707993,0.181845993,0.939055026
69,Eye_ID2551343_Task69_1766046091020,Eye_ID2551343_Task69_1766046091020.csv,1048.597,1524,23,12,1,ValidHit,signage,HS-02,-45.0442162,5.10163546,59.6518402,21.6631107,0.0120000001,-50.1183891,1.61895704,38.8813286,0.234228998,0.160763994,0.958787978
69,Eye_ID2551343_Task69_1766046091020,Eye_ID2551343_Task69_1766046091020.csv,1048.6089999999999,1525,23,12,1,ValidHit,signage,HS-02,-50.2081146,4.77939749,59.3088531,20.6744423,0.0109999999,-50.0912209,1.62163496,38.8773193,-0.00565400021,0.152735993,0.988241017
69,Eye_ID2551343_Task69_1766046091020,Eye_ID2551343_Task69_1766046091020.csv,1048.6199999999999,1526,23,12,1,ValidHit,signage,HS-02,-50.2040176,4.74540091,59.309124,20.6703854,0.0109999999,-50.0906792,1.621539,38.8764687,-0.00548300007,0.151125997,0.988489985
69,Eye_ID2551343_Task69_1766046091020,Eye_ID2551343_Task69_1766046091020.csv,1048.6310000000001,1527,23,12,1,ValidHit,signage,HS-02,-49.8544312,4.91020775,59.3323441,20.7183495,0.0109999999,-50.1043587,1.62020898,38.8784103,0.0120630004,0.158794001,0.987223029
69,Eye_ID2551343_Task69_1766046091020,Eye_ID2551343_Task69_1766046091020.csv,1048.6420000000001,1528,23,12,1,ValidHit,commercial,C6,-52.785675,3.29269123,55.2442322,16.673708,0.0109999999,-50.0861511,1.621876,38.8755608,-0.161901996,0.100206003,0.981700003
69,Eye_ID2551343_Task69_1766046091020,Eye_ID2551343_Task69_1766046091020.csv,1048.653,1529,23,12,1,ValidHit,commercial,C6,-53.2520752,3.88056993,54.8987961,16.4892349,0.0109999999,-50.0859413,1.62178898,38.8748016,-0.192009002,0.136983007,0.971769989
69,Eye_ID2551343_Task69_1766046091020,Eye_ID2551343_Task69_1766046091020.csv,1048.664,1530,23,12,1,ValidHit,commercial,C6,-53.2504501,3.86962271,54.8999939,16.4894009,0.0109999999,-50.0854607,1.62163603,38.8740883,-0.191937998,0.136326998,0.971876025
69,Eye_ID2551343_Task69_1766046091020,Eye_ID2551343_Task69_1766046091020.csv,1048.675,1531,23,12,1,ValidHit,entrance,E2,-35.6300659,8.59061432,77.2426605,41.5996361,0.0109999999,-50.1273384,1.61816001,38.8793488,0.348493993,0.167607993,0.922200024
69,Eye_ID2551343_Task69_1766046091020,Eye_ID2551343_Task69_1766046091020.csv,1048.6859999999999,1532,23,12,1,ValidHit,commercial,C6,-52.7906265,3.24709344,55.2405663,16.6693611,0.0109999999,-50.0843697,1.62140405,38.8728905,-0.162348002,0.0975250006,0.981895983
69,Eye_ID2551343_Task69_1766046091020,Eye_ID2551343_Task69_1766046091020.csv,1048.6969999999999,1533,23,12,1,ValidHit,commercial,C6,-53.2704964,3.85721517,54.8851471,16.4791412,0.0109999999,-50.0842209,1.62143803,38.8723106,-0.193349004,0.135671005,0.971687973
69,Eye_ID2551343_Task69_1766046091020,Eye_ID2551343_Task69_1766046091020.csv,1048.7080000000001,1534,23,12,1,ValidHit,commercial,C6,-53.2851639,3.85900712,54.8742867,16.4723148,0.0120000001,-50.083931,1.62148702,38.8717003,-0.194336995,0.135832995,0.971467972
69,Eye_ID2551343_Task69_1766046091020,Eye_ID2551343_Task69_1766046091020.csv,1048.72,1535,23,12,1,ValidHit,signage,HS-02,-42.2436066,5.17223454,59.8378563,22.6744289,0.0109999999,-50.1255302,1.61831498,38.8765907,0.34761101,0.156736001,0.924440026
69,Eye_ID2551343_Task69_1766046091020,Eye_ID2551343_Task69_1766046091020.csv,1048.731,1536,23,12,1,ValidHit,entrance,E2,-37.0228233,8.84484482,77.2426605,41.1807594,0.0109999999,-50.1235695,1.61849904,38.8759384,0.318123013,0.175476,0.931652009
69,Eye_ID2551343_Task69_1766046091020,Eye_ID2551343_Task69_1766046091020.csv,1048.742,1537,23,12,1,ValidHit,entrance,E2,-37.128109,8.86044121,77.2426605,41.1507416,0.0109999999,-50.1234207,1.61850202,38.8752289,0.315793008,0.175982997,0.932349026
69,Eye_ID2551343_Task69_1766046091020,Eye_ID2551343_Task69_1766046091020.csv,1048.7529999999999,1538,23,12,1,ValidHit,entrance,E2,-39.0797958,8.93068123,77.2426605,40.5890846,0.0109999999,-50.1198502,1.61882496,38.8743401,0.271991998,0.180141002,0.945273995
69,Eye_ID2551343_Task69_1766046091020,Eye_ID2551343_Task69_1766046091020.csv,1048.7639999999999,1539,23,12,1,ValidHit,commercial,C6,-55.7965584,2.44654942,53.2183151,15.469965,0.0109999999,-50.0707893,1.62387502,38.8705406,-0.370115995,0.0531780012,0.927446008
69,Eye_ID2551343_Task69_1766046091020,Eye_ID2551343_Task69_1766046091020.csv,1048.7750000000001,1540,23,12,1,ValidHit,entrance,E2,-37.5199814,9.05422115,77.2426605,41.0651321,0.0109999999,-50.1231804,1.61844397,38.87323,0.306903005,0.18107,0.934341013
69,Eye_ID2551343_Task69_1766046091020,Eye_ID2551343_Task69_1766046091020.csv,1048.7860000000001,1541,23,12,1,ValidHit,entrance,E2,-37.7098961,9.15917397,77.2426605,41.0269775,0.0109999999,-50.1231689,1.61854696,38.8725815,0.302558988,0.183794007,0.935226023
69,Eye_ID2551343_Task69_1766046091020,Eye_ID2551343_Task69_1766046091020.csv,1048.797,1542,23,12,1,ValidHit,entrance,E2,-39.7626076,9.29669762,77.2426605,40.4790077,0.0109999999,-50.119709,1.61902297,38.8716583,0.255860001,0.189668,0.947911024
69,Eye_ID2551343_Task69_1766046091020,Eye_ID2551343_Task69_1766046091020.csv,1048.808,1543,23,12,1,ValidHit,commercial,C6,-56.4387512,2.47558379,52.8588333,15.3964453,0.0120000001,-50.0676689,1.62476397,38.8682709,-0.413796008,0.0552599989,0.908675015
69,Eye_ID2551343_Task69_1766046091020,Eye_ID2551343_Task69_1766046091020.csv,1048.8199999999999,1544,23,12,1,ValidHit,commercial,C6,-56.5127106,2.51125479,52.8174362,15.3920918,0.0109999999,-50.0676804,1.62499595,38.8677902,-0.418716997,0.0575780012,0.906273007
69,Eye_ID2551343_Task69_1766046091020,Eye_ID2551343_Task69_1766046091020.csv,1048.8309999999999,1545,23,12,1,ValidHit,signage,HS-02,-50.3588982,5.00520515,59.2988358,20.710165,0.0109999999,-50.1027489,1.62154198,38.8685608,-0.0123680001,0.163379997,0.986474991
69,Eye_ID2551343_Task69_1766046091020,Eye_ID2551343_Task69_1766046091020.csv,1048.8420000000001,1546,23,12,1,ValidHit,roof,roof,-46.759716,11,71.3082581,33.9354019,0.0120000001,-50.1244698,1.61968398,38.869091,0.0991510004,0.27641499,0.955902994
69,Eye_ID2551343_Task69_1766046091020,Eye_ID2551343_Task69_1766046091020.csv,1048.854,1547,23,12,1,ValidHit,roof,roof,-49.4459076,11.000001,73.4170074,35.8050385,0.00999999978,-50.1240196,1.62022603,38.8690605,0.0189389996,0.261967003,0.964887023
69,Eye_ID2551343_Task69_1766046091020,Eye_ID2551343_Task69_1766046091020.csv,1048.864,1548,23,12,1,ValidHit,roof,roof,-49.6248665,11.0000019,72.8074722,35.2149429,0.0109999999,-50.1241417,1.62042999,38.868309,0.0141780004,0.266351014,0.963768005
69,Eye_ID2551343_Task69_1766046091020,Eye_ID2551343_Task69_1766046091020.csv,1048.875,1549,23,12,1,ValidHit,roof,roof,-46.9341888,11.000001,70.2843018,32.9423637,0.0109999999,-50.1245117,1.62056804,38.8669891,0.096845001,0.284720004,0.953697026
69,Eye_ID2551343_Task69_1766046091020,Eye_ID2551343_Task69_1766046091020.csv,1048.886,1550,23,12,1,ValidHit,roof,roof,-47.5458031,11.000001,69.3336105,31.9824352,0.0109999999,-50.1245003,1.62071204,38.8663216,0.0806280002,0.293262005,0.952620029
69,Eye_ID2551343_Task69_1766046091020,Eye_ID2551343_Task69_1766046091020.csv,1048.8969999999999,1551,23,12,1,ValidHit,roof,roof,-47.714756,11.000001,68.9170074,31.5730572,0.0109999999,-50.1244888,1.62094402,38.8656387,0.0763219967,0.297057003,0.951798022
69,Eye_ID2551343_Task69_1766046091020,Eye_ID2551343_Task69_1766046091020.csv,1048.9079999999999,1552,23,12,1,ValidHit,roof,roof,-50.2145996,11.0000019,70.7546768,33.2397881,0.0120000001,-50.1242905,1.62129295,38.8655701,-0.00271699997,0.282151997,0.95936197
69,Eye_ID2551343_Task69_1766046091020,Eye_ID2551343_Task69_1766046091020.csv,1048.9200000000001,1553,23,12,1,ValidHit,roof,roof,-47.4551125,11.000001,72.5302124,35.0496216,0.0109999999,-50.1246605,1.62135994,38.8643494,0.0761639997,0.267578989,0.960510015
69,Eye_ID2551343_Task69_1766046091020,Eye_ID2551343_Task69_1766046091020.csv,1048.931,1554,23,12,1,ValidHit,roof,roof,-46.5611801,11.000001,74.7023315,37.2163773,0.0109999999,-50.1247406,1.62148595,38.8637619,0.0957520008,0.251998991,0.962975979
69,Eye_ID2551343_Task69_1766046091020,Eye_ID2551343_Task69_1766046091020.csv,1048.942,1555,23,12,1,ValidHit,roof,roof,-46.7082329,11.000001,74.1697388,36.6902847,0.0109999999,-50.1246681,1.62160206,38.8632202,0.0931150019,0.255609006,0.962282002
69,Eye_ID2551343_Task69_1766046091020,Eye_ID2551343_Task69_1766046091020.csv,1048.953,1556,23,12,1,ValidHit,roof,roof,-46.0525208,11.000001,75.4252319,37.9648438,0.0109999999,-50.12463,1.62173104,38.8630104,0.107260004,0.247024998,0.963054001
69,Eye_ID2551343_Task69_1766046091020,Eye_ID2551343_Task69_1766046091020.csv,1048.9639999999999,1557,23,12,1,ValidHit,roof,roof,-46.1644096,11.000001,75.3194275,37.8515053,0.0109999999,-50.1245499,1.62185895,38.8625488,0.104621999,0.247758999,0.963145971
69,Eye_ID2551343_Task69_1766046091020,Eye_ID2551343_Task69_1766046091020.csv,1048.9749999999999,1558,23,12,1,ValidHit,roof,roof,-46.2811241,11.000001,74.734024,37.2761421,0.0109999999,-50.1244011,1.62205601,38.8621101,0.103101999,0.251578003,0.96232003
69,Eye_ID2551343_Task69_1766046091020,Eye_ID2551343_Task69_1766046091020.csv,1048.9860000000001,1559,23,12,1,ValidHit,commercial,C6,-55.0685425,3.17098522,53.6258354,15.6584425,0.0109999999,-50.0912094,1.62535298,38.860199,-0.317865014,0.0987079963,0.942970991
69,Eye_ID2551343_Task69_1766046091020,Eye_ID2551343_Task69_1766046091020.csv,1048.9970000000001,1560,23,12,1,ValidHit,roof,roof,-46.5225029,11.000001,73.169426,35.7485847,0.0109999999,-50.1240311,1.62246096,38.8612289,0.100745998,0.262318999,0.959707022
69,Eye_ID2551343_Task69_1766046091020,Eye_ID2551343_Task69_1766046091020.csv,1049.008,1561,23,12,1,ValidHit,roof,roof,-46.5881233,11.000001,73.1213074,35.6960487,0.0120000001,-50.1238518,1.62266505,38.8609505,0.0990500003,0.262697011,0.959770977
69,Eye_ID2551343_Task69_1766046091020,Eye_ID2551343_Task69_1766046091020.csv,1049.02,1562,23,12,1,ValidHit,roof,roof,-46.6629295,11,72.718071,35.3021355,0.0109999999,-50.1236305,1.62282002,38.8605309,0.0980300009,0.265623987,0.959070027
69,Eye_ID2551343_Task69_1766046091020,Eye_ID2551343_Task69_1766046091020.csv,1049.0309999999999,1563,23,12,1,ValidHit,signage,HS-02,-50.5216637,5.11786556,59.2880249,20.7298927,0.0109999999,-50.1102295,1.62388694,38.8588486,-0.019847,0.168544993,0.985476971
69,Eye_ID2551343_Task69_1766046091020,Eye_ID2551343_Task69_1766046091020.csv,1049.0419999999999,1564,23,12,1,ValidHit,entrance,E2,-47.9659996,9.19742966,77.2426605,39.1832008,0.0109999999,-50.1152496,1.62336302,38.8585815,0.0548509993,0.193296999,0.979596019
69,Eye_ID2551343_Task69_1766046091020,Eye_ID2551343_Task69_1766046091020.csv,1049.0530000000001,1565,23,12,1,ValidHit,entrance,E2,-47.9349518,9.25225735,77.2426605,39.1958694,0.0109999999,-50.1148911,1.62337101,38.8582306,0.0556159988,0.194633007,0.979287982
69,Eye_ID2551343_Task69_1766046091020,Eye_ID2551343_Task69_1766046091020.csv,1049.0640000000001,1566,23,12,1,ValidHit,entrance,E2,-45.357811,8.92868233,77.2426605,39.3621826,0.0109999999,-50.1195717,1.62297702,38.8586311,0.120972,0.185600996,0.975144029
69,Eye_ID2551343_Task69_1766046091020,Eye_ID2551343_Task69_1766046091020.csv,1049.075,1567,23,12,1,ValidHit,entrance,E2,-44.5869293,8.49984932,77.2426605,39.3856392,0.0109999999,-50.1207008,1.62296498,38.8588791,0.140499994,0.174601004,0.974547029
69,Eye_ID2551343_Task69_1766046091020,Eye_ID2551343_Task69_1766046091020.csv,1049.086,1568,23,12,1,ValidHit,signage,HS-02,-46.6589851,4.62505722,59.5445862,21.1873074,0.0109999999,-50.1217117,1.62279797,38.8588905,0.163433,0.1417,0.976319015
69,Eye_ID2551343_Task69_1766046091020,Eye_ID2551343_Task69_1766046091020.csv,1049.097,1569,23,12,1,ValidHit,signage,HS-02,-46.6227264,4.6823554,59.5469933,21.2040615,0.0109999999,-50.1211815,1.622931,38.8585205,0.164988995,0.144283995,0.97567898
69,Eye_ID2551343_Task69_1766046091020,Eye_ID2551343_Task69_1766046091020.csv,1049.1079999999999,1570,23,12,1,ValidHit,entrance,E2,-45.1434784,9.30718708,77.2426605,39.4619141,0.0120000001,-50.1177216,1.62343204,38.8569908,0.126050994,0.194711998,0.972720981
69,Eye_ID2551343_Task69_1766046091020,Eye_ID2551343_Task69_1766046091020.csv,1049.1199999999999,1571,23,12,1,ValidHit,entrance,E2,-44.3198395,8.88130379,77.2426605,39.4935989,0.0109999999,-50.1186981,1.62352598,38.8572197,0.146827996,0.183768004,0.97192502
69,Eye_ID2551343_Task69_1766046091020,Eye_ID2551343_Task69_1766046091020.csv,1049.1310000000001,1572,23,12,1,ValidHit,signage,HS-02,-46.4684868,4.52961683,59.5572395,21.2194786,0.0109999999,-50.1196785,1.62349105,38.8572502,0.172066003,0.136953995,0.975507021
69,Eye_ID2551343_Task69_1766046091020,Eye_ID2551343_Task69_1766046091020.csv,1049.1420000000001,1573,23,12,1,ValidHit,signage,HS-02,-46.4109764,4.57739735,59.561058,21.240036,0.0109999999,-50.1190605,1.62372506,38.8568306,0.174577996,0.139060006,0.974762976
69,Eye_ID2551343_Task69_1766046091020,Eye_ID2551343_Task69_1766046091020.csv,1049.153,1574,23,12,1,ValidHit,signage,HS-02,-46.3681374,4.37115526,59.5639038,21.2230377,0.0109999999,-50.1185188,1.62396896,38.8563004,0.176712006,0.129443005,0.975709021
69,Eye_ID2551343_Task69_1766046091020,Eye_ID2551343_Task69_1766046091020.csv,1049.164,1575,23,12,1,ValidHit,signage,HS-02,-46.3800774,4.41116953,59.5631104,21.2256699,0.0109999999,-50.1178017,1.62423599,38.8558311,0.176092997,0.131299004,0.97556901
69,Eye_ID2551343_Task69_1766046091020,Eye_ID2551343_Task69_1766046091020.csv,1049.175,1576,23,12,1,ValidHit,signage,HS-02,-46.3333931,4.46743155,59.5662117,21.2447701,0.0109999999,-50.1171799,1.62443399,38.8553314,0.178103,0.133819997,0.974861979
69,Eye_ID2551343_Task69_1766046091020,Eye_ID2551343_Task69_1766046091020.csv,1049.1859999999999,1577,23,12,1,ValidHit,signage,HS-02,-49.9300232,3.29231262,59.3273239,20.5427246,0.0109999999,-50.0998497,1.62616098,38.8529816,0.00826700032,0.0811059996,0.996662974
69,Eye_ID2551343_Task69_1766046091020,Eye_ID2551343_Task69_1766046091020.csv,1049.1969999999999,1578,23,12,1,ValidHit,signage,HS-02,-48.8714905,3.11873055,59.3976326,20.6353226,0.0109999999,-50.1046295,1.62591505,38.8533516,0.0597580001,0.0723420009,0.995577991
69,Eye_ID2551343_Task69_1766046091020,Eye_ID2551343_Task69_1766046091020.csv,1049.2080000000001,1579,23,12,1,ValidHit,signage,HS-02,-46.1932945,4.63956976,59.5755157,21.30406,0.0109999999,-50.1154709,1.62510395,38.8537292,0.184102997,0.141496003,0.972660005
69,Eye_ID2551343_Task69_1766046091020,Eye_ID2551343_Task69_1766046091020.csv,1049.2190000000001,1580,23,12,1,ValidHit,signage,HS-02,-46.1519432,4.70180273,59.5782623,21.3236485,0.0120000001,-50.1148682,1.62543702,38.8531799,0.185845003,0.144269004,0.97192198
69,Eye_ID2551343_Task69_1766046091020,Eye_ID2551343_Task69_1766046091020.csv,1049.231,1581,23,12,1,ValidHit,signage,HS-02,-49.7763824,3.5177989,59.3375282,20.5765133,0.0109999999,-50.0975418,1.62717402,38.8505783,0.0156079996,0.0918819979,0.99563998
69,Eye_ID2551343_Task69_1766046091020,Eye_ID2551343_Task69_1766046091020.csv,1049.242,1582,23,12,1,ValidHit,signage,HS-02,-47.3479462,3.68482947,59.4988251,20.9324055,0.0109999999,-50.1088486,1.62627804,38.8516617,0.131895006,0.0983420014,0.98636502
69,Eye_ID2551343_Task69_1766046091020,Eye_ID2551343_Task69_1766046091020.csv,1049.2529999999999,1583,23,12,1,ValidHit,signage,HS-02,-47.3225174,3.72655559,59.500515,20.9421177,0.0109999999,-50.1082993,1.62644303,38.8510284,0.133021995,0.100281,0.986019015
69,Eye_ID2551343_Task69_1766046091020,Eye_ID2551343_Task69_1766046091020.csv,1049.2639999999999,1584,23,12,1,ValidHit,signage,HS-02,-46.4086304,4.08082533,59.5612144,21.1815014,0.0109999999,-50.111599,1.62618899,38.8508606,0.174817994,0.115883999,0.977741003
69,Eye_ID2551343_Task69_1766046091020,Eye_ID2551343_Task69_1766046091020.csv,1049.2750000000001,1585,23,12,1,ValidHit,signage,HS-02,-46.7025757,3.77930164,59.5416908,21.0806484,0.0109999999,-50.1099892,1.62637103,38.8499489,0.161634997,0.102127001,0.981539011
69,Eye_ID2551343_Task69_1766046091020,Eye_ID2551343_Task69_1766046091020.csv,1049.2860000000001,1586,23,12,1,ValidHit,signage,HS-02,-46.4952316,3.45531344,59.5554619,21.0993881,0.0109999999,-50.1091614,1.62637401,38.8484917,0.171278998,0.0866810009,0.981388986
69,Eye_ID2551343_Task69_1766046091020,Eye_ID2551343_Task69_1766046091020.csv,1049.297,1587,23,12,1,ValidHit,signage,HS-02,-46.4884224,3.49439692,59.5559158,21.1048851,0.0109999999,-50.1086502,1.62648594,38.8479195,0.171533003,0.0885049999,0.981181979
69,Eye_ID2551343_Task69_1766046091020,Eye_ID2551343_Task69_1766046091020.csv,1049.308,1588,23,12,1,ValidHit,entrance,E2,-44.559063,3.78849268,77.2426605,38.8540878,0.0109999999,-50.1070404,1.62673497,38.8475189,0.142787993,0.0556369983,0.988173008
69,Eye_ID2551343_Task69_1766046091020,Eye_ID2551343_Task69_1766046091020.csv,1049.319,1589,23,12,1,ValidHit,signage,HS-02,-46.6683922,3.91899419,59.5439606,21.1051331,0.0109999999,-50.1080208,1.62682199,38.8475494,0.162974,0.108606003,0.980621994
69,Eye_ID2551343_Task69_1766046091020,Eye_ID2551343_Task69_1766046091020.csv,1049.3299999999999,1590,23,12,1,ValidHit,signage,HS-02,-46.6799965,3.94401169,59.54319,21.1058121,0.0120000001,-50.1076012,1.626881,38.8468704,0.162398994,0.109784998,0.980585992
69,Eye_ID2551343_Task69_1766046091020,Eye_ID2551343_Task69_1766046091020.csv,1049.3420000000001,1591,23,12,1,ValidHit,signage,HS-02,-46.503315,3.61208797,59.554924,21.1142159,0.0109999999,-50.1068802,1.62690496,38.8454208,0.170668006,0.0940200016,0.98082
69,Eye_ID2551343_Task69_1766046091020,Eye_ID2551343_Task69_1766046091020.csv,1049.3530000000001,1592,23,12,1,ValidHit,signage,HS-02,-46.8904343,3.30433083,59.529213,20.9991817,0.0109999999,-50.1071396,1.62704897,38.8457603,0.153181002,0.0798730031,0.984956026
69,Eye_ID2551343_Task69_1766046091020,Eye_ID2551343_Task69_1766046091020.csv,1049.364,1593,23,12,1,ValidHit,entrance,E2,-49.1480408,3.80903411,77.2426605,38.4742737,0.0109999999,-50.0950089,1.62783301,38.8419418,0.0246130005,0.0566920005,0.998080015
69,Eye_ID2551343_Task69_1766046091020,Eye_ID2551343_Task69_1766046091020.csv,1049.375,1594,23,12,1,ValidHit,entrance,E2,-49.2041359,3.86385322,77.2426605,38.4766655,0.0109999999,-50.0946503,1.62787902,38.8413391,0.0231439993,0.0581119992,0.998034
69,Eye_ID2551343_Task69_1766046091020,Eye_ID2551343_Task69_1766046091020.csv,1049.386,1595,23,12,1,ValidHit,entrance,E2,-51.3835983,2.36045766,77.2426605,38.4307213,0.0109999999,-50.0903816,1.62837994,38.8406792,-0.0336499996,0.019049,0.999237001
69,Eye_ID2551343_Task69_1766046091020,Eye_ID2551343_Task69_1766046091020.csv,1049.3969999999999,1596,23,12,1,ValidHit,entrance,E2,-45.1739006,3.16184354,77.2426605,38.7460518,0.0109999999,-50.10672,1.62686205,38.8425598,0.127309993,0.0396159999,0.991060019
69,Eye_ID2551343_Task69_1766046091020,Eye_ID2551343_Task69_1766046091020.csv,1049.4079999999999,1597,23,12,1,ValidHit,entrance,E2,-49.4144783,4.08330774,77.2426605,38.4875107,0.0109999999,-50.0938606,1.62794006,38.8395615,0.0176519994,0.0637959987,0.997798979
69,Eye_ID2551343_Task69_1766046091020,Eye_ID2551343_Task69_1766046091020.csv,1049.4190000000001,1598,23,12,1,ValidHit,entrance,E2,-49.5055771,4.17794704,77.2426605,38.4927368,0.0120000001,-50.0936699,1.62797499,38.8389816,0.0152780004,0.0662449971,0.997677982
69,Eye_ID2551343_Task69_1766046091020,Eye_ID2551343_Task69_1766046091020.csv,1049.431,1599,23,12,1,ValidHit,entrance,E2,-51.7288208,2.72052073,77.2426605,38.4547806,0.0109999999,-50.0894699,1.62850404,38.8383598,-0.0426299982,0.0283969995,0.998672009
69,Eye_ID2551343_Task69_1766046091020,Eye_ID2551343_Task69_1766046091020.csv,1049.442,1600,23,12,1,ValidHit,entrance,E2,-45.4126015,3.53194904,77.2426605,38.7352524,0.0109999999,-50.1061592,1.62700903,38.8400307,0.121169001,0.0491780005,0.991403997
69,Eye_ID2551343_Task69_1766046091020,Eye_ID2551343_Task69_1766046091020.csv,1049.453,1601,23,12,1,ValidHit,entrance,E2,-45.5242767,3.63754034,77.2426605,38.7278557,0.0109999999,-50.1060219,1.62704301,38.8393707,0.118304998,0.0519130006,0.991609991
69,Eye_ID2551343_Task69_1766046091020,Eye_ID2551343_Task69_1766046091020.csv,1049.4639999999999,1602,23,12,1,ValidHit,entrance,E2,-46.0816383,3.22369242,77.2426682,38.6468163,0.0109999999,-50.1057205,1.62718403,38.8390884,0.104124002,0.0413100012,0.993700981
69,Eye_ID2551343_Task69_1766046091020,Eye_ID2551343_Task69_1766046091020.csv,1049.4749999999999,1603,23,12,1,ValidHit,entrance,E2,-45.9747734,3.12670922,77.2426605,38.6548615,0.0109999999,-50.1058807,1.62730396,38.8384399,0.106870003,0.0387890004,0.993502021
69,Eye_ID2551343_Task69_1766046091020,Eye_ID2551343_Task69_1766046091020.csv,1049.4860000000001,1604,23,12,1,ValidHit,entrance,E2,-45.5803947,3.34046888,77.2426605,38.7085266,0.0109999999,-50.1061211,1.62747204,38.8377991,0.116916001,0.0442529991,0.992138982
69,Eye_ID2551343_Task69_1766046091020,Eye_ID2551343_Task69_1766046091020.csv,1049.4970000000001,1605,23,12,1,ValidHit,entrance,E2,-45.6799698,3.52172828,77.2426529,38.7060432,0.0109999999,-50.1060791,1.62781,38.8371887,0.114349999,0.0489300005,0.992218018
69,Eye_ID2551343_Task69_1766046091020,Eye_ID2551343_Task69_1766046091020.csv,1049.508,1606,23,12,1,ValidHit,entrance,E2,-45.6580544,3.41117549,77.2426605,38.7039642,0.0109999999,-50.1061897,1.62810504,38.8365211,0.114926003,0.0460689999,0.992295027
69,Eye_ID2551343_Task69_1766046091020,Eye_ID2551343_Task69_1766046091020.csv,1049.519,1607,23,12,1,ValidHit,entrance,E2,-45.9868774,2.00519013,77.2426682,38.6290131,0.0120000001,-50.10149,1.62882304,38.8352509,0.106514998,0.00974300038,0.99425298
69,Eye_ID2551343_Task69_1766046091020,Eye_ID2551343_Task69_1766046091020.csv,1049.5309999999999,1608,23,12,1,ValidHit,entrance,E2,-46.1001816,2.17994499,77.2426605,38.6198425,0.0109999999,-50.1015091,1.62910497,38.83461,0.103606999,0.0142630003,0.994506001
69,Eye_ID2551343_Task69_1766046091020,Eye_ID2551343_Task69_1766046091020.csv,1049.5419999999999,1609,23,12,1,ValidHit,entrance,E2,-46.0924759,4.2278409,77.2426605,38.7045975,0.0109999999,-50.1062088,1.62893999,38.8345718,0.103699997,0.0671460032,0.992322981
69,Eye_ID2551343_Task69_1766046091020,Eye_ID2551343_Task69_1766046091020.csv,1049.5530000000001,1610,23,12,1,ValidHit,entrance,E2,-46.0466805,4.08557272,77.2426605,38.7006645,0.0109999999,-50.1063385,1.62917805,38.8339806,0.104897998,0.0634709969,0.992444992
69,Eye_ID2551343_Task69_1766046091020,Eye_ID2551343_Task69_1766046091020.csv,1049.5640000000001,1611,23,12,1,ValidHit,entrance,E2,-45.2484207,2.88634062,77.2426605,38.7356682,0.0109999999,-50.1046295,1.62954295,38.8331604,0.125366002,0.0324449986,0.991563976
69,Eye_ID2551343_Task69_1766046091020,Eye_ID2551343_Task69_1766046091020.csv,1049.575,1612,23,12,1,ValidHit,entrance,E2,-45.3154221,3.0405426,77.2426605,38.7332268,0.0109999999,-50.1047096,1.62973905,38.8325691,0.123645999,0.0364230014,0.991640985
69,Eye_ID2551343_Task69_1766046091020,Eye_ID2551343_Task69_1766046091020.csv,1049.586,1613,23,12,1,ValidHit,entrance,E2,-47.7229538,1.34879696,77.2426605,38.4856071,0.0109999999,-50.09795,1.63047898,38.83144,0.06171,-0.00731900008,0.998046994
69,Eye_ID2551343_Task69_1766046091020,Eye_ID2551343_Task69_1766046091020.csv,1049.597,1614,23,12,1,ValidHit,entrance,E2,-49.2071686,1.17713642,77.2426605,38.4252014,0.0109999999,-50.0942612,1.63090396,38.8303795,0.0230860002,-0.0118089998,0.999653995
69,Eye_ID2551343_Task69_1766046091020,Eye_ID2551343_Task69_1766046091020.csv,1049.6079999999999,1615,23,12,1,ValidHit,entrance,E2,-49.252758,1.3292793,77.2426605,38.4231911,0.0109999999,-50.0943489,1.63105798,38.8298683,0.0219030008,-0.00785399973,0.999719977
69,Eye_ID2551343_Task69_1766046091020,Eye_ID2551343_Task69_1766046091020.csv,1049.6189999999999,1616,23,12,1,ValidHit,entrance,E2,-44.77071,2.42425942,77.2426605,38.7895126,0.0109999999,-50.1061592,1.63000095,38.8300591,0.137548,0.0204760004,0.990276992
69,Eye_ID2551343_Task69_1766046091020,Eye_ID2551343_Task69_1766046091020.csv,1049.6300000000001,1617,23,12,1,ValidHit,entrance,E2,-47.4535294,0.305327564,77.2426605,38.527729,0.0120000001,-50.1037407,1.630144,38.8290291,0.0687870011,-0.0343860015,0.997036994
69,Eye_ID2551343_Task69_1766046091020,Eye_ID2551343_Task69_1766046091020.csv,1049.6420000000001,1618,23,12,1,ValidHit,entrance,E2,-49.3287582,1.73436618,77.2426605,38.4218903,0.0109999999,-50.0946693,1.63154697,38.8285408,0.0199340004,0.00267599989,0.999787986
69,Eye_ID2551343_Task69_1766046091020,Eye_ID2551343_Task69_1766046091020.csv,1049.653,1619,23,12,1,ValidHit,entrance,E2,-49.347744,1.85870969,77.2426605,38.4223557,0.0109999999,-50.0947189,1.63170898,38.8282394,0.0194409993,0.00590799982,0.999783993
69,Eye_ID2551343_Task69_1766046091020,Eye_ID2551343_Task69_1766046091020.csv,1049.664,1620,23,12,1,ValidHit,entrance,E2,-44.857769,2.93244839,77.2426605,38.792717,0.0109999999,-50.1063805,1.63067305,38.828701,0.135297999,0.0335570015,0.990230024
69,Eye_ID2551343_Task69_1766046091020,Eye_ID2551343_Task69_1766046091020.csv,1049.675,1621,23,12,1,ValidHit,ground,ground,-50.9756927,-3.74947571E-14,58.2290192,19.4906216,0.0109999999,-50.0924911,1.63173294,38.8269196,-0.0453139991,-0.0837180018,0.995447993
69,Eye_ID2551343_Task69_1766046091020,Eye_ID2551343_Task69_1766046091020.csv,1049.6859999999999,1622,23,12,1,ValidHit,ground,ground,-51.0088806,-3.77885826E-14,58.6853294,19.9465122,0.0109999999,-50.0925293,1.63180196,38.8268089,-0.0459400006,-0.0818080008,0.995577991
69,Eye_ID2551343_Task69_1766046091020,Eye_ID2551343_Task69_1766046091020.csv,1049.6969999999999,1623,23,12,1,ValidHit,commercial,C6,-52.0438271,0.281213999,55.7936821,17.1343594,0.0109999999,-50.0850296,1.63218105,38.8253517,-0.114318997,-0.0788450018,0.990303993
69,Eye_ID2551343_Task69_1766046091020,Eye_ID2551343_Task69_1766046091020.csv,1049.7080000000001,1624,23,12,1,ValidHit,ground,ground,-48.752964,-4.04053486E-14,62.7491455,24.0154686,0.0109999999,-50.1004906,1.63101101,38.8270493,0.0561099984,-0.0679140016,0.996097028
69,Eye_ID2551343_Task69_1766046091020,Eye_ID2551343_Task69_1766046091020.csv,1049.7190000000001,1625,23,12,1,ValidHit,ground,ground,-47.0531769,-4.14149848E-14,64.3170929,25.7232914,0.0109999999,-50.105629,1.63061404,38.8276596,0.118663996,-0.0633900017,0.99089998
69,Eye_ID2551343_Task69_1766046091020,Eye_ID2551343_Task69_1766046091020.csv,1049.73,1626,23,12,1,ValidHit,ground,ground,-47.021019,-4.1700794E-14,64.7609558,26.166893,0.0120000001,-50.1056213,1.63063002,38.8277206,0.117881,-0.0623160005,0.991061985
69,Eye_ID2551343_Task69_1766046091020,Eye_ID2551343_Task69_1766046091020.csv,1049.742,1627,23,12,1,ValidHit,ground,ground,-48.2587166,-3.7308132E-14,57.9391937,19.269455,0.0109999999,-50.1036301,1.63074899,38.8277092,0.0957409963,-0.0846270025,0.99178201
69,Eye_ID2551343_Task69_1766046091020,Eye_ID2551343_Task69_1766046091020.csv,1049.7529999999999,1628,23,12,1,ValidHit,ground,ground,-50.7558479,-3.12218309E-14,48.4872208,9.82090282,0.0109999999,-50.0866508,1.63199198,38.8260193,-0.0681400001,-0.166173995,0.983730972
69,Eye_ID2551343_Task69_1766046091020,Eye_ID2551343_Task69_1766046091020.csv,1049.7639999999999,1629,23,12,1,ValidHit,ground,ground,-50.779892,-3.13062225E-14,48.6182861,9.95127773,0.0109999999,-50.0866585,1.63203299,38.8262596,-0.0696630031,-0.164001003,0.983989
69,Eye_ID2551343_Task69_1766046091020,Eye_ID2551343_Task69_1766046091020.csv,1049.7750000000001,1630,23,12,1,ValidHit,ground,ground,-46.8209724,-4.35156333E-14,67.5793915,28.9838505,0.0109999999,-50.1056519,1.63090706,38.8284798,0.113326997,-0.0562690012,0.991954029
69,Eye_ID2551343_Task69_1766046091020,Eye_ID2551343_Task69_1766046091020.csv,1049.7860000000001,1631,23,12,1,ValidHit,ground,ground,-48.2268982,-3.82039032E-14,59.3303146,20.6520309,0.0109999999,-50.1036415,1.63104701,38.8285103,0.090873003,-0.0789759979,0.992706001
69,Eye_ID2551343_Task69_1766046091020,Eye_ID2551343_Task69_1766046091020.csv,1049.797,1632,23,12,1,ValidHit,ground,ground,-50.4494133,-3.19953821E-14,49.6885452,10.9890728,0.0109999999,-50.0905609,1.63174701,38.8272209,-0.0326550007,-0.148485005,0.988354027
69,Eye_ID2551343_Task69_1766046091020,Eye_ID2551343_Task69_1766046091020.csv,1049.808,1633,23,12,1,ValidHit,ground,ground,-50.4591599,-3.2015406E-14,49.7196388,11.019804,0.0109999999,-50.0904694,1.63174701,38.827549,-0.0334560014,-0.148071006,0.988390028
69,Eye_ID2551343_Task69_1766046091020,Eye_ID2551343_Task69_1766046091020.csv,1049.819,1634,23,12,1,ValidHit,ground,ground,-50.1292458,-3.28709329E-14,51.0482635,12.3290062,0.0109999999,-50.0925102,1.631405,38.8277283,-0.00298000011,-0.132321,0.99119103
69,Eye_ID2551343_Task69_1766046091020,Eye_ID2551343_Task69_1766046091020.csv,1049.8299999999999,1635,23,12,1,ValidHit,ground,ground,-50.2734604,-3.23780445E-14,50.2828102,11.5720911,0.0109999999,-50.0903511,1.63152897,38.8277702,-0.0158229992,-0.140985996,0.989868999
69,Eye_ID2551343_Task69_1766046091020,Eye_ID2551343_Task69_1766046091020.csv,1049.8409999999999,1636,23,12,1,ValidHit,ground,ground,-50.2739487,-3.23829268E-14,50.29039,11.5791731,0.0120000001,-50.0903015,1.63158906,38.8282204,-0.0158600006,-0.140904993,0.989880025
69,Eye_ID2551343_Task69_1766046091020,Eye_ID2551343_Task69_1766046091020.csv,1049.8530000000001,1637,23,12,1,ValidHit,ground,ground,-50.8074341,-3.10987062E-14,48.2960129,9.63512421,0.0109999999,-50.0828896,1.63204801,38.8278008,-0.0751969963,-0.169382006,0.982658029
69,Eye_ID2551343_Task69_1766046091020,Eye_ID2551343_Task69_1766046091020.csv,1049.864,1638,23,12,1,ValidHit,ground,ground,-49.8447609,-3.17435456E-14,49.2974434,10.5984793,0.0109999999,-50.0882492,1.63124204,38.8280792,0.0229739994,-0.153909996,0.987798989
69,Eye_ID2551343_Task69_1766046091020,Eye_ID2551343_Task69_1766046091020.csv,1049.875,1639,23,12,1,ValidHit,ground,ground,-50.2701988,-3.2375256E-14,50.2784843,11.5657644,0.0109999999,-50.0899811,1.63156295,38.8297882,-0.0155809997,-0.141066,0.989861012
69,Eye_ID2551343_Task69_1766046091020,Eye_ID2551343_Task69_1766046091020.csv,1049.886,1640,23,12,1,ValidHit,ground,ground,-50.2649307,-3.23318304E-14,50.2110443,11.4983683,0.0109999999,-50.0898285,1.63159895,38.8303719,-0.0152279995,-0.141895995,0.989748001
69,Eye_ID2551343_Task69_1766046091020,Eye_ID2551343_Task69_1766046091020.csv,1049.8969999999999,1641,23,12,1,ValidHit,ground,ground,-50.7896309,-3.10580046E-14,48.2327995,9.56947517,0.0109999999,-50.0824013,1.63212395,38.830101,-0.0739040002,-0.170552,0.982554018
69,Eye_ID2551343_Task69_1766046091020,Eye_ID2551343_Task69_1766046091020.csv,1049.9079999999999,1642,23,12,1,ValidHit,ground,ground,-49.9971848,-3.14503943E-14,48.8421783,10.1446686,0.0109999999,-50.0854988,1.63156295,38.8299599,0.00870500039,-0.160827994,0.986934006
69,Eye_ID2551343_Task69_1766046091020,Eye_ID2551343_Task69_1766046091020.csv,1049.9190000000001,1643,23,12,1,ValidHit,ground,ground,-49.9896889,-3.14427609E-14,48.8303261,10.1324339,0.0109999999,-50.08535,1.63161099,38.8305817,0.00944100041,-0.161026999,0.986895025
69,Eye_ID2551343_Task69_1766046091020,Eye_ID2551343_Task69_1766046091020.csv,1049.9300000000001,1644,23,12,1,ValidHit,ground,ground,-50.2865715,-3.09115967E-14,48.0054321,9.32141685,0.0109999999,-50.0801582,1.63172996,38.8302689,-0.0221439991,-0.175049007,0.984295011
69,Eye_ID2551343_Task69_1766046091020,Eye_ID2551343_Task69_1766046091020.csv,1049.941,1645,23,12,1,ValidHit,ground,ground,-49.6013947,-3.25384386E-14,50.5318985,11.8234415,0.0120000001,-50.0876617,1.63117898,38.8316193,0.041127,-0.137960002,0.989573002
69,Eye_ID2551343_Task69_1766046091020,Eye_ID2551343_Task69_1766046091020.csv,1049.953,1646,23,12,1,ValidHit,ground,ground,-49.4034615,-3.27135102E-14,50.8037872,12.1010303,0.0109999999,-50.0901413,1.63102603,38.832859,0.0567450002,-0.134783,0.989241004
69,Eye_ID2551343_Task69_1766046091020,Eye_ID2551343_Task69_1766046091020.csv,1049.9639999999999,1647,23,12,1,ValidHit,ground,ground,-49.3913879,-3.26348683E-14,50.6816559,11.9801502,0.0109999999,-50.0900192,1.63088298,38.8336105,0.0583150014,-0.136131003,0.988964975
69,Eye_ID2551343_Task69_1766046091020,Eye_ID2551343_Task69_1766046091020.csv,1049.9749999999999,1648,23,12,1,ValidHit,ground,ground,-50.2364388,-3.07926326E-14,47.8206863,9.13553715,0.0109999999,-50.0794411,1.63127601,38.8333397,-0.0171850007,-0.178561002,0.98376298
69,Eye_ID2551343_Task69_1766046091020,Eye_ID2551343_Task69_1766046091020.csv,1049.9860000000001,1649,23,12,1,ValidHit,ground,ground,-49.55159,-3.23082828E-14,50.174469,11.4688635,0.0109999999,-50.0869713,1.63063598,38.8347511,0.0466810018,-0.142177999,0.988730013
69,Eye_ID2551343_Task69_1766046091020,Eye_ID2551343_Task69_1766046091020.csv,1049.9970000000001,1650,23,12,1,ValidHit,ground,ground,-49.0824928,-3.28533994E-14,51.0210342,12.3343849,0.0109999999,-50.0924416,1.63035595,38.8366585,0.0818789974,-0.132177994,0.987824976
69,Eye_ID2551343_Task69_1766046091020,Eye_ID2551343_Task69_1766046091020.csv,1050.008,1651,23,12,1,ValidHit,ground,ground,-49.0754662,-3.27700852E-14,50.8916473,12.2063389,0.0109999999,-50.0923004,1.63020301,38.837471,0.0833019987,-0.133552,0.987520993
69,Eye_ID2551343_Task69_1766046091020,Eye_ID2551343_Task69_1766046091020.csv,1050.019,1652,23,12,1,ValidHit,ground,ground,-49.0449142,-3.21019422E-14,49.8540268,11.1848793,0.0109999999,-50.0928688,1.63003504,38.8382988,0.0936930031,-0.145733997,0.984866023
69,Eye_ID2551343_Task69_1766046091020,Eye_ID2551343_Task69_1766046091020.csv,1050.03,1653,23,12,1,ValidHit,ground,ground,-49.4852142,-3.18508512E-14,49.4640846,10.7670803,0.0120000001,-50.0826988,1.63044298,38.8379517,0.0554910004,-0.151426002,0.986892998
69,Eye_ID2551343_Task69_1766046091020,Eye_ID2551343_Task69_1766046091020.csv,1050.0419999999999,1654,23,12,1,ValidHit,ground,ground,-49.475872,-3.1826189E-14,49.4257851,10.7289753,0.00999999978,-50.0826416,1.630337,38.8387794,0.0565529987,-0.151953995,0.986751974
69,Eye_ID2551343_Task69_1766046091020,Eye_ID2551343_Task69_1766046091020.csv,1050.0519999999999,1655,23,12,1,ValidHit,ground,ground,-47.523674,-3.4739718E-14,53.95047,15.4118471,0.0109999999,-50.0976105,1.63011801,38.8427696,0.167007998,-0.105769001,0.980252028
69,Eye_ID2551343_Task69_1766046091020,Eye_ID2551343_Task69_1766046091020.csv,1050.0630000000001,1656,23,12,1,ValidHit,ground,ground,-49.0234528,-3.19194371E-14,49.5706024,10.9044933,0.0120000001,-50.0925713,1.62963998,38.8417015,0.0980430022,-0.149444997,0.983886003
69,Eye_ID2551343_Task69_1766046091020,Eye_ID2551343_Task69_1766046091020.csv,1050.075,1657,23,12,1,ValidHit,ground,ground,-49.467556,-3.16588661E-14,49.1659393,10.4705391,0.0109999999,-50.0825119,1.62994504,38.8413391,0.0587310009,-0.155667007,0.986045003
69,Eye_ID2551343_Task69_1766046091020,Eye_ID2551343_Task69_1766046091020.csv,1050.086,1658,23,12,1,ValidHit,ground,ground,-49.4694214,-3.15910323E-14,49.0605888,10.3657627,0.0109999999,-50.0825119,1.62981498,38.8421288,0.0591449998,-0.157227993,0.985773027
69,Eye_ID2551343_Task69_1766046091020,Eye_ID2551343_Task69_1766046091020.csv,1050.097,1659,23,12,1,ValidHit,ground,ground,-48.0939827,-3.33156185E-14,51.7388535,13.1487761,0.0109999999,-50.0956802,1.62978494,38.8459396,0.152232006,-0.123948,0.98052901
69,Eye_ID2551343_Task69_1766046091020,Eye_ID2551343_Task69_1766046091020.csv,1050.1079999999999,1660,23,12,1,ValidHit,ground,ground,-49.9091225,-3.06244593E-14,47.5595093,8.86833763,0.0109999999,-50.0778198,1.63028002,38.8439407,0.0190219991,-0.183831006,0.982770979
69,Eye_ID2551343_Task69_1766046091020,Eye_ID2551343_Task69_1766046091020.csv,1050.1189999999999,1661,23,12,1,ValidHit,ground,ground,-49.9072418,-3.05917841E-14,47.5087624,8.81769085,0.0109999999,-50.0778389,1.63024604,38.8447685,0.0193470009,-0.184882998,0.982567012
69,Eye_ID2551343_Task69_1766046091020,Eye_ID2551343_Task69_1766046091020.csv,1050.1300000000001,1662,23,12,1,ValidHit,ground,ground,-49.2695465,-3.19666914E-14,49.6439896,10.9497442,0.0109999999,-50.0862198,1.63006496,38.8470993,0.0745830014,-0.148865998,0.986028016
69,Eye_ID2551343_Task69_1766046091020,Eye_ID2551343_Task69_1766046091020.csv,1050.1410000000001,1663,23,12,1,ValidHit,ground,ground,-47.1202087,-3.40886851E-14,52.9394188,14.4926624,0.0109999999,-50.1035614,1.62965703,38.8510895,0.205851004,-0.112446003,0.972091973
69,Eye_ID2551343_Task69_1766046091020,Eye_ID2551343_Task69_1766046091020.csv,1050.152,1664,23,12,1,ValidHit,ground,ground,-47.3639069,-3.43190984E-14,53.2972488,14.792594,0.0109999999,-50.1019096,1.62978995,38.8519096,0.185089007,-0.110174,0.976507008
69,Eye_ID2551343_Task69_1766046091020,Eye_ID2551343_Task69_1766046091020.csv,1050.163,1665,23,12,1,ValidHit,ground,ground,-47.4120865,-3.41448129E-14,53.0265884,14.5184898,0.0120000001,-50.1018906,1.62975895,38.852829,0.185264006,-0.112251997,0.976238012
69,Eye_ID2551343_Task69_1766046091020,Eye_ID2551343_Task69_1766046091020.csv,1050.175,1666,23,12,1,ValidHit,ground,ground,-48.5252304,-3.26284952E-14,50.6717606,12.0338211,0.0109999999,-50.0971107,1.62971401,38.8528709,0.130620003,-0.135426,0.982125998
69,Eye_ID2551343_Task69_1766046091020,Eye_ID2551343_Task69_1766046091020.csv,1050.1859999999999,1667,23,12,1,ValidHit,ground,ground,-47.2942009,-3.34896261E-14,52.0090942,13.5493927,0.0109999999,-50.1037483,1.62924898,38.8546982,0.207353994,-0.120243996,0.97083801
69,Eye_ID2551343_Task69_1766046091020,Eye_ID2551343_Task69_1766046091020.csv,1050.1969999999999,1668,23,12,1,ValidHit,ground,ground,-47.3349495,-3.33442279E-14,51.7832909,13.3209114,0.0109999999,-50.1039085,1.62908304,38.8555794,0.207864001,-0.122294001,0.970472991
69,Eye_ID2551343_Task69_1766046091020,Eye_ID2551343_Task69_1766046091020.csv,1050.2080000000001,1669,23,12,1,ValidHit,ground,ground,-47.5763206,-3.35090401E-14,52.039238,13.5210943,0.0109999999,-50.1023102,1.62918699,38.8564796,0.186814994,-0.12049,0.974959016
69,Eye_ID2551343_Task69_1766046091020,Eye_ID2551343_Task69_1766046091020.csv,1050.2190000000001,1670,23,12,1,ValidHit,ground,ground,-48.0779991,-3.27754723E-14,50.900013,12.3197966,0.0109999999,-50.0998688,1.62909603,38.8569489,0.164113,-0.132231995,0.977523029
69,Eye_ID2551343_Task69_1766046091020,Eye_ID2551343_Task69_1766046091020.csv,1050.23,1671,23,12,1,ValidHit,ground,ground,-49.1298332,-3.24061592E-14,50.3264771,11.6247377,0.0109999999,-50.0916901,1.62917304,38.8567314,0.0827409998,-0.140146002,0.986660004
69,Eye_ID2551343_Task69_1766046091020,Eye_ID2551343_Task69_1766046091020.csv,1050.241,1672,23,12,1,ValidHit,ground,ground,-49.1580086,-3.21926222E-14,49.994854,11.2942829,0.0109999999,-50.0918808,1.62892997,38.8577385,0.0826850012,-0.144225001,0.986077011
69,Eye_ID2551343_Task69_1766046091020,Eye_ID2551343_Task69_1766046091020.csv,1050.252,1673,23,12,1,ValidHit,ground,ground,-50.8470612,-2.91369102E-14,45.2493591,6.64342308,0.0109999999,-50.069931,1.62937903,38.8558998,-0.116976,-0.24526,0.962365985
69,Eye_ID2551343_Task69_1766046091020,Eye_ID2551343_Task69_1766046091020.csv,1050.2629999999999,1674,23,12,1,ValidHit,ground,ground,-50.8009911,-2.89797889E-14,45.005352,6.39997435,0.0120000001,-50.0743713,1.62940395,38.8590698,-0.113532998,-0.254593015,0.96035099
69,Eye_ID2551343_Task69_1766046091020,Eye_ID2551343_Task69_1766046091020.csv,1050.2750000000001,1675,23,12,1,ValidHit,ground,ground,-50.7815285,-2.88632169E-14,44.8243179,6.22272301,0.0109999999,-50.0745506,1.62899303,38.8603592,-0.113612004,-0.26177901,0.958407998
69,Eye_ID2551343_Task69_1766046091020,Eye_ID2551343_Task69_1766046091020.csv,1050.2860000000001,1676,23,12,1,ValidHit,ground,ground,-50.8953209,-2.91473117E-14,45.2655106,6.65842962,0.0109999999,-50.0743713,1.62854898,38.861721,-0.123294003,-0.244581997,0.961746991
69,Eye_ID2551343_Task69_1766046091020,Eye_ID2551343_Task69_1766046091020.csv,1050.297,1677,23,12,1,ValidHit,ground,ground,-50.7627716,-2.86468271E-14,44.4882698,5.8986311,0.0109999999,-50.0705719,1.62776399,38.8610992,-0.117348999,-0.275954008,0.953971982
69,Eye_ID2551343_Task69_1766046091020,Eye_ID2551343_Task69_1766046091020.csv,1050.308,1678,23,12,1,ValidHit,ground,ground,-50.7213135,-2.84940223E-14,44.2509613,5.66401196,0.0109999999,-50.0750008,1.62767696,38.8644905,-0.114105999,-0.287369013,0.950989008
69,Eye_ID2551343_Task69_1766046091020,Eye_ID2551343_Task69_1766046091020.csv,1050.319,1679,23,12,1,ValidHit,ground,ground,-50.7075539,-2.83906301E-14,44.0903969,5.50847864,0.0109999999,-50.0752182,1.62716997,38.86586,-0.114794001,-0.295390993,0.948445022
69,Eye_ID2551343_Task69_1766046091020,Eye_ID2551343_Task69_1766046091020.csv,1050.3299999999999,1680,23,12,1,ValidHit,ground,ground,-50.3718796,-2.97403771E-14,46.1865425,7.50215912,0.0109999999,-50.0845413,1.62634802,38.8684311,-0.0383009985,-0.216782004,0.97545898
69,Eye_ID2551343_Task69_1766046091020,Eye_ID2551343_Task69_1766046091020.csv,1050.3409999999999,1681,23,12,1,ValidHit,ground,ground,-49.6425819,-3.0898837E-14,47.9856148,9.26983833,0.0109999999,-50.093441,1.62548006,38.8705482,0.048636999,-0.175350994,0.983300984
69,Eye_ID2551343_Task69_1766046091020,Eye_ID2551343_Task69_1766046091020.csv,1050.3520000000001,1682,23,12,1,ValidHit,ground,ground,-49.6754074,-3.06686541E-14,47.6281433,8.91565609,0.0109999999,-50.0936394,1.62516797,38.8718414,0.0469099991,-0.182282001,0.982123971
69,Eye_ID2551343_Task69_1766046091020,Eye_ID2551343_Task69_1766046091020.csv,1050.3630000000001,1683,23,12,1,ValidHit,ground,ground,-48.7495499,-3.20940648E-14,49.8417892,11.1697636,0.0120000001,-50.1005402,1.62453699,38.8736916,0.120949998,-0.145439997,0.981941998
69,Eye_ID2551343_Task69_1766046091020,Eye_ID2551343_Task69_1766046091020.csv,1050.375,1684,23,12,1,ValidHit,ground,ground,-49.256958,-3.19872641E-14,49.6759338,10.9549255,0.0109999999,-50.0963898,1.624511,38.8746986,0.076624997,-0.148288995,0.98596102
69,Eye_ID2551343_Task69_1766046091020,Eye_ID2551343_Task69_1766046091020.csv,1050.386,1685,23,12,1,ValidHit,entrance,E2,-50.8158073,0.797086895,77.2426605,38.381443,0.0109999999,-50.1077003,1.62402797,38.8766594,-0.0184489992,-0.0215450004,0.999581993
69,Eye_ID2551343_Task69_1766046091020,Eye_ID2551343_Task69_1766046091020.csv,1050.3969999999999,1686,23,12,1,ValidHit,entrance,E2,-50.9054489,0.601126552,77.2426605,38.3868484,0.0109999999,-50.1080208,1.62376904,38.8777199,-0.0207729992,-0.0266399998,0.999414027
69,Eye_ID2551343_Task69_1766046091020,Eye_ID2551343_Task69_1766046091020.csv,1050.4079999999999,1687,23,12,1,ValidHit,ground,ground,-49.006237,-3.12289121E-14,48.4982224,9.81751728,0.0109999999,-50.101799,1.62351,38.8780594,0.111592002,-0.165368006,0.979893982
69,Eye_ID2551343_Task69_1766046091020,Eye_ID2551343_Task69_1766046091020.csv,1050.4190000000001,1688,23,12,1,ValidHit,ground,ground,-49.4380264,-3.12475977E-14,48.5272408,9.80623055,0.0109999999,-50.0976791,1.62357497,38.8788681,0.0672689974,-0.165564001,0.983892024
69,Eye_ID2551343_Task69_1766046091020,Eye_ID2551343_Task69_1766046091020.csv,1050.4300000000001,1689,23,12,1,ValidHit,ground,ground,-49.7657166,-4.43002839E-14,68.7979431,29.9630642,0.0109999999,-50.1089516,1.62336898,38.8808594,0.0114550004,-0.0541779995,0.998447001
69,Eye_ID2551343_Task69_1766046091020,Eye_ID2551343_Task69_1766046091020.csv,1050.441,1690,23,12,1,ValidHit,ground,ground,-49.8448715,-4.36062963E-14,67.7201843,28.8853531,0.0109999999,-50.1092606,1.62324297,38.881691,0.00915300008,-0.0561949983,0.998359025
69,Eye_ID2551343_Task69_1766046091020,Eye_ID2551343_Task69_1766046091020.csv,1050.452,1691,23,12,1,ValidHit,entrance,E2,-49.8294373,0.695912421,77.2426605,38.3720894,0.0109999999,-50.1094818,1.62329304,38.8828011,0.00729800016,-0.0241679996,0.999677002
69,Eye_ID2551343_Task69_1766046091020,Eye_ID2551343_Task69_1766046091020.csv,1050.463,1692,23,12,1,ValidHit,entrance,E2,-49.588604,1.14668012,77.2426605,38.3655548,0.0109999999,-50.1096992,1.62329996,38.8835983,0.0135819996,-0.0124230003,0.999818981
69,Eye_ID2551343_Task69_1766046091020,Eye_ID2551343_Task69_1766046091020.csv,1050.4739999999999,1693,23,12,1,ValidHit,entrance,E2,-49.6492577,1.11155427,77.2426529,38.3645096,0.0109999999,-50.1100197,1.62326598,38.8843307,0.0120099997,-0.0133379996,0.999827027
69,Eye_ID2551343_Task69_1766046091020,Eye_ID2551343_Task69_1766046091020.csv,1050.4849999999999,1694,23,12,1,ValidHit,entrance,E2,-50.1124573,2.56422544,77.2426605,38.3692894,0.0120000001,-50.1103783,1.623402,38.8849106,-5.40000001E-05,0.0245200004,0.999688983
69,Eye_ID2551343_Task69_1766046091020,Eye_ID2551343_Task69_1766046091020.csv,1050.4970000000001,1695,23,12,1,ValidHit,entrance,E2,-48.9311142,3.85384107,77.2426605,38.4400673,0.0109999999,-50.1108093,1.62349105,38.8854904,0.0306889992,0.0580210015,0.99783498
69,Eye_ID2551343_Task69_1766046091020,Eye_ID2551343_Task69_1766046091020.csv,1050.508,1696,23,12,1,ValidHit,entrance,E2,-49.8165131,1.12359858,77.2426605,38.3612366,0.0109999999,-50.1110115,1.62326002,38.8858109,0.00767700002,-0.0130249998,0.999873996
69,Eye_ID2551343_Task69_1766046091020,Eye_ID2551343_Task69_1766046091020.csv,1050.519,1697,23,12,1,ValidHit,entrance,E2,-49.8598137,1.15640247,77.2426605,38.3601074,0.0109999999,-50.1113396,1.62328899,38.886219,0.00655699987,-0.0121710002,0.99989301
69,Eye_ID2551343_Task69_1766046091020,Eye_ID2551343_Task69_1766046091020.csv,1050.53,1698,23,12,1,ValidHit,entrance,E2,-50.3030319,2.64938593,77.2426605,38.3702278,0.0109999999,-50.1116714,1.62347102,38.886631,-0.00498700002,0.0267370008,0.99962002
69,Eye_ID2551343_Task69_1766046091020,Eye_ID2551343_Task69_1766046091020.csv,1050.5409999999999,1699,23,12,1,ValidHit,entrance,E2,-48.8929558,3.91680479,77.2426605,38.4433403,0.0109999999,-50.1119995,1.62375402,38.8871384,0.0317099988,0.0596470013,0.997705996
69,Eye_ID2551343_Task69_1766046091020,Eye_ID2551343_Task69_1766046091020.csv,1050.5519999999999,1700,23,12,1,ValidHit,entrance,E2,-48.9280357,3.96440744,77.2426529,38.4447823,0.0120000001,-50.1122284,1.623788,38.8874702,0.0308020003,0.0608819984,0.997659028
69,Eye_ID2551343_Task69_1766046091020,Eye_ID2551343_Task69_1766046091020.csv,1050.5640000000001,1701,23,12,1,ValidHit,signage,HS-02,-49.4645729,3.24160361,59.3582382,20.5438251,0.0109999999,-50.1124306,1.62406194,38.8884392,0.0315349996,0.0787350014,0.996381998
69,Eye_ID2551343_Task69_1766046091020,Eye_ID2551343_Task69_1766046091020.csv,1050.575,1702,23,12,1,ValidHit,entrance,E2,-52.5865631,2.59865952,77.2426605,38.4466629,0.00999999978,-50.1059914,1.62456405,38.8884697,-0.064519003,0.0253359992,0.997583985
69,Eye_ID2551343_Task69_1766046091020,Eye_ID2551343_Task69_1766046091020.csv,1050.585,1703,23,12,1,ValidHit,signage,HS-02,-49.7873802,3.85131097,59.3367996,20.5709953,0.0120000001,-50.112999,1.62420797,38.8893089,0.0158290006,0.108263999,0.993993998
69,Eye_ID2551343_Task69_1766046091020,Eye_ID2551343_Task69_1766046091020.csv,1050.597,1704,23,12,1,ValidHit,signage,HS-02,-49.8048325,3.86882734,59.33564,20.5713634,0.0109999999,-50.1133614,1.62419903,38.889431,0.0149980001,0.109113999,0.993914008
69,Eye_ID2551343_Task69_1766046091020,Eye_ID2551343_Task69_1766046091020.csv,1050.6079999999999,1705,23,12,1,ValidHit,signage,HS-02,-49.433651,3.61697388,59.3602943,20.5789776,0.0109999999,-50.1137886,1.62411201,38.8893318,0.0330500007,0.0968390033,0.994744003
69,Eye_ID2551343_Task69_1766046091020,Eye_ID2551343_Task69_1766046091020.csv,1050.6189999999999,1706,23,12,1,ValidHit,commercial,C6,-51.408577,2.17221594,58.3004875,19.4626503,0.0109999999,-50.1073494,1.62460899,38.8891106,-0.0668570027,0.028136,0.997354984
69,Eye_ID2551343_Task69_1766046091020,Eye_ID2551343_Task69_1766046091020.csv,1050.6300000000001,1707,23,12,1,ValidHit,commercial,C6,-51.4152145,2.1824193,58.1011353,19.2644348,0.0109999999,-50.1075516,1.62466896,38.8892288,-0.0678789988,0.0289520007,0.997262001
69,Eye_ID2551343_Task69_1766046091020,Eye_ID2551343_Task69_1766046091020.csv,1050.6410000000001,1708,23,12,1,ValidHit,signage,HS-02,-49.8791771,3.95061588,59.3306999,20.5739708,0.0109999999,-50.11446,1.62435496,38.8900185,0.0114359995,0.113067999,0.993520021
69,Eye_ID2551343_Task69_1766046091020,Eye_ID2551343_Task69_1766046091020.csv,1050.652,1709,23,12,1,ValidHit,signage,HS-02,-49.2396889,3.50113249,59.3731766,20.5877495,0.0109999999,-50.1149216,1.62435603,38.8898392,0.0425119996,0.091159001,0.994919002
69,Eye_ID2551343_Task69_1766046091020,Eye_ID2551343_Task69_1766046091020.csv,1050.663,1710,23,12,1,ValidHit,signage,HS-02,-49.6655045,3.65752888,59.3448944,20.5607166,0.0120000001,-50.1151886,1.62444699,38.8898811,0.0218710005,0.0988809988,0.99484998
69,Eye_ID2551343_Task69_1766046091020,Eye_ID2551343_Task69_1766046091020.csv,1050.675,1711,23,12,1,ValidHit,signage,HS-02,-49.7061348,3.69931626,59.3421936,20.5613461,0.00999999978,-50.1154099,1.62455499,38.8898888,0.0199050009,0.100905001,0.994687974
69,Eye_ID2551343_Task69_1766046091020,Eye_ID2551343_Task69_1766046091020.csv,1050.6849999999999,1712,23,12,1,ValidHit,signage,HS-02,-49.0961609,3.17301989,59.3827095,20.5763206,0.0120000001,-50.1156502,1.624668,38.8900719,0.0495459996,0.075248003,0.995917022
69,Eye_ID2551343_Task69_1766046091020,Eye_ID2551343_Task69_1766046091020.csv,1050.6969999999999,1713,23,12,1,ValidHit,signage,HS-02,-49.3651772,3.71964526,59.3648415,20.595377,0.0109999999,-50.1158791,1.62474,38.8900414,0.0364499986,0.101717003,0.994143009
69,Eye_ID2551343_Task69_1766046091020,Eye_ID2551343_Task69_1766046091020.csv,1050.7080000000001,1714,23,12,1,ValidHit,signage,HS-02,-49.4065628,3.75294256,59.3620911,20.5946674,0.0109999999,-50.1161118,1.62478697,38.8899689,0.0344530009,0.103335001,0.994046986
69,Eye_ID2551343_Task69_1766046091020,Eye_ID2551343_Task69_1766046091020.csv,1050.7190000000001,1715,23,12,1,ValidHit,signage,HS-02,-49.3042946,3.43000937,59.368885,20.5742722,0.0109999999,-50.1163292,1.624964,38.8900414,0.0394680016,0.0877320021,0.99534899
69,Eye_ID2551343_Task69_1766046091020,Eye_ID2551343_Task69_1766046091020.csv,1050.73,1716,23,12,1,ValidHit,signage,HS-02,-49.2672806,3.31056046,59.3713417,20.5683689,0.0109999999,-50.1164589,1.624915,38.8897591,0.0412850007,0.0819519982,0.995764971
69,Eye_ID2551343_Task69_1766046091020,Eye_ID2551343_Task69_1766046091020.csv,1050.741,1717,23,12,1,ValidHit,signage,HS-02,-49.5280418,3.85940409,59.354023,20.5943165,0.0109999999,-50.1166496,1.62501895,38.88974,0.0285810009,0.108494997,0.993683994
69,Eye_ID2551343_Task69_1766046091020,Eye_ID2551343_Task69_1766046091020.csv,1050.752,1718,23,12,1,ValidHit,signage,HS-02,-49.562706,3.89316869,59.3517189,20.5947857,0.0109999999,-50.1167908,1.62508094,38.8897095,0.026904,0.110128999,0.993551016
69,Eye_ID2551343_Task69_1766046091020,Eye_ID2551343_Task69_1766046091020.csv,1050.7629999999999,1719,23,12,1,ValidHit,signage,HS-02,-49.1846657,3.44054937,59.3768311,20.5884495,0.0109999999,-50.1170616,1.62524903,38.8897705,0.0452869982,0.0881699994,0.995065987
69,Eye_ID2551343_Task69_1766046091020,Eye_ID2551343_Task69_1766046091020.csv,1050.7739999999999,1720,23,12,1,ValidHit,commercial,C6,-52.3121872,3.4384048,55.5949211,16.9506397,0.0109999999,-50.1006088,1.62605202,38.8871803,-0.130469993,0.106918,0.985656977
69,Eye_ID2551343_Task69_1766046091020,Eye_ID2551343_Task69_1766046091020.csv,1050.7850000000001,1721,23,12,1,ValidHit,commercial,C6,-52.3329277,3.44733787,55.5795593,16.9391899,0.0109999999,-50.100769,1.62604499,38.8871498,-0.131772995,0.107518002,0.985418022
69,Eye_ID2551343_Task69_1766046091020,Eye_ID2551343_Task69_1766046091020.csv,1050.796,1722,23,12,1,ValidHit,signage,HS-02,-49.3537636,4.07417059,59.3655968,20.6361599,0.0120000001,-50.1176796,1.62521398,38.8895111,0.0370180011,0.118671998,0.992233992
69,Eye_ID2551343_Task69_1766046091020,Eye_ID2551343_Task69_1766046091020.csv,1050.808,1723,23,12,1,ValidHit,signage,HS-02,-49.1562538,3.25209022,59.3787155,20.5764523,0.0109999999,-50.1180305,1.62500298,38.8892593,0.0467410013,0.0790740028,0.995756984
69,Eye_ID2551343_Task69_1766046091020,Eye_ID2551343_Task69_1766046091020.csv,1050.819,1724,23,12,1,ValidHit,entrance,E2,-46.4572945,4.15070724,77.2426605,38.6110268,0.0109999999,-50.1183395,1.62480605,38.8886795,0.0948169976,0.0654179975,0.993324995
69,Eye_ID2551343_Task69_1766046091020,Eye_ID2551343_Task69_1766046091020.csv,1050.8299999999999,1725,23,12,1,ValidHit,entrance,E2,-46.5143013,4.10165453,77.2426605,38.6024399,0.0109999999,-50.1183395,1.62479806,38.8887215,0.0933609977,0.064162001,0.993543983
69,Eye_ID2551343_Task69_1766046091020,Eye_ID2551343_Task69_1766046091020.csv,1050.8409999999999,1726,23,12,1,ValidHit,signage,HS-02,-49.459816,3.98199654,59.3585548,20.6148605,0.0109999999,-50.1183205,1.62491298,38.8894806,0.0319430009,0.114338003,0.992919028
69,Eye_ID2551343_Task69_1766046091020,Eye_ID2551343_Task69_1766046091020.csv,1050.8520000000001,1727,23,12,1,ValidHit,signage,HS-02,-49.2623749,3.12147903,59.3716698,20.554821,0.0109999999,-50.118721,1.62455201,38.8893204,0.0416610017,0.0728249997,0.996459007
69,Eye_ID2551343_Task69_1766046091020,Eye_ID2551343_Task69_1766046091020.csv,1050.8630000000001,1728,23,12,1,ValidHit,entrance,E2,-47.1724968,3.61634135,77.2426605,38.5184784,0.0109999999,-50.1191216,1.62417805,38.8887596,0.0764980018,0.0517189987,0.995714009
69,Eye_ID2551343_Task69_1766046091020,Eye_ID2551343_Task69_1766046091020.csv,1050.874,1729,23,12,1,ValidHit,entrance,E2,-47.2202873,3.49831367,77.2426605,38.5088501,0.0109999999,-50.1194305,1.623909,38.8888702,0.0752839968,0.0486739986,0.995959997
69,Eye_ID2551343_Task69_1766046091020,Eye_ID2551343_Task69_1766046091020.csv,1050.885,1730,23,12,1,ValidHit,entrance,E2,-46.3316994,3.73306847,77.2426605,38.5979843,0.0120000001,-50.1197815,1.62358999,38.8889809,0.0981409997,0.0546520017,0.993659973
69,Eye_ID2551343_Task69_1766046091020,Eye_ID2551343_Task69_1766046091020.csv,1050.8969999999999,1731,23,12,1,ValidHit,entrance,E2,-47.1234665,2.67365098,77.2426605,38.4843559,0.0109999999,-50.1197891,1.62335896,38.8894997,0.0778570026,0.0272909999,0.996577024
69,Eye_ID2551343_Task69_1766046091020,Eye_ID2551343_Task69_1766046091020.csv,1050.9079999999999,1732,23,12,1,ValidHit,entrance,E2,-47.1846085,2.5065887,77.2426605,38.475235,0.0109999999,-50.1201591,1.62299299,38.8897514,0.0762960017,0.0229649991,0.996806979
69,Eye_ID2551343_Task69_1766046091020,Eye_ID2551343_Task69_1766046091020.csv,1050.9190000000001,1733,23,12,1,ValidHit,entrance,E2,-46.9912033,2.98971486,77.2426605,38.5042305,0.0109999999,-50.1204605,1.62253702,38.8901596,0.0812700018,0.035507001,0.99605298
69,Eye_ID2551343_Task69_1766046091020,Eye_ID2551343_Task69_1766046091020.csv,1050.9300000000001,1734,23,12,1,ValidHit,entrance,E2,-48.4573479,1.992293,77.2426605,38.390358,0.0109999999,-50.1204605,1.62186205,38.8901291,0.0433209985,0.00964900013,0.999009013
69,Eye_ID2551343_Task69_1766046091020,Eye_ID2551343_Task69_1766046091020.csv,1050.941,1735,23,12,1,ValidHit,entrance,E2,-48.5129433,1.73389471,77.2426605,38.3860283,0.0109999999,-50.1208305,1.62126994,38.8904915,0.0418870002,0.00293399999,0.99911201
69,Eye_ID2551343_Task69_1766046091020,Eye_ID2551343_Task69_1766046091020.csv,1050.952,1736,23,12,1,ValidHit,entrance,E2,-47.4083023,1.53383911,77.2426605,38.4474144,0.0109999999,-50.1216507,1.620924,38.8912086,0.0705720037,-0.00226500002,0.997489989
69,Eye_ID2551343_Task69_1766046091020,Eye_ID2551343_Task69_1766046091020.csv,1050.963,1737,23,12,1,ValidHit,entrance,E2,-47.2117729,1.94634306,77.2426605,38.4624748,0.0109999999,-50.12183,1.62040901,38.8918114,0.0756589994,0.0084739998,0.997092009
69,Eye_ID2551343_Task69_1766046091020,Eye_ID2551343_Task69_1766046091020.csv,1050.9739999999999,1738,23,12,1,ValidHit,ground,ground,-50.5936546,-3.28650613E-14,51.0391464,12.2645636,0.0109999999,-50.1144485,1.62037301,38.8915405,-0.0390719995,-0.132117003,0.990454018
69,Eye_ID2551343_Task69_1766046091020,Eye_ID2551343_Task69_1766046091020.csv,1050.9849999999999,1739,23,12,1,ValidHit,ground,ground,-50.5851402,-3.24914927E-14,50.4589958,11.6893272,0.0109999999,-50.114769,1.61998105,38.8920288,-0.0402389988,-0.138585001,0.989522994
69,Eye_ID2551343_Task69_1766046091020,Eye_ID2551343_Task69_1766046091020.csv,1050.9960000000001,1740,23,12,1,ValidHit,ground,ground,-51.0866928,-2.72134169E-14,42.2621918,3.87073803,0.0120000001,-50.093399,1.62109303,38.8905411,-0.256614,-0.418803006,0.87105298
69,Eye_ID2551343_Task69_1766046091020,Eye_ID2551343_Task69_1766046091020.csv,1051.008,1741,23,12,1,ValidHit,ground,ground,-50.1617432,-2.73663013E-14,42.4996223,3.95597172,0.0109999999,-50.1178093,1.61765099,38.8897705,-0.0111060003,-0.408908993,0.912495017
69,Eye_ID2551343_Task69_1766046091020,Eye_ID2551343_Task69_1766046091020.csv,1051.019,1742,23,12,1,ValidHit,ground,ground,-50.6282883,-2.64453732E-14,41.0694275,2.76838827,0.0109999999,-50.0934906,1.61908996,38.8884888,-0.193177998,-0.584841013,0.787791014
69,Eye_ID2551343_Task69_1766046091020,Eye_ID2551343_Task69_1766046091020.csv,1051.03,1743,23,12,1,ValidHit,ground,ground,-50.6275902,-2.64286324E-14,41.0434303,2.74710393,0.0109999999,-50.0937881,1.61879599,38.8890991,-0.194310993,-0.589264989,0.784206986
69,Eye_ID2551343_Task69_1766046091020,Eye_ID2551343_Task69_1766046091020.csv,1051.0409999999999,1744,23,12,1,ValidHit,ground,ground,-50.5759315,-2.64525882E-14,41.0806313,2.76678658,0.0109999999,-50.0943108,1.61830294,38.8887711,-0.174069002,-0.584896028,0.792194009
69,Eye_ID2551343_Task69_1766046091020,Eye_ID2551343_Task69_1766046091020.csv,1051.0519999999999,1745,23,12,1,ValidHit,ground,ground,-50.1293411,-2.70257602E-14,41.9707642,3.47844481,0.0109999999,-50.1225891,1.61564696,38.8903084,-0.00194300001,-0.464471012,0.88557899
69,Eye_ID2551343_Task69_1766046091020,Eye_ID2551343_Task69_1766046091020.csv,1051.0630000000001,1746,23,12,1,ValidHit,ground,ground,-50.1346474,-2.70061073E-14,41.940239,3.45079947,0.0109999999,-50.1229095,1.61534703,38.8908882,-0.00340000005,-0.468104988,0.883659005
69,Eye_ID2551343_Task69_1766046091020,Eye_ID2551343_Task69_1766046091020.csv,1051.0740000000001,1747,23,12,1,ValidHit,ground,ground,-50.6275253,-2.63778681E-14,40.9645882,2.68281507,0.0109999999,-50.0951195,1.61770999,38.8916588,-0.198447004,-0.602980971,0.772660017
69,Eye_ID2551343_Task69_1766046091020,Eye_ID2551343_Task69_1766046091020.csv,1051.085,1748,23,12,1,ValidHit,ground,ground,-50.5810127,-2.64071568E-14,41.0100784,2.7092967,0.0109999999,-50.0956001,1.61732101,38.8913689,-0.179165006,-0.596944988,0.782005012
69,Eye_ID2551343_Task69_1766046091020,Eye_ID2551343_Task69_1766046091020.csv,1051.096,1749,23,12,1,ValidHit,ground,ground,-50.1541748,-2.7071832E-14,42.0423126,3.53943348,0.0109999999,-50.1258011,1.61454105,38.8927002,-0.00801500026,-0.456151009,0.889849007
69,Eye_ID2551343_Task69_1766046091020,Eye_ID2551343_Task69_1766046091020.csv,1051.107,1750,23,12,1,ValidHit,ground,ground,-50.1633415,-2.7062064E-14,42.0271416,3.52547026,0.0109999999,-50.1261406,1.61438799,38.8932419,-0.0105499998,-0.457913995,0.888916016
69,Eye_ID2551343_Task69_1766046091020,Eye_ID2551343_Task69_1766046091020.csv,1051.1179999999999,1751,23,12,1,ValidHit,ground,ground,-50.188797,-2.72111757E-14,42.2587128,3.73241258,0.0120000001,-50.12537,1.61443901,38.8941193,-0.0169929992,-0.432541996,0.901444018
69,Eye_ID2551343_Task69_1766046091020,Eye_ID2551343_Task69_1766046091020.csv,1051.1300000000001,1752,23,12,1,ValidHit,ground,ground,-50.2862473,-2.70689927E-14,42.0379028,3.53773999,0.0109999999,-50.1210098,1.61479402,38.8945389,-0.0467059985,-0.456440002,0.888508022
69,Eye_ID2551343_Task69_1766046091020,Eye_ID2551343_Task69_1766046091020.csv,1051.1410000000001,1753,23,12,1,ValidHit,ground,ground,-50.2953873,-2.70647796E-14,42.0313568,3.53177524,0.0109999999,-50.1213188,1.61463904,38.8950996,-0.0492830016,-0.457167,0.887995005
69,Eye_ID2551343_Task69_1766046091020,Eye_ID2551343_Task69_1766046091020.csv,1051.152,1754,23,12,1,ValidHit,ground,ground,-50.0067368,-2.78900065E-14,43.3129311,4.70877552,0.0109999999,-50.1203995,1.61435199,38.8909988,0.0241379999,-0.342835009,0.939073026
69,Eye_ID2551343_Task69_1766046091020,Eye_ID2551343_Task69_1766046091020.csv,1051.163,1755,23,12,1,ValidHit,ground,ground,-50.2272682,-2.71882499E-14,42.2231102,3.69895267,0.0109999999,-50.1265907,1.61383402,38.8963013,-0.0272170007,-0.436291009,0.899384022
69,Eye_ID2551343_Task69_1766046091020,Eye_ID2551343_Task69_1766046091020.csv,1051.174,1756,23,12,1,ValidHit,ground,ground,-50.3200874,-2.70507138E-14,42.0095139,3.51198626,0.0109999999,-50.1220703,1.61422896,38.8967781,-0.0563809983,-0.459625989,0.886300981
69,Eye_ID2551343_Task69_1766046091020,Eye_ID2551343_Task69_1766046091020.csv,1051.1849999999999,1757,23,12,1,ValidHit,ground,ground,-50.3258209,-2.70451352E-14,42.0008545,3.50406814,0.0109999999,-50.1223602,1.61413801,38.8973618,-0.0580639988,-0.460639,0.885667026
69,Eye_ID2551343_Task69_1766046091020,Eye_ID2551343_Task69_1766046091020.csv,1051.1959999999999,1758,23,12,1,ValidHit,ground,ground,-50.1163483,-2.78299231E-14,43.2196236,4.61709261,0.0109999999,-50.1206398,1.61406398,38.8938484,0.00092999998,-0.349581003,0.936895013
69,Eye_ID2551343_Task69_1766046091020,Eye_ID2551343_Task69_1766046091020.csv,1051.2070000000001,1759,23,12,1,ValidHit,ground,ground,-50.5846748,-2.69413584E-14,41.8396873,3.38739109,0.0120000001,-50.1096802,1.61582005,38.9006615,-0.140224993,-0.477003008,0.867626011
69,Eye_ID2551343_Task69_1766046091020,Eye_ID2551343_Task69_1766046091020.csv,1051.2190000000001,1760,23,12,1,ValidHit,ground,ground,-50.5893517,-2.69379991E-14,41.8344688,3.38296628,0.0109999999,-50.1098404,1.61571205,38.9012108,-0.141740993,-0.477595001,0.867053986
69,Eye_ID2551343_Task69_1766046091020,Eye_ID2551343_Task69_1766046091020.csv,1051.23,1761,23,12,1,ValidHit,ground,ground,-50.9006042,-2.63316099E-14,40.8927536,2.68917441,0.0109999999,-50.0897484,1.61803901,38.903759,-0.301521987,-0.601677001,0.739620984
69,Eye_ID2551343_Task69_1766046091020,Eye_ID2551343_Task69_1766046091020.csv,1051.241,1762,23,12,1,ValidHit,ground,ground,-51.0524521,-2.62093153E-14,40.7028351,2.609303,0.0109999999,-50.0775909,1.619151,38.90382,-0.37360701,-0.620523989,0.689454973
69,Eye_ID2551343_Task69_1766046091020,Eye_ID2551343_Task69_1766046091020.csv,1051.252,1763,23,12,1,ValidHit,ground,ground,-50.8429642,-2.64436249E-14,41.0667114,2.80207729,0.0109999999,-50.093399,1.61749196,38.9048805,-0.267500013,-0.57723999,0.771499991
69,Eye_ID2551343_Task69_1766046091020,Eye_ID2551343_Task69_1766046091020.csv,1051.2629999999999,1764,23,12,1,ValidHit,ground,ground,-50.8483887,-2.64449226E-14,41.0687294,2.80462217,0.0109999999,-50.0934486,1.61738503,38.9053802,-0.269169986,-0.576677978,0.771338999
69,Eye_ID2551343_Task69_1766046091020,Eye_ID2551343_Task69_1766046091020.csv,1051.2739999999999,1765,23,12,1,ValidHit,ground,ground,-50.9209709,-2.63343865E-14,40.8970642,2.69666672,0.0109999999,-50.0900917,1.61759806,38.9058304,-0.308108985,-0.599842012,0.738395989
69,Eye_ID2551343_Task69_1766046091020,Eye_ID2551343_Task69_1766046091020.csv,1051.2850000000001,1766,23,12,1,ValidHit,ground,ground,-51.0723724,-2.6213625E-14,40.7095222,2.61951065,0.0109999999,-50.0778313,1.61866999,38.9060211,-0.379666001,-0.617923021,0.688481987
69,Eye_ID2551343_Task69_1766046091020,Eye_ID2551343_Task69_1766046091020.csv,1051.296,1767,23,12,1,ValidHit,ground,ground,-51.0774002,-2.62152326E-14,40.7120209,2.6227088,0.0109999999,-50.0778694,1.61861205,38.9065819,-0.381105006,-0.617147028,0.68838203
69,Eye_ID2551343_Task69_1766046091020,Eye_ID2551343_Task69_1766046091020.csv,1051.307,1768,23,12,1,ValidHit,ground,ground,-50.8277969,-2.65068373E-14,41.1648827,2.87175345,0.0109999999,-50.0964813,1.61679101,38.9069786,-0.254655987,-0.56299299,0.786239028
69,Eye_ID2551343_Task69_1766046091020,Eye_ID2551343_Task69_1766046091020.csv,1051.318,1769,23,12,1,ValidHit,ground,ground,-50.7507629,-2.68281423E-14,41.6638641,3.26025438,0.0120000001,-50.1049118,1.61586595,38.9068489,-0.198094994,-0.495617986,0.84562999
69,Eye_ID2551343_Task69_1766046091020,Eye_ID2551343_Task69_1766046091020.csv,1051.3299999999999,1770,23,12,1,ValidHit,ground,ground,-50.6409416,-2.67122648E-14,41.4839058,3.08796835,0.0109999999,-50.1045189,1.61605406,38.9078293,-0.173712,-0.52333498,0.834223986
69,Eye_ID2551343_Task69_1766046091020,Eye_ID2551343_Task69_1766046091020.csv,1051.3409999999999,1771,23,12,1,ValidHit,ground,ground,-50.6446953,-2.67127866E-14,41.4847183,3.08888888,0.0109999999,-50.1045494,1.61598206,38.9082794,-0.174869001,-0.523155987,0.834095001
69,Eye_ID2551343_Task69_1766046091020,Eye_ID2551343_Task69_1766046091020.csv,1051.3520000000001,1772,23,12,1,ValidHit,ground,ground,-50.5976257,-2.78848244E-14,43.304882,4.70748663,0.0109999999,-50.1165009,1.61519396,38.90942,-0.102202997,-0.343106002,0.933701992
69,Eye_ID2551343_Task69_1766046091020,Eye_ID2551343_Task69_1766046091020.csv,1051.3630000000001,1773,23,12,1,ValidHit,ground,ground,-50.025032,-3.12184191E-14,48.481926,9.70840931,0.0109999999,-50.126709,1.61432099,38.9092102,0.0104729999,-0.166278005,0.986006975
69,Eye_ID2551343_Task69_1766046091020,Eye_ID2551343_Task69_1766046091020.csv,1051.374,1774,23,12,1,ValidHit,ground,ground,-50.031395,-3.12205502E-14,48.4852333,9.71118069,0.0109999999,-50.1266289,1.61430597,38.9096413,0.0098059997,-0.166228995,0.986021996
69,Eye_ID2551343_Task69_1766046091020,Eye_ID2551343_Task69_1766046091020.csv,1051.385,1775,23,12,1,ValidHit,ground,ground,-49.937397,-3.42151776E-14,53.1358604,14.3180046,0.0109999999,-50.1265106,1.61440301,38.9104195,0.013208,-0.112752996,0.993532002
69,Eye_ID2551343_Task69_1766046091020,Eye_ID2551343_Task69_1766046091020.csv,1051.396,1776,23,12,1,ValidHit,ground,ground,-50.6110077,-2.7888653E-14,43.3108292,4.71285486,0.0109999999,-50.1164093,1.61511397,38.9110794,-0.104943998,-0.342698008,0.93354702
69,Eye_ID2551343_Task69_1766046091020,Eye_ID2551343_Task69_1766046091020.csv,1051.4069999999999,1777,23,12,1,ValidHit,ground,ground,-50.0505562,-3.12316193E-14,48.5024223,9.72678375,0.0109999999,-50.1266212,1.61435103,38.9108391,0.00782100018,-0.165967003,0.986083984
69,Eye_ID2551343_Task69_1766046091020,Eye_ID2551343_Task69_1766046091020.csv,1051.4179999999999,1778,23,12,1,ValidHit,ground,ground,-50.0582085,-3.12475198E-14,48.5271149,9.75064945,0.0120000001,-50.1265602,1.61433494,38.9112701,0.00700999983,-0.165558994,0.986158013
69,Eye_ID2551343_Task69_1766046091020,Eye_ID2551343_Task69_1766046091020.csv,1051.4300000000001,1779,23,12,1,ValidHit,ground,ground,-50.0850792,-3.24935256E-14,50.4621582,11.6621838,0.0109999999,-50.1240616,1.61472201,38.9123611,0.00334300008,-0.138457,0.990356028
69,Eye_ID2551343_Task69_1766046091020,Eye_ID2551343_Task69_1766046091020.csv,1051.441,1780,23,12,1,ValidHit,ground,ground,-51.2640877,-2.98640608E-14,46.3786201,7.72435951,0.0109999999,-50.1079903,1.616395,38.9142799,-0.149667993,-0.209257007,0.966327012
69,Eye_ID2551343_Task69_1766046091020,Eye_ID2551343_Task69_1766046091020.csv,1051.452,1781,23,12,1,ValidHit,ground,ground,-51.3548355,-2.89496278E-14,44.9585152,6.37969446,0.0109999999,-50.1035118,1.616822,38.9152908,-0.196140006,-0.253428996,0.947246015
69,Eye_ID2551343_Task69_1766046091020,Eye_ID2551343_Task69_1766046091020.csv,1051.463,1782,23,12,1,ValidHit,ground,ground,-51.3553734,-2.89350453E-14,44.9358673,6.35789061,0.0109999999,-50.1034889,1.61669397,38.915741,-0.196898997,-0.254278004,0.946861029
69,Eye_ID2551343_Task69_1766046091020,Eye_ID2551343_Task69_1766046091020.csv,1051.4739999999999,1783,23,12,1,ValidHit,ground,ground,-50.8083458,-2.99020723E-14,46.4376488,7.72557449,0.0109999999,-50.1124191,1.615623,38.91502,-0.0900800005,-0.209123001,0.973713994
69,Eye_ID2551343_Task69_1766046091020,Eye_ID2551343_Task69_1766046091020.csv,1051.4849999999999,1784,23,12,1,ValidHit,ground,ground,-51.3216476,-2.86464781E-14,44.4877243,5.92739916,0.0109999999,-50.1022911,1.61677003,38.9169693,-0.205714002,-0.272760987,0.939827025
69,Eye_ID2551343_Task69_1766046091020,Eye_ID2551343_Task69_1766046091020.csv,1051.4960000000001,1785,23,12,1,ValidHit,ground,ground,-51.3291969,-2.86356632E-14,44.470932,5.91272783,0.0109999999,-50.1023293,1.61675406,38.9174385,-0.207495004,-0.273434997,0.939239025
69,Eye_ID2551343_Task69_1766046091020,Eye_ID2551343_Task69_1766046091020.csv,1051.5070000000001,1786,23,12,1,ValidHit,ground,ground,-51.3776321,-2.88793647E-14,44.8493958,6.27873945,0.0120000001,-50.1035194,1.61656594,38.9176216,-0.202922001,-0.257463008,0.94472599
69,Eye_ID2551343_Task69_1766046091020,Eye_ID2551343_Task69_1766046091020.csv,1051.519,1787,23,12,1,ValidHit,ground,ground,-50.8604507,-2.98221869E-14,46.3135872,7.60786724,0.00999999978,-50.1125793,1.61549699,38.9169388,-0.0983019993,-0.212341994,0.972221017
69,Eye_ID2551343_Task69_1766046091020,Eye_ID2551343_Task69_1766046091020.csv,1051.529,1788,23,12,1,ValidHit,ground,ground,-51.2063141,-2.86734849E-14,44.5296631,5.94230747,0.0120000001,-50.1042213,1.61639202,38.9186287,-0.185461998,-0.272009999,0.944236994
69,Eye_ID2551343_Task69_1766046091020,Eye_ID2551343_Task69_1766046091020.csv,1051.5409999999999,1789,23,12,1,ValidHit,ground,ground,-51.2204781,-2.86501169E-14,44.4933739,5.91005802,0.0109999999,-50.1044006,1.61637795,38.919281,-0.188841,-0.273492008,0.943139017
69,Eye_ID2551343_Task69_1766046091020,Eye_ID2551343_Task69_1766046091020.csv,1051.5519999999999,1790,23,12,1,ValidHit,ground,ground,-51.4435577,-2.87535634E-14,44.6540222,6.10612631,0.0109999999,-50.1030807,1.61657798,38.9203796,-0.219524994,-0.264743,0.938983977
69,Eye_ID2551343_Task69_1766046091020,Eye_ID2551343_Task69_1766046091020.csv,1051.5630000000001,1791,23,12,1,ValidHit,ground,ground,-51.2731628,-2.87316659E-14,44.620018,6.03758717,0.0109999999,-50.1064491,1.61627901,38.92099,-0.193240002,-0.267701,0.94391799
69,Eye_ID2551343_Task69_1766046091020,Eye_ID2551343_Task69_1766046091020.csv,1051.5740000000001,1792,23,12,1,ValidHit,ground,ground,-51.303299,-2.86989907E-14,44.5692749,5.99498463,0.0109999999,-50.1068192,1.61622906,38.9216118,-0.199578002,-0.269594997,0.942058027
69,Eye_ID2551343_Task69_1766046091020,Eye_ID2551343_Task69_1766046091020.csv,1051.585,1793,23,12,1,ValidHit,ground,ground,-50.7798843,-3.02610008E-14,46.9950676,8.26123047,0.0109999999,-50.1189804,1.61493099,38.9202194,-0.0799999982,-0.195480004,0.977423012
69,Eye_ID2551343_Task69_1766046091020,Eye_ID2551343_Task69_1766046091020.csv,1051.596,1794,23,12,1,ValidHit,ground,ground,-51.5669823,-2.86306521E-14,44.4631462,5.95340633,0.0109999999,-50.1047592,1.61646295,38.923111,-0.245608002,-0.271515012,0.930552006
69,Eye_ID2551343_Task69_1766046091020,Eye_ID2551343_Task69_1766046091020.csv,1051.607,1795,23,12,1,ValidHit,ground,ground,-51.416481,-2.86100557E-14,44.43116,5.88689137,0.0109999999,-50.108429,1.61616302,38.9236603,-0.222194999,-0.274533987,0.935545981
69,Eye_ID2551343_Task69_1766046091020,Eye_ID2551343_Task69_1766046091020.csv,1051.6179999999999,1796,23,12,1,ValidHit,ground,ground,-51.4626007,-2.85852241E-14,44.392601,5.86050987,0.0109999999,-50.1091805,1.61619997,38.9243507,-0.230937004,-0.275775999,0.93305999
69,Eye_ID2551343_Task69_1766046091020,Eye_ID2551343_Task69_1766046091020.csv,1051.6289999999999,1797,23,12,1,ValidHit,ground,ground,-51.040657,-3.00568828E-14,46.6780701,7.97509003,0.0120000001,-50.1210899,1.615049,38.9225502,-0.115303002,-0.202509999,0.972459972
69,Eye_ID2551343_Task69_1766046091020,Eye_ID2551343_Task69_1766046091020.csv,1051.6410000000001,1798,23,12,1,ValidHit,ground,ground,-52.071846,-2.90032111E-14,45.041729,6.62242794,0.0109999999,-50.1180916,1.61568403,38.9238091,-0.295015991,-0.243966997,0.923801005
69,Eye_ID2551343_Task69_1766046091020,Eye_ID2551343_Task69_1766046091020.csv,1051.652,1799,23,12,1,ValidHit,ground,ground,-52.1428452,-2.89897094E-14,45.0207596,6.62361431,0.0109999999,-50.1189117,1.61583495,38.9244499,-0.305557996,-0.243946001,0.920373023
69,Eye_ID2551343_Task69_1766046091020,Eye_ID2551343_Task69_1766046091020.csv,1051.663,1800,23,12,1,ValidHit,ground,ground,-53.5921097,-2.8752181E-14,44.6518784,6.89383316,0.0109999999,-50.1121902,1.61674595,38.9246483,-0.504778028,-0.234515995,0.830760002
69,Eye_ID2551343_Task69_1766046091020,Eye_ID2551343_Task69_1766046091020.csv,1051.674,1801,23,12,1,ValidHit,commercial,C6,-62.1477623,0.125668332,49.7373199,16.2280693,0.0109999999,-50.1361084,1.61540604,38.9275513,-0.740168989,-0.0917989984,0.666108012
69,Eye_ID2551343_Task69_1766046091020,Eye_ID2551343_Task69_1766046091020.csv,1051.6849999999999,1802,23,12,1,ValidHit,ground,ground,-63.3736954,-2.90393116E-14,45.0977936,14.6927509,0.0109999999,-50.1368103,1.61598504,38.9292984,-0.900902987,-0.109984003,0.419827998
69,Eye_ID2551343_Task69_1766046091020,Eye_ID2551343_Task69_1766046091020.csv,1051.6959999999999,1803,23,12,1,ValidHit,ground,ground,-63.7198372,-2.9001002E-14,45.0382957,14.979558,0.0109999999,-50.1381798,1.61626697,38.9297981,-0.906669021,-0.107896999,0.407783985
69,Eye_ID2551343_Task69_1766046091020,Eye_ID2551343_Task69_1766046091020.csv,1051.7070000000001,1804,23,12,1,ValidHit,ground,ground,-68.8754272,-2.93852399E-14,45.6350136,19.9647789,0.0109999999,-50.1395607,1.61661899,38.930809,-0.938427985,-0.080972001,0.335794985
69,Eye_ID2551343_Task69_1766046091020,Eye_ID2551343_Task69_1766046091020.csv,1051.7180000000001,1805,23,12,1,ValidHit,commercial,C6,-63.1140594,0.237037018,49.4134293,16.7363586,0.0109999999,-50.1413307,1.61636305,38.9295692,-0.775114,-0.0824140012,0.626405001
69,Eye_ID2551343_Task69_1766046091020,Eye_ID2551343_Task69_1766046091020.csv,1051.729,1806,23,12,1,ValidHit,commercial,C6,-63.3655128,0.277792931,49.3291473,16.8752041,0.0120000001,-50.142849,1.61651802,38.9300385,-0.783546984,-0.0793299973,0.616228998
69,Eye_ID2551343_Task69_1766046091020,Eye_ID2551343_Task69_1766046091020.csv,1051.741,1807,23,12,1,ValidHit,ground,ground,-65.6583252,-2.89418825E-14,44.9464836,16.7176075,0.0109999999,-50.144249,1.61707902,38.9317703,-0.927998006,-0.0967279971,0.359779
69,Eye_ID2551343_Task69_1766046091020,Eye_ID2551343_Task69_1766046091020.csv,1051.752,1808,23,12,1,ValidHit,commercial,C2,-79.9047012,0.807656407,49.7518654,31.6746502,0.0109999999,-50.1461792,1.61737096,38.9325104,-0.939487994,-0.0255629998,0.341571003
69,Eye_ID2551343_Task69_1766046091020,Eye_ID2551343_Task69_1766046091020.csv,1051.7629999999999,1809,23,12,1,ValidHit,commercial,C6,-64.3796997,1.81287456,48.9892044,17.4292355,0.0109999999,-50.1474915,1.61714303,38.9301605,-0.81656599,0.0112300003,0.577133
69,Eye_ID2551343_Task69_1766046091020,Eye_ID2551343_Task69_1766046091020.csv,1051.7739999999999,1810,23,12,1,ValidHit,commercial,C6,-64.6351776,1.87393987,48.9035683,17.5885906,0.0109999999,-50.1495209,1.61728597,38.9306793,-0.823578,0.0145920003,0.567005992
69,Eye_ID2551343_Task69_1766046091020,Eye_ID2551343_Task69_1766046091020.csv,1051.7850000000001,1811,23,12,1,ValidHit,ground,ground,-54.5145607,-2.61089503E-14,40.5469666,4.9762373,0.0109999999,-50.0920486,1.622033,38.9428101,-0.888719022,-0.325953007,0.322360992
69,Eye_ID2551343_Task69_1766046091020,Eye_ID2551343_Task69_1766046091020.csv,1051.796,1812,23,12,1,ValidHit,commercial,C6,-63.3394966,1.40105486,49.3378639,16.7983131,0.0109999999,-50.1543198,1.61745298,38.9317284,-0.78490299,-0.0128819998,0.619468987
69,Eye_ID2551343_Task69_1766046091020,Eye_ID2551343_Task69_1766046091020.csv,1051.807,1813,23,12,1,ValidHit,commercial,C6,-63.5429344,1.44884264,49.2696762,16.9138546,0.0109999999,-50.1567307,1.617594,38.9323807,-0.791426003,-0.00997699983,0.611167014
69,Eye_ID2551343_Task69_1766046091020,Eye_ID2551343_Task69_1766046091020.csv,1051.818,1814,23,12,1,ValidHit,commercial,C6,-61.0332375,1.42847121,50.2869797,15.721777,0.0109999999,-50.1598015,1.61741698,38.9332695,-0.691608012,-0.0120179998,0.722155988
69,Eye_ID2551343_Task69_1766046091020,Eye_ID2551343_Task69_1766046091020.csv,1051.829,1815,23,12,1,ValidHit,ground,ground,-54.7628098,-2.60270321E-14,40.4197502,5.14930916,0.0120000001,-50.1024513,1.62179196,38.9479599,-0.905040026,-0.314951003,0.285820991
69,Eye_ID2551343_Task69_1766046091020,Eye_ID2551343_Task69_1766046091020.csv,1051.8409999999999,1816,23,12,1,ValidHit,commercial,C6,-64.1504364,1.5613308,49.0660477,17.2698822,0.0109999999,-50.1648293,1.61749303,38.9344902,-0.809818983,-0.00325200008,0.586655021
69,Eye_ID2551343_Task69_1766046091020,Eye_ID2551343_Task69_1766046091020.csv,1051.8520000000001,1817,23,12,1,ValidHit,commercial,C6,-64.3517609,1.57799578,48.9985657,17.3913841,0.0109999999,-50.1677094,1.61723101,38.9351997,-0.81557101,-0.00225599995,0.578634977
69,Eye_ID2551343_Task69_1766046091020,Eye_ID2551343_Task69_1766046091020.csv,1051.8630000000001,1818,23,12,1,ValidHit,commercial,C6,-61.0979767,0.964137673,50.2507477,15.7432613,0.0109999999,-50.1711807,1.616611,38.93573,-0.694051027,-0.0414439999,0.718710005
69,Eye_ID2551343_Task69_1766046091020,Eye_ID2551343_Task69_1766046091020.csv,1051.874,1819,23,12,1,ValidHit,ground,ground,-59.0646362,-2.85984479E-14,44.4131355,10.5914516,0.0109999999,-50.1371307,1.61918294,38.9490089,-0.842890024,-0.152875006,0.515895009
69,Eye_ID2551343_Task69_1766046091020,Eye_ID2551343_Task69_1766046091020.csv,1051.885,1820,23,12,1,ValidHit,ground,ground,-59.0167427,-2.85034752E-14,44.2656441,10.4721193,0.0109999999,-50.1404686,1.61935997,38.9501419,-0.847603023,-0.154633999,0.507582009
69,Eye_ID2551343_Task69_1766046091020,Eye_ID2551343_Task69_1766046091020.csv,1051.896,1821,23,12,1,ValidHit,commercial,C6,-59.6761513,0.996879339,51.0466423,15.4004936,0.0109999999,-50.1810989,1.616557,38.9373398,-0.616533995,-0.0402369983,0.786283016
69,Eye_ID2551343_Task69_1766046091020,Eye_ID2551343_Task69_1766046091020.csv,1051.9069999999999,1822,23,12,1,ValidHit,commercial,C6,-58.9425201,1.12861276,51.4573059,15.2864485,0.0109999999,-50.1846008,1.61654794,38.93787,-0.572911978,-0.0319189988,0.818976998
69,Eye_ID2551343_Task69_1766046091020,Eye_ID2551343_Task69_1766046091020.csv,1051.9179999999999,1823,23,12,1,ValidHit,commercial,C6,-57.9129677,1.0305686,52.0336151,15.2176323,0.0109999999,-50.1811104,1.61692202,38.9396896,-0.508082986,-0.0385310017,0.860440016
69,Eye_ID2551343_Task69_1766046091020,Eye_ID2551343_Task69_1766046091020.csv,1051.9290000000001,1824,23,12,1,ValidHit,commercial,C6,-58.0689964,1.01640964,51.9462738,15.220809,0.0120000001,-50.1848106,1.61685801,38.9404297,-0.517984986,-0.0394489989,0.854474008
69,Eye_ID2551343_Task69_1766046091020,Eye_ID2551343_Task69_1766046091020.csv,1051.941,1825,23,12,1,ValidHit,commercial,C6,-60.2990341,0.924280643,50.6979675,15.5180464,0.0109999999,-50.1956596,1.61664295,38.9398994,-0.651063979,-0.0446159989,0.757692993
69,Eye_ID2551343_Task69_1766046091020,Eye_ID2551343_Task69_1766046091020.csv,1051.952,1826,23,12,1,ValidHit,commercial,C6,-59.5873566,1.02583301,51.096344,15.3705654,0.0109999999,-50.1994781,1.61630201,38.9401398,-0.610760987,-0.0384149998,0.790863991
69,Eye_ID2551343_Task69_1766046091020,Eye_ID2551343_Task69_1766046091020.csv,1051.963,1827,23,12,1,ValidHit,commercial,C6,-59.7584534,0.978882134,51.0005722,15.3996992,0.0109999999,-50.2032509,1.61607003,38.9406013,-0.620469987,-0.0413759984,0.78311801
69,Eye_ID2551343_Task69_1766046091020,Eye_ID2551343_Task69_1766046091020.csv,1051.9739999999999,1828,23,12,1,ValidHit,commercial,C6,-58.829628,0.94166249,51.5205002,15.2684383,0.0109999999,-50.1981316,1.616503,38.9440498,-0.565311015,-0.0441979989,0.82368201
69,Eye_ID2551343_Task69_1766046091020,Eye_ID2551343_Task69_1766046091020.csv,1051.9849999999999,1829,23,12,1,ValidHit,commercial,C6,-58.6341972,0.838121295,51.6298981,15.2524099,0.0109999999,-50.2021713,1.61628997,38.9440193,-0.552828014,-0.0510190018,0.831722975
69,Eye_ID2551343_Task69_1766046091020,Eye_ID2551343_Task69_1766046091020.csv,1051.9960000000001,1830,23,12,1,ValidHit,ground,ground,-57.3057899,-2.99169665E-14,46.4607811,10.4624014,0.0109999999,-50.2132301,1.61520505,38.9408989,-0.67790103,-0.154379994,0.71874398
69,Eye_ID2551343_Task69_1766046091020,Eye_ID2551343_Task69_1766046091020.csv,1052.0070000000001,1831,23,12,1,ValidHit,ground,ground,-57.3086662,-2.9795685E-14,46.2724304,10.3270569,0.0109999999,-50.2168694,1.61509895,38.9412689,-0.686712027,-0.156393006,0.709890008
69,Eye_ID2551343_Task69_1766046091020,Eye_ID2551343_Task69_1766046091020.csv,1052.018,1832,23,12,1,ValidHit,ground,ground,-58.4105835,-2.87694944E-14,44.6787682,10.1289797,0.0109999999,-50.2204819,1.61499298,38.9420204,-0.808571994,-0.159440994,0.566362977
69,Eye_ID2551343_Task69_1766046091020,Eye_ID2551343_Task69_1766046091020.csv,1052.029,1833,23,12,1,ValidHit,ground,ground,-56.2369461,-2.58813966E-14,40.1935768,6.38946104,0.0109999999,-50.1789818,1.62090397,38.9692688,-0.948110998,-0.253681988,0.191612005
69,Eye_ID2551343_Task69_1766046091020,Eye_ID2551343_Task69_1766046091020.csv,1052.04,1834,23,12,1,ValidHit,ground,ground,-56.2006721,-2.58242948E-14,40.1048965,6.33480692,0.0120000001,-50.182869,1.62116694,38.9701805,-0.949950993,-0.255912006,0.179122999
69,Eye_ID2551343_Task69_1766046091020,Eye_ID2551343_Task69_1766046091020.csv,1052.0519999999999,1835,23,12,1,ValidHit,ground,ground,-58.513958,-3.16541871E-14,49.1586685,13.2519455,0.0109999999,-50.2309914,1.615363,38.9411888,-0.625027001,-0.121894002,0.771003008
69,Eye_ID2551343_Task69_1766046091020,Eye_ID2551343_Task69_1766046091020.csv,1052.0630000000001,1836,23,12,1,ValidHit,ground,ground,-58.4305229,-2.83748871E-14,44.0659447,9.7995224,0.0109999999,-50.2343597,1.61568403,38.9431381,-0.836374998,-0.164872006,0.522755027
69,Eye_ID2551343_Task69_1766046091020,Eye_ID2551343_Task69_1766046091020.csv,1052.0740000000001,1837,23,12,1,ValidHit,ground,ground,-56.1569557,-2.56637464E-14,39.8555679,6.24227762,0.0109999999,-50.1940994,1.62198102,38.9726105,-0.955228984,-0.259835988,0.141445994
69,Eye_ID2551343_Task69_1766046091020,Eye_ID2551343_Task69_1766046091020.csv,1052.085,1838,23,12,1,ValidHit,ground,ground,-56.1544418,-2.56114506E-14,39.774353,6.22542858,0.0109999999,-50.1976395,1.62199199,38.9733009,-0.956842005,-0.260540992,0.128672004
69,Eye_ID2551343_Task69_1766046091020,Eye_ID2551343_Task69_1766046091020.csv,1052.096,1839,23,12,1,ValidHit,commercial,C6,-60.7456131,0.307536989,50.4479904,15.6327105,0.0109999999,-50.2441101,1.61554694,38.9419403,-0.67176199,-0.0836710036,0.736020982
69,Eye_ID2551343_Task69_1766046091020,Eye_ID2551343_Task69_1766046091020.csv,1052.107,1840,23,12,1,ValidHit,ground,ground,-57.9397278,-2.6443425E-14,41.0664024,8.16829681,0.0109999999,-50.2131805,1.62051499,38.9698715,-0.945900977,-0.198386997,0.256662011
69,Eye_ID2551343_Task69_1766046091020,Eye_ID2551343_Task69_1766046091020.csv,1052.1179999999999,1841,23,12,1,ValidHit,ground,ground,-59.5612602,-3.21608381E-14,49.9454956,14.5052633,0.0109999999,-50.2452202,1.61531699,38.9452705,-0.642242014,-0.111359,0.758349001
69,Eye_ID2551343_Task69_1766046091020,Eye_ID2551343_Task69_1766046091020.csv,1052.1289999999999,1842,23,12,1,ValidHit,ground,ground,-59.4388199,-3.18839363E-14,49.5154724,14.0997829,0.0109999999,-50.2482109,1.61478901,38.9452782,-0.65181601,-0.114523999,0.749659002
69,Eye_ID2551343_Task69_1766046091020,Eye_ID2551343_Task69_1766046091020.csv,1052.1400000000001,1843,23,12,1,ValidHit,commercial,C6,-59.3754807,0.483337551,51.2149506,15.3328772,0.0109999999,-50.2557907,1.61347198,38.9409409,-0.594775021,-0.073706001,0.800495982
69,Eye_ID2551343_Task69_1766046091020,Eye_ID2551343_Task69_1766046091020.csv,1052.1510000000001,1844,23,12,1,ValidHit,commercial,C6,-58.9740677,0.488441557,51.4396439,15.2791119,0.0120000001,-50.2540512,1.61337197,38.9437599,-0.57071197,-0.0736249983,0.817837
69,Eye_ID2551343_Task69_1766046091020,Eye_ID2551343_Task69_1766046091020.csv,1052.163,1845,23,12,1,ValidHit,commercial,C6,-59.1564178,0.46108672,51.3375702,15.30161,0.0109999999,-50.2567482,1.61307395,38.9436989,-0.581614017,-0.0752850026,0.809967995
69,Eye_ID2551343_Task69_1766046091020,Eye_ID2551343_Task69_1766046091020.csv,1052.174,1846,23,12,1,ValidHit,ground,ground,-59.2491379,-3.10572626E-14,48.2316513,13.0254717,0.0109999999,-50.2593193,1.61341202,38.9449501,-0.690162003,-0.123864003,0.712953985
69,Eye_ID2551343_Task69_1766046091020,Eye_ID2551343_Task69_1766046091020.csv,1052.1849999999999,1847,23,12,1,ValidHit,commercial,C6,-60.1258316,0.364700973,50.7949295,15.4693432,0.0109999999,-50.2662697,1.612252,38.9402504,-0.637355983,-0.0806460008,0.766327024
69,Eye_ID2551343_Task69_1766046091020,Eye_ID2551343_Task69_1766046091020.csv,1052.1959999999999,1848,23,12,1,ValidHit,commercial,C6,-60.3233643,0.323192179,50.6843491,15.5141211,0.0109999999,-50.2686691,1.61210096,38.9399986,-0.648093998,-0.0830790028,0.757004023
69,Eye_ID2551343_Task69_1766046091020,Eye_ID2551343_Task69_1766046091020.csv,1052.2070000000001,1849,23,12,1,ValidHit,ground,ground,-59.326046,-3.24292561E-14,50.3623466,14.6644163,0.0109999999,-50.2664185,1.61259103,38.9444695,-0.617794991,-0.109966002,0.778608978
69,Eye_ID2551343_Task69_1766046091020,Eye_ID2551343_Task69_1766046091020.csv,1052.2180000000001,1850,23,12,1,ValidHit,commercial,C6,-59.3942337,0.387797952,51.2044449,15.3349342,0.0109999999,-50.2711716,1.61159301,38.9393692,-0.594910026,-0.0798029974,0.799799025
69,Eye_ID2551343_Task69_1766046091020,Eye_ID2551343_Task69_1766046091020.csv,1052.229,1851,23,12,1,ValidHit,ground,ground,-59.7662735,-2.97354508E-14,46.178894,12.046361,0.0109999999,-50.2744293,1.61135101,38.9385185,-0.787935019,-0.133761004,0.601036012
69,Eye_ID2551343_Task69_1766046091020,Eye_ID2551343_Task69_1766046091020.csv,1052.24,1852,23,12,1,ValidHit,ground,ground,-59.6237907,-2.95354256E-14,45.8682518,11.7472963,0.0109999999,-50.2762299,1.61119401,38.9381714,-0.795711994,-0.137153,0.589923978
69,Eye_ID2551343_Task69_1766046091020,Eye_ID2551343_Task69_1766046091020.csv,1052.251,1853,23,12,1,ValidHit,ground,ground,-58.8872337,-2.64299707E-14,41.0455093,9.00775528,0.0120000001,-50.2786407,1.61143696,38.9395409,-0.955678999,-0.178893,0.233793005
69,Eye_ID2551343_Task69_1766046091020,Eye_ID2551343_Task69_1766046091020.csv,1052.2629999999999,1854,23,12,1,ValidHit,commercial,C6,-60.1276436,0.1755023,50.793911,15.4801645,0.0109999999,-50.27808,1.61106503,38.9380798,-0.636259019,-0.0927340016,0.765859008
69,Eye_ID2551343_Task69_1766046091020,Eye_ID2551343_Task69_1766046091020.csv,1052.2739999999999,1855,23,12,1,ValidHit,ground,ground,-59.312809,-2.90436044E-14,45.1044617,11.0547867,0.0109999999,-50.2807693,1.61086595,38.937149,-0.817016006,-0.145714998,0.557879984
69,Eye_ID2551343_Task69_1766046091020,Eye_ID2551343_Task69_1766046091020.csv,1052.2850000000001,1856,23,12,1,ValidHit,ground,ground,-59.2409935,-2.89052162E-14,44.8895454,10.876195,0.0109999999,-50.2821312,1.61074901,38.9367599,-0.823705018,-0.148096994,0.547317028
69,Eye_ID2551343_Task69_1766046091020,Eye_ID2551343_Task69_1766046091020.csv,1052.296,1857,23,12,1,ValidHit,ground,ground,-57.0007401,-2.62531475E-14,40.7709007,7.14577627,0.0109999999,-50.2844696,1.61091495,38.9381905,-0.939881027,-0.225433007,0.256471008
69,Eye_ID2551343_Task69_1766046091020,Eye_ID2551343_Task69_1766046091020.csv,1052.307,1858,23,12,1,ValidHit,ground,ground,-58.6538277,-2.67811625E-14,41.5909042,8.92492867,0.0109999999,-50.2859688,1.61059701,38.9377594,-0.937569976,-0.180457994,0.29727
69,Eye_ID2551343_Task69_1766046091020,Eye_ID2551343_Task69_1766046091020.csv,1052.318,1859,23,12,1,ValidHit,ground,ground,-58.5731506,-2.6688331E-14,41.4467392,8.80632496,0.0109999999,-50.2869492,1.61027598,38.9373207,-0.940925002,-0.182852,0.284952998
69,Eye_ID2551343_Task69_1766046091020,Eye_ID2551343_Task69_1766046091020.csv,1052.329,1860,23,12,1,ValidHit,ground,ground,-60.2309647,-2.76366878E-14,42.919529,10.8319998,0.0109999999,-50.2874184,1.60975695,38.9362106,-0.917971015,-0.148609996,0.367733002
69,Eye_ID2551343_Task69_1766046091020,Eye_ID2551343_Task69_1766046091020.csv,1052.3399999999999,1861,23,12,1,ValidHit,ground,ground,-58.4937248,-2.72867564E-14,42.376091,9.04264736,0.0120000001,-50.2877007,1.60926902,38.935051,-0.907468975,-0.177962005,0.38053
69,Eye_ID2551343_Task69_1766046091020,Eye_ID2551343_Task69_1766046091020.csv,1052.3520000000001,1862,23,12,1,ValidHit,ground,ground,-61.6319466,-2.94314981E-14,45.7068558,13.3096075,0.00999999978,-50.2879105,1.60888898,38.9340897,-0.852306008,-0.12088,0.508854985
69,Eye_ID2551343_Task69_1766046091020,Eye_ID2551343_Task69_1766046091020.csv,1052.3620000000001,1863,23,12,1,ValidHit,ground,ground,-61.4536972,-2.92451203E-14,45.417408,13.0111761,0.0120000001,-50.2883606,1.60850406,38.9336891,-0.858121991,-0.123622999,0.498311996
69,Eye_ID2551343_Task69_1766046091020,Eye_ID2551343_Task69_1766046091020.csv,1052.374,1864,23,12,1,ValidHit,ground,ground,-60.4402351,-2.88557427E-14,44.8127136,11.840436,0.0109999999,-50.2868195,1.60896099,38.9377289,-0.857514024,-0.135885999,0.496176004
69,Eye_ID2551343_Task69_1766046091020,Eye_ID2551343_Task69_1766046091020.csv,1052.385,1865,23,12,1,ValidHit,ground,ground,-58.1279182,-2.6900999E-14,41.7770081,8.49247169,0.0109999999,-50.2888985,1.60790002,38.9333191,-0.923043013,-0.189329997,0.334843993
69,Eye_ID2551343_Task69_1766046091020,Eye_ID2551343_Task69_1766046091020.csv,1052.396,1866,23,12,1,ValidHit,ground,ground,-58.054451,-2.68116302E-14,41.6382217,8.37897873,0.0109999999,-50.2888794,1.60766995,38.9328918,-0.926778972,-0.191866994,0.322865993
69,Eye_ID2551343_Task69_1766046091020,Eye_ID2551343_Task69_1766046091020.csv,1052.4069999999999,1867,23,12,1,ValidHit,ground,ground,-60.8814163,-2.85824051E-14,44.3882217,12.0236053,0.0109999999,-50.2883606,1.607494,38.9319992,-0.881008983,-0.133692995,0.453785986
69,Eye_ID2551343_Task69_1766046091020,Eye_ID2551343_Task69_1766046091020.csv,1052.4179999999999,1868,23,12,1,ValidHit,ground,ground,-62.3881035,-2.98130288E-14,46.2993698,14.2565174,0.0109999999,-50.2886391,1.60746706,38.9327202,-0.848688006,-0.112751998,0.516716003
69,Eye_ID2551343_Task69_1766046091020,Eye_ID2551343_Task69_1766046091020.csv,1052.4290000000001,1869,23,12,1,ValidHit,ground,ground,-63.1465607,-3.08365089E-14,47.8888245,15.7532053,0.0109999999,-50.2879791,1.60719705,38.9313087,-0.816248,-0.102022998,0.568612993
69,Eye_ID2551343_Task69_1766046091020,Eye_ID2551343_Task69_1766046091020.csv,1052.4400000000001,1870,23,12,1,ValidHit,ground,ground,-62.9318352,-3.05949249E-14,47.5136414,15.366334,0.0109999999,-50.287529,1.60703397,38.9309196,-0.822853982,-0.104580998,0.55853802
69,Eye_ID2551343_Task69_1766046091020,Eye_ID2551343_Task69_1766046091020.csv,1052.451,1871,23,12,1,ValidHit,ground,ground,-64.1638031,-3.07907149E-14,47.8177071,16.556694,0.0120000001,-50.2854691,1.60743499,38.9333382,-0.838225007,-0.0970859975,0.53659898
69,Eye_ID2551343_Task69_1766046091020,Eye_ID2551343_Task69_1766046091020.csv,1052.463,1872,23,12,1,ValidHit,ground,ground,-55.0656891,-2.54396503E-14,39.5075493,5.08360052,0.0109999999,-50.2759895,1.61058998,38.9527512,-0.942169011,-0.316814989,0.109131999
69,Eye_ID2551343_Task69_1766046091020,Eye_ID2551343_Task69_1766046091020.csv,1052.4739999999999,1873,23,12,1,ValidHit,ground,ground,-55.0410156,-2.54055217E-14,39.4545479,5.05542803,0.0109999999,-50.2753105,1.61041498,38.9526405,-0.942674994,-0.318545997,0.0992799997
69,Eye_ID2551343_Task69_1766046091020,Eye_ID2551343_Task69_1766046091020.csv,1052.4849999999999,1874,23,12,1,ValidHit,ground,ground,-62.0302887,-2.97522118E-14,46.2049179,13.9094458,0.0109999999,-50.2844009,1.60664499,38.9299088,-0.844449997,-0.115506999,0.523024023
69,Eye_ID2551343_Task69_1766046091020,Eye_ID2551343_Task69_1766046091020.csv,1052.4960000000001,1875,23,12,1,ValidHit,ground,ground,-63.0991325,-2.99222418E-14,46.4689713,14.9551182,0.0109999999,-50.2821198,1.60731399,38.9326401,-0.857025027,-0.107474998,0.503925979
69,Eye_ID2551343_Task69_1766046091020,Eye_ID2551343_Task69_1766046091020.csv,1052.5070000000001,1876,23,12,1,ValidHit,ground,ground,-55.4950943,-2.55861091E-14,39.7349968,5.51975918,0.0109999999,-50.2741699,1.610322,38.949791,-0.945849001,-0.29173401,0.142251998
69,Eye_ID2551343_Task69_1766046091020,Eye_ID2551343_Task69_1766046091020.csv,1052.518,1877,23,12,1,ValidHit,ground,ground,-55.4935074,-2.55613622E-14,39.6965675,5.51366568,0.0109999999,-50.2733688,1.61033595,38.9498901,-0.946750998,-0.292059004,0.135420993
69,Eye_ID2551343_Task69_1766046091020,Eye_ID2551343_Task69_1766046091020.csv,1052.529,1878,23,12,1,ValidHit,ground,ground,-57.6343422,-2.73775872E-14,42.5171471,8.33880329,0.0109999999,-50.2786598,1.60735703,38.9330101,-0.882091999,-0.192754,0.429809004
69,Eye_ID2551343_Task69_1766046091020,Eye_ID2551343_Task69_1766046091020.csv,1052.54,1879,23,12,1,ValidHit,ground,ground,-58.2609406,-2.7775857E-14,43.1356544,9.16419411,0.0120000001,-50.2782097,1.60697198,38.9313698,-0.871071994,-0.175352007,0.458770007
69,Eye_ID2551343_Task69_1766046091020,Eye_ID2551343_Task69_1766046091020.csv,1052.5519999999999,1880,23,12,1,ValidHit,ground,ground,-58.5535965,-2.8275127E-14,43.9110184,9.79179764,0.00999999978,-50.2777786,1.60678899,38.9302101,-0.845170975,-0.164094001,0.508666992
69,Eye_ID2551343_Task69_1766046091020,Eye_ID2551343_Task69_1766046091020.csv,1052.5619999999999,1881,23,12,1,ValidHit,ground,ground,-58.5611839,-2.82366226E-14,43.851223,9.76882362,0.0120000001,-50.2766495,1.60677898,38.9303818,-0.848052025,-0.164479002,0.503724992
69,Eye_ID2551343_Task69_1766046091020,Eye_ID2551343_Task69_1766046091020.csv,1052.5740000000001,1882,23,12,1,ValidHit,ground,ground,-58.1491737,-2.79833174E-14,43.45784,9.22332478,0.0109999999,-50.2735901,1.60750997,38.9344597,-0.853864014,-0.174284995,0.490420997
69,Eye_ID2551343_Task69_1766046091020,Eye_ID2551343_Task69_1766046091020.csv,1052.585,1883,23,12,1,ValidHit,ground,ground,-58.0407219,-2.77125734E-14,43.0373802,8.92954731,0.0109999999,-50.2695198,1.60883904,38.9438705,-0.870269001,-0.180168003,0.458416998
69,Eye_ID2551343_Task69_1766046091020,Eye_ID2551343_Task69_1766046091020.csv,1052.596,1884,23,12,1,ValidHit,ground,ground,-58.0598373,-2.76893309E-14,43.0012817,8.93054962,0.0109999999,-50.2683907,1.60873401,38.944191,-0.872438014,-0.180135995,0.454288006
69,Eye_ID2551343_Task69_1766046091020,Eye_ID2551343_Task69_1766046091020.csv,1052.607,1885,23,12,1,ValidHit,ground,ground,-58.6709824,-2.81351531E-14,43.6936417,9.78790283,0.0109999999,-50.2718887,1.60636401,38.9315186,-0.858102977,-0.164115995,0.486528009
69,Eye_ID2551343_Task69_1766046091020,Eye_ID2551343_Task69_1766046091020.csv,1052.6179999999999,1886,23,12,1,ValidHit,ground,ground,-58.2243347,-2.78893357E-14,43.3118896,9.2206955,0.0109999999,-50.2689095,1.60707903,38.9358406,-0.862766981,-0.174288005,0.474583
69,Eye_ID2551343_Task69_1766046091020,Eye_ID2551343_Task69_1766046091020.csv,1052.6289999999999,1887,23,12,1,ValidHit,ground,ground,-58.2331009,-2.78707094E-14,43.2829628,9.2154007,0.0109999999,-50.2677193,1.60713398,38.9363098,-0.864342988,-0.174393997,0.471666008
69,Eye_ID2551343_Task69_1766046091020,Eye_ID2551343_Task69_1766046091020.csv,1052.6400000000001,1888,23,12,1,ValidHit,ground,ground,-57.9746017,-2.77549386E-14,43.1031685,8.90633011,0.0109999999,-50.26408,1.60873902,38.9459496,-0.865727007,-0.180627003,0.466767013
69,Eye_ID2551343_Task69_1766046091020,Eye_ID2551343_Task69_1766046091020.csv,1052.6510000000001,1889,23,12,1,ValidHit,ground,ground,-57.5256042,-2.79910491E-14,43.4698486,8.70698166,0.0109999999,-50.2639618,1.60846901,38.9429283,-0.833986998,-0.184729993,0.519909024
69,Eye_ID2551343_Task69_1766046091020,Eye_ID2551343_Task69_1766046091020.csv,1052.662,1890,23,12,1,ValidHit,ground,ground,-59.1500282,-2.92180966E-14,45.3754425,11.0893307,0.0109999999,-50.2639618,1.60805595,38.939209,-0.801310003,-0.145007998,0.58039403
69,Eye_ID2551343_Task69_1766046091020,Eye_ID2551343_Task69_1766046091020.csv,1052.673,1891,23,12,1,ValidHit,ground,ground,-59.2164078,-2.92245645E-14,45.3854904,11.148962,0.0120000001,-50.2628593,1.60831904,38.9398117,-0.803076029,-0.144255996,0.578136027
69,Eye_ID2551343_Task69_1766046091020,Eye_ID2551343_Task69_1766046091020.csv,1052.6849999999999,1892,23,12,1,ValidHit,ground,ground,-58.6807556,-2.90444413E-14,45.1057587,10.5571222,0.0109999999,-50.2601891,1.60929894,38.9448395,-0.797608018,-0.152435005,0.583571017
69,Eye_ID2551343_Task69_1766046091020,Eye_ID2551343_Task69_1766046091020.csv,1052.6959999999999,1893,23,12,1,ValidHit,ground,ground,-57.6910477,-2.79892856E-14,43.4671097,8.84646893,0.0109999999,-50.2597504,1.60937798,38.9454117,-0.840014994,-0.181920007,0.511120975
69,Eye_ID2551343_Task69_1766046091020,Eye_ID2551343_Task69_1766046091020.csv,1052.7070000000001,1894,23,12,1,ValidHit,ground,ground,-59.2197495,-2.91739391E-14,45.3068657,11.1078548,0.0109999999,-50.2597084,1.60876501,38.9418106,-0.806632996,-0.144830003,0.573018014
69,Eye_ID2551343_Task69_1766046091020,Eye_ID2551343_Task69_1766046091020.csv,1052.7180000000001,1895,23,12,1,ValidHit,ground,ground,-59.1954155,-2.91517536E-14,45.2724152,11.0689611,0.0109999999,-50.2586403,1.60876501,38.9425011,-0.807366014,-0.145338997,0.571856976
69,Eye_ID2551343_Task69_1766046091020,Eye_ID2551343_Task69_1766046091020.csv,1052.729,1896,23,12,1,ValidHit,ground,ground,-59.3568573,-2.95449937E-14,45.8831139,11.5559053,0.0109999999,-50.2554817,1.60936403,38.946701,-0.787585974,-0.139265999,0.600241005
69,Eye_ID2551343_Task69_1766046091020,Eye_ID2551343_Task69_1766046091020.csv,1052.74,1897,23,12,1,ValidHit,ground,ground,-58.7483635,-2.96177538E-14,45.9961052,11.1560507,0.0109999999,-50.2569199,1.60845804,38.9416084,-0.761144996,-0.144177005,0.632341981
69,Eye_ID2551343_Task69_1766046091020,Eye_ID2551343_Task69_1766046091020.csv,1052.751,1898,23,12,1,ValidHit,ground,ground,-58.7347488,-2.96031476E-14,45.9734192,11.1317358,0.0109999999,-50.2558594,1.60843503,38.9422798,-0.76168102,-0.144490004,0.63162601
69,Eye_ID2551343_Task69_1766046091020,Eye_ID2551343_Task69_1766046091020.csv,1052.7619999999999,1899,23,12,1,ValidHit,ground,ground,-58.6675034,-3.02609161E-14,46.9949303,11.755743,0.0120000001,-50.2565498,1.60794199,38.9408798,-0.715470016,-0.136777997,0.685109973
69,Eye_ID2551343_Task69_1766046091020,Eye_ID2551343_Task69_1766046091020.csv,1052.7739999999999,1900,23,12,1,ValidHit,ground,ground,-58.8628883,-3.05025001E-14,47.3701096,12.1535578,0.0109999999,-50.2546501,1.60797501,38.9426804,-0.708284974,-0.132303998,0.693408012
69,Eye_ID2551343_Task69_1766046091020,Eye_ID2551343_Task69_1766046091020.csv,1052.7850000000001,1901,23,12,1,ValidHit,ground,ground,-58.7611313,-2.96045096E-14,45.9755402,11.154294,0.0109999999,-50.2526512,1.60832703,38.9443703,-0.762793005,-0.144188002,0.630351007
69,Eye_ID2551343_Task69_1766046091020,Eye_ID2551343_Task69_1766046091020.csv,1052.796,1902,23,12,1,ValidHit,ground,ground,-58.7739716,-2.96087312E-14,45.9820976,11.16854,0.0109999999,-50.2516518,1.608338,38.9450798,-0.76305902,-0.144005001,0.630069971
69,Eye_ID2551343_Task69_1766046091020,Eye_ID2551343_Task69_1766046091020.csv,1052.807,1903,23,12,1,ValidHit,ground,ground,-58.6735115,-3.02560711E-14,46.9874077,11.7559528,0.0109999999,-50.2524185,1.60802901,38.9436684,-0.716319978,-0.136783004,0.684221029
69,Eye_ID2551343_Task69_1766046091020,Eye_ID2551343_Task69_1766046091020.csv,1052.818,1904,23,12,1,ValidHit,ground,ground,-58.7389221,-3.0380917E-14,47.1812897,11.9354506,0.0109999999,-50.2500687,1.60830998,38.9467583,-0.711221993,-0.134748995,0.689913988
69,Eye_ID2551343_Task69_1766046091020,Eye_ID2551343_Task69_1766046091020.csv,1052.829,1905,23,12,1,ValidHit,ground,ground,-58.3277817,-2.99530772E-14,46.5168648,11.185564,0.0109999999,-50.246521,1.60913301,38.9524193,-0.722461998,-0.143856004,0.676258981
69,Eye_ID2551343_Task69_1766046091020,Eye_ID2551343_Task69_1766046091020.csv,1052.8399999999999,1906,23,12,1,ValidHit,ground,ground,-58.2830238,-2.99274901E-14,46.4771271,11.1266708,0.0109999999,-50.2455788,1.60919404,38.95298,-0.722348988,-0.144622996,0.67621702
69,Eye_ID2551343_Task69_1766046091020,Eye_ID2551343_Task69_1766046091020.csv,1052.8510000000001,1907,23,12,1,ValidHit,ground,ground,-57.7188263,-2.90439907E-14,45.1050606,9.81011963,0.0109999999,-50.2370605,1.611256,38.9678307,-0.762646973,-0.164241999,0.625593007
69,Eye_ID2551343_Task69_1766046091020,Eye_ID2551343_Task69_1766046091020.csv,1052.8620000000001,1908,23,12,1,ValidHit,ground,ground,-58.8997841,-2.94160956E-14,45.68293,11.0785208,0.0120000001,-50.2327003,1.61200404,38.9734802,-0.782325983,-0.145505995,0.605621994
69,Eye_ID2551343_Task69_1766046091020,Eye_ID2551343_Task69_1766046091020.csv,1052.874,1909,23,12,1,ValidHit,ground,ground,-58.880867,-2.94064259E-14,45.6679192,11.0550261,0.0109999999,-50.231739,1.61202204,38.9740906,-0.782365978,-0.145816997,0.605497003
69,Eye_ID2551343_Task69_1766046091020,Eye_ID2551343_Task69_1766046091020.csv,1052.885,1910,23,12,1,ValidHit,ground,ground,-58.7156639,-2.93815739E-14,45.6293182,10.9031115,0.0109999999,-50.2314491,1.611848,38.973671,-0.778142989,-0.147833005,0.610432982
69,Eye_ID2551343_Task69_1766046091020,Eye_ID2551343_Task69_1766046091020.csv,1052.896,1911,23,12,1,ValidHit,ground,ground,-58.8571663,-3.00468946E-14,46.6625595,11.67029,0.0109999999,-50.2372093,1.61026001,38.9619789,-0.738617003,-0.137978002,0.659838021
69,Eye_ID2551343_Task69_1766046091020,Eye_ID2551343_Task69_1766046091020.csv,1052.9069999999999,1912,23,12,1,ValidHit,ground,ground,-58.8942757,-2.94194939E-14,45.6882133,11.0787458,0.0109999999,-50.2290306,1.61201298,38.9760208,-0.782145023,-0.145503998,0.605858028
69,Eye_ID2551343_Task69_1766046091020,Eye_ID2551343_Task69_1766046091020.csv,1052.9179999999999,1913,23,12,1,ValidHit,ground,ground,-58.9254036,-2.94419064E-14,45.7230186,11.1245098,0.0109999999,-50.2281303,1.61210895,38.9766617,-0.781805992,-0.144914001,0.606436014
69,Eye_ID2551343_Task69_1766046091020,Eye_ID2551343_Task69_1766046091020.csv,1052.9290000000001,1914,23,12,1,ValidHit,ground,ground,-58.7940674,-2.94438038E-14,45.7259598,11.0243597,0.0109999999,-50.2279205,1.61212301,38.9762497,-0.777015984,-0.146231994,0.612250984
69,Eye_ID2551343_Task69_1766046091020,Eye_ID2551343_Task69_1766046091020.csv,1052.9400000000001,1915,23,12,1,ValidHit,ground,ground,-58.9864197,-3.02160064E-14,46.9251823,11.9406395,0.0109999999,-50.2344208,1.61053598,38.9635506,-0.732955992,-0.134877995,0.666764975
69,Eye_ID2551343_Task69_1766046091020,Eye_ID2551343_Task69_1766046091020.csv,1052.951,1916,23,12,1,ValidHit,ground,ground,-59.079628,-3.02778432E-14,47.0212212,12.0731554,0.0109999999,-50.2336502,1.61069906,38.9642105,-0.732694983,-0.133411005,0.667346001
69,Eye_ID2551343_Task69_1766046091020,Eye_ID2551343_Task69_1766046091020.csv,1052.962,1917,23,12,1,ValidHit,ground,ground,-59.3712921,-3.01557993E-14,46.8316917,12.1640062,0.0109999999,-50.2299881,1.61158001,38.9702415,-0.751501024,-0.132486999,0.646284997
69,Eye_ID2551343_Task69_1766046091020,Eye_ID2551343_Task69_1766046091020.csv,1052.973,1918,23,12,1,ValidHit,ground,ground,-58.0700226,-2.94105662E-14,45.6743469,10.4400291,0.0109999999,-50.228981,1.61199701,38.97258,-0.751043975,-0.154403001,0.641919971
69,Eye_ID2551343_Task69_1766046091020,Eye_ID2551343_Task69_1766046091020.csv,1052.9839999999999,1919,23,12,1,ValidHit,ground,ground,-86.2262878,-2.88656191E-14,44.8280487,36.5041885,0.0120000001,-50.2294312,1.61427796,38.9819908,-0.986086011,-0.0442209989,0.160145
69,Eye_ID2551343_Task69_1766046091020,Eye_ID2551343_Task69_1766046091020.csv,1052.9960000000001,1920,23,12,1,ValidHit,ground,ground,-87.4438171,-2.90009851E-14,45.038269,37.7390671,0.0109999999,-50.2287598,1.61446595,38.9827118,-0.986099005,-0.0427789986,0.160456002
69,Eye_ID2551343_Task69_1766046091020,Eye_ID2551343_Task69_1766046091020.csv,1053.0070000000001,1921,23,12,1,ValidHit,ground,ground,-59.7507362,-3.03797548E-14,47.1794891,12.6744003,0.0109999999,-50.2272987,1.61228001,38.9730797,-0.751388013,-0.127206996,0.647476017
69,Eye_ID2551343_Task69_1766046091020,Eye_ID2551343_Task69_1766046091020.csv,1053.018,1922,23,12,1,ValidHit,ground,ground,-58.3283768,-2.95669928E-14,45.9172707,10.7903299,0.0109999999,-50.2263908,1.61268401,38.9754906,-0.750844002,-0.149453998,0.643323004
69,Eye_ID2551343_Task69_1766046091020,Eye_ID2551343_Task69_1766046091020.csv,1053.029,1923,23,12,1,ValidHit,ground,ground,-58.3792877,-2.96045028E-14,45.9755287,10.8660097,0.0109999999,-50.2258301,1.61285698,38.9762383,-0.750351012,-0.148429006,0.644134998
69,Eye_ID2551343_Task69_1766046091020,Eye_ID2551343_Task69_1766046091020.csv,1053.04,1924,23,12,1,ValidHit,other,other,-87.8649445,1.65017259,43.6544266,37.9258537,0.0109999999,-50.2275009,1.61531794,38.9862289,-0.992376029,0.000919000013,0.123085
69,Eye_ID2551343_Task69_1766046091020,Eye_ID2551343_Task69_1766046091020.csv,1053.0509999999999,1925,23,12,1,ValidHit,other,other,-87.8649445,0.96512419,44.0733261,37.985569,0.0109999999,-50.2270508,1.61548305,38.9871101,-0.990835011,-0.0171210002,0.133897007
69,Eye_ID2551343_Task69_1766046091020,Eye_ID2551343_Task69_1766046091020.csv,1053.0619999999999,1926,23,12,1,ValidHit,ground,ground,-59.3479271,-2.40462659E-14,37.3436356,9.42342186,0.0109999999,-50.2167397,1.61947298,39.016819,-0.968976974,-0.171854004,-0.177552998
69,Eye_ID2551343_Task69_1766046091020,Eye_ID2551343_Task69_1766046091020.csv,1053.0730000000001,1927,23,12,1,ValidHit,ground,ground,-59.4671898,-2.40475093E-14,37.3455658,9.53933716,0.0109999999,-50.216259,1.61965597,39.0176697,-0.969754994,-0.169784993,-0.175283
69,Eye_ID2551343_Task69_1766046091020,Eye_ID2551343_Task69_1766046091020.csv,1053.0840000000001,1928,23,12,1,ValidHit,ground,ground,-62.7724838,-2.34658213E-14,36.4422112,12.9161463,0.0120000001,-50.219059,1.61928403,39.0144081,-0.971902013,-0.125367001,-0.199143007
69,Eye_ID2551343_Task69_1766046091020,Eye_ID2551343_Task69_1766046091020.csv,1053.096,1929,23,12,1,ValidHit,commercial,C2,-79.9047012,4.72646427,52.5835571,32.7955437,0.0109999999,-50.2330818,1.61273801,38.9656487,-0.904739976,0.0949430019,0.415233999
69,Eye_ID2551343_Task69_1766046091020,Eye_ID2551343_Task69_1766046091020.csv,1053.107,1930,23,12,1,ValidHit,commercial,C2,-79.9047012,4.80305719,52.7036057,32.8527794,0.0109999999,-50.2328491,1.61290205,38.9664612,-0.903171003,0.0971039981,0.418139994
69,Eye_ID2551343_Task69_1766046091020,Eye_ID2551343_Task69_1766046091020.csv,1053.1179999999999,1931,23,12,1,ValidHit,commercial,C2,-79.9047089,5.91282272,54.0025253,33.5412865,0.0109999999,-50.2338295,1.61250603,38.9637604,-0.88459599,0.128207996,0.448359996
69,Eye_ID2551343_Task69_1766046091020,Eye_ID2551343_Task69_1766046091020.csv,1053.1289999999999,1932,23,12,1,ValidHit,ground,ground,-63.7246857,-2.34532276E-14,36.4226532,13.8491478,0.0109999999,-50.2176094,1.61964297,39.0177612,-0.97528398,-0.116947003,-0.187380999
69,Eye_ID2551343_Task69_1766046091020,Eye_ID2551343_Task69_1766046091020.csv,1053.1400000000001,1933,23,12,1,ValidHit,commercial,C2,-79.9047012,4.93463993,53.0842323,33.0259018,0.0109999999,-50.2324905,1.61313796,38.9690704,-0.898446977,0.100571997,0.427394003
69,Eye_ID2551343_Task69_1766046091020,Eye_ID2551343_Task69_1766046091020.csv,1053.1510000000001,1934,23,12,1,ValidHit,commercial,C2,-79.9047012,4.9561553,53.2190819,33.0855331,0.0109999999,-50.2325096,1.61317098,38.9699402,-0.896826982,0.101039998,0.430673003
69,Eye_ID2551343_Task69_1766046091020,Eye_ID2551343_Task69_1766046091020.csv,1053.162,1935,23,12,1,ValidHit,commercial,C2,-79.9047012,5.63609695,54.1923714,33.5909195,0.0109999999,-50.2336197,1.61278605,38.96772,-0.88330102,0.119773,0.453233987
69,Eye_ID2551343_Task69_1766046091020,Eye_ID2551343_Task69_1766046091020.csv,1053.173,1936,23,12,1,ValidHit,commercial,C2,-79.9047089,6.46798277,54.533638,33.8569756,0.0109999999,-50.2334709,1.61245406,38.9664688,-0.876363993,0.143411994,0.459789008
69,Eye_ID2551343_Task69_1766046091020,Eye_ID2551343_Task69_1766046091020.csv,1053.184,1937,23,12,1,ValidHit,commercial,C2,-79.9047012,6.46709538,54.6765289,33.9223099,0.0120000001,-50.2336006,1.612445,38.9672508,-0.874673009,0.143110007,0.463093013
69,Eye_ID2551343_Task69_1766046091020,Eye_ID2551343_Task69_1766046091020.csv,1053.1959999999999,1938,23,12,1,ValidHit,commercial,C2,-79.9047012,5.45205593,55.1239433,34.0009346,0.0109999999,-50.2344704,1.61242402,38.9684982,-0.872627974,0.112926997,0.475145996
69,Eye_ID2551343_Task69_1766046091020,Eye_ID2551343_Task69_1766046091020.csv,1053.2070000000001,1939,23,12,1,ValidHit,commercial,C2,-79.9047012,4.99975348,54.9251671,33.8579712,0.0109999999,-50.2348404,1.61228299,38.9693985,-0.876290977,0.100047998,0.471249014
69,Eye_ID2551343_Task69_1766046091020,Eye_ID2551343_Task69_1766046091020.csv,1053.2180000000001,1940,23,12,1,ValidHit,commercial,C2,-79.9047089,6.41989899,55.0971794,34.110878,0.0109999999,-50.23423,1.61221302,38.9695206,-0.869818985,0.140942007,0.47279799
69,Eye_ID2551343_Task69_1766046091020,Eye_ID2551343_Task69_1766046091020.csv,1053.229,1941,23,12,1,ValidHit,commercial,C2,-79.9047012,6.40406847,55.2517548,34.1814232,0.0109999999,-50.23452,1.61214304,38.9702492,-0.868014991,0.140190005,0.476323009
69,Eye_ID2551343_Task69_1766046091020,Eye_ID2551343_Task69_1766046091020.csv,1053.24,1942,23,12,1,ValidHit,commercial,C2,-79.9047012,5.39284515,55.6984596,34.268837,0.0109999999,-50.2354202,1.61209202,38.9714508,-0.865778029,0.110326,0.488110006
69,Eye_ID2551343_Task69_1766046091020,Eye_ID2551343_Task69_1766046091020.csv,1053.251,1943,23,12,1,ValidHit,commercial,C2,-79.9046936,4.07751799,55.5226974,34.0621185,0.0109999999,-50.2359886,1.61194301,38.9722786,-0.871010005,0.0723839998,0.485884994
69,Eye_ID2551343_Task69_1766046091020,Eye_ID2551343_Task69_1766046091020.csv,1053.2619999999999,1944,23,12,1,ValidHit,commercial,C2,-79.9047012,4.13548374,55.0001526,33.8149643,0.0109999999,-50.2363014,1.61188102,38.9730186,-0.877366006,0.0746290013,0.473960996
69,Eye_ID2551343_Task69_1766046091020,Eye_ID2551343_Task69_1766046091020.csv,1053.2729999999999,1945,23,12,1,ValidHit,commercial,C2,-79.9047012,4.1072197,55.0923347,33.8560181,0.0120000001,-50.236721,1.61177003,38.9735985,-0.876290023,0.0737069994,0.476092011
69,Eye_ID2551343_Task69_1766046091020,Eye_ID2551343_Task69_1766046091020.csv,1053.2850000000001,1946,23,12,1,ValidHit,commercial,C2,-79.9047012,3.79187822,54.5385361,33.5736008,0.00999999978,-50.2365913,1.61173105,38.9745712,-0.883669019,0.0649359971,0.463575006
69,Eye_ID2551343_Task69_1766046091020,Eye_ID2551343_Task69_1766046091020.csv,1053.2950000000001,1947,23,12,1,ValidHit,commercial,C2,-79.9047012,4.52836084,53.2755661,33.0626945,0.0120000001,-50.2377205,1.61163402,38.9750519,-0.897283971,0.0882169977,0.432521999
69,Eye_ID2551343_Task69_1766046091020,Eye_ID2551343_Task69_1766046091020.csv,1053.307,1948,23,12,1,ValidHit,commercial,C2,-79.9047012,4.49291706,53.3332634,33.0840073,0.0109999999,-50.2381516,1.61149704,38.9755287,-0.896692991,0.0870930031,0.433973014
69,Eye_ID2551343_Task69_1766046091020,Eye_ID2551343_Task69_1766046091020.csv,1053.318,1949,23,12,1,ValidHit,commercial,C2,-79.9047012,3.22005558,50.3235435,31.8030815,0.0109999999,-50.2360497,1.61216295,38.9823914,-0.932871997,0.0505569987,0.356599987
69,Eye_ID2551343_Task69_1766046091020,Eye_ID2551343_Task69_1766046091020.csv,1053.329,1950,23,12,1,ValidHit,commercial,C2,-79.9047089,3.63708925,54.776844,33.6726875,0.0109999999,-50.2383003,1.61136305,38.97649,-0.881017983,0.0601590015,0.469231009
69,Eye_ID2551343_Task69_1766046091020,Eye_ID2551343_Task69_1766046091020.csv,1053.3399999999999,1951,23,12,1,ValidHit,commercial,C2,-79.9047012,4.38464737,53.4857597,33.1394653,0.0109999999,-50.2394905,1.61133802,38.97686,-0.895151973,0.0836850032,0.437808007
69,Eye_ID2551343_Task69_1766046091020,Eye_ID2551343_Task69_1766046091020.csv,1053.3510000000001,1952,23,12,1,ValidHit,commercial,C2,-79.9046936,4.35993433,53.5345497,33.1581993,0.0109999999,-50.2399712,1.61125302,38.9772682,-0.894631982,0.0828950033,0.439020008
69,Eye_ID2551343_Task69_1766046091020,Eye_ID2551343_Task69_1766046091020.csv,1053.3620000000001,1953,23,12,1,ValidHit,commercial,C2,-79.9047012,4.92799759,53.6355362,33.2540588,0.0109999999,-50.2403107,1.611166,38.9776115,-0.892042994,0.099740997,0.440780997
69,Eye_ID2551343_Task69_1766046091020,Eye_ID2551343_Task69_1766046091020.csv,1053.373,1954,23,12,1,ValidHit,commercial,C2,-79.9047012,4.47818851,52.6038017,32.769352,0.0109999999,-50.240799,1.61106098,38.9779892,-0.905220985,0.0874930024,0.415803999
69,Eye_ID2551343_Task69_1766046091020,Eye_ID2551343_Task69_1766046091020.csv,1053.384,1955,23,12,1,ValidHit,commercial,C2,-79.9047012,4.43313694,52.6408195,32.780262,0.0120000001,-50.241291,1.61094904,38.9783516,-0.904905021,0.0860930011,0.416783988
69,Eye_ID2551343_Task69_1766046091020,Eye_ID2551343_Task69_1766046091020.csv,1053.396,1956,23,12,1,ValidHit,commercial,C2,-79.9047012,4.90836287,52.4493637,32.7448425,0.0109999999,-50.2417412,1.61088097,38.9786491,-0.905879021,0.100702003,0.411383003
69,Eye_ID2551343_Task69_1766046091020,Eye_ID2551343_Task69_1766046091020.csv,1053.4069999999999,1957,23,12,1,ValidHit,commercial,C6,-65.0608292,1.11865962,48.7608948,17.7628288,0.0109999999,-50.2426186,1.61035597,38.9784088,-0.834219992,-0.0276810005,0.55072403
69,Eye_ID2551343_Task69_1766046091020,Eye_ID2551343_Task69_1766046091020.csv,1053.4179999999999,1958,23,12,1,ValidHit,commercial,C6,-63.7117538,0.454504132,49.213089,16.9563656,0.0109999999,-50.2424316,1.61006498,38.9778404,-0.794350982,-0.0681490004,0.603622019
69,Eye_ID2551343_Task69_1766046091020,Eye_ID2551343_Task69_1766046091020.csv,1053.4290000000001,1959,23,12,1,ValidHit,commercial,C6,-63.6914444,0.431361467,49.2198944,16.945385,0.0109999999,-50.242939,1.60996604,38.9780884,-0.793636978,-0.0695530027,0.604399979
69,Eye_ID2551343_Task69_1766046091020,Eye_ID2551343_Task69_1766046091020.csv,1053.4400000000001,1960,23,12,1,ValidHit,commercial,C2,-79.9047012,4.74647236,52.5780678,32.7799416,0.0109999999,-50.243721,1.61040604,38.9796982,-0.904848993,0.0956699997,0.414837003
69,Eye_ID2551343_Task69_1766046091020,Eye_ID2551343_Task69_1766046091020.csv,1053.451,1961,23,12,1,ValidHit,commercial,C6,-64.9889832,1.03779292,48.7849731,17.7164803,0.0109999999,-50.2445984,1.60984397,38.9793892,-0.832235992,-0.0322889984,0.553469002
69,Eye_ID2551343_Task69_1766046091020,Eye_ID2551343_Task69_1766046091020.csv,1053.462,1962,23,12,1,ValidHit,commercial,C6,-64.9773254,1.01349854,48.788887,17.7092381,0.0109999999,-50.2450294,1.60970199,38.9796486,-0.831893027,-0.0336659998,0.553901017
69,Eye_ID2551343_Task69_1766046091020,Eye_ID2551343_Task69_1766046091020.csv,1053.473,1963,23,12,1,ValidHit,ground,ground,-58.1235275,-2.92790423E-14,45.470089,10.333519,0.0109999999,-50.2436104,1.60957301,38.9818001,-0.76255703,-0.155762002,0.627885997
69,Eye_ID2551343_Task69_1766046091020,Eye_ID2551343_Task69_1766046091020.csv,1053.4839999999999,1964,23,12,1,ValidHit,ground,ground,-54.6598167,-2.66675177E-14,41.4144135,5.289464,0.0109999999,-50.2339897,1.61204302,39.0078011,-0.836712003,-0.304760009,0.454975009
69,Eye_ID2551343_Task69_1766046091020,Eye_ID2551343_Task69_1766046091020.csv,1053.4949999999999,1965,23,12,1,ValidHit,ground,ground,-54.6746941,-2.66666775E-14,41.4131126,5.30118132,0.0120000001,-50.2341309,1.61189497,39.00774,-0.837642014,-0.304058999,0.453734994
69,Eye_ID2551343_Task69_1766046091020,Eye_ID2551343_Task69_1766046091020.csv,1053.5070000000001,1966,23,12,1,ValidHit,ground,ground,-54.6518173,-2.66595489E-14,41.4020386,5.27657843,0.0109999999,-50.2345581,1.61179602,39.0078506,-0.837134004,-0.305458009,0.453732997
69,Eye_ID2551343_Task69_1766046091020,Eye_ID2551343_Task69_1766046091020.csv,1053.518,1967,23,12,1,ValidHit,ground,ground,-55.6508408,-2.83832829E-14,44.0789833,7.60198975,0.0109999999,-50.2462502,1.60890198,38.980751,-0.710941017,-0.211640999,0.670641005
69,Eye_ID2551343_Task69_1766046091020,Eye_ID2551343_Task69_1766046091020.csv,1053.529,1968,23,12,1,ValidHit,ground,ground,-55.2938881,-2.73846701E-14,42.5281448,6.37307501,0.0109999999,-50.2411499,1.610183,38.9935913,-0.79281801,-0.252651006,0.554602027
69,Eye_ID2551343_Task69_1766046091020,Eye_ID2551343_Task69_1766046091020.csv,1053.54,1969,23,12,1,ValidHit,ground,ground,-55.2785683,-2.73767774E-14,42.515892,6.35379696,0.0109999999,-50.2415199,1.61011398,38.9936104,-0.792752981,-0.253407001,0.554351985
69,Eye_ID2551343_Task69_1766046091020,Eye_ID2551343_Task69_1766046091020.csv,1053.5509999999999,1970,23,12,1,ValidHit,ground,ground,-54.6147766,-2.66435213E-14,41.3771515,5.23276949,0.0109999999,-50.2361908,1.611449,39.0079689,-0.836751997,-0.307949007,0.452753007
69,Eye_ID2551343_Task69_1766046091020,Eye_ID2551343_Task69_1766046091020.csv,1053.5619999999999,1971,23,12,1,ValidHit,ground,ground,-55.5903549,-2.83395117E-14,44.0110054,7.51224518,0.0109999999,-50.2477913,1.60863602,38.9807892,-0.711176991,-0.214133993,0.669598997
69,Eye_ID2551343_Task69_1766046091020,Eye_ID2551343_Task69_1766046091020.csv,1053.5730000000001,1972,23,12,1,ValidHit,ground,ground,-55.3392525,-2.75379966E-14,42.7662582,6.54283762,0.0109999999,-50.2434883,1.60970902,38.9912605,-0.778819025,-0.246022001,0.576958001
69,Eye_ID2551343_Task69_1766046091020,Eye_ID2551343_Task69_1766046091020.csv,1053.5840000000001,1973,23,12,1,ValidHit,ground,ground,-55.339016,-2.75345762E-14,42.7609482,6.53932667,0.0109999999,-50.2438393,1.60968196,38.9912109,-0.779146016,-0.246150002,0.576461971
69,Eye_ID2551343_Task69_1766046091020,Eye_ID2551343_Task69_1766046091020.csv,1053.595,1974,23,12,1,ValidHit,ground,ground,-56.1323051,-2.80066074E-14,43.4940071,7.58601046,0.0120000001,-50.2450218,1.60944402,38.9887886,-0.776063025,-0.212156996,0.593878984
69,Eye_ID2551343_Task69_1766046091020,Eye_ID2551343_Task69_1766046091020.csv,1053.607,1975,23,12,1,ValidHit,ground,ground,-55.8183212,-2.7762152E-14,43.1143723,7.11788273,0.0109999999,-50.2442589,1.609653,38.9908981,-0.783100009,-0.226140007,0.57930702
69,Eye_ID2551343_Task69_1766046091020,Eye_ID2551343_Task69_1766046091020.csv,1053.6179999999999,1976,23,12,1,ValidHit,ground,ground,-55.8858261,-2.76429711E-14,42.929287,7.06561947,0.0109999999,-50.2435913,1.60985196,38.9927101,-0.798539996,-0.227841005,0.557139993
69,Eye_ID2551343_Task69_1766046091020,Eye_ID2551343_Task69_1766046091020.csv,1053.6289999999999,1977,23,12,1,ValidHit,ground,ground,-55.8822975,-2.76362795E-14,42.9188957,7.05684853,0.0109999999,-50.2438889,1.60980105,38.992569,-0.798991024,-0.228117004,0.556379974
69,Eye_ID2551343_Task69_1766046091020,Eye_ID2551343_Task69_1766046091020.csv,1053.6400000000001,1978,23,12,1,ValidHit,ground,ground,-56.3848686,-2.71241532E-14,42.1235695,7.07831478,0.0109999999,-50.2374191,1.61130798,39.006649,-0.868481994,-0.227638006,0.440342993
69,Eye_ID2551343_Task69_1766046091020,Eye_ID2551343_Task69_1766046091020.csv,1053.6510000000001,1979,23,12,1,ValidHit,ground,ground,-55.8283691,-2.77440306E-14,43.0862312,7.10905266,0.0109999999,-50.2452316,1.60949695,38.9902916,-0.785349011,-0.226399004,0.57615298
69,Eye_ID2551343_Task69_1766046091020,Eye_ID2551343_Task69_1766046091020.csv,1053.662,1980,23,12,1,ValidHit,ground,ground,-55.8440514,-2.77457839E-14,43.0889511,7.12284279,0.0109999999,-50.2454681,1.60947001,38.990139,-0.785997987,-0.225957006,0.575442016
69,Eye_ID2551343_Task69_1766046091020,Eye_ID2551343_Task69_1766046091020.csv,1053.673,1981,23,12,1,ValidHit,ground,ground,-55.9386139,-2.76394542E-14,42.9238243,7.1043334,0.0109999999,-50.2446899,1.609707,38.9919586,-0.801464975,-0.226578996,0.553442001
69,Eye_ID2551343_Task69_1766046091020,Eye_ID2551343_Task69_1766046091020.csv,1053.684,1982,23,12,1,ValidHit,ground,ground,-55.8336487,-2.74743319E-14,42.6673889,6.87886477,0.0109999999,-50.2426796,1.610322,38.9976997,-0.812765002,-0.234093994,0.533466995
69,Eye_ID2551343_Task69_1766046091020,Eye_ID2551343_Task69_1766046091020.csv,1053.6949999999999,1983,23,12,1,ValidHit,ground,ground,-55.7992058,-2.84189854E-14,44.1344261,7.74204063,0.0109999999,-50.2490082,1.60866797,38.9820786,-0.71688199,-0.207781002,0.665494978
69,Eye_ID2551343_Task69_1766046091020,Eye_ID2551343_Task69_1766046091020.csv,1053.7059999999999,1984,23,12,1,ValidHit,ground,ground,-55.8270111,-2.84305999E-14,44.1524696,7.77399826,0.0120000001,-50.2491417,1.60872996,38.9819412,-0.717495978,-0.206935003,0.665098011
69,Eye_ID2551343_Task69_1766046091020,Eye_ID2551343_Task69_1766046091020.csv,1053.7180000000001,1985,23,12,1,ValidHit,ground,ground,-55.8525085,-2.8696165E-14,44.564888,8.07330513,0.0109999999,-50.2509384,1.60840297,38.9779587,-0.693827987,-0.199221998,0.692014992
69,Eye_ID2551343_Task69_1766046091020,Eye_ID2551343_Task69_1766046091020.csv,1053.729,1986,23,12,1,ValidHit,ground,ground,-56.2550201,-2.89112403E-14,44.8988953,8.58451176,0.0109999999,-50.251049,1.60852206,38.9778519,-0.699388981,-0.187372997,0.689728975
69,Eye_ID2551343_Task69_1766046091020,Eye_ID2551343_Task69_1766046091020.csv,1053.74,1987,23,12,1,ValidHit,ground,ground,-56.2900734,-2.89317723E-14,44.9307823,8.63101101,0.0109999999,-50.2511597,1.60868096,38.9777908,-0.699669003,-0.186381996,0.689714015
69,Eye_ID2551343_Task69_1766046091020,Eye_ID2551343_Task69_1766046091020.csv,1053.751,1988,23,12,1,ValidHit,ground,ground,-54.7403107,-2.7121646E-14,42.1196747,5.70695162,0.0109999999,-50.2369003,1.61198997,39.0067711,-0.789098024,-0.282456994,0.545449972
69,Eye_ID2551343_Task69_1766046091020,Eye_ID2551343_Task69_1766046091020.csv,1053.7619999999999,1989,23,12,1,ValidHit,ground,ground,-55.9915352,-2.87932554E-14,44.7156677,8.27408409,0.0109999999,-50.2513504,1.60886097,38.9778709,-0.693745017,-0.194443002,0.693455994
69,Eye_ID2551343_Task69_1766046091020,Eye_ID2551343_Task69_1766046091020.csv,1053.7729999999999,1990,23,12,1,ValidHit,ground,ground,-56.3984108,-2.90245767E-14,45.0749092,8.80607414,0.0109999999,-50.2513809,1.60900998,38.9780197,-0.698037028,-0.182714,0.692342997
69,Eye_ID2551343_Task69_1766046091020,Eye_ID2551343_Task69_1766046091020.csv,1053.7840000000001,1991,23,12,1,ValidHit,ground,ground,-56.4218063,-2.90573094E-14,45.1257439,8.85745049,0.0120000001,-50.2514496,1.60914004,38.978241,-0.696622014,-0.181668997,0.694042027
69,Eye_ID2551343_Task69_1766046091020,Eye_ID2551343_Task69_1766046091020.csv,1053.796,1992,23,12,1,ValidHit,ground,ground,-54.8459053,-2.73772162E-14,42.516571,6.01405668,0.00999999978,-50.2396584,1.61188996,39.0018616,-0.765911996,-0.268020004,0.584415019
69,Eye_ID2551343_Task69_1766046091020,Eye_ID2551343_Task69_1766046091020.csv,1053.806,1993,23,12,1,ValidHit,ground,ground,-55.800415,-2.82844816E-14,43.9255447,7.60326004,0.0109999999,-50.2404518,1.61124897,38.9960098,-0.731257975,-0.211915001,0.648343027
69,Eye_ID2551343_Task69_1766046091020,Eye_ID2551343_Task69_1766046091020.csv,1053.817,1994,23,12,1,ValidHit,ground,ground,-55.794239,-2.83133112E-14,43.9703178,7.62760353,0.0120000001,-50.2403984,1.61135697,38.9965096,-0.728121996,-0.211253002,0.652078986
69,Eye_ID2551343_Task69_1766046091020,Eye_ID2551343_Task69_1766046091020.csv,1053.829,1995,23,12,1,ValidHit,ground,ground,-55.5583496,-2.83491644E-14,44.0259972,7.49497795,0.0109999999,-50.2410507,1.61120796,38.9955902,-0.709446013,-0.214971006,0.671168983
69,Eye_ID2551343_Task69_1766046091020,Eye_ID2551343_Task69_1766046091020.csv,1053.8399999999999,1996,23,12,1,ValidHit,ground,ground,-55.5908279,-2.82210439E-14,43.8270302,7.3857007,0.0109999999,-50.2395897,1.61143994,38.9983597,-0.724534988,-0.218181998,0.653780997
69,Eye_ID2551343_Task69_1766046091020,Eye_ID2551343_Task69_1766046091020.csv,1053.8510000000001,1997,23,12,1,ValidHit,ground,ground,-55.3739204,-2.8202067E-14,43.7975578,7.20998144,0.0109999999,-50.2395782,1.61141706,38.9990501,-0.712109029,-0.223496005,0.66553098
69,Eye_ID2551343_Task69_1766046091020,Eye_ID2551343_Task69_1766046091020.csv,1053.8620000000001,1998,23,12,1,ValidHit,ground,ground,-55.2894592,-2.82200631E-14,43.8255043,7.16832399,0.0109999999,-50.2393303,1.61139596,39.0000916,-0.704499006,-0.224792004,0.673151016
69,Eye_ID2551343_Task69_1766046091020,Eye_ID2551343_Task69_1766046091020.csv,1053.873,1999,23,12,1,ValidHit,ground,ground,-55.1295509,-2.84084839E-14,44.1181221,7.26078892,0.0109999999,-50.2438507,1.61053801,38.9941406,-0.672885001,-0.221811995,0.705702007
69,Eye_ID2551343_Task69_1766046091020,Eye_ID2551343_Task69_1766046091020.csv,1053.884,2000,23,12,1,ValidHit,ground,ground,-54.7890663,-2.79448773E-14,43.3981438,6.52873659,0.0109999999,-50.2383499,1.61124504,39.0027809,-0.697023988,-0.246791005,0.673228979
69,Eye_ID2551343_Task69_1766046091020,Eye_ID2551343_Task69_1766046091020.csv,1053.895,2001,23,12,1,ValidHit,ground,ground,-54.6574516,-2.79666681E-14,43.4319878,6.46000576,0.0109999999,-50.2379608,1.61106002,39.0043182,-0.684126019,-0.249387994,0.685392022
69,Eye_ID2551343_Task69_1766046091020,Eye_ID2551343_Task69_1766046091020.csv,1053.9059999999999,2002,23,12,1,ValidHit,ground,ground,-54.6498795,-2.75186503E-14,42.7362175,5.99800014,0.0109999999,-50.2256393,1.612535,39.0211296,-0.737612009,-0.268842995,0.619382024
69,Eye_ID2551343_Task69_1766046091020,Eye_ID2551343_Task69_1766046091020.csv,1053.9169999999999,2003,23,12,0,InvalidGaze,,,0,0,0,0,0.0120000001,0,0,0,0,0,0
69,Eye_ID2551343_Task69_1766046091020,Eye_ID2551343_Task69_1766046091020.csv,1053.9290000000001,2004,23,12,1,ValidHit,ground,ground,-54.2068596,-2.80156435E-14,43.5080414,6.21274424,0.00999999978,-50.2361107,1.61034298,39.0093689,-0.639126003,-0.25919801,0.72409898
69,Eye_ID2551343_Task69_1766046091020,Eye_ID2551343_Task69_1766046091020.csv,1053.9390000000001,2005,23,12,1,ValidHit,ground,ground,-54.0433159,-2.80252082E-14,43.5228958,6.1195116,0.0120000001,-50.2353783,1.61007404,39.0111694,-0.622256994,-0.263103008,0.737263978
69,Eye_ID2551343_Task69_1766046091020,Eye_ID2551343_Task69_1766046091020.csv,1053.951,2006,23,12,1,ValidHit,ground,ground,-54.0797005,-2.76174398E-14,42.889637,5.69220161,0.0109999999,-50.2214317,1.61133397,39.0271797,-0.677810013,-0.283075005,0.678546011
69,Eye_ID2551343_Task69_1766046091020,Eye_ID2551343_Task69_1766046091020.csv,1053.962,2007,23,12,0,InvalidGaze,,,0,0,0,0,0.0109999999,0,0,0,0,0,0
69,Eye_ID2551343_Task69_1766046091020,Eye_ID2551343_Task69_1766046091020.csv,1053.973,2008,23,12,0,InvalidGaze,,,0,0,0,0,0.0109999999,0,0,0,0,0,0
69,Eye_ID2551343_Task69_1766046091020,Eye_ID2551343_Task69_1766046091020.csv,1053.9839999999999,2009,23,12,0,InvalidGaze,,,0,0,0,0,0.0109999999,0,0,0,0,0,0
69,Eye_ID2551343_Task69_1766046091020,Eye_ID2551343_Task69_1766046091020.csv,1053.9949999999999,2010,23,12,1,ValidHit,ground,ground,-53.5000458,-2.7708938E-14,43.0317307,5.41887188,0.0109999999,-50.2162209,1.61052597,39.033371,-0.605992019,-0.297203988,0.737851024
69,Eye_ID2551343_Task69_1766046091020,Eye_ID2551343_Task69_1766046091020.csv,1054.0060000000001,2011,23,12,0,InvalidGaze,,,0,0,0,0,0.0109999999,0,0,0,0,0,0
69,Eye_ID2551343_Task69_1766046091020,Eye_ID2551343_Task69_1766046091020.csv,1054.0170000000001,2012,23,12,0,InvalidGaze,,,0,0,0,0,0.0109999999,0,0,0,0,0,0
69,Eye_ID2551343_Task69_1766046091020,Eye_ID2551343_Task69_1766046091020.csv,1054.028,2013,23,12,0,InvalidGaze,,,0,0,0,0,0.0109999999,0,0,0,0,0,0
69,Eye_ID2551343_Task69_1766046091020,Eye_ID2551343_Task69_1766046091020.csv,1054.039,2014,23,12,1,ValidHit,ground,ground,-49.643486,-2.70944579E-14,42.0774536,3.48144364,0.0120000001,-50.1917686,1.61106002,39.0402985,0.157481998,-0.462749004,0.872371018
69,Eye_ID2551343_Task69_1766046091020,Eye_ID2551343_Task69_1766046091020.csv,1054.0509999999999,2015,23,12,1,ValidHit,ground,ground,-49.572155,-2.70696737E-14,42.0389633,3.45878839,0.0109999999,-50.1903114,1.61082602,39.0412407,0.178717002,-0.465712011,0.866683006
69,Eye_ID2551343_Task69_1766046091020,Eye_ID2551343_Task69_1766046091020.csv,1054.0619999999999,2016,23,12,1,ValidHit,ground,ground,-46.8804245,-3.08809341E-14,47.9578133,9.69263935,0.0109999999,-50.2401619,1.60722101,39.0092812,0.346626014,-0.165818006,0.923225999
69,Eye_ID2551343_Task69_1766046091020,Eye_ID2551343_Task69_1766046091020.csv,1054.0730000000001,2017,23,12,1,ValidHit,ground,ground,-43.8149529,-3.0755851E-14,47.7635612,10.9727926,0.0109999999,-50.2417107,1.60700095,39.0161896,0.585690975,-0.146450996,0.79717499
69,Eye_ID2551343_Task69_1766046091020,Eye_ID2551343_Task69_1766046091020.csv,1054.0840000000001,2018,23,12,1,ValidHit,commercial,C6,-52.8766174,3.28249168,55.1768723,16.4289265,0.0109999999,-50.1917305,1.60955203,39.0553894,-0.163423002,0.101828001,0.981278002
69,Eye_ID2551343_Task69_1766046091020,Eye_ID2551343_Task69_1766046091020.csv,1054.095,2019,23,12,1,ValidHit,commercial,C6,-52.5812988,3.26971579,55.3955994,16.5967464,0.0109999999,-50.1899681,1.60937905,39.056179,-0.144082993,0.100038998,0.984486997
69,Eye_ID2551343_Task69_1766046091020,Eye_ID2551343_Task69_1766046091020.csv,1054.106,2020,23,12,1,ValidHit,ground,ground,-46.2605972,-3.05048345E-14,47.3737335,9.39335632,0.0109999999,-50.2368698,1.60660899,39.01651,0.423305988,-0.171036005,0.889690995
69,Eye_ID2551343_Task69_1766046091020,Eye_ID2551343_Task69_1766046091020.csv,1054.117,2021,23,12,1,ValidHit,ground,ground,-43.2442169,-3.03258598E-14,47.095787,10.8009396,0.0109999999,-50.2379608,1.60630596,39.02314,0.647503018,-0.148717001,0.747391999
69,Eye_ID2551343_Task69_1766046091020,Eye_ID2551343_Task69_1766046091020.csv,1054.1279999999999,2022,23,12,1,ValidHit,ground,ground,-43.1371117,-3.0220516E-14,46.9321899,10.7478342,0.0109999999,-50.2369804,1.60614705,39.0247192,0.660575986,-0.149436995,0.735716999
69,Eye_ID2551343_Task69_1766046091020,Eye_ID2551343_Task69_1766046091020.csv,1054.1389999999999,2023,23,12,0,InvalidGaze,,,0,0,0,0,0.0109999999,0,0,0,0,0,0
69,Eye_ID2551343_Task69_1766046091020,Eye_ID2551343_Task69_1766046091020.csv,1054.1500000000001,2024,23,12,1,ValidHit,ground,ground,-49.1068344,-2.74320649E-14,42.6017494,4.0337224,0.0120000001,-50.1818085,1.60975397,39.0628204,0.266492993,-0.399069995,0.877327979
69,Eye_ID2551343_Task69_1766046091020,Eye_ID2551343_Task69_1766046091020.csv,1054.162,2025,23,12,1,ValidHit,ground,ground,-41.9117393,-3.33501706E-14,51.792511,15.3135061,0.0109999999,-50.2361183,1.60527897,39.0398216,0.543588996,-0.104826003,0.83276099
69,Eye_ID2551343_Task69_1766046091020,Eye_ID2551343_Task69_1766046091020.csv,1054.173,2026,23,12,1,ValidHit,ground,ground,-41.7722206,-3.32595449E-14,51.6517715,15.2718811,0.0109999999,-50.2350311,1.60508394,39.0408707,0.554135025,-0.105099,0.825747013
69,Eye_ID2551343_Task69_1766046091020,Eye_ID2551343_Task69_1766046091020.csv,1054.184,2027,23,12,1,ValidHit,ground,ground,-45.9682541,-3.23689711E-14,50.2687187,12.1172924,0.0109999999,-50.2332916,1.60508204,39.0409889,0.351972997,-0.132459998,0.926572978
69,Eye_ID2551343_Task69_1766046091020,Eye_ID2551343_Task69_1766046091020.csv,1054.1949999999999,2028,23,12,1,ValidHit,ground,ground,-48.11409,-3.59617901E-14,55.8483353,17.0147076,0.0109999999,-50.2315216,1.60497606,39.0423584,0.124444999,-0.0943270028,0.987713993
69,Eye_ID2551343_Task69_1766046091020,Eye_ID2551343_Task69_1766046091020.csv,1054.2059999999999,2029,23,12,1,ValidHit,ground,ground,-47.9741096,-3.58473796E-14,55.6706619,16.8565006,0.0109999999,-50.2305412,1.60492098,39.0431404,0.133858994,-0.0952090025,0.986397028
69,Eye_ID2551343_Task69_1766046091020,Eye_ID2551343_Task69_1766046091020.csv,1054.2170000000001,2030,23,12,1,ValidHit,ground,ground,-41.3941956,-3.29175469E-14,51.1206589,15.0499678,0.0109999999,-50.2309799,1.60463703,39.0443192,0.587153971,-0.106619,0.802403986
69,Eye_ID2551343_Task69_1766046091020,Eye_ID2551343_Task69_1766046091020.csv,1054.2280000000001,2031,23,12,1,ValidHit,ground,ground,-45.6570549,-3.20822335E-14,49.8234177,11.8183622,0.0109999999,-50.2293205,1.60473394,39.0441399,0.386871994,-0.135781005,0.912065029
69,Eye_ID2551343_Task69_1766046091020,Eye_ID2551343_Task69_1766046091020.csv,1054.239,2032,23,12,1,ValidHit,ground,ground,-48.2173157,-3.51305898E-14,54.5574875,15.7241516,0.0120000001,-50.2274094,1.60472298,39.0451317,0.127831995,-0.102053002,0.986514986
69,Eye_ID2551343_Task69_1766046091020,Eye_ID2551343_Task69_1766046091020.csv,1054.251,2033,23,12,1,ValidHit,ground,ground,-48.1179008,-3.49850425E-14,54.331459,15.5136824,0.0109999999,-50.226429,1.60451198,39.0457115,0.135912001,-0.103423998,0.985292017
69,Eye_ID2551343_Task69_1766046091020,Eye_ID2551343_Task69_1766046091020.csv,1054.2619999999999,2034,23,12,1,ValidHit,ground,ground,-47.0655098,-3.20251333E-14,49.734745,11.2542229,0.0109999999,-50.2151604,1.60505795,39.0501289,0.27985999,-0.142616004,0.949371994
69,Eye_ID2551343_Task69_1766046091020,Eye_ID2551343_Task69_1766046091020.csv,1054.2729999999999,2035,23,12,1,ValidHit,ground,ground,-43.1551857,-3.00997156E-14,46.7445908,10.5707436,0.0109999999,-50.2240982,1.60400903,39.0505486,0.66871798,-0.151739001,0.727855027
69,Eye_ID2551343_Task69_1766046091020,Eye_ID2551343_Task69_1766046091020.csv,1054.2840000000001,2036,23,12,1,ValidHit,ground,ground,-43.464653,-3.01558874E-14,46.8318253,10.4315929,0.0109999999,-50.2244492,1.60389698,39.0503807,0.648003995,-0.153751999,0.745940983
69,Eye_ID2551343_Task69_1766046091020,Eye_ID2551343_Task69_1766046091020.csv,1054.2950000000001,2037,23,12,1,ValidHit,ground,ground,-43.461422,-3.01005694E-14,46.7459106,10.3689833,0.0109999999,-50.2235603,1.60387194,39.0506592,0.652143002,-0.154678002,0.742133021
69,Eye_ID2551343_Task69_1766046091020,Eye_ID2551343_Task69_1766046091020.csv,1054.306,2038,23,12,1,ValidHit,ground,ground,-46.0441132,-3.03334221E-14,47.1075363,9.21667671,0.0109999999,-50.2226906,1.60387397,39.0505981,0.453368992,-0.174017996,0.874166012
69,Eye_ID2551343_Task69_1766046091020,Eye_ID2551343_Task69_1766046091020.csv,1054.317,2039,23,12,1,ValidHit,ground,ground,-43.1399384,-2.98854942E-14,46.4119072,10.3382397,0.0109999999,-50.2205009,1.60404503,39.0517502,0.684884012,-0.155155003,0.71192801
69,Eye_ID2551343_Task69_1766046091020,Eye_ID2551343_Task69_1766046091020.csv,1054.328,2040,23,12,1,ValidHit,ground,ground,-43.1268082,-2.98455854E-14,46.3499298,10.302577,0.0109999999,-50.2196693,1.60409498,39.051899,0.688449025,-0.155697003,0.708362997
69,Eye_ID2551343_Task69_1766046091020,Eye_ID2551343_Task69_1766046091020.csv,1054.3389999999999,2041,23,12,1,ValidHit,ground,ground,-43.395401,-2.99435735E-14,46.5021019,10.2304735,0.0109999999,-50.2202492,1.60405505,39.0515289,0.667101979,-0.156790003,0.728263974
69,Eye_ID2551343_Task69_1766046091020,Eye_ID2551343_Task69_1766046091020.csv,1054.3499999999999,2042,23,12,1,ValidHit,ground,ground,-45.2613029,-3.09960458E-14,48.1365814,10.4736881,0.0120000001,-50.2193298,1.60406196,39.0512619,0.473370999,-0.153148994,0.867428005
69,Eye_ID2551343_Task69_1766046091020,Eye_ID2551343_Task69_1766046091020.csv,1054.3620000000001,2043,23,12,1,ValidHit,ground,ground,-45.1634712,-3.10963888E-14,48.2924156,10.6541815,0.0109999999,-50.2180481,1.60410404,39.0517616,0.474413007,-0.150557995,0.867308974
69,Eye_ID2551343_Task69_1766046091020,Eye_ID2551343_Task69_1766046091020.csv,1054.373,2044,23,12,1,ValidHit,ground,ground,-45.104702,-3.10935563E-14,48.2880096,10.6779346,0.0109999999,-50.2172394,1.60421002,39.0518494,0.478785992,-0.150233001,0.864959002
69,Eye_ID2551343_Task69_1766046091020,Eye_ID2551343_Task69_1766046091020.csv,1054.384,2045,23,12,1,ValidHit,ground,ground,-45.8085938,-3.14521765E-14,48.8449478,10.857214,0.0109999999,-50.2141113,1.60451698,39.0522995,0.405764014,-0.147781998,0.901939988
69,Eye_ID2551343_Task69_1766046091020,Eye_ID2551343_Task69_1766046091020.csv,1054.395,2046,23,12,1,ValidHit,ground,ground,-46.6024132,-3.14328709E-14,48.8149681,10.5305233,0.0109999999,-50.2096481,1.60492897,39.0525894,0.342543006,-0.152403995,0.927034974
69,Eye_ID2551343_Task69_1766046091020,Eye_ID2551343_Task69_1766046091020.csv,1054.4059999999999,2047,23,12,1,ValidHit,ground,ground,-46.5310707,-3.14637842E-14,48.8629761,10.5991993,0.0109999999,-50.2088509,1.60502994,39.0527306,0.346978992,-0.151426002,0.925544024
69,Eye_ID2551343_Task69_1766046091020,Eye_ID2551343_Task69_1766046091020.csv,1054.4169999999999,2048,23,12,1,ValidHit,ground,ground,-45.4907112,-2.81911132E-14,43.7805481,6.8748374,0.0109999999,-50.215271,1.60445499,39.0511017,0.687216997,-0.233377993,0.687927008
69,Eye_ID2551343_Task69_1766046091020,Eye_ID2551343_Task69_1766046091020.csv,1054.4280000000001,2049,23,12,1,ValidHit,ground,ground,-45.5185127,-3.15561989E-14,49.0064926,11.1208563,0.0109999999,-50.2111588,1.60483503,39.0527496,0.42196399,-0.144307002,0.895042002
69,Eye_ID2551343_Task69_1766046091020,Eye_ID2551343_Task69_1766046091020.csv,1054.4390000000001,2050,23,12,1,ValidHit,ground,ground,-46.3585129,-3.15294123E-14,48.9648933,10.7533159,0.0109999999,-50.2068291,1.60513997,39.0528908,0.357865006,-0.149266005,0.921742022
69,Eye_ID2551343_Task69_1766046091020,Eye_ID2551343_Task69_1766046091020.csv,1054.45,2051,23,12,1,ValidHit,ground,ground,-46.3236618,-3.15283891E-14,48.9633064,10.7641363,0.0109999999,-50.2061691,1.60517204,39.0528908,0.360680997,-0.149119005,0.920668006
69,Eye_ID2551343_Task69_1766046091020,Eye_ID2551343_Task69_1766046091020.csv,1054.461,2052,23,12,1,ValidHit,ground,ground,-44.6556053,-2.88049173E-14,44.7337799,8.10844707,0.0120000001,-50.2127304,1.60453606,39.051281,0.685341001,-0.197881997,0.700802982
69,Eye_ID2551343_Task69_1766046091020,Eye_ID2551343_Task69_1766046091020.csv,1054.473,2053,23,12,1,ValidHit,ground,ground,-45.7785263,-2.888299E-14,44.8550262,7.47791433,0.0109999999,-50.2119102,1.60458195,39.0507507,0.592857003,-0.214573994,0.776181996
69,Eye_ID2551343_Task69_1766046091020,Eye_ID2551343_Task69_1766046091020.csv,1054.4839999999999,2054,23,12,1,ValidHit,ground,ground,-45.7615089,-2.88721819E-14,44.8382339,7.47462416,0.0109999999,-50.2113609,1.60455596,39.0508194,0.595322013,-0.214664996,0.774267972
69,Eye_ID2551343_Task69_1766046091020,Eye_ID2551343_Task69_1766046091020.csv,1054.4949999999999,2055,23,12,1,ValidHit,ground,ground,-45.787117,-2.91233881E-14,45.2283592,7.76078463,0.0109999999,-50.2032013,1.60503197,39.0516396,0.569019973,-0.206810996,0.79588002
69,Eye_ID2551343_Task69_1766046091020,Eye_ID2551343_Task69_1766046091020.csv,1054.5060000000001,2056,23,12,1,ValidHit,ground,ground,-46.751236,-2.91382925E-14,45.2515106,7.2679224,0.0109999999,-50.1914482,1.60576999,39.0540009,0.473334998,-0.220936,0.852707982
69,Eye_ID2551343_Task69_1766046091020,Eye_ID2551343_Task69_1766046091020.csv,1054.5170000000001,2057,23,12,1,ValidHit,ground,ground,-45.777195,-2.93535236E-14,45.5857582,8.05510139,0.0109999999,-50.2063789,1.60469198,39.0518494,0.549853981,-0.199212,0.811142027
69,Eye_ID2551343_Task69_1766046091020,Eye_ID2551343_Task69_1766046091020.csv,1054.528,2058,23,12,1,ValidHit,ground,ground,-45.7618484,-2.93454192E-14,45.5731697,8.05308533,0.0109999999,-50.2058792,1.60469198,39.0518417,0.551835001,-0.199261993,0.809783995
69,Eye_ID2551343_Task69_1766046091020,Eye_ID2551343_Task69_1766046091020.csv,1054.539,2059,23,12,1,ValidHit,ground,ground,-45.7133484,-2.90975401E-14,45.1882172,7.77005339,0.0109999999,-50.2010803,1.60501397,39.051609,0.577561021,-0.206561998,0.789768994
69,Eye_ID2551343_Task69_1766046091020,Eye_ID2551343_Task69_1766046091020.csv,1054.55,2060,23,12,1,ValidHit,ground,ground,-46.6768303,-2.91265289E-14,45.2332382,7.28715134,0.0120000001,-50.1893196,1.60568202,39.0536919,0.482003987,-0.220340997,0.847993016
69,Eye_ID2551343_Task69_1766046091020,Eye_ID2551343_Task69_1766046091020.csv,1054.5619999999999,2061,23,12,1,ValidHit,ground,ground,-46.6523323,-2.9130903E-14,45.2400322,7.30457497,0.0109999999,-50.1888504,1.60570097,39.0536308,0.484144002,-0.219817996,0.846908987
69,Eye_ID2551343_Task69_1766046091020,Eye_ID2551343_Task69_1766046091020.csv,1054.5730000000001,2062,23,12,1,ValidHit,ground,ground,-45.6081467,-2.92985139E-14,45.5003281,8.08054638,0.0109999999,-50.2051392,1.60447705,39.0514107,0.568889976,-0.198558003,0.798069
69,Eye_ID2551343_Task69_1766046091020,Eye_ID2551343_Task69_1766046091020.csv,1054.5840000000001,2063,23,12,1,ValidHit,ground,ground,-45.7623634,-2.94902279E-14,45.7980652,8.23552132,0.0109999999,-50.2041893,1.60448802,39.051239,0.539342999,-0.194822997,0.819225013
69,Eye_ID2551343_Task69_1766046091020,Eye_ID2551343_Task69_1766046091020.csv,1054.595,2064,23,12,1,ValidHit,ground,ground,-46.0458527,-2.94106509E-14,45.6744766,7.98244572,0.0109999999,-50.2026901,1.60458398,39.0513802,0.520739973,-0.201011002,0.829694986
69,Eye_ID2551343_Task69_1766046091020,Eye_ID2551343_Task69_1766046091020.csv,1054.606,2065,23,12,1,ValidHit,ground,ground,-46.0184441,-2.94214489E-14,45.691246,8.01054478,0.0109999999,-50.2022591,1.60462606,39.051239,0.522279978,-0.200311005,0.828894973
69,Eye_ID2551343_Task69_1766046091020,Eye_ID2551343_Task69_1766046091020.csv,1054.617,2066,23,12,1,ValidHit,ground,ground,-46.4817772,-2.9391142E-14,45.6441803,7.7368741,0.0109999999,-50.1988411,1.6049,39.0512314,0.480430007,-0.207433,0.852137029
69,Eye_ID2551343_Task69_1766046091020,Eye_ID2551343_Task69_1766046091020.csv,1054.6279999999999,2067,23,12,1,ValidHit,ground,ground,-47.1471977,-2.89769226E-14,45.0009003,6.87830877,0.0109999999,-50.201931,1.60475397,39.0507317,0.444108993,-0.233305007,0.865056992
69,Eye_ID2551343_Task69_1766046091020,Eye_ID2551343_Task69_1766046091020.csv,1054.6389999999999,2068,23,12,1,ValidHit,ground,ground,-47.1293182,-2.89863823E-14,45.0155907,6.89890718,0.0109999999,-50.2015495,1.604895,39.0506401,0.445318013,-0.232629001,0.864618003
69,Eye_ID2551343_Task69_1766046091020,Eye_ID2551343_Task69_1766046091020.csv,1054.6500000000001,2069,23,12,1,ValidHit,ground,ground,-45.9234695,-2.94693062E-14,45.7655678,8.12148476,0.0109999999,-50.2005501,1.60494399,39.0507202,0.526629984,-0.197613999,0.826788008
69,Eye_ID2551343_Task69_1766046091020,Eye_ID2551343_Task69_1766046091020.csv,1054.6610000000001,2070,23,12,1,ValidHit,ground,ground,-46.3920746,-2.9446372E-14,45.72995,7.85297823,0.0120000001,-50.1972084,1.605268,39.0506287,0.484542012,-0.204412997,0.850537002
69,Eye_ID2551343_Task69_1766046091020,Eye_ID2551343_Task69_1766046091020.csv,1054.673,2071,23,12,1,ValidHit,ground,ground,-46.7283974,-2.94015029E-14,45.6602707,7.63657331,0.0109999999,-50.1995888,1.60519803,39.0503197,0.454540998,-0.210195005,0.865549028
69,Eye_ID2551343_Task69_1766046091020,Eye_ID2551343_Task69_1766046091020.csv,1054.684,2072,23,12,1,ValidHit,ground,ground,-46.6999359,-2.94272053E-14,45.7001877,7.68406677,0.0109999999,-50.1991081,1.60526896,39.0500908,0.455372006,-0.208904997,0.865423977
69,Eye_ID2551343_Task69_1766046091020,Eye_ID2551343_Task69_1766046091020.csv,1054.6949999999999,2073,23,12,1,ValidHit,ground,ground,-46.5982742,-2.94472325E-14,45.7312889,7.7572031,0.0109999999,-50.1984215,1.60529101,39.0502586,0.46409899,-0.206939995,0.861259997
69,Eye_ID2551343_Task69_1766046091020,Eye_ID2551343_Task69_1766046091020.csv,1054.7059999999999,2074,23,12,1,ValidHit,ground,ground,-47.5745087,-2.88619192E-14,44.8223038,6.53841591,0.0109999999,-50.193119,1.60570705,39.0503502,0.400492013,-0.245578006,0.882767022
69,Eye_ID2551343_Task69_1766046091020,Eye_ID2551343_Task69_1766046091020.csv,1054.7170000000001,2075,23,12,1,ValidHit,ground,ground,-47.7092018,-2.89710882E-14,44.9918404,6.63765526,0.0109999999,-50.193161,1.60574996,39.0496216,0.37421599,-0.241910994,0.895213008
69,Eye_ID2551343_Task69_1766046091020,Eye_ID2551343_Task69_1766046091020.csv,1054.7280000000001,2076,23,12,1,ValidHit,ground,ground,-47.6809807,-2.90028486E-14,45.0411682,6.69223499,0.0109999999,-50.1925888,1.60584998,39.0495796,0.375295997,-0.239952996,0.895287991
69,Eye_ID2551343_Task69_1766046091020,Eye_ID2551343_Task69_1766046091020.csv,1054.739,2077,23,12,1,ValidHit,ground,ground,-47.5622635,-2.89450979E-14,44.9514771,6.65933323,0.0109999999,-50.1951103,1.60581505,39.0492592,0.395354986,-0.241133004,0.886291027
69,Eye_ID2551343_Task69_1766046091020,Eye_ID2551343_Task69_1766046091020.csv,1054.75,2078,23,12,1,ValidHit,ground,ground,-47.452034,-2.89930941E-14,45.0260162,6.76703835,0.0109999999,-50.1907806,1.606233,39.0500603,0.404716015,-0.237359002,0.883089006
69,Eye_ID2551343_Task69_1766046091020,Eye_ID2551343_Task69_1766046091020.csv,1054.761,2079,23,12,1,ValidHit,ground,ground,-47.4163208,-2.90317697E-14,45.0860748,6.83440685,0.0109999999,-50.1902008,1.60636103,39.0499916,0.405865997,-0.235037997,0.883181989
69,Eye_ID2551343_Task69_1766046091020,Eye_ID2551343_Task69_1766046091020.csv,1054.7719999999999,2080,23,12,1,ValidHit,ground,ground,-47.545929,-2.91627684E-14,45.2895164,6.96506405,0.0120000001,-50.1901398,1.60638797,39.0493393,0.379633009,-0.230630994,0.895909011
69,Eye_ID2551343_Task69_1766046091020,Eye_ID2551343_Task69_1766046091020.csv,1054.7840000000001,2081,23,12,1,ValidHit,ground,ground,-47.6559296,-2.88293559E-14,44.7717323,6.46275425,0.0109999999,-50.1931915,1.60624099,39.0490112,0.392592013,-0.248535007,0.885481
69,Eye_ID2551343_Task69_1766046091020,Eye_ID2551343_Task69_1766046091020.csv,1054.7950000000001,2082,23,12,1,ValidHit,ground,ground,-47.8682289,-2.91575032E-14,45.2813416,6.84053326,0.0109999999,-50.1861115,1.606758,39.0492783,0.338838995,-0.234883994,0.911035001
69,Eye_ID2551343_Task69_1766046091020,Eye_ID2551343_Task69_1766046091020.csv,1054.806,2083,23,12,1,ValidHit,ground,ground,-47.8391533,-2.92000209E-14,45.347374,6.91053295,0.0109999999,-50.1855583,1.60686898,39.0491295,0.339534998,-0.232520998,0.911382973
69,Eye_ID2551343_Task69_1766046091020,Eye_ID2551343_Task69_1766046091020.csv,1054.817,2084,23,12,1,ValidHit,ground,ground,-48.6850052,-2.90254779E-14,45.0763054,6.41165638,0.0109999999,-50.1706696,1.60789704,39.0499611,0.231711999,-0.250775009,0.939895988
69,Eye_ID2551343_Task69_1766046091020,Eye_ID2551343_Task69_1766046091020.csv,1054.828,2085,23,12,1,ValidHit,ground,ground,-48.497261,-2.87538886E-14,44.6545334,6.06772947,0.0109999999,-50.1764107,1.607584,39.0497589,0.276730001,-0.264936,0.923687994
69,Eye_ID2551343_Task69_1766046091020,Eye_ID2551343_Task69_1766046091020.csv,1054.8389999999999,2086,23,12,1,ValidHit,ground,ground,-48.4817505,-2.87797401E-14,44.6946793,6.1089406,0.0109999999,-50.1756783,1.60772002,39.0497704,0.277282,-0.263170987,0.924027026
69,Eye_ID2551343_Task69_1766046091020,Eye_ID2551343_Task69_1766046091020.csv,1054.8499999999999,2087,23,12,1,ValidHit,ground,ground,-48.6144753,-2.841443E-14,44.1273537,5.55282784,0.0109999999,-50.1803093,1.60742199,39.0481606,0.281985015,-0.289474994,0.914695024
69,Eye_ID2551343_Task69_1766046091020,Eye_ID2551343_Task69_1766046091020.csv,1054.8610000000001,2088,23,12,1,ValidHit,ground,ground,-48.6235771,-2.91426226E-14,45.2582321,6.5965519,0.0120000001,-50.1678696,1.60838401,39.0499496,0.234103993,-0.243819997,0.941133022
69,Eye_ID2551343_Task69_1766046091020,Eye_ID2551343_Task69_1766046091020.csv,1054.873,2089,23,12,1,ValidHit,ground,ground,-48.4382133,-2.88528289E-14,44.8081856,6.22545576,0.0109999999,-50.1735497,1.60813403,39.0498199,0.278742999,-0.258311987,0.924957991
69,Eye_ID2551343_Task69_1766046091020,Eye_ID2551343_Task69_1766046091020.csv,1054.884,2090,23,12,1,ValidHit,ground,ground,-48.4235802,-2.88766644E-14,44.8451996,6.2635603,0.0109999999,-50.1728783,1.60825706,39.0498886,0.27927801,-0.256760001,0.925228
69,Eye_ID2551343_Task69_1766046091020,Eye_ID2551343_Task69_1766046091020.csv,1054.895,2091,23,12,1,ValidHit,ground,ground,-48.6100464,-2.8778561E-14,44.6928482,6.07507944,0.0109999999,-50.1763611,1.60792804,39.0476913,0.257822007,-0.264672011,0.929217994
69,Eye_ID2551343_Task69_1766046091020,Eye_ID2551343_Task69_1766046091020.csv,1054.9059999999999,2092,23,12,1,ValidHit,ground,ground,-48.9243393,-2.86008129E-14,44.4168091,5.74044275,0.0109999999,-50.1687508,1.60845494,39.0486603,0.216776997,-0.280191988,0.935127974
69,Eye_ID2551343_Task69_1766046091020,Eye_ID2551343_Task69_1766046091020.csv,1054.9169999999999,2093,23,12,1,ValidHit,ground,ground,-48.9122925,-2.86261493E-14,44.4561539,5.77965212,0.0109999999,-50.1679916,1.60855699,39.0487404,0.217259005,-0.278308988,0.935579002
69,Eye_ID2551343_Task69_1766046091020,Eye_ID2551343_Task69_1766046091020.csv,1054.9280000000001,2094,23,12,1,ValidHit,ground,ground,-48.8719864,-2.86540878E-14,44.4995384,5.83066988,0.0109999999,-50.172039,1.608302,39.0479393,0.222966999,-0.275833994,0.934984028
69,Eye_ID2551343_Task69_1766046091020,Eye_ID2551343_Task69_1766046091020.csv,1054.9390000000001,2095,23,12,1,ValidHit,ground,ground,-48.7601585,-2.83403028E-14,44.0122375,5.40707016,0.0109999999,-50.1757698,1.60808098,39.0477104,0.261803001,-0.297398001,0.918138027
69,Eye_ID2551343_Task69_1766046091020,Eye_ID2551343_Task69_1766046091020.csv,1054.95,2096,23,12,1,ValidHit,ground,ground,-48.8858833,-2.80400855E-14,43.5460052,4.94816875,0.0109999999,-50.1776619,1.60805094,39.0482407,0.261061013,-0.324975997,0.908966005
69,Eye_ID2551343_Task69_1766046091020,Eye_ID2551343_Task69_1766046091020.csv,1054.961,2097,23,12,1,ValidHit,ground,ground,-48.8754539,-2.80574158E-14,43.5729141,4.9750762,0.0109999999,-50.1768494,1.60813296,39.0483513,0.26157999,-0.323235005,0.909438014
69,Eye_ID2551343_Task69_1766046091020,Eye_ID2551343_Task69_1766046091020.csv,1054.972,2098,23,12,1,ValidHit,ground,ground,-49.1297226,-2.8177769E-14,43.7598228,5.08561611,0.0120000001,-50.1677399,1.60867798,39.0483284,0.204105005,-0.316314012,0.926419973
69,Eye_ID2551343_Task69_1766046091020,Eye_ID2551343_Task69_1766046091020.csv,1054.9839999999999,2099,23,12,1,ValidHit,ground,ground,-48.8587074,-2.80870061E-14,43.6188698,5.02071238,0.0109999999,-50.1752014,1.60827506,39.0485497,0.262210011,-0.320324987,0.910284996
69,Eye_ID2551343_Task69_1766046091020,Eye_ID2551343_Task69_1766046091020.csv,1054.9949999999999,2100,23,12,1,ValidHit,ground,ground,-48.8500099,-2.81012413E-14,43.640976,5.04276466,0.0109999999,-50.1743393,1.60832906,39.0487099,0.262616992,-0.318935007,0.910655975
69,Eye_ID2551343_Task69_1766046091020,Eye_ID2551343_Task69_1766046091020.csv,1055.0060000000001,2101,23,12,0,InvalidGaze,,,0,0,0,0,0.0109999999,0,0,0,0,0,0
69,Eye_ID2551343_Task69_1766046091020,Eye_ID2551343_Task69_1766046091020.csv,1055.0170000000001,2102,23,12,1,ValidHit,ground,ground,-49.1007423,-2.82354299E-14,43.849369,5.17346525,0.0109999999,-50.1643295,1.60871398,39.04879,0.205581993,-0.310950011,0.927909017
69,Eye_ID2551343_Task69_1766046091020,Eye_ID2551343_Task69_1766046091020.csv,1055.028,2103,23,12,1,ValidHit,ground,ground,-48.8286362,-2.81346195E-14,43.6928139,5.09457731,0.0109999999,-50.171711,1.60825598,39.0490685,0.263626009,-0.315676987,0.911499023
69,Eye_ID2551343_Task69_1766046091020,Eye_ID2551343_Task69_1766046091020.csv,1055.039,2104,23,12,1,ValidHit,ground,ground,-48.8229485,-2.81436929E-14,43.7069016,5.10851574,0.0109999999,-50.1708412,1.60820603,39.0492401,0.263850003,-0.314806014,0.911736012
69,Eye_ID2551343_Task69_1766046091020,Eye_ID2551343_Task69_1766046091020.csv,1055.05,2105,23,12,0,InvalidGaze,,,0,0,0,0,0.0109999999,0,0,0,0,0,0
69,Eye_ID2551343_Task69_1766046091020,Eye_ID2551343_Task69_1766046091020.csv,1055.0609999999999,2106,23,12,0,InvalidGaze,,,0,0,0,0,0.0109999999,0,0,0,0,0,0
69,Eye_ID2551343_Task69_1766046091020,Eye_ID2551343_Task69_1766046091020.csv,1055.0719999999999,2107,23,12,0,InvalidGaze,,,0,0,0,0,0.0109999999,0,0,0,0,0,0
69,Eye_ID2551343_Task69_1766046091020,Eye_ID2551343_Task69_1766046091020.csv,1055.0830000000001,2108,23,12,1,ValidHit,ground,ground,-48.7960129,-2.81846452E-14,43.7705002,5.17205906,0.0120000001,-50.1670303,1.60817301,39.049881,0.265080005,-0.31093201,0.912707984
69,Eye_ID2551343_Task69_1766046091020,Eye_ID2551343_Task69_1766046091020.csv,1055.095,2109,23,12,0,InvalidGaze,,,0,0,0,0,0.0109999999,0,0,0,0,0,0
69,Eye_ID2551343_Task69_1766046091020,Eye_ID2551343_Task69_1766046091020.csv,1055.106,2110,23,12,1,ValidHit,ground,ground,-50.0789528,-2.9137764E-14,45.2506866,6.41838121,0.0109999999,-50.1731987,1.60792303,39.0376892,0.0146829998,-0.250515997,0.967990994
69,Eye_ID2551343_Task69_1766046091020,Eye_ID2551343_Task69_1766046091020.csv,1055.117,2111,23,12,1,ValidHit,ground,ground,-50.0736351,-2.91525295E-14,45.273613,6.44040632,0.0109999999,-50.1722298,1.60783005,39.0379105,0.0153080001,-0.249644995,0.968207002
69,Eye_ID2551343_Task69_1766046091020,Eye_ID2551343_Task69_1766046091020.csv,1055.1279999999999,2112,23,12,1,ValidHit,ground,ground,-50.7883377,-2.74480095E-14,42.6265106,3.97535753,0.0109999999,-50.1111794,1.611709,39.0561714,-0.170337006,-0.405420989,0.898109019
69,Eye_ID2551343_Task69_1766046091020,Eye_ID2551343_Task69_1766046091020.csv,1055.1389999999999,2113,23,12,1,ValidHit,ground,ground,-51.3273468,-2.92775278E-14,45.4677391,6.72235107,0.0109999999,-50.1100693,1.61163604,39.0559616,-0.181077003,-0.239739999,0.953787982
69,Eye_ID2551343_Task69_1766046091020,Eye_ID2551343_Task69_1766046091020.csv,1055.1500000000001,2114,23,12,1,ValidHit,ground,ground,-51.1948662,-2.97114323E-14,46.1415863,7.34647417,0.0120000001,-50.1091309,1.611601,39.0567703,-0.147787005,-0.219366997,0.964366972
69,Eye_ID2551343_Task69_1766046091020,Eye_ID2551343_Task69_1766046091020.csv,1055.162,2115,23,12,1,ValidHit,ground,ground,-51.1975632,-2.9731656E-14,46.1729889,7.37717104,0.00999999978,-50.1080399,1.611606,39.0569305,-0.147686005,-0.218455002,0.964590013
69,Eye_ID2551343_Task69_1766046091020,Eye_ID2551343_Task69_1766046091020.csv,1055.172,2116,23,12,1,ValidHit,entrance,E2,-34.48209,0.416993469,77.2426605,41.2996559,0.0109999999,-50.1668892,1.60834002,39.0558891,0.379774988,-0.0288459994,0.924614012
69,Eye_ID2551343_Task69_1766046091020,Eye_ID2551343_Task69_1766046091020.csv,1055.183,2117,23,12,1,ValidHit,ground,ground,-51.3370056,-2.93519447E-14,45.5833054,6.83474207,0.0109999999,-50.1058807,1.61157596,39.0563698,-0.180124998,-0.235789001,0.954953015
69,Eye_ID2551343_Task69_1766046091020,Eye_ID2551343_Task69_1766046091020.csv,1055.194,2118,23,12,1,ValidHit,ground,ground,-51.333271,-2.93511824E-14,45.582119,6.83303547,0.0120000001,-50.1047897,1.61148798,39.0564499,-0.179783002,-0.235835001,0.955006003
69,Eye_ID2551343_Task69_1766046091020,Eye_ID2551343_Task69_1766046091020.csv,1055.2059999999999,2119,23,12,1,ValidHit,ground,ground,-51.1879311,-2.97613225E-14,46.2190628,7.42063522,0.0109999999,-50.1039085,1.61139596,39.0570717,-0.146080002,-0.217146993,0.965129018
69,Eye_ID2551343_Task69_1766046091020,Eye_ID2551343_Task69_1766046091020.csv,1055.2170000000001,2120,23,12,1,ValidHit,entrance,E2,-39.9226494,1.08462667,77.2426605,39.5408363,0.0109999999,-50.1604385,1.60822999,39.0537682,0.258915007,-0.0132419998,0.965802014
69,Eye_ID2551343_Task69_1766046091020,Eye_ID2551343_Task69_1766046091020.csv,1055.2280000000001,2121,23,12,1,ValidHit,entrance,E2,-40.1570015,0.764823616,77.2426605,39.4867783,0.0109999999,-50.1596298,1.60807896,39.0531006,0.253311008,-0.0213549994,0.967130005
69,Eye_ID2551343_Task69_1766046091020,Eye_ID2551343_Task69_1766046091020.csv,1055.239,2122,23,12,1,ValidHit,entrance,E2,-40.1128845,0.728998542,77.2426605,39.4985008,0.0109999999,-50.1586494,1.60797501,39.0531082,0.254328012,-0.0222529992,0.966843009
69,Eye_ID2551343_Task69_1766046091020,Eye_ID2551343_Task69_1766046091020.csv,1055.25,2123,23,12,1,ValidHit,entrance,E2,-41.3797989,0.847668111,77.2426605,39.1954651,0.0109999999,-50.1599007,1.60767603,39.0508194,0.224005997,-0.01939,0.974385023
69,Eye_ID2551343_Task69_1766046091020,Eye_ID2551343_Task69_1766046091020.csv,1055.261,2124,23,12,1,ValidHit,entrance,E2,-40.7511597,0.378593951,77.2426605,39.3507042,0.0109999999,-50.1570396,1.60768998,39.0523911,0.239023998,-0.0312339999,0.970498025
69,Eye_ID2551343_Task69_1766046091020,Eye_ID2551343_Task69_1766046091020.csv,1055.2719999999999,2125,23,12,1,ValidHit,entrance,E2,-40.6906738,0.353824109,77.2426605,39.3658371,0.0109999999,-50.1560707,1.607602,39.0522995,0.240444005,-0.0318490006,0.970128
69,Eye_ID2551343_Task69_1766046091020,Eye_ID2551343_Task69_1766046091020.csv,1055.2829999999999,2126,23,12,1,ValidHit,entrance,E2,-44.1248245,0.85258317,77.2426605,38.6663818,0.0120000001,-50.13797,1.608248,39.0541801,0.155512005,-0.0195429996,0.987631023
69,Eye_ID2551343_Task69_1766046091020,Eye_ID2551343_Task69_1766046091020.csv,1055.2950000000001,2127,23,12,1,ValidHit,entrance,E2,-41.1586075,0.741206765,77.2426605,39.247139,0.0109999999,-50.1560211,1.607283,39.0505905,0.229248002,-0.0220669992,0.973107994
69,Eye_ID2551343_Task69_1766046091020,Eye_ID2551343_Task69_1766046091020.csv,1055.306,2128,23,12,1,ValidHit,entrance,E2,-40.5157204,0.282885283,77.2426605,39.4100609,0.0109999999,-50.1531792,1.607355,39.0521088,0.244540006,-0.0336069986,0.96904403
69,Eye_ID2551343_Task69_1766046091020,Eye_ID2551343_Task69_1766046091020.csv,1055.317,2129,23,12,1,ValidHit,entrance,E2,-40.4451332,0.269077599,77.2426605,39.4277306,0.0109999999,-50.1523209,1.60731101,39.0520096,0.246198997,-0.0339410007,0.968612015
69,Eye_ID2551343_Task69_1766046091020,Eye_ID2551343_Task69_1766046091020.csv,1055.328,2130,23,12,1,ValidHit,entrance,E2,-43.3681412,0.262675494,77.2426529,38.807827,0.0109999999,-50.1376305,1.60788798,39.0535011,0.174434006,-0.0346629992,0.984045982
69,Eye_ID2551343_Task69_1766046091020,Eye_ID2551343_Task69_1766046091020.csv,1055.3389999999999,2131,23,12,1,ValidHit,entrance,E2,-43.3876991,0.0310890097,77.2426605,38.8137169,0.0109999999,-50.1387291,1.60779202,39.0531082,0.173932999,-0.0406219997,0.983911991
69,Eye_ID2551343_Task69_1766046091020,Eye_ID2551343_Task69_1766046091020.csv,1055.3499999999999,2132,23,12,1,ValidHit,entrance,E2,-43.3166885,0.0404290892,77.2426605,38.8257065,0.0109999999,-50.1379089,1.60775697,39.0530014,0.175687,-0.0403679982,0.983610988
69,Eye_ID2551343_Task69_1766046091020,Eye_ID2551343_Task69_1766046091020.csv,1055.3610000000001,2133,23,12,1,ValidHit,entrance,E2,-43.1018639,0.161147252,77.2426529,38.8589439,0.0109999999,-50.136219,1.60773599,39.0531006,0.181020007,-0.0372259989,0.982757986
69,Eye_ID2551343_Task69_1766046091020,Eye_ID2551343_Task69_1766046091020.csv,1055.3720000000001,2134,23,12,1,ValidHit,ground,ground,-45.9803886,-4.53815113E-14,70.4770813,31.7373142,0.0120000001,-50.1277618,1.60804796,39.0530396,0.130677,-0.0506669991,0.990121007
69,Eye_ID2551343_Task69_1766046091020,Eye_ID2551343_Task69_1766046091020.csv,1055.384,2135,23,12,1,ValidHit,entrance,E2,-43.1486702,0.347602963,77.2426605,38.8451462,0.00999999978,-50.13694,1.60755002,39.0520592,0.179900005,-0.0324349999,0.983146012
69,Eye_ID2551343_Task69_1766046091020,Eye_ID2551343_Task69_1766046091020.csv,1055.394,2136,23,12,1,ValidHit,entrance,E2,-43.0840149,0.335295081,77.2426605,38.8572731,0.0120000001,-50.136219,1.60744905,39.0518799,0.181489006,-0.0327389985,0.982842982
69,Eye_ID2551343_Task69_1766046091020,Eye_ID2551343_Task69_1766046091020.csv,1055.4059999999999,2137,23,12,1,ValidHit,entrance,E2,-42.8505707,0.118607946,77.2426605,38.9070625,0.0109999999,-50.1333084,1.60744905,39.0522919,0.187179998,-0.0382659994,0.981563985
69,Eye_ID2551343_Task69_1766046091020,Eye_ID2551343_Task69_1766046091020.csv,1055.4169999999999,2138,23,12,1,ValidHit,ground,ground,-45.878891,-4.49585708E-14,69.8202591,31.1011753,0.0109999999,-50.1249504,1.60766399,39.052269,0.136522993,-0.0516909994,0.989278972
69,Eye_ID2551343_Task69_1766046091020,Eye_ID2551343_Task69_1766046091020.csv,1055.4280000000001,2139,23,12,1,ValidHit,ground,ground,-45.8837051,-4.47558894E-14,69.5054932,30.7892914,0.0109999999,-50.1243095,1.60758305,39.0520287,0.137729004,-0.0522119999,0.989085019
69,Eye_ID2551343_Task69_1766046091020,Eye_ID2551343_Task69_1766046091020.csv,1055.4390000000001,2140,23,12,1,ValidHit,entrance,E2,-42.7819328,0.491318077,77.2426605,38.9097023,0.0109999999,-50.1370811,1.60695004,39.0507507,0.189028993,-0.0286720004,0.981540978
69,Eye_ID2551343_Task69_1766046091020,Eye_ID2551343_Task69_1766046091020.csv,1055.45,2141,23,12,1,ValidHit,entrance,E2,-41.1466789,0.598185599,77.2426605,39.2480202,0.0109999999,-50.1374283,1.60683405,39.051609,0.229072005,-0.0256990008,0.973056018
69,Eye_ID2551343_Task69_1766046091020,Eye_ID2551343_Task69_1766046091020.csv,1055.461,2142,23,12,1,ValidHit,entrance,E2,-46.1923676,1.02240336,77.2426605,38.3988686,0.0109999999,-50.1257019,1.60718799,39.050251,0.102431998,-0.0152289998,0.994607985
69,Eye_ID2551343_Task69_1766046091020,Eye_ID2551343_Task69_1766046091020.csv,1055.472,2143,23,12,1,ValidHit,entrance,E2,-46.1637115,1.01639533,77.2426605,38.4021759,0.0109999999,-50.1252213,1.60714602,39.0499306,0.103156999,-0.0153829996,0.994530022
69,Eye_ID2551343_Task69_1766046091020,Eye_ID2551343_Task69_1766046091020.csv,1055.4829999999999,2144,23,12,1,ValidHit,entrance,E2,-47.1936836,1.53099358,77.2426605,38.3056908,0.0120000001,-50.1254196,1.60703099,39.0494003,0.0765350014,-0.00198499998,0.997062027
69,Eye_ID2551343_Task69_1766046091020,Eye_ID2551343_Task69_1766046091020.csv,1055.4949999999999,2145,23,12,1,ValidHit,entrance,E2,-48.2037888,1.72342098,77.2426605,38.2466049,0.0109999999,-50.1368294,1.60638595,39.0451088,0.0505409986,0.00306000002,0.998709023
69,Eye_ID2551343_Task69_1766046091020,Eye_ID2551343_Task69_1766046091020.csv,1055.5060000000001,2146,23,12,1,ValidHit,entrance,E2,-48.1833611,1.73360693,77.2426605,38.2479515,0.0109999999,-50.1364288,1.60627794,39.0448189,0.0510630012,0.00332899997,0.998682022
69,Eye_ID2551343_Task69_1766046091020,Eye_ID2551343_Task69_1766046091020.csv,1055.5170000000001,2147,23,12,1,ValidHit,entrance,E2,-46.0875664,1.0060544,77.2426605,38.411171,0.0109999999,-50.1233711,1.60693002,39.0488205,0.105067,-0.0156430006,0.994327009
69,Eye_ID2551343_Task69_1766046091020,Eye_ID2551343_Task69_1766046091020.csv,1055.528,2148,23,12,1,ValidHit,entrance,E2,-47.1369438,1.54160631,77.2426529,38.3109665,0.0109999999,-50.1236801,1.60685003,39.0483513,0.0779599994,-0.00170300005,0.996951997
69,Eye_ID2551343_Task69_1766046091020,Eye_ID2551343_Task69_1766046091020.csv,1055.539,2149,23,12,1,ValidHit,entrance,E2,-48.4186249,1.23393714,77.2426605,38.2386513,0,-50.1342506,1.60630596,39.0443306,0.0448659994,-0.00973800011,0.998942971
