UnixTimestamp,Timestamp,RecordingTime,SceneTime,SceneID,NodeID,GazeIndex,GazeOriginLocalX,GazeOriginLocalY,GazeOriginLocalZ,GazeDirectionLocalX,GazeDirectionLocalY,GazeDirectionLocalZ,GazeOriginWorldX,GazeOriginWorldY,GazeOriginWorldZ,GazeDirectionWorldX,GazeDirectionWorldY,GazeDirectionWorldZ,HitPointX,HitPointY,HitPointZ,HitDistance,HitObjectName,HitObjectTag,LeftPupilDiameter,RightPupilDiameter,LeftEyeOpenness,RightEyeOpenness,HMDPositionX,HMDPositionY,HMDPositionZ,HMDRotationEulerX,HMDRotationEulerY,HMDRotationEulerZ,CameraFOV_V,CameraFOV_H,CameraNearClip,CameraFarClip,CameraAspectRatio,CameraPixelWidth,CameraPixelHeight,CameraFocalLength,TaskHintPanel,HitObjectVariant,HitNormalX,HitNormalY,HitNormalZ,GazeValid,GazeHit
1766648256790,2025-12-25 15:37:36.790,463.737800,2.056213,23,10,2,0.009987,0.002334,-0.038998,0.185349,0.244507,0.951752,-22.527070,1.668734,44.716930,0.563918,0.402816,0.720905,-19.8662701,3.56938648,48.1184578,4.71833944,Building,Surface,3.041351,3.236801,0.000000,0.000000,-22.519370,1.673831,44.756180,349.697700,25.696160,357.565700,104.047200,98.172010,0.300000,1000.000000,0.900730,2468,2740,50.000000,off,,-0.357468307,0,-0.933925271,1,1
1766648256801,2025-12-25 15:37:36.801,463.749100,2.067566,23,10,2,0.005328,0.000449,-0.035476,0.024689,0.121735,0.992249,-22.529260,1.667874,44.722130,0.448603,0.299327,0.842107,-20.5753937,2.97157669,48.3898811,4.35541534,Building,Surface,3.267075,3.152954,0.000000,0.000000,-22.518600,1.674116,44.755810,349.503700,26.255020,357.582400,104.047200,98.172010,0.300000,1000.000000,0.900730,2468,2740,50.000000,off,,-0.357468307,0,-0.933925271,1,1
1766648256812,2025-12-25 15:37:36.812,463.759700,2.078156,23,10,2,-0.003365,0.000292,-0.035342,0.012222,0.131577,0.991226,-22.536530,1.668240,44.725770,0.444021,0.312245,0.839845,-20.5953064,3.03334999,48.3975067,4.37190056,Building,Surface,3.220184,3.203842,0.000000,0.000000,-22.517850,1.674359,44.755330,349.327900,26.795110,357.591500,104.047200,98.172010,0.300000,1000.000000,0.900730,2468,2740,50.000000,off,,-0.357468307,0,-0.933925271,1,1
1766648256823,2025-12-25 15:37:36.823,463.770900,2.089386,23,10,2,-0.003365,0.000292,-0.035342,0.012222,0.131577,0.991226,-22.536100,1.668392,44.725510,0.451470,0.314890,0.834871,-20.5581093,3.04799557,48.3832664,4.38120317,Building,Surface,3.220184,3.203842,0.000000,0.000000,-22.517150,1.674608,44.754880,349.168000,27.329910,357.576400,104.047200,98.172010,0.300000,1000.000000,0.900730,2468,2740,50.000000,off,,-0.357468307,0,-0.933925271,1,1
1766648256835,2025-12-25 15:37:36.835,463.782100,2.100525,23,10,2,0.002041,0.002175,-0.038198,0.265579,0.333649,0.904511,-22.532190,1.669632,44.719880,0.633250,0.488631,0.600189,-19.2110195,4.23232746,47.8676567,5.24462414,Building,Surface,3.112213,3.141571,0.000000,0.000000,-22.516380,1.674870,44.754380,349.004400,27.846920,357.556200,104.047200,98.172010,0.300000,1000.000000,0.900730,2468,2740,50.000000,off,,-0.357468307,0,-0.933925271,1,1
1766648256846,2025-12-25 15:37:36.846,463.792900,2.111389,23,10,2,-0.001933,0.002796,-0.039599,0.348877,0.372299,0.860031,-22.536050,1.670263,44.720110,0.689102,0.516457,0.508317,-18.5908623,4.62703896,47.6302834,5.72504473,Building,Surface,3.422638,3.309540,0.000000,0.000000,-22.515730,1.675099,44.753920,348.848600,28.381400,357.521400,104.047200,98.172010,0.300000,1000.000000,0.900730,2468,2740,50.000000,off,,-0.357468307,0,-0.933925271,1,1
1766648256857,2025-12-25 15:37:36.857,463.804100,2.122589,23,10,2,-0.001933,0.002796,-0.039599,0.348877,0.372299,0.860031,-22.535650,1.670440,44.719770,0.693570,0.517566,0.501060,-18.5359764,4.65513515,47.6092758,5.76671934,Building,Surface,3.422638,3.309540,0.000000,0.000000,-22.515020,1.675346,44.753390,348.745900,28.908420,357.476800,104.047200,98.172010,0.300000,1000.000000,0.900730,2468,2740,50.000000,off,,-0.357468307,0,-0.933925271,1,1
1766648256868,2025-12-25 15:37:36.868,463.815200,2.133698,23,10,2,-0.001935,0.002617,-0.039176,0.342804,0.378967,0.859558,-22.535020,1.670424,44.719920,0.691671,0.526357,0.494480,-18.5082684,4.73475504,47.598671,5.82168865,Building,Surface,3.420380,3.271851,0.000000,0.000000,-22.514300,1.675533,44.752930,348.582100,29.442670,357.457600,104.047200,98.172010,0.300000,1000.000000,0.900730,2468,2740,50.000000,off,,-0.357468307,0,-0.933925271,1,1
1766648256879,2025-12-25 15:37:36.879,463.826700,2.145111,23,10,2,-0.032589,0.001673,-0.037648,0.307327,0.435608,0.846039,-22.560490,1.671255,44.736290,0.654816,0.582542,0.481504,-18.613205,5.18286753,47.6388397,6.02804041,Building,Surface,3.420532,3.326599,0.000000,0.000000,-22.513610,1.675739,44.752550,348.429500,29.985780,357.434100,104.047200,98.172010,0.300000,1000.000000,0.900730,2468,2740,50.000000,off,,-0.357468307,0,-0.933925331,1,1
1766648256890,2025-12-25 15:37:36.890,463.837500,2.155945,23,10,2,-0.032056,0.001488,-0.037289,0.283173,0.424576,0.859955,-22.559230,1.671295,44.736290,0.645312,0.577683,0.499829,-18.7461529,5.08476019,47.689724,5.90881395,Building,Surface,3.327530,3.198334,0.000000,0.000000,-22.512850,1.676013,44.752010,348.270700,30.531630,357.431000,104.047200,98.172010,0.300000,1000.000000,0.900730,2468,2740,50.000000,off,,-0.357468307,0,-0.933925331,1,1
1766648256901,2025-12-25 15:37:36.901,463.848500,2.166931,23,10,2,-0.032056,0.001488,-0.037289,0.283173,0.424576,0.859955,-22.558610,1.671434,44.736170,0.649421,0.579669,0.492149,-18.6897202,5.12478161,47.6681252,5.9573698,Building,Surface,3.327530,3.198334,0.000000,0.000000,-22.512100,1.676239,44.751450,348.108000,31.078570,357.398900,104.047200,98.172010,0.300000,1000.000000,0.900730,2468,2740,50.000000,off,,-0.357468307,0,-0.933925331,1,1
1766648256912,2025-12-25 15:37:36.912,463.859600,2.178070,23,10,2,-0.027307,0.001644,-0.037816,0.247955,0.406815,0.879196,-22.554210,1.671385,44.733270,0.634347,0.570429,0.521710,-18.8917141,4.96484137,47.7454376,5.77355194,Building,Surface,3.146957,3.108749,0.000000,0.000000,-22.511340,1.676475,44.751000,347.906000,31.639190,357.365800,104.047200,98.172010,0.300000,1000.000000,0.900730,2468,2740,50.000000,off,,-0.357468307,0,-0.933925271,1,1
1766648256923,2025-12-25 15:37:36.923,463.870900,2.189331,23,10,2,-0.028100,0.001326,-0.037170,0.203018,0.388519,0.898789,-22.553960,1.671494,44.734200,0.611867,0.561612,0.556952,-19.140995,4.80414009,47.8408546,5.57791281,Building,Surface,3.081802,3.117920,0.000000,0.000000,-22.510600,1.676841,44.750490,347.679300,32.193440,357.304900,104.047200,98.172010,0.300000,1000.000000,0.900730,2468,2740,50.000000,off,,-0.357468307,0,-0.933925271,1,1
1766648256934,2025-12-25 15:37:36.934,463.882000,2.200470,23,10,2,-0.028100,0.001326,-0.037170,0.203018,0.388519,0.898789,-22.553290,1.671753,44.734210,0.616161,0.565222,0.548502,-19.0867577,4.85170174,47.8200951,5.62597466,Building,Surface,3.081802,3.117920,0.000000,0.000000,-22.509800,1.677246,44.750060,347.401400,32.749330,357.238800,104.047200,98.172010,0.300000,1000.000000,0.900730,2468,2740,50.000000,off,,-0.357468307,0,-0.933925271,1,1
1766648256946,2025-12-25 15:37:36.946,463.892900,2.211395,23,10,2,-0.032056,0.001488,-0.037289,0.283173,0.424576,0.859955,-22.556110,1.672362,44.736130,0.664252,0.591387,0.457169,-18.4367218,5.33987617,47.5712852,6.2014637,Building,Surface,3.327530,3.198334,0.000000,0.000000,-22.509070,1.677674,44.749530,347.118600,33.321970,357.154000,104.047200,98.172010,0.300000,1000.000000,0.900730,2468,2740,50.000000,off,,-0.357468307,0,-0.933925331,1,1
1766648256957,2025-12-25 15:37:36.957,463.904500,2.222931,23,10,2,-0.027307,0.001644,-0.037816,0.247955,0.406815,0.879196,-22.551720,1.672466,44.732990,0.649929,0.583502,0.486913,-18.6527863,5.17290163,47.6539841,5.99891281,Building,Surface,3.146957,3.108749,0.000000,0.000000,-22.508240,1.678123,44.748990,346.838500,33.863620,357.079200,104.047200,98.172010,0.300000,1000.000000,0.900730,2468,2740,50.000000,off,,-0.357468307,0,-0.933925331,1,1
1766648256968,2025-12-25 15:37:36.968,463.915300,2.233704,23,10,2,-0.030296,0.001404,-0.037219,0.214584,0.385681,0.897324,-22.553300,1.672783,44.735100,0.637750,0.572184,0.515622,-18.8497925,4.99553967,47.7293892,5.80710602,Building,Surface,3.131042,3.040207,0.000000,0.000000,-22.507540,1.678523,44.748470,346.562500,34.428360,356.993400,104.047200,98.172010,0.300000,1000.000000,0.900730,2468,2740,50.000000,off,,-0.357468307,0,-0.933925271,1,1
1766648256978,2025-12-25 15:37:36.978,463.926300,2.244781,23,10,2,-0.030296,0.001404,-0.037219,0.214584,0.385681,0.897324,-22.552590,1.673019,44.735070,0.641505,0.575460,0.507251,-18.7931709,5.04539537,47.7077179,5.86027431,Building,Surface,3.131042,3.040207,0.000000,0.000000,-22.506730,1.678888,44.748000,346.301000,34.965390,356.917100,104.047200,98.172010,0.300000,1000.000000,0.900730,2468,2740,50.000000,off,,-0.357468307,0,-0.933925331,1,1
1766648256990,2025-12-25 15:37:36.990,463.937300,2.255798,23,10,2,-0.030158,0.001947,-0.037449,0.235153,0.509903,0.827454,-22.552080,1.673761,44.734570,0.611027,0.680802,0.403897,-18.3251953,6.38332796,47.5285988,6.91759825,Building,Surface,3.182831,3.205353,0.000000,0.000000,-22.506040,1.679270,44.747460,346.057000,35.479800,356.812300,104.047200,98.172010,0.300000,1000.000000,0.900730,2468,2740,50.000000,off,,-0.357468307,0,-0.933925331,1,1
1766648257001,2025-12-25 15:37:37.001,463.948500,2.266907,23,10,2,-0.023924,0.003056,-0.039523,0.234940,0.531601,0.813736,-22.547760,1.674237,44.729000,0.603706,0.700938,0.379721,-18.1831875,6.74176216,47.4742432,7.22949982,Building,Surface,3.362839,3.185394,0.000000,0.000000,-22.505410,1.679635,44.746940,345.806400,36.006020,356.700700,104.047200,98.172010,0.300000,1000.000000,0.900730,2468,2740,50.000000,off,,-0.357468307,0,-0.933925331,1,1
1766648257012,2025-12-25 15:37:37.012,463.959600,2.278076,23,10,2,-0.023924,0.003056,-0.039523,0.234940,0.531601,0.813736,-22.547280,1.674432,44.728810,0.605696,0.703527,0.371678,-18.1154823,6.82204723,47.4483261,7.31673098,Building,Surface,3.362839,3.185394,0.000000,0.000000,-22.504800,1.679973,44.746380,345.549600,36.493020,356.618100,104.047200,98.172010,0.300000,1000.000000,0.900730,2468,2740,50.000000,off,,-0.357468307,0,-0.933925331,1,1
1766648257023,2025-12-25 15:37:37.023,463.970800,2.289215,23,10,2,-0.015328,0.002948,-0.039189,0.219696,0.537567,0.814087,-22.539670,1.674146,44.723900,0.594978,0.712936,0.371087,-18.1501904,6.93386841,47.4616127,7.37748623,Building,Surface,3.600143,3.166656,0.000000,0.000000,-22.504190,1.680359,44.745860,345.276900,36.989190,356.514900,104.047200,98.172010,0.300000,1000.000000,0.900730,2468,2740,50.000000,off,,-0.357468307,0,-0.933925331,1,1
1766648257034,2025-12-25 15:37:37.034,463.981800,2.300232,23,10,2,-0.031306,0.001935,-0.037397,0.151779,0.536514,0.830109,-22.550850,1.674861,44.734860,0.552084,0.722677,0.415820,-18.6675987,6.75803041,47.6596603,7.03368282,Building,Surface,3.196991,3.030792,0.000000,0.000000,-22.503560,1.680770,44.745380,345.018300,37.482960,356.411700,104.047200,98.172010,0.300000,1000.000000,0.900730,2468,2740,50.000000,off,,-0.357468307,0,-0.933925331,1,1
1766648257046,2025-12-25 15:37:37.046,463.992900,2.311340,23,10,2,-0.031306,0.001935,-0.037397,0.151779,0.536514,0.830109,-22.550330,1.675183,44.734760,0.554693,0.725289,0.407721,-18.6041374,6.83502817,47.6353645,7.1140666,Building,Surface,3.196991,3.030792,0.000000,0.000000,-22.502950,1.681200,44.744850,344.763400,38.001490,356.301800,104.047200,98.172010,0.300000,1000.000000,0.900730,2468,2740,50.000000,off,,-0.357468307,0,-0.933925331,1,1
1766648257056,2025-12-25 15:37:37.056,464.004100,2.322540,23,10,2,-0.023924,0.003056,-0.039523,0.234940,0.531601,0.813736,-22.545350,1.675486,44.728320,0.613767,0.713566,0.337751,-17.8129387,7.1773901,47.332531,7.710289,Building,Surface,3.362839,3.185394,0.000000,0.000000,-22.502340,1.681578,44.744340,344.499400,38.531340,356.191500,104.047200,98.172010,0.300000,1000.000000,0.900730,2468,2740,50.000000,off,,-0.357468307,0,-0.933925331,1,1
1766648257067,2025-12-25 15:37:37.067,464.015200,2.333618,23,10,2,-0.015328,0.002948,-0.039189,0.219696,0.537567,0.814087,-22.537930,1.675169,44.723180,0.603290,0.722818,0.336984,-17.8447247,7.29822111,47.3446922,7.77928114,Building,Surface,3.600143,3.166656,0.000000,0.000000,-22.501760,1.681975,44.743790,344.238500,39.074020,356.078700,104.047200,98.172010,0.300000,1000.000000,0.900730,2468,2740,50.000000,off,,-0.357468307,0,-0.933925331,1,1
1766648257079,2025-12-25 15:37:37.079,464.026200,2.344635,23,10,2,-0.030792,0.002183,-0.038193,0.153717,0.528946,0.834595,-22.548950,1.675872,44.733500,0.567087,0.727071,0.386965,-18.4069519,6.98639297,47.5598907,7.30385351,Building,Surface,3.226898,3.037582,0.000000,0.000000,-22.501240,1.682245,44.743230,343.987400,39.596880,355.990800,104.047200,98.172010,0.300000,1000.000000,0.900730,2468,2740,50.000000,off,,-0.357468307,0,-0.933925331,1,1
1766648257090,2025-12-25 15:37:37.090,464.037600,2.356049,23,10,2,-0.030792,0.002183,-0.038193,0.153717,0.528946,0.834595,-22.548350,1.676063,44.733390,0.569453,0.729517,0.378799,-18.3385792,7.06913042,47.5337219,7.39250994,Building,Surface,3.226898,3.037582,0.000000,0.000000,-22.500560,1.682542,44.742670,343.744900,40.127650,355.885000,104.047200,98.172010,0.300000,1000.000000,0.900730,2468,2740,50.000000,off,,-0.357468307,0,-0.933925331,1,1
1766648257101,2025-12-25 15:37:37.101,464.049000,2.367432,23,10,2,-0.028106,0.002128,-0.038077,0.120087,0.523254,0.843658,-22.545720,1.676129,44.731640,0.552190,0.731527,0.399911,-18.559761,6.95662498,47.6183815,7.21836424,Building,Surface,3.074051,2.957428,0.000000,0.000000,-22.500010,1.682932,44.742070,343.499800,40.675790,355.794800,104.047200,98.172010,0.300000,1000.000000,0.900730,2468,2740,50.000000,off,,-0.357468307,0,-0.933925331,1,1
1766648257112,2025-12-25 15:37:37.112,464.059500,2.377960,23,10,2,-0.010170,0.002212,-0.037789,0.121033,0.521042,0.844894,-22.531320,1.675298,44.720190,0.556276,0.732487,0.392429,-18.4711514,7.02160311,47.584465,7.298769,Building,Surface,3.151367,3.008942,0.000000,0.000000,-22.499410,1.683355,44.741470,343.234500,41.218090,355.689500,104.047200,98.172010,0.300000,1000.000000,0.900730,2468,2740,50.000000,off,,-0.357468307,0,-0.933925331,1,1
1766648257123,2025-12-25 15:37:37.123,464.070700,2.389160,23,10,2,-0.010170,0.002212,-0.037789,0.121033,0.521042,0.844894,-22.530940,1.675583,44.719860,0.558727,0.735131,0.383910,-18.4009933,7.10945606,47.5576134,7.39163494,Building,Surface,3.151367,3.008942,0.000000,0.000000,-22.498840,1.683786,44.740810,342.983600,41.796090,355.597300,104.047200,98.172010,0.300000,1000.000000,0.900730,2468,2740,50.000000,off,,-0.357468307,0,-0.933925331,1,1
1766648257134,2025-12-25 15:37:37.134,464.081700,2.400177,23,10,2,-0.020533,0.001849,-0.037202,0.096420,0.524704,0.845795,-22.537890,1.676338,44.726870,0.542401,0.743558,0.391027,-18.5383759,7.15912676,47.6101952,7.37364578,Building,Surface,2.989883,2.992142,0.000000,0.000000,-22.498240,1.684099,44.740160,342.718500,42.381000,355.522800,104.047200,98.172010,0.300000,1000.000000,0.900730,2468,2740,50.000000,off,,-0.357468307,0,-0.933925331,1,1
1766648257145,2025-12-25 15:37:37.145,464.092900,2.411316,23,10,2,-0.026878,0.001769,-0.037239,0.085281,0.514023,0.853516,-22.542150,1.676982,44.730810,0.543302,0.739327,0.397744,-18.5847702,7.06219769,47.6279526,7.28387642,Building,Surface,2.977234,2.969223,0.000000,0.000000,-22.497640,1.684485,44.739450,342.459600,43.014100,355.434900,104.047200,98.172010,0.300000,1000.000000,0.900730,2468,2740,50.000000,off,,-0.357468307,0,-0.933925331,1,1
1766648257157,2025-12-25 15:37:37.157,464.103900,2.422363,23,10,2,-0.005710,0.002000,-0.037309,0.057938,0.472748,0.879288,-22.526060,1.675722,44.716310,0.549041,0.712696,0.436593,-18.7736053,6.54668808,47.7002335,6.83454657,Building,Surface,2.992020,2.961121,0.000000,0.000000,-22.497030,1.684774,44.738750,342.222400,43.640640,355.355900,104.047200,98.172010,0.300000,1000.000000,0.900730,2468,2740,50.000000,off,,-0.357468307,0,-0.933925331,1,1
1766648257168,2025-12-25 15:37:37.168,464.115000,2.433472,23,10,2,-0.005710,0.002000,-0.037309,0.057938,0.472748,0.879288,-22.525750,1.675892,44.715790,0.552467,0.715153,0.428171,-18.7075577,6.618433,47.6749496,6.91114664,Building,Surface,2.992020,2.961121,0.000000,0.000000,-22.496490,1.685072,44.737880,342.009400,44.276380,355.280200,104.047200,98.172010,0.300000,1000.000000,0.900730,2468,2740,50.000000,off,,-0.357468307,0,-0.933925331,1,1
1766648257179,2025-12-25 15:37:37.179,464.126200,2.444611,23,10,2,-0.020533,0.001849,-0.037202,0.096420,0.524704,0.845795,-22.536060,1.677154,44.725630,0.553226,0.753080,0.356080,-15.687336,11,49.1337662,12.3795071,Building,Surface,2.989883,2.992142,0.000000,0.000000,-22.495930,1.685381,44.737090,341.809200,44.937450,355.187000,104.047200,98.172010,0.300000,1000.000000,0.900730,2468,2740,50.000000,off,,0,-1,0,1,1
1766648257190,2025-12-25 15:37:37.190,464.137300,2.455750,23,10,2,-0.026878,0.001769,-0.037239,0.085281,0.514023,0.853516,-22.540130,1.677640,44.729720,0.554667,0.748527,0.363362,-15.6321659,11,49.2551346,12.4541492,Building,Surface,2.977234,2.969223,0.000000,0.000000,-22.495350,1.685547,44.736340,341.594000,45.563560,355.099400,104.047200,98.172010,0.300000,1000.000000,0.900730,2468,2740,50.000000,off,,0,-1,0,1,1
1766648257201,2025-12-25 15:37:37.201,464.148300,2.466766,23,10,2,-0.026878,0.001769,-0.037239,0.085281,0.514023,0.853516,-22.539610,1.677870,44.729400,0.557329,0.750737,0.354627,-15.6190805,10.999999,49.1329117,12.4171934,Building,Surface,2.977234,2.969223,0.000000,0.000000,-22.494770,1.685875,44.735500,341.383100,46.215110,355.015000,104.047200,98.172010,0.300000,1000.000000,0.900730,2468,2740,50.000000,off,,0,-1,0,1,1
1766648257212,2025-12-25 15:37:37.212,464.159500,2.477905,23,10,2,0.007098,0.002571,-0.038344,0.106842,0.438049,0.892563,-22.516070,1.675597,44.704090,0.615038,0.692157,0.377648,-18.0731735,6.67558384,47.4321365,7.22367096,Building,Surface,2.914078,2.995926,0.000000,0.000000,-22.494130,1.686144,44.734660,341.168400,46.849540,354.932400,104.047200,98.172010,0.300000,1000.000000,0.900730,2468,2740,50.000000,off,,-0.357468307,0,-0.933925331,1,1
1766648257223,2025-12-25 15:37:37.223,464.170600,2.489044,23,10,2,0.018271,0.002988,-0.039226,0.253647,0.433502,0.864700,-22.508720,1.674926,44.694800,0.701421,0.668565,0.246978,-12.7253733,10.999999,48.1396255,13.9476767,Building,Surface,3.128708,2.902618,0.000000,0.000000,-22.493520,1.686452,44.733760,340.971500,47.521050,354.850700,104.047200,98.172010,0.300000,1000.000000,0.900730,2468,2740,50.000000,off,,0,-1,0,1,1
1766648257234,2025-12-25 15:37:37.234,464.181700,2.500183,23,10,2,-0.002197,0.002379,-0.038450,0.399063,0.449295,0.799286,-22.521850,1.676469,44.709510,0.754098,0.651084,0.086038,-11.7231569,11,45.9415779,14.3198462,Building,Surface,3.303329,3.119934,0.000000,0.000000,-22.492840,1.686701,44.732810,340.777500,48.193880,354.742000,104.047200,98.172010,0.300000,1000.000000,0.900730,2468,2740,50.000000,off,,0,-1,0,1,1
1766648257245,2025-12-25 15:37:37.245,464.192800,2.511292,23,10,2,-0.002197,0.002379,-0.038450,0.399063,0.449295,0.799286,-22.521460,1.676609,44.708930,0.754362,0.652131,0.075084,-11.736496,11,45.7823906,14.2966232,Building,Surface,3.303329,3.119934,0.000000,0.000000,-22.492200,1.686953,44.731850,340.598000,48.888730,354.618800,104.047200,98.172010,0.300000,1000.000000,0.900730,2468,2740,50.000000,off,,0,-1,0,1,1
1766648257257,2025-12-25 15:37:37.257,464.203900,2.522400,23,10,2,-0.002134,0.002340,-0.038598,0.364945,0.426697,0.827484,-22.521130,1.676529,44.708160,0.756504,0.644147,0.112964,-11.5713739,10.999999,46.3432121,14.4740257,Building,Surface,3.199051,3.125061,0.000000,0.000000,-22.491560,1.687070,44.730840,340.429700,49.586170,354.459600,104.047200,98.172010,0.300000,1000.000000,0.900730,2468,2740,50.000000,off,,0,-1,0,1,1
1766648257267,2025-12-25 15:37:37.267,464.215200,2.533630,23,10,2,-0.015464,0.001916,-0.038137,0.267838,0.395615,0.878479,-22.529160,1.677687,44.717830,0.736193,0.642160,0.213598,-11.8417616,11.000001,47.8186607,14.5169277,Building,Surface,2.800980,2.965546,0.000000,0.000000,-22.490940,1.687326,44.729810,340.255300,50.299180,354.281500,104.047200,98.172010,0.300000,1000.000000,0.900730,2468,2740,50.000000,off,,0,-1,0,1,1
1766648257279,2025-12-25 15:37:37.279,464.226200,2.544647,23,10,2,-0.002197,0.002379,-0.038450,0.399063,0.449295,0.799286,-22.520240,1.676947,44.707080,0.755428,0.653918,0.041170,-11.7499342,10.999999,45.2940483,14.2570438,Building,Surface,3.303329,3.119934,0.000000,0.000000,-22.490230,1.687616,44.728870,340.069000,51.013970,354.081800,104.047200,98.172010,0.300000,1000.000000,0.900730,2468,2740,50.000000,off,,0,-1,0,1,1
1766648257290,2025-12-25 15:37:37.290,464.237300,2.555756,23,10,2,-0.002197,0.002379,-0.038450,0.399063,0.449295,0.799286,-22.519720,1.677019,44.706470,0.755550,0.654409,0.029463,-11.7558413,11,45.1262131,14.2462349,Building,Surface,3.303329,3.119934,0.000000,0.000000,-22.489470,1.687803,44.727870,339.882100,51.740060,353.874900,104.047200,98.172010,0.300000,1000.000000,0.900730,2468,2740,50.000000,off,,0,-1,0,1,1
1766648257301,2025-12-25 15:37:37.301,464.248400,2.566864,23,10,2,-0.002134,0.002340,-0.038598,0.364945,0.426697,0.827484,-22.519340,1.677095,44.705690,0.759466,0.647150,0.066279,-11.5784044,11,45.6605072,14.4059849,Building,Surface,3.199051,3.125061,0.000000,0.000000,-22.488780,1.688089,44.726790,339.693000,52.496170,353.665600,104.047200,98.172010,0.300000,1000.000000,0.900730,2468,2740,50.000000,off,,0,-1,0,1,1
1766648257311,2025-12-25 15:37:37.311,464.259600,2.578003,23,10,2,-0.024324,0.001664,-0.037782,0.252304,0.421906,0.870819,-22.532000,1.679110,44.722740,0.722750,0.670634,0.166942,-12.4867668,11,47.0430069,13.8985367,Building,Surface,2.916794,2.861633,0.000000,0.000000,-22.488060,1.688199,44.725620,339.509800,53.256590,353.477300,104.047200,98.172010,0.300000,1000.000000,0.900730,2468,2740,50.000000,off,,0,-1,0,1,1
1766648257323,2025-12-25 15:37:37.323,464.270600,2.589020,23,10,2,-0.024324,0.001664,-0.037782,0.252304,0.421906,0.870819,-22.531320,1.679285,44.722160,0.724650,0.671405,0.155190,-12.4714336,10.999999,46.8765678,13.882309,Building,Surface,2.916794,2.861633,0.000000,0.000000,-22.487350,1.688393,44.724450,339.368500,54.045150,353.292900,104.047200,98.172010,0.300000,1000.000000,0.900730,2468,2740,50.000000,off,,0,-1,0,1,1
1766648257333,2025-12-25 15:37:37.333,464.281700,2.600128,23,10,2,-0.027872,0.001481,-0.037550,0.238968,0.412399,0.879089,-22.532610,1.679629,44.724560,0.727024,0.667418,0.161143,-12.3798389,11,46.9748917,13.9646626,Building,Surface,2.948837,2.923996,0.000000,0.000000,-22.486670,1.688421,44.723290,339.247400,54.842740,353.083600,104.047200,98.172010,0.300000,1000.000000,0.900730,2468,2740,50.000000,off,,0,-1,0,1,1
1766648257345,2025-12-25 15:37:37.345,464.292700,2.611176,23,10,2,-0.021009,0.001417,-0.037159,0.226425,0.401077,0.887619,-22.527460,1.679031,44.718790,0.731063,0.661526,0.167120,-12.2267122,11,47.0735321,14.0900936,Building,Surface,2.977341,2.875153,0.000000,0.000000,-22.485950,1.688503,44.722110,339.154800,55.656680,352.872100,104.047200,98.172010,0.300000,1000.000000,0.900730,2468,2740,50.000000,off,,0,-1,0,1,1
1766648257356,2025-12-25 15:37:37.356,464.303900,2.622345,23,10,2,-0.021009,0.001417,-0.037159,0.226425,0.401077,0.887619,-22.526800,1.679127,44.718240,0.733515,0.661754,0.155037,-12.1951599,11,46.901947,14.0850964,Building,Surface,2.977341,2.875153,0.000000,0.000000,-22.485250,1.688588,44.721000,339.054600,56.475670,352.651200,104.047200,98.172010,0.300000,1000.000000,0.900730,2468,2740,50.000000,off,,0,-1,0,1,1
1766648257367,2025-12-25 15:37:37.367,464.315000,2.633484,23,10,2,-0.013846,0.001454,-0.036996,0.205338,0.378372,0.902588,-22.521920,1.678365,44.711940,0.740379,0.649166,0.174402,-11.8905239,11,47.2162514,14.359354,Building,Surface,2.929581,2.959473,0.000000,0.000000,-22.484570,1.688615,44.719840,338.939400,57.291060,352.439900,104.047200,98.172010,0.300000,1000.000000,0.900730,2468,2740,50.000000,off,,0,-1,0,1,1
1766648257378,2025-12-25 15:37:37.378,464.326000,2.644501,23,10,2,-0.028061,0.000761,-0.036131,0.347839,0.327866,0.878342,-22.528550,1.679958,44.723450,0.816092,0.575753,0.049737,-9.31800556,11,45.5285721,16.1873379,Building,Surface,3.061798,2.893433,0.000000,0.000000,-22.483910,1.688739,44.718610,338.868400,58.101770,352.222900,104.047200,98.172010,0.300000,1000.000000,0.900730,2468,2740,50.000000,off,,0,-1,0,1,1
1766648257390,2025-12-25 15:37:37.390,464.337200,2.655701,23,10,2,-0.032657,0.000869,-0.036879,0.421158,0.306244,0.853699,-22.531020,1.680477,44.726240,0.843116,0.536935,-0.028586,-7.8971529,11,44.2300797,17.356554,Building,Surface,3.162796,3.116348,0.000000,0.000000,-22.483270,1.688782,44.717400,338.796600,58.927680,352.010900,104.047200,98.172010,0.300000,1000.000000,0.900730,2468,2740,50.000000,off,,0,-1,0,1,1
1766648257401,2025-12-25 15:37:37.401,464.348400,2.666809,23,10,2,-0.032657,0.000869,-0.036879,0.421158,0.306244,0.853699,-22.530220,1.680629,44.725650,0.842944,0.536340,-0.041795,-7.88333368,11,43.9994278,17.375536,Building,Surface,3.162796,3.116348,0.000000,0.000000,-22.482590,1.688874,44.716140,338.722400,59.771410,351.809000,104.047200,98.172010,0.300000,1000.000000,0.900730,2468,2740,50.000000,off,,0,-1,0,1,1
1766648257412,2025-12-25 15:37:37.412,464.359400,2.677856,23,10,2,-0.013846,0.001454,-0.036996,0.205338,0.378372,0.902588,-22.519670,1.678672,44.709080,0.750190,0.649144,0.125783,-11.7473774,11,46.5152473,14.359374,Building,Surface,2.929581,2.959473,0.000000,0.000000,-22.481930,1.688910,44.714850,338.662400,60.623630,351.602800,104.047200,98.172010,0.300000,1000.000000,0.900730,2468,2740,50.000000,off,,0,-1,0,1,1
1766648257423,2025-12-25 15:37:37.423,464.370500,2.688995,23,10,2,-0.028061,0.000761,-0.036131,0.347839,0.327866,0.878342,-22.525630,1.680407,44.720940,0.819094,0.573631,-0.002409,-9.2180748,11,44.6818008,16.2464523,Building,Surface,3.061798,2.893433,0.000000,0.000000,-22.481290,1.688967,44.713580,338.607000,61.489900,351.373500,104.047200,98.172010,0.300000,1000.000000,0.900730,2468,2740,50.000000,off,,0,-1,0,1,1
1766648257434,2025-12-25 15:37:37.434,464.381700,2.700134,23,10,2,-0.033012,0.001050,-0.037578,0.436218,0.307251,0.845749,-22.528630,1.680812,44.723820,0.842618,0.529462,-0.098217,-7.69750738,11,42.9950752,17.6010799,Building,Surface,3.224274,3.185684,0.000000,0.000000,-22.480600,1.688865,44.712350,338.543200,62.328410,351.149400,104.047200,98.172010,0.300000,1000.000000,0.900730,2468,2740,50.000000,off,,0,-1,0,1,1
1766648257445,2025-12-25 15:37:37.445,464.392700,2.711151,23,10,2,-0.033012,0.001050,-0.037578,0.436218,0.307251,0.845749,-22.527820,1.680912,44.723260,0.841623,0.528463,-0.111257,-7.68637323,11,42.7613182,17.6341534,Building,Surface,3.224274,3.185684,0.000000,0.000000,-22.479950,1.688886,44.711140,338.481500,63.163300,350.923900,104.047200,98.172010,0.300000,1000.000000,0.900730,2468,2740,50.000000,off,,0,-1,0,1,1
1766648257456,2025-12-25 15:37:37.456,464.403800,2.722290,23,10,2,-0.032946,0.000478,-0.035964,0.403015,0.317184,0.858460,-22.525490,1.681164,44.723490,0.832420,0.546301,-0.092798,-8.32601166,11,43.1405373,17.0578861,Building,Surface,3.168488,3.187225,0.000000,0.000000,-22.479280,1.689006,44.709970,338.423400,63.950820,350.712400,104.047200,98.172010,0.300000,1000.000000,0.900730,2468,2740,50.000000,off,,0,-1,0,1,1
1766648257467,2025-12-25 15:37:37.467,464.415000,2.733429,23,10,2,-0.032839,0.000545,-0.036179,0.357025,0.290436,0.887787,-22.524880,1.681136,44.722700,0.841221,0.538811,-0.044894,-7.97576523,11,43.9462433,17.2951107,Building,Surface,3.059586,3.077820,0.000000,0.000000,-22.478690,1.688945,44.708790,338.384900,64.713810,350.538600,104.047200,98.172010,0.300000,1000.000000,0.900730,2468,2740,50.000000,off,,0,-1,0,1,1
1766648257478,2025-12-25 15:37:37.478,464.426000,2.744446,23,10,2,-0.032839,0.000545,-0.036179,0.357025,0.290436,0.887787,-22.524200,1.681137,44.722140,0.840712,0.538355,-0.057998,-7.97156906,11,43.7182007,17.3097687,Building,Surface,3.059586,3.077820,0.000000,0.000000,-22.478190,1.688874,44.707610,338.299700,65.542610,350.298500,104.047200,98.172010,0.300000,1000.000000,0.900730,2468,2740,50.000000,off,,0,-1,0,1,1
1766648257489,2025-12-25 15:37:37.489,464.437200,2.755615,23,10,2,-0.029410,0.000101,-0.034727,0.350098,0.296433,0.888565,-22.520640,1.681020,44.719140,0.837922,0.542114,-0.063143,-8.11670017,11.000001,43.6337128,17.18997,Building,Surface,3.244339,3.114456,0.000000,0.000000,-22.477670,1.688987,44.706440,338.446700,66.208180,350.110600,104.047200,98.172010,0.300000,1000.000000,0.900730,2468,2740,50.000000,off,,0,-1,0,1,1
1766648257501,2025-12-25 15:37:37.501,464.448300,2.766754,23,10,2,-0.029946,0.000170,-0.035270,0.247635,0.260864,0.933060,-22.520520,1.680892,44.718860,0.838924,0.542482,0.043528,-8.10893726,11,45.4666138,17.1784325,Building,Surface,2.929001,3.073151,0.000000,0.000000,-22.476980,1.688885,44.705410,338.384300,66.889530,349.979600,104.047200,98.172010,0.300000,1000.000000,0.900730,2468,2740,50.000000,off,,0,-1,0,1,1
1766648257511,2025-12-25 15:37:37.511,464.459400,2.777832,23,10,2,-0.029946,0.000170,-0.035270,0.247635,0.260864,0.933060,-22.519790,1.680866,44.718380,0.840022,0.541559,0.032415,-8.06471634,11,45.2761765,17.2077484,Building,Surface,2.929001,3.073151,0.000000,0.000000,-22.476390,1.688765,44.704410,338.384000,67.611370,349.782400,104.047200,98.172010,0.300000,1000.000000,0.900730,2468,2740,50.000000,off,,0,-1,0,1,1
1766648257523,2025-12-25 15:37:37.523,464.470600,2.789093,23,10,2,-0.032839,0.000545,-0.036179,0.357025,0.290436,0.887787,-22.521300,1.681408,44.719930,0.840957,0.532013,-0.098682,-7.79134274,11,42.9914436,17.5155869,Building,Surface,3.059586,3.077820,0.000000,0.000000,-22.475900,1.688694,44.703380,338.441300,68.228660,349.608200,104.047200,98.172010,0.300000,1000.000000,0.900730,2468,2740,50.000000,off,,0,-1,0,1,1
1766648257534,2025-12-25 15:37:37.534,464.481800,2.800262,23,10,2,-0.029410,0.000101,-0.034727,0.350098,0.296433,0.888565,-22.517900,1.680892,44.716990,0.837007,0.537345,-0.103290,-8.00178623,11,42.9256439,17.3427849,Building,Surface,3.244339,3.114456,0.000000,0.000000,-22.475460,1.688523,44.702430,338.479000,68.836410,349.436000,104.047200,98.172010,0.300000,1000.000000,0.900730,2468,2740,50.000000,off,,0,-1,0,1,1
1766648257545,2025-12-25 15:37:37.545,464.493200,2.811615,23,10,2,-0.031404,0.000032,-0.034962,0.249039,0.249237,0.935867,-22.518230,1.681061,44.718180,0.849501,0.527518,0.007699,-7.51125145,11,44.8541908,17.665514,Building,Surface,3.104660,3.025803,0.000000,0.000000,-22.474920,1.688389,44.701480,338.503100,69.435640,349.241500,104.047200,98.172010,0.300000,1000.000000,0.900730,2468,2740,50.000000,off,,0,-1,0,1,1
1766648257556,2025-12-25 15:37:37.556,464.503800,2.822296,23,10,2,-0.031404,0.000032,-0.034962,0.249039,0.249237,0.935867,-22.517550,1.681023,44.717630,0.850392,0.526138,-0.000739,-7.45536613,11,44.7045364,17.711937,Building,Surface,3.104660,3.025803,0.000000,0.000000,-22.474370,1.688253,44.700540,338.558000,69.993530,349.111400,104.047200,98.172010,0.300000,1000.000000,0.900730,2468,2740,50.000000,off,,0,-1,0,1,1
1766648257567,2025-12-25 15:37:37.567,464.515000,2.833435,23,10,2,-0.031748,-0.000177,-0.034455,0.216324,0.259735,0.941132,-22.516610,1.681037,44.717640,0.840298,0.541792,0.018662,-8.06326199,11,45.0386276,17.2001534,Building,Surface,3.026321,3.100449,0.000000,0.000000,-22.473950,1.688101,44.699620,338.635300,70.567240,348.984200,104.047200,98.172010,0.300000,1000.000000,0.900730,2468,2740,50.000000,off,,0,-1,0,1,1
1766648257579,2025-12-25 15:37:37.579,464.526100,2.844513,23,10,2,-0.030974,-0.000186,-0.034421,0.191910,0.252045,0.948486,-22.515650,1.680833,44.716390,0.840705,0.540213,0.036976,-8.01272297,11,45.3542557,17.2507591,Building,Surface,3.117447,3.081299,0.000000,0.000000,-22.473470,1.687921,44.698660,338.711100,71.122720,348.853000,104.047200,98.172010,0.300000,1000.000000,0.900730,2468,2740,50.000000,off,,0,-1,0,1,1
1766648257590,2025-12-25 15:37:37.590,464.537200,2.855621,23,10,2,-0.022311,0.000023,-0.034752,0.142914,0.240631,0.960022,-22.512080,1.679194,44.707880,0.837374,0.540716,0.080004,-8.07750797,11,46.0869751,17.2376347,Building,Surface,2.981918,3.123169,0.000000,0.000000,-22.472930,1.687654,44.697800,338.827700,71.682090,348.718300,104.047200,98.172010,0.300000,1000.000000,0.900730,2468,2740,50.000000,off,,0,-1,0,1,1
1766648257601,2025-12-25 15:37:37.601,464.548700,2.867126,23,10,2,-0.022311,0.000023,-0.034752,0.142914,0.240631,0.960022,-22.511560,1.679100,44.707340,0.839494,0.538542,0.072062,-7.9818778,11,45.9545631,17.3074036,Building,Surface,2.981918,3.123169,0.000000,0.000000,-22.472480,1.687439,44.696910,338.950400,72.220560,348.582100,104.047200,98.172010,0.300000,1000.000000,0.900730,2468,2740,50.000000,off,,0,-1,0,1,1
1766648257611,2025-12-25 15:37:37.611,464.559400,2.877838,23,10,2,-0.031997,-0.000451,-0.034267,0.350433,0.168366,0.921310,-22.513960,1.680486,44.715950,0.901312,0.417607,-0.114911,-17.4646378,4.01999998,44.072197,5.60208797,HS-04,Signage,3.187134,3.147293,0.000000,0.000000,-22.472030,1.687154,44.696050,339.071900,72.747590,348.446700,104.047200,98.172010,0.300000,1000.000000,0.900730,2468,2740,50.000000,off,Node10,0,-1,0,1,1
1766648257623,2025-12-25 15:37:37.623,464.570500,2.888947,23,10,2,-0.030974,-0.000186,-0.034421,0.191910,0.252045,0.948486,-22.513200,1.680373,44.714420,0.846921,0.531679,0.004951,-7.66780329,11,44.8012085,17.5285149,Building,Surface,3.117447,3.081299,0.000000,0.000000,-22.471580,1.686921,44.695220,339.166200,73.274310,348.311200,104.047200,98.172010,0.300000,1000.000000,0.900730,2468,2740,50.000000,off,,0,-1,0,1,1
1766648257633,2025-12-25 15:37:37.633,464.581600,2.900024,23,10,2,-0.030974,-0.000186,-0.034421,0.191910,0.252045,0.948486,-22.512690,1.680288,44.713970,0.848238,0.529593,-0.002356,-7.58550119,10.999999,44.6725082,17.5977173,Building,Surface,3.117447,3.081299,0.000000,0.000000,-22.471200,1.686705,44.694440,339.277800,73.761510,348.182400,104.047200,98.172010,0.300000,1000.000000,0.900730,2468,2740,50.000000,off,,0,-1,0,1,1
1766648257644,2025-12-25 15:37:37.644,464.592700,2.911133,23,10,2,-0.022311,0.000023,-0.034752,0.142914,0.240631,0.960022,-22.509600,1.678524,44.705380,0.846517,0.530716,0.041469,-7.64140415,11,45.4337387,17.5636997,Building,Surface,2.981918,3.123169,0.000000,0.000000,-22.470800,1.686418,44.693640,339.380900,74.265630,348.050000,104.047200,98.172010,0.300000,1000.000000,0.900730,2468,2740,50.000000,off,,0,-1,0,1,1
1766648257656,2025-12-25 15:37:37.656,464.603800,2.922272,23,10,2,-0.032443,-0.000536,-0.034116,0.360870,0.155914,0.919479,-22.511750,1.680121,44.714580,0.906351,0.394022,-0.152495,-1.07365239,11,41.1075859,23.6529579,Building,Surface,3.329056,3.087509,0.000000,0.000000,-22.470420,1.686200,44.692850,339.507400,74.751790,347.928500,104.047200,98.172010,0.300000,1000.000000,0.900730,2468,2740,50.000000,off,,0,-1,0,1,1
1766648257667,2025-12-25 15:37:37.667,464.614800,2.933289,23,10,2,-0.032443,-0.000536,-0.034116,0.360870,0.155914,0.919479,-22.511200,1.679946,44.714100,0.906200,0.391430,-0.159883,-0.93433851,11.000001,40.9072418,23.8100128,Building,Surface,3.329056,3.087509,0.000000,0.000000,-22.470030,1.685886,44.692040,339.630900,75.227340,347.802900,104.047200,98.172010,0.300000,1000.000000,0.900730,2468,2740,50.000000,off,,0,-1,0,1,1
1766648257678,2025-12-25 15:37:37.678,464.625900,2.944366,23,10,2,-0.032446,-0.000784,-0.033595,0.327194,0.171463,0.929260,-22.510190,1.679807,44.713850,0.900173,0.412989,-0.138234,-2.19538784,10.999999,41.5942307,22.5674286,Building,Surface,3.173096,3.102081,0.000000,0.000000,-22.469710,1.685643,44.691280,339.767500,75.702300,347.671400,104.047200,98.172010,0.300000,1000.000000,0.900730,2468,2740,50.000000,off,,0,-1,0,1,1
1766648257689,2025-12-25 15:37:37.689,464.637100,2.955597,23,10,2,-0.032353,-0.000773,-0.033600,0.321304,0.161316,0.933121,-22.509610,1.679593,44.713350,0.904889,0.403376,-0.135786,-1.6012429,11,41.5758781,23.1057014,Building,Surface,3.334946,3.241486,0.000000,0.000000,-22.469290,1.685292,44.690580,339.912800,76.145130,347.552000,104.047200,98.172010,0.300000,1000.000000,0.900730,2468,2740,50.000000,off,,0,-1,0,1,1
1766648257700,2025-12-25 15:37:37.700,464.648200,2.966644,23,10,2,-0.029668,-0.000648,-0.033846,0.271408,0.149475,0.950775,-22.508610,1.679000,44.710330,0.909392,0.406308,-0.088875,-1.64651859,11.000001,42.6714783,22.9404793,Building,Surface,3.364822,3.187958,0.000000,0.000000,-22.468980,1.685084,44.689870,340.030300,76.584670,347.428300,104.047200,98.172010,0.300000,1000.000000,0.900730,2468,2740,50.000000,off,,0,-1,0,1,1
1766648257711,2025-12-25 15:37:37.711,464.659300,2.977753,23,10,2,-0.029668,-0.000648,-0.033846,0.271408,0.149475,0.950775,-22.508220,1.678977,44.709950,0.909719,0.403998,-0.095790,-1.51922691,11,42.4998894,23.0717068,Building,Surface,3.364822,3.187958,0.000000,0.000000,-22.468720,1.684929,44.689210,340.136700,77.021420,347.283700,104.047200,98.172010,0.300000,1000.000000,0.900730,2468,2740,50.000000,off,,0,-1,0,1,1
1766648257723,2025-12-25 15:37:37.723,464.670400,2.988861,23,10,2,-0.028146,-0.000598,-0.033895,0.245987,0.135666,0.959717,-22.507480,1.678665,44.708100,0.914656,0.397536,-0.073081,-1.06083739,11.000001,42.9945145,23.4474373,Building,Surface,3.334183,3.226974,0.000000,0.000000,-22.468480,1.684783,44.688530,340.232100,77.454670,347.141000,104.047200,98.172010,0.300000,1000.000000,0.900730,2468,2740,50.000000,off,,0,-1,0,1,1
1766648257734,2025-12-25 15:37:37.734,464.681500,2.999969,23,10,2,-0.030506,-0.000729,-0.033594,0.196716,0.141861,0.970139,-22.507490,1.679136,44.710030,0.909225,0.414948,-0.033439,-2.08380795,10.999999,43.9588928,22.4626179,Building,Surface,3.315323,3.236160,0.000000,0.000000,-22.468260,1.684648,44.687880,340.336300,77.880680,347.001200,104.047200,98.172010,0.300000,1000.000000,0.900730,2468,2740,50.000000,off,,0,-1,0,1,1
1766648257745,2025-12-25 15:37:37.745,464.692700,3.011200,23,10,2,-0.030506,-0.000729,-0.033594,0.196716,0.141861,0.970139,-22.507090,1.679045,44.709690,0.909897,0.412876,-0.040134,-1.96554053,11,43.8036346,22.5755615,Building,Surface,3.315323,3.236160,0.000000,0.000000,-22.468000,1.684437,44.687270,340.442700,78.302500,346.883400,104.047200,98.172010,0.300000,1000.000000,0.900730,2468,2740,50.000000,off,,0,-1,0,1,1
1766648257756,2025-12-25 15:37:37.756,464.703700,3.022156,23,10,2,-0.029668,-0.000648,-0.033846,0.271408,0.149475,0.950775,-22.506870,1.678779,44.708480,0.910437,0.395127,-0.122303,-1.02926481,11,41.8232994,23.5901947,Building,Surface,3.364822,3.187958,0.000000,0.000000,-22.467870,1.684246,44.686670,340.566200,78.697250,346.799700,104.047200,98.172010,0.300000,1000.000000,0.900730,2468,2740,50.000000,off,,0,-1,0,1,1
1766648257767,2025-12-25 15:37:37.767,464.714800,3.033295,23,10,2,-0.028146,-0.000598,-0.033895,0.245987,0.135666,0.959717,-22.506200,1.678330,44.706730,0.916078,0.388712,-0.098363,-0.53781265,11.000001,42.3479004,23.9805717,Building,Surface,3.334183,3.226974,0.000000,0.000000,-22.467660,1.683998,44.686140,340.694100,79.053250,346.749900,104.047200,98.172010,0.300000,1000.000000,0.900730,2468,2740,50.000000,off,,0,-1,0,1,1
1766648257778,2025-12-25 15:37:37.778,464.725900,3.044373,23,10,2,-0.030038,-0.000602,-0.033930,0.180786,0.135071,0.974197,-22.506450,1.678631,44.708160,0.913358,0.405230,-0.039427,-1.49677384,11,43.8012314,23.0025349,Building,Surface,3.303040,3.278748,0.000000,0.000000,-22.467510,1.683822,44.685570,340.804100,79.385940,346.715500,104.047200,98.172010,0.300000,1000.000000,0.900730,2468,2740,50.000000,off,,0,-1,0,1,1
1766648257789,2025-12-25 15:37:37.789,464.737100,3.055511,23,10,2,-0.030038,-0.000602,-0.033930,0.180786,0.135071,0.974197,-22.506110,1.678529,44.707850,0.913916,0.403419,-0.044704,-1.38900864,11,43.6749153,23.106039,Building,Surface,3.303040,3.278748,0.000000,0.000000,-22.467290,1.683634,44.685040,340.910200,79.721480,346.668400,104.047200,98.172010,0.300000,1000.000000,0.900730,2468,2740,50.000000,off,,0,-1,0,1,1
1766648257801,2025-12-25 15:37:37.801,464.748400,3.066895,23,10,2,-0.023378,-0.000385,-0.034181,0.160095,0.130600,0.978409,-22.504480,1.677117,44.701080,0.914607,0.403283,-0.028789,-1.36108387,11,44.035553,23.1171436,Building,Surface,3.316269,3.225616,0.000000,0.000000,-22.467090,1.683469,44.684450,341.021800,80.076100,346.613700,104.047200,98.172010,0.300000,1000.000000,0.900730,2468,2740,50.000000,off,,0,-1,0,1,1
1766648257812,2025-12-25 15:37:37.812,464.759200,3.077698,23,10,2,-0.019137,-0.000202,-0.034461,0.136688,0.130585,0.981964,-22.503540,1.676131,44.696660,0.913368,0.406936,-0.012289,-1.57611358,11,44.4150925,22.9122448,Building,Surface,3.284775,3.315353,0.000000,0.000000,-22.466930,1.683220,44.683880,341.175400,80.470410,346.537500,104.047200,98.172010,0.300000,1000.000000,0.900730,2468,2740,50.000000,off,,0,-1,0,1,1
1766648257822,2025-12-25 15:37:37.822,464.770400,3.088806,23,10,2,-0.019137,-0.000202,-0.034461,0.136688,0.130585,0.981964,-22.503330,1.675965,44.696250,0.914443,0.404287,-0.018320,-1.4136194,11.000001,44.2737427,23.0627918,Building,Surface,3.284775,3.315353,0.000000,0.000000,-22.466780,1.682936,44.683240,341.329100,80.851400,346.449700,104.047200,98.172010,0.300000,1000.000000,0.900730,2468,2740,50.000000,off,,0,-1,0,1,1
1766648257833,2025-12-25 15:37:37.833,464.781500,3.099945,23,10,2,-0.020353,-0.000330,-0.034181,0.123245,0.129944,0.983826,-22.503150,1.676028,44.697080,0.914818,0.403690,-0.011435,-1.37372601,11,44.4329681,23.0967255,Building,Surface,3.355713,3.310410,0.000000,0.000000,-22.466680,1.682605,44.682600,341.544900,81.254880,346.373100,104.047200,98.172010,0.300000,1000.000000,0.900730,2468,2740,50.000000,off,,0,-1,0,1,1
1766648257845,2025-12-25 15:37:37.845,464.792900,3.111359,23,10,2,-0.022282,-0.000699,-0.033257,0.120941,0.150528,0.981171,-22.502370,1.676157,44.698750,0.907819,0.418793,-0.021436,-2.29104733,11,44.2215042,22.2634106,Building,Surface,3.313492,3.271606,0.000000,0.000000,-22.466530,1.682202,44.681960,341.762400,81.644740,346.313100,104.047200,98.172010,0.300000,1000.000000,0.900730,2468,2740,50.000000,off,,0,-1,0,1,1
1766648257855,2025-12-25 15:37:37.855,464.803600,3.122070,23,10,2,-0.030427,-0.001238,-0.033014,0.350479,0.070755,0.933884,-22.503460,1.677352,44.706310,0.933550,0.274645,-0.230292,0,8.29773998,39.1550598,24.105011,Building,Surface,3.473206,3.498764,0.000000,0.000000,-22.466390,1.681817,44.681350,342.006000,82.046410,346.252500,104.047200,98.172010,0.300000,1000.000000,0.900730,2468,2740,50.000000,off,,-1,0,0,1,1
1766648257867,2025-12-25 15:37:37.867,464.814700,3.133179,23,10,2,-0.030427,-0.001238,-0.033014,0.350479,0.070755,0.933884,-22.503080,1.677132,44.705910,0.933198,0.270586,-0.236445,0,8.20202637,39.0042953,24.1137199,Building,Surface,3.473206,3.498764,0.000000,0.000000,-22.466160,1.681435,44.680710,342.251400,82.435000,346.213500,104.047200,98.172010,0.300000,1000.000000,0.900730,2468,2740,50.000000,off,,-1,0,0,1,1
1766648257878,2025-12-25 15:37:37.878,464.825900,3.144318,23,10,2,-0.020353,-0.000330,-0.034181,0.123245,0.129944,0.983826,-22.502110,1.675074,44.695560,0.920779,0.388364,-0.036441,-0.393480033,10.999999,43.8205833,24.0106506,Building,Surface,3.355713,3.310410,0.000000,0.000000,-22.465950,1.681036,44.680090,342.486600,82.854820,346.197700,104.047200,98.172010,0.300000,1000.000000,0.900730,2468,2740,50.000000,off,,0,-1,0,1,1
1766648257889,2025-12-25 15:37:37.889,464.836900,3.155396,23,10,2,-0.022282,-0.000699,-0.033257,0.120941,0.150528,0.981171,-22.501190,1.675213,44.697250,0.913864,0.403323,-0.046524,-1.37274253,11,43.6216202,23.1196842,Building,Surface,3.313492,3.271606,0.000000,0.000000,-22.465730,1.680657,44.679480,342.729200,83.265470,346.192700,104.047200,98.172010,0.300000,1000.000000,0.900730,2468,2740,50.000000,off,,0,-1,0,1,1
1766648257900,2025-12-25 15:37:37.900,464.848200,3.166626,23,10,2,-0.022282,-0.000699,-0.033257,0.120941,0.150528,0.981171,-22.500820,1.674937,44.696910,0.915578,0.398601,-0.053054,-1.08134735,11,43.4557419,23.394249,Building,Surface,3.313492,3.271606,0.000000,0.000000,-22.465470,1.680217,44.678870,343.034400,83.693950,346.227600,104.047200,98.172010,0.300000,1000.000000,0.900730,2468,2740,50.000000,off,,0,-1,0,1,1
1766648257912,2025-12-25 15:37:37.912,464.859100,3.177582,23,10,2,-0.032489,-0.001961,-0.031388,0.504028,0.055862,0.861862,-22.500060,1.676193,44.706920,0.891605,0.184269,-0.413591,0,6.32630491,34.2697601,25.2351055,Building,Surface,3.601425,3.579178,0.000000,0.000000,-22.465210,1.679619,44.678320,343.347700,84.112090,346.259600,104.047200,98.172010,0.300000,1000.000000,0.900730,2468,2740,50.000000,off,,-1,0,0,1,1
1766648257923,2025-12-25 15:37:37.923,464.870400,3.188873,23,10,2,-0.002388,-0.001712,-0.031397,0.671555,-0.048416,0.739365,-22.494750,1.669197,44.677620,0.825298,0.010259,-0.564596,0,1.9488219,29.288702,27.2563934,Building,Surface,3.845566,3.975433,0.000000,0.000000,-22.464810,1.679080,44.677760,343.667500,84.505840,346.310500,104.047200,98.172010,0.300000,1000.000000,0.900730,2468,2740,50.000000,off,,-1,0,0,1,1
1766648257934,2025-12-25 15:37:37.934,464.881400,3.199860,23,10,2,-0.002580,-0.001730,-0.031752,0.732590,-0.096924,0.673721,-22.494890,1.668727,44.677460,0.779739,-0.070590,-0.622098,-4.06207991,-1.92990426E-14,29.9712429,23.6394978,Building,Surface,3.986771,4.078247,0.000000,0.000000,-22.464520,1.678515,44.677250,343.992400,84.883280,346.379100,104.047200,98.172010,0.300000,1000.000000,0.900730,2468,2740,50.000000,off,,0,1,6.43918682E-16,1,1
1766648257945,2025-12-25 15:37:37.945,464.892500,3.210938,23,10,2,-0.002580,-0.001730,-0.031752,0.732590,-0.096924,0.673721,-22.494650,1.668358,44.677200,0.774822,-0.074345,-0.627779,-5.10706282,-1.96970651E-14,30.5893688,22.4405613,Building,Surface,3.986771,4.078247,0.000000,0.000000,-22.464230,1.677969,44.676790,344.332400,85.282910,346.424300,104.047200,98.172010,0.300000,1000.000000,0.900730,2468,2740,50.000000,off,,0,1,6.43918682E-16,1,1
1766648257956,2025-12-25 15:37:37.956,464.903700,3.222137,23,10,2,-0.002561,-0.001676,-0.031980,0.697678,-0.100082,0.709366,-22.494630,1.667921,44.676880,0.800579,-0.063675,-0.595810,-1.524037,-1.8718759E-14,29.0700665,26.1938992,Building,Surface,4.065964,3.978256,0.000000,0.000000,-22.463930,1.677369,44.676330,344.670100,85.642170,346.474100,104.047200,98.172010,0.300000,1000.000000,0.900730,2468,2740,50.000000,off,,0,1,6.43918682E-16,1,1
1766648257967,2025-12-25 15:37:37.967,464.914700,3.233154,23,10,2,-0.029990,-0.002415,-0.031185,0.674027,-0.081512,0.734177,-22.496820,1.673207,44.703350,0.812715,-0.038620,-0.581356,0,0.604163766,28.610796,27.6806831,Building,Surface,3.890823,3.746124,0.000000,0.000000,-22.463500,1.676782,44.675880,345.021200,86.013640,346.517900,104.047200,98.172010,0.300000,1000.000000,0.900730,2468,2740,50.000000,off,,-1,0,0,1,1
1766648257978,2025-12-25 15:37:37.978,464.926000,3.244415,23,10,2,-0.029990,-0.002415,-0.031185,0.674027,-0.081512,0.734177,-22.496310,1.672789,44.703140,0.808549,-0.043114,-0.586823,0,0.473225683,28.3759251,27.8226643,Building,Surface,3.890823,3.746124,0.000000,0.000000,-22.463150,1.676184,44.675450,345.401900,86.381160,346.575900,104.047200,98.172010,0.300000,1000.000000,0.900730,2468,2740,50.000000,off,,-1,0,0,1,1
1766648257990,2025-12-25 15:37:37.990,464.937500,3.255920,23,10,2,-0.031010,-0.002858,-0.030179,0.621643,-0.032715,0.782593,-22.494800,1.672380,44.704140,0.834292,0.022029,-0.550848,0,2.26634288,29.8517685,26.9622288,Building,Surface,3.735504,3.859940,0.000000,0.000000,-22.462770,1.675540,44.675080,345.799000,86.746730,346.654800,104.047200,98.172010,0.300000,1000.000000,0.900730,2468,2740,50.000000,off,,-1,0,0,1,1
1766648258000,2025-12-25 15:37:38.000,464.948000,3.266449,23,10,2,-0.002561,-0.001676,-0.031980,0.697678,-0.100082,0.709366,-22.493340,1.666205,44.675990,0.782774,-0.080705,-0.617027,-6.33246231,-2.05648791E-14,31.9370766,20.6453228,Building,Surface,4.065964,3.978256,0.000000,0.000000,-22.462420,1.674842,44.674690,346.210300,87.071370,346.760900,104.047200,98.172010,0.300000,1000.000000,0.900730,2468,2740,50.000000,off,,0,1,6.43918682E-16,1,1
1766648258012,2025-12-25 15:37:38.012,464.959200,3.277618,23,10,2,-0.029990,-0.002415,-0.031185,0.674027,-0.081512,0.734177,-22.494760,1.671256,44.702700,0.796318,-0.056421,-0.602218,0,0.0774491131,27.6909676,28.2480736,Building,Surface,3.890823,3.746124,0.000000,0.000000,-22.462070,1.674128,44.674410,346.640300,87.383590,346.882900,104.047200,98.172010,0.300000,1000.000000,0.900730,2468,2740,50.000000,off,,-1,0,0,1,1
1766648258023,2025-12-25 15:37:38.023,464.970300,3.288727,23,10,2,-0.029990,-0.002415,-0.031185,0.674027,-0.081512,0.734177,-22.494250,1.670611,44.702530,0.792690,-0.060895,-0.606553,-0.7473647,-1.80697623E-14,28.0621815,27.4339066,Building,Surface,3.890823,3.746124,0.000000,0.000000,-22.461680,1.673308,44.674070,347.075100,87.657520,347.007500,104.047200,98.172010,0.300000,1000.000000,0.900730,2468,2740,50.000000,off,,0,1,6.43918682E-16,1,1
1766648258033,2025-12-25 15:37:38.033,464.981400,3.299805,23,10,2,-0.029952,-0.002797,-0.030313,0.607391,-0.043335,0.793213,-22.492860,1.669842,44.702500,0.833293,-0.001762,-0.552818,0,1.62228084,29.780426,26.9925785,Building,Surface,3.735611,3.809067,0.000000,0.000000,-22.461350,1.672545,44.673790,347.496600,87.939000,347.113400,104.047200,98.172010,0.300000,1000.000000,0.900730,2468,2740,50.000000,off,,-1,0,0,1,1
1766648258045,2025-12-25 15:37:38.045,464.992400,3.310883,23,10,2,-0.030926,-0.002948,-0.029935,0.600113,-0.035538,0.799118,-22.492040,1.669384,44.703450,0.834005,0.003380,-0.551736,0,1.76053762,29.8238449,26.9685535,Building,Surface,3.836349,3.828979,0.000000,0.000000,-22.461000,1.671761,44.673590,347.913800,88.224450,347.195100,104.047200,98.172010,0.300000,1000.000000,0.900730,2468,2740,50.000000,off,,-1,0,0,1,1
1766648258056,2025-12-25 15:37:38.056,465.003600,3.322021,23,10,2,-0.030926,-0.002948,-0.029935,0.600113,-0.035538,0.799118,-22.491610,1.668822,44.703350,0.831205,-0.001846,-0.555952,0,1.61887109,29.6598206,27.0588741,Building,Surface,3.836349,3.828979,0.000000,0.000000,-22.460700,1.671020,44.673340,348.341300,88.496600,347.282900,104.047200,98.172010,0.300000,1000.000000,0.900730,2468,2740,50.000000,off,,-1,0,0,1,1
1766648258067,2025-12-25 15:37:38.067,465.014600,3.333099,23,10,2,-0.031249,-0.002967,-0.029881,0.586685,-0.010406,0.809738,-22.491220,1.668244,44.703570,0.833330,0.022138,-0.552317,0,2.26573944,29.7967701,26.9893436,Building,Surface,3.771637,3.921539,0.000000,0.000000,-22.460480,1.670210,44.673080,348.755500,88.760200,347.372200,104.047200,98.172010,0.300000,1000.000000,0.900730,2468,2740,50.000000,off,,-1,0,0,1,1
1766648258078,2025-12-25 15:37:38.078,465.025800,3.344208,23,10,2,-0.029946,-0.002904,-0.030018,0.556854,0.000595,0.830597,-22.490840,1.667416,44.702220,0.847579,0.038059,-0.529283,0,2.6773262,30.6574879,26.5351143,Building,Surface,3.875427,3.895950,0.000000,0.000000,-22.460160,1.669462,44.672870,349.162700,89.019140,347.467200,104.047200,98.172010,0.300000,1000.000000,0.900730,2468,2740,50.000000,off,,-1,0,0,1,1
1766648258089,2025-12-25 15:37:38.089,465.036900,3.355377,23,10,2,-0.025387,-0.002859,-0.029984,0.532745,-0.015198,0.846130,-22.490180,1.665939,44.697670,0.862104,0.026236,-0.506038,0,2.35037184,31.4963799,26.0873623,Building,Surface,3.800201,3.883926,0.000000,0.000000,-22.459880,1.668757,44.672650,349.555500,89.265940,347.594100,104.047200,98.172010,0.300000,1000.000000,0.900730,2468,2740,50.000000,off,,-1,0,0,1,1
1766648258100,2025-12-25 15:37:38.100,465.047900,3.366394,23,10,2,-0.025387,-0.002859,-0.029984,0.532745,-0.015198,0.846130,-22.489780,1.665334,44.697570,0.860122,0.021912,-0.509602,0,2.23827219,31.3729057,26.1469898,Building,Surface,3.800201,3.883926,0.000000,0.000000,-22.459580,1.668015,44.672430,349.919000,89.484510,347.718400,104.047200,98.172010,0.300000,1000.000000,0.900730,2468,2740,50.000000,off,,-1,0,0,1,1
1766648258111,2025-12-25 15:37:38.111,465.059100,3.377533,23,10,2,-0.028293,-0.002522,-0.030981,0.469254,0.018555,0.882858,-22.490510,1.665495,44.700310,0.885896,0.069171,-0.458678,0,3.42155981,33.0557137,25.3870716,Building,Surface,3.674377,3.719330,0.000000,0.000000,-22.459260,1.667271,44.672260,350.305100,89.743290,347.846300,104.047200,98.172010,0.300000,1000.000000,0.900730,2468,2740,50.000000,off,,-1,0,0,1,1
1766648258123,2025-12-25 15:37:38.123,465.070200,3.388611,23,10,2,-0.029946,-0.002904,-0.030018,0.556854,0.000595,0.830597,-22.489070,1.665041,44.701940,0.838320,0.020739,-0.544764,0,2.22139335,30.087904,26.8260593,Building,Surface,3.875427,3.895950,0.000000,0.000000,-22.458900,1.666553,44.672050,350.667400,90.001100,347.969600,104.047200,98.172010,0.300000,1000.000000,0.900730,2468,2740,50.000000,off,,-1,0,0,1,1
1766648258134,2025-12-25 15:37:38.134,465.081300,3.399780,23,10,2,-0.029946,-0.002904,-0.030018,0.556854,0.000595,0.830597,-22.488660,1.664493,44.701870,0.835739,0.016440,-0.548861,0,2.10687113,29.9327278,26.9084206,Building,Surface,3.875427,3.895950,0.000000,0.000000,-22.458630,1.665875,44.671830,351.052100,90.262120,348.111200,104.047200,98.172010,0.300000,1000.000000,0.900730,2468,2740,50.000000,off,,-1,0,0,1,1
1766648258145,2025-12-25 15:37:38.145,465.093000,3.411407,23,10,2,-0.025387,-0.002859,-0.029984,0.532745,-0.015198,0.846130,-22.488090,1.663014,44.697350,0.850266,0.004050,-0.526324,0,1.77013075,30.7769718,26.4481068,Building,Surface,3.800201,3.883926,0.000000,0.000000,-22.458320,1.665133,44.671640,351.419500,90.529900,348.227100,104.047200,98.172010,0.300000,1000.000000,0.900730,2468,2740,50.000000,off,,-1,0,0,1,1
1766648258155,2025-12-25 15:37:38.155,465.103500,3.421997,23,10,2,-0.025336,-0.002000,-0.032276,0.429550,0.052811,0.901489,-22.490100,1.662940,44.697140,0.891195,0.094271,-0.443700,0,4.04195309,33.4999771,25.2357063,Building,Surface,3.657059,3.619003,0.000000,0.000000,-22.458050,1.664434,44.671480,351.784600,90.789700,348.364900,104.047200,98.172010,0.300000,1000.000000,0.900730,2468,2740,50.000000,off,,-1,0,0,1,1
1766648258167,2025-12-25 15:37:38.167,465.114800,3.433228,23,10,2,0.005110,-0.001229,-0.032561,0.406632,0.022659,0.913300,-22.489790,1.657092,44.667150,0.905446,0.066360,-0.419216,0,3.30536652,34.254509,24.8380833,Building,Surface,3.726852,3.618668,0.000000,0.000000,-22.457760,1.663738,44.671340,352.155900,91.022620,348.504100,104.047200,98.172010,0.300000,1000.000000,0.900730,2468,2740,50.000000,off,,-1,0,0,1,1
1766648258178,2025-12-25 15:37:38.178,465.125900,3.444336,23,10,2,0.005110,-0.001229,-0.032561,0.406632,0.022659,0.913300,-22.489530,1.656630,44.667110,0.904054,0.061783,-0.422904,0,3.19356298,34.1468201,24.876049,Building,Surface,3.726852,3.618668,0.000000,0.000000,-22.457440,1.663069,44.671180,352.505400,91.246670,348.646300,104.047200,98.172010,0.300000,1000.000000,0.900730,2468,2740,50.000000,off,,-1,0,0,1,1
1766648258189,2025-12-25 15:37:38.189,465.136900,3.455383,23,10,2,0.015403,-0.001006,-0.032456,0.399918,0.025589,0.916184,-22.489270,1.654458,44.656970,0.904893,0.062201,-0.421048,0,3.20033693,34.1926842,24.8527355,Building,Surface,3.687164,3.751816,0.000000,0.000000,-22.457190,1.662471,44.671050,352.817500,91.498110,348.772900,104.047200,98.172010,0.300000,1000.000000,0.900730,2468,2740,50.000000,off,,-1,0,0,1,1
1766648258201,2025-12-25 15:37:38.201,465.147900,3.466400,23,10,2,0.005327,-0.001318,-0.032079,0.393738,0.053421,0.917664,-22.488580,1.655708,44.666920,0.901386,0.086493,-0.424280,0,3.81361294,34.0816078,24.9487839,Building,Surface,3.722504,3.776443,0.000000,0.000000,-22.456870,1.661848,44.670930,353.130600,91.743780,348.892500,104.047200,98.172010,0.300000,1000.000000,0.900730,2468,2740,50.000000,off,,-1,0,0,1,1
1766648258211,2025-12-25 15:37:38.211,465.159000,3.477478,23,10,2,0.005327,-0.001318,-0.032079,0.393738,0.053421,0.917664,-22.488340,1.655319,44.666920,0.900045,0.082354,-0.427933,0,3.71299863,33.9746742,24.9856701,Building,Surface,3.722504,3.776443,0.000000,0.000000,-22.456580,1.661279,44.670810,353.438900,91.972570,349.005800,104.047200,98.172010,0.300000,1000.000000,0.900730,2468,2740,50.000000,off,,-1,0,0,1,1
1766648258223,2025-12-25 15:37:38.223,465.170200,3.488617,23,10,2,-0.018391,-0.001952,-0.031583,0.340408,0.114334,0.933289,-22.487080,1.658771,44.690240,0.908148,0.149862,-0.390878,0,5.36957502,35.0115204,24.7611847,Building,Surface,3.615814,3.810516,0.000000,0.000000,-22.456250,1.660684,44.670610,353.724100,92.192020,349.136300,104.047200,98.172010,0.300000,1000.000000,0.900730,2468,2740,50.000000,off,,-1,0,0,1,1
1766648258233,2025-12-25 15:37:38.234,465.181400,3.499847,23,10,2,0.015403,-0.001006,-0.032456,0.399918,0.025589,0.916184,-22.488440,1.652902,44.656930,0.898952,0.046588,-0.435542,0,2.81836057,33.7612877,25.016058,Building,Surface,3.687164,3.751816,0.000000,0.000000,-22.455970,1.660118,44.670530,354.014700,92.388370,349.284600,104.047200,98.172010,0.300000,1000.000000,0.900730,2468,2740,50.000000,off,,-1,0,0,1,1
1766648258245,2025-12-25 15:37:38.245,465.192400,3.510803,23,10,2,0.005327,-0.001318,-0.032079,0.393738,0.053421,0.917664,-22.487620,1.654163,44.666880,0.896356,0.071426,-0.437533,0,3.44608736,33.6901321,25.0877075,Building,Surface,3.722504,3.776443,0.000000,0.000000,-22.455730,1.659606,44.670440,354.308200,92.572650,349.434100,104.047200,98.172010,0.300000,1000.000000,0.900730,2468,2740,50.000000,off,,-1,0,0,1,1
1766648258255,2025-12-25 15:37:38.255,465.203500,3.521942,23,10,2,0.005327,-0.001318,-0.032079,0.393738,0.053421,0.917664,-22.487390,1.653790,44.666900,0.895285,0.068161,-0.440237,0,3.36582804,33.6092186,25.1174526,Building,Surface,3.722504,3.776443,0.000000,0.000000,-22.455470,1.659070,44.670380,354.579700,92.741640,349.589500,104.047200,98.172010,0.300000,1000.000000,0.900730,2468,2740,50.000000,off,,-1,0,0,1,1
1766648258267,2025-12-25 15:37:38.267,465.214600,3.533020,23,10,2,-0.023591,-0.002156,-0.031297,0.331909,0.116638,0.936066,-22.485320,1.657808,44.695480,0.908398,0.139617,-0.394092,0,5.1137085,34.9406319,24.7525749,Building,Surface,3.690842,3.765152,0.000000,0.000000,-22.455200,1.658549,44.670320,354.838000,92.915240,349.734600,104.047200,98.172010,0.300000,1000.000000,0.900730,2468,2740,50.000000,off,,-1,0,0,1,1
1766648258278,2025-12-25 15:37:38.278,465.225700,3.544159,23,10,2,-0.025973,-0.002337,-0.030807,0.319717,0.155609,0.934631,-22.484430,1.657700,44.697900,0.903150,0.176461,-0.391346,0,6.05079651,34.9551163,24.895195,Building,Surface,3.672806,3.740906,0.000000,0.000000,-22.454990,1.658067,44.670290,355.087800,93.086520,349.842200,104.047200,98.172010,0.300000,1000.000000,0.900730,2468,2740,50.000000,off,,-1,0,0,1,1
1766648258289,2025-12-25 15:37:38.289,465.236900,3.555389,23,10,2,-0.025973,-0.002337,-0.030807,0.319717,0.155609,0.934631,-22.484050,1.657334,44.697930,0.902725,0.173349,-0.393710,0,5.9749155,34.8918457,24.9064865,Building,Surface,3.672806,3.740906,0.000000,0.000000,-22.454690,1.657627,44.670230,355.325400,93.247150,349.962700,104.047200,98.172010,0.300000,1000.000000,0.900730,2468,2740,50.000000,off,,-1,0,0,1,1
1766648258301,2025-12-25 15:37:38.301,465.248200,3.566681,23,10,2,-0.022228,-0.002201,-0.030886,0.312973,0.153503,0.937256,-22.484000,1.656453,44.694290,0.905544,0.169515,-0.388870,0,5.86538792,35.0389328,24.8288422,Building,Surface,3.663895,3.785965,0.000000,0.000000,-22.454450,1.657184,44.670230,355.558700,93.382940,350.069200,104.047200,98.172010,0.300000,1000.000000,0.900730,2468,2740,50.000000,off,,-1,0,0,1,1
1766648258312,2025-12-25 15:37:38.312,465.259200,3.577606,23,10,2,-0.012816,-0.001715,-0.031639,0.275513,0.153351,0.948975,-22.485000,1.654907,44.685070,0.918745,0.174061,-0.354384,0,5.91480684,36.0120125,24.4733295,Building,Surface,3.677002,3.766129,0.000000,0.000000,-22.454260,1.656755,44.670250,355.763900,93.503120,350.205800,104.047200,98.172010,0.300000,1000.000000,0.900730,2468,2740,50.000000,off,,-1,0,0,1,1
1766648258323,2025-12-25 15:37:38.323,465.270300,3.588776,23,10,2,-0.013831,-0.001246,-0.032915,0.212265,0.152481,0.965225,-22.486130,1.655226,44.686120,0.938165,0.182511,-0.294114,0,6.02968693,37.6367264,23.9678059,Building,Surface,3.638443,3.750320,0.000000,0.000000,-22.454150,1.656458,44.670240,355.955800,93.587710,350.345600,104.047200,98.172010,0.300000,1000.000000,0.900730,2468,2740,50.000000,off,,-1,0,0,1,1
1766648258334,2025-12-25 15:37:38.334,465.281400,3.599854,23,10,2,-0.013831,-0.001246,-0.032915,0.212265,0.152481,0.965225,-22.485970,1.654986,44.686280,0.938244,0.180720,-0.294967,0,5.98612547,37.6170883,23.9656219,Building,Surface,3.638443,3.750320,0.000000,0.000000,-22.454010,1.656169,44.670360,356.092400,93.652820,350.464500,104.047200,98.172010,0.300000,1000.000000,0.900730,2468,2740,50.000000,off,,-1,0,0,1,1
1766648258345,2025-12-25 15:37:38.345,465.293200,3.611664,23,10,2,-0.022228,-0.002201,-0.030886,0.312973,0.153503,0.937256,-22.483290,1.655443,44.694710,0.905170,0.162273,-0.392809,0,5.68610048,34.9378281,24.8383064,Building,Surface,3.663895,3.785965,0.000000,0.000000,-22.453870,1.656029,44.670480,356.184400,93.679960,350.565500,104.047200,98.172010,0.300000,1000.000000,0.900730,2468,2740,50.000000,off,,-1,0,0,1,1
1766648258356,2025-12-25 15:37:38.356,465.303700,3.622192,23,10,2,-0.012816,-0.001715,-0.031639,0.275513,0.153351,0.948975,-22.484400,1.654264,44.685630,0.918740,0.168877,-0.356896,0,5.78720522,35.9512825,24.4728031,Building,Surface,3.677002,3.766129,0.000000,0.000000,-22.453700,1.655961,44.670690,356.223000,93.706880,350.658400,104.047200,98.172010,0.300000,1000.000000,0.900730,2468,2740,50.000000,off,,-1,0,0,1,1
1766648258367,2025-12-25 15:37:38.367,465.314800,3.633270,23,10,2,-0.020760,-0.001560,-0.032432,0.225632,0.163300,0.960419,-22.484540,1.655744,44.693750,0.932110,0.187932,-0.309568,0,6.18907642,37.2262878,24.121954,Building,Surface,3.560349,3.839005,0.000000,0.000000,-22.453460,1.656084,44.670960,356.216200,93.686910,350.730900,104.047200,98.172010,0.300000,1000.000000,0.900730,2468,2740,50.000000,off,,-1,0,0,1,1
1766648258378,2025-12-25 15:37:38.378,465.326000,3.644501,23,10,2,-0.020760,-0.001560,-0.032432,0.225632,0.163300,0.960419,-22.484420,1.655790,44.694060,0.932366,0.188703,-0.308327,0,6.20644712,37.2586212,24.1152134,Building,Surface,3.560349,3.839005,0.000000,0.000000,-22.453320,1.656176,44.671310,356.192600,93.622760,350.818400,104.047200,98.172010,0.300000,1000.000000,0.900730,2468,2740,50.000000,off,,-1,0,0,1,1
1766648258390,2025-12-25 15:37:38.390,465.337000,3.655426,23,10,2,-0.026094,-0.001717,-0.032314,0.217163,0.193436,0.956772,-22.484070,1.656597,44.699700,0.927382,0.220926,-0.301901,0,7.01287413,37.3802109,24.244545,Building,Surface,3.663788,3.820343,0.000000,0.000000,-22.453300,1.656353,44.671750,356.126000,93.481220,350.896900,104.047200,98.172010,0.300000,1000.000000,0.900730,2468,2740,50.000000,off,,-1,0,0,1,1
1766648258400,2025-12-25 15:37:38.400,465.348000,3.666473,23,10,2,-0.026222,-0.001473,-0.032989,0.185822,0.180725,0.965805,-22.484820,1.656975,44.700270,0.939654,0.215506,-0.265666,0,6.81378126,38.3431931,23.9284801,Building,Surface,3.613129,3.751678,0.000000,0.000000,-22.453270,1.656599,44.672300,356.053400,93.257860,350.988100,104.047200,98.172010,0.300000,1000.000000,0.900730,2468,2740,50.000000,off,,-1,0,0,1,1
1766648258411,2025-12-25 15:37:38.411,465.359100,3.677551,23,10,2,-0.026222,-0.001473,-0.032989,0.185822,0.180725,0.965805,-22.485000,1.657208,44.700860,0.940786,0.217467,-0.260001,0,6.85471821,38.4867706,23.8998795,Building,Surface,3.613129,3.751678,0.000000,0.000000,-22.453290,1.656921,44.673080,355.949500,92.924010,351.051500,104.047200,98.172010,0.300000,1000.000000,0.900730,2468,2740,50.000000,off,,-1,0,0,1,1
1766648258423,2025-12-25 15:37:38.423,465.370200,3.688690,23,10,2,-0.015755,-0.000902,-0.033786,0.171768,0.182449,0.968079,-22.486490,1.656429,44.691110,0.944886,0.223724,-0.238972,0,6.98063469,39.0040283,23.797739,Building,Surface,3.696320,3.762848,0.000000,0.000000,-22.453390,1.657347,44.673960,355.829200,92.478200,351.113100,104.047200,98.172010,0.300000,1000.000000,0.900730,2468,2740,50.000000,off,,-1,0,0,1,1
1766648258434,2025-12-25 15:37:38.434,465.381500,3.699921,23,10,2,0.003066,-0.000069,-0.034604,0.142853,0.169968,0.975037,-22.488020,1.654702,44.673190,0.955132,0.219215,-0.199151,0,6.81598949,39.9842987,23.5443325,Building,Surface,3.716797,3.761475,0.000000,0.000000,-22.453470,1.657848,44.675060,355.674500,91.910840,351.192700,104.047200,98.172010,0.300000,1000.000000,0.900730,2468,2740,50.000000,off,,-1,0,0,1,1
1766648258446,2025-12-25 15:37:38.446,465.393900,3.712311,23,10,2,-0.026222,-0.001473,-0.032989,0.185822,0.180725,0.965805,-22.486110,1.658391,44.703170,0.946263,0.225951,-0.231307,0,7.02767849,39.2066078,23.7627144,Building,Surface,3.613129,3.751678,0.000000,0.000000,-22.453590,1.658476,44.676330,355.490900,91.223110,351.286600,104.047200,98.172010,0.300000,1000.000000,0.900730,2468,2740,50.000000,off,,-1,0,0,1,1
1766648258455,2025-12-25 15:37:38.455,465.403500,3.721954,23,10,2,-0.026222,-0.001473,-0.032989,0.185822,0.180725,0.965805,-22.486700,1.658832,44.704200,0.948884,0.229563,-0.216541,0,7.09902668,39.5726013,23.6976929,Building,Surface,3.613129,3.751678,0.000000,0.000000,-22.453790,1.659104,44.677840,355.314500,90.360690,351.473400,104.047200,98.172010,0.300000,1000.000000,0.900730,2468,2740,50.000000,off,,-1,0,0,1,1
1766648258467,2025-12-25 15:37:38.467,465.414900,3.733307,23,10,2,-0.015755,-0.000902,-0.033786,0.171768,0.182449,0.968079,-22.487920,1.658302,44.694920,0.953519,0.237267,-0.185672,0,7.25403976,40.3160019,23.5837574,Building,Surface,3.696320,3.762848,0.000000,0.000000,-22.453960,1.659788,44.679570,355.134200,89.358860,351.691700,104.047200,98.172010,0.300000,1000.000000,0.900730,2468,2740,50.000000,off,,-1,0,0,1,1
1766648258478,2025-12-25 15:37:38.478,465.425600,3.744080,23,10,2,-0.001055,-0.000157,-0.034627,0.145111,0.176315,0.973572,-22.488700,1.657465,44.681470,0.961202,0.238977,-0.137718,0,7.24867535,41.4593582,23.396265,Building,Surface,3.705597,3.669235,0.000000,0.000000,-22.454190,1.660510,44.681510,354.966600,88.162650,351.915000,104.047200,98.172010,0.300000,1000.000000,0.900730,2468,2740,50.000000,off,,-1,0,0,1,1
1766648258489,2025-12-25 15:37:38.489,465.436800,3.755219,23,10,2,-0.001055,-0.000157,-0.034627,0.145111,0.176315,0.973572,-22.488920,1.657982,44.682910,0.963178,0.243553,-0.113826,0,7.34461927,42.025219,23.348505,Building,Surface,3.705597,3.669235,0.000000,0.000000,-22.454440,1.661172,44.683780,354.732300,86.773780,352.143100,104.047200,98.172010,0.300000,1000.000000,0.900730,2468,2740,50.000000,off,,-1,0,0,1,1
1766648258500,2025-12-25 15:37:38.500,465.447800,3.766266,23,10,2,-0.009164,-0.000183,-0.034998,0.140854,0.165360,0.976120,-22.490460,1.659679,44.692490,0.968040,0.237443,-0.080711,0,7.17618895,42.8173332,23.2329254,Building,Surface,3.684509,3.663773,0.000000,0.000000,-22.454880,1.661976,44.686350,354.527900,85.182820,352.308400,104.047200,98.172010,0.300000,1000.000000,0.900730,2468,2740,50.000000,off,,-1,0,0,1,1
1766648258511,2025-12-25 15:37:38.511,465.458900,3.777374,23,10,2,-0.002710,0.000060,-0.035087,0.163315,0.169342,0.971924,-22.490340,1.659621,44.687800,0.967089,0.242965,-0.075447,0,7.30994511,42.9332275,23.255537,Building,Surface,3.661896,3.675552,0.000000,0.000000,-22.455310,1.662721,44.689080,354.251500,83.514320,352.429700,104.047200,98.172010,0.300000,1000.000000,0.900730,2468,2740,50.000000,off,,-1,0,0,1,1
1766648258523,2025-12-25 15:37:38.523,465.470200,3.788635,23,10,2,-0.002710,0.000060,-0.035087,0.163315,0.169342,0.971924,-22.490720,1.660319,44.689690,0.967573,0.248582,-0.044657,0,7.43847752,43.6516571,23.2442913,Building,Surface,3.661896,3.675552,0.000000,0.000000,-22.455760,1.663617,44.692090,353.933700,81.696040,352.535500,104.047200,98.172010,0.300000,1000.000000,0.900730,2468,2740,50.000000,off,,-1,0,0,1,1
1766648258533,2025-12-25 15:37:38.533,465.481300,3.799744,23,10,2,-0.008543,0.000072,-0.035285,0.176163,0.159958,0.971268,-22.492600,1.661653,44.697340,0.969612,0.243482,-0.023459,0,7.309834,44.1531448,23.1973057,Building,Surface,3.598602,3.675247,0.000000,0.000000,-22.456460,1.664429,44.695260,353.604600,79.778050,352.659800,104.047200,98.172010,0.300000,1000.000000,0.900730,2468,2740,50.000000,off,,-1,0,0,1,1
1766648258545,2025-12-25 15:37:38.545,465.492500,3.810944,23,10,2,-0.029798,0.000012,-0.035908,0.093765,0.141693,0.985458,-22.498780,1.664844,44.719660,0.965333,0.242646,0.096192,-12.1809502,4.25833273,45.7477951,10.6883497,Building,Surface,3.641647,3.600647,0.000000,0.000000,-22.457230,1.665316,44.698430,353.319800,77.756330,352.831400,104.047200,98.172010,0.300000,1000.000000,0.900730,2468,2740,50.000000,off,,-0.210435778,0,-0.977607727,1,1
1766648258555,2025-12-25 15:37:38.555,465.503400,3.821899,23,10,2,-0.030555,0.000096,-0.035555,-0.029541,0.111771,0.993286,-22.500370,1.665589,44.722320,0.938078,0.233651,0.255732,-15.7799654,3.33946848,46.55439,7.16395092,Building,Surface,3.534943,3.558258,0.000000,0.000000,-22.458230,1.666099,44.701790,353.063700,75.677830,353.014200,104.047200,98.172010,0.300000,1000.000000,0.900730,2468,2740,50.000000,off,,-0.357468307,0,-0.933925271,1,1
1766648258567,2025-12-25 15:37:38.567,465.514600,3.833069,23,10,2,-0.030555,0.000096,-0.035555,-0.029541,0.111771,0.993286,-22.502250,1.665983,44.724160,0.926484,0.237873,0.291593,-16.1892624,3.28683114,46.7110519,6.81386185,Building,Surface,3.534943,3.558258,0.000000,0.000000,-22.459360,1.666770,44.705240,352.811000,73.484130,353.240900,104.047200,98.172010,0.300000,1000.000000,0.900730,2468,2740,50.000000,off,,-0.357468307,0,-0.933925271,1,1
1766648258578,2025-12-25 15:37:38.578,465.525700,3.844116,23,10,1,-0.029172,-0.000184,-0.037280,-0.463409,0.415695,0.782562,-22.505420,1.665914,44.724160,0.544719,0.562987,0.621515,-19.6148663,4.65340757,48.0222282,5.30638361,Building,Surface,-1.000000,2.925812,0.000000,0.000000,-22.460690,1.667602,44.708750,352.586300,71.206670,353.441400,104.047200,98.172010,0.300000,1000.000000,0.900730,2468,2740,50.000000,off,,-0.357468307,0,-0.933925271,1,1
1766648258589,2025-12-25 15:37:38.589,465.536700,3.855194,23,10,2,-0.029798,0.000012,-0.035908,0.093765,0.141693,0.985458,-22.506410,1.666747,44.727010,0.934072,0.260662,0.244054,-15.6714354,3.57411361,46.5128479,7.31738567,Building,Surface,3.641647,3.600647,0.000000,0.000000,-22.462130,1.668239,44.712380,352.334700,68.877500,353.611500,104.047200,98.172010,0.300000,1000.000000,0.900730,2468,2740,50.000000,off,,-0.357468307,0,-0.933925271,1,1
1766648258600,2025-12-25 15:37:38.600,465.547900,3.866333,23,10,2,-0.029798,0.000012,-0.035908,0.093765,0.141693,0.985458,-22.508530,1.667253,44.728740,0.921582,0.265244,0.283423,-16.1329308,3.50223804,46.6894913,6.91808891,Building,Surface,3.641647,3.600647,0.000000,0.000000,-22.463680,1.668986,44.715980,352.078200,66.438290,353.766400,104.047200,98.172010,0.300000,1000.000000,0.900730,2468,2740,50.000000,off,,-0.357468307,0,-0.933925271,1,1
1766648258612,2025-12-25 15:37:38.612,465.559100,3.877502,23,10,2,-0.030555,0.000096,-0.035555,-0.029541,0.111771,0.993286,-22.510930,1.667848,44.731330,0.860771,0.254403,0.440834,-17.594841,3.12081003,47.2490463,5.71121073,Building,Surface,3.534943,3.558258,0.000000,0.000000,-22.465540,1.669602,44.719730,351.822200,63.918900,353.908400,104.047200,98.172010,0.300000,1000.000000,0.900730,2468,2740,50.000000,off,,-0.357468307,0,-0.933925271,1,1
1766648258623,2025-12-25 15:37:38.623,465.570200,3.888641,23,10,2,-0.029152,-0.000879,-0.035136,-0.336594,0.058655,0.939804,-22.512250,1.667219,44.732200,0.646503,0.229783,0.727462,-19.5950928,2.70404887,48.0146637,4.51213837,Building,Surface,-1.000000,3.325699,0.000000,0.000000,-22.467530,1.670240,44.723480,351.582000,61.367660,354.054300,104.047200,98.172010,0.300000,1000.000000,0.900730,2468,2740,50.000000,off,,-0.357468307,0,-0.933925271,1,1
1766648258633,2025-12-25 15:37:38.633,465.581200,3.899658,23,10,1,0.000000,0.000000,0.000000,0.000000,0.000000,1.000000,0.000000,0.000000,0.000000,0.000000,0.000000,0.000000,,,,,InvalidGaze,InvalidGaze,0.000000,0.000000,0.000000,0.000000,-22.469690,1.670773,44.727190,351.355000,58.767450,354.219800,104.047200,98.172010,0.300000,1000.000000,0.900730,2468,2740,50.000000,off,,,,,0,0
1766648258645,2025-12-25 15:37:38.645,465.592300,3.910797,23,10,1,0.000000,0.000000,0.000000,0.000000,0.000000,1.000000,0.000000,0.000000,0.000000,0.000000,0.000000,0.000000,,,,,InvalidGaze,InvalidGaze,0.000000,0.000000,0.000000,0.000000,-22.472190,1.671275,44.730710,351.168900,56.103700,354.397800,104.047200,98.172010,0.300000,1000.000000,0.900730,2468,2740,50.000000,off,,,,,0,0
1766648258656,2025-12-25 15:37:38.656,465.603400,3.921844,23,10,1,0.000000,0.000000,0.000000,0.000000,0.000000,1.000000,0.000000,0.000000,0.000000,0.000000,0.000000,0.000000,,,,,InvalidGaze,InvalidGaze,0.000000,0.000000,0.000000,0.000000,-22.474600,1.671661,44.734230,350.984700,53.453930,354.602200,104.047200,98.172010,0.300000,1000.000000,0.900730,2468,2740,50.000000,off,,,,,0,0
1766648258667,2025-12-25 15:37:38.667,465.614900,3.933319,23,10,2,-0.027409,0.000021,-0.032028,-0.819763,0.223526,0.527268,-22.519410,1.669306,44.738460,-0.136484,0.376902,0.916135,-23.2220383,3.60962272,49.4547882,5.14803171,Building,Surface,-1.000000,4.904617,0.000000,0.000000,-22.477340,1.671925,44.737560,350.853700,50.791450,354.802900,104.047200,98.172010,0.300000,1000.000000,0.900730,2468,2740,50.000000,off,,-0.457246572,0,-0.889339983,1,1
1766648258678,2025-12-25 15:37:38.678,465.625900,3.944336,23,10,2,-0.027282,0.000378,-0.033451,-0.760819,0.215805,0.612015,-22.523160,1.669412,44.738560,-0.077639,0.375640,0.923496,-22.9059963,3.52168322,49.2922935,4.9309206,Building,Surface,-1.000000,4.549789,0.000000,0.000000,-22.480130,1.672079,44.740700,350.754900,48.102140,355.025500,104.047200,98.172010,0.300000,1000.000000,0.900730,2468,2740,50.000000,off,,-0.457246572,0,-0.889339983,1,1
1766648258689,2025-12-25 15:37:38.689,465.636800,3.955261,23,10,2,-0.027282,0.000378,-0.033451,-0.760819,0.215805,0.612015,-22.525920,1.669452,44.739590,-0.121437,0.373766,0.919528,-23.1432838,3.56960678,49.4142952,5.08375692,Building,Surface,-1.000000,4.549789,0.000000,0.000000,-22.483040,1.672270,44.743710,350.667700,45.429560,355.239300,104.047200,98.172010,0.300000,1000.000000,0.900730,2468,2740,50.000000,off,,-0.457246572,0,-0.889339983,1,1
1766648258700,2025-12-25 15:37:38.700,465.647900,3.966339,23,10,1,0.000000,0.000000,0.000000,0.000000,0.000000,1.000000,0.000000,0.000000,0.000000,0.000000,0.000000,0.000000,,,,,InvalidGaze,InvalidGaze,0.000000,0.000000,0.000000,0.000000,-22.486180,1.672372,44.746480,350.626600,42.729140,355.438800,104.047200,98.172010,0.300000,1000.000000,0.900730,2468,2740,50.000000,off,,,,,0,0
1766648258711,2025-12-25 15:37:38.711,465.659000,3.977448,23,10,2,-0.027409,0.000021,-0.032028,-0.819763,0.223526,0.527268,-22.530780,1.669376,44.742400,-0.307653,0.368266,0.877335,-24.39468,3.90049648,50.0576897,6.05840731,Building,Surface,-1.000000,4.904617,0.000000,0.000000,-22.489300,1.672528,44.749250,350.572000,40.070610,355.600300,104.047200,98.172010,0.300000,1000.000000,0.900730,2468,2740,50.000000,off,,-0.457246572,0,-0.889339983,1,1
1766648258722,2025-12-25 15:37:38.723,465.670100,3.988525,23,10,2,-0.027409,0.000021,-0.032028,-0.819763,0.223526,0.527268,-22.533740,1.669290,44.743020,-0.348875,0.366569,0.862496,-24.7593307,4.00775623,50.2451706,6.37929058,Building,Surface,-1.000000,4.904617,0.000000,0.000000,-22.492640,1.672549,44.751780,350.513100,37.397060,355.758700,104.047200,98.172010,0.300000,1000.000000,0.900730,2468,2740,50.000000,off,,-0.457246572,0,-0.889339983,1,1
1766648258733,2025-12-25 15:37:38.733,465.681200,3.999664,23,10,2,-0.027358,0.000559,-0.033858,-0.822067,0.259323,0.506897,-22.537650,1.669522,44.741900,-0.403076,0.397760,0.824199,-25.3868065,4.4811039,50.5677834,7.06849146,Building,Surface,0.935059,5.269653,0.000000,0.000000,-22.495990,1.672637,44.754130,350.452500,34.773770,355.853200,104.047200,98.172010,0.300000,1000.000000,0.900730,2468,2740,50.000000,off,,-0.457246572,0,-0.889339983,1,1
1766648258745,2025-12-25 15:37:38.745,465.692300,4.010773,23,10,2,-0.027374,0.000806,-0.035099,-0.773331,0.170151,0.610718,-22.541420,1.669449,44.740840,-0.342718,0.323125,0.882101,-24.660183,3.66708302,50.1941948,6.1821332,Building,Surface,4.022675,4.501114,0.000000,0.000000,-22.499690,1.672644,44.756020,350.355800,32.142520,355.977700,104.047200,98.172010,0.300000,1000.000000,0.900730,2468,2740,50.000000,off,,-0.457246572,0,-0.889339983,1,1
1766648258756,2025-12-25 15:37:38.756,465.704100,4.022522,23,10,2,-0.027376,0.002635,-0.040764,-0.713944,0.049377,0.698441,-22.547080,1.670408,44.735860,-0.285026,0.214751,0.934139,-24.1292439,2.86248016,49.9212189,5.55087709,Building,Surface,3.689102,3.890991,0.000000,0.000000,-22.503280,1.672870,44.758070,350.260700,29.571570,356.084700,104.047200,98.172010,0.300000,1000.000000,0.900730,2468,2740,50.000000,off,,-0.457246572,0,-0.889339983,1,1
1766648258767,2025-12-25 15:37:38.767,465.714500,4.032959,23,10,2,-0.027376,0.002635,-0.040764,-0.713944,0.049377,0.698441,-22.549530,1.670347,44.735770,-0.326874,0.214497,0.920390,-24.4496269,2.91720438,50.0859413,5.81285954,Building,Surface,3.689102,3.890991,0.000000,0.000000,-22.506770,1.672968,44.759910,350.133000,27.004610,356.228300,104.047200,98.172010,0.300000,1000.000000,0.900730,2468,2740,50.000000,off,,-0.457246572,0,-0.889339983,1,1
1766648258778,2025-12-25 15:37:38.778,465.725800,4.044281,23,10,2,-0.027834,0.001680,-0.037406,-0.729645,0.211533,0.650269,-22.551060,1.670063,44.738810,-0.403459,0.366456,0.838396,-25.3460293,4.2086935,50.5468216,6.92744255,Building,Surface,4.105255,4.608505,0.000000,0.000000,-22.510360,1.673195,44.761390,349.972800,24.502910,356.381400,104.047200,98.172010,0.300000,1000.000000,0.900730,2468,2740,50.000000,off,,-0.457246572,0,-0.889339983,1,1
1766648258789,2025-12-25 15:37:38.789,465.736800,4.055237,23,10,2,-0.027374,0.000806,-0.035099,-0.773331,0.170151,0.610718,-22.552260,1.669683,44.740750,-0.494760,0.320968,0.807565,-26.4604034,4.20503283,51.1197624,7.89894962,Building,Surface,4.022675,4.501114,0.000000,0.000000,-22.513850,1.673469,44.762940,349.821600,22.042460,356.544500,104.047200,98.172010,0.300000,1000.000000,0.900730,2468,2740,50.000000,off,,-0.457246572,0,-0.889339983,1,1
1766648258800,2025-12-25 15:37:38.800,465.747700,4.066193,23,10,2,-0.027374,0.000806,-0.035099,-0.773331,0.170151,0.610718,-22.555090,1.669683,44.740100,-0.528952,0.320283,0.785873,-27.0547695,4.39426136,51.425354,8.5066452,Building,Surface,4.022675,4.501114,0.000000,0.000000,-22.517640,1.673662,44.763850,349.647600,19.643880,356.727400,104.047200,98.172010,0.300000,1000.000000,0.900730,2468,2740,50.000000,off,,-0.457246572,0,-0.889339983,1,1
1766648258812,2025-12-25 15:37:38.812,465.758900,4.077393,23,10,2,-0.027376,0.002635,-0.040764,-0.713944,0.049377,0.698441,-22.559260,1.670481,44.733970,-0.479141,0.213642,0.851325,-26.0282478,3.21725178,50.8975754,7.23991346,Building,Surface,3.689102,3.890991,0.000000,0.000000,-22.521170,1.673863,44.764890,349.505700,17.266040,356.901200,104.047200,98.172010,0.300000,1000.000000,0.900730,2468,2740,50.000000,off,,-0.457246572,0,-0.889339983,1,1
1766648258823,2025-12-25 15:37:38.823,465.770300,4.088715,23,10,2,0.033703,0.004574,-0.043844,-0.736939,0.052734,0.673889,-22.503340,1.668779,44.714890,-0.542402,0.212868,0.812695,-26.9439545,3.41151857,51.3683777,8.18688393,Building,Surface,3.488983,-1.000000,0.000000,0.000000,-22.524870,1.674058,44.765770,349.375300,14.914680,357.083200,104.047200,98.172010,0.300000,1000.000000,0.900730,2468,2740,50.000000,off,,-0.457246572,0,-0.889339983,1,1
1766648258833,2025-12-25 15:37:38.833,465.781300,4.099701,23,10,2,-0.028140,0.000180,-0.032531,-0.780365,0.269226,0.564392,-22.562830,1.669655,44.741030,-0.639439,0.406165,0.652793,-31.2897243,7.21288395,53.6501808,13.6476727,Building,Surface,4.034637,5.085434,0.000000,0.000000,-22.528370,1.674216,44.766370,349.258100,12.613200,357.251300,104.047200,98.172010,0.300000,1000.000000,0.900730,2468,2740,50.000000,off,,-0.538701534,0,-0.842496634,1,1
1766648258844,2025-12-25 15:37:38.844,465.792300,4.110718,23,10,2,-0.028140,0.000180,-0.032531,-0.780365,0.269226,0.564392,-22.565290,1.669677,44.740200,-0.665897,0.404621,0.626781,-37.9204941,11,59.1934052,23.0593147,Building,Surface,4.034637,5.085434,0.000000,0.000000,-22.531870,1.674390,44.766850,349.149200,10.337880,357.440600,104.047200,98.172010,0.300000,1000.000000,0.900730,2468,2740,50.000000,off,,0,-1,0,1,1
1766648258855,2025-12-25 15:37:38.855,465.803300,4.121735,23,10,2,-0.028059,0.003531,-0.042843,-0.606262,0.116562,0.786652,-22.569020,1.671059,44.728470,-0.489708,0.288023,0.822916,-26.3336124,3.88521576,51.0545769,7.68728018,Building,Surface,3.449081,3.786453,0.000000,0.000000,-22.535340,1.674614,44.767040,349.047400,8.118881,357.668200,104.047200,98.172010,0.300000,1000.000000,0.900730,2468,2740,50.000000,off,,-0.457246572,0,-0.889339983,1,1
1766648258867,2025-12-25 15:37:38.867,465.814400,4.132874,23,10,2,-0.028070,0.003790,-0.043665,-0.603531,0.138748,0.785172,-22.571020,1.671106,44.726570,-0.518472,0.308580,0.797471,-26.8616467,4.22476816,51.3260612,8.27550125,Building,Surface,3.786636,3.775421,0.000000,0.000000,-22.538730,1.674761,44.767230,348.929700,5.925625,357.896300,104.047200,98.172010,0.300000,1000.000000,0.900730,2468,2740,50.000000,off,,-0.457246572,0,-0.889339983,1,1
1766648258878,2025-12-25 15:37:38.878,465.825400,4.143890,23,10,2,-0.028070,0.003790,-0.043665,-0.603531,0.138748,0.785172,-22.572770,1.671055,44.725140,-0.548201,0.307665,0.777697,-27.4327602,4.39861202,51.6196899,8.86532307,Building,Surface,3.786636,3.775421,0.000000,0.000000,-22.541990,1.674912,44.766930,348.813800,3.811579,358.131500,104.047200,98.172010,0.300000,1000.000000,0.900730,2468,2740,50.000000,off,,-0.457246572,0,-0.889339983,1,1
1766648258889,2025-12-25 15:37:38.889,465.836500,4.154968,23,10,2,-0.011441,0.002840,-0.040486,-0.718964,0.166138,0.674881,-22.557830,1.670279,44.726730,-0.694489,0.315265,0.646736,-34.0034943,6.86606884,55.3853912,16.480484,Building,Surface,4.023819,4.353851,0.000000,0.000000,-22.545250,1.675110,44.766690,348.696900,1.750785,358.363000,104.047200,98.172010,0.300000,1000.000000,0.900730,2468,2740,50.000000,off,,-0.538701534,0,-0.842496634,1,1
1766648258900,2025-12-25 15:37:38.900,465.848200,4.166626,23,10,2,-0.001313,0.003754,-0.042849,-0.684876,0.130707,0.716827,-22.549560,1.670768,44.723820,-0.684478,0.286680,0.670287,-32.3707733,5.78418541,54.3414116,14.3483315,Building,Surface,3.718353,4.192322,0.000000,0.000000,-22.548530,1.675552,44.766570,348.566400,359.742100,358.590900,104.047200,98.172010,0.300000,1000.000000,0.900730,2468,2740,50.000000,off,,-0.538701534,0,-0.842496634,1,1
1766648258911,2025-12-25 15:37:38.911,465.858700,4.177155,23,10,2,-0.028070,0.003790,-0.043665,-0.603531,0.138748,0.785172,-22.577830,1.671268,44.721410,-0.629062,0.305687,0.714724,-29.6548882,5.11030102,52.7621765,11.2501459,Building,Surface,3.786636,3.775421,0.000000,0.000000,-22.551570,1.675774,44.766120,348.406200,357.755600,358.837000,104.047200,98.172010,0.300000,1000.000000,0.900730,2468,2740,50.000000,off,,-0.457246542,0,-0.889339924,1,1
1766648258923,2025-12-25 15:37:38.923,465.869800,4.188293,23,10,2,-0.028070,0.003790,-0.043665,-0.603531,0.138748,0.785172,-22.579260,1.671398,44.720120,-0.653221,0.305406,0.692838,-30.6380501,5.4391923,53.2676659,12.3369713,Building,Surface,3.786636,3.775421,0.000000,0.000000,-22.554490,1.676170,44.765640,348.220400,355.842300,359.097400,104.047200,98.172010,0.300000,1000.000000,0.900730,2468,2740,50.000000,off,,-0.457246542,0,-0.889339924,1,1
1766648258933,2025-12-25 15:37:38.933,465.881000,4.199463,23,10,2,-0.011441,0.002840,-0.040486,-0.718964,0.166138,0.674881,-22.564440,1.670973,44.723680,-0.778514,0.309794,0.545820,-46.0083313,11,61.1603088,30.1132813,Building,Surface,4.023819,4.353851,0.000000,0.000000,-22.557290,1.676471,44.764870,348.035600,353.998900,359.399700,104.047200,98.172010,0.300000,1000.000000,0.900730,2468,2740,50.000000,off,,0,-1,0,1,1
1766648258945,2025-12-25 15:37:38.945,465.892000,4.210480,23,10,2,-0.001090,0.003636,-0.042440,-0.664688,0.164490,0.728775,-22.555290,1.671509,44.722140,-0.749773,0.317933,0.580293,-44.5544281,11,61.7485542,29.3407803,Building,Surface,3.911407,4.003143,0.000000,0.000000,-22.559980,1.676903,44.764140,347.820200,352.178000,359.701000,104.047200,98.172010,0.300000,1000.000000,0.900730,2468,2740,50.000000,off,,0,-1,0,1,1
1766648258956,2025-12-25 15:37:38.956,465.903300,4.221710,23,10,2,-0.001090,0.003636,-0.042440,-0.664688,0.164490,0.728775,-22.556650,1.671767,44.721540,-0.768383,0.316595,0.556180,-45.196476,11,61.108963,29.4639683,Building,Surface,3.911407,4.003143,0.000000,0.000000,-22.562620,1.677324,44.763360,347.607800,350.394500,0.040460,104.047200,98.172010,0.300000,1000.000000,0.900730,2468,2740,50.000000,off,,0,-1,0,1,1
1766648258967,2025-12-25 15:37:38.967,465.914800,4.233246,23,10,2,0.026295,0.003956,-0.041917,-0.621155,0.140472,0.770981,-22.531260,1.672571,44.726700,-0.752288,0.301183,0.585943,-45.8290939,11,62.8729477,30.9689579,Building,Surface,3.791794,3.840393,0.000000,0.000000,-22.565250,1.677678,44.762520,347.413700,348.633200,0.369994,104.047200,98.172010,0.300000,1000.000000,0.900730,2468,2740,50.000000,off,,0,-1,0,1,1
1766648258978,2025-12-25 15:37:38.978,465.925400,4.243805,23,10,2,0.029368,0.003751,-0.040995,-0.554871,0.183533,0.811417,-22.529740,1.673019,44.728210,-0.712247,0.351957,0.607284,-41.4045334,11,60.8214417,26.499855,Building,Surface,3.599731,4.349716,0.000000,0.000000,-22.567520,1.678086,44.761440,347.200200,346.980200,0.716531,104.047200,98.172010,0.300000,1000.000000,0.900730,2468,2740,50.000000,off,,0,-1,0,1,1
1766648258989,2025-12-25 15:37:38.989,465.936600,4.255096,23,10,2,0.029621,0.002797,-0.037694,-0.491959,0.182236,0.851318,-22.531840,1.673230,44.731650,-0.679343,0.360132,0.639355,-40.1255875,11,61.2897911,25.8978977,Building,Surface,3.799164,4.003632,0.000000,0.000000,-22.569930,1.678448,44.760420,346.999200,345.328900,1.066058,104.047200,98.172010,0.300000,1000.000000,0.900730,2468,2740,50.000000,off,,0,-1,0,1,1
1766648259000,2025-12-25 15:37:39.000,465.947500,4.265961,23,10,2,0.029621,0.002797,-0.037694,-0.491959,0.182236,0.851318,-22.533070,1.673686,44.731510,-0.697084,0.360110,0.619977,-40.5865097,11,60.7879944,25.8982105,Building,Surface,3.799164,4.003632,0.000000,0.000000,-22.571910,1.678868,44.759280,346.789800,343.789900,1.411413,104.047200,98.172010,0.300000,1000.000000,0.900730,2468,2740,50.000000,off,,0,-1,0,1,1
1766648259011,2025-12-25 15:37:39.011,465.958700,4.277191,23,10,2,0.026295,0.003956,-0.041917,-0.621155,0.140472,0.770981,-22.536320,1.674101,44.726280,-0.815121,0.297060,0.497304,-48.1262207,11,60.3386383,31.3936462,Building,Surface,3.791794,3.840393,0.000000,0.000000,-22.573980,1.679201,44.758210,346.590500,342.283400,1.737269,104.047200,98.172010,0.300000,1000.000000,0.900730,2468,2740,50.000000,off,,0,-1,0,1,1
1766648259023,2025-12-25 15:37:39.023,465.969900,4.288330,23,10,2,0.029368,0.003751,-0.040995,-0.554871,0.183533,0.811417,-22.534880,1.674660,44.728070,-0.776099,0.350344,0.524303,-43.1928329,11,58.6837959,26.6171932,Building,Surface,3.599731,4.349716,0.000000,0.000000,-22.575930,1.679665,44.757180,346.375200,340.838600,2.024755,104.047200,98.172010,0.300000,1000.000000,0.900730,2468,2740,50.000000,off,,0,-1,0,1,1
1766648259033,2025-12-25 15:37:39.033,465.980800,4.299286,23,10,2,0.029368,0.003751,-0.040995,-0.554871,0.183533,0.811417,-22.536030,1.675009,44.727900,-0.788960,0.351149,0.504181,-43.4873772,11,58.1167603,26.5551491,Building,Surface,3.599731,4.349716,0.000000,0.000000,-22.577750,1.680065,44.756020,346.127000,339.447000,2.281271,104.047200,98.172010,0.300000,1000.000000,0.900730,2468,2740,50.000000,off,,0,-1,0,1,1
1766648259045,2025-12-25 15:37:39.045,465.992000,4.310455,23,10,2,0.028739,0.003082,-0.038732,-0.513382,0.174469,0.840225,-22.538600,1.675312,44.729830,-0.773362,0.351893,0.527316,-43.0316391,11,58.7029877,26.4983749,Building,Surface,3.742142,4.621277,0.000000,0.000000,-22.579530,1.680539,44.754980,345.911000,338.072600,2.497926,104.047200,98.172010,0.300000,1000.000000,0.900730,2468,2740,50.000000,off,,0,-1,0,1,1
1766648259056,2025-12-25 15:37:39.056,466.003100,4.321564,23,10,2,0.016873,0.002504,-0.037651,-0.455582,0.170990,0.873612,-22.551030,1.674731,44.726260,-0.745083,0.359370,0.561866,-41.8851395,11,59.3060837,25.9487896,Building,Surface,3.755966,4.071899,0.000000,0.000000,-22.581120,1.680782,44.753940,345.793100,336.770100,2.675454,104.047200,98.172010,0.300000,1000.000000,0.900730,2468,2740,50.000000,off,,0,-1,0,1,1
1766648259066,2025-12-25 15:37:39.066,466.014200,4.332672,23,10,2,-0.002659,0.001892,-0.036842,-0.393585,0.166779,0.904022,-22.570150,1.673475,44.718770,-0.713231,0.366189,0.597652,-40.7355499,11,59.940464,25.4689121,Building,Surface,3.686157,3.942337,0.000000,0.000000,-22.582630,1.680888,44.752790,345.673000,335.513700,2.842253,104.047200,98.172010,0.300000,1000.000000,0.900730,2468,2740,50.000000,off,,0,-1,0,1,1
1766648259078,2025-12-25 15:37:39.078,466.025700,4.344147,23,10,2,-0.002659,0.001892,-0.036842,-0.393585,0.166779,0.904022,-22.570800,1.673590,44.717980,-0.726796,0.366615,0.580811,-41.0599442,11,59.4933777,25.4389973,Building,Surface,3.686157,3.942337,0.000000,0.000000,-22.584020,1.681096,44.751690,345.542900,334.225000,3.060191,104.047200,98.172010,0.300000,1000.000000,0.900730,2468,2740,50.000000,off,,0,-1,0,1,1
1766648259089,2025-12-25 15:37:39.089,466.036600,4.355072,23,10,2,-0.011976,0.001650,-0.036612,-0.292084,0.147476,0.944946,-22.579890,1.672889,44.713400,-0.667776,0.363632,0.649486,-32.686779,7.17651367,54.5434685,15.1350355,Building,Surface,3.627243,3.686966,0.000000,0.000000,-22.585360,1.681144,44.750660,345.462700,332.991400,3.260993,104.047200,98.172010,0.300000,1000.000000,0.900730,2468,2740,50.000000,off,,-0.538701534,0,-0.842496634,1,1
1766648259100,2025-12-25 15:37:39.100,466.047500,4.365967,23,10,2,0.027015,0.001760,-0.035130,-0.124802,0.140045,0.982239,-22.546410,1.675746,44.731500,-0.550222,0.374948,0.746090,-27.7444611,5.21794891,51.7799492,9.44709492,Building,Surface,3.797821,3.830032,0.000000,0.000000,-22.586540,1.681300,44.749550,345.439800,331.842000,3.457242,104.047200,98.172010,0.300000,1000.000000,0.900730,2468,2740,50.000000,off,,-0.457246542,0,-0.889339924,1,1
1766648259111,2025-12-25 15:37:39.111,466.058700,4.377106,23,10,2,-0.002659,0.001892,-0.036842,-0.393585,0.166779,0.904022,-22.572400,1.673720,44.715680,-0.762940,0.364563,0.533851,-42.0899963,11,58.3727036,25.5818291,Building,Surface,3.686157,3.942337,0.000000,0.000000,-22.587660,1.681349,44.748490,345.393200,330.659600,3.683926,104.047200,98.172010,0.300000,1000.000000,0.900730,2468,2740,50.000000,off,,0,-1,0,1,1
1766648259122,2025-12-25 15:37:39.122,466.069800,4.388214,23,10,2,-0.002659,0.001892,-0.036842,-0.393585,0.166779,0.904022,-22.572960,1.673762,44.714960,-0.773580,0.363875,0.518797,-42.400074,11,58.0118942,25.6300945,Building,Surface,3.686157,3.942337,0.000000,0.000000,-22.588850,1.681421,44.747470,345.358500,329.547000,3.859493,104.047200,98.172010,0.300000,1000.000000,0.900730,2468,2740,50.000000,off,,0,-1,0,1,1
1766648259134,2025-12-25 15:37:39.134,466.080900,4.399384,23,10,2,-0.011976,0.001650,-0.036612,-0.292084,0.147476,0.944946,-22.581420,1.672973,44.709760,-0.718640,0.361526,0.594004,-41.1216507,11,60.0345001,25.7988586,Building,Surface,3.627243,3.686966,0.000000,0.000000,-22.589780,1.681454,44.746430,345.348300,328.456600,4.021816,104.047200,98.172010,0.300000,1000.000000,0.900730,2468,2740,50.000000,off,,0,-1,0,1,1
1766648259144,2025-12-25 15:37:39.144,466.091900,4.410370,23,10,2,0.026900,0.001625,-0.034872,-0.105194,0.136047,0.985092,-22.549490,1.676208,44.730590,-0.592666,0.373216,0.713749,-28.8935318,5.67120314,52.3707352,10.7041426,Building,Surface,3.775436,3.809082,0.000000,0.000000,-22.590660,1.681566,44.745390,345.335100,327.406900,4.191687,104.047200,98.172010,0.300000,1000.000000,0.900730,2468,2740,50.000000,off,,-0.457246542,0,-0.889339924,1,1
1766648259155,2025-12-25 15:37:39.155,466.103100,4.421600,23,10,2,0.026900,0.001625,-0.034872,-0.105194,0.136047,0.985092,-22.550140,1.676328,44.730390,-0.605653,0.373278,0.702730,-29.3271885,5.85318041,52.5936966,11.1895523,Building,Surface,3.775436,3.809082,0.000000,0.000000,-22.591570,1.681641,44.744460,345.315800,326.373000,4.319647,104.047200,98.172010,0.300000,1000.000000,0.900730,2468,2740,50.000000,off,,-0.457246542,0,-0.889339924,1,1
1766648259167,2025-12-25 15:37:39.167,466.114500,4.432953,23,10,2,0.018333,0.001523,-0.035148,-0.038177,0.103134,0.993927,-22.557620,1.675619,44.725210,-0.569896,0.348441,0.744173,-28.1003456,5.0645051,51.9629288,9.72578621,Building,Surface,3.800430,3.912140,0.000000,0.000000,-22.592310,1.681679,44.743480,345.322400,325.371800,4.452004,104.047200,98.172010,0.300000,1000.000000,0.900730,2468,2740,50.000000,off,,-0.457246542,0,-0.889339924,1,1
1766648259177,2025-12-25 15:37:39.177,466.125300,4.443756,23,10,2,-0.009193,0.000651,-0.034123,0.016891,0.143005,0.989563,-22.581300,1.673000,44.710360,-0.531316,0.389680,0.752212,-27.4780827,5.26441908,51.6429977,9.21618938,Building,Surface,3.819580,3.884323,0.000000,0.000000,-22.593000,1.681715,44.742550,345.338300,324.424200,4.556434,104.047200,98.172010,0.300000,1000.000000,0.900730,2468,2740,50.000000,off,,-0.457246542,0,-0.889339924,1,1
1766648259189,2025-12-25 15:37:39.189,466.136500,4.454926,23,10,2,-0.009193,0.000651,-0.034123,0.016891,0.143005,0.989563,-22.581330,1.672946,44.709610,-0.543629,0.389287,0.743569,-27.7541542,5.37715101,51.784935,9.51522446,Building,Surface,3.819580,3.884323,0.000000,0.000000,-22.593550,1.681662,44.741610,345.363300,323.503700,4.653559,104.047200,98.172010,0.300000,1000.000000,0.900730,2468,2740,50.000000,off,,-0.457246542,0,-0.889339924,1,1
1766648259200,2025-12-25 15:37:39.200,466.147600,4.466034,23,10,2,-0.028015,0.000205,-0.033774,0.048660,0.154800,0.986740,-22.596800,1.671066,44.698280,-0.526506,0.401571,0.749346,-27.4752865,5.3919363,51.6415558,9.26572514,Building,Surface,3.920410,3.907166,0.000000,0.000000,-22.594090,1.681602,44.740790,345.420300,322.669900,4.720914,104.047200,98.172010,0.300000,1000.000000,0.900730,2468,2740,50.000000,off,,-0.457246542,0,-0.889339924,1,1
1766648259211,2025-12-25 15:37:39.211,466.158700,4.477112,23,10,2,0.000183,0.001991,-0.037508,-0.316711,0.113739,0.941666,-22.571700,1.674063,44.711010,-0.805158,0.320276,0.499120,-46.0166512,11,59.244606,29.118103,Building,Surface,3.724045,3.903122,0.000000,0.000000,-22.594450,1.681532,44.739950,345.479200,321.865000,4.780448,104.047200,98.172010,0.300000,1000.000000,0.900730,2468,2740,50.000000,off,,0,-1,0,1,1
1766648259222,2025-12-25 15:37:39.222,466.169700,4.488190,23,10,2,-0.009193,0.000651,-0.034123,0.016891,0.143005,0.989563,-22.581290,1.672798,44.707730,-0.575334,0.386609,0.720761,-28.56213,5.69176483,52.2003479,10.3952866,Building,Surface,3.819580,3.884323,0.000000,0.000000,-22.594840,1.681446,44.739200,345.530700,321.105600,4.837424,104.047200,98.172010,0.300000,1000.000000,0.900730,2468,2740,50.000000,off,,-0.457246542,0,-0.889339924,1,1
1766648259233,2025-12-25 15:37:39.233,466.180800,4.499268,23,10,2,-0.009193,0.000651,-0.034123,0.016891,0.143005,0.989563,-22.581130,1.672772,44.707180,-0.584820,0.385428,0.713724,-28.8366051,5.79546928,52.3414688,10.6962595,Building,Surface,3.819580,3.884323,0.000000,0.000000,-22.595090,1.681387,44.738490,345.604300,320.382100,4.897282,104.047200,98.172010,0.300000,1000.000000,0.900730,2468,2740,50.000000,off,,-0.457246542,0,-0.889339924,1,1
1766648259244,2025-12-25 15:37:39.244,466.191900,4.510376,23,10,2,-0.028015,0.000205,-0.033774,0.048660,0.154800,0.986740,-22.595700,1.670816,44.695210,-0.565798,0.397726,0.722270,-28.4161263,5.76226616,52.1252823,10.2870464,Building,Surface,3.920410,3.907166,0.000000,0.000000,-22.595180,1.681316,44.737810,345.669100,319.731000,4.941801,104.047200,98.172010,0.300000,1000.000000,0.900730,2468,2740,50.000000,off,,-0.457246542,0,-0.889339924,1,1
1766648259256,2025-12-25 15:37:39.256,466.203200,4.521606,23,10,2,0.000090,0.001776,-0.036912,-0.291473,0.103745,0.950928,-22.571650,1.673884,44.709820,-0.817061,0.310279,0.485924,-47.1302071,11,59.3153305,30.0569477,Building,Surface,3.669800,3.919708,0.000000,0.000000,-22.595310,1.681267,44.737230,345.717700,319.096300,4.970783,104.047200,98.172010,0.300000,1000.000000,0.900730,2468,2740,50.000000,off,,0,-1,0,1,1
1766648259267,2025-12-25 15:37:39.267,466.214500,4.532928,23,10,2,0.029722,0.002068,-0.036205,-0.257813,0.092728,0.961731,-22.549230,1.676829,44.729050,-0.804548,0.304232,0.510036,-47.2045517,11,60.3590698,30.644804,Building,Surface,3.648468,3.801483,0.000000,0.000000,-22.595280,1.681228,44.736710,345.769900,318.517900,4.986201,104.047200,98.172010,0.300000,1000.000000,0.900730,2468,2740,50.000000,off,,0,-1,0,1,1
1766648259278,2025-12-25 15:37:39.278,466.225300,4.543732,23,10,2,0.029722,0.002068,-0.036205,-0.257813,0.092728,0.961731,-22.549120,1.676818,44.728970,-0.809465,0.303583,0.502589,-47.4081879,11,60.1637268,30.7103653,Building,Surface,3.648468,3.801483,0.000000,0.000000,-22.595250,1.681200,44.736190,345.818200,317.975600,4.958701,104.047200,98.172010,0.300000,1000.000000,0.900730,2468,2740,50.000000,off,,0,-1,0,1,1
1766648259289,2025-12-25 15:37:39.289,466.236300,4.554779,23,10,2,0.025259,0.001794,-0.035673,-0.220993,0.101639,0.969955,-22.552580,1.676277,44.726470,-0.790885,0.316837,0.523543,-45.8263512,11,60.1330338,29.4272385,Building,Surface,3.704346,3.827393,0.000000,0.000000,-22.595050,1.681157,44.735770,345.852300,317.469800,4.934537,104.047200,98.172010,0.300000,1000.000000,0.900730,2468,2740,50.000000,off,,0,-1,0,1,1
1766648259300,2025-12-25 15:37:39.300,466.247500,4.565918,23,10,2,0.011162,0.001441,-0.035389,-0.171799,0.113342,0.978577,-22.563140,1.674797,44.717390,-0.762985,0.333954,0.553446,-43.8684464,11,60.1716042,27.9232483,Building,Surface,3.557190,3.731461,0.000000,0.000000,-22.594980,1.681111,44.735420,345.883900,317.017800,4.898524,104.047200,98.172010,0.300000,1000.000000,0.900730,2468,2740,50.000000,off,,0,-1,0,1,1
1766648259311,2025-12-25 15:37:39.311,466.258700,4.577118,23,10,2,0.011162,0.001441,-0.035389,-0.171799,0.113342,0.978577,-22.562730,1.674767,44.717310,-0.767489,0.333442,0.547495,-44.0267792,11,60.0288773,27.9662151,Building,Surface,3.557190,3.731461,0.000000,0.000000,-22.594720,1.681064,44.735090,345.920100,316.559600,4.874643,104.047200,98.172010,0.300000,1000.000000,0.900730,2468,2740,50.000000,off,,0,-1,0,1,1
1766648259322,2025-12-25 15:37:39.322,466.269900,4.588379,23,10,2,0.028736,0.001648,-0.035043,-0.152969,0.087891,0.984299,-22.549720,1.676526,44.729310,-0.764256,0.311263,0.564798,-45.4420052,11,61.6470909,29.9532146,Building,Surface,3.690506,3.817474,0.000000,0.000000,-22.594510,1.681086,44.734790,345.959000,316.147600,4.833949,104.047200,98.172010,0.300000,1000.000000,0.900730,2468,2740,50.000000,off,,0,-1,0,1,1
1766648259333,2025-12-25 15:37:39.333,466.280700,4.599182,23,10,2,-0.013474,0.000546,-0.034081,-0.050003,0.128479,0.990448,-22.580890,1.672273,44.701530,-0.692943,0.360039,0.624657,-40.5333557,11,60.8848648,25.9074745,Building,Surface,3.666031,3.818573,0.000000,0.000000,-22.594220,1.681090,44.734520,345.984500,315.754900,4.789474,104.047200,98.172010,0.300000,1000.000000,0.900730,2468,2740,50.000000,off,,0,-1,0,1,1
1766648259344,2025-12-25 15:37:39.344,466.292000,4.610474,23,10,2,0.011162,0.001441,-0.035389,-0.171799,0.113342,0.978577,-22.561500,1.674855,44.717150,-0.778607,0.332298,0.532281,-44.4112358,11,59.6543427,28.0622311,Building,Surface,3.557190,3.731461,0.000000,0.000000,-22.593850,1.681120,44.734280,346.020800,315.393300,4.717234,104.047200,98.172010,0.300000,1000.000000,0.900730,2468,2740,50.000000,off,,0,-1,0,1,1
1766648259356,2025-12-25 15:37:39.356,466.303100,4.621521,23,10,2,0.011162,0.001441,-0.035389,-0.171799,0.113342,0.978577,-22.561150,1.674810,44.717120,-0.781966,0.332208,0.527390,-44.5111923,11,59.5211334,28.0699577,Building,Surface,3.557190,3.731461,0.000000,0.000000,-22.593610,1.681077,44.734040,346.040200,315.024700,4.643791,104.047200,98.172010,0.300000,1000.000000,0.900730,2468,2740,50.000000,off,,0,-1,0,1,1
1766648259367,2025-12-25 15:37:39.367,466.314500,4.632965,23,10,2,0.028736,0.001648,-0.035043,-0.152969,0.087891,0.984299,-22.548290,1.676444,44.729530,-0.778272,0.310436,0.545794,-45.9227142,11,61.1217728,30.0332775,Building,Surface,3.690506,3.817474,0.000000,0.000000,-22.593190,1.681087,44.733840,346.059100,314.697400,4.534867,104.047200,98.172010,0.300000,1000.000000,0.900730,2468,2740,50.000000,off,,0,-1,0,1,1
1766648259378,2025-12-25 15:37:39.378,466.325600,4.644012,23,10,2,-0.021660,0.000336,-0.033914,-0.033340,0.146317,0.988663,-22.584680,1.671627,44.695420,-0.692376,0.377042,0.615166,-39.7147141,11,59.9152069,24.7406235,Building,Surface,3.731323,3.766159,0.000000,0.000000,-22.592860,1.681085,44.733670,346.073700,314.376200,4.423499,104.047200,98.172010,0.300000,1000.000000,0.900730,2468,2740,50.000000,off,,0,-1,0,1,1
1766648259389,2025-12-25 15:37:39.389,466.336500,4.654938,23,10,2,-0.021660,0.000336,-0.033914,-0.033340,0.146317,0.988663,-22.584000,1.671691,44.695270,-0.695738,0.376604,0.611630,-39.8171158,11,59.8450699,24.7692127,Building,Surface,3.731323,3.766159,0.000000,0.000000,-22.592400,1.681092,44.733490,346.105800,314.057600,4.317046,104.047200,98.172010,0.300000,1000.000000,0.900730,2468,2740,50.000000,off,,0,-1,0,1,1
1766648259399,2025-12-25 15:37:39.399,466.347400,4.665833,23,10,2,-0.019246,0.000358,-0.033847,-0.009811,0.138748,0.990265,-22.581750,1.671928,44.696910,-0.684357,0.371032,0.627664,-39.7870827,11,60.4769363,25.1405201,Building,Surface,3.681717,3.757889,0.000000,0.000000,-22.592010,1.681073,44.733340,346.129200,313.760900,4.229266,104.047200,98.172010,0.300000,1000.000000,0.900730,2468,2740,50.000000,off,,0,-1,0,1,1
1766648259411,2025-12-25 15:37:39.411,466.358600,4.677032,23,10,2,-0.001476,0.000597,-0.033657,0.009323,0.135452,0.990738,-22.568830,1.673487,44.709510,-0.674515,0.368954,0.639452,-39.6194077,11,60.873745,25.2782078,Building,Surface,3.711761,3.817825,0.000000,0.000000,-22.591570,1.681068,44.733180,346.152100,313.499500,4.128984,104.047200,98.172010,0.300000,1000.000000,0.900730,2468,2740,50.000000,off,,0,-1,0,1,1
1766648259421,2025-12-25 15:37:39.421,466.369700,4.688110,23,10,2,-0.009749,0.000445,-0.033828,0.080231,0.143341,0.986404,-22.573880,1.672762,44.703510,-0.624381,0.380142,0.682362,-30.2080173,6.32065582,53.0465698,12.226593,Building,Surface,3.635696,3.727844,0.000000,0.000000,-22.591090,1.681089,44.733070,346.170800,313.209100,4.069231,104.047200,98.172010,0.300000,1000.000000,0.900730,2468,2740,50.000000,off,,-0.457246542,0,-0.889339924,1,1
1766648259434,2025-12-25 15:37:39.434,466.381000,4.699402,23,10,2,-0.009749,0.000445,-0.033828,0.080231,0.143341,0.986404,-22.573340,1.672756,44.703460,-0.627684,0.379988,0.679411,-30.3474941,6.37908316,53.1182785,12.3853188,Building,Surface,3.635696,3.727844,0.000000,0.000000,-22.590710,1.681069,44.732930,346.175200,312.923800,3.999766,104.047200,98.172010,0.300000,1000.000000,0.900730,2468,2740,50.000000,off,,-0.457246542,0,-0.889339924,1,1
1766648259444,2025-12-25 15:37:39.444,466.391800,4.710266,23,10,2,-0.012550,0.000339,-0.033683,0.081360,0.134659,0.987534,-22.574790,1.672536,44.701520,-0.631910,0.371909,0.679962,-30.4418144,6.30265236,53.1667709,12.44944,Building,Surface,3.607864,3.681824,0.000000,0.000000,-22.590250,1.681093,44.732820,346.170400,312.651800,3.923111,104.047200,98.172010,0.300000,1000.000000,0.900730,2468,2740,50.000000,off,,-0.457246542,0,-0.889339924,1,1
1766648259456,2025-12-25 15:37:39.456,466.402900,4.721375,23,10,2,-0.001476,0.000597,-0.033657,0.009323,0.135452,0.990738,-22.566670,1.673532,44.709470,-0.686633,0.368745,0.626545,-39.9333115,11,60.5563354,25.2924118,Building,Surface,3.711761,3.817825,0.000000,0.000000,-22.589880,1.681099,44.732700,346.165000,312.368000,3.854725,104.047200,98.172010,0.300000,1000.000000,0.900730,2468,2740,50.000000,off,,0,-1,0,1,1
1766648259467,2025-12-25 15:37:39.467,466.414300,4.732727,23,10,2,-0.001476,0.000597,-0.033657,0.009323,0.135452,0.990738,-22.566120,1.673574,44.709460,-0.689493,0.368705,0.623420,-40.0069084,11,60.4789276,25.2950439,Building,Surface,3.711761,3.817825,0.000000,0.000000,-22.589450,1.681138,44.732570,346.167400,312.096100,3.780970,104.047200,98.172010,0.300000,1000.000000,0.900730,2468,2740,50.000000,off,,0,-1,0,1,1
1766648259477,2025-12-25 15:37:39.477,466.425100,4.743591,23,10,2,-0.009749,0.000445,-0.033828,0.080231,0.143341,0.986404,-22.571150,1.672891,44.703290,-0.640051,0.379735,0.667918,-30.9153805,6.62342978,53.41082,13.0366802,Building,Surface,3.635696,3.727844,0.000000,0.000000,-22.589080,1.681159,44.732440,346.169100,311.831200,3.705223,104.047200,98.172010,0.300000,1000.000000,0.900730,2468,2740,50.000000,off,,-0.538701534,0,-0.842496634,1,1
1766648259489,2025-12-25 15:37:39.489,466.436300,4.754730,23,10,2,-0.015158,0.000243,-0.033548,0.099442,0.136169,0.985672,-22.574470,1.672467,44.699460,-0.630341,0.373593,0.680499,-30.3957291,6.30799961,53.1430779,12.4078579,Building,Surface,3.590225,3.705002,0.000000,0.000000,-22.588660,1.681182,44.732300,346.177100,311.586800,3.642576,104.047200,98.172010,0.300000,1000.000000,0.900730,2468,2740,50.000000,off,,-0.457246542,0,-0.889339924,1,1
1766648259500,2025-12-25 15:37:39.500,466.447300,4.765778,23,10,2,-0.019038,0.000059,-0.033217,0.117127,0.145584,0.982376,-22.576790,1.672178,44.696740,-0.617646,0.382551,0.687128,-29.9742508,6.25394011,52.9263763,11.9767256,Building,Surface,3.630951,3.748383,0.000000,0.000000,-22.588250,1.681197,44.732140,346.198000,311.345600,3.569113,104.047200,98.172010,0.300000,1000.000000,0.900730,2468,2740,50.000000,off,,-0.457246542,0,-0.889339924,1,1
1766648259511,2025-12-25 15:37:39.511,466.458500,4.776917,23,10,2,-0.019038,0.000059,-0.033217,0.117127,0.145584,0.982376,-22.576310,1.672195,44.696610,-0.620555,0.382035,0.684790,-30.086319,6.29561615,52.9839973,12.1019421,Building,Surface,3.630951,3.748383,0.000000,0.000000,-22.587920,1.681180,44.731970,346.223600,311.106600,3.511584,104.047200,98.172010,0.300000,1000.000000,0.900730,2468,2740,50.000000,off,,-0.457246542,0,-0.889339924,1,1
1766648259522,2025-12-25 15:37:39.522,466.469800,4.788239,23,10,2,-0.020813,0.000015,-0.033190,0.117783,0.151733,0.981369,-22.576970,1.672108,44.695190,-0.621554,0.387102,0.681031,-30.1910057,6.41410685,53.0378189,12.2498827,Building,Surface,3.652496,3.768677,0.000000,0.000000,-22.587540,1.681193,44.731810,346.259900,310.860300,3.450570,104.047200,98.172010,0.300000,1000.000000,0.900730,2468,2740,50.000000,off,,-0.457246542,0,-0.889339924,1,1
1766648259533,2025-12-25 15:37:39.533,466.480600,4.799072,23,10,2,-0.008018,0.000284,-0.033600,0.149887,0.126709,0.980545,-22.567710,1.672971,44.704320,-0.606036,0.363929,0.707295,-29.3279514,5.73254395,52.5940895,11.1547976,Building,Surface,3.550537,3.574539,0.000000,0.000000,-22.587220,1.681122,44.731640,346.291500,310.635200,3.415993,104.047200,98.172010,0.300000,1000.000000,0.900730,2468,2740,50.000000,off,,-0.457246542,0,-0.889339924,1,1
1766648259544,2025-12-25 15:37:39.544,466.491800,4.810272,23,10,2,-0.008018,0.000284,-0.033600,0.149887,0.126709,0.980545,-22.567200,1.672996,44.704220,-0.609262,0.362960,0.705018,-29.431448,5.76228237,52.6473007,11.2664356,Building,Surface,3.550537,3.574539,0.000000,0.000000,-22.586840,1.681111,44.731460,346.346000,310.391400,3.377199,104.047200,98.172010,0.300000,1000.000000,0.900730,2468,2740,50.000000,off,,-0.457246542,0,-0.889339924,1,1
1766648259555,2025-12-25 15:37:39.555,466.503100,4.821564,23,10,2,-0.019038,0.000059,-0.033217,0.117127,0.145584,0.982376,-22.574360,1.672197,44.696130,-0.632246,0.378912,0.675772,-30.5528011,6.45376539,53.223835,12.6190605,Building,Surface,3.630951,3.748383,0.000000,0.000000,-22.586580,1.681027,44.731320,346.397600,310.174500,3.329783,104.047200,98.172010,0.300000,1000.000000,0.900730,2468,2740,50.000000,off,,-0.457246542,0,-0.889339924,1,1
1766648259566,2025-12-25 15:37:39.566,466.514000,4.832428,23,10,2,-0.020813,0.000015,-0.033190,0.117783,0.151733,0.981369,-22.575080,1.672051,44.694670,-0.632990,0.383711,0.672362,-30.6535721,6.56913567,53.2756424,12.76231,Building,Surface,3.652496,3.768677,0.000000,0.000000,-22.586250,1.680975,44.731140,346.454600,309.957900,3.299447,104.047200,98.172010,0.300000,1000.000000,0.900730,2468,2740,50.000000,off,,-0.457246542,0,-0.889339924,1,1
1766648259577,2025-12-25 15:37:39.577,466.525100,4.843506,23,10,2,-0.013733,0.000136,-0.033467,0.165634,0.137726,0.976517,-22.569860,1.672409,44.699700,-0.603058,0.370571,0.706389,-29.2949829,5.80490589,52.5771408,11.1516294,Building,Surface,3.604294,3.651016,0.000000,0.000000,-22.585990,1.680843,44.730960,346.519500,309.750200,3.281232,104.047200,98.172010,0.300000,1000.000000,0.900730,2468,2740,50.000000,off,,-0.457246542,0,-0.889339924,1,1
1766648259589,2025-12-25 15:37:39.589,466.536300,4.854767,23,10,2,-0.013733,0.000136,-0.033467,0.165634,0.137726,0.976517,-22.569420,1.672384,44.699590,-0.605940,0.369248,0.704614,-29.3824863,5.82413483,52.6221237,11.2437344,Building,Surface,3.604294,3.651016,0.000000,0.000000,-22.585680,1.680769,44.730800,346.599700,309.547100,3.265917,104.047200,98.172010,0.300000,1000.000000,0.900730,2468,2740,50.000000,off,,-0.457246542,0,-0.889339924,1,1
1766648259600,2025-12-25 15:37:39.600,466.547300,4.865784,23,10,2,-0.011237,0.000121,-0.033398,0.172226,0.147446,0.973953,-22.567580,1.672428,44.701420,-0.601184,0.376914,0.704628,-29.2809238,5.88137817,52.5699081,11.1667976,Building,Surface,3.599289,3.659851,0.000000,0.000000,-22.585500,1.680618,44.730630,346.695200,309.357700,3.256132,104.047200,98.172010,0.300000,1000.000000,0.900730,2468,2740,50.000000,off,,-0.457246542,0,-0.889339924,1,1
1766648259611,2025-12-25 15:37:39.611,466.558400,4.876862,23,10,2,-0.015498,0.000381,-0.034423,0.169388,0.128342,0.977142,-22.569130,1.672132,44.697360,-0.610900,0.357350,0.706451,-29.4536915,5.69930124,52.658741,11.2693729,Building,Surface,3.576035,3.555725,0.000000,0.000000,-22.585240,1.680478,44.730470,346.789400,309.167000,3.231416,104.047200,98.172010,0.300000,1000.000000,0.900730,2468,2740,50.000000,off,,-0.457246542,0,-0.889339924,1,1
1766648259622,2025-12-25 15:37:39.622,466.569600,4.888062,23,10,2,-0.015498,0.000381,-0.034423,0.169388,0.128342,0.977142,-22.568720,1.672044,44.697240,-0.613218,0.355407,0.705423,-29.5185814,5.7000227,52.6920967,11.3332672,Building,Surface,3.576035,3.555725,0.000000,0.000000,-22.584930,1.680315,44.730320,346.905700,309.022200,3.204109,104.047200,98.172010,0.300000,1000.000000,0.900730,2468,2740,50.000000,off,,-0.457246542,0,-0.889339924,1,1
1766648259633,2025-12-25 15:37:39.633,466.580600,4.899048,23,10,2,-0.003775,0.000507,-0.034358,0.176865,0.124115,0.976364,-22.561000,1.672680,44.706180,-0.610726,0.349632,0.710454,-29.3525276,5.5607338,52.6067238,11.1202688,Building,Surface,3.561615,3.547028,0.000000,0.000000,-22.584730,1.680109,44.730200,347.017200,308.878800,3.168716,104.047200,98.172010,0.300000,1000.000000,0.900730,2468,2740,50.000000,off,,-0.457246542,0,-0.889339924,1,1
1766648259644,2025-12-25 15:37:39.644,466.591700,4.910187,23,10,2,-0.002812,0.000552,-0.034515,0.204788,0.123596,0.970963,-22.559890,1.672663,44.706740,-0.591045,0.347383,0.727993,-28.7023563,5.28285789,52.2724419,10.3924608,Building,Surface,3.543259,3.595184,0.000000,0.000000,-22.584430,1.679959,44.730070,347.135800,308.753800,3.127504,104.047200,98.172010,0.300000,1000.000000,0.900730,2468,2740,50.000000,off,,-0.457246542,0,-0.889339924,1,1
1766648259655,2025-12-25 15:37:39.655,466.602800,4.921234,23,10,2,-0.013582,0.000215,-0.034135,0.225937,0.148010,0.962814,-22.566820,1.671733,44.698670,-0.569542,0.368798,0.734558,-28.2647018,5.36131001,52.0474281,10.0041552,Building,Surface,3.660309,3.634125,0.000000,0.000000,-22.584240,1.679782,44.730000,347.232400,308.670800,3.089803,104.047200,98.172010,0.300000,1000.000000,0.900730,2468,2740,50.000000,off,,-0.457246542,0,-0.889339924,1,1
1766648259666,2025-12-25 15:37:39.666,466.613900,4.932343,23,10,2,-0.013582,0.000215,-0.034135,0.225937,0.148010,0.962814,-22.566470,1.671668,44.698600,-0.570655,0.367437,0.734377,-28.2850952,5.35381508,52.0579147,10.0209961,Building,Surface,3.660309,3.634125,0.000000,0.000000,-22.583930,1.679662,44.729920,347.308900,308.610400,3.048507,104.047200,98.172010,0.300000,1000.000000,0.900730,2468,2740,50.000000,off,,-0.457246542,0,-0.889339924,1,1
1766648259677,2025-12-25 15:37:39.677,466.625100,4.943573,23,10,2,-0.003775,0.000507,-0.034358,0.176865,0.124115,0.976364,-22.559740,1.672318,44.705990,-0.616439,0.343678,0.708422,-29.5010891,5.54226971,52.6831055,11.2602491,Building,Surface,3.561615,3.547028,0.000000,0.000000,-22.583650,1.679536,44.729890,347.360000,308.536600,3.017979,104.047200,98.172010,0.300000,1000.000000,0.900730,2468,2740,50.000000,off,,-0.457246542,0,-0.889339924,1,1
1766648259689,2025-12-25 15:37:39.689,466.636500,4.954956,23,10,2,-0.002812,0.000552,-0.034515,0.204788,0.123596,0.970963,-22.558700,1.672418,44.706550,-0.595141,0.342507,0.726965,-28.7891788,5.25809383,52.3170853,10.4688196,Building,Surface,3.543259,3.595184,0.000000,0.000000,-22.583360,1.679545,44.729810,347.412700,308.524700,2.996284,104.047200,98.172010,0.300000,1000.000000,0.900730,2468,2740,50.000000,off,,-0.457246542,0,-0.889339924,1,1
1766648259700,2025-12-25 15:37:39.700,466.647200,4.965637,23,10,2,-0.002812,0.000552,-0.034515,0.204788,0.123596,0.970963,-22.558410,1.672449,44.706540,-0.595317,0.342304,0.726917,-28.7925892,5.25706768,52.31884,10.471941,Building,Surface,3.543259,3.595184,0.000000,0.000000,-22.583070,1.679571,44.729790,347.420200,308.512000,2.971638,104.047200,98.172010,0.300000,1000.000000,0.900730,2468,2740,50.000000,off,,-0.457246542,0,-0.889339924,1,1
1766648259711,2025-12-25 15:37:39.711,466.658500,4.976959,23,10,2,-0.011824,0.000196,-0.034046,0.228867,0.149597,0.961884,-22.564330,1.671699,44.699940,-0.569748,0.366892,0.735362,-28.2519989,5.33430099,52.0408974,9.98267841,Building,Surface,3.546951,3.620804,0.000000,0.000000,-22.582910,1.679520,44.729810,347.414800,308.497500,2.950348,104.047200,98.172010,0.300000,1000.000000,0.900730,2468,2740,50.000000,off,,-0.457246542,0,-0.889339924,1,1
1766648259722,2025-12-25 15:37:39.722,466.669800,4.988251,23,10,2,0.001762,0.000469,-0.034267,0.244980,0.139786,0.959381,-22.555270,1.672676,44.710270,-0.558509,0.357901,0.748293,-27.8863792,5.08893204,51.8529205,9.54510498,Building,Surface,3.494385,3.609024,0.000000,0.000000,-22.582610,1.679615,44.729810,347.385800,308.524200,2.913310,104.047200,98.172010,0.300000,1000.000000,0.900730,2468,2740,50.000000,off,,-0.457246542,0,-0.889339924,1,1
1766648259733,2025-12-25 15:37:39.733,466.680500,4.998962,23,10,2,-0.002049,0.000626,-0.034323,0.305557,0.214844,0.927612,-22.557440,1.672650,44.707310,-0.484452,0.427517,0.763232,-26.7086945,5.3360281,51.2474213,8.56890965,Building,Surface,3.598679,3.665924,0.000000,0.000000,-22.582410,1.679662,44.729890,347.341000,308.585400,2.859268,104.047200,98.172010,0.300000,1000.000000,0.900730,2468,2740,50.000000,off,,-0.457246542,0,-0.889339924,1,1
1766648259744,2025-12-25 15:37:39.744,466.691700,5.010101,23,10,2,-0.002049,0.000626,-0.034323,0.305557,0.214844,0.927612,-22.557190,1.672713,44.707400,-0.482949,0.428372,0.763705,-26.6853561,5.33436298,51.2354202,8.54777336,Building,Surface,3.598679,3.665924,0.000000,0.000000,-22.582120,1.679768,44.730010,347.264900,308.658100,2.803649,104.047200,98.172010,0.300000,1000.000000,0.900730,2468,2740,50.000000,off,,-0.457246542,0,-0.889339924,1,1
1766648259755,2025-12-25 15:37:39.755,466.702800,5.021240,23,10,2,-0.021948,0.000627,-0.035004,0.334564,0.239685,0.911362,-22.569080,1.671690,44.691700,-0.446828,0.451038,0.772575,-26.2133751,5.35031509,50.9927559,8.15575886,Building,Surface,3.617966,3.665359,0.000000,0.000000,-22.581880,1.679861,44.730130,347.195500,308.758200,2.740760,104.047200,98.172010,0.300000,1000.000000,0.900730,2468,2740,50.000000,off,,-0.457246542,0,-0.889339924,1,1
1766648259766,2025-12-25 15:37:39.766,466.713900,5.032349,23,10,2,-0.022513,0.000664,-0.035062,0.328217,0.233902,0.915176,-22.569150,1.671799,44.691360,-0.452520,0.446670,0.771813,-26.2854271,5.34003353,51.0298004,8.21233654,Building,Surface,3.622101,3.576340,0.000000,0.000000,-22.581560,1.679991,44.730290,347.123300,308.870000,2.677792,104.047200,98.172010,0.300000,1000.000000,0.900730,2468,2740,50.000000,off,,-0.457246542,0,-0.889339924,1,1
1766648259777,2025-12-25 15:37:39.777,466.725000,5.043457,23,10,2,-0.022513,0.000664,-0.035062,0.328217,0.233902,0.915176,-22.568940,1.671887,44.691510,-0.450186,0.447674,0.772596,-26.252285,5.33468151,51.0127602,8.18176937,Building,Surface,3.622101,3.576340,0.000000,0.000000,-22.581260,1.680110,44.730450,347.030800,308.993100,2.613639,104.047200,98.172010,0.300000,1000.000000,0.900730,2468,2740,50.000000,off,,-0.457246542,0,-0.889339924,1,1
1766648259789,2025-12-25 15:37:39.789,466.736100,5.054596,23,10,2,-0.002049,0.000626,-0.034323,0.305557,0.214844,0.927612,-22.556260,1.673034,44.707790,-0.474299,0.431997,0.767077,-26.5491066,5.30976868,51.1653671,8.41837692,Building,Surface,3.598679,3.665924,0.000000,0.000000,-22.580980,1.680272,44.730570,346.936400,309.131400,2.551313,104.047200,98.172010,0.300000,1000.000000,0.900730,2468,2740,50.000000,off,,-0.457246542,0,-0.889339924,1,1
1766648259800,2025-12-25 15:37:39.800,466.747300,5.065704,23,10,2,-0.021948,0.000627,-0.035004,0.334564,0.239685,0.911362,-22.568240,1.672127,44.692280,-0.437301,0.455155,0.775606,-26.0826797,5.33005095,50.92556,8.03650475,Building,Surface,3.617966,3.665359,0.000000,0.000000,-22.580680,1.680430,44.730800,346.820800,309.260900,2.501567,104.047200,98.172010,0.300000,1000.000000,0.900730,2468,2740,50.000000,off,,-0.457246542,0,-0.889339924,1,1
1766648259811,2025-12-25 15:37:39.811,466.758400,5.076874,23,10,2,-0.013262,0.000843,-0.035219,0.333527,0.238434,0.912079,-22.562320,1.672755,44.698970,-0.435817,0.455684,0.776140,-26.0489197,5.31829214,50.9082031,8.00005436,Building,Surface,3.636841,3.605957,0.000000,0.000000,-22.580410,1.680596,44.731030,346.697400,309.413200,2.472137,104.047200,98.172010,0.300000,1000.000000,0.900730,2468,2740,50.000000,off,,-0.457246542,0,-0.889339924,1,1
1766648259821,2025-12-25 15:37:39.821,466.769600,5.088043,23,10,2,-0.013262,0.000843,-0.035219,0.333527,0.238434,0.912079,-22.562130,1.672885,44.699190,-0.432980,0.457413,0.776712,-26.0130959,5.31858349,50.8897858,7.97017574,Building,Surface,3.636841,3.605957,0.000000,0.000000,-22.580130,1.680798,44.731290,346.564500,309.557600,2.436557,104.047200,98.172010,0.300000,1000.000000,0.900730,2468,2740,50.000000,off,,-0.457246542,0,-0.889339924,1,1
1766648259833,2025-12-25 15:37:39.833,466.780500,5.098999,23,10,2,0.003437,0.001158,-0.035502,0.340622,0.224045,0.913101,-22.550970,1.673902,44.711940,-0.428066,0.446162,0.785922,-25.8780098,5.14158916,50.8203316,7.77216196,Building,Surface,3.634064,3.631516,0.000000,0.000000,-22.579910,1.680983,44.731590,346.403800,309.725200,2.412979,104.047200,98.172010,0.300000,1000.000000,0.900730,2468,2740,50.000000,off,,-0.457246542,0,-0.889339924,1,1
1766648259844,2025-12-25 15:37:39.844,466.791700,5.110107,23,10,2,0.005439,0.001234,-0.035670,0.343857,0.221893,0.912415,-22.549340,1.674176,44.713540,-0.422267,0.446111,0.789082,-25.7942696,5.10233593,50.7772751,7.68445015,Building,Surface,3.651947,3.650208,0.000000,0.000000,-22.579630,1.681229,44.731860,346.259900,309.918600,2.409598,104.047200,98.172010,0.300000,1000.000000,0.900730,2468,2740,50.000000,off,,-0.457246542,0,-0.889339924,1,1
1766648259855,2025-12-25 15:37:39.855,466.802700,5.121155,23,10,2,0.005439,0.001234,-0.035670,0.343857,0.221893,0.912415,-22.549190,1.674282,44.713790,-0.418555,0.448035,0.789969,-25.7497101,5.1002264,50.7543678,7.64650202,Building,Surface,3.651947,3.650208,0.000000,0.000000,-22.579400,1.681424,44.732220,346.116200,310.122600,2.382037,104.047200,98.172010,0.300000,1000.000000,0.900730,2468,2740,50.000000,off,,-0.457246542,0,-0.889339924,1,1
1766648259866,2025-12-25 15:37:39.866,466.814000,5.132416,23,10,2,0.002712,0.001150,-0.035620,0.338501,0.218658,0.915192,-22.550810,1.674207,44.712040,-0.420795,0.447599,0.789023,-25.7821445,5.1113739,50.7710419,7.67900991,Building,Surface,3.684677,3.649780,0.000000,0.000000,-22.579110,1.681625,44.732570,345.959300,310.331400,2.376967,104.047200,98.172010,0.300000,1000.000000,0.900730,2468,2740,50.000000,off,,-0.457246542,0,-0.889339924,1,1
1766648259877,2025-12-25 15:37:39.877,466.824900,5.143372,23,10,2,-0.006733,0.000993,-0.035601,0.320374,0.222031,0.920898,-22.556900,1.673764,44.705240,-0.432113,0.453619,0.779422,-25.9746723,5.2616353,50.8700333,7.90939999,Building,Surface,3.740295,3.650330,0.000000,0.000000,-22.578850,1.681798,44.732940,345.810200,310.575000,2.362111,104.047200,98.172010,0.300000,1000.000000,0.900730,2468,2740,50.000000,off,,-0.457246542,0,-0.889339924,1,1
1766648259889,2025-12-25 15:37:39.889,466.836200,5.154663,23,10,2,0.005439,0.001234,-0.035670,0.343857,0.221893,0.912415,-22.548590,1.674533,44.714600,-0.405984,0.454546,0.792804,-25.6027908,5.09406185,50.678833,7.52285433,Building,Surface,3.651947,3.650208,0.000000,0.000000,-22.578530,1.681958,44.733360,345.657000,310.830900,2.360753,104.047200,98.172010,0.300000,1000.000000,0.900730,2468,2740,50.000000,off,,-0.457246542,0,-0.889339924,1,1
1766648259900,2025-12-25 15:37:39.900,466.847100,5.165588,23,10,2,0.005439,0.001234,-0.035670,0.343857,0.221893,0.912415,-22.548370,1.674628,44.714900,-0.401413,0.456540,0.793986,-25.5497475,5.08819008,50.6515579,7.47693539,Building,Surface,3.651947,3.650208,0.000000,0.000000,-22.578210,1.682141,44.733790,345.514600,311.098100,2.350687,104.047200,98.172010,0.300000,1000.000000,0.900730,2468,2740,50.000000,off,,-0.457246542,0,-0.889339924,1,1
1766648259911,2025-12-25 15:37:39.911,466.858600,5.177032,23,10,2,0.002712,0.001150,-0.035620,0.338501,0.218658,0.915192,-22.550100,1.674577,44.713260,-0.402787,0.455825,0.793698,-25.5685902,5.09053659,50.6612434,7.49390459,Building,Surface,3.684677,3.649780,0.000000,0.000000,-22.577960,1.682351,44.734260,345.376600,311.379300,2.339800,104.047200,98.172010,0.300000,1000.000000,0.900730,2468,2740,50.000000,off,,-0.457246542,0,-0.889339924,1,1
1766648259922,2025-12-25 15:37:39.922,466.869800,5.188232,23,10,2,-0.004561,0.001018,-0.035597,0.317627,0.216476,0.923157,-22.554800,1.674323,44.708210,-0.417885,0.456648,0.785374,-25.7802048,5.19891739,50.7700424,7.71827936,Building,Surface,3.690079,3.650177,0.000000,0.000000,-22.577610,1.682580,44.734680,345.251400,311.687400,2.324869,104.047200,98.172010,0.300000,1000.000000,0.900730,2468,2740,50.000000,off,,-0.457246542,0,-0.889339924,1,1
1766648259933,2025-12-25 15:37:39.933,466.880500,5.198914,23,10,2,-0.004561,0.001018,-0.035597,0.317627,0.216476,0.923157,-22.554690,1.674397,44.708520,-0.412350,0.458581,0.787172,-25.7114105,5.18504286,50.7346764,7.65533447,Building,Surface,3.690079,3.650177,0.000000,0.000000,-22.577330,1.682739,44.735100,345.105200,312.022900,2.287477,104.047200,98.172010,0.300000,1000.000000,0.900730,2468,2740,50.000000,off,,-0.457246542,0,-0.889339924,1,1
1766648259944,2025-12-25 15:37:39.944,466.891600,5.210022,23,10,2,-0.002703,0.000967,-0.035425,0.308334,0.205109,0.928894,-22.553380,1.674592,44.710300,-0.418739,0.450669,0.788377,-25.768856,5.13525772,50.7642097,7.6788888,Building,Surface,3.716492,3.692780,0.000000,0.000000,-22.576970,1.682956,44.735530,344.954400,312.381200,2.235147,104.047200,98.172010,0.300000,1000.000000,0.900730,2468,2740,50.000000,off,,-0.457246542,0,-0.889339924,1,1
1766648259955,2025-12-25 15:37:39.955,466.902700,5.221130,23,10,2,-0.000227,0.000982,-0.035405,0.305435,0.202698,0.930374,-22.551540,1.674826,44.712430,-0.416062,0.450335,0.789977,-25.7277355,5.11265755,50.7430687,7.6338377,Building,Surface,3.717056,3.744385,0.000000,0.000000,-22.576640,1.683161,44.736000,344.814400,312.758300,2.166974,104.047200,98.172010,0.300000,1000.000000,0.900730,2468,2740,50.000000,off,,-0.457246542,0,-0.889339924,1,1
1766648259966,2025-12-25 15:37:39.966,466.913900,5.232330,23,10,2,-0.003689,0.000833,-0.035137,0.306961,0.201019,0.930237,-22.553930,1.674702,44.710390,-0.408393,0.450781,0.793716,-25.6328354,5.07317638,50.6942749,7.53898239,Building,Surface,3.747162,3.677719,0.000000,0.000000,-22.576240,1.683332,44.736410,344.644900,313.170200,2.078925,104.047200,98.172010,0.300000,1000.000000,0.900730,2468,2740,50.000000,off,,-0.457246542,0,-0.889339924,1,1
1766648259977,2025-12-25 15:37:39.977,466.924900,5.243347,23,10,2,-0.003689,0.000833,-0.035137,0.306961,0.201019,0.930237,-22.553710,1.674841,44.710680,-0.401375,0.452807,0.796140,-25.5484867,5.05336475,50.6509094,7.46119404,Building,Surface,3.747162,3.677719,0.000000,0.000000,-22.575800,1.683569,44.736840,344.469600,313.591800,1.970919,104.047200,98.172010,0.300000,1000.000000,0.900730,2468,2740,50.000000,off,,-0.457246542,0,-0.889339924,1,1
1766648259988,2025-12-25 15:37:39.988,466.936100,5.254517,23,10,2,-0.002678,0.000868,-0.035226,0.283951,0.188385,0.940140,-22.552690,1.675019,44.711610,-0.418543,0.444969,0.791710,-25.746315,5.07028103,50.7526207,7.63025856,Building,Surface,3.722687,3.653778,0.000000,0.000000,-22.575330,1.683821,44.737280,344.261800,314.065800,1.831140,104.047200,98.172010,0.300000,1000.000000,0.900730,2468,2740,50.000000,off,,-0.457246542,0,-0.889339924,1,1
1766648259999,2025-12-25 15:37:39.999,466.947100,5.265564,23,10,2,-0.008969,0.000628,-0.034730,0.299912,0.214798,0.929459,-22.557260,1.674936,44.707810,-0.387073,0.470605,0.792896,-25.4284019,5.16567945,50.5891647,7.41748428,Building,Surface,3.652039,3.821915,0.000000,0.000000,-22.574820,1.684140,44.737710,344.031600,314.552900,1.686074,104.047200,98.172010,0.300000,1000.000000,0.900730,2468,2740,50.000000,off,,-0.457246542,0,-0.889339924,1,1
1766648260011,2025-12-25 15:37:40.011,466.958300,5.276733,23,10,2,-0.008969,0.000628,-0.034730,0.299912,0.214798,0.929459,-22.557010,1.675126,44.708100,-0.378259,0.473486,0.795430,-25.3295174,5.14561653,50.5383301,7.32957649,Building,Surface,3.652039,3.821915,0.000000,0.000000,-22.574280,1.684454,44.738120,343.777500,315.061300,1.522852,104.047200,98.172010,0.300000,1000.000000,0.900730,2468,2740,50.000000,off,,-0.457246542,0,-0.889339924,1,1
1766648260022,2025-12-25 15:37:40.022,466.969800,5.288239,23,10,2,0.003322,0.000951,-0.035073,0.244522,0.149994,0.957962,-22.547530,1.675851,44.716660,-0.439754,0.421302,0.793159,-25.95298,4.93840885,50.8588753,7.7439127,Building,Surface,3.668243,3.663513,0.000000,0.000000,-22.573630,1.684822,44.738580,343.506000,315.589700,1.354131,104.047200,98.172010,0.300000,1000.000000,0.900730,2468,2740,50.000000,off,,-0.457246572,0,-0.889339983,1,1
1766648260033,2025-12-25 15:37:40.033,466.980400,5.298889,23,10,2,-0.002678,0.000868,-0.035226,0.283951,0.188385,0.940140,-22.551420,1.675765,44.712600,-0.383079,0.457257,0.802587,-25.3328991,4.99584198,50.5400658,7.26077843,Building,Surface,3.722687,3.653778,0.000000,0.000000,-22.573010,1.685153,44.738960,343.225800,316.132500,1.180462,104.047200,98.172010,0.300000,1000.000000,0.900730,2468,2740,50.000000,off,,-0.457246572,0,-0.889339983,1,1
1766648260044,2025-12-25 15:37:40.044,466.991600,5.310059,23,10,2,-0.002678,0.000868,-0.035226,0.283951,0.188385,0.940140,-22.551010,1.675945,44.712830,-0.373234,0.460934,0.805119,-25.2271805,4.98094463,50.485714,7.17015219,Building,Surface,3.722687,3.653778,0.000000,0.000000,-22.572320,1.685506,44.739360,342.919200,316.694900,1.002444,104.047200,98.172010,0.300000,1000.000000,0.900730,2468,2740,50.000000,off,,-0.457246572,0,-0.889339983,1,1
1766648260055,2025-12-25 15:37:40.055,467.002700,5.321106,23,10,2,-0.008969,0.000628,-0.034730,0.299912,0.214798,0.929459,-22.555620,1.675928,44.709220,-0.339293,0.487272,0.804627,-24.926178,5.08037949,50.3309555,6.98668098,Building,Surface,3.652039,3.821915,0.000000,0.000000,-22.571620,1.685850,44.739760,342.575900,317.262200,0.807298,104.047200,98.172010,0.300000,1000.000000,0.900730,2468,2740,50.000000,off,,-0.457246542,0,-0.889339924,1,1
1766648260066,2025-12-25 15:37:40.066,467.013800,5.332214,23,10,2,-0.004796,0.000787,-0.034886,0.232956,0.150162,0.960815,-22.551980,1.676308,44.712110,-0.411297,0.439065,0.798774,-25.6320515,4.96432686,50.6938744,7.48861933,Building,Surface,3.673370,3.639984,0.000000,0.000000,-22.570870,1.686272,44.740120,342.199400,317.834800,0.613427,104.047200,98.172010,0.300000,1000.000000,0.900730,2468,2740,50.000000,off,,-0.457246572,0,-0.889339983,1,1
1766648260077,2025-12-25 15:37:40.077,467.025000,5.343475,23,10,2,0.001828,0.001072,-0.035335,0.206863,0.143509,0.967773,-22.546270,1.676745,44.716260,-0.426084,0.439841,0.790547,-25.820179,5.05635834,50.790596,7.68360901,Building,Surface,3.486710,3.641296,0.000000,0.000000,-22.570130,1.686747,44.740420,341.807300,318.424400,0.395474,104.047200,98.172010,0.300000,1000.000000,0.900730,2468,2740,50.000000,off,,-0.457246542,0,-0.889339924,1,1
1766648260089,2025-12-25 15:37:40.089,467.036100,5.354553,23,10,2,0.001828,0.001072,-0.035335,0.206863,0.143509,0.967773,-22.545810,1.677042,44.716390,-0.415577,0.445951,0.792714,-25.6969795,5.05852985,50.7272568,7.5825386,Building,Surface,3.486710,3.641296,0.000000,0.000000,-22.569380,1.687319,44.740720,341.353700,318.998000,0.161918,104.047200,98.172010,0.300000,1000.000000,0.900730,2468,2740,50.000000,off,,-0.457246542,0,-0.889339924,1,1
1766648260100,2025-12-25 15:37:40.100,467.047100,5.365540,23,10,2,-0.002015,0.000977,-0.035060,0.193390,0.125885,0.973007,-22.548460,1.677357,44.714220,-0.422205,0.437078,0.794164,-25.7633343,5.00548267,50.7613716,7.61445475,Building,Surface,3.621384,3.590515,0.000000,0.000000,-22.568610,1.687904,44.740990,340.899400,319.574700,359.915100,104.047200,98.172010,0.300000,1000.000000,0.900730,2468,2740,50.000000,off,,-0.457246542,0,-0.889339924,1,1
1766648260111,2025-12-25 15:37:40.111,467.058500,5.376923,23,10,2,-0.005482,0.000886,-0.034878,0.169891,0.128067,0.977097,-22.550890,1.677631,44.712270,-0.431300,0.447084,0.783631,-25.9263725,5.17664051,50.845192,7.82621574,Building,Surface,3.514236,3.649796,0.000000,0.000000,-22.567930,1.688451,44.741250,340.420100,320.170300,359.634800,104.047200,98.172010,0.300000,1000.000000,0.900730,2468,2740,50.000000,off,,-0.457246542,0,-0.889339924,1,1
1766648260122,2025-12-25 15:37:40.122,467.069700,5.388184,23,10,2,-0.006600,0.000797,-0.034512,0.102860,0.097046,0.989945,-22.551530,1.677978,44.711980,-0.487075,0.429788,0.760281,-26.7530937,5.38537693,51.2702484,8.62605762,Building,Surface,3.499390,3.623474,0.000000,0.000000,-22.567130,1.689004,44.741490,339.930400,320.744800,359.365700,104.047200,98.172010,0.300000,1000.000000,0.900730,2468,2740,50.000000,off,,-0.457246542,0,-0.889339924,1,1
1766648260133,2025-12-25 15:37:40.133,467.080400,5.398865,23,10,2,-0.006600,0.000797,-0.034512,0.102860,0.097046,0.989945,-22.551080,1.678224,44.712040,-0.476828,0.437062,0.762627,-26.6034584,5.39264584,51.1933136,8.49856663,Building,Surface,3.499390,3.623474,0.000000,0.000000,-22.566330,1.689502,44.741630,339.433700,321.318800,359.080700,104.047200,98.172010,0.300000,1000.000000,0.900730,2468,2740,50.000000,off,,-0.457246542,0,-0.889339924,1,1
1766648260144,2025-12-25 15:37:40.144,467.091500,5.409943,23,10,2,-0.007305,0.000791,-0.034543,0.085770,0.089005,0.992325,-22.551140,1.678532,44.711620,-0.483368,0.437949,0.757986,-26.7240562,5.45934963,51.2553177,8.63295078,Building,Surface,3.413391,3.636444,0.000000,0.000000,-22.565510,1.690063,44.741740,338.939500,321.880700,358.792300,104.047200,98.172010,0.300000,1000.000000,0.900730,2468,2740,50.000000,off,,-0.457246542,0,-0.889339924,1,1
1766648260155,2025-12-25 15:37:40.155,467.102600,5.421051,23,10,2,-0.005482,0.000886,-0.034878,0.169891,0.128067,0.977097,-22.549090,1.678749,44.712470,-0.389136,0.474216,0.789731,-25.4503651,5.2143569,50.6004639,7.45562744,Building,Surface,3.514236,3.649796,0.000000,0.000000,-22.564770,1.690617,44.741810,338.427600,322.425700,358.514300,104.047200,98.172010,0.300000,1000.000000,0.900730,2468,2740,50.000000,off,,-0.457246542,0,-0.889339924,1,1
1766648260166,2025-12-25 15:37:40.166,467.113700,5.432129,23,10,2,-0.005482,0.000886,-0.034878,0.169891,0.128067,0.977097,-22.548710,1.679102,44.712530,-0.379192,0.481116,0.790394,-25.3482628,5.23115635,50.547966,7.38288355,Building,Surface,3.514236,3.649796,0.000000,0.000000,-22.564070,1.691236,44.741930,337.921100,322.942300,358.260700,104.047200,98.172010,0.300000,1000.000000,0.900730,2468,2740,50.000000,off,,-0.457246542,0,-0.889339924,1,1
1766648260177,2025-12-25 15:37:40.177,467.124800,5.443237,23,10,2,-0.006600,0.000797,-0.034512,0.102860,0.097046,0.989945,-22.549390,1.679508,44.712140,-0.438161,0.466978,0.768072,-26.0986328,5.46217394,50.9337654,8.10026169,Building,Surface,3.499390,3.623474,0.000000,0.000000,-22.563350,1.691836,44.741950,337.382200,323.402900,358.029100,104.047200,98.172010,0.300000,1000.000000,0.900730,2468,2740,50.000000,off,,-0.457246542,0,-0.889339924,1,1
1766648260188,2025-12-25 15:37:40.188,467.136000,5.454437,23,10,2,-0.010912,0.000419,-0.033588,0.092865,0.098068,0.990830,-22.553100,1.680017,44.710320,-0.437785,0.476482,0.762426,-26.138319,5.58213902,50.9541664,8.1893816,Building,Surface,3.521576,3.678024,0.000000,0.000000,-22.562730,1.692459,44.741940,336.844300,323.832300,357.822000,104.047200,98.172010,0.300000,1000.000000,0.900730,2468,2740,50.000000,off,,-0.457246542,0,-0.889339924,1,1
1766648260199,2025-12-25 15:37:40.199,467.146900,5.465393,23,10,2,-0.015718,0.000631,-0.034555,0.047577,0.060577,0.997025,-22.556010,1.680375,44.706640,-0.479485,0.453712,0.751153,-26.7421913,5.6415453,51.2646408,8.73054695,Building,Surface,3.444489,3.556885,0.000000,0.000000,-22.562090,1.693068,44.741910,336.342400,324.229500,357.629300,104.047200,98.172010,0.300000,1000.000000,0.900730,2468,2740,50.000000,off,,-0.457246542,0,-0.889339924,1,1
1766648260211,2025-12-25 15:37:40.211,467.158300,5.476715,23,10,2,-0.015718,0.000631,-0.034555,0.047577,0.060577,0.997025,-22.555710,1.680716,44.706630,-0.472547,0.461078,0.751065,-26.652935,5.67850018,51.21875,8.67048073,Building,Surface,3.444489,3.556885,0.000000,0.000000,-22.561530,1.693641,44.741860,335.859000,324.580000,357.472800,104.047200,98.172010,0.300000,1000.000000,0.900730,2468,2740,50.000000,off,,-0.457246542,0,-0.889339924,1,1
1766648260222,2025-12-25 15:37:40.222,467.169600,5.488068,23,10,2,-0.015111,0.000296,-0.033674,0.047607,0.064499,0.996780,-22.555490,1.681033,44.707660,-0.464935,0.471360,0.749435,-26.5676384,5.74862576,51.1748962,8.62947559,Building,Surface,3.415070,3.629639,0.000000,0.000000,-22.560990,1.694140,44.741720,335.410300,324.900100,357.346800,104.047200,98.172010,0.300000,1000.000000,0.900730,2468,2740,50.000000,off,,-0.457246542,0,-0.889339924,1,1
1766648260233,2025-12-25 15:37:40.233,467.180300,5.498779,23,10,2,-0.011359,0.000301,-0.033644,0.017105,0.041473,0.998978,-22.552260,1.681132,44.709780,-0.491799,0.458862,0.739965,-26.9952564,5.82657051,51.3947525,9.03402996,Building,Surface,3.526443,3.658905,0.000000,0.000000,-22.560590,1.694581,44.741570,335.008100,325.161100,357.254900,104.047200,98.172010,0.300000,1000.000000,0.900730,2468,2740,50.000000,off,,-0.457246542,0,-0.889339924,1,1
1766648260243,2025-12-25 15:37:40.243,467.191600,5.510010,23,10,2,-0.011359,0.000301,-0.033644,0.017105,0.041473,0.998978,-22.552050,1.681389,44.709670,-0.487089,0.464728,0.739420,-26.9356136,5.86371183,51.36409,8.99937057,Building,Surface,3.526443,3.658905,0.000000,0.000000,-22.560200,1.695029,44.741430,334.627700,325.387700,357.179900,104.047200,98.172010,0.300000,1000.000000,0.900730,2468,2740,50.000000,off,,-0.457246542,0,-0.889339924,1,1
1766648260255,2025-12-25 15:37:40.255,467.202700,5.521118,23,10,2,-0.015221,-0.000100,-0.033092,-0.031891,-0.033005,0.998932,-22.555420,1.681594,44.707790,-0.544619,0.404787,0.734513,-27.832943,5.60410213,51.8254433,9.69016361,Building,Surface,3.474167,3.666046,0.000000,0.000000,-22.559920,1.695348,44.741210,334.308600,325.543300,357.147300,104.047200,98.172010,0.300000,1000.000000,0.900730,2468,2740,50.000000,off,,-0.457246542,0,-0.889339924,1,1
1766648260266,2025-12-25 15:37:40.266,467.213700,5.532135,23,10,2,-0.023313,-0.000277,-0.032994,-0.026703,-0.030899,0.999161,-22.561940,1.682050,44.703060,-0.537415,0.411187,0.736275,-27.717207,5.62645149,51.7659416,9.59267426,Building,Surface,3.464905,3.650406,0.000000,0.000000,-22.559660,1.695708,44.741010,334.017400,325.647500,357.138700,104.047200,98.172010,0.300000,1000.000000,0.900730,2468,2740,50.000000,off,,-0.457246542,0,-0.889339924,1,1
1766648260278,2025-12-25 15:37:40.278,467.225800,5.544250,23,10,2,-0.011359,0.000301,-0.033644,0.017105,0.041473,0.998978,-22.551680,1.681904,44.709110,-0.478634,0.478152,0.736376,-26.8480644,5.97396183,51.3190765,8.97620678,Building,Surface,3.526443,3.658905,0.000000,0.000000,-22.559520,1.696005,44.740750,333.754600,325.727400,357.146500,104.047200,98.172010,0.300000,1000.000000,0.900730,2468,2740,50.000000,off,,-0.457246542,0,-0.889339924,1,1
1766648260288,2025-12-25 15:37:40.288,467.236000,5.554413,23,10,2,-0.011359,0.000301,-0.033644,0.017105,0.041473,0.998978,-22.551630,1.682058,44.708930,-0.477592,0.481341,0.734974,-26.846405,6.01053905,51.318222,8.99241543,Building,Surface,3.526443,3.658905,0.000000,0.000000,-22.559440,1.696276,44.740520,333.547100,325.733800,357.182500,104.047200,98.172010,0.300000,1000.000000,0.900730,2468,2740,50.000000,off,,-0.457246542,0,-0.889339924,1,1
1766648260299,2025-12-25 15:37:40.299,467.247000,5.565491,23,10,2,-0.015221,-0.000100,-0.033092,-0.031891,-0.033005,0.998932,-22.555200,1.682201,44.707020,-0.539034,0.419554,0.730335,-27.7944431,5.7601347,51.8056488,9.71955109,Building,Surface,3.474167,3.666046,0.000000,0.000000,-22.559480,1.696461,44.740270,333.376600,325.682200,357.227100,104.047200,98.172010,0.300000,1000.000000,0.900730,2468,2740,50.000000,off,,-0.457246542,0,-0.889339924,1,1
1766648260310,2025-12-25 15:37:40.310,467.258100,5.576569,23,10,2,-0.023289,-0.000268,-0.033220,-0.037842,-0.022446,0.999023,-22.561740,1.682492,44.702090,-0.541517,0.431391,0.721557,-27.95467,5.97868538,51.8880272,9.95884991,Building,Surface,3.481827,3.556732,0.000000,0.000000,-22.559510,1.696704,44.740030,333.240300,325.581300,357.286200,104.047200,98.172010,0.300000,1000.000000,0.900730,2468,2740,50.000000,off,,-0.457246542,0,-0.889339924,1,1
1766648260322,2025-12-25 15:37:40.322,467.269300,5.587708,23,10,2,-0.023289,-0.000268,-0.033220,-0.037842,-0.022446,0.999023,-22.561870,1.682554,44.701880,-0.543072,0.433501,0.719119,-28.0104313,6.03180504,51.9166946,10.0327663,Building,Surface,3.481827,3.556732,0.000000,0.000000,-22.559740,1.696871,44.739780,333.102500,325.409800,357.377300,104.047200,98.172010,0.300000,1000.000000,0.900730,2468,2740,50.000000,off,,-0.457246542,0,-0.889339924,1,1
1766648260333,2025-12-25 15:37:40.333,467.280300,5.598755,23,10,2,-0.014385,-0.000145,-0.033405,-0.057678,-0.079391,0.995163,-22.554730,1.682270,44.706640,-0.576422,0.383435,0.721592,-28.5260239,5.65436697,52.1817856,10.3591337,Building,Surface,3.450516,3.520691,0.000000,0.000000,-22.560050,1.696998,44.739470,332.997900,325.177000,357.462500,104.047200,98.172010,0.300000,1000.000000,0.900730,2468,2740,50.000000,off,,-0.457246542,0,-0.889339924,1,1
1766648260343,2025-12-25 15:37:40.343,467.291500,5.609985,23,10,2,0.014089,0.000307,-0.033912,-0.103043,-0.122986,0.987030,-22.531540,1.681497,44.722690,-0.624823,0.344264,0.700750,-29.738081,5.65214491,52.8049545,11.5335693,Building,Surface,3.409286,3.577881,0.000000,0.000000,-22.560350,1.697209,44.739180,332.893000,324.894600,357.564100,104.047200,98.172010,0.300000,1000.000000,0.900730,2468,2740,50.000000,off,,-0.457246542,0,-0.889339924,1,1
1766648260355,2025-12-25 15:37:40.355,467.302600,5.621002,23,10,2,-0.007213,-0.000417,-0.033156,-0.101425,-0.138596,0.985138,-22.549660,1.682129,44.710670,-0.631626,0.330316,0.701379,-29.9259338,5.53963661,52.901535,11.6781864,Building,Surface,3.454117,3.563736,0.000000,0.000000,-22.560880,1.697378,44.738840,332.831000,324.504700,357.659000,104.047200,98.172010,0.300000,1000.000000,0.900730,2468,2740,50.000000,off,,-0.457246542,0,-0.889339924,1,1
1766648260366,2025-12-25 15:37:40.366,467.313600,5.632050,23,10,2,-0.007213,-0.000417,-0.033156,-0.101425,-0.138596,0.985138,-22.550040,1.682301,44.710400,-0.636948,0.330963,0.696243,-30.1480637,5.63029194,53.0157433,11.9287577,Building,Surface,3.454117,3.563736,0.000000,0.000000,-22.561470,1.697589,44.738460,332.779300,324.040300,357.779100,104.047200,98.172010,0.300000,1000.000000,0.900730,2468,2740,50.000000,off,,-0.457246542,0,-0.889339924,1,1
1766648260377,2025-12-25 15:37:40.377,467.324700,5.643188,23,10,2,-0.014385,-0.000145,-0.033405,-0.057678,-0.079391,0.995163,-22.556010,1.682827,44.705440,-0.596256,0.387252,0.703203,-29.1807251,5.98539877,52.5183945,11.1104078,Building,Surface,3.450516,3.520691,0.000000,0.000000,-22.562230,1.697799,44.738000,332.732500,323.467300,357.936800,104.047200,98.172010,0.300000,1000.000000,0.900730,2468,2740,50.000000,off,,-0.457246542,0,-0.889339924,1,1
1766648260388,2025-12-25 15:37:40.388,467.335800,5.654297,23,10,2,0.014089,0.000307,-0.033912,-0.103043,-0.122986,0.987030,-22.533700,1.682342,44.722050,-0.648944,0.346334,0.677419,-30.7997437,6.09383392,53.3507996,12.737505,Building,Surface,3.409286,3.577881,0.000000,0.000000,-22.563100,1.698035,44.737470,332.712500,322.785400,358.082900,104.047200,98.172010,0.300000,1000.000000,0.900730,2468,2740,50.000000,off,,-0.457246542,0,-0.889339924,1,1
1766648260400,2025-12-25 15:37:40.400,467.347000,5.665466,23,10,2,0.014089,0.000307,-0.033912,-0.103043,-0.122986,0.987030,-22.534440,1.682580,44.721870,-0.657882,0.346469,0.668672,-31.3677769,6.33459711,53.7000809,13.4267483,Building,Surface,3.409286,3.577881,0.000000,0.000000,-22.564060,1.698252,44.736900,332.688200,322.001700,358.240000,104.047200,98.172010,0.300000,1000.000000,0.900730,2468,2740,50.000000,off,,-0.538701534,0,-0.842496634,1,1
1766648260411,2025-12-25 15:37:40.411,467.358000,5.676483,23,10,2,-0.012250,-0.000527,-0.033073,-0.084106,-0.147965,0.985397,-22.556330,1.683121,44.705640,-0.660506,0.322546,0.677991,-31.2379379,5.9226203,53.6170616,13.1437092,Building,Surface,3.415680,3.374039,0.000000,0.000000,-22.565200,1.698452,44.736140,332.704100,321.096200,358.394600,104.047200,98.172010,0.300000,1000.000000,0.900730,2468,2740,50.000000,off,,-0.538701534,0,-0.842496634,1,1
1766648260422,2025-12-25 15:37:40.422,467.369700,5.688110,23,10,2,-0.018474,-0.000681,-0.032932,-0.081146,-0.152191,0.985001,-22.561800,1.683352,44.701170,-0.671222,0.317556,0.669770,-31.9592037,6.12927818,54.0782471,14.0002518,Building,Surface,3.402084,3.471939,0.000000,0.000000,-22.566350,1.698621,44.735410,332.750700,320.078500,358.554200,104.047200,98.172010,0.300000,1000.000000,0.900730,2468,2740,50.000000,off,,-0.538701534,0,-0.842496634,1,1
1766648260433,2025-12-25 15:37:40.433,467.380200,5.698639,23,10,2,-0.011911,-0.000598,-0.032913,-0.080719,-0.166412,0.982742,-22.557580,1.683404,44.704620,-0.687458,0.302050,0.660423,-33.0229301,6.28158712,54.7584076,15.2231865,Building,Surface,3.443665,3.447495,0.000000,0.000000,-22.567730,1.698724,44.734410,332.846200,318.928000,358.739000,104.047200,98.172010,0.300000,1000.000000,0.900730,2468,2740,50.000000,off,,-0.538701534,0,-0.842496634,1,1
1766648260444,2025-12-25 15:37:40.444,467.391400,5.709839,23,10,2,-0.011911,-0.000598,-0.032913,-0.080719,-0.166412,0.982742,-22.558280,1.683475,44.703840,-0.700985,0.300321,0.646853,-34.4275742,6.76860905,55.6565552,16.9322395,Building,Surface,3.443665,3.447495,0.000000,0.000000,-22.569050,1.698785,44.733430,332.935300,317.740900,358.931600,104.047200,98.172010,0.300000,1000.000000,0.900730,2468,2740,50.000000,off,,-0.538701534,0,-0.842496634,1,1
1766648260455,2025-12-25 15:37:40.455,467.402500,5.720947,23,10,2,-0.024766,-0.000461,-0.033563,-0.149948,-0.146759,0.977737,-22.567870,1.683419,44.693650,-0.755647,0.314289,0.574641,-44.9677887,11,61.7279358,29.6432419,Building,Surface,3.270767,3.351044,0.000000,0.000000,-22.570480,1.698713,44.732370,333.050800,316.472000,359.148500,104.047200,98.172010,0.300000,1000.000000,0.900730,2468,2740,50.000000,off,,0,-1,0,1,1
1766648260467,2025-12-25 15:37:40.467,467.414200,5.732635,23,10,2,-0.021649,0.000077,-0.034780,-0.311188,-0.115662,0.943268,-22.565270,1.683262,44.693810,-0.850938,0.325207,0.412449,-46.9434853,11,56.5099144,28.6481991,Building,Surface,3.322632,3.508286,0.000000,0.000000,-22.571910,1.698667,44.731190,333.193600,315.152500,359.372700,104.047200,98.172010,0.300000,1000.000000,0.900730,2468,2740,50.000000,off,,0,-1,0,1,1
1766648260477,2025-12-25 15:37:40.477,467.424800,5.743256,23,10,2,-0.021649,0.000077,-0.034780,-0.311188,-0.115662,0.943268,-22.565900,1.683087,44.692710,-0.861332,0.321937,0.392980,-47.4929924,11,56.0656166,28.9397373,Building,Surface,3.322632,3.508286,0.000000,0.000000,-22.573450,1.698498,44.729910,333.329700,313.764300,359.608700,104.047200,98.172010,0.300000,1000.000000,0.900730,2468,2740,50.000000,off,,0,-1,0,1,1
1766648260488,2025-12-25 15:37:40.488,467.435900,5.754303,23,10,2,0.002783,0.001101,-0.037896,-0.680130,-0.188599,0.708405,-22.547630,1.682456,44.707490,-0.988635,0.148970,-0.019810,-30.1535416,2.82853365,44.5550842,7.69328213,Building,Surface,3.321457,3.843994,0.000000,0.000000,-22.574930,1.698389,44.728610,333.495700,312.348800,359.848400,104.047200,98.172010,0.300000,1000.000000,0.900730,2468,2740,50.000000,off,,0.43113488,0,0.902287483,1,1
1766648260499,2025-12-25 15:37:40.499,467.446900,5.765350,23,10,2,-0.024766,-0.000461,-0.033563,-0.149948,-0.146759,0.977737,-22.570160,1.682893,44.688910,-0.809680,0.302060,0.503162,-47.5449142,11,60.209053,30.845129,Building,Surface,3.270767,3.351044,0.000000,0.000000,-22.576520,1.698226,44.727180,333.663200,310.895900,0.078746,104.047200,98.172010,0.300000,1000.000000,0.900730,2468,2740,50.000000,off,,0,-1,0,1,1
1766648260511,2025-12-25 15:37:40.511,467.458000,5.776459,23,10,2,-0.021649,0.000077,-0.034780,-0.311188,-0.115662,0.943268,-22.567820,1.682661,44.689160,-0.891154,0.310350,0.330905,-49.3220711,11,54.6236,30.021595,Building,Surface,3.322632,3.508286,0.000000,0.000000,-22.578170,1.698035,44.725700,333.845800,309.436500,0.331087,104.047200,98.172010,0.300000,1000.000000,0.900730,2468,2740,50.000000,off,,0,-1,0,1,1
1766648260521,2025-12-25 15:37:40.521,467.469300,5.787720,23,10,2,-0.021649,0.000077,-0.034780,-0.311188,-0.115662,0.943268,-22.568410,1.682543,44.687960,-0.900166,0.306330,0.309569,-49.9482269,11,54.1039352,30.4159451,Building,Surface,3.322632,3.508286,0.000000,0.000000,-22.579680,1.697903,44.724230,334.025800,307.984400,0.576599,104.047200,98.172010,0.300000,1000.000000,0.900730,2468,2740,50.000000,off,,0,-1,0,1,1
1766648260533,2025-12-25 15:37:40.533,467.480200,5.798615,23,10,2,0.002909,0.001206,-0.038395,-0.698914,-0.216553,0.681610,-22.551270,1.682130,44.703990,-0.986553,0.091949,-0.135003,-28.7033081,2.25551391,43.8621292,6.23578882,Building,Surface,3.336929,3.883240,0.000000,0.000000,-22.581210,1.697696,44.722570,334.233000,306.521700,0.851711,104.047200,98.172010,0.300000,1000.000000,0.900730,2468,2740,50.000000,off,,0.43113488,0,0.902287483,1,1
1766648260544,2025-12-25 15:37:40.544,467.491400,5.809814,23,10,2,0.002940,0.000447,-0.036271,-0.751770,-0.225266,0.619736,-22.554050,1.682303,44.704450,-0.971763,0.050639,-0.230409,-27.8196774,1.95669723,43.4559517,5.41856623,Building,Surface,3.476822,4.064194,0.000000,0.000000,-22.582690,1.697495,44.720990,334.442300,305.086500,1.144349,104.047200,98.172010,0.300000,1000.000000,0.900730,2468,2740,50.000000,off,,0.393442094,0,0.919349432,1,1
1766648260555,2025-12-25 15:37:40.555,467.502500,5.820923,23,10,2,0.002940,0.000447,-0.036271,-0.751770,-0.225266,0.619736,-22.555100,1.682263,44.703500,-0.966672,0.044515,-0.252067,-27.6378498,1.91632247,43.3781357,5.25792027,Building,Surface,3.476822,4.064194,0.000000,0.000000,-22.584190,1.697316,44.719370,334.659100,303.679400,1.451378,104.047200,98.172010,0.300000,1000.000000,0.900730,2468,2740,50.000000,off,,0.393442094,0,0.919349432,1,1
1766648260566,2025-12-25 15:37:40.566,467.513500,5.832001,23,10,2,0.033338,0.001464,-0.037356,-0.764694,-0.273712,0.583359,-22.538350,1.683510,44.727290,-0.956903,-0.021942,-0.289548,-27.3724403,1.57266319,43.2645493,5.05176592,Building,Surface,3.589340,3.975464,0.000000,0.000000,-22.585620,1.697086,44.717780,334.905400,302.275400,1.787107,104.047200,98.172010,0.300000,1000.000000,0.900730,2468,2740,50.000000,off,,0.393442094,0,0.919349432,1,1
1766648260577,2025-12-25 15:37:40.577,467.524700,5.843201,23,10,2,0.033183,0.001251,-0.036735,-0.738998,-0.284470,0.610687,-22.540460,1.683661,44.726920,-0.961837,-0.026584,-0.272294,-27.5052681,1.54643965,43.3213959,5.16174889,Building,Surface,3.535385,4.095398,0.000000,0.000000,-22.586970,1.696829,44.716180,335.158200,300.917500,2.151511,104.047200,98.172010,0.300000,1000.000000,0.900730,2468,2740,50.000000,off,,0.393442094,0,0.919349432,1,1
1766648260588,2025-12-25 15:37:40.588,467.535700,5.854187,23,10,2,0.033183,0.001251,-0.036735,-0.738998,-0.284470,0.610687,-22.542010,1.683751,44.726350,-0.955791,-0.033538,-0.292096,-27.3527946,1.51494396,43.2561455,5.03325367,Building,Surface,3.535385,4.095398,0.000000,0.000000,-22.588380,1.696588,44.714610,335.407000,299.585400,2.496383,104.047200,98.172010,0.300000,1000.000000,0.900730,2468,2740,50.000000,off,,0.393442094,0,0.919349432,1,1
1766648260599,2025-12-25 15:37:40.599,467.546800,5.865265,23,10,2,0.032793,0.001583,-0.037946,-0.686173,-0.297394,0.663864,-22.542540,1.683584,44.724690,-0.970643,-0.028537,-0.238810,-27.7757492,1.5297271,43.437149,5.39146662,Building,Surface,3.417480,3.967651,0.000000,0.000000,-22.589650,1.696277,44.712950,335.684900,298.302900,2.860972,104.047200,98.172010,0.300000,1000.000000,0.900730,2468,2740,50.000000,off,,0.393442094,0,0.919349432,1,1
1766648260611,2025-12-25 15:37:40.611,467.558000,5.876465,23,10,2,0.032254,0.000922,-0.035549,-0.562317,-0.282593,0.777115,-22.546360,1.683940,44.724730,-0.994017,0.029917,-0.104893,-29.0682621,1.88023019,44.0365105,6.56105042,Building,Surface,3.249756,3.670334,0.000000,0.000000,-22.590890,1.695921,44.711370,335.969900,297.056400,3.219537,104.047200,98.172010,0.300000,1000.000000,0.900730,2468,2740,50.000000,off,,0.43113488,0,0.902287483,1,1
1766648260622,2025-12-25 15:37:40.622,467.569100,5.887543,23,10,2,0.033183,0.001251,-0.036735,-0.738998,-0.284470,0.610687,-22.546160,1.683820,44.724280,-0.936658,-0.056033,-0.345706,-26.9689827,1.4192369,43.0918846,4.72187138,Building,Surface,3.535385,4.095398,0.000000,0.000000,-22.592040,1.695580,44.709810,336.266100,295.886400,3.552490,104.047200,98.172010,0.300000,1000.000000,0.900730,2468,2740,50.000000,off,,0.393442094,0,0.919349432,1,1
1766648260633,2025-12-25 15:37:40.633,467.580200,5.898651,23,10,2,0.033183,0.001251,-0.036735,-0.738998,-0.284470,0.610687,-22.547450,1.683805,44.723610,-0.930088,-0.063534,-0.361774,-26.8611279,1.38913918,43.0457268,4.63787985,Building,Surface,3.535385,4.095398,0.000000,0.000000,-22.593150,1.695203,44.708320,336.580200,294.762700,3.874734,104.047200,98.172010,0.300000,1000.000000,0.900730,2468,2740,50.000000,off,,0.393442094,0,0.919349432,1,1
1766648260643,2025-12-25 15:37:40.643,467.591300,5.909729,23,10,2,0.032793,0.001583,-0.037946,-0.686173,-0.297394,0.663864,-22.547830,1.683596,44.722060,-0.949931,-0.058066,-0.307002,-27.2370167,1.3969624,43.2065926,4.9363203,Building,Surface,3.417480,3.967651,0.000000,0.000000,-22.594300,1.694848,44.706860,336.886200,293.685200,4.168513,104.047200,98.172010,0.300000,1000.000000,0.900730,2468,2740,50.000000,off,,0.393442094,0,0.919349432,1,1
1766648260655,2025-12-25 15:37:40.655,467.602400,5.920837,23,10,2,0.032079,0.001243,-0.036563,-0.523361,-0.277237,0.805740,-22.550610,1.683723,44.721260,-0.991561,0.020186,-0.127998,-28.8102379,1.81115532,43.9132195,6.31285286,Building,Surface,3.275879,3.563293,0.000000,0.000000,-22.595340,1.694462,44.705380,337.188400,292.670100,4.448541,104.047200,98.172010,0.300000,1000.000000,0.900730,2468,2740,50.000000,off,,0.43113488,0,0.902287483,1,1
1766648260667,2025-12-25 15:37:40.667,467.614000,5.932495,23,10,2,0.031550,0.001251,-0.036566,-0.463028,-0.301682,0.833405,-22.551980,1.683616,44.720050,-0.997283,0.006093,-0.073206,-29.4405365,1.72570252,44.2143936,6.90721989,Building,Surface,3.188553,3.597626,0.000000,0.000000,-22.596320,1.694069,44.703970,337.500700,291.699800,4.699143,104.047200,98.172010,0.300000,1000.000000,0.900730,2468,2740,50.000000,off,,0.43113488,0,0.902287483,1,1
1766648260677,2025-12-25 15:37:40.677,467.624600,5.943024,23,10,2,0.031550,0.001251,-0.036566,-0.463028,-0.301682,0.833405,-22.553070,1.683498,44.719310,-0.996104,-0.000059,-0.088016,-29.2574501,1.68310094,44.1269073,6.73050165,Building,Surface,3.188553,3.597626,0.000000,0.000000,-22.597230,1.693661,44.702550,337.797200,290.767900,4.911482,104.047200,98.172010,0.300000,1000.000000,0.900730,2468,2740,50.000000,off,,0.43113488,0,0.902287483,1,1
1766648260688,2025-12-25 15:37:40.688,467.635700,5.954102,23,10,2,0.030260,0.001228,-0.036482,-0.415451,-0.301300,0.858261,-22.554710,1.683260,44.717450,-0.998692,0.007630,-0.050496,-29.7336826,1.73810732,44.3544655,7.18835068,Building,Surface,3.232376,3.513062,0.000000,0.000000,-22.598130,1.693248,44.701210,338.089700,289.879100,5.090482,104.047200,98.172010,0.300000,1000.000000,0.900730,2468,2740,50.000000,off,,0.43113488,0,0.902287483,1,1
1766648260699,2025-12-25 15:37:40.699,467.646900,5.965302,23,10,2,0.029666,0.001002,-0.035703,-0.362015,-0.314743,0.877411,-22.556680,1.683160,44.716450,-0.999965,0.001512,-0.006028,-30.392395,1.69500792,44.6692123,7.83586597,Building,Surface,3.167908,3.403870,0.000000,0.000000,-22.598950,1.692889,44.699880,338.367700,289.040100,5.213662,104.047200,98.172010,0.300000,1000.000000,0.900730,2468,2740,50.000000,off,,0.43113488,0,0.902287483,1,1
1766648260711,2025-12-25 15:37:40.711,467.658000,5.976471,23,10,2,0.029666,0.001002,-0.035703,-0.362015,-0.314743,0.877411,-22.557720,1.682994,44.715710,-0.999792,-0.003232,-0.019327,-30.1812782,1.65834951,44.5683365,7.62502337,Building,Surface,3.167908,3.403870,0.000000,0.000000,-22.599810,1.692523,44.698580,338.624900,288.243400,5.308167,104.047200,98.172010,0.300000,1000.000000,0.900730,2468,2740,50.000000,off,,0.43113488,0,0.902287483,1,1
1766648260722,2025-12-25 15:37:40.722,467.669100,5.987518,23,10,2,-0.000777,-0.000034,-0.033743,-0.208695,-0.253494,0.944550,-22.570750,1.679952,44.687150,-0.989144,0.086573,0.118685,-33.0652199,2.59846091,45.9463577,10.6095791,Building,Surface,3.320602,3.376312,0.000000,0.000000,-22.600510,1.692207,44.697330,338.885000,287.485200,5.382220,104.047200,98.172010,0.300000,1000.000000,0.900730,2468,2740,50.000000,off,,0.43113488,0,0.902287483,1,1
1766648260734,2025-12-25 15:37:40.734,467.680800,5.999268,23,10,2,0.030260,0.001228,-0.036482,-0.415451,-0.301300,0.858261,-22.558420,1.682618,44.714630,-0.994718,-0.010994,-0.102020,-29.0862808,1.61046982,44.0451202,6.56249905,Building,Surface,3.232376,3.513062,0.000000,0.000000,-22.601110,1.691811,44.696170,339.120800,286.800200,5.413142,104.047200,98.172010,0.300000,1000.000000,0.900730,2468,2740,50.000000,off,,0.43113488,0,0.902287483,1,1
1766648260743,2025-12-25 15:37:40.744,467.691400,6.009888,23,10,2,0.029666,0.001002,-0.035703,-0.362015,-0.314743,0.877411,-22.560220,1.682465,44.713670,-0.998321,-0.015868,-0.055422,-29.6604958,1.56960833,44.3194962,7.11210346,Building,Surface,3.167908,3.403870,0.000000,0.000000,-22.601790,1.691492,44.695050,339.349200,286.127400,5.439637,104.047200,98.172010,0.300000,1000.000000,0.900730,2468,2740,50.000000,off,,0.43113488,0,0.902287483,1,1
1766648260755,2025-12-25 15:37:40.755,467.702600,6.021027,23,10,2,0.029666,0.001002,-0.035703,-0.362015,-0.314743,0.877411,-22.560930,1.682291,44.713010,-0.997603,-0.019396,-0.066184,-29.5180893,1.54702568,44.2514496,6.97376442,Building,Surface,3.167908,3.403870,0.000000,0.000000,-22.602320,1.691185,44.693950,339.560700,285.507400,5.447952,104.047200,98.172010,0.300000,1000.000000,0.900730,2468,2740,50.000000,off,,0.43113488,0,0.902287483,1,1
1766648260766,2025-12-25 15:37:40.766,467.713700,6.032104,23,10,2,0.010891,0.000264,-0.033915,-0.203018,-0.266556,0.942184,-22.568910,1.680397,44.695060,-0.994849,0.059218,0.082152,-32.0923157,2.24727416,45.4814835,9.57262135,Building,Surface,3.321487,3.240417,0.000000,0.000000,-22.602870,1.690924,44.692920,339.744200,284.926600,5.431804,104.047200,98.172010,0.300000,1000.000000,0.900730,2468,2740,50.000000,off,,0.43113488,0,0.902287483,1,1
1766648260777,2025-12-25 15:37:40.777,467.724700,6.043182,23,10,2,0.023847,0.000610,-0.034075,-0.184158,-0.259628,0.947983,-22.565560,1.681666,44.706660,-0.993689,0.066356,0.090401,-32.3298264,2.33369875,45.5949631,9.82624912,Building,Surface,3.341415,3.371536,0.000000,0.000000,-22.603390,1.690681,44.691900,339.922600,284.358900,5.411591,104.047200,98.172010,0.300000,1000.000000,0.900730,2468,2740,50.000000,off,,0.43113488,0,0.902287483,1,1
1766648260788,2025-12-25 15:37:40.788,467.735800,6.054260,23,10,2,0.023847,0.000610,-0.034075,-0.184158,-0.259628,0.947983,-22.566160,1.681519,44.706080,-0.994644,0.064029,0.081093,-32.0955124,2.29495978,45.4830055,9.58063316,Building,Surface,3.341415,3.371536,0.000000,0.000000,-22.603870,1.690472,44.690970,340.066300,283.835700,5.356529,104.047200,98.172010,0.300000,1000.000000,0.900730,2468,2740,50.000000,off,,0.43113488,0,0.902287483,1,1
1766648260800,2025-12-25 15:37:40.800,467.747000,6.065460,23,10,2,0.021358,0.000524,-0.033754,-0.131424,-0.244614,0.960663,-22.567720,1.681243,44.703120,-0.988833,0.084468,0.122706,-33.2331963,2.59230828,46.026619,10.7858267,Building,Surface,3.299774,3.319504,0.000000,0.000000,-22.604340,1.690307,44.689980,340.216600,283.301900,5.337849,104.047200,98.172010,0.300000,1000.000000,0.900730,2468,2740,50.000000,off,,0.43113488,0,0.902287483,1,1
1766648260811,2025-12-25 15:37:40.811,467.758100,6.076569,23,10,2,0.000285,0.000016,-0.033299,-0.086029,-0.210419,0.973816,-22.574120,1.678968,44.682320,-0.980305,0.122622,0.154791,-34.2921333,3.14472222,46.5326042,11.9534006,Building,Surface,3.295746,3.463959,0.000000,0.000000,-22.604780,1.690124,44.689000,340.351300,282.794600,5.320303,104.047200,98.172010,0.300000,1000.000000,0.900730,2468,2740,50.000000,off,,0.43113488,0,0.902287483,1,1
1766648260822,2025-12-25 15:37:40.822,467.769200,6.087646,23,10,2,-0.017523,-0.000432,-0.032844,-0.029709,-0.210083,0.977219,-22.579360,1.677040,44.664620,-0.971198,0.126959,0.201567,-57.9594841,6.30207586,52.007576,36.4288826,Building,Surface,3.440811,3.241028,0.000000,0.000000,-22.605220,1.689952,44.688080,340.469400,282.312300,5.302431,104.047200,98.172010,0.300000,1000.000000,0.900730,2468,2740,50.000000,off,,0.488449693,0,-0.872592092,1,1
1766648260832,2025-12-25 15:37:40.832,467.780000,6.098480,23,10,2,-0.017523,-0.000432,-0.032844,-0.029709,-0.210083,0.977219,-22.579390,1.676980,44.664020,-0.973112,0.124863,0.193484,-58.3667221,6.26896334,51.7796211,36.775692,Building,Surface,3.440811,3.241028,0.000000,0.000000,-22.605470,1.689837,44.687270,340.590100,281.826000,5.333759,104.047200,98.172010,0.300000,1000.000000,0.900730,2468,2740,50.000000,off,,0.488449693,0,-0.872592092,1,1
1766648260844,2025-12-25 15:37:40.844,467.791400,6.109833,23,10,2,0.020976,0.000719,-0.033932,0.052872,-0.214371,0.975311,-22.569500,1.681024,44.700300,-0.955619,0.125845,0.266341,-36.6741676,3.53846097,48.6314163,14.7595882,SS-01,Signage,3.430206,3.517960,0.000000,0.000000,-22.605860,1.689734,44.686390,340.682500,281.379100,5.331691,104.047200,98.172010,0.300000,1000.000000,0.900730,2468,2740,50.000000,off,Node10,1,0,0,1,1
1766648260855,2025-12-25 15:37:40.855,467.802300,6.120728,23,10,2,0.000285,0.000016,-0.033299,-0.086029,-0.210419,0.973816,-22.575190,1.678704,44.679850,-0.985593,0.115612,0.123428,-33.1990471,2.92490339,46.0102997,10.7791224,Building,Surface,3.295746,3.463959,0.000000,0.000000,-22.606120,1.689639,44.685550,340.756100,280.954200,5.331088,104.047200,98.172010,0.300000,1000.000000,0.900730,2468,2740,50.000000,off,,0.43113488,0,0.902287483,1,1
1766648260866,2025-12-25 15:37:40.866,467.813600,6.132050,23,10,2,0.000285,0.000016,-0.033299,-0.086029,-0.210419,0.973816,-22.575490,1.678681,44.679250,-0.986713,0.113841,0.115898,-32.9681053,2.87771821,45.8999519,10.5325327,Building,Surface,3.295746,3.463959,0.000000,0.000000,-22.606490,1.689560,44.684720,340.859000,280.516400,5.321894,104.047200,98.172010,0.300000,1000.000000,0.900730,2468,2740,50.000000,off,,0.43113488,0,0.902287483,1,1
1766648260877,2025-12-25 15:37:40.877,467.824700,6.143158,23,10,2,-0.017523,-0.000432,-0.032844,-0.029709,-0.210083,0.977219,-22.579920,1.676820,44.661400,-0.979372,0.118316,0.163724,-34.5713997,3.12548733,46.6660461,12.2438908,Building,Surface,3.440811,3.241028,0.000000,0.000000,-22.606780,1.689469,44.683850,340.968400,280.076400,5.306052,104.047200,98.172010,0.300000,1000.000000,0.900730,2468,2740,50.000000,off,,0.43113488,0,0.902287483,1,1
1766648260888,2025-12-25 15:37:40.888,467.835900,6.154327,23,10,2,0.011528,0.000398,-0.033486,0.063965,-0.193771,0.978943,-22.573500,1.679809,44.688870,-0.959109,0.140555,0.245607,,,,,NoHit,NoHit,3.338455,3.459045,0.000000,0.000000,-22.607110,1.689287,44.682970,341.076100,279.636800,5.298296,104.047200,98.172010,0.300000,1000.000000,0.900730,2468,2740,50.000000,off,,,,,1,0
1766648260899,2025-12-25 15:37:40.899,467.846800,6.165222,23,10,2,0.011528,0.000398,-0.033486,0.063965,-0.193771,0.978943,-22.573770,1.679766,44.688240,-0.961287,0.138327,0.238247,,,,,NoHit,NoHit,3.338455,3.459045,0.000000,0.000000,-22.607360,1.689169,44.682080,341.206400,279.192300,5.310439,104.047200,98.172010,0.300000,1000.000000,0.900730,2468,2740,50.000000,off,,,,,1,0
1766648260910,2025-12-25 15:37:40.910,467.857800,6.176270,23,10,2,0.000201,0.000142,-0.033241,0.099640,-0.175049,0.979492,-22.576310,1.678525,44.676640,-0.951900,0.157509,0.262777,-36.6741676,4.01126957,48.568428,14.8100424,SS-01,Signage,3.499878,3.484604,0.000000,0.000000,-22.607520,1.689023,44.681230,341.314100,278.714200,5.349443,104.047200,98.172010,0.300000,1000.000000,0.900730,2468,2740,50.000000,off,Node10,1,0,0,1,1
1766648260921,2025-12-25 15:37:40.921,467.869100,6.187561,23,10,2,-0.010378,-0.000165,-0.032774,0.117752,-0.158035,0.980377,-22.578780,1.677358,44.665720,-0.946798,0.174134,0.270613,-36.6741676,4.26976585,48.6944542,14.8872852,SS-01,Signage,3.520615,3.562408,0.000000,0.000000,-22.607680,1.688893,44.680330,341.395700,278.243200,5.387573,104.047200,98.172010,0.300000,1000.000000,0.900730,2468,2740,50.000000,off,Node10,1,0,0,1,1
1766648260933,2025-12-25 15:37:40.933,467.880000,6.198486,23,10,2,-0.000099,0.000122,-0.033133,0.147369,-0.163971,0.975388,-22.576670,1.678362,44.675140,-0.941550,0.168588,0.291629,-36.6741676,4.20257092,49.0415993,14.9725437,SS-01,Signage,3.495850,3.516983,0.000000,0.000000,-22.607810,1.688792,44.679490,341.458000,277.739100,5.413091,104.047200,98.172010,0.300000,1000.000000,0.900730,2468,2740,50.000000,off,Node10,1,0,0,1,1
1766648260943,2025-12-25 15:37:40.943,467.891200,6.209656,23,10,2,-0.000099,0.000122,-0.033133,0.147369,-0.163971,0.975388,-22.576770,1.678387,44.674520,-0.944180,0.168041,0.283322,-36.6741676,4.18737984,48.9047546,14.9307251,SS-01,Signage,3.495850,3.516983,0.000000,0.000000,-22.607960,1.688799,44.678590,341.490900,277.233000,5.417420,104.047200,98.172010,0.300000,1000.000000,0.900730,2468,2740,50.000000,off,Node10,1,0,0,1,1
1766648260955,2025-12-25 15:37:40.955,467.902300,6.220703,23,10,2,-0.001495,0.000316,-0.033123,0.052399,-0.075928,0.995728,-22.577000,1.678536,44.672500,-0.953055,0.249268,0.171861,-35.1406898,4.96452332,46.9380646,13.1824446,Building,Surface,3.606369,3.559631,0.000000,0.000000,-22.608070,1.688892,44.677680,341.479500,276.712200,5.380843,104.047200,98.172010,0.300000,1000.000000,0.900730,2468,2740,50.000000,off,,0.43113488,0,0.902287483,1,1
1766648260966,2025-12-25 15:37:40.966,467.913500,6.231903,23,10,2,-0.010378,-0.000165,-0.032774,0.117752,-0.158035,0.980377,-22.578840,1.677503,44.663220,-0.956087,0.173180,0.236403,,,,,NoHit,NoHit,3.520615,3.562408,0.000000,0.000000,-22.608260,1.689001,44.676790,341.443500,276.191500,5.324038,104.047200,98.172010,0.300000,1000.000000,0.900730,2468,2740,50.000000,off,,,,,1,0
1766648260977,2025-12-25 15:37:40.977,467.924500,6.242920,23,10,2,-0.000099,0.000122,-0.033133,0.147369,-0.163971,0.975388,-22.577080,1.678654,44.672680,-0.951452,0.169026,0.257205,,,,,NoHit,NoHit,3.495850,3.516983,0.000000,0.000000,-22.608350,1.689113,44.675900,341.404700,275.682800,5.239087,104.047200,98.172010,0.300000,1000.000000,0.900730,2468,2740,50.000000,off,,,,,1,0
1766648260988,2025-12-25 15:37:40.988,467.935800,6.254242,23,10,2,-0.000099,0.000122,-0.033133,0.147369,-0.163971,0.975388,-22.577140,1.678721,44.672130,-0.953760,0.169278,0.248339,,,,,NoHit,NoHit,3.495850,3.516983,0.000000,0.000000,-22.608430,1.689196,44.675070,341.376400,275.162900,5.154168,104.047200,98.172010,0.300000,1000.000000,0.900730,2468,2740,50.000000,off,,,,,1,0
1766648260999,2025-12-25 15:37:40.999,467.946600,6.265076,23,10,2,-0.016948,0.000218,-0.032908,-0.025818,0.010376,0.999603,-22.579180,1.677518,44.654920,-0.943642,0.327120,0.050135,-31.3361645,4.71318722,45.1201706,9.2798996,Building,Surface,3.525650,3.618286,0.000000,0.000000,-22.608480,1.689249,44.674270,341.360400,274.656300,5.069389,104.047200,98.172010,0.300000,1000.000000,0.900730,2468,2740,50.000000,off,,0.43113488,0,0.902287483,1,1
1766648261010,2025-12-25 15:37:41.010,467.957700,6.276154,23,10,2,0.000235,0.001520,-0.035176,-0.204559,0.097412,0.973984,-22.574780,1.679466,44.671160,-0.910577,0.386374,-0.146777,-28.4234543,4.16116238,43.728405,6.42297411,Building,Surface,3.365692,3.574219,0.000000,0.000000,-22.608510,1.689255,44.673510,341.359300,274.148900,5.000262,104.047200,98.172010,0.300000,1000.000000,0.900730,2468,2740,50.000000,off,,0.43113488,0,0.902287483,1,1
1766648261021,2025-12-25 15:37:41.021,467.969100,6.287506,23,10,2,0.000235,0.001520,-0.035176,-0.204559,0.097412,0.973984,-22.574760,1.679498,44.670730,-0.909184,0.386806,-0.154091,-28.3478661,4.13562489,43.6922913,6.34969664,Building,Surface,3.365692,3.574219,0.000000,0.000000,-22.608520,1.689293,44.672800,341.350200,273.681800,4.917801,104.047200,98.172010,0.300000,1000.000000,0.900730,2468,2740,50.000000,off,,0.43113488,0,0.902287483,1,1
1766648261033,2025-12-25 15:37:41.033,467.980200,6.298615,23,10,2,0.000624,0.001978,-0.036217,-0.319931,0.138886,0.937195,-22.573630,1.679688,44.670600,-0.869617,0.405265,-0.281969,-27.1731071,3.82316828,43.179245,5.28903008,Building,Surface,3.388046,3.639694,0.000000,0.000000,-22.608560,1.689352,44.672120,341.349500,273.229100,4.838576,104.047200,98.172010,0.300000,1000.000000,0.900730,2468,2740,50.000000,off,,0.393442094,0,0.919349432,1,1
1766648261043,2025-12-25 15:37:41.043,467.991300,6.309784,23,10,2,0.000616,0.001930,-0.036117,-0.322708,0.128677,0.937698,-22.573770,1.679672,44.670310,-0.871095,0.396260,-0.290081,-27.1198273,3.74766684,43.1564407,5.21871853,Building,Surface,3.457916,3.703308,0.000000,0.000000,-22.608600,1.689364,44.671560,341.327500,272.800400,4.772192,104.047200,98.172010,0.300000,1000.000000,0.900730,2468,2740,50.000000,off,,0.393442094,0,0.919349432,1,1
1766648261055,2025-12-25 15:37:41.055,468.002300,6.320801,23,10,2,0.000616,0.001930,-0.036117,-0.322708,0.128677,0.937698,-22.573780,1.679707,44.670030,-0.868731,0.396927,-0.296198,-27.0724754,3.73518014,43.1361771,5.17840958,Building,Surface,3.457916,3.703308,0.000000,0.000000,-22.608610,1.689413,44.671030,341.305100,272.391400,4.711502,104.047200,98.172010,0.300000,1000.000000,0.900730,2468,2740,50.000000,off,,0.393442094,0,0.919349432,1,1
1766648261066,2025-12-25 15:37:41.066,468.013500,6.332001,23,10,2,0.018632,0.002275,-0.036438,-0.296082,0.119141,0.947693,-22.572300,1.681349,44.687640,-0.877307,0.393765,-0.274339,-27.26721,3.78858304,43.2195129,5.35144901,Building,Surface,3.436462,3.639206,0.000010,0.000000,-22.608650,1.689459,44.670510,341.283700,271.999900,4.663579,104.047200,98.172010,0.300000,1000.000000,0.900730,2468,2740,50.000000,off,,0.393442094,0,0.919349432,1,1
1766648261077,2025-12-25 15:37:41.077,468.025000,6.343414,23,10,2,0.030609,0.002484,-0.037071,-0.225662,0.106293,0.968384,-22.571090,1.682265,44.699330,-0.895159,0.394056,-0.208328,-27.8528137,4.0073204,43.4701271,5.90028858,Building,Surface,3.475845,3.605225,0.000037,0.000000,-22.608630,1.689489,44.670070,341.272400,271.615800,4.616652,104.047200,98.172010,0.300000,1000.000000,0.900730,2468,2740,50.000000,off,,0.393442094,0,0.919349432,1,1
1766648261088,2025-12-25 15:37:41.088,468.035700,6.354156,23,10,2,0.000616,0.001930,-0.036117,-0.322708,0.128677,0.937698,-22.573770,1.679808,44.669410,-0.862174,0.398187,-0.313177,-26.9449711,3.69860601,43.0816116,5.06991577,Building,Surface,3.457916,3.703308,0.039356,0.000000,-22.608610,1.689536,44.669710,341.270200,271.252400,4.576865,104.047200,98.172010,0.300000,1000.000000,0.900730,2468,2740,50.000000,off,,0.393442094,0,0.919349432,1,1
1766648261099,2025-12-25 15:37:41.099,468.046800,6.365295,23,10,2,0.000616,0.001930,-0.036117,-0.322708,0.128677,0.937698,-22.573850,1.679823,44.669330,-0.860188,0.398706,-0.317942,-26.9099503,3.68965054,43.0666237,5.04081821,Building,Surface,3.457916,3.703308,0.039356,0.000000,-22.608690,1.689562,44.669430,341.253600,270.929800,4.527563,104.047200,98.172010,0.300000,1000.000000,0.900730,2468,2740,50.000000,off,,0.393442094,0,0.919349432,1,1
1766648261110,2025-12-25 15:37:41.110,468.058000,6.376465,23,10,2,0.018632,0.002275,-0.036438,-0.296082,0.119141,0.947693,-22.572820,1.681413,44.687120,-0.869930,0.395314,-0.294836,-27.1062775,3.74150848,43.1506424,5.21123552,Building,Surface,3.436462,3.639206,0.039848,0.000000,-22.608720,1.689605,44.669120,341.244500,270.635900,4.473484,104.047200,98.172010,0.300000,1000.000000,0.900730,2468,2740,50.000000,off,,0.393442094,0,0.919349432,1,1
1766648261121,2025-12-25 15:37:41.121,468.069000,6.387482,23,10,2,0.029761,0.002067,-0.035816,-0.227402,0.121491,0.966187,-22.573290,1.682258,44.698170,-0.882915,0.408835,-0.230874,-27.6316147,4.02452183,43.3754654,5.72908258,Building,Surface,3.413406,3.737564,0.637576,0.000000,-22.608780,1.689656,44.668870,341.241400,270.337800,4.412983,104.047200,98.172010,0.300000,1000.000000,0.900730,2468,2740,50.000000,off,,0.393442094,0,0.919349432,1,1
1766648261132,2025-12-25 15:37:41.132,468.080100,6.398560,23,10,2,0.022445,0.001744,-0.035203,-0.228653,0.094147,0.968933,-22.574290,1.681643,44.690830,-0.893457,0.383552,-0.233668,-27.6210423,3.84816289,43.3709412,5.64850712,Building,Surface,3.485870,3.787491,10.200730,0.000000,-22.608770,1.689687,44.668640,341.275600,270.093500,4.343222,104.047200,98.172010,0.300000,1000.000000,0.900730,2468,2740,50.000000,off,,0.393442094,0,0.919349432,1,1
1766648261143,2025-12-25 15:37:41.143,468.091300,6.409729,23,10,2,0.022445,0.001744,-0.035203,-0.228653,0.094147,0.968933,-22.574360,1.681545,44.690840,-0.892606,0.383070,-0.237673,-27.5866547,3.83261681,43.3562241,5.61528444,Building,Surface,3.485870,3.787491,10.200730,0.000000,-22.608740,1.689582,44.668480,341.319500,269.832100,4.290751,104.047200,98.172010,0.300000,1000.000000,0.900730,2468,2740,50.000000,off,,0.393442094,0,0.919349432,1,1
1766648261155,2025-12-25 15:37:41.155,468.102800,6.421234,23,10,2,0.009852,0.001395,-0.034815,-0.201553,0.098557,0.974503,-22.575120,1.680389,44.678280,-0.895269,0.390376,-0.214692,-27.7667389,3.94415903,43.4332924,5.79892588,Building,Surface,3.505447,3.602524,10.263720,0.000000,-22.608720,1.689505,44.668320,341.370100,269.589200,4.225153,104.047200,98.172010,0.300000,1000.000000,0.900730,2468,2740,50.000000,off,,0.393442094,0,0.919349432,1,1
1766648261166,2025-12-25 15:37:41.166,468.113500,6.431946,23,10,2,0.004393,0.001188,-0.034530,-0.181839,0.125320,0.975296,-22.575540,1.679837,44.672860,-0.886779,0.416627,-0.200044,-27.8715687,4.16801977,43.478157,5.97212505,Building,Surface,3.540436,3.769501,0.637561,0.000000,-22.608700,1.689410,44.668200,341.427900,269.380100,4.153594,104.047200,98.172010,0.300000,1000.000000,0.900730,2468,2740,50.000000,off,,0.393442094,0,0.919349432,1,1
1766648261177,2025-12-25 15:37:41.177,468.124500,6.442993,23,10,2,0.004393,0.001188,-0.034530,-0.181839,0.125320,0.975296,-22.575520,1.679826,44.672890,-0.886267,0.416213,-0.203154,-27.8422794,4.15322685,43.4656219,5.94255447,Building,Surface,3.540436,3.769501,0.637561,0.000000,-22.608670,1.689379,44.668110,341.470700,269.169300,4.074120,104.047200,98.172010,0.300000,1000.000000,0.900730,2468,2740,50.000000,off,,0.393442094,0,0.919349432,1,1
1766648261189,2025-12-25 15:37:41.189,468.136400,6.454834,23,10,2,0.013217,0.001329,-0.034777,-0.144424,0.112000,0.983154,-22.575240,1.680446,44.681770,-0.897129,0.408617,-0.167888,-28.2113132,4.24751902,43.6270409,6.28232718,Building,Surface,3.559082,3.780670,0.039850,0.000000,-22.608690,1.689358,44.668090,341.483200,268.979900,4.001974,104.047200,98.172010,0.300000,1000.000000,0.900730,2468,2740,50.000000,off,,0.43113488,0,0.902287483,1,1
1766648261199,2025-12-25 15:37:41.199,468.146700,6.465149,23,10,2,0.009852,0.001395,-0.034815,-0.201553,0.098557,0.974503,-22.575290,1.680300,44.678480,-0.892685,0.389592,-0.226551,-27.6606407,3.89968514,43.387886,5.69667292,Building,Surface,3.505447,3.602524,0.163312,0.000000,-22.608750,1.689396,44.668050,341.486700,268.801100,3.922525,104.047200,98.172010,0.300000,1000.000000,0.900730,2468,2740,50.000000,off,,0.393442094,0,0.919349432,1,1
1766648261211,2025-12-25 15:37:41.211,468.157900,6.476349,23,10,2,0.004393,0.001188,-0.034530,-0.181839,0.125320,0.975296,-22.575630,1.679865,44.673140,-0.884107,0.416739,-0.211322,-27.7653198,4.12611437,43.4326859,5.86990213,Building,Surface,3.540436,3.769501,10.326710,0.000000,-22.608720,1.689428,44.668030,341.481100,268.612700,3.855967,104.047200,98.172010,0.300000,1000.000000,0.900730,2468,2740,50.000000,off,,0.393442094,0,0.919349432,1,1
1766648261222,2025-12-25 15:37:41.222,468.169000,6.487427,23,10,2,0.004393,0.001188,-0.034530,-0.181839,0.125320,0.975296,-22.575640,1.679888,44.673210,-0.883438,0.416773,-0.214036,-27.7402363,4.1163516,43.4219513,5.84594488,Building,Surface,3.540436,3.769501,10.326710,0.000000,-22.608720,1.689449,44.668000,341.493700,268.427400,3.782438,104.047200,98.172010,0.300000,1000.000000,0.900730,2468,2740,50.000000,off,,0.393442094,0,0.919349432,1,1
1766648261233,2025-12-25 15:37:41.233,468.180200,6.498657,23,10,2,0.015630,0.001493,-0.035072,-0.144638,0.099518,0.984451,-22.575180,1.680687,44.684490,-0.899933,0.397687,-0.178703,-28.1183434,4.13025141,43.5837631,6.15943289,Building,Surface,3.529358,3.808960,0.633716,0.000000,-22.608740,1.689443,44.667950,341.498700,268.227300,3.713117,104.047200,98.172010,0.300000,1000.000000,0.900730,2468,2740,50.000000,off,,0.393442094,0,0.919349432,1,1
1766648261243,2025-12-25 15:37:41.243,468.191300,6.509705,23,10,2,-0.000872,0.001441,-0.034895,-0.128891,0.206253,0.969955,-22.575220,1.679690,44.668080,-0.851988,0.494829,-0.170962,-28.0738297,4.87324667,43.5647125,6.45375299,Building,Surface,3.503860,3.736847,0.633716,0.000000,-22.608770,1.689435,44.667890,341.526900,268.038200,3.631443,104.047200,98.172010,0.300000,1000.000000,0.900730,2468,2740,50.000000,off,,0.393442094,0,0.919349432,1,1
1766648261255,2025-12-25 15:37:41.255,468.202100,6.520599,23,10,2,-0.000872,0.001441,-0.034895,-0.128891,0.206253,0.969955,-22.575230,1.679648,44.668170,-0.851510,0.494738,-0.173587,-28.0461674,4.85833216,43.5528793,6.42488146,Building,Surface,3.503860,3.736847,0.633716,0.000000,-22.608780,1.689380,44.667860,341.546800,267.841500,3.543545,104.047200,98.172010,0.300000,1000.000000,0.900730,2468,2740,50.000000,off,,0.393442094,0,0.919349432,1,1
1766648261266,2025-12-25 15:37:41.266,468.213300,6.531708,23,10,2,-0.017532,0.001262,-0.034520,-0.109131,0.272217,0.956009,-22.575320,1.678496,44.651600,-0.817291,0.553823,-0.158997,-27.8449078,5.24934101,43.6264458,6.44751644,Building,Surface,3.606995,3.837601,0.000000,0.000000,-22.608830,1.689227,44.667820,341.564300,267.655900,3.476284,104.047200,98.172010,0.300000,1000.000000,0.900730,2468,2740,50.000000,off,,0.413561702,0,0.910476148,1,1
1766648261277,2025-12-25 15:37:41.277,468.224400,6.542877,23,10,2,-0.014128,0.001219,-0.034307,-0.111679,0.271927,0.955811,-22.575640,1.678710,44.655100,-0.816794,0.553238,-0.163602,-27.8040161,5.22003746,43.607872,6.40105963,Building,Surface,3.680664,3.849869,0.000000,0.000000,-22.608900,1.689189,44.667830,341.582500,267.485500,3.400115,104.047200,98.172010,0.300000,1000.000000,0.900730,2468,2740,50.000000,off,,0.413561702,0,0.910476148,1,1
1766648261288,2025-12-25 15:37:41.288,468.235600,6.554047,23,10,2,0.007876,0.001517,-0.034427,-0.107971,0.250931,0.961960,-22.576020,1.680130,44.677170,-0.828969,0.535575,-0.161125,-27.885952,5.1107378,43.6450882,6.40543938,Building,Surface,3.740234,3.825180,0.000000,0.000000,-22.608910,1.689134,44.667850,341.588300,267.330000,3.322903,104.047200,98.172010,0.300000,1000.000000,0.900730,2468,2740,50.000000,off,,0.413561702,0,0.910476148,1,1
1766648261299,2025-12-25 15:37:41.299,468.246600,6.565002,23,10,2,0.007876,0.001517,-0.034427,-0.107971,0.250931,0.961960,-22.576030,1.680132,44.677310,-0.828634,0.535499,-0.163091,-27.8661823,5.09885502,43.6361084,6.38415718,Building,Surface,3.740234,3.825180,0.000000,0.000000,-22.608890,1.689136,44.667900,341.603300,267.174000,3.253240,104.047200,98.172010,0.300000,1000.000000,0.900730,2468,2740,50.000000,off,,0.413561702,0,0.910476148,1,1
1766648261310,2025-12-25 15:37:41.310,468.257600,6.576080,23,10,2,0.012261,0.001532,-0.034484,-0.089890,0.257156,0.962174,-22.576220,1.680365,44.681780,-0.827184,0.542375,-0.146911,-28.0341949,5.2590971,43.7124252,6.59821987,Building,Surface,3.668839,3.767899,0.000000,0.000000,-22.608970,1.689145,44.667910,341.617900,267.036900,3.166153,104.047200,98.172010,0.300000,1000.000000,0.900730,2468,2740,50.000000,off,,0.413561702,0,0.910476148,1,1
1766648261321,2025-12-25 15:37:41.321,468.268700,6.587158,23,10,2,-0.014128,0.001219,-0.034307,-0.111679,0.271927,0.955811,-22.575650,1.678737,44.655600,-0.815693,0.552740,-0.170627,-27.7347641,5.17472029,43.576416,6.32479239,Building,Surface,3.680664,3.849869,0.000000,0.000000,-22.609080,1.689099,44.667980,341.661600,266.895700,3.096113,104.047200,98.172010,0.300000,1000.000000,0.900730,2468,2740,50.000000,off,,0.413561702,0,0.910476148,1,1
1766648261332,2025-12-25 15:37:41.333,468.279800,6.598297,23,10,2,-0.014128,0.001219,-0.034307,-0.111679,0.271927,0.955811,-22.575720,1.678692,44.655720,-0.815916,0.551939,-0.172145,-27.7209778,5.15928268,43.5701523,6.30607939,Building,Surface,3.680664,3.849869,0.000000,0.000000,-22.609190,1.689002,44.668020,341.727000,266.769500,3.029121,104.047200,98.172010,0.300000,1000.000000,0.900730,2468,2740,50.000000,off,,0.413561702,0,0.910476148,1,1
1766648261343,2025-12-25 15:37:41.343,468.291000,6.609467,23,10,2,0.007876,0.001517,-0.034427,-0.107971,0.250931,0.961960,-22.576490,1.679910,44.677820,-0.829131,0.532741,-0.169470,-27.8062477,5.04018164,43.6088867,6.30748558,Building,Surface,3.740234,3.825180,0.000001,0.000000,-22.609280,1.688819,44.668100,341.833500,266.651800,2.953284,104.047200,98.172010,0.300000,1000.000000,0.900730,2468,2740,50.000000,off,,0.413561702,0,0.910476148,1,1
1766648261355,2025-12-25 15:37:41.355,468.302200,6.620636,23,10,2,0.012099,0.001563,-0.034580,-0.085449,0.258575,0.962189,-22.576660,1.679965,44.682230,-0.828969,0.539157,-0.148629,-28.0204697,5.22059011,43.7061844,6.56686783,Building,Surface,3.639572,3.752213,0.000000,0.000000,-22.609440,1.688597,44.668220,341.976800,266.547900,2.904838,104.047200,98.172010,0.300000,1000.000000,0.900730,2468,2740,50.000000,off,,0.413561702,0,0.910476148,1,1
1766648261366,2025-12-25 15:37:41.366,468.313400,6.631866,23,10,2,0.012099,0.001563,-0.034580,-0.085449,0.258575,0.962189,-22.576800,1.679788,44.682450,-0.830294,0.536776,-0.149843,-28.0107651,5.19278812,43.7017822,6.54453182,Building,Surface,3.639572,3.752213,0.000000,0.000000,-22.609580,1.688329,44.668400,342.143300,266.460900,2.873364,104.047200,98.172010,0.300000,1000.000000,0.900730,2468,2740,50.000000,off,,0.413561702,0,0.910476148,1,1
1766648261377,2025-12-25 15:37:41.377,468.324400,6.642853,23,10,2,0.010448,0.001652,-0.034851,-0.071106,0.250076,0.965607,-22.576680,1.679495,44.681040,-0.838205,0.528014,-0.136401,-28.1646996,5.19958115,43.7717056,6.6666255,Building,Surface,3.585007,3.812302,0.000000,0.000000,-22.609820,1.688018,44.668580,342.309100,266.397300,2.852175,104.047200,98.172010,0.300000,1000.000000,0.900730,2468,2740,50.000000,off,,0.413561702,0,0.910476148,1,1
1766648261388,2025-12-25 15:37:41.388,468.335400,6.653809,23,10,2,0.008220,0.001644,-0.034889,-0.064713,0.245590,0.967194,-22.576750,1.679107,44.679180,-0.843150,0.521476,-0.130864,-28.230629,5.1759491,43.801651,6.70554543,Building,Surface,3.639526,3.714584,0.000002,0.000000,-22.610050,1.687633,44.668910,342.513900,266.350000,2.868641,104.047200,98.172010,0.300000,1000.000000,0.900730,2468,2740,50.000000,off,,0.413561702,0,0.910476148,1,1
1766648261399,2025-12-25 15:37:41.399,468.346500,6.664917,23,10,2,0.005728,0.001526,-0.034679,-0.061127,0.250916,0.966065,-22.577070,1.678635,44.676970,-0.842362,0.523443,-0.128099,-28.256321,5.2077179,43.813324,6.74197292,Building,Surface,3.693756,3.802673,0.633655,0.000000,-22.610290,1.687211,44.669170,342.710700,266.315200,2.889658,104.047200,98.172010,0.300000,1000.000000,0.900730,2468,2740,50.000000,off,,0.413561702,0,0.910476148,1,1
1766648261410,2025-12-25 15:37:41.410,468.357700,6.676147,23,10,2,0.005728,0.001526,-0.034679,-0.061127,0.250916,0.966065,-22.577350,1.678322,44.677270,-0.843986,0.520672,-0.128704,-28.2529125,5.17969036,43.8117676,6.72463179,Building,Surface,3.693756,3.802673,0.633655,0.000000,-22.610600,1.686788,44.669460,342.896800,266.284100,2.898257,104.047200,98.172010,0.300000,1000.000000,0.900730,2468,2740,50.000000,off,,0.413561702,0,0.910476148,1,1
1766648261421,2025-12-25 15:37:41.421,468.368700,6.687134,23,10,2,-0.024388,0.000255,-0.033423,-0.020233,0.098923,0.994873,-22.577700,1.675693,44.647510,-0.919879,0.382715,-0.085555,-29.0811062,4.38143063,44.0426483,7.06973791,Building,Surface,3.691238,3.808334,0.645404,0.000000,-22.610930,1.686341,44.669750,343.103100,266.249200,2.891010,104.047200,98.172010,0.300000,1000.000000,0.900730,2468,2740,50.000000,off,,0.43113488,0,0.902287483,1,1
1766648261433,2025-12-25 15:37:41.433,468.379900,6.698334,23,10,2,0.008220,0.001644,-0.034889,-0.064713,0.245590,0.967194,-22.577900,1.677868,44.680390,-0.849875,0.509902,-0.132960,-28.2214432,5.06384087,43.7974777,6.64032459,Building,Surface,3.639526,3.714584,0.040581,0.000000,-22.611300,1.685936,44.670050,343.293700,266.229900,2.837534,104.047200,98.172010,0.300000,1000.000000,0.900730,2468,2740,50.000000,off,,0.413561702,0,0.910476148,1,1
1766648261443,2025-12-25 15:37:41.443,468.390900,6.709320,23,10,2,0.005728,0.001526,-0.034679,-0.061127,0.250916,0.966065,-22.578300,1.677410,44.678270,-0.849218,0.511888,-0.129521,-28.2545891,5.09893847,43.8125305,6.68405533,Building,Surface,3.693756,3.802673,166.223400,0.000000,-22.611610,1.685535,44.670410,343.497100,266.215500,2.771322,104.047200,98.172010,0.300000,1000.000000,0.900730,2468,2740,50.000000,off,,0.413561702,0,0.910476148,1,1
1766648261454,2025-12-25 15:37:41.454,468.402000,6.720490,23,10,2,0.005728,0.001526,-0.034679,-0.061127,0.250916,0.966065,-22.578650,1.677158,44.678620,-0.851095,0.508889,-0.129015,-28.2639771,5.07654381,43.8167953,6.67993498,Building,Surface,3.693756,3.802673,166.223400,0.000000,-22.611990,1.685169,44.670750,343.706900,266.225000,2.658783,104.047200,98.172010,0.300000,1000.000000,0.900730,2468,2740,50.000000,off,,0.413561702,0,0.910476148,1,1
1766648261465,2025-12-25 15:37:41.465,468.413100,6.731567,23,10,2,-0.029262,-0.000184,-0.032882,-0.001984,0.023880,0.999710,-22.579300,1.674297,44.643980,-0.951754,0.299764,-0.065577,-29.3615894,3.8104434,44.1766739,7.12607431,Building,Surface,3.694321,3.844376,40.807800,0.000000,-22.612330,1.684838,44.671100,343.918300,266.241600,2.561672,104.047200,98.172010,0.300000,1000.000000,0.900730,2468,2740,50.000000,off,,0.43113488,0,0.902287483,1,1
1766648261477,2025-12-25 15:37:41.477,468.424400,6.742859,23,10,2,-0.030650,-0.000441,-0.032871,0.021286,-0.059784,0.997971,-22.579640,1.673823,44.642910,-0.975500,0.216290,-0.039877,-29.7259655,3.25832272,44.3507767,7.32570553,Building,Surface,3.659576,3.885666,40.807800,0.000000,-22.612710,1.684493,44.671420,344.131800,266.261200,2.446160,104.047200,98.172010,0.300000,1000.000000,0.900730,2468,2740,50.000000,off,,0.43113488,0,0.902287483,1,1
1766648261488,2025-12-25 15:37:41.488,468.435700,6.754150,23,10,2,-0.030650,-0.000441,-0.032871,0.021286,-0.059784,0.997971,-22.579950,1.673579,44.643250,-0.976300,0.212659,-0.039835,-29.7276993,3.23051167,44.3516083,7.32116127,Building,Surface,3.659576,3.885666,40.807800,0.000000,-22.613070,1.684084,44.671760,344.342700,266.272600,2.348073,104.047200,98.172010,0.300000,1000.000000,0.900730,2468,2740,50.000000,off,,0.43113488,0,0.902287483,1,1
1766648261499,2025-12-25 15:37:41.499,468.446700,6.765167,23,10,2,-0.023255,-0.000381,-0.032851,0.027390,-0.052856,0.998215,-22.580680,1.673783,44.650960,-0.975858,0.215686,-0.034036,-29.8253746,3.27501893,44.3982773,7.42383909,Building,Surface,3.719376,3.865646,10.201220,0.000000,-22.613450,1.683768,44.672090,344.571400,266.274700,2.247400,104.047200,98.172010,0.300000,1000.000000,0.900730,2468,2740,50.000000,off,,0.43113488,0,0.902287483,1,1
1766648261510,2025-12-25 15:37:41.510,468.457800,6.776215,23,10,2,-0.029356,-0.000460,-0.032700,0.044556,-0.025284,0.998673,-22.580830,1.673294,44.645160,-0.970832,0.239053,-0.017639,-30.0577507,3.51437473,44.5093155,7.70145226,Building,Surface,3.689346,3.804214,10.450980,0.000000,-22.613820,1.683373,44.672400,344.801100,266.275000,2.148995,104.047200,98.172010,0.300000,1000.000000,0.900730,2468,2740,50.000000,off,,0.43113488,0,0.902287483,1,1
1766648261521,2025-12-25 15:37:41.521,468.468800,6.787292,23,10,2,-0.017702,-0.000191,-0.032813,0.034561,-0.022995,0.999130,-22.581660,1.673710,44.657070,-0.971222,0.236531,-0.027669,-29.9289207,3.46305919,44.4477539,7.56490755,Building,Surface,3.671173,3.774490,2.565807,0.000000,-22.614230,1.682962,44.672680,345.062100,266.282700,2.038379,104.047200,98.172010,0.300000,1000.000000,0.900730,2468,2740,50.000000,off,,0.43113488,0,0.902287483,1,1
1766648261533,2025-12-25 15:37:41.533,468.480000,6.798431,23,10,2,-0.017702,-0.000191,-0.032813,0.034561,-0.022995,0.999130,-22.581980,1.673444,44.657330,-0.972308,0.232038,-0.027577,-29.9312859,3.42733145,44.4488869,7.55856276,Building,Surface,3.671173,3.774490,2.565807,0.000000,-22.614600,1.682517,44.672940,345.323000,266.294900,1.921020,104.047200,98.172010,0.300000,1000.000000,0.900730,2468,2740,50.000000,off,,0.43113488,0,0.902287483,1,1
1766648261544,2025-12-25 15:37:41.544,468.491100,6.809570,23,10,2,-0.023255,-0.000381,-0.032851,0.027390,-0.052856,0.998215,-22.581960,1.672766,44.652070,-0.979604,0.197953,-0.034157,-29.8277664,3.13695908,44.3994217,7.39658022,Building,Surface,3.719376,3.865646,2.549939,0.000000,-22.614940,1.682017,44.673220,345.597600,266.305100,1.807562,104.047200,98.172010,0.300000,1000.000000,0.900730,2468,2740,50.000000,off,,0.43113488,0,0.902287483,1,1
1766648261554,2025-12-25 15:37:41.554,468.502000,6.820496,23,10,2,-0.029356,-0.000460,-0.032700,0.044556,-0.025284,0.998673,-22.582060,1.672270,44.646170,-0.975211,0.220513,-0.017581,-30.0619602,3.3636117,44.5113258,7.66992331,Building,Surface,3.689346,3.804214,0.160359,0.000000,-22.615270,1.681549,44.673410,345.874300,266.305600,1.716824,104.047200,98.172010,0.300000,1000.000000,0.900730,2468,2740,50.000000,off,,0.43113488,0,0.902287483,1,1
1766648261566,2025-12-25 15:37:41.566,468.513200,6.831696,23,10,2,-0.029356,-0.000460,-0.032700,0.044556,-0.025284,0.998673,-22.582400,1.672004,44.646300,-0.976264,0.215778,-0.017862,-30.0581856,3.32433414,44.5095215,7.65743446,Building,Surface,3.689346,3.804214,0.160359,0.000000,-22.615670,1.681089,44.673540,346.148600,266.295200,1.629575,104.047200,98.172010,0.300000,1000.000000,0.900730,2468,2740,50.000000,off,,0.43113488,0,0.902287483,1,1
1766648261577,2025-12-25 15:37:41.577,468.524400,6.842804,23,10,2,-0.020927,-0.000222,-0.032784,0.035233,-0.022629,0.999115,-22.583090,1.672160,44.654830,-0.976504,0.213654,-0.027862,-29.9239483,3.27830148,44.4453812,7.51742935,Building,Surface,3.643356,3.797150,0.000619,0.000000,-22.616070,1.680632,44.673640,346.413400,266.263300,1.563594,104.047200,98.172010,0.300000,1000.000000,0.900730,2468,2740,50.000000,off,,0.43113488,0,0.902287483,1,1
1766648261588,2025-12-25 15:37:41.588,468.535600,6.854004,23,10,2,-0.017373,-0.000112,-0.032966,0.029037,-0.016968,0.999420,-22.583320,1.672013,44.658440,-0.976062,0.214562,-0.035178,-29.8237247,3.26362896,44.3974915,7.41786957,Building,Surface,3.705048,3.859024,0.010022,0.000000,-22.616350,1.680162,44.673660,346.675800,266.206800,1.500818,104.047200,98.172010,0.300000,1000.000000,0.900730,2468,2740,50.000000,off,,0.43113488,0,0.902287483,1,1
1766648261599,2025-12-25 15:37:41.599,468.546900,6.865356,23,10,2,-0.017373,-0.000112,-0.032966,0.029037,-0.016968,0.999420,-22.583560,1.671739,44.658460,-0.976992,0.210106,-0.036253,-29.8087883,3.22555327,44.3903503,7.39527988,Building,Surface,3.705048,3.859024,0.010022,0.000000,-22.616640,1.679725,44.673640,346.935500,266.148400,1.442986,104.047200,98.172010,0.300000,1000.000000,0.900730,2468,2740,50.000000,off,,0.43113488,0,0.902287483,1,1
1766648261610,2025-12-25 15:37:41.610,468.557600,6.876068,23,10,2,-0.012983,0.000031,-0.033244,0.034561,-0.006699,0.999374,-22.583740,1.671626,44.662890,-0.975823,0.216109,-0.032482,-29.8714771,3.2855916,44.4203033,7.46825314,Building,Surface,3.624512,3.864182,0.000157,0.000000,-22.616900,1.679287,44.673610,347.176600,266.055800,1.413832,104.047200,98.172010,0.300000,1000.000000,0.900730,2468,2740,50.000000,off,,0.43113488,0,0.902287483,1,1
1766648261622,2025-12-25 15:37:41.622,468.568800,6.887299,23,10,2,-0.012423,0.000025,-0.033156,0.034592,-0.004074,0.999390,-22.584110,1.671408,44.663380,-0.976102,0.214607,-0.034086,-29.8492317,3.26872635,44.4096756,7.44296789,Building,Surface,3.634903,3.828857,0.000626,0.000000,-22.617200,1.678903,44.673500,347.414600,265.965100,1.390139,104.047200,98.172010,0.300000,1000.000000,0.900730,2468,2740,50.000000,off,,0.43113488,0,0.902287483,1,1
1766648261632,2025-12-25 15:37:41.632,468.580100,6.898529,23,10,2,-0.009616,0.000101,-0.033194,0.035828,-0.002716,0.999344,-22.584420,1.671289,44.666130,-0.976621,0.212096,-0.034729,-29.8455563,3.24821377,44.4079208,7.43488121,Building,Surface,3.770752,3.825974,0.000010,0.000000,-22.617430,1.678526,44.673390,347.641400,265.859000,1.404831,104.047200,98.172010,0.300000,1000.000000,0.900730,2468,2740,50.000000,off,,0.43113488,0,0.902287483,1,1
1766648261643,2025-12-25 15:37:41.643,468.591200,6.909607,23,10,2,-0.009616,0.000101,-0.033194,0.035828,-0.002716,0.999344,-22.584660,1.671016,44.666100,-0.977381,0.208211,-0.036793,-29.8161545,3.21153831,44.3938751,7.39877367,Building,Surface,3.770752,3.825974,0.000010,0.000000,-22.617710,1.678125,44.673280,347.869500,265.741600,1.414536,104.047200,98.172010,0.300000,1000.000000,0.900730,2468,2740,50.000000,off,,0.43113488,0,0.902287483,1,1
1766648261655,2025-12-25 15:37:41.655,468.602400,6.920837,23,10,2,0.003324,0.000446,-0.033700,0.022644,0.001389,0.999741,-22.585180,1.671307,44.678970,-0.976676,0.208228,-0.052357,-29.6232128,3.17182088,44.3016815,7.20609331,Building,Surface,3.702957,3.880325,0.000002,0.000000,-22.617910,1.677742,44.673140,348.090900,265.607400,1.454218,104.047200,98.172010,0.300000,1000.000000,0.900730,2468,2740,50.000000,off,,0.43113488,0,0.902287483,1,1
1766648261666,2025-12-25 15:37:41.666,468.613300,6.931793,23,10,2,0.022498,0.001060,-0.034700,0.037598,0.020874,0.999069,-22.585660,1.671987,44.698090,-0.973903,0.223405,-0.039898,-29.8315811,3.33413959,44.4012451,7.4400444,Building,Surface,3.787781,3.897507,0.000000,0.000000,-22.618100,1.677399,44.672990,348.333700,265.475800,1.472675,104.047200,98.172010,0.300000,1000.000000,0.900730,2468,2740,50.000000,off,,0.43113488,0,0.902287483,1,1
1766648261676,2025-12-25 15:37:41.676,468.624400,6.942841,23,10,2,0.022498,0.001060,-0.034700,0.037598,0.020874,0.999069,-22.585810,1.671795,44.698030,-0.974736,0.219271,-0.042407,-29.7961884,3.29380035,44.3843307,7.39722013,Building,Surface,3.787781,3.897507,0.000000,0.000000,-22.618200,1.677054,44.672850,348.577500,265.333000,1.491240,104.047200,98.172010,0.300000,1000.000000,0.900730,2468,2740,50.000000,off,,0.43113488,0,0.902287483,1,1
1766648261688,2025-12-25 15:37:41.688,468.635400,6.953857,23,10,2,-0.009616,0.000101,-0.033194,0.035828,-0.002716,0.999344,-22.585130,1.670066,44.665780,-0.980309,0.191951,-0.046125,-29.6859818,3.06045985,44.3316727,7.24340582,Building,Surface,3.770752,3.825974,0.000000,0.000000,-22.618360,1.676647,44.672640,348.823900,265.210600,1.495161,104.047200,98.172010,0.300000,1000.000000,0.900730,2468,2740,50.000000,off,,0.43113488,0,0.902287483,1,1
1766648261699,2025-12-25 15:37:41.699,468.646600,6.965057,23,10,2,0.003324,0.000446,-0.033700,0.022644,0.001389,0.999741,-22.585770,1.670351,44.678630,-0.979695,0.190868,-0.061349,-29.5052757,3.01843643,44.245327,7.06290674,Building,Surface,3.702957,3.880325,0.000000,0.000000,-22.618560,1.676196,44.672490,349.107000,265.097500,1.491709,104.047200,98.172010,0.300000,1000.000000,0.900730,2468,2740,50.000000,off,,0.43113488,0,0.902287483,1,1
1766648261710,2025-12-25 15:37:41.710,468.657700,6.976166,23,10,2,0.019556,0.001041,-0.034679,0.038925,0.023056,0.998962,-22.586180,1.670853,44.694780,-0.977080,0.207463,-0.047396,-29.7215271,3.18589878,44.3486557,7.30262756,Building,Surface,3.738419,3.957764,0.000000,0.000000,-22.618710,1.675707,44.672330,349.397300,264.978600,1.500146,104.047200,98.172010,0.300000,1000.000000,0.900730,2468,2740,50.000000,off,,0.43113488,0,0.902287483,1,1
1766648261721,2025-12-25 15:37:41.721,468.668800,6.987244,23,10,2,0.019556,0.001041,-0.034679,0.038925,0.023056,0.998962,-22.586370,1.670508,44.694690,-0.978088,0.202133,-0.049583,-29.6918716,3.1389401,44.3344879,7.2645812,Building,Surface,3.738419,3.957764,0.000000,0.000000,-22.618880,1.675174,44.672160,349.709700,264.856300,1.503149,104.047200,98.172010,0.300000,1000.000000,0.900730,2468,2740,50.000000,off,,0.43113488,0,0.902287483,1,1
1766648261732,2025-12-25 15:37:41.732,468.679900,6.998322,23,10,2,0.016571,0.001005,-0.034638,0.040573,0.031952,0.998657,-22.586270,1.670038,44.691600,-0.977438,0.205312,-0.049460,-29.6872501,3.16160774,44.3322754,7.2648344,Building,Surface,3.708084,3.945709,0.000001,0.000000,-22.618980,1.674615,44.672000,350.035400,264.777000,1.498380,104.047200,98.172010,0.300000,1000.000000,0.900730,2468,2740,50.000000,off,,0.43113488,0,0.902287483,1,1
1766648261744,2025-12-25 15:37:41.744,468.691000,7.009460,23,10,2,0.016657,0.000649,-0.034206,0.015610,0.005463,0.999863,-22.586870,1.669383,44.691570,-0.981947,0.173360,-0.075663,-29.3487587,2.86317539,44.1705399,6.886199,Building,Surface,3.786179,4.016464,0.000001,0.000000,-22.619090,1.674051,44.671870,350.351700,264.694200,1.483609,104.047200,98.172010,0.300000,1000.000000,0.900730,2468,2740,50.000000,off,,0.43113488,0,0.902287483,1,1
1766648261754,2025-12-25 15:37:41.754,468.702100,7.020538,23,10,2,0.016657,0.000649,-0.034206,0.015610,0.005463,0.999863,-22.586900,1.669073,44.691500,-0.982730,0.168278,-0.076962,-29.333313,2.82429647,44.1631584,6.86496687,Building,Surface,3.786179,4.016464,0.000001,0.000000,-22.619120,1.673569,44.671760,350.647100,264.623200,1.475089,104.047200,98.172010,0.300000,1000.000000,0.900730,2468,2740,50.000000,off,,0.43113488,0,0.902287483,1,1
1766648261765,2025-12-25 15:37:41.765,468.713200,7.031677,23,10,2,0.027826,0.000397,-0.034164,-0.042572,-0.195496,0.979767,-22.588070,1.668767,44.702510,-0.990404,-0.039674,-0.132291,-28.7418327,1.42225718,43.8805351,6.21330881,Building,Surface,3.895096,3.849564,0.000038,0.000000,-22.619180,1.673057,44.671600,350.933700,264.546800,1.461686,104.047200,98.172010,0.300000,1000.000000,0.900730,2468,2740,50.000000,off,,0.43113488,0,0.902287483,1,1
1766648261777,2025-12-25 15:37:41.777,468.724500,7.042999,23,10,2,0.030182,0.000309,-0.034230,-0.065842,-0.248169,0.966461,-22.588250,1.668426,44.704750,-0.982919,-0.099322,-0.154844,-28.5133152,1.06970954,43.771347,6.02794552,Building,Surface,3.720413,3.944901,0.009899,0.000000,-22.619180,1.672595,44.671460,351.221500,264.480500,1.439880,104.047200,98.172010,0.300000,1000.000000,0.900730,2468,2740,50.000000,off,,0.43113488,0,0.902287483,1,1
1766648261788,2025-12-25 15:37:41.788,468.735800,7.054260,23,10,2,0.028838,0.000251,-0.034258,-0.047318,-0.215607,0.975327,-22.588170,1.668013,44.703290,-0.987809,-0.070242,-0.138874,-28.6733055,1.23530555,43.8477936,6.1601944,Building,Surface,3.756287,3.966980,0.000153,0.000000,-22.619220,1.672125,44.671280,351.504600,264.410700,1.408074,104.047200,98.172010,0.300000,1000.000000,0.900730,2468,2740,50.000000,off,,0.43113488,0,0.902287483,1,1
1766648261798,2025-12-25 15:37:41.798,468.746500,7.064972,23,10,2,0.028838,0.000251,-0.034258,-0.047318,-0.215607,0.975327,-22.588220,1.667654,44.703230,-0.987276,-0.075209,-0.140057,-28.6607151,1.20506179,43.8417778,6.15071249,Building,Surface,3.756287,3.966980,0.000153,0.000000,-22.619260,1.671615,44.671200,351.792000,264.349200,1.365940,104.047200,98.172010,0.300000,1000.000000,0.900730,2468,2740,50.000000,off,,0.43113488,0,0.902287483,1,1
1766648261810,2025-12-25 15:37:41.810,468.757700,7.076172,23,10,2,0.027826,0.000397,-0.034164,-0.042572,-0.195496,0.979767,-22.588230,1.667428,44.702050,-0.988812,-0.059395,-0.136738,-28.6940536,1.30066967,43.8577042,6.17482662,Building,Surface,3.895096,3.849564,0.000002,0.000000,-22.619290,1.671113,44.671010,352.071200,264.311900,1.319261,104.047200,98.172010,0.300000,1000.000000,0.900730,2468,2740,50.000000,off,,0.43113488,0,0.902287483,1,1
1766648261821,2025-12-25 15:37:41.821,468.768700,7.087189,23,10,2,0.030182,0.000309,-0.034230,-0.065842,-0.248169,0.966461,-22.588410,1.667098,44.704240,-0.980143,-0.118687,-0.158759,-28.4714355,0.954713464,43.7513351,6.00212574,Building,Surface,3.720413,3.944901,0.000000,0.000000,-22.619290,1.670678,44.670830,352.348900,264.278500,1.286094,104.047200,98.172010,0.300000,1000.000000,0.900730,2468,2740,50.000000,off,,0.43113488,0,0.902287483,1,1
1766648261832,2025-12-25 15:37:41.832,468.779900,7.098328,23,10,2,0.030182,0.000309,-0.034230,-0.065842,-0.248169,0.966461,-22.588410,1.666780,44.704100,-0.979469,-0.123404,-0.159315,-28.4649811,0.926386178,43.7482491,5.99966335,Building,Surface,3.720413,3.944901,0.000000,0.000000,-22.619280,1.670200,44.670670,352.621900,264.243700,1.281836,104.047200,98.172010,0.300000,1000.000000,0.900730,2468,2740,50.000000,off,,0.43113488,0,0.902287483,1,1
1766648261844,2025-12-25 15:37:41.844,468.791100,7.109589,23,10,2,0.029195,0.000291,-0.034296,-0.033829,-0.215591,0.975891,-22.588200,1.666445,44.702940,-0.987156,-0.093902,-0.129203,-28.7697506,1.07843256,43.8938751,6.26194096,Building,Surface,3.756119,4.012177,0.000000,0.000000,-22.619230,1.669756,44.670470,352.893900,264.214500,1.271533,104.047200,98.172010,0.300000,1000.000000,0.900730,2468,2740,50.000000,off,,0.43113488,0,0.902287483,1,1
1766648261854,2025-12-25 15:37:41.854,468.802100,7.120544,23,10,2,0.027563,0.000167,-0.033892,-0.017075,-0.191132,0.981400,-22.588470,1.666055,44.701130,-0.990787,-0.073012,-0.113920,-28.9325943,1.19855034,43.9716873,6.40301228,Building,Surface,3.846146,3.989410,0.000000,0.000000,-22.619240,1.669315,44.670290,353.147900,264.173800,1.293428,104.047200,98.172010,0.300000,1000.000000,0.900730,2468,2740,50.000000,off,,0.43113488,0,0.902287483,1,1
1766648261865,2025-12-25 15:37:41.865,468.813200,7.131622,23,10,2,0.023021,0.000221,-0.034138,-0.014694,-0.179550,0.983627,-22.587730,1.665713,44.696460,-0.991490,-0.065684,-0.112296,-28.9430084,1.24468994,43.9766617,6.4097538,Building,Surface,3.881866,3.984116,0.000000,0.000000,-22.619210,1.668885,44.670100,353.405100,264.143000,1.326692,104.047200,98.172010,0.300000,1000.000000,0.900730,2468,2740,50.000000,off,,0.43113488,0,0.902287483,1,1
1766648261876,2025-12-25 15:37:41.876,468.824200,7.142639,23,10,2,0.023021,0.000221,-0.034138,-0.014694,-0.179550,0.983627,-22.587730,1.665513,44.696270,-0.991115,-0.070339,-0.112784,-28.9369392,1.21491265,43.9737625,6.40605021,Building,Surface,3.881866,3.984116,0.000000,0.000000,-22.619200,1.668514,44.669890,353.672200,264.107500,1.356795,104.047200,98.172010,0.300000,1000.000000,0.900730,2468,2740,50.000000,off,,0.43113488,0,0.902287483,1,1
1766648261888,2025-12-25 15:37:41.888,468.835400,7.153839,23,10,2,0.017009,0.000054,-0.033829,-0.015732,-0.168106,0.985642,-22.587390,1.664923,44.690080,-0.991414,-0.062970,-0.114588,-28.9073372,1.26350951,43.9596176,6.37467003,Building,Surface,3.865250,4.000198,0.000000,0.000000,-22.619150,1.668045,44.669690,353.912800,264.074800,1.395643,104.047200,98.172010,0.300000,1000.000000,0.900730,2468,2740,50.000000,off,,0.43113488,0,0.902287483,1,1
1766648261899,2025-12-25 15:37:41.899,468.846800,7.165253,23,10,2,0.016031,0.000089,-0.033877,-0.010193,-0.107788,0.994110,-22.587260,1.664650,44.688960,-0.993751,-0.006433,-0.111334,-28.9434128,1.62350368,43.9768562,6.39605093,Building,Surface,3.890427,3.979111,0.000000,0.000000,-22.619170,1.667605,44.669520,354.167800,264.036700,1.436006,104.047200,98.172010,0.300000,1000.000000,0.900730,2468,2740,50.000000,off,,0.43113488,0,0.902287483,1,1
1766648261910,2025-12-25 15:37:41.910,468.857600,7.176056,23,10,2,0.016031,0.000089,-0.033877,-0.010193,-0.107788,0.994110,-22.587200,1.664386,44.688730,-0.993668,-0.010412,-0.111769,-28.9381905,1.59783816,43.9743576,6.39138842,Building,Surface,3.890427,3.979111,0.000000,0.000000,-22.619110,1.667193,44.669270,354.395400,264.006200,1.483807,104.047200,98.172010,0.300000,1000.000000,0.900730,2468,2740,50.000000,off,,0.43113488,0,0.902287483,1,1
1766648261921,2025-12-25 15:37:41.921,468.868600,7.187073,23,10,2,0.023021,0.000221,-0.034138,-0.014694,-0.179550,0.983627,-22.587700,1.664474,44.695590,-0.989557,-0.086731,-0.115032,-28.9095936,1.11038351,43.9606934,6.38853979,Building,Surface,3.881866,3.984116,0.000000,0.000000,-22.619150,1.666846,44.669110,354.612500,263.938100,1.532097,104.047200,98.172010,0.300000,1000.000000,0.900730,2468,2740,50.000000,off,,0.43113488,0,0.902287483,1,1
1766648261932,2025-12-25 15:37:41.932,468.879800,7.198273,23,10,2,0.017009,0.000054,-0.033829,-0.015732,-0.168106,0.985642,-22.587350,1.663938,44.689370,-0.989961,-0.078794,-0.117325,-28.8750381,1.16348171,43.9441833,6.351439,Building,Surface,3.865250,4.000198,0.000000,0.000000,-22.619090,1.666472,44.668860,354.819700,263.878500,1.580178,104.047200,98.172010,0.300000,1000.000000,0.900730,2468,2740,50.000000,off,,0.43113488,0,0.902287483,1,1
1766648261943,2025-12-25 15:37:41.943,468.891000,7.209442,23,10,2,0.010158,-0.000030,-0.033671,-0.015747,-0.096069,0.995239,-22.586770,1.663431,44.682300,-0.992632,-0.009642,-0.120694,-28.8308716,1.60277855,43.9230804,6.29038191,Building,Surface,3.920929,3.973282,0.000000,0.000000,-22.619040,1.666101,44.668590,355.015700,263.814000,1.617285,104.047200,98.172010,0.300000,1000.000000,0.900730,2468,2740,50.000000,off,,0.43113488,0,0.902287483,1,1
1766648261954,2025-12-25 15:37:41.954,468.902000,7.220428,23,10,2,0.010158,-0.000030,-0.033671,-0.015747,-0.096069,0.995239,-22.586710,1.663246,44.682090,-0.992409,-0.012942,-0.122209,-28.8143673,1.58203125,43.9151955,6.27522326,Building,Surface,3.920929,3.973282,0.000000,0.000000,-22.618980,1.665800,44.668330,355.204400,263.723100,1.650913,104.047200,98.172010,0.300000,1000.000000,0.900730,2468,2740,50.000000,off,,0.43113488,0,0.902287483,1,1
1766648261965,2025-12-25 15:37:41.965,468.913100,7.231598,23,10,2,-0.005912,-0.000323,-0.033252,-0.016861,-0.060440,0.998016,-22.585310,1.662295,44.665840,-0.991826,0.019713,-0.125962,-28.7474976,1.7847712,43.8832436,6.21288967,Building,Surface,3.922119,4.027466,0.000000,0.000000,-22.618860,1.665471,44.668030,355.377700,263.625400,1.697906,104.047200,98.172010,0.300000,1000.000000,0.900730,2468,2740,50.000000,off,,0.43113488,0,0.902287483,1,1
1766648261976,2025-12-25 15:37:41.976,468.924300,7.242767,23,10,2,-0.017163,-0.000543,-0.032887,-0.024460,-0.038818,0.998932,-22.584280,1.661550,44.654390,-0.989975,0.038159,-0.135882,-28.6258774,1.89442623,43.8251266,6.10268879,Building,Surface,3.846649,4.032089,0.000000,0.000000,-22.618710,1.665166,44.667720,355.545500,263.518700,1.744162,104.047200,98.172010,0.300000,1000.000000,0.900730,2468,2740,50.000000,off,,0.43113488,0,0.902287483,1,1
1766648261988,2025-12-25 15:37:41.988,468.935300,7.253723,23,10,2,-0.017163,-0.000543,-0.032887,-0.024460,-0.038818,0.998932,-22.584070,1.661341,44.654130,-0.989808,0.035158,-0.137889,-28.6053333,1.87521648,43.8153152,6.08317184,Building,Surface,3.846649,4.032089,0.000000,0.000000,-22.618540,1.664875,44.667390,355.716500,263.401400,1.792156,104.047200,98.172010,0.300000,1000.000000,0.900730,2468,2740,50.000000,off,,0.43113488,0,0.902287483,1,1
1766648261999,2025-12-25 15:37:41.999,468.946400,7.264862,23,10,2,-0.018691,-0.000554,-0.032801,-0.012161,-0.031616,0.999420,-22.583810,1.661117,44.652360,-0.990985,0.039922,-0.127843,-28.7045937,1.90769362,43.8627472,6.17642784,Building,Surface,3.716339,4.102417,0.000000,0.000000,-22.618400,1.664623,44.667090,355.878600,263.288100,1.833859,104.047200,98.172010,0.300000,1000.000000,0.900730,2468,2740,50.000000,off,,0.43113488,0,0.902287483,1,1
1766648262010,2025-12-25 15:37:42.010,468.957800,7.276245,23,10,2,-0.013208,-0.000403,-0.033018,-0.011108,-0.027267,0.999558,-22.584010,1.661262,44.657570,-0.990758,0.041803,-0.128969,-28.7014675,1.91937566,43.861248,6.17446661,Building,Surface,3.816238,4.057541,0.000000,0.000000,-22.618230,1.664388,44.666750,356.021400,263.168700,1.881945,104.047200,98.172010,0.300000,1000.000000,0.900730,2468,2740,50.000000,off,,0.43113488,0,0.902287483,1,1
1766648262021,2025-12-25 15:37:42.021,468.968600,7.287079,23,10,2,0.003809,0.000004,-0.033599,0.009094,-0.016541,0.999817,-22.585220,1.662127,44.674230,-0.992462,0.051366,-0.111223,-28.9176865,1.98987126,43.9645615,6.38053131,Building,Surface,3.890427,4.075607,0.000000,0.000000,-22.618040,1.664266,44.666390,356.125600,263.052600,1.913033,104.047200,98.172010,0.300000,1000.000000,0.900730,2468,2740,50.000000,off,,0.43113488,0,0.902287483,1,1
1766648262032,2025-12-25 15:37:42.032,468.979700,7.298187,23,10,2,0.003809,0.000004,-0.033599,0.009094,-0.016541,0.999817,-22.585070,1.662014,44.673920,-0.992316,0.050000,-0.113133,-28.8963642,1.98002243,43.9543762,6.36013603,Building,Surface,3.890427,4.075607,0.000000,0.000000,-22.617890,1.664106,44.666020,356.204200,262.942500,1.929764,104.047200,98.172010,0.300000,1000.000000,0.900730,2468,2740,50.000000,off,,0.43113488,0,0.902287483,1,1
1766648262043,2025-12-25 15:37:42.043,468.990800,7.309296,23,10,2,-0.018691,-0.000554,-0.032801,-0.012161,-0.031616,0.999420,-22.582990,1.660678,44.651250,-0.990201,0.032819,-0.135697,-28.6226292,1.86085463,43.8235779,6.09937334,Building,Surface,3.716339,4.102417,0.000000,0.000000,-22.617720,1.663989,44.665690,356.284600,262.832000,1.947742,104.047200,98.172010,0.300000,1000.000000,0.900730,2468,2740,50.000000,off,,0.43113488,0,0.902287483,1,1
1766648262055,2025-12-25 15:37:42.055,469.002000,7.320465,23,10,2,-0.013208,-0.000403,-0.033018,-0.011108,-0.027267,0.999558,-22.583170,1.660985,44.656380,-0.989972,0.035907,-0.136561,-28.6221313,1.88002241,43.8233414,6.10008049,Building,Surface,3.816238,4.057541,0.000000,0.000000,-22.617470,1.663936,44.665290,356.358600,262.728800,1.967839,104.047200,98.172010,0.300000,1000.000000,0.900730,2468,2740,50.000000,off,,0.43113488,0,0.902287483,1,1
1766648262066,2025-12-25 15:37:42.066,469.013100,7.331543,23,10,2,-0.013208,-0.000403,-0.033018,-0.011108,-0.027267,0.999558,-22.582970,1.660864,44.656060,-0.989766,0.034762,-0.138337,-28.6037407,1.87232184,43.8145523,6.08296967,Building,Surface,3.816238,4.057541,0.000000,0.000000,-22.617290,1.663786,44.664920,356.423900,262.625400,1.999299,104.047200,98.172010,0.300000,1000.000000,0.900730,2468,2740,50.000000,off,,0.43113488,0,0.902287483,1,1
1766648262076,2025-12-25 15:37:42.076,469.024200,7.342651,23,10,2,0.009833,0.000130,-0.033764,0.010818,-0.021698,0.999695,-22.584900,1.662079,44.678700,-0.992158,0.039656,-0.118443,-28.8475838,1.912395,43.9310684,6.31211662,Building,Surface,3.853607,4.071640,0.000000,0.000000,-22.617060,1.663659,44.664570,356.506500,262.528300,2.029965,104.047200,98.172010,0.300000,1000.000000,0.900730,2468,2740,50.000000,off,,0.43113488,0,0.902287483,1,1
1766648262087,2025-12-25 15:37:42.087,469.035300,7.353760,23,10,2,0.015171,0.000302,-0.034036,0.022263,-0.011734,0.999680,-22.585110,1.662300,44.683690,-0.992876,0.048419,-0.108840,-28.960146,1.97318769,43.9848518,6.42075729,Building,Surface,3.943039,4.045456,0.000000,0.000000,-22.616850,1.663473,44.664200,356.597800,262.443600,2.061270,104.047200,98.172010,0.300000,1000.000000,0.900730,2468,2740,50.000000,off,,0.43113488,0,0.902287483,1,1
1766648262099,2025-12-25 15:37:42.099,469.046300,7.364777,23,10,2,0.019542,0.000404,-0.034305,-0.019684,-0.039459,0.999023,-22.585240,1.662500,44.687710,-0.988359,0.017326,-0.151124,-28.5290737,1.76669598,43.7788734,6.01381731,Building,Surface,3.905182,3.990051,0.000000,0.000000,-22.616650,1.663357,44.663800,356.705600,262.351500,2.088252,104.047200,98.172010,0.300000,1000.000000,0.900730,2468,2740,50.000000,off,,0.43113488,0,0.902287483,1,1
1766648262110,2025-12-25 15:37:42.110,469.057500,7.375946,23,10,2,0.019542,0.000404,-0.034305,-0.019684,-0.039459,0.999023,-22.585060,1.662378,44.687390,-0.988192,0.015636,-0.152401,-28.5161247,1.75622416,43.772686,6.00191927,Building,Surface,3.905182,3.990051,0.000000,0.000000,-22.616440,1.663169,44.663440,356.802000,262.276600,2.114612,104.047200,98.172010,0.300000,1000.000000,0.900730,2468,2740,50.000000,off,,0.43113488,0,0.902287483,1,1
1766648262121,2025-12-25 15:37:42.121,469.068500,7.386993,23,10,2,0.004410,0.000262,-0.034237,-0.129318,-0.022842,0.991333,-22.582860,1.661541,44.672100,-0.964838,0.025961,-0.261535,-27.5287399,1.79462016,43.3314362,5.12609053,Building,Surface,3.844635,4.059387,0.000000,0.000000,-22.616150,1.662966,44.663110,356.899300,262.211200,2.160848,104.047200,98.172010,0.300000,1000.000000,0.900730,2468,2740,50.000000,off,,0.393442094,0,0.919349432,1,1
1766648262132,2025-12-25 15:37:42.132,469.079700,7.398132,23,10,2,0.021350,0.000574,-0.034749,-0.141327,-0.019730,0.989761,-22.584490,1.662393,44.688660,-0.961257,0.026765,-0.274334,-27.453289,1.79795861,43.2991486,5.06500864,Building,Surface,3.747330,3.902023,0.000000,0.000000,-22.616020,1.662823,44.662800,356.995800,262.149500,2.200603,104.047200,98.172010,0.300000,1000.000000,0.900730,2468,2740,50.000000,off,,0.393442094,0,0.919349432,1,1
1766648262143,2025-12-25 15:37:42.144,469.090800,7.409210,23,10,2,0.021350,0.000574,-0.034749,-0.141327,-0.019730,0.989761,-22.584320,1.662304,44.688350,-0.960965,0.024958,-0.275525,-27.4437504,1.78851235,43.2950668,5.05680275,Building,Surface,3.747330,3.902023,0.000000,0.000000,-22.615830,1.662657,44.662450,357.093800,262.077700,2.247251,104.047200,98.172010,0.300000,1000.000000,0.900730,2468,2740,50.000000,off,,0.393442094,0,0.919349432,1,1
1766648262154,2025-12-25 15:37:42.154,469.101900,7.420319,23,10,2,0.019542,0.000404,-0.034305,-0.019684,-0.039459,0.999023,-22.584370,1.661993,44.686210,-0.987574,0.008842,-0.156880,-28.4709549,1.71469712,43.7511063,5.96062756,Building,Surface,3.905182,3.990051,0.000000,0.000000,-22.615650,1.662493,44.662120,357.188100,262.010400,2.290681,104.047200,98.172010,0.300000,1000.000000,0.900730,2468,2740,50.000000,off,,0.43113488,0,0.902287483,1,1
1766648262165,2025-12-25 15:37:42.165,469.112900,7.431396,23,10,2,0.004410,0.000262,-0.034237,-0.129318,-0.022842,0.991333,-22.582180,1.661163,44.670910,-0.963768,0.018611,-0.266067,-27.4916344,1.75596774,43.3155594,5.09398603,Building,Surface,3.844635,4.059387,0.000000,0.000000,-22.615450,1.662334,44.661770,357.299700,261.938000,2.348830,104.047200,98.172010,0.300000,1000.000000,0.900730,2468,2740,50.000000,off,,0.393442094,0,0.919349432,1,1
1766648262177,2025-12-25 15:37:42.177,469.124200,7.442627,23,10,2,0.018008,0.000498,-0.034647,-0.131165,-0.019836,0.991150,-22.583560,1.661855,44.684070,-0.962872,0.019659,-0.269196,-27.4864483,1.76195741,43.3133392,5.09187889,Building,Surface,3.786331,3.902328,0.000000,0.000000,-22.615330,1.662177,44.661380,357.402000,261.864300,2.392320,104.047200,98.172010,0.300000,1000.000000,0.900730,2468,2740,50.000000,off,,0.393442094,0,0.919349432,1,1
1766648262188,2025-12-25 15:37:42.188,469.135200,7.453674,23,10,2,0.018008,0.000498,-0.034647,-0.131165,-0.019836,0.991150,-22.583390,1.661730,44.683760,-0.962566,0.017833,-0.270415,-27.476572,1.75238371,43.3091125,5.08341503,Building,Surface,3.786331,3.902328,0.000000,0.000000,-22.615140,1.661974,44.661020,357.499700,261.790500,2.452499,104.047200,98.172010,0.300000,1000.000000,0.900730,2468,2740,50.000000,off,,0.393442094,0,0.919349432,1,1
1766648262199,2025-12-25 15:37:42.199,469.146500,7.464996,23,10,2,0.008381,0.000321,-0.034418,-0.121063,0.000580,0.992630,-22.582150,1.661100,44.673900,-0.964138,0.036728,-0.262793,-27.5204315,1.84921968,43.3278847,5.12189293,Building,Surface,3.812531,3.907120,0.000000,0.000000,-22.615000,1.661851,44.660670,357.608200,261.706500,2.499799,104.047200,98.172010,0.300000,1000.000000,0.900730,2468,2740,50.000000,off,,0.393442094,0,0.919349432,1,1
1766648262210,2025-12-25 15:37:42.210,469.157700,7.476196,23,10,2,0.008903,0.000345,-0.034465,-0.124954,-0.006516,0.992127,-22.582040,1.661061,44.674090,-0.963098,0.027522,-0.267688,-27.4830437,1.8011148,43.311882,5.08871889,Building,Surface,3.760208,3.894394,0.000000,0.000000,-22.614840,1.661695,44.660290,357.711900,261.623900,2.563216,104.047200,98.172010,0.300000,1000.000000,0.900730,2468,2740,50.000000,off,,0.393442094,0,0.919349432,1,1
1766648262221,2025-12-25 15:37:42.221,469.168500,7.487000,23,10,2,0.008903,0.000345,-0.034465,-0.124954,-0.006516,0.992127,-22.581950,1.660987,44.673780,-0.962653,0.025878,-0.269446,-27.4690323,1.79236126,43.3058891,5.07660913,Building,Surface,3.760208,3.894394,0.000000,0.000000,-22.614740,1.661559,44.659920,357.799100,261.518900,2.625115,104.047200,98.172010,0.300000,1000.000000,0.900730,2468,2740,50.000000,off,,0.393442094,0,0.919349432,1,1
1766648262232,2025-12-25 15:37:42.232,469.179600,7.498047,23,10,2,0.013673,0.000408,-0.034499,-0.117004,-0.003021,0.993118,-22.582530,1.661264,44.678130,-0.964299,0.028009,-0.263300,-27.5232296,1.8047713,43.3290787,5.12357903,Building,Surface,3.746445,3.834824,0.000000,0.000000,-22.614620,1.661482,44.659500,357.892300,261.434100,2.695912,104.047200,98.172010,0.300000,1000.000000,0.900730,2468,2740,50.000000,off,,0.393442094,0,0.919349432,1,1
1766648262243,2025-12-25 15:37:42.243,469.190900,7.509399,23,10,2,0.007098,0.000271,-0.034285,-0.118469,0.007614,0.992920,-22.581650,1.660785,44.671280,-0.962925,0.036966,-0.267191,-27.4821453,1.84891152,43.3114929,5.08912897,Building,Surface,3.756851,3.917175,0.000000,0.000000,-22.614470,1.661383,44.659100,357.975600,261.313500,2.763750,104.047200,98.172010,0.300000,1000.000000,0.900730,2468,2740,50.000000,off,,0.393442094,0,0.919349432,1,1
1766648262254,2025-12-25 15:37:42.254,469.201900,7.520355,23,10,2,0.007098,0.000271,-0.034285,-0.118469,0.007614,0.992920,-22.581600,1.660807,44.670940,-0.962392,0.035141,-0.269353,-27.4650288,1.83912158,43.3041725,5.07422066,Building,Surface,3.756851,3.917175,0.000000,0.000000,-22.614400,1.661339,44.658700,358.074000,261.185600,2.822818,104.047200,98.172010,0.300000,1000.000000,0.900730,2468,2740,50.000000,off,,0.393442094,0,0.919349432,1,1
1766648262266,2025-12-25 15:37:42.266,469.213000,7.531433,23,10,2,0.006286,0.000254,-0.034258,-0.119446,0.017471,0.992676,-22.581370,1.660715,44.669770,-0.961015,0.042907,-0.273107,-27.433754,1.87736225,43.2907906,5.04917336,Building,Surface,3.753296,3.895370,0.000000,0.000000,-22.614230,1.661232,44.658250,358.182800,261.044300,2.886641,104.047200,98.172010,0.300000,1000.000000,0.900730,2468,2740,50.000000,off,,0.393442094,0,0.919349432,1,1
1766648262276,2025-12-25 15:37:42.276,469.224200,7.542603,23,10,2,0.007572,0.000260,-0.034267,-0.111069,0.019333,0.993622,-22.581440,1.660790,44.670640,-0.962615,0.043091,-0.267413,-27.4789295,1.8800236,43.3101234,5.08767986,Building,Surface,3.753220,3.909546,0.000000,0.000000,-22.614090,1.661158,44.657770,358.297300,260.906700,2.959120,104.047200,98.172010,0.300000,1000.000000,0.900730,2468,2740,50.000000,off,,0.393442094,0,0.919349432,1,1
1766648262288,2025-12-25 15:37:42.288,469.235200,7.553619,23,10,2,0.030658,0.000141,-0.034641,-0.237335,-0.222061,0.945694,-22.584580,1.661815,44.693070,-0.903325,-0.207794,-0.375237,-26.7080269,0.713289022,42.9802094,4.56469154,Building,Surface,3.730850,3.840088,0.000000,0.000000,-22.613890,1.661019,44.657290,358.397800,260.754800,3.037840,104.047200,98.172010,0.300000,1000.000000,0.900730,2468,2740,50.000000,off,,0.393442094,0,0.919349432,1,1
1766648262299,2025-12-25 15:37:42.299,469.246300,7.564728,23,10,2,0.030658,0.000141,-0.034641,-0.237335,-0.222061,0.945694,-22.584560,1.661831,44.692630,-0.901870,-0.209970,-0.377517,-26.6919212,0.705570936,42.9733162,4.55421638,Building,Surface,3.730850,3.840088,0.000000,0.000000,-22.613770,1.660929,44.656760,358.512500,260.588100,3.106782,104.047200,98.172010,0.300000,1000.000000,0.900730,2468,2740,50.000000,off,,0.393442094,0,0.919349432,1,1
1766648262309,2025-12-25 15:37:42.309,469.257400,7.575806,23,10,2,0.006286,0.000254,-0.034258,-0.119446,0.017471,0.992676,-22.580730,1.660567,44.668100,-0.958185,0.034940,-0.283968,-27.3496265,1.83446383,43.2547874,4.97695351,Building,Surface,3.753296,3.895370,0.000000,0.000000,-22.613470,1.660797,44.656210,358.604900,260.402200,3.200662,104.047200,98.172010,0.300000,1000.000000,0.900730,2468,2740,50.000000,off,,0.393442094,0,0.919349432,1,1
1766648262321,2025-12-25 15:37:42.321,469.268600,7.587006,23,10,2,0.007572,0.000260,-0.034267,-0.111069,0.019333,0.993622,-22.580760,1.660666,44.668950,-0.959398,0.035769,-0.279769,-27.3823109,1.83968115,43.2687721,5.00474119,Building,Surface,3.753220,3.909546,0.000000,0.000000,-22.613240,1.660761,44.655670,358.683300,260.177200,3.283072,104.047200,98.172010,0.300000,1000.000000,0.900730,2468,2740,50.000000,off,,0.393442094,0,0.919349432,1,1
1766648262332,2025-12-25 15:37:42.332,469.279600,7.598083,23,10,2,0.007572,0.000260,-0.034267,-0.111069,0.019333,0.993622,-22.580480,1.660697,44.668440,-0.958090,0.034333,-0.284392,-27.3468952,1.83150065,43.2536163,4.97489691,Building,Surface,3.753220,3.909546,0.000000,0.000000,-22.612900,1.660736,44.655000,358.755300,259.902700,3.379335,104.047200,98.172010,0.300000,1000.000000,0.900730,2468,2740,50.000000,off,,0.393442094,0,0.919349432,1,1
1766648262343,2025-12-25 15:37:42.343,469.290700,7.609161,23,10,2,0.030732,0.000084,-0.034574,-0.250900,-0.224091,0.941711,-22.584070,1.661894,44.690740,-0.888195,-0.219315,-0.403731,-26.5221672,0.689491034,42.9006653,4.43379211,Building,Surface,3.735733,3.824326,0.000000,0.000000,-22.612580,1.660669,44.654330,358.815300,259.608800,3.462856,104.047200,98.172010,0.300000,1000.000000,0.900730,2468,2740,50.000000,off,,0.393442094,0,0.919349432,1,1
1766648262354,2025-12-25 15:37:42.354,469.301800,7.620300,23,10,2,0.030672,0.000068,-0.034591,-0.219391,-0.215576,0.951508,-22.583910,1.661951,44.690140,-0.900821,-0.209828,-0.380088,-26.6725159,0.709592462,42.9650116,4.53869486,Building,Surface,3.677612,3.786133,0.000000,0.000000,-22.612220,1.660669,44.653620,358.862500,259.262700,3.554235,104.047200,98.172010,0.300000,1000.000000,0.900730,2468,2740,50.000000,off,,0.393442094,0,0.919349432,1,1
1766648262366,2025-12-25 15:37:42.366,469.313000,7.631409,23,10,2,0.029021,0.000038,-0.034571,-0.217209,-0.199600,0.955490,-22.583470,1.661790,44.687950,-0.902172,-0.194474,-0.385029,-26.6465607,0.785941958,42.9539032,4.50363541,Building,Surface,3.680283,3.820709,0.000000,0.000000,-22.611840,1.660585,44.652870,358.895500,258.901200,3.624049,104.047200,98.172010,0.300000,1000.000000,0.900730,2468,2740,50.000000,off,,0.393442094,0,0.919349432,1,1
1766648262377,2025-12-25 15:37:42.377,469.324000,7.642456,23,10,2,0.029021,0.000038,-0.034571,-0.217209,-0.199600,0.955490,-22.583320,1.661855,44.687370,-0.899403,-0.195263,-0.391061,-26.6080418,0.788076758,42.9374161,4.47483969,Building,Surface,3.680283,3.820709,0.000000,0.000000,-22.611450,1.660595,44.652100,358.927600,258.499700,3.695119,104.047200,98.172010,0.300000,1000.000000,0.900730,2468,2740,50.000000,off,,0.393442094,0,0.919349432,1,1
1766648262388,2025-12-25 15:37:42.388,469.335100,7.653595,23,10,2,0.017219,-0.000174,-0.034329,-0.205689,-0.187958,0.960388,-22.580970,1.660909,44.675190,-0.903287,-0.183118,-0.387972,-26.617485,0.842610538,42.9414597,4.46865463,Building,Surface,3.680054,3.771347,0.000000,0.000000,-22.611020,1.660590,44.651270,358.929400,258.069600,3.776627,104.047200,98.172010,0.300000,1000.000000,0.900730,2468,2740,50.000000,off,,0.393442094,0,0.919349432,1,1
1766648262399,2025-12-25 15:37:42.399,469.346200,7.664673,23,10,2,0.006415,-0.000375,-0.034044,-0.186951,-0.173340,0.966950,-22.578670,1.660046,44.663960,-0.909981,-0.166964,-0.379534,-26.662447,0.910751939,42.9607048,4.48773289,Building,Surface,3.669250,3.766006,0.000000,0.000000,-22.610530,1.660642,44.650370,358.903000,257.576600,3.853179,104.047200,98.172010,0.300000,1000.000000,0.900730,2468,2740,50.000000,off,,0.393442094,0,0.919349432,1,1
1766648262410,2025-12-25 15:37:42.410,469.357300,7.675781,23,10,2,0.006415,-0.000375,-0.034044,-0.186951,-0.173340,0.966950,-22.578290,1.660195,44.663270,-0.906569,-0.166102,-0.387985,-26.6094818,0.921598017,42.9380379,4.44662333,Building,Surface,3.669250,3.766006,0.000000,0.000000,-22.610020,1.660821,44.649380,358.843700,257.036700,3.899894,104.047200,98.172010,0.300000,1000.000000,0.900730,2468,2740,50.000000,off,,0.393442094,0,0.919349432,1,1
1766648262421,2025-12-25 15:37:42.421,469.368400,7.686890,23,10,2,0.029021,0.000038,-0.034571,-0.217209,-0.199600,0.955490,-22.582590,1.662293,44.684590,-0.885573,-0.193514,-0.422249,-26.417717,0.824247658,42.8559685,4.3306303,Building,Surface,3.680283,3.820709,0.000000,0.000000,-22.609450,1.660998,44.648330,358.768500,256.445300,3.952998,104.047200,98.172010,0.300000,1000.000000,0.900730,2468,2740,50.000000,off,,0.393442094,0,0.919349432,1,1
1766648262432,2025-12-25 15:37:42.432,469.379700,7.698181,23,10,2,0.017219,-0.000174,-0.034329,-0.205689,-0.187958,0.960388,-22.579810,1.661402,44.672340,-0.888354,-0.179631,-0.422542,-26.4076309,0.887391329,42.8516541,4.30885267,Building,Surface,3.680054,3.771347,0.000000,0.000000,-22.608900,1.661172,44.647270,358.683100,255.827400,3.972403,104.047200,98.172010,0.300000,1000.000000,0.900730,2468,2740,50.000000,off,,0.393442094,0,0.919349432,1,1
1766648262443,2025-12-25 15:37:42.443,469.390600,7.709076,23,10,2,0.003439,-0.000429,-0.033974,-0.181763,-0.166596,0.969116,-22.576310,1.660317,44.658190,-0.897197,-0.154268,-0.413785,-26.4521027,0.993895769,42.8706856,4.31984663,Building,Surface,3.668167,3.742386,0.000000,0.000000,-22.608240,1.661365,44.646130,358.549400,255.131600,3.996497,104.047200,98.172010,0.300000,1000.000000,0.900730,2468,2740,50.000000,off,,0.393442094,0,0.919349432,1,1
1766648262454,2025-12-25 15:37:42.454,469.401800,7.720215,23,10,2,0.003439,-0.000429,-0.033974,-0.181763,-0.166596,0.969116,-22.575710,1.660481,44.657350,-0.892304,-0.152201,-0.424980,-26.38624,1.01051593,42.8424988,4.27039385,Building,Surface,3.668167,3.742386,0.000000,0.000000,-22.607490,1.661603,44.644900,358.421900,254.414100,4.029868,104.047200,98.172010,0.300000,1000.000000,0.900730,2468,2740,50.000000,off,,0.393442094,0,0.919349432,1,1
1766648262465,2025-12-25 15:37:42.465,469.412800,7.731262,23,10,2,0.000623,-0.000485,-0.033869,-0.153198,-0.166061,0.974136,-22.574460,1.660388,44.653850,-0.899625,-0.147164,-0.411104,-26.4647465,1.02400017,42.8760948,4.32431936,Building,Surface,3.633896,3.718521,0.000000,0.000000,-22.606740,1.661844,44.643690,358.280300,253.640900,4.054080,104.047200,98.172010,0.300000,1000.000000,0.900730,2468,2740,50.000000,off,,0.393442094,0,0.919349432,1,1
1766648262476,2025-12-25 15:37:42.476,469.424000,7.742432,23,10,2,0.002289,-0.000404,-0.033942,-0.141830,-0.167908,0.975540,-22.574220,1.660768,44.654650,-0.898762,-0.145309,-0.413642,-26.4512348,1.03394461,42.8703156,4.3137002,Building,Surface,3.612289,3.733307,0.000000,0.000000,-22.605940,1.662128,44.642410,358.107600,252.805000,4.101230,104.047200,98.172010,0.300000,1000.000000,0.900730,2468,2740,50.000000,off,,0.393442094,0,0.919349432,1,1
1766648262488,2025-12-25 15:37:42.488,469.435100,7.753540,23,10,2,0.016278,0.000646,-0.035460,-0.163467,-0.114426,0.979874,-22.576310,1.662987,44.667510,-0.887337,-0.090472,-0.452123,-26.2622356,1.28717375,42.7894287,4.15385008,Building,Surface,3.572037,3.649078,0.000000,0.000000,-22.605050,1.662448,44.641110,357.930100,251.940200,4.146873,104.047200,98.172010,0.300000,1000.000000,0.900730,2468,2740,50.000000,off,,0.393442094,0,0.919349432,1,1
1766648262499,2025-12-25 15:37:42.499,469.446200,7.764679,23,10,2,0.016278,0.000646,-0.035460,-0.163467,-0.114426,0.979874,-22.575860,1.663320,44.666650,-0.880457,-0.087180,-0.466008,-26.18503,1.3059516,42.7563896,4.0991354,Building,Surface,3.572037,3.649078,0.000000,0.000000,-22.604180,1.662892,44.639810,357.731400,251.040600,4.191055,104.047200,98.172010,0.300000,1000.000000,0.900730,2468,2740,50.000000,off,,0.393442094,0,0.919349432,1,1
1766648262510,2025-12-25 15:37:42.510,469.457300,7.775757,23,10,2,0.000623,-0.000485,-0.033869,-0.153198,-0.166061,0.974136,-22.571660,1.661471,44.650630,-0.874646,-0.134226,-0.465796,-26.1537209,1.11175632,42.7429886,4.09541798,Building,Surface,3.633896,3.718521,0.000000,0.000000,-22.603230,1.663388,44.638500,357.496200,250.112300,4.246542,104.047200,98.172010,0.300000,1000.000000,0.900730,2468,2740,50.000000,off,,0.393442094,0,0.919349432,1,1
1766648262521,2025-12-25 15:37:42.521,469.468400,7.786865,23,10,2,0.002289,-0.000404,-0.033942,-0.141830,-0.167908,0.975540,-22.571390,1.661986,44.651420,-0.872536,-0.130170,-0.470876,-26.128067,1.13138008,42.7320099,4.07622623,Building,Surface,3.612289,3.733307,0.000000,0.000000,-22.602230,1.663875,44.637180,357.201400,249.117000,4.275449,104.047200,98.172010,0.300000,1000.000000,0.900730,2468,2740,50.000000,off,,0.393442094,0,0.919349432,1,1
1766648262532,2025-12-25 15:37:42.532,469.479700,7.798187,23,10,2,0.002289,-0.000404,-0.033942,-0.141830,-0.167908,0.975540,-22.570550,1.662378,44.650610,-0.865186,-0.125346,-0.485520,-26.049427,1.15836692,42.6983604,4.02093315,Building,Surface,3.612289,3.733307,0.000000,0.000000,-22.601140,1.664434,44.635860,356.917700,248.162800,4.295258,104.047200,98.172010,0.300000,1000.000000,0.900730,2468,2740,50.000000,off,,0.393442094,0,0.919349432,1,1
1766648262543,2025-12-25 15:37:42.543,469.490800,7.809204,23,10,2,0.017429,0.001201,-0.036372,-0.248871,-0.016418,0.968384,-22.573200,1.665333,44.664590,-0.797330,0.022568,-0.603099,-25.4894753,1.74787688,42.4587173,3.65750337,Building,Surface,3.565536,3.812653,0.000000,0.000000,-22.600100,1.665000,44.634520,356.606200,247.198400,4.250903,104.047200,98.172010,0.300000,1000.000000,0.900730,2468,2740,50.000000,off,,0.393442094,0,0.919349432,1,1
1766648262554,2025-12-25 15:37:42.554,469.501700,7.820129,23,10,2,0.001092,0.001728,-0.036852,-0.352768,0.166000,0.920853,-22.565630,1.665057,44.648940,-0.685687,0.199275,-0.700067,-24.940834,2.35534072,42.2239304,3.4639256,Building,Surface,3.367477,3.840790,0.000000,0.000000,-22.599000,1.665653,44.633180,356.272900,246.209700,4.201042,104.047200,98.172010,0.300000,1000.000000,0.900730,2468,2740,50.000000,off,,0.393442094,0,0.919349432,1,1
1766648262565,2025-12-25 15:37:42.565,469.512800,7.831268,23,10,2,0.001092,0.001728,-0.036852,-0.352768,0.166000,0.920853,-22.564770,1.665442,44.648210,-0.672938,0.204742,-0.710779,-24.883297,2.37085629,42.1993027,3.44533277,Building,Surface,3.367477,3.840790,0.000000,0.000000,-22.597870,1.666250,44.631900,355.944900,245.257800,4.159954,104.047200,98.172010,0.300000,1000.000000,0.900730,2468,2740,50.000000,off,,0.393442094,0,0.919349432,1,1
1766648262577,2025-12-25 15:37:42.577,469.524000,7.842438,23,10,2,0.001567,0.003581,-0.041393,-0.395798,0.251617,0.883179,-22.559800,1.667392,44.649960,-0.599145,0.289247,-0.746548,-24.6177769,2.66091466,42.0856705,3.43481183,Building,Surface,3.567932,3.776260,40.550960,0.000000,-22.596680,1.666884,44.630760,355.613200,244.305300,4.145848,104.047200,98.172010,0.300000,1000.000000,0.900730,2468,2740,50.000000,off,,0.393442094,0,0.919349432,1,1
1766648262588,2025-12-25 15:37:42.588,469.535000,7.853455,23,10,2,0.002006,0.005037,-0.044985,-0.432709,0.285645,0.855072,-22.555730,1.668855,44.651410,-0.540506,0.322505,-0.777060,-24.4040298,2.77168369,41.9941978,3.41953373,Building,Surface,3.660706,3.407394,0.645389,0.000000,-22.595450,1.667387,44.629670,355.302800,243.371700,4.181398,104.047200,98.172010,0.300000,1000.000000,0.900730,2468,2740,50.000000,off,,0.393442094,0,0.919349432,1,1
1766648262599,2025-12-25 15:37:42.599,469.546100,7.864532,23,10,2,0.032126,0.005555,-0.044660,-0.550476,0.364456,0.751083,-22.568690,1.671907,44.677610,-0.372035,0.386946,-0.843707,-23.8554649,3.01025701,41.7594376,3.45871496,Building,Surface,3.582504,4.832977,10.261760,0.000000,-22.594120,1.667912,44.628670,354.998800,242.449000,4.246211,104.047200,98.172010,0.300000,1000.000000,0.900730,2468,2740,50.000000,off,,0.393442094,0,0.919349432,1,1
1766648262610,2025-12-25 15:37:42.610,469.557300,7.875702,23,10,2,0.032126,0.005555,-0.044660,-0.550476,0.364456,0.751083,-22.567980,1.672136,44.677200,-0.356840,0.390206,-0.848754,-23.8039589,3.02368283,41.7373924,3.46363854,Building,Surface,3.582504,4.832977,10.261760,0.000000,-22.592680,1.668353,44.627880,354.668800,241.565000,4.334148,104.047200,98.172010,0.300000,1000.000000,0.900730,2468,2740,50.000000,off,,0.393442094,0,0.919349432,1,1
1766648262621,2025-12-25 15:37:42.621,469.568300,7.886780,23,10,2,0.001567,0.003581,-0.041393,-0.395798,0.251617,0.883179,-22.555760,1.668493,44.648450,-0.544869,0.306501,-0.780479,-24.4076633,2.71022987,41.9957504,3.39875889,Building,Surface,3.567932,3.776260,166.215600,0.000000,-22.591370,1.668908,44.626990,354.332700,240.702200,4.420606,104.047200,98.172010,0.300000,1000.000000,0.900730,2468,2740,50.000000,off,,0.393442094,0,0.919349432,1,1
1766648262632,2025-12-25 15:37:42.632,469.579600,7.898071,23,10,2,0.002006,0.005037,-0.044985,-0.432709,0.285645,0.855072,-22.551640,1.669904,44.650290,-0.484370,0.339180,-0.806424,-24.1995544,2.82385588,41.9066887,3.40214229,Building,Surface,3.660706,3.407394,41.556840,0.000000,-22.589990,1.669489,44.626160,353.956200,239.842500,4.534225,104.047200,98.172010,0.300000,1000.000000,0.900730,2468,2740,50.000000,off,,0.393442094,0,0.919349432,1,1
1766648262643,2025-12-25 15:37:42.643,469.590500,7.908997,23,10,2,0.031567,0.005594,-0.045154,-0.540894,0.360306,0.759979,-22.565280,1.673084,44.675560,-0.324560,0.398735,-0.857686,-23.6948013,3.06074429,41.6906776,3.48007679,Building,Surface,3.589325,4.532898,664.846500,0.000000,-22.588550,1.670076,44.625410,353.566600,239.010900,4.619960,104.047200,98.172010,0.300000,1000.000000,0.900730,2468,2740,50.000000,off,,0.393442094,0,0.919349432,1,1
1766648262654,2025-12-25 15:37:42.654,469.601700,7.920105,23,10,2,0.031567,0.005594,-0.045154,-0.540894,0.360306,0.759979,-22.564450,1.673579,44.675190,-0.309716,0.402139,-0.861577,-23.6449738,3.07654572,41.6693535,3.48868132,Building,Surface,3.589325,4.532898,664.846500,0.000000,-22.587030,1.670799,44.624710,353.195100,238.185400,4.747427,104.047200,98.172010,0.300000,1000.000000,0.900730,2468,2740,50.000000,off,,0.393442094,0,0.919349432,1,1
1766648262665,2025-12-25 15:37:42.665,469.612900,7.931335,23,10,2,0.019538,0.004133,-0.041289,-0.554337,0.411804,0.723251,-22.560750,1.671945,44.662590,-0.249181,0.450972,-0.857029,-23.4547043,3.28984404,41.5879288,3.58752084,Building,Surface,3.921783,4.297760,0.009839,0.000000,-22.585550,1.671386,44.624010,352.801800,237.363300,4.874595,104.047200,98.172010,0.300000,1000.000000,0.900730,2468,2740,50.000000,off,,0.393442094,0,0.919349432,1,1
1766648262676,2025-12-25 15:37:42.676,469.623900,7.942322,23,10,2,0.006627,0.003132,-0.038953,-0.552795,0.449844,0.701462,-22.555000,1.670783,44.650120,-0.211178,0.488555,-0.846587,-23.331955,3.46825218,41.5353928,3.67913842,Building,Surface,4.074173,4.419907,0.009839,0.000000,-22.584140,1.672247,44.623290,352.428500,236.565000,5.033157,104.047200,98.172010,0.300000,1000.000000,0.900730,2468,2740,50.000000,off,,0.393442094,0,0.919349432,1,1
1766648262688,2025-12-25 15:37:42.688,469.635000,7.953430,23,10,2,0.006627,0.003132,-0.038953,-0.552795,0.449844,0.701462,-22.553800,1.671189,44.649960,-0.196246,0.491079,-0.848717,-23.2791901,3.48638272,41.5128174,3.69632196,Building,Surface,4.074173,4.419907,0.009839,0.000000,-22.582570,1.672899,44.622750,352.036800,235.777100,5.215070,104.047200,98.172010,0.300000,1000.000000,0.900730,2468,2740,50.000000,off,,0.393442094,0,0.919349432,1,1
1766648262699,2025-12-25 15:37:42.699,469.646100,7.964539,23,10,2,0.026646,0.003561,-0.039978,-0.523850,0.400726,0.751633,-22.562970,1.673687,44.666870,-0.246548,0.455391,-0.855444,-23.4508305,3.3136282,41.5862732,3.60108423,Building,Surface,3.880920,4.104828,0.039847,0.000000,-22.581050,1.673519,44.622220,351.632400,234.988300,5.391343,104.047200,98.172010,0.300000,1000.000000,0.900730,2468,2740,50.000000,off,,0.393442094,0,0.919349432,1,1
1766648262709,2025-12-25 15:37:42.709,469.657200,7.975677,23,10,2,0.029748,0.002942,-0.038013,-0.524933,0.447113,0.724228,-22.565580,1.674202,44.667970,-0.200769,0.500219,-0.842285,-23.3140888,3.53912544,41.5277481,3.72816062,Building,Surface,4.056442,4.225830,0.002506,0.000000,-22.579630,1.674271,44.621700,351.193500,234.216800,5.576652,104.047200,98.172010,0.300000,1000.000000,0.900730,2468,2740,50.000000,off,,0.393442094,0,0.919349432,1,1
1766648262721,2025-12-25 15:37:42.721,469.668300,7.986786,23,10,2,0.029748,0.002942,-0.038013,-0.524933,0.447113,0.724228,-22.564590,1.674722,44.667760,-0.185961,0.504443,-0.843164,-23.2620373,3.56663513,41.5054741,3.75044227,Building,Surface,4.056442,4.225830,0.002506,0.000000,-22.578050,1.675050,44.621310,350.703600,233.472400,5.716130,104.047200,98.172010,0.300000,1000.000000,0.900730,2468,2740,50.000000,off,,0.393442094,0,0.919349432,1,1
1766648262732,2025-12-25 15:37:42.732,469.679400,7.997894,23,10,2,0.030991,0.003937,-0.041030,-0.459229,0.361862,0.811249,-22.561840,1.675880,44.670320,-0.294452,0.447317,-0.844491,-23.6129723,3.27270985,41.6556587,3.56972218,Building,Surface,3.752701,4.137177,0.040579,0.000000,-22.576550,1.675927,44.620890,350.149000,232.731000,5.853684,104.047200,98.172010,0.300000,1000.000000,0.900730,2468,2740,50.000000,off,,0.393442094,0,0.919349432,1,1
1766648262743,2025-12-25 15:37:42.743,469.690500,8.008972,23,10,2,0.011422,0.003263,-0.039705,-0.354630,0.330612,0.874588,-22.550260,1.674023,44.653840,-0.397950,0.445226,-0.802110,-23.9633522,3.25498772,41.8056068,3.55087399,Building,Surface,3.557037,4.008514,10.325730,0.000000,-22.574880,1.676844,44.620620,349.571800,232.012000,5.998655,104.047200,98.172010,0.300000,1000.000000,0.900730,2468,2740,50.000000,off,,0.393442094,0,0.919349432,1,1
1766648262754,2025-12-25 15:37:42.754,469.701700,8.020142,23,10,2,0.029748,0.002942,-0.038013,-0.524933,0.447113,0.724228,-22.561670,1.676646,44.667130,-0.140751,0.519495,-0.842784,-23.1011868,3.66793323,41.4366341,3.83306503,Building,Surface,4.056442,4.225830,2611.637000,0.000000,-22.573420,1.677909,44.620240,348.974400,231.316500,6.165052,104.047200,98.172010,0.300000,1000.000000,0.900730,2468,2740,50.000000,off,,0.393442094,0,0.919349432,1,1
1766648262765,2025-12-25 15:37:42.765,469.712900,8.031342,23,10,2,0.029748,0.002942,-0.038013,-0.524933,0.447113,0.724228,-22.560580,1.677337,44.667130,-0.125992,0.524724,-0.841880,-23.0474796,3.70515251,41.4136505,3.86448216,Building,Surface,4.056442,4.225830,2611.637000,0.000000,-22.571780,1.678931,44.620120,348.368800,230.632300,6.315988,104.047200,98.172010,0.300000,1000.000000,0.900730,2468,2740,50.000000,off,,0.393442094,0,0.919349432,1,1
1766648262776,2025-12-25 15:37:42.776,469.723800,8.042297,23,10,2,0.030991,0.003937,-0.041030,-0.459229,0.361862,0.811249,-22.557870,1.678577,44.669950,-0.237289,0.473142,-0.848405,-23.4235992,3.40479517,41.5746155,3.64834261,Building,Surface,3.752701,4.137177,2707.574000,0.000000,-22.570280,1.680059,44.619920,347.716400,229.986300,6.495407,104.047200,98.172010,0.300000,1000.000000,0.900730,2468,2740,50.000000,off,,0.393442094,0,0.919349432,1,1
1766648262788,2025-12-25 15:37:42.788,469.734900,8.053345,23,10,2,0.009591,0.003301,-0.039622,-0.324585,0.325409,0.888107,-22.544590,1.676519,44.652580,-0.374308,0.476431,-0.795543,-23.8973923,3.39840674,41.7773781,3.61410499,Building,Surface,3.400497,3.733383,660.925100,0.000000,-22.568700,1.681078,44.619860,347.103300,229.387000,6.685267,104.047200,98.172010,0.300000,1000.000000,0.900730,2468,2740,50.000000,off,,0.393442094,0,0.919349432,1,1
1766648262798,2025-12-25 15:37:42.798,469.746100,8.064545,23,10,2,0.009591,0.003301,-0.039622,-0.324585,0.325409,0.888107,-22.543360,1.677021,44.652880,-0.362497,0.483491,-0.796752,-23.8590813,3.43190432,41.7609825,3.62957501,Building,Surface,3.400497,3.733383,660.925100,0.000000,-22.567130,1.681957,44.619970,346.515100,228.834200,6.872587,104.047200,98.172010,0.300000,1000.000000,0.900730,2468,2740,50.000000,off,,0.393442094,0,0.919349432,1,1
1766648262810,2025-12-25 15:37:42.810,469.757200,8.075623,23,10,2,-0.001382,0.003635,-0.039513,-0.355652,0.430832,0.829376,-22.535300,1.676690,44.644780,-0.260782,0.573762,-0.776375,-23.5485916,3.90609264,41.628109,3.8855257,Building,Surface,3.829910,3.932541,2675.700000,0.000000,-22.565750,1.682961,44.620090,345.932400,228.290700,7.085090,104.047200,98.172010,0.300000,1000.000000,0.900730,2468,2740,50.000000,off,,0.393442094,0,0.919349432,1,1
1766648262821,2025-12-25 15:37:42.821,469.768400,8.086853,23,10,2,-0.014136,0.004229,-0.039982,-0.329224,0.522751,0.786331,-22.525350,1.675988,44.635970,-0.210740,0.659849,-0.721222,-23.4202881,4.47813129,41.5732002,4.2465868,Building,Surface,3.646484,4.141541,10701.800000,0.000000,-22.564240,1.683753,44.620370,345.381100,227.807000,7.279087,104.047200,98.172010,0.300000,1000.000000,0.900730,2468,2740,50.000000,off,,0.393442094,0,0.919349432,1,1
1766648262832,2025-12-25 15:37:42.832,469.779200,8.097656,23,10,2,-0.014902,0.003095,-0.035630,-0.365097,0.704742,0.608292,-22.527040,1.676441,44.632960,0.000764,0.787338,-0.616503,-22.5227966,6.04918575,41.2090073,5.55377245,Building,Surface,4.563293,5.187744,167.227300,0.000000,-22.562830,1.684663,44.620620,344.860200,227.349100,7.499221,104.047200,98.172010,0.300000,1000.000000,0.900730,2468,2740,50.000000,off,,0.413561702,0,0.910476148,1,1
1766648262843,2025-12-25 15:37:42.843,469.790300,8.108704,23,10,2,-0.014902,0.003095,-0.035630,-0.365097,0.704742,0.608292,-22.525720,1.676843,44.633560,0.011874,0.789424,-0.613715,-22.4589024,6.11919308,41.179985,5.62726593,Building,Surface,4.563293,5.187744,167.227300,0.000000,-22.561360,1.685424,44.621020,344.352500,226.909900,7.705713,104.047200,98.172010,0.300000,1000.000000,0.900730,2468,2740,50.000000,off,,0.413561702,0,0.910476148,1,1
1766648262854,2025-12-25 15:37:42.854,469.801400,8.119843,23,10,2,0.000745,0.003666,-0.037500,-0.342377,0.670075,0.658600,-22.533330,1.679370,44.647050,-0.037457,0.775414,-0.630322,-22.7319908,5.79191208,41.3040237,5.30360937,Building,Surface,4.335602,4.955795,10702.050000,0.000000,-22.560050,1.686219,44.621370,343.842600,226.503300,7.921988,104.047200,98.172010,0.300000,1000.000000,0.900730,2468,2740,50.000000,off,,0.413561702,0,0.910476148,1,1
1766648262865,2025-12-25 15:37:42.865,469.812500,8.130920,23,10,2,0.026184,0.003614,-0.038639,-0.282883,0.589111,0.756897,-22.548040,1.682831,44.667270,-0.158785,0.737384,-0.656521,-23.29916,5.17096758,41.5616493,4.73034334,Building,Surface,4.149689,4.477539,10638.050000,0.000000,-22.558600,1.686935,44.621840,343.359300,226.109200,8.097847,104.047200,98.172010,0.300000,1000.000000,0.900730,2468,2740,50.000000,off,,0.413561702,0,0.910476148,1,1
1766648262876,2025-12-25 15:37:42.876,469.823700,8.142120,23,10,2,0.026184,0.003614,-0.038639,-0.282883,0.589111,0.756897,-22.547030,1.683441,44.667570,-0.148991,0.741031,-0.654708,-23.2580853,5.21999121,41.5429955,4.77239609,Building,Surface,4.149689,4.477539,10638.050000,0.000000,-22.557300,1.687795,44.622100,342.878400,225.726700,8.280258,104.047200,98.172010,0.300000,1000.000000,0.900730,2468,2740,50.000000,off,,0.413561702,0,0.910476148,1,1
1766648262887,2025-12-25 15:37:42.887,469.834900,8.153320,23,10,2,0.022832,0.003772,-0.039275,-0.266113,0.563477,0.782089,-22.543250,1.683474,44.665950,-0.175835,0.730412,-0.659975,-23.3626347,5.08717728,41.5904808,4.6599474,Building,Surface,3.952240,4.266693,10638.050000,0.000000,-22.555940,1.688591,44.622470,342.400200,225.367700,8.460974,104.047200,98.172010,0.300000,1000.000000,0.900730,2468,2740,50.000000,off,,0.413561702,0,0.910476148,1,1
1766648262898,2025-12-25 15:37:42.898,469.846000,8.164429,23,10,2,0.000745,0.003666,-0.037500,-0.342377,0.670075,0.658600,-22.528720,1.681171,44.649160,0.001992,0.785115,-0.619327,-22.5176506,6.04518461,41.2066689,5.55837059,Building,Surface,4.335602,4.955795,167.223400,0.000000,-22.554610,1.689252,44.622990,341.928300,224.991200,8.651114,104.047200,98.172010,0.300000,1000.000000,0.900730,2468,2740,50.000000,off,,0.413561702,0,0.910476148,1,1
1766648262910,2025-12-25 15:37:42.910,469.857100,8.175537,23,10,2,0.026184,0.003614,-0.038639,-0.282883,0.589111,0.756897,-22.543970,1.684830,44.669110,-0.120156,0.751079,-0.649161,-23.1331043,5.3674283,41.4862213,4.90299654,Building,Surface,4.149689,4.477539,10702.550000,0.000000,-22.553360,1.689896,44.623520,341.477100,224.596900,8.858295,104.047200,98.172010,0.300000,1000.000000,0.900730,2468,2740,50.000000,off,,0.413561702,0,0.910476148,1,1
1766648262921,2025-12-25 15:37:42.921,469.868000,8.186462,23,10,2,0.026184,0.003614,-0.038639,-0.282883,0.589111,0.756897,-22.542960,1.685206,44.669700,-0.110335,0.754035,-0.647477,-23.088871,5.41599989,41.4661293,4.94769716,Building,Surface,4.149689,4.477539,10702.550000,0.000000,-22.552040,1.690489,44.624080,341.033000,224.184900,9.063818,104.047200,98.172010,0.300000,1000.000000,0.900730,2468,2740,50.000000,off,,0.413561702,0,0.910476148,1,1
1766648262932,2025-12-25 15:37:42.932,469.879200,8.197601,23,10,2,0.021135,0.003794,-0.039460,-0.244003,0.539871,0.805588,-22.537870,1.684863,44.667160,-0.175829,0.732857,-0.657248,-23.3611374,5.11623859,41.5898018,4.68211889,Building,Surface,3.911453,4.265091,10702.550000,0.000000,-22.550650,1.691212,44.624560,340.622200,223.777400,9.268279,104.047200,98.172010,0.300000,1000.000000,0.900730,2468,2740,50.000000,off,,0.413561702,0,0.910476148,1,1
1766648262943,2025-12-25 15:37:42.943,469.890300,8.208710,23,10,2,0.024178,0.003456,-0.038492,-0.228485,0.527268,0.818390,-22.539610,1.685707,44.669240,-0.189308,0.731243,-0.655305,-23.42132,5.09149265,41.6171379,4.65747738,Building,Surface,3.889771,4.149414,42556.200000,0.000000,-22.549250,1.691800,44.625100,340.197600,223.339700,9.463380,104.047200,98.172010,0.300000,1000.000000,0.900730,2468,2740,50.000000,off,,0.413561702,0,0.910476148,1,1
1766648262954,2025-12-25 15:37:42.954,469.901300,8.219757,23,10,2,0.024178,0.003456,-0.038492,-0.228485,0.527268,0.818390,-22.538590,1.686230,44.669670,-0.179306,0.734572,-0.654395,-23.3801174,5.1337676,41.598423,4.69321203,Building,Surface,3.889771,4.149414,42556.200000,0.000000,-22.547870,1.692526,44.625480,339.783300,222.867800,9.666053,104.047200,98.172010,0.300000,1000.000000,0.900730,2468,2740,50.000000,off,,0.413561702,0,0.910476148,1,1
1766648262964,2025-12-25 15:37:42.964,469.912500,8.230957,23,10,2,0.017475,0.003135,-0.037880,-0.205627,0.514237,0.832611,-22.533420,1.685496,44.664980,-0.198266,0.734497,-0.648975,-23.4592857,5.11546612,41.6343842,4.66973591,Building,Surface,3.850159,4.203476,10638.300000,0.000000,-22.546420,1.693148,44.625970,339.368600,222.360600,9.875154,104.047200,98.172010,0.300000,1000.000000,0.900730,2468,2740,50.000000,off,,0.413561702,0,0.910476148,1,1
1766648262976,2025-12-25 15:37:42.976,469.923600,8.242096,23,10,2,0.005728,0.002788,-0.037324,-0.202454,0.514633,0.833145,-22.524650,1.683937,44.656800,-0.189842,0.738752,-0.646662,-23.4175167,5.1584444,41.6154099,4.70313358,Building,Surface,3.862976,4.166794,676.831000,0.000000,-22.544940,1.693833,44.626400,338.968000,221.809900,10.104620,104.047200,98.172010,0.300000,1000.000000,0.900730,2468,2740,50.000000,off,,0.413561702,0,0.910476148,1,1
1766648262987,2025-12-25 15:37:42.987,469.934800,8.253204,23,10,2,0.019390,0.002867,-0.037608,-0.170227,0.420441,0.891190,-22.532830,1.686557,44.667060,-0.271369,0.682475,-0.678640,-23.7188797,4.66939688,41.7009811,4.37054491,Building,Surface,3.603271,3.894180,10.388720,0.000000,-22.543440,1.694448,44.626770,338.545100,221.209300,10.342380,104.047200,98.172010,0.300000,1000.000000,0.900730,2468,2740,50.000000,off,,0.393442094,0,0.919349432,1,1
1766648262999,2025-12-25 15:37:42.999,469.945800,8.264221,23,10,2,0.019390,0.002867,-0.037608,-0.170227,0.420441,0.891190,-22.531670,1.686889,44.667550,-0.260063,0.686168,-0.679343,-23.6745758,4.70240974,41.6820221,4.39465189,Building,Surface,3.603271,3.894180,10.388720,0.000000,-22.541850,1.694960,44.627180,338.162300,220.584900,10.569560,104.047200,98.172010,0.300000,1000.000000,0.900730,2468,2740,50.000000,off,,0.393442094,0,0.919349432,1,1
1766648263010,2025-12-25 15:37:43.010,469.956900,8.275360,23,10,2,0.017475,0.003135,-0.037880,-0.205627,0.514237,0.832611,-22.529020,1.687030,44.666800,-0.153037,0.746759,-0.647220,-23.2667255,5.28673601,41.546917,4.82034969,Building,Surface,3.850159,4.203476,0.641467,0.000000,-22.540370,1.695469,44.627430,337.790600,219.947300,10.788020,104.047200,98.172010,0.300000,1000.000000,0.900730,2468,2740,50.000000,off,,0.413561702,0,0.910476148,1,1
1766648263020,2025-12-25 15:37:43.020,469.968000,8.286469,23,10,2,0.005728,0.002788,-0.037324,-0.202454,0.514633,0.833145,-22.519980,1.685068,44.658760,-0.144366,0.749829,-0.645663,-23.2204647,5.32335281,41.5259018,4.85206985,Building,Surface,3.862976,4.166794,2.612682,0.000000,-22.538790,1.695810,44.627710,337.504500,219.268800,10.997690,104.047200,98.172010,0.300000,1000.000000,0.900730,2468,2740,50.000000,off,,0.413561702,0,0.910476148,1,1
1766648263032,2025-12-25 15:37:43.032,469.979400,8.297821,23,10,2,0.005728,0.002788,-0.037324,-0.202454,0.514633,0.833145,-22.518900,1.685197,44.659150,-0.133419,0.751225,-0.646394,-23.1703205,5.35305691,41.5031281,4.88242006,Building,Surface,3.862976,4.166794,2.612682,0.000000,-22.537320,1.696067,44.627910,337.272900,218.559600,11.203760,104.047200,98.172010,0.300000,1000.000000,0.900730,2468,2740,50.000000,off,,0.413561702,0,0.910476148,1,1
1766648263043,2025-12-25 15:37:43.043,469.990400,8.308838,23,10,2,0.017014,0.002932,-0.037659,-0.169327,0.426270,0.888596,-22.525700,1.687272,44.667320,-0.212703,0.699711,-0.682012,-23.4823933,4.83442259,41.5997772,4.49773788,Building,Surface,3.462097,3.937057,10.325970,0.000000,-22.535750,1.696172,44.628130,337.113000,217.826500,11.401460,104.047200,98.172010,0.300000,1000.000000,0.900730,2468,2740,50.000000,off,,0.393442094,0,0.919349432,1,1
1766648263054,2025-12-25 15:37:43.054,470.001300,8.319733,23,10,2,-0.012242,0.003280,-0.038741,-0.245773,0.479691,0.842300,-22.502470,1.681650,44.649400,-0.099513,0.716264,-0.690682,-22.9689617,5.03930664,41.4116669,4.68768406,Building,Surface,3.739761,3.965988,2659.512000,0.000000,-22.534240,1.696099,44.628350,336.992900,217.092300,11.595050,104.047200,98.172010,0.300000,1000.000000,0.900730,2468,2740,50.000000,off,,0.413561702,0,0.910476148,1,1
1766648263065,2025-12-25 15:37:43.065,470.012400,8.330811,23,10,2,0.000419,0.003737,-0.038997,-0.392670,0.535324,0.747803,-22.510270,1.684168,44.658250,0.093098,0.701507,-0.706534,-22.026041,5.33290386,40.9833641,5.20120335,Building,Surface,4.016800,4.232910,0.160367,0.000000,-22.532690,1.696015,44.628380,336.914500,216.347600,11.786070,104.047200,98.172010,0.300000,1000.000000,0.900730,2468,2740,50.000000,off,,0.413561702,0,0.910476148,1,1
1766648263076,2025-12-25 15:37:43.076,470.023600,8.342010,23,10,2,0.000419,0.003737,-0.038997,-0.392670,0.535324,0.747803,-22.509220,1.683965,44.658640,0.103492,0.700663,-0.705926,-21.9664383,5.35871029,40.9562912,5.24459219,Building,Surface,4.016800,4.232910,0.160367,0.000000,-22.531250,1.695851,44.628500,336.854800,215.599400,11.959900,104.047200,98.172010,0.300000,1000.000000,0.900730,2468,2740,50.000000,off,,0.413561702,0,0.910476148,1,1
1766648263087,2025-12-25 15:37:43.087,470.034600,8.353027,23,10,2,0.001596,0.003473,-0.038277,-0.506714,0.565674,0.650559,-22.509680,1.684111,44.658960,0.262374,0.667007,-0.697305,-20.8470554,5.91083384,40.240242,6.33676195,Building,Surface,4.493759,4.709305,2.597179,0.000000,-22.529960,1.695754,44.628420,336.810000,214.879500,12.095340,104.047200,98.172010,0.300000,1000.000000,0.900730,2468,2740,50.000000,off,,0.562465906,0,0.826820493,1,1
1766648263098,2025-12-25 15:37:43.098,470.045800,8.364227,23,10,2,0.025974,0.003643,-0.039880,-0.474838,0.523483,0.707428,-22.526370,1.688203,44.675610,0.201835,0.656842,-0.726486,-21.398304,5.35932636,40.615242,5.58894157,Building,Surface,3.964706,5.070267,664.909100,0.000000,-22.528580,1.695611,44.628500,336.766300,214.153500,12.220070,104.047200,98.172010,0.300000,1000.000000,0.900730,2468,2740,50.000000,off,,0.562465906,0,0.826820493,1,1
1766648263109,2025-12-25 15:37:43.109,470.056800,8.375244,23,10,2,0.025974,0.003643,-0.039880,-0.474838,0.523483,0.707428,-22.525620,1.688124,44.675580,0.211112,0.656291,-0.724344,-21.3283539,5.41010046,40.5676575,5.67111683,Building,Surface,3.964706,5.070267,664.909100,0.000000,-22.527280,1.695519,44.628450,336.736800,213.461400,12.307100,104.047200,98.172010,0.300000,1000.000000,0.900730,2468,2740,50.000000,off,,0.562465906,0,0.826820493,1,1
1766648263121,2025-12-25 15:37:43.121,470.068000,8.386444,23,10,2,0.014575,0.003555,-0.039972,-0.458542,0.518997,0.721359,-22.515990,1.685620,44.668850,0.199065,0.660343,-0.724085,-21.4023266,5.37988758,40.617981,5.59440899,Building,Surface,3.864380,4.968430,664.909100,0.000000,-22.525960,1.695366,44.628490,336.696200,212.780800,12.415360,104.047200,98.172010,0.300000,1000.000000,0.900730,2468,2740,50.000000,off,,0.562465906,0,0.826820493,1,1
1766648263131,2025-12-25 15:37:43.131,470.079100,8.397522,23,10,2,0.001596,0.003473,-0.038277,-0.506714,0.565674,0.650559,-22.505930,1.683548,44.659890,0.298721,0.663717,-0.685724,-20.4683876,6.21068573,39.9826431,6.82078838,Building,Surface,4.493759,4.709305,664.846500,0.000000,-22.524710,1.695275,44.628430,336.670800,212.092000,12.532380,104.047200,98.172010,0.300000,1000.000000,0.900730,2468,2740,50.000000,off,,0.562465906,0,0.826820493,1,1
1766648263143,2025-12-25 15:37:43.143,470.090100,8.408600,23,10,2,0.025974,0.003643,-0.039880,-0.474838,0.523483,0.707428,-22.523410,1.687763,44.675640,0.238988,0.653623,-0.718068,-21.1058006,5.5648737,40.4162598,5.93160343,Building,Surface,3.964706,5.070267,41.554870,0.000000,-22.523440,1.695069,44.628470,336.663100,211.392900,12.663550,104.047200,98.172010,0.300000,1000.000000,0.900730,2468,2740,50.000000,off,,0.562465906,0,0.826820493,1,1
1766648263153,2025-12-25 15:37:43.153,470.101200,8.419678,23,10,2,0.025974,0.003643,-0.039880,-0.474838,0.523483,0.707428,-22.522650,1.687589,44.675640,0.247958,0.652126,-0.716386,-21.030695,5.61141205,40.3651657,6.01684999,Building,Surface,3.964706,5.070267,41.554870,0.000000,-22.522140,1.694820,44.628460,336.696500,210.702500,12.794240,104.047200,98.172010,0.300000,1000.000000,0.900730,2468,2740,50.000000,off,,0.562465906,0,0.826820493,1,1
1766648263165,2025-12-25 15:37:43.165,470.112600,8.431061,23,10,2,0.009180,0.003375,-0.039623,-0.441803,0.524811,0.727570,-22.508700,1.683895,44.665850,0.222188,0.666655,-0.711461,-21.2019958,5.60453987,40.4816971,5.88099146,Building,Surface,3.826096,4.817764,2.597363,0.000000,-22.520840,1.694644,44.628400,336.726000,209.976800,12.918070,104.047200,98.172010,0.300000,1000.000000,0.900730,2468,2740,50.000000,off,,0.562465906,0,0.826820493,1,1
1766648263176,2025-12-25 15:37:43.176,470.123400,8.441864,23,10,2,0.026750,0.004356,-0.042028,-0.407547,0.452820,0.792999,-22.520580,1.687301,44.677830,0.146854,0.633951,-0.759295,-21.7847443,4.86381817,40.8732529,5.01063871,Building,Surface,3.708145,4.684540,2.597363,0.000000,-22.519530,1.694446,44.628340,336.773300,209.232500,12.998770,104.047200,98.172010,0.300000,1000.000000,0.900730,2468,2740,50.000000,off,,0.393442094,0,0.919349432,1,1
1766648263187,2025-12-25 15:37:43.187,470.134600,8.453033,23,10,2,0.026750,0.004356,-0.042028,-0.407547,0.452820,0.792999,-22.520000,1.687256,44.677660,0.156581,0.633145,-0.758023,-21.7270412,4.89363384,40.8388748,5.0641799,Building,Surface,3.708145,4.684540,2.597363,0.000000,-22.518330,1.694352,44.628190,336.814100,208.494900,13.046960,104.047200,98.172010,0.300000,1000.000000,0.900730,2468,2740,50.000000,off,,0.562465906,0,0.826820552,1,1
1766648263198,2025-12-25 15:37:43.198,470.145700,8.464142,23,10,2,0.029629,0.004290,-0.041728,-0.397476,0.448166,0.800720,-22.521820,1.687856,44.678830,0.153062,0.633729,-0.758257,-21.7498112,4.88423109,40.8543663,5.0437417,Building,Surface,3.775757,4.301910,2627.637000,0.000000,-22.516990,1.694269,44.628110,336.838300,207.747400,13.063020,104.047200,98.172010,0.300000,1000.000000,0.900730,2468,2740,50.000000,off,,0.562465906,0,0.826820552,1,1
1766648263209,2025-12-25 15:37:43.209,470.156800,8.475220,23,10,2,0.029720,0.004298,-0.041766,-0.375351,0.437546,0.817093,-22.521010,1.687921,44.678690,0.133446,0.634829,-0.761026,-21.8593216,4.83569765,40.9051704,4.95840454,Building,Surface,3.792679,4.297974,41.304880,0.000000,-22.515490,1.694296,44.627950,336.862300,207.024700,13.085310,104.047200,98.172010,0.300000,1000.000000,0.900730,2468,2740,50.000000,off,,0.393442094,0,0.919349432,1,1
1766648263220,2025-12-25 15:37:43.220,470.167900,8.486328,23,10,2,0.013011,0.003595,-0.040132,-0.324951,0.446030,0.833923,-22.507310,1.684451,44.668490,0.097757,0.658791,-0.745923,-22.0233078,4.94619417,40.9753494,4.95101261,Building,Surface,3.701981,4.252762,2643.512000,0.000000,-22.514140,1.694257,44.627870,336.898900,206.271000,13.136580,104.047200,98.172010,0.300000,1000.000000,0.900730,2468,2740,50.000000,off,,0.393442094,0,0.919349432,1,1
1766648263231,2025-12-25 15:37:43.231,470.179000,8.497467,23,10,2,0.013011,0.003595,-0.040132,-0.324951,0.446030,0.833923,-22.506540,1.684493,44.668380,0.107421,0.657887,-0.745392,-21.9711056,4.96369791,40.9530106,4.98436069,Building,Surface,3.701981,4.252762,2643.512000,0.000000,-22.512850,1.694255,44.627670,336.946900,205.529100,13.193210,104.047200,98.172010,0.300000,1000.000000,0.900730,2468,2740,50.000000,off,,0.393442094,0,0.919349432,1,1
1766648263243,2025-12-25 15:37:43.243,470.190100,8.508575,23,10,2,0.029629,0.004290,-0.041728,-0.397476,0.448166,0.800720,-22.518940,1.687930,44.677890,0.192190,0.630476,-0.752035,-21.498024,5.03701591,40.6830864,5.3119812,Building,Surface,3.775757,4.301910,41.049990,0.000000,-22.511540,1.694134,44.627450,337.005100,204.774600,13.254300,104.047200,98.172010,0.300000,1000.000000,0.900730,2468,2740,50.000000,off,,0.562465906,0,0.826820493,1,1
1766648263254,2025-12-25 15:37:43.254,470.201300,8.519714,23,10,2,0.029720,0.004298,-0.041766,-0.375351,0.437546,0.817093,-22.518370,1.687906,44.677760,0.173300,0.630476,-0.756600,-21.6228313,4.94592953,40.7679825,5.16750145,Building,Surface,3.792679,4.297974,10.388720,0.000000,-22.510250,1.693996,44.627330,337.101000,204.002000,13.322700,104.047200,98.172010,0.300000,1000.000000,0.900730,2468,2740,50.000000,off,,0.562465906,0,0.826820552,1,1
1766648263265,2025-12-25 15:37:43.265,470.212200,8.530701,23,10,2,0.029720,0.004298,-0.041766,-0.375351,0.437546,0.817093,-22.517860,1.687857,44.677450,0.182632,0.628985,-0.755645,-21.5631733,4.97580671,40.7273979,5.22732544,Building,Surface,3.792679,4.297974,10.388720,0.000000,-22.509130,1.693848,44.627110,337.195800,203.282600,13.384470,104.047200,98.172010,0.300000,1000.000000,0.900730,2468,2740,50.000000,off,,0.562465906,0,0.826820552,1,1
1766648263276,2025-12-25 15:37:43.276,470.223600,8.542023,23,10,2,0.013054,0.003587,-0.040039,-0.318375,0.441422,0.838898,-22.503760,1.684161,44.668000,0.136272,0.651536,-0.746254,-21.8130169,4.98669338,40.8853531,5.06875086,Building,Surface,3.769897,4.182037,41.302920,0.000000,-22.507960,1.693596,44.627020,337.295600,202.574600,13.448570,104.047200,98.172010,0.300000,1000.000000,0.900730,2468,2740,50.000000,off,,0.393442094,0,0.919349432,1,1
1766648263287,2025-12-25 15:37:43.287,470.234500,8.552979,23,10,2,0.020864,0.003648,-0.039907,-0.302780,0.432053,0.849487,-22.509850,1.685740,44.671310,0.123629,0.648776,-0.750853,-21.8920555,4.92777538,40.919178,4.9970932,Building,Surface,3.795929,4.095673,164.219500,0.000000,-22.506810,1.693287,44.626870,337.420800,201.948300,13.506480,104.047200,98.172010,0.300000,1000.000000,0.900730,2468,2740,50.000000,off,,0.393442094,0,0.919349432,1,1
1766648263298,2025-12-25 15:37:43.298,470.245700,8.564148,23,10,2,0.024252,0.003461,-0.039246,-0.263992,0.442520,0.857010,-22.512540,1.686363,44.672080,0.099181,0.667413,-0.738041,-22.0162373,5.02610731,40.9789162,5.00397015,Building,Surface,3.762985,4.051071,664.909300,0.000000,-22.505770,1.692971,44.626800,337.562600,201.299100,13.575940,104.047200,98.172010,0.300000,1000.000000,0.900730,2468,2740,50.000000,off,,0.413561702,0,0.910476148,1,1
1766648263310,2025-12-25 15:37:43.310,470.256800,8.575226,23,10,2,0.024252,0.003461,-0.039246,-0.263992,0.442520,0.857010,-22.511930,1.686085,44.671910,0.106314,0.665698,-0.738597,-21.97785,5.03030109,40.9614754,5.0235796,Building,Surface,3.762985,4.051071,664.909300,0.000000,-22.504720,1.692587,44.626680,337.685700,200.727300,13.629930,104.047200,98.172010,0.300000,1000.000000,0.900730,2468,2740,50.000000,off,,0.413561702,0,0.910476148,1,1
1766648263321,2025-12-25 15:37:43.321,470.267900,8.586395,23,10,2,0.002536,0.002413,-0.037088,-0.208618,0.457184,0.864548,-22.493540,1.681087,44.660400,0.066390,0.691975,-0.718850,-22.159544,5.16227722,41.0440063,5.03075981,Building,Surface,3.962204,4.106583,167.219500,0.000000,-22.504010,1.692349,44.626460,337.842100,200.203700,13.642570,104.047200,98.172010,0.300000,1000.000000,0.900730,2468,2740,50.000000,off,,0.413561702,0,0.910476148,1,1
1766648263331,2025-12-25 15:37:43.331,470.279000,8.597473,23,10,2,0.020864,0.003648,-0.039907,-0.302780,0.432053,0.849487,-22.507910,1.684949,44.670730,0.151702,0.641257,-0.752163,-21.7363491,4.94640112,40.8452072,5.08596182,Building,Surface,3.795929,4.095673,10.450000,0.000000,-22.503160,1.692047,44.626360,337.995600,199.687500,13.656880,104.047200,98.172010,0.300000,1000.000000,0.900730,2468,2740,50.000000,off,,0.562465906,0,0.826820552,1,1
1766648263343,2025-12-25 15:37:43.343,470.290100,8.608551,23,10,2,0.020864,0.003648,-0.039907,-0.302780,0.432053,0.849487,-22.507500,1.684735,44.670620,0.156724,0.639684,-0.752474,-21.7065239,4.95399761,40.8249168,5.11068201,Building,Surface,3.795929,4.095673,10.450000,0.000000,-22.502420,1.691735,44.626280,338.141500,199.257700,13.641060,104.047200,98.172010,0.300000,1000.000000,0.900730,2468,2740,50.000000,off,,0.562465906,0,0.826820552,1,1
1766648263353,2025-12-25 15:37:43.353,470.301200,8.619659,23,10,2,0.024252,0.003461,-0.039246,-0.263992,0.442520,0.857010,-22.510400,1.685401,44.671280,0.128048,0.658896,-0.741243,-21.8603172,5.03052521,40.9080925,5.07681561,Building,Surface,3.762985,4.051071,41.803910,0.000000,-22.501730,1.691491,44.626250,338.283400,198.859900,13.621710,104.047200,98.172010,0.300000,1000.000000,0.900730,2468,2740,50.000000,off,,0.413561702,0,0.910476148,1,1
1766648263365,2025-12-25 15:37:43.365,470.312300,8.630798,23,10,2,-0.016551,0.002393,-0.037586,-0.204712,0.435852,0.876419,-22.474440,1.675929,44.653600,0.070788,0.671746,-0.737382,-22.1255302,4.98691511,41.0191002,4.92889071,Building,Surface,3.760574,4.087173,10.326220,0.000000,-22.501150,1.691227,44.626310,338.396400,198.536200,13.611150,104.047200,98.172010,0.300000,1000.000000,0.900730,2468,2740,50.000000,off,,0.393442094,0,0.919349432,1,1
1766648263376,2025-12-25 15:37:43.376,470.323900,8.642303,23,10,2,-0.018535,0.001909,-0.036291,-0.185318,0.461929,0.867325,-22.472690,1.675409,44.651760,0.068246,0.695090,-0.715658,-22.1272507,5.19372225,41.0293388,5.06159925,Building,Surface,3.863846,4.189133,10.326220,0.000000,-22.500510,1.691045,44.626350,338.493700,198.240000,13.610640,104.047200,98.172010,0.300000,1000.000000,0.900730,2468,2740,50.000000,off,,0.413561702,0,0.910476148,1,1
1766648263386,2025-12-25 15:37:43.386,470.334500,8.652924,23,10,2,-0.018535,0.001909,-0.036291,-0.185318,0.461929,0.867325,-22.472320,1.675358,44.651880,0.070758,0.694258,-0.716222,-22.1138363,5.19271421,41.023243,5.06628847,Building,Surface,3.863846,4.189133,10.326220,0.000000,-22.500040,1.690959,44.626340,338.560700,198.025200,13.623890,104.047200,98.172010,0.300000,1000.000000,0.900730,2468,2740,50.000000,off,,0.413561702,0,0.910476148,1,1
1766648263398,2025-12-25 15:37:43.398,470.346000,8.664459,23,10,2,-0.021391,0.001862,-0.036203,-0.149826,0.466553,0.871704,-22.469340,1.674705,44.650890,0.041553,0.707283,-0.705699,-22.2596359,5.24411821,41.0894737,5.0466218,Building,Surface,3.934341,4.132965,10.388480,0.000000,-22.499510,1.690929,44.626420,338.599700,197.832500,13.645960,104.047200,98.172010,0.300000,1000.000000,0.900730,2468,2740,50.000000,off,,0.413561702,0,0.910476148,1,1
1766648263409,2025-12-25 15:37:43.409,470.356800,8.675262,23,10,2,0.002453,0.002234,-0.036610,-0.128418,0.451309,0.883072,-22.490280,1.680184,44.660420,0.015754,0.701937,-0.712056,-22.4128132,5.13179731,41.15905,4.91723871,Building,Surface,3.816910,4.099670,2.566052,0.000000,-22.499170,1.690961,44.626410,338.636300,197.676400,13.639200,104.047200,98.172010,0.300000,1000.000000,0.900730,2468,2740,50.000000,off,,0.413561702,0,0.910476148,1,1
1766648263420,2025-12-25 15:37:43.420,470.367800,8.686249,23,10,2,0.002453,0.002234,-0.036610,-0.128418,0.451309,0.883072,-22.490010,1.680155,44.660570,0.016851,0.701715,-0.712250,-22.4071045,5.13243675,41.156456,4.91974878,Building,Surface,3.816910,4.099670,2.566052,0.000000,-22.498840,1.690919,44.626550,338.657400,197.578100,13.632120,104.047200,98.172010,0.300000,1000.000000,0.900730,2468,2740,50.000000,off,,0.413561702,0,0.910476148,1,1
1766648263431,2025-12-25 15:37:43.431,470.378900,8.697357,23,10,2,0.011535,0.002807,-0.037445,-0.269013,0.457214,0.847672,-22.497540,1.682305,44.665000,0.156276,0.663081,-0.732026,-21.6728535,5.18146276,40.8020096,5.27701759,Building,Surface,4.044846,4.321060,10.326220,0.000000,-22.498570,1.690846,44.626670,338.679300,197.500600,13.629220,104.047200,98.172010,0.300000,1000.000000,0.900730,2468,2740,50.000000,off,,0.562465906,0,0.826820493,1,1
1766648263442,2025-12-25 15:37:43.442,470.390000,8.708466,23,10,2,0.008841,0.003184,-0.038428,-0.338577,0.469818,0.815231,-22.494570,1.681614,44.665110,0.232788,0.647073,-0.725997,-21.1395569,5.448102,40.4392242,5.82070637,Building,Surface,4.122574,4.186020,668.862400,0.000000,-22.498380,1.690741,44.626800,338.713500,197.445500,13.626620,104.047200,98.172010,0.300000,1000.000000,0.900730,2468,2740,50.000000,off,,0.562465906,0,0.826820493,1,1
1766648263453,2025-12-25 15:37:43.453,470.401100,8.719574,23,10,2,0.002453,0.002234,-0.036610,-0.128418,0.451309,0.883072,-22.489330,1.679924,44.661030,0.017982,0.700500,-0.713417,-22.4009247,5.12380123,41.1536484,4.91628218,Building,Surface,3.816910,4.099670,10.326220,0.000000,-22.498090,1.690621,44.626960,338.765000,197.448300,13.618290,104.047200,98.172010,0.300000,1000.000000,0.900730,2468,2740,50.000000,off,,0.413561702,0,0.910476148,1,1
1766648263465,2025-12-25 15:37:43.465,470.412200,8.730682,23,10,2,0.002453,0.002234,-0.036610,-0.128418,0.451309,0.883072,-22.489140,1.679944,44.661090,0.017541,0.699932,-0.713985,-22.4029922,5.11743021,41.1545868,4.91114044,Building,Surface,3.816910,4.099670,10.326220,0.000000,-22.497910,1.690610,44.627020,338.817600,197.461100,13.604400,104.047200,98.172010,0.300000,1000.000000,0.900730,2468,2740,50.000000,off,,0.413561702,0,0.910476148,1,1
1766648263476,2025-12-25 15:37:43.476,470.423900,8.742310,23,10,2,0.011535,0.002807,-0.037445,-0.269013,0.457214,0.847672,-22.496770,1.682078,44.665510,0.154440,0.661312,-0.734013,-21.6857128,5.15502882,40.8107605,5.25150299,Building,Surface,4.044846,4.321060,0.645389,0.000000,-22.497840,1.690507,44.627160,338.870100,197.562600,13.562140,104.047200,98.172010,0.300000,1000.000000,0.900730,2468,2740,50.000000,off,,0.562465906,0,0.826820493,1,1
1766648263486,2025-12-25 15:37:43.486,470.434500,8.752960,23,10,2,0.007250,0.003409,-0.039082,-0.399307,0.467682,0.788544,-22.492340,1.681085,44.665550,0.289080,0.621148,-0.728410,-20.6950569,5.54291868,40.1368408,6.21716738,Building,Surface,4.056198,4.294037,41.805850,0.000000,-22.498050,1.690472,44.627200,338.920500,197.742500,13.476720,104.047200,98.172010,0.300000,1000.000000,0.900730,2468,2740,50.000000,off,,0.562465906,0,0.826820493,1,1
1766648263497,2025-12-25 15:37:43.497,470.445600,8.764038,23,10,2,0.000909,0.003862,-0.040653,-0.474884,0.446442,0.758392,-22.486150,1.679585,44.664790,0.354626,0.575122,-0.737197,-20.1197224,5.51739168,39.7454529,6.67297649,Building,Surface,4.265640,4.190857,10.451220,0.000000,-22.498330,1.690464,44.627350,338.979600,198.007500,13.353390,104.047200,98.172010,0.300000,1000.000000,0.900730,2468,2740,50.000000,off,,0.562465906,0,0.826820493,1,1
1766648263509,2025-12-25 15:37:43.509,470.456700,8.775146,23,10,2,0.000909,0.003862,-0.040653,-0.474884,0.446442,0.758392,-22.486450,1.679600,44.664850,0.348447,0.576582,-0.739001,-20.1891842,5.48093414,39.7927094,6.59282398,Building,Surface,4.265640,4.190857,10.451220,0.000000,-22.498870,1.690447,44.627480,339.025700,198.405800,13.143000,104.047200,98.172010,0.300000,1000.000000,0.900730,2468,2740,50.000000,off,,0.562465906,0,0.826820493,1,1
1766648263520,2025-12-25 15:37:43.520,470.467800,8.786224,23,10,2,0.000886,0.003330,-0.039398,-0.495331,0.479752,0.724182,-22.487230,1.679601,44.663650,0.379849,0.592130,-0.710670,-19.7092247,6.01011133,39.4662018,7.31328106,Building,Surface,4.072311,4.768890,41.059760,0.000000,-22.499460,1.690450,44.627640,339.082400,198.934900,12.894850,104.047200,98.172010,0.300000,1000.000000,0.900730,2468,2740,50.000000,off,,0.562465906,0,0.826820493,1,1
1766648263531,2025-12-25 15:37:43.531,470.478900,8.797302,23,10,2,0.001636,0.003380,-0.039504,-0.474808,0.480316,0.737442,-22.488330,1.679801,44.663970,0.347681,0.603848,-0.717254,-20.0964642,5.83396339,39.7296333,6.8793726,Building,Surface,4.044922,4.788727,2707.576000,0.000000,-22.500330,1.690451,44.627680,339.141400,199.598800,12.596510,104.047200,98.172010,0.300000,1000.000000,0.900730,2468,2740,50.000000,off,,0.562465906,0,0.826820493,1,1
1766648263542,2025-12-25 15:37:43.542,470.490000,8.808441,23,10,2,0.001636,0.003380,-0.039504,-0.474808,0.480316,0.737442,-22.488830,1.679829,44.664020,0.335869,0.605924,-0.721121,-20.2342491,5.7472043,39.8233643,6.71257305,Building,Surface,4.044922,4.788727,2707.576000,0.000000,-22.501330,1.690428,44.627880,339.224500,200.396400,12.284560,104.047200,98.172010,0.300000,1000.000000,0.900730,2468,2740,50.000000,off,,0.562465906,0,0.826820493,1,1
1766648263553,2025-12-25 15:37:43.553,470.501100,8.819519,23,10,2,0.000909,0.003862,-0.040653,-0.474884,0.446442,0.758392,-22.488280,1.679746,44.664940,0.304176,0.584493,-0.752216,-20.6428871,5.22578335,40.1013527,6.06681156,Building,Surface,4.265640,4.190857,660.909300,0.000000,-22.502540,1.690379,44.628160,339.339300,201.323100,11.924160,104.047200,98.172010,0.300000,1000.000000,0.900730,2468,2740,50.000000,off,,0.562465906,0,0.826820493,1,1
1766648263564,2025-12-25 15:37:43.564,470.512100,8.830597,23,10,2,0.000886,0.003330,-0.039398,-0.495331,0.479752,0.724182,-22.489650,1.679742,44.663800,0.328628,0.601412,-0.728191,-20.3366222,5.61993361,39.8930054,6.55141878,Building,Surface,4.072311,4.768890,167.231300,0.000000,-22.503970,1.690323,44.628490,339.492600,202.378400,11.512930,104.047200,98.172010,0.300000,1000.000000,0.900730,2468,2740,50.000000,off,,0.562465906,0,0.826820493,1,1
1766648263575,2025-12-25 15:37:43.575,470.523400,8.841888,23,10,2,-0.004067,0.003076,-0.038754,-0.476120,0.491608,0.729126,-22.486510,1.678912,44.661140,0.296373,0.620385,-0.726139,-20.6187267,5.58866119,40.0849152,6.30210972,Building,Surface,4.001953,4.807373,167.231300,0.000000,-22.505520,1.690293,44.628940,339.643700,203.522500,11.055440,104.047200,98.172010,0.300000,1000.000000,0.900730,2468,2740,50.000000,off,,0.562465906,0,0.826820493,1,1
1766648263586,2025-12-25 15:37:43.586,470.534500,8.852905,23,10,2,-0.004067,0.003076,-0.038754,-0.476120,0.491608,0.729126,-22.487460,1.679061,44.661240,0.276661,0.623438,-0.731285,-20.8037548,5.47317886,40.2107849,6.08577919,Building,Surface,4.001953,4.807373,167.231300,0.000000,-22.507200,1.690307,44.629440,339.794700,204.831400,10.564980,104.047200,98.172010,0.300000,1000.000000,0.900730,2468,2740,50.000000,off,,0.562465906,0,0.826820493,1,1
1766648263598,2025-12-25 15:37:43.598,470.545700,8.864166,23,10,2,0.006764,0.003379,-0.039306,-0.485657,0.487640,0.725479,-22.497440,1.681057,44.667240,0.264091,0.620427,-0.738446,-20.9357986,5.34980679,40.3006134,5.91319561,Building,Surface,4.186630,4.842468,167.231300,0.000000,-22.508990,1.690308,44.630050,339.937600,206.222000,10.034590,104.047200,98.172010,0.300000,1000.000000,0.900730,2468,2740,50.000000,off,,0.562465906,0,0.826820493,1,1
1766648263609,2025-12-25 15:37:43.609,470.556700,8.875153,23,10,2,0.011204,0.003423,-0.039356,-0.493637,0.482666,0.723419,-22.502350,1.681715,44.670030,0.247331,0.617750,-0.746453,-21.0891457,5.21142817,40.4049301,5.71376419,Building,Surface,4.173355,4.734268,664.925000,0.000000,-22.511110,1.690218,44.630830,340.077500,207.736800,9.469194,104.047200,98.172010,0.300000,1000.000000,0.900730,2468,2740,50.000000,off,,0.562465906,0,0.826820493,1,1
1766648263620,2025-12-25 15:37:43.620,470.567800,8.886261,23,10,2,0.011204,0.003423,-0.039356,-0.493637,0.482666,0.723419,-22.503440,1.681731,44.670490,0.222959,0.621724,-0.750818,-21.2741318,5.10967636,40.5307693,5.51355505,Building,Surface,4.173355,4.734268,664.925000,0.000000,-22.513240,1.690231,44.631540,340.231500,209.338600,8.881921,104.047200,98.172010,0.300000,1000.000000,0.900730,2468,2740,50.000000,off,,0.562465906,0,0.826820493,1,1
1766648263631,2025-12-25 15:37:43.631,470.578900,8.897339,23,10,2,0.003594,0.003141,-0.038812,-0.514008,0.497421,0.698807,-22.498630,1.680472,44.666330,0.230363,0.628222,-0.743124,-21.201273,5.21848679,40.481205,5.63169003,Building,Surface,4.297104,4.966278,42.307830,0.000000,-22.515440,1.690060,44.632350,340.424600,211.005600,8.275021,104.047200,98.172010,0.300000,1000.000000,0.900730,2468,2740,50.000000,off,,0.562465906,0,0.826820493,1,1
1766648263642,2025-12-25 15:37:43.642,470.589900,8.908386,23,10,2,0.030511,0.003778,-0.039267,-0.387329,0.503449,0.772324,-22.521290,1.684196,44.682610,0.065058,0.677966,-0.732187,-22.1996002,5.03649998,41.0622025,4.9445715,Building,Surface,4.506927,4.423630,41.805880,0.000000,-22.517730,1.689837,44.633190,340.655200,212.760500,7.652015,104.047200,98.172010,0.300000,1000.000000,0.900730,2468,2740,50.000000,off,,0.413561702,0,0.910476148,1,1
1766648263653,2025-12-25 15:37:43.653,470.601300,8.919769,23,10,2,0.011204,0.003423,-0.039356,-0.493637,0.482666,0.723419,-22.506840,1.681165,44.672350,0.141729,0.632114,-0.761791,-21.8013496,4.82765722,40.8803596,4.97768116,Building,Surface,4.173355,4.734268,2707.700000,0.000000,-22.520020,1.689521,44.634370,340.923600,214.570700,7.024727,104.047200,98.172010,0.300000,1000.000000,0.900730,2468,2740,50.000000,off,,0.393442094,0,0.919349432,1,1
1766648263665,2025-12-25 15:37:43.665,470.612100,8.930573,23,10,2,0.011204,0.003423,-0.039356,-0.493637,0.482666,0.723419,-22.508030,1.680969,44.673110,0.111696,0.635013,-0.764370,-21.9639721,4.77403975,40.9499588,4.8708272,Building,Surface,4.173355,4.734268,2707.700000,0.000000,-22.522420,1.689233,44.635550,341.231100,216.473500,6.377906,104.047200,98.172010,0.300000,1000.000000,0.900730,2468,2740,50.000000,off,,0.393442094,0,0.919349432,1,1
1766648263675,2025-12-25 15:37:43.675,470.623400,8.941803,23,10,2,0.003594,0.003141,-0.038812,-0.514008,0.497421,0.698807,-22.503810,1.679908,44.668670,0.114846,0.642373,-0.757714,-21.9385166,4.84178495,40.939064,4.92209244,Building,Surface,4.297104,4.966278,10509.550000,0.000000,-22.524820,1.688905,44.636940,341.522400,218.435300,5.713944,104.047200,98.172010,0.300000,1000.000000,0.900730,2468,2740,50.000000,off,,0.393442094,0,0.919349432,1,1
1766648263686,2025-12-25 15:37:43.686,470.634600,8.953003,23,10,2,-0.031716,0.002779,-0.039044,-0.182022,0.523163,0.832550,-22.479060,1.676413,44.645910,-0.239025,0.739562,-0.629195,-23.598999,5.14159632,41.6978416,4.68538666,Building,Surface,4.610535,4.463242,2.597058,0.000000,-22.527370,1.688599,44.638410,341.834100,220.531100,5.033053,104.047200,98.172010,0.300000,1000.000000,0.900730,2468,2740,50.000000,off,,0.413561702,0,0.910476148,1,1
1766648263698,2025-12-25 15:37:43.698,470.645600,8.964020,23,10,2,-0.031716,0.002779,-0.039044,-0.182022,0.523163,0.832550,-22.481160,1.676553,44.645950,-0.268184,0.738831,-0.618205,-23.7335625,5.12685251,41.7589645,4.66987753,Building,Surface,4.610535,4.463242,2.597058,0.000000,-22.529820,1.688216,44.640100,342.116100,222.644400,4.389847,104.047200,98.172010,0.300000,1000.000000,0.900730,2468,2740,50.000000,off,,0.413561702,0,0.910476148,1,1
1766648263709,2025-12-25 15:37:43.709,470.656700,8.975128,23,10,2,-0.032518,0.001940,-0.036550,-0.081772,0.431397,0.898438,-22.484720,1.676650,44.643540,-0.434449,0.676618,-0.594493,-24.4168282,4.68574619,41.9996719,4.44721508,Building,Surface,4.013519,4.045547,656.878100,0.000000,-22.532340,1.687875,44.641760,342.420100,224.739700,3.756883,104.047200,98.172010,0.300000,1000.000000,0.900730,2468,2740,50.000000,off,,0.393442094,0,0.919349432,1,1
1766648263720,2025-12-25 15:37:43.720,470.667700,8.986145,23,10,2,-0.033136,0.000830,-0.033867,0.153870,0.299271,0.941666,-22.488800,1.676389,44.641480,-0.683948,0.572451,-0.452204,-25.6720161,4.34067822,42.5368423,4.65411663,Building,Surface,3.022339,3.509995,672.862400,0.000000,-22.534850,1.687365,44.643760,342.765800,226.892700,3.140288,104.047200,98.172010,0.300000,1000.000000,0.900730,2468,2740,50.000000,off,,0.393442094,0,0.919349432,1,1
1766648263731,2025-12-25 15:37:43.731,470.678700,8.997162,23,10,2,-0.033710,-0.000363,-0.030514,0.427429,0.296829,0.853912,-22.493430,1.676208,44.639230,-0.819093,0.549822,-0.163565,-27.759491,5.21108961,43.5876465,6.42904472,Building,Surface,2.365448,3.709366,41.302930,0.000000,-22.537130,1.686854,44.645840,343.139800,229.020700,2.574141,104.047200,98.172010,0.300000,1000.000000,0.900730,2468,2740,50.000000,off,,0.413561702,0,0.910476148,1,1
1766648263742,2025-12-25 15:37:43.742,470.689900,9.008362,23,10,2,-0.033710,-0.000363,-0.030514,0.427429,0.296829,0.853912,-22.495850,1.676248,44.639810,-0.830574,0.540677,-0.133361,-28.096199,5.32189703,43.7405891,6.74264812,Building,Surface,2.365448,3.709366,41.302930,0.000000,-22.539420,1.686368,44.647970,343.547200,231.177500,2.002930,104.047200,98.172010,0.300000,1000.000000,0.900730,2468,2740,50.000000,off,,0.413561702,0,0.910476148,1,1
1766648263753,2025-12-25 15:37:43.753,470.701000,9.019440,23,10,2,-0.034603,0.001738,-0.039133,0.463028,-0.023544,0.886017,-22.490570,1.676018,44.645050,-0.962363,0.233326,-0.139252,-28.5168915,3.13710642,43.7730522,6.26192474,Building,Surface,-1.000000,2.644302,41.302930,0.000000,-22.541620,1.686007,44.650200,343.992000,233.300000,1.494910,104.047200,98.172010,0.300000,1000.000000,0.900730,2468,2740,50.000000,off,,0.43113488,0,0.902287483,1,1
1766648263765,2025-12-25 15:37:43.765,470.712300,9.030731,23,10,2,-0.033136,0.000830,-0.033867,0.153870,0.299271,0.941666,-22.498070,1.676772,44.643620,-0.764617,0.544337,-0.345010,-26.4393616,4.48260927,42.8652344,5.15452814,Building,Surface,3.022339,3.509995,167.207800,0.000000,-22.543780,1.685638,44.652420,344.373700,235.499500,0.974225,104.047200,98.172010,0.300000,1000.000000,0.900730,2468,2740,50.000000,off,,0.393442094,0,0.919349432,1,1
1766648263776,2025-12-25 15:37:43.776,470.723700,9.042175,23,10,2,-0.033710,-0.000363,-0.030514,0.427429,0.296829,0.853912,-22.502870,1.676755,44.642070,-0.856400,0.514838,-0.038607,-29.3966675,5.8210659,44.3312912,8.04961777,Building,Surface,2.365448,3.709366,166.207700,0.000000,-22.545610,1.685430,44.654940,344.738300,237.719100,0.516110,104.047200,98.172010,0.300000,1000.000000,0.900730,2468,2740,50.000000,off,,0.413561702,0,0.910476148,1,1
1766648263786,2025-12-25 15:37:43.786,470.734300,9.052765,23,10,2,-0.033710,-0.000363,-0.030514,0.427429,0.296829,0.853912,-22.505180,1.676909,44.642890,-0.861965,0.506905,-0.005872,-29.9706955,6.06723547,44.5920334,8.66091919,Building,Surface,2.365448,3.709366,166.207700,0.000000,-22.547510,1.685143,44.657330,345.098000,239.908200,0.063847,104.047200,98.172010,0.300000,1000.000000,0.900730,2468,2740,50.000000,off,,0.413561702,0,0.910476148,1,1
1766648263798,2025-12-25 15:37:43.798,470.745400,9.063812,23,10,2,0.027438,0.005428,-0.046785,0.358124,0.105438,0.927689,-22.520890,1.678191,44.705840,-0.938545,0.332861,-0.091182,-29.1260662,4.02075863,44.0641327,7.0375967,Building,Surface,3.776337,4.390610,166.207700,0.000000,-22.549220,1.684845,44.659750,345.459100,242.088800,359.650500,104.047200,98.172010,0.300000,1000.000000,0.900730,2468,2740,50.000000,off,,0.43113488,0,0.902287483,1,1
1766648263809,2025-12-25 15:37:43.809,470.757100,9.075531,23,10,2,-0.003808,0.002396,-0.039467,0.647278,0.033325,0.761505,-22.514160,1.677148,44.675830,-0.940656,0.211557,0.265291,-36.6741676,4.86178589,48.6693459,15.0531025,SS-01,Signage,3.845322,3.907303,0.009839,0.000000,-22.550800,1.684459,44.662360,345.804700,244.248500,359.316100,104.047200,98.172010,0.300000,1000.000000,0.900730,2468,2740,50.000000,off,Node10,1,0,0,1,1
1766648263820,2025-12-25 15:37:43.820,470.767700,9.086121,23,10,2,-0.003808,0.002396,-0.039467,0.647278,0.033325,0.761505,-22.515140,1.676869,44.677160,-0.931952,0.203938,0.299741,-36.6741676,4.77527332,49.2310867,15.1926441,SS-01,Signage,3.845322,3.907303,0.009839,0.000000,-22.552310,1.683925,44.665040,346.153500,246.402200,359.028200,104.047200,98.172010,0.300000,1000.000000,0.900730,2468,2740,50.000000,off,Node10,1,0,0,1,1
1766648263831,2025-12-25 15:37:43.831,470.778800,9.097260,23,10,2,-0.003779,0.003103,-0.042516,0.676529,-0.021423,0.736084,-22.513110,1.676566,44.679620,-0.920925,0.137027,0.364816,-36.6741676,3.78362942,50.2893944,15.3767643,SS-01,Signage,3.954666,3.031479,2.565991,0.000000,-22.553650,1.683394,44.667700,346.503800,248.581400,358.786300,104.047200,98.172010,0.300000,1000.000000,0.900730,2468,2740,50.000000,off,Node10,1,0,0,1,1
1766648263843,2025-12-25 15:37:43.843,470.789900,9.108368,23,10,2,0.026605,0.004293,-0.044713,0.612091,0.196426,0.765991,-22.521800,1.676289,44.710310,-0.868451,0.350938,0.350167,-45.59478,11,54.0135422,26.5677299,Building,Surface,4.984344,2.027023,2.565869,0.000000,-22.554900,1.682909,44.670490,346.853900,250.768000,358.606300,104.047200,98.172010,0.300000,1000.000000,0.900730,2468,2740,50.000000,off,,0,-1,0,1,1
1766648263853,2025-12-25 15:37:43.853,470.801000,9.119446,23,10,2,-0.007884,0.002766,-0.041680,0.722015,0.132690,0.679016,-22.514380,1.676230,44.677810,-0.821679,0.261176,0.506563,-51.8476524,11,62.7616959,35.6987495,Building,Surface,5.130127,4.689865,0.641421,0.000000,-22.556150,1.682577,44.673160,347.177200,252.941900,358.465100,104.047200,98.172010,0.300000,1000.000000,0.900730,2468,2740,50.000000,off,,0,-1,0,1,1
1766648263864,2025-12-25 15:37:43.864,470.812000,9.130432,23,10,2,-0.007884,0.002766,-0.041680,0.722015,0.132690,0.679016,-22.515370,1.676086,44.678950,-0.803847,0.256046,0.536886,-51.7874565,11,64.2296448,36.4145622,Building,Surface,5.130127,4.689865,0.641421,0.000000,-22.557330,1.682184,44.675860,347.500500,255.097800,358.341300,104.047200,98.172010,0.300000,1000.000000,0.900730,2468,2740,50.000000,off,,0,-1,0,1,1
1766648263876,2025-12-25 15:37:43.876,470.823700,9.142120,23,10,2,-0.034663,0.000308,-0.036123,0.893189,-0.008224,0.449585,-22.516020,1.675654,44.652530,-0.633205,0.059778,0.771660,-28.8171692,2.27051783,52.3314743,9.95110893,Building,Surface,5.065933,5.337997,41783.190000,0.000000,-22.558390,1.681931,44.678450,347.800400,257.234600,358.215100,104.047200,98.172010,0.300000,1000.000000,0.900730,2468,2740,50.000000,off,,-0.457246572,0,-0.889339983,1,1
1766648263887,2025-12-25 15:37:43.887,470.834700,9.153107,23,10,2,0.026605,0.004293,-0.044713,0.612091,0.196426,0.765991,-22.520480,1.675592,44.715700,-0.815366,0.330822,0.475097,-45.5020409,11,58.1065788,28.1853199,Building,Surface,4.984344,2.027023,0.010329,0.000000,-22.559190,1.681507,44.681180,348.056200,259.298400,358.108000,104.047200,98.172010,0.300000,1000.000000,0.900730,2468,2740,50.000000,off,,0,-1,0,1,1
1766648263898,2025-12-25 15:37:43.898,470.845700,9.164185,23,10,2,0.026605,0.004293,-0.044713,0.612091,0.196426,0.765991,-22.520140,1.675418,44.716850,-0.799825,0.325988,0.503977,-45.3983879,11,59.1326447,28.6037922,Building,Surface,4.984344,2.027023,0.010329,0.000000,-22.560080,1.681156,44.683720,348.350500,261.346500,357.997500,104.047200,98.172010,0.300000,1000.000000,0.900730,2468,2740,50.000000,off,,0,-1,0,1,1
1766648263909,2025-12-25 15:37:43.909,470.856400,9.174866,23,10,2,-0.007884,0.002766,-0.041680,0.722015,0.132690,0.679016,-22.518770,1.675432,44.683470,-0.724580,0.237529,0.646946,-50.9632721,11,70.0803375,39.2560616,Building,Surface,5.130127,4.689865,0.000010,0.000000,-22.560860,1.680643,44.686400,348.644300,263.356700,357.881100,104.047200,98.172010,0.300000,1000.000000,0.900730,2468,2740,50.000000,off,,0,-1,0,1,1
1766648263920,2025-12-25 15:37:43.920,470.867500,9.185974,23,10,2,-0.034726,0.000077,-0.035641,0.907028,-0.045456,0.418564,-22.523620,1.674811,44.657230,-0.497911,0.001052,0.867206,-26.1393433,1.68245029,50.9546928,7.26164818,Building,Surface,5.207581,5.476395,0.000039,0.000000,-22.561560,1.680238,44.688960,348.961800,265.367700,357.778700,104.047200,98.172010,0.300000,1000.000000,0.900730,2468,2740,50.000000,off,,-0.457246572,0,-0.889339983,1,1
1766648263931,2025-12-25 15:37:43.931,470.878700,9.197174,23,10,1,0.000000,0.000000,0.000000,0.000000,0.000000,1.000000,0.000000,0.000000,0.000000,0.000000,0.000000,0.000000,,,,,InvalidGaze,InvalidGaze,0.000000,0.000000,0.000000,0.000000,-22.562160,1.679842,44.691540,349.283800,267.356400,357.691200,104.047200,98.172010,0.300000,1000.000000,0.900730,2468,2740,50.000000,off,,,,,0,0
1766648263942,2025-12-25 15:37:43.942,470.889700,9.208191,23,10,1,0.000000,0.000000,0.000000,0.000000,0.000000,1.000000,0.000000,0.000000,0.000000,0.000000,0.000000,0.000000,,,,,InvalidGaze,InvalidGaze,0.000000,0.000000,0.000000,0.000000,-22.562620,1.679493,44.694160,349.614100,269.326400,357.583400,104.047200,98.172010,0.300000,1000.000000,0.900730,2468,2740,50.000000,off,,,,,0,0
1766648263953,2025-12-25 15:37:43.953,470.900800,9.219299,23,10,2,-0.034830,0.000803,-0.038371,0.916489,-0.116455,0.382690,-22.525530,1.674731,44.661020,-0.384196,-0.086891,0.919135,-24.8871632,1.14061642,50.310894,6.14684439,Building,Surface,-1.000000,5.402618,0.000001,0.000000,-22.562950,1.679162,44.696610,349.922600,271.248400,357.503500,104.047200,98.172010,0.300000,1000.000000,0.900730,2468,2740,50.000000,off,,-0.457246572,0,-0.889339983,1,1
1766648263964,2025-12-25 15:37:43.964,470.912000,9.230469,23,10,1,0.000000,0.000000,0.000000,0.000000,0.000000,1.000000,0.000000,0.000000,0.000000,0.000000,0.000000,0.000000,,,,,InvalidGaze,InvalidGaze,0.000000,0.000000,0.000000,0.000000,-22.563170,1.678820,44.699050,350.216100,273.135500,357.440500,104.047200,98.172010,0.300000,1000.000000,0.900730,2468,2740,50.000000,off,,,,,0,0
1766648263975,2025-12-25 15:37:43.975,470.923200,9.241608,23,10,1,0.000000,0.000000,0.000000,0.000000,0.000000,1.000000,0.000000,0.000000,0.000000,0.000000,0.000000,0.000000,,,,,InvalidGaze,InvalidGaze,0.000000,0.000000,0.000000,0.000000,-22.563440,1.678500,44.701320,350.492600,274.982700,357.384200,104.047200,98.172010,0.300000,1000.000000,0.900730,2468,2740,50.000000,off,,,,,0,0
1766648263986,2025-12-25 15:37:43.986,470.934400,9.252808,23,10,1,0.000000,0.000000,0.000000,0.000000,0.000000,1.000000,0.000000,0.000000,0.000000,0.000000,0.000000,0.000000,,,,,InvalidGaze,InvalidGaze,0.000000,0.000000,0.000000,0.000000,-22.563610,1.678117,44.703620,350.770500,276.768000,357.335800,104.047200,98.172010,0.300000,1000.000000,0.900730,2468,2740,50.000000,off,,,,,0,0
1766648263998,2025-12-25 15:37:43.998,470.945700,9.264130,23,10,2,-0.034830,0.000803,-0.038371,0.916489,-0.116455,0.382690,-22.530990,1.674206,44.665820,-0.263372,-0.097527,0.959734,-23.9475498,1.14965189,49.8277969,5.37846136,Building,Surface,-1.000000,5.402618,0.000000,0.000000,-22.563690,1.677776,44.705860,351.064100,278.524600,357.337700,104.047200,98.172010,0.300000,1000.000000,0.900730,2468,2740,50.000000,off,,-0.457246572,0,-0.889339983,1,1
1766648264009,2025-12-25 15:37:44.009,470.956500,9.274933,23,10,2,-0.034070,-0.001236,-0.032521,0.882233,-0.026657,0.470032,-22.538140,1.672833,44.668790,-0.311013,0.004082,0.950384,-24.2828388,1.69573176,50.0001831,5.60966158,Building,Surface,-1.000000,5.874557,0.000000,0.000000,-22.563770,1.677391,44.708050,351.340600,280.228200,357.347600,104.047200,98.172010,0.300000,1000.000000,0.900730,2468,2740,50.000000,off,,-0.457246572,0,-0.889339983,1,1
1766648264020,2025-12-25 15:37:44.020,470.967500,9.285980,23,10,2,-0.034070,-0.001236,-0.032521,0.882233,-0.026657,0.470032,-22.539340,1.672578,44.670160,-0.282972,0.002178,0.959113,-24.081316,1.68444633,49.8965759,5.44915342,Building,Surface,-1.000000,5.874557,0.000000,0.000000,-22.563830,1.676998,44.710160,351.609500,281.908600,357.368900,104.047200,98.172010,0.300000,1000.000000,0.900730,2468,2740,50.000000,off,,-0.457246572,0,-0.889339983,1,1
1766648264031,2025-12-25 15:37:44.031,470.978700,9.297119,23,10,2,-0.033361,-0.001406,-0.031802,0.821610,0.010086,0.569946,-22.541010,1.672169,44.672310,-0.360173,0.054077,0.931307,-24.6805992,1.99341071,50.2046928,5.94039536,Building,Surface,6.062836,5.497025,0.000000,0.000000,-22.563820,1.676579,44.712140,351.840500,283.527200,357.407400,104.047200,98.172010,0.300000,1000.000000,0.900730,2468,2740,50.000000,off,,-0.457246572,0,-0.889339983,1,1
1766648264042,2025-12-25 15:37:44.042,470.989700,9.308197,23,10,2,-0.002659,-0.000785,-0.032358,0.747437,0.025604,0.663818,-22.533570,1.670994,44.703050,-0.441203,0.084324,0.893421,-25.4444084,2.22732186,50.5973969,6.59741068,Building,Surface,5.080368,5.272995,0.000000,0.000000,-22.563730,1.676127,44.713970,352.055200,285.082700,357.463400,104.047200,98.172010,0.300000,1000.000000,0.900730,2468,2740,50.000000,off,,-0.457246572,0,-0.889339983,1,1
1766648264053,2025-12-25 15:37:44.053,471.000900,9.319366,23,10,2,-0.002659,-0.000785,-0.032358,0.747437,0.025604,0.663818,-22.533710,1.670761,44.703930,-0.418822,0.082640,0.904285,-25.2066746,2.19817829,50.4751701,6.3820138,Building,Surface,5.080368,5.272995,0.000000,0.000000,-22.563600,1.675768,44.715600,352.287500,286.521500,357.539700,104.047200,98.172010,0.300000,1000.000000,0.900730,2468,2740,50.000000,off,,-0.457246572,0,-0.889339983,1,1
1766648264064,2025-12-25 15:37:44.064,471.011900,9.330353,23,10,2,-0.002311,-0.000835,-0.032059,0.668610,0.030731,0.742966,-22.533940,1.670552,44.705160,-0.494940,0.099569,0.863193,-26.1081047,2.38958097,50.9386292,7.22134781,Building,Surface,4.986328,5.111771,0.000000,0.000000,-22.563380,1.675459,44.717130,352.516500,287.898200,357.610500,104.047200,98.172010,0.300000,1000.000000,0.900730,2468,2740,50.000000,off,,-0.457246572,0,-0.889339983,1,1
1766648264075,2025-12-25 15:37:44.075,471.023300,9.341705,23,10,2,-0.002032,-0.000666,-0.032397,0.570313,0.018280,0.821213,-22.533640,1.670458,44.706070,-0.582378,0.099373,0.806810,-27.5779781,2.53118992,51.6943512,8.6615448,Building,Surface,4.712860,4.913818,0.000000,0.000000,-22.563250,1.675132,44.718550,352.738600,289.187300,357.716200,104.047200,98.172010,0.300000,1000.000000,0.900730,2468,2740,50.000000,off,,-0.457246572,0,-0.889339983,1,1
1766648264086,2025-12-25 15:37:44.086,471.034200,9.352631,23,10,2,-0.002032,-0.000666,-0.032397,0.570313,0.018280,0.821213,-22.533710,1.670269,44.706680,-0.565718,0.097564,0.818795,-27.2423916,2.48233056,51.5218124,8.32329273,Building,Surface,4.712860,4.913818,0.000000,0.000000,-22.563070,1.674830,44.719780,352.948800,290.375600,357.835800,104.047200,98.172010,0.300000,1000.000000,0.900730,2468,2740,50.000000,off,,-0.457246572,0,-0.889339983,1,1
1766648264098,2025-12-25 15:37:44.098,471.045300,9.363708,23,10,2,-0.009282,-0.000697,-0.032454,0.490906,0.025665,0.870819,-22.536410,1.670295,44.700520,-0.623085,0.111933,0.774086,-28.5810966,2.75618076,52.2100983,9.70108986,Building,Surface,4.326508,4.767563,0.000000,0.000000,-22.562930,1.674526,44.720980,353.158400,291.523500,357.969600,104.047200,98.172010,0.300000,1000.000000,0.900730,2468,2740,50.000000,off,,-0.457246572,0,-0.889339983,1,1
1766648264109,2025-12-25 15:37:44.109,471.056400,9.374847,23,10,2,0.000633,0.000051,-0.034043,0.183289,0.007446,0.983017,-22.531350,1.670250,44.709650,-0.830497,0.115308,0.544933,,,,,NoHit,NoHit,4.260330,4.278610,0.000000,0.000000,-22.562810,1.674162,44.722080,353.348900,292.629200,358.129800,104.047200,98.172010,0.300000,1000.000000,0.900730,2468,2740,50.000000,off,,,,,1,0
1766648264120,2025-12-25 15:37:44.120,471.067500,9.385956,23,10,2,0.013504,0.000481,-0.035205,0.217163,-0.004318,0.976120,-22.525090,1.669963,44.721450,-0.802387,0.098968,0.588532,-44.8735352,4.42646456,61.1135063,27.8523064,HS-02,Signage,4.347260,4.412827,0.000000,0.000000,-22.562560,1.673839,44.723110,353.550000,293.666900,358.301200,104.047200,98.172010,0.300000,1000.000000,0.900730,2468,2740,50.000000,off,Node10,-0.029666245,0,-0.99955982,1,1
1766648264131,2025-12-25 15:37:44.131,471.078600,9.397034,23,10,2,0.013504,0.000481,-0.035205,0.217163,-0.004318,0.976120,-22.525020,1.669771,44.721710,-0.792335,0.096702,0.602364,-44.0544167,4.29736614,61.0891953,27.1719303,HS-02,Signage,4.347260,4.412827,0.000000,0.000000,-22.562480,1.673493,44.724030,353.727000,294.652100,358.496300,104.047200,98.172010,0.300000,1000.000000,0.900730,2468,2740,50.000000,off,Node10,-0.029666245,0,-0.99955982,1,1
1766648264142,2025-12-25 15:37:44.142,471.089700,9.408142,23,10,2,-0.009282,-0.000697,-0.032454,0.490906,0.025665,0.870819,-22.537330,1.669262,44.702550,-0.567661,0.107191,0.816238,-27.3007126,2.56872749,51.5518036,8.3911314,Building,Surface,4.326508,4.767563,0.000000,0.000000,-22.562390,1.673206,44.724840,353.875100,295.564600,358.681200,104.047200,98.172010,0.300000,1000.000000,0.900730,2468,2740,50.000000,off,,-0.457246572,0,-0.889339983,1,1
1766648264153,2025-12-25 15:37:44.153,471.100800,9.419250,23,10,2,0.000633,0.000051,-0.034043,0.183289,0.007446,0.983017,-22.531780,1.669474,44.711110,-0.794407,0.105983,0.598044,,,,,NoHit,NoHit,4.260330,4.278610,0.000000,0.000000,-22.562410,1.672976,44.725570,354.031000,296.344500,358.854500,104.047200,98.172010,0.300000,1000.000000,0.900730,2468,2740,50.000000,off,,,,,1,0
1766648264165,2025-12-25 15:37:44.165,471.111900,9.430328,23,10,2,0.000633,0.000051,-0.034043,0.183289,0.007446,0.983017,-22.531940,1.669333,44.711270,-0.787122,0.104861,0.607796,,,,,NoHit,NoHit,4.260330,4.278610,0.000000,0.000000,-22.562390,1.672778,44.726100,354.124100,297.047700,359.000500,104.047200,98.172010,0.300000,1000.000000,0.900730,2468,2740,50.000000,off,,,,,1,0
1766648264175,2025-12-25 15:37:44.175,471.123100,9.441559,23,10,2,0.007842,0.000306,-0.035082,0.302399,-0.064224,0.951004,-22.528020,1.669248,44.717250,-0.704146,0.027349,0.709513,-31.5733719,2.02056909,53.831543,12.845705,Building,Surface,4.281616,4.427917,0.000000,0.000000,-22.562590,1.672600,44.726520,354.215100,297.670200,359.120800,104.047200,98.172010,0.300000,1000.000000,0.900730,2468,2740,50.000000,off,,-0.538701534,0,-0.842496634,1,1
1766648264186,2025-12-25 15:37:44.186,471.134300,9.452728,23,10,2,-0.023085,-0.000587,-0.033470,0.329636,-0.084457,0.940308,-22.544330,1.668844,44.690770,-0.677573,0.004814,0.735420,-30.2742481,1.72376275,53.0806198,11.4080782,Building,Surface,4.261169,4.495636,0.000000,0.000000,-22.562760,1.672437,44.726830,354.304700,298.168800,359.219700,104.047200,98.172010,0.300000,1000.000000,0.900730,2468,2740,50.000000,off,,-0.457246572,0,-0.889339983,1,1
1766648264197,2025-12-25 15:37:44.198,471.145300,9.463776,23,10,2,-0.029736,-0.000802,-0.033161,0.282379,-0.023788,0.959000,-22.548250,1.668507,44.685210,-0.704653,0.066473,0.706420,-31.8448715,2.54549766,54.005146,13.1930838,Building,Surface,4.248352,4.357742,0.000000,0.000000,-22.562910,1.672190,44.727120,354.408800,298.649800,359.329500,104.047200,98.172010,0.300000,1000.000000,0.900730,2468,2740,50.000000,off,,-0.538701534,0,-0.842496634,1,1
1766648264209,2025-12-25 15:37:44.209,471.156500,9.474976,23,10,2,-0.029736,-0.000802,-0.033161,0.282379,-0.023788,0.959000,-22.548780,1.668214,44.685260,-0.699897,0.064817,0.711286,-31.5066166,2.49779296,53.7888603,12.7986898,Building,Surface,4.248352,4.357742,0.000000,0.000000,-22.563160,1.671881,44.727260,354.542100,299.039000,359.445900,104.047200,98.172010,0.300000,1000.000000,0.900730,2468,2740,50.000000,off,,-0.538701534,0,-0.842496634,1,1
1766648264220,2025-12-25 15:37:44.220,471.167600,9.486023,23,10,2,-0.029989,-0.000980,-0.032409,0.204483,-0.041367,0.977982,-22.549950,1.667847,44.685420,-0.751946,0.047830,0.657466,-59.7857666,4.03635406,77.2426605,49.5185776,Building,Surface,4.213104,4.355026,0.000000,0.000000,-22.563300,1.671613,44.727350,354.694500,299.368900,359.602800,104.047200,98.172010,0.300000,1000.000000,0.900730,2468,2740,50.000000,off,,0,0,-1,1,1
1766648264231,2025-12-25 15:37:44.231,471.178600,9.497040,23,10,2,-0.022538,-0.000742,-0.032842,0.077164,-0.028564,0.996597,-22.546400,1.667710,44.691680,-0.826350,0.061033,0.559818,,,,,NoHit,NoHit,4.201797,4.299194,0.000000,0.000000,-22.563600,1.671315,44.727430,354.830300,299.689000,359.762300,104.047200,98.172010,0.300000,1000.000000,0.900730,2468,2740,50.000000,off,,,,,1,0
1766648264242,2025-12-25 15:37:44.242,471.189700,9.508179,23,10,2,-0.022538,-0.000742,-0.032842,0.077164,-0.028564,0.996597,-22.546790,1.667458,44.691570,-0.824139,0.059403,0.563242,,,,,NoHit,NoHit,4.201797,4.299194,0.000000,0.000000,-22.563850,1.671071,44.727390,354.937700,299.918200,359.938100,104.047200,98.172010,0.300000,1000.000000,0.900730,2468,2740,50.000000,off,,,,,1,0
1766648264253,2025-12-25 15:37:44.253,471.200900,9.519318,23,10,2,-0.029736,-0.000802,-0.033161,0.282379,-0.023788,0.959000,-22.550630,1.667146,44.685040,-0.686890,0.060066,0.724264,-30.7401562,2.38328981,53.3201599,11.9225235,Building,Surface,4.248352,4.357742,0.000000,0.000000,-22.564250,1.670882,44.727280,355.023200,300.081400,0.115907,104.047200,98.172010,0.300000,1000.000000,0.900730,2468,2740,50.000000,off,,-0.457246572,0,-0.889339983,1,1
1766648264265,2025-12-25 15:37:44.265,471.211900,9.530304,23,10,2,-0.029989,-0.000980,-0.032409,0.204483,-0.041367,0.977982,-22.551860,1.666801,44.685000,-0.742351,0.043938,0.668549,-35.486187,2.43234754,56.3334427,17.4232235,Building,Surface,4.213104,4.355026,0.000000,0.000000,-22.564620,1.670712,44.727100,355.063400,300.183000,0.279258,104.047200,98.172010,0.300000,1000.000000,0.900730,2468,2740,50.000000,off,,-0.538701534,0,-0.842496634,1,1
1766648264276,2025-12-25 15:37:44.276,471.223100,9.541595,23,10,2,-0.012558,-0.000540,-0.033140,0.045395,-0.036087,0.998306,-22.542830,1.667099,44.699440,-0.839064,0.049738,0.541734,,,,,NoHit,NoHit,4.160385,4.355164,0.000000,0.000000,-22.564990,1.670561,44.726880,355.094600,300.228000,0.413673,104.047200,98.172010,0.300000,1000.000000,0.900730,2468,2740,50.000000,off,,,,,1,0
1766648264286,2025-12-25 15:37:44.286,471.234300,9.552765,23,10,2,-0.012558,-0.000540,-0.033140,0.045395,-0.036087,0.998306,-22.543300,1.666912,44.699210,-0.838970,0.049222,0.541928,,,,,NoHit,NoHit,4.160385,4.355164,0.000000,0.000000,-22.565460,1.670380,44.726650,355.129800,300.236000,0.534648,104.047200,98.172010,0.300000,1000.000000,0.900730,2468,2740,50.000000,off,,,,,1,0
1766648264298,2025-12-25 15:37:44.298,471.245200,9.563629,23,10,2,-0.008819,-0.000535,-0.033198,0.001266,-0.029678,0.999558,-22.541850,1.666805,44.702070,-0.862136,0.054877,0.503694,-50.4695358,3.44446898,61.0185318,32.3935623,Building,Surface,4.146881,4.405945,0.000000,0.000000,-22.565960,1.670239,44.726300,355.154400,300.203900,0.628579,104.047200,98.172010,0.300000,1000.000000,0.900730,2468,2740,50.000000,off,,0.866025925,0,-0.499999076,1,1
1766648264309,2025-12-25 15:37:44.309,471.256600,9.575043,23,10,2,-0.002641,-0.000434,-0.033358,-0.027191,-0.012604,0.999542,-22.539120,1.666778,44.707010,-0.875548,0.070916,0.477881,,,,,NoHit,NoHit,4.126617,4.519501,0.000000,0.000000,-22.566490,1.670041,44.725980,355.189700,300.178800,0.726893,104.047200,98.172010,0.300000,1000.000000,0.900730,2468,2740,50.000000,off,,,,,1,0
1766648264320,2025-12-25 15:37:44.320,471.267500,9.585907,23,10,2,-0.002641,-0.000434,-0.033358,-0.027191,-0.012604,0.999542,-22.539620,1.666637,44.706670,-0.875861,0.070159,0.477419,,,,,NoHit,NoHit,4.126617,4.519501,0.000000,0.000000,-22.567010,1.669882,44.725620,355.230400,300.145500,0.830693,104.047200,98.172010,0.300000,1000.000000,0.900730,2468,2740,50.000000,off,,,,,1,0
1766648264331,2025-12-25 15:37:44.331,471.278700,9.597168,23,10,2,-0.020304,-0.000632,-0.033138,-0.071289,0.032166,0.996933,-22.549240,1.666024,44.691150,-0.893277,0.112992,0.435065,-51.5578613,5.33538342,58.8196182,32.4742661,Building,Surface,4.092667,4.252304,0.000000,0.000000,-22.567560,1.669710,44.725230,355.276700,300.112200,0.928790,104.047200,98.172010,0.300000,1000.000000,0.900730,2468,2740,50.000000,off,,0.852546036,0,0.52265209,1,1
1766648264342,2025-12-25 15:37:44.342,471.289600,9.608093,23,10,2,-0.017104,-0.000536,-0.033305,-0.093430,0.025970,0.995285,-22.547960,1.666000,44.693490,-0.904157,0.105435,0.413979,-36.6741676,3.31327677,51.1613426,15.6235847,SS-01,Signage,3.995773,4.273422,0.000000,0.000000,-22.568090,1.669554,44.724850,355.320000,300.018100,1.015350,104.047200,98.172010,0.300000,1000.000000,0.900730,2468,2740,50.000000,off,Node10,1,0,0,1,1
1766648264353,2025-12-25 15:37:44.353,471.300700,9.619141,23,10,2,-0.002641,-0.000434,-0.033358,-0.027191,-0.012604,0.999542,-22.541150,1.666216,44.705590,-0.877678,0.067623,0.474438,,,,,NoHit,NoHit,4.126617,4.519501,0.000000,0.000000,-22.568620,1.669393,44.724440,355.368800,299.941400,1.102726,104.047200,98.172010,0.300000,1000.000000,0.900730,2468,2740,50.000000,off,,,,,1,0
1766648264365,2025-12-25 15:37:44.365,471.312000,9.630432,23,10,2,-0.002641,-0.000434,-0.033358,-0.027191,-0.012604,0.999542,-22.541640,1.666165,44.705230,-0.878572,0.066820,0.472896,,,,,NoHit,NoHit,4.126617,4.519501,0.000000,0.000000,-22.569140,1.669320,44.724030,355.412500,299.837800,1.191263,104.047200,98.172010,0.300000,1000.000000,0.900730,2468,2740,50.000000,off,,,,,1,0
1766648264376,2025-12-25 15:37:44.376,471.323100,9.641571,23,10,2,-0.020304,-0.000632,-0.033138,-0.071289,0.032166,0.996933,-22.551080,1.665525,44.689630,-0.896615,0.109467,0.429058,-51.4020767,5.18792009,58.4957237,32.1775627,Building,Surface,4.092667,4.252304,0.000000,0.000000,-22.569640,1.669224,44.723580,355.456800,299.725100,1.255857,104.047200,98.172010,0.300000,1000.000000,0.900730,2468,2740,50.000000,off,,0.999445975,0,-0.0332819894,1,1
1766648264386,2025-12-25 15:37:44.386,471.334100,9.652588,23,10,2,-0.014528,-0.000489,-0.033405,-0.096695,0.038834,0.994553,-22.548410,1.665677,44.694100,-0.907720,0.114389,0.403675,-36.6741676,3.44577575,50.9760094,15.5617533,SS-01,Signage,4.033905,4.253387,0.000000,0.000000,-22.570140,1.669117,44.723140,355.506700,299.611600,1.326326,104.047200,98.172010,0.300000,1000.000000,0.900730,2468,2740,50.000000,off,Node10,1,0,0,1,1
1766648264397,2025-12-25 15:37:44.398,471.345200,9.663605,23,10,2,-0.014528,-0.000489,-0.033405,-0.096695,0.038834,0.994553,-22.548790,1.665600,44.693700,-0.908690,0.113509,0.401734,-36.6741676,3.43007159,50.9385605,15.5447102,SS-01,Signage,4.033905,4.253387,0.000000,0.000000,-22.570580,1.669029,44.722690,355.551400,299.488400,1.390042,104.047200,98.172010,0.300000,1000.000000,0.900730,2468,2740,50.000000,off,Node10,1,0,0,1,1
1766648264409,2025-12-25 15:37:44.409,471.356300,9.674744,23,10,2,-0.000622,-0.000190,-0.033797,-0.107636,0.010025,0.994125,-22.542020,1.666164,44.705150,-0.916278,0.083330,0.391741,-36.6741676,2.95139837,50.747139,15.4231997,SS-01,Signage,4.054062,4.233994,0.000000,0.000000,-22.571070,1.668953,44.722200,355.614000,299.361800,1.435957,104.047200,98.172010,0.300000,1000.000000,0.900730,2468,2740,50.000000,off,Node10,1,0,0,1,1
1766648264420,2025-12-25 15:37:44.420,471.367300,9.685760,23,10,2,0.000285,-0.000131,-0.033918,-0.102280,0.021133,0.994522,-22.541870,1.666181,44.705490,-0.914385,0.093661,0.393839,-36.6741676,3.11376047,50.7924767,15.4553795,SS-01,Signage,4.012329,4.206161,0.000000,0.000000,-22.571520,1.668870,44.721740,355.661000,299.228500,1.487916,104.047200,98.172010,0.300000,1000.000000,0.900730,2468,2740,50.000000,off,Node10,1,0,0,1,1
1766648264431,2025-12-25 15:37:44.431,471.378500,9.696930,23,10,2,0.000668,-0.000102,-0.033977,-0.101028,0.007858,0.994843,-22.542080,1.666147,44.705330,-0.915713,0.079511,0.393862,-36.6741676,2.89323068,50.7837563,15.4327221,SS-01,Signage,4.006073,4.148422,0.000000,0.000000,-22.572010,1.668772,44.721220,355.711900,299.100300,1.540304,104.047200,98.172010,0.300000,1000.000000,0.900730,2468,2740,50.000000,off,Node10,1,0,0,1,1
1766648264442,2025-12-25 15:37:44.442,471.389600,9.708038,23,10,2,0.000668,-0.000102,-0.033977,-0.101028,0.007858,0.994843,-22.542510,1.666131,44.705010,-0.916812,0.078641,0.391474,-36.6741676,2.87829638,50.7391548,15.413763,SS-01,Signage,4.006073,4.148422,0.000000,0.000000,-22.572480,1.668728,44.720820,355.757100,298.949100,1.590169,104.047200,98.172010,0.300000,1000.000000,0.900730,2468,2740,50.000000,off,Node10,1,0,0,1,1
1766648264453,2025-12-25 15:37:44.453,471.400700,9.719147,23,10,2,0.006912,0.000106,-0.034126,-0.100021,0.000458,0.994980,-22.539820,1.666422,44.709960,-0.917910,0.070435,0.390474,-51.4515915,3.88493681,57.008873,31.4972305,Building,Surface,3.991486,4.112625,0.000000,0.000000,-22.572990,1.668617,44.720310,355.801100,298.797800,1.650080,104.047200,98.172010,0.300000,1000.000000,0.900730,2468,2740,50.000000,off,,0.999445975,0,-0.0332819894,1,1
1766648264465,2025-12-25 15:37:44.465,471.412000,9.730438,23,10,2,0.000285,-0.000131,-0.033918,-0.102280,0.021133,0.994522,-22.543650,1.665933,44.703820,-0.918682,0.090115,0.384557,-36.6741676,3.0520184,50.6188049,15.3811531,SS-01,Signage,4.012329,4.206161,0.000000,0.000000,-22.573470,1.668514,44.719780,355.841600,298.642700,1.724675,104.047200,98.172010,0.300000,1000.000000,0.900730,2468,2740,50.000000,off,Node10,1,0,0,1,1
1766648264475,2025-12-25 15:37:44.475,471.422900,9.741364,23,10,2,0.000285,-0.000131,-0.033918,-0.102280,0.021133,0.994522,-22.544060,1.665848,44.703410,-0.919878,0.089341,0.381870,-36.6741676,3.03820181,50.5692596,15.3607121,SS-01,Signage,4.012329,4.206161,0.000000,0.000000,-22.573930,1.668406,44.719290,355.880000,298.474200,1.785655,104.047200,98.172010,0.300000,1000.000000,0.900730,2468,2740,50.000000,off,Node10,1,0,0,1,1
1766648264486,2025-12-25 15:37:44.486,471.434100,9.752533,23,10,2,0.000668,-0.000102,-0.033977,-0.101028,0.007858,0.994843,-22.544260,1.665791,44.703260,-0.921362,0.075457,0.381286,-36.6741676,2.82299137,50.550621,15.3357449,SS-01,Signage,4.006073,4.148422,0.000000,0.000000,-22.574410,1.668293,44.718730,355.912500,298.308000,1.870657,104.047200,98.172010,0.300000,1000.000000,0.900730,2468,2740,50.000000,off,Node10,1,0,0,1,1
1766648264498,2025-12-25 15:37:44.498,471.445600,9.764099,23,10,2,-0.000341,0.000012,-0.033953,-0.112396,0.030945,0.993179,-22.545160,1.665775,44.701910,-0.925477,0.097025,0.366161,-36.6741676,3.1470294,50.2919884,15.266696,SS-01,Signage,3.960205,4.056900,0.000000,0.000000,-22.574870,1.668166,44.718180,355.960800,298.127000,1.933933,104.047200,98.172010,0.300000,1000.000000,0.900730,2468,2740,50.000000,off,Node10,1,0,0,1,1
1766648264509,2025-12-25 15:37:44.509,471.456600,9.775055,23,10,2,-0.011328,0.000272,-0.034253,-0.182953,0.147354,0.972000,-22.550470,1.665504,44.691620,-0.935929,0.208369,0.283882,-36.6741676,4.80990982,48.9755592,15.0903368,SS-01,Signage,3.921890,4.124588,0.000000,0.000000,-22.575330,1.668016,44.717640,355.998900,297.954500,1.996651,104.047200,98.172010,0.300000,1000.000000,0.900730,2468,2740,50.000000,off,Node10,1,0,0,1,1
1766648264520,2025-12-25 15:37:44.520,471.467300,9.785736,23,10,2,-0.011328,0.000272,-0.034253,-0.182953,0.147354,0.972000,-22.550770,1.665368,44.691140,-0.936978,0.207631,0.280945,-36.6741676,4.79506302,48.9259224,15.0731144,SS-01,Signage,3.921890,4.124588,0.000000,0.000000,-22.575710,1.667877,44.717090,356.029000,297.780600,2.067930,104.047200,98.172010,0.300000,1000.000000,0.900730,2468,2740,50.000000,off,Node10,1,0,0,1,1
1766648264531,2025-12-25 15:37:44.531,471.478500,9.796906,23,10,2,0.010129,0.001106,-0.035442,-0.263840,0.147171,0.953262,-22.540040,1.666828,44.709030,-0.959145,0.202145,0.197884,-66.8244095,10.999999,53.8454628,46.1702156,Building,Surface,3.925262,3.930679,0.000000,0.000000,-22.576130,1.667774,44.716530,356.076800,297.608200,2.134045,104.047200,98.172010,0.300000,1000.000000,0.900730,2468,2740,50.000000,off,,0,-1,0,1,1
1766648264542,2025-12-25 15:37:44.542,471.489500,9.807953,23,10,2,0.026742,0.001389,-0.035745,-0.238571,0.124786,0.963059,-22.532400,1.667655,44.723160,-0.957799,0.180635,0.223522,,,,,NoHit,NoHit,3.878128,3.943863,0.000000,0.000000,-22.576490,1.667670,44.716010,356.107500,297.451600,2.202922,104.047200,98.172010,0.300000,1000.000000,0.900730,2468,2740,50.000000,off,,,,,1,0
1766648264553,2025-12-25 15:37:44.553,471.500600,9.819061,23,10,2,0.007230,0.000966,-0.035340,-0.197250,0.170197,0.965454,-22.542160,1.666467,44.705670,-0.939975,0.226366,0.255307,-61.2992554,11,55.2324982,41.2315598,Building,Surface,3.740982,4.002121,0.000000,0.000000,-22.576870,1.667578,44.715480,356.168300,297.277100,2.281186,104.047200,98.172010,0.300000,1000.000000,0.900730,2468,2740,50.000000,off,,0,-1,0,1,1
1766648264563,2025-12-25 15:37:44.564,471.511700,9.830170,23,10,2,0.007230,0.000966,-0.035340,-0.197250,0.170197,0.965454,-22.542480,1.666361,44.705220,-0.940948,0.225347,0.252609,-61.5155754,11,55.1680298,41.418457,Building,Surface,3.740982,4.002121,0.000000,0.000000,-22.577220,1.667434,44.714940,356.214500,297.118000,2.351820,104.047200,98.172010,0.300000,1000.000000,0.900730,2468,2740,50.000000,off,,0,-1,0,1,1
1766648264575,2025-12-25 15:37:44.575,471.522800,9.841278,23,10,2,0.010129,0.001106,-0.035442,-0.263840,0.147171,0.953262,-22.541390,1.666560,44.707350,-0.962345,0.197814,0.186393,-67.9476242,11,53.501915,47.1824493,Building,Surface,3.925262,3.930679,0.000000,0.000000,-22.577570,1.667344,44.714440,356.252800,296.942100,2.439975,104.047200,98.172010,0.300000,1000.000000,0.900730,2468,2740,50.000000,off,,0,-1,0,1,1
1766648264586,2025-12-25 15:37:44.586,471.533900,9.852325,23,10,2,0.026742,0.001389,-0.035745,-0.238571,0.124786,0.963059,-22.533890,1.667479,44.721560,-0.961268,0.176222,0.211846,,,,,NoHit,NoHit,3.878128,3.943863,0.000000,0.000000,-22.577890,1.667233,44.713900,356.292200,296.770100,2.518793,104.047200,98.172010,0.300000,1000.000000,0.900730,2468,2740,50.000000,off,,,,,1,0
1766648264597,2025-12-25 15:37:44.597,471.545000,9.863464,23,10,2,0.026742,0.001389,-0.035745,-0.238571,0.124786,0.963059,-22.534210,1.667478,44.721160,-0.962169,0.175061,0.208695,,,,,NoHit,NoHit,3.878128,3.943863,0.000000,0.000000,-22.578190,1.667160,44.713370,356.338300,296.587700,2.611665,104.047200,98.172010,0.300000,1000.000000,0.900730,2468,2740,50.000000,off,,,,,1,0
1766648264609,2025-12-25 15:37:44.609,471.556200,9.874603,23,10,2,0.015237,0.001274,-0.035916,-0.201111,0.160385,0.966339,-22.539480,1.666753,44.710430,-0.947874,0.211653,0.238157,-64.3378296,11,55.212429,44.0965118,Building,Surface,3.789139,3.966446,0.000000,0.000000,-22.578440,1.667043,44.712860,356.368900,296.417400,2.694364,104.047200,98.172010,0.300000,1000.000000,0.900730,2468,2740,50.000000,off,,0,-1,0,1,1
1766648264620,2025-12-25 15:37:44.620,471.567300,9.885773,23,10,2,0.013472,0.001199,-0.035785,-0.193543,0.168076,0.966583,-22.540610,1.666607,44.708570,-0.945469,0.218808,0.241253,-62.8701935,11,54.9993706,42.6554527,Building,Surface,3.738190,3.901703,0.000000,0.000000,-22.578670,1.667005,44.712390,356.404400,296.229600,2.776802,104.047200,98.172010,0.300000,1000.000000,0.900730,2468,2740,50.000000,off,,0,-1,0,1,1
1766648264631,2025-12-25 15:37:44.631,471.578300,9.896759,23,10,2,0.013472,0.001199,-0.035785,-0.193543,0.168076,0.966583,-22.540840,1.666592,44.708140,-0.946380,0.217825,0.238555,-63.0915222,11,54.9297943,42.848011,Building,Surface,3.738190,3.901703,0.000000,0.000000,-22.578910,1.666947,44.711860,356.451000,296.070000,2.835731,104.047200,98.172010,0.300000,1000.000000,0.900730,2468,2740,50.000000,off,,0,-1,0,1,1
1766648264642,2025-12-25 15:37:44.642,471.589600,9.908051,23,10,2,0.008855,0.001050,-0.035537,-0.193207,0.177567,0.964951,-22.543260,1.666167,44.703770,-0.945360,0.226500,0.234478,-61.500576,11,54.3663712,41.2087212,Building,Surface,3.705124,3.929306,0.000000,0.000000,-22.579090,1.666855,44.711390,356.479000,295.896500,2.902666,104.047200,98.172010,0.300000,1000.000000,0.900730,2468,2740,50.000000,off,,0,-1,0,1,1
1766648264653,2025-12-25 15:37:44.653,471.600600,9.919006,23,10,2,0.015220,0.001220,-0.035743,-0.195328,0.162766,0.967133,-22.540460,1.666625,44.709000,-0.949608,0.210985,0.231779,-64.5484009,11,54.9622421,44.2369576,Building,Surface,3.612289,3.945923,0.000000,0.000000,-22.579280,1.666796,44.710910,356.512000,295.732500,2.969946,104.047200,98.172010,0.300000,1000.000000,0.900730,2468,2740,50.000000,off,,0,-1,0,1,1
1766648264664,2025-12-25 15:37:44.664,471.611600,9.930084,23,10,2,0.021705,0.001493,-0.036239,-0.171829,0.154373,0.972946,-22.537370,1.667206,44.714200,-0.945770,0.203286,0.253327,-65.9573593,11,56.3443604,45.9092255,Building,Surface,3.612030,3.893967,0.000000,0.000000,-22.579460,1.666751,44.710400,356.554600,295.573300,3.029467,104.047200,98.172010,0.300000,1000.000000,0.900730,2468,2740,50.000000,off,,0,-1,0,1,1
1766648264676,2025-12-25 15:37:44.676,471.622800,9.941284,23,10,2,0.021705,0.001493,-0.036239,-0.171829,0.154373,0.972946,-22.537480,1.667189,44.713850,-0.946616,0.202691,0.250628,-66.12397,11,56.253891,46.0440636,Building,Surface,3.612030,3.893967,0.000000,0.000000,-22.579560,1.666697,44.709930,356.579600,295.415100,3.085327,104.047200,98.172010,0.300000,1000.000000,0.900730,2468,2740,50.000000,off,,0,-1,0,1,1
1766648264686,2025-12-25 15:37:44.686,471.633900,9.952301,23,10,2,0.018815,0.000841,-0.034892,0.132370,0.133438,0.982163,-22.540110,1.666418,44.711530,-0.825913,0.198451,0.527690,-61.384594,11,69.5299377,47.0315132,Building,Surface,3.641830,3.816940,0.000000,0.000000,-22.579700,1.666621,44.709490,356.601700,295.255300,3.135535,104.047200,98.172010,0.300000,1000.000000,0.900730,2468,2740,50.000000,off,,0,-1,0,1,1
1766648264697,2025-12-25 15:37:44.697,471.645000,9.963470,23,10,2,-0.001443,0.000396,-0.034613,0.230118,0.110046,0.966904,-22.549060,1.664896,44.693070,-0.772669,0.179219,0.608958,,,,,NoHit,NoHit,3.712662,3.747147,0.000000,0.000000,-22.579750,1.666615,44.709060,356.632200,295.101300,3.176707,104.047200,98.172010,0.300000,1000.000000,0.900730,2468,2740,50.000000,off,,,,,1,0
1766648264708,2025-12-25 15:37:44.708,471.656100,9.974548,23,10,2,-0.001443,0.000396,-0.034613,0.230118,0.110046,0.966904,-22.549120,1.664866,44.692720,-0.774257,0.179058,0.606986,,,,,NoHit,NoHit,3.712662,3.747147,0.000000,0.000000,-22.579850,1.666575,44.708640,356.649500,294.958500,3.209653,104.047200,98.172010,0.300000,1000.000000,0.900730,2468,2740,50.000000,off,,,,,1,0
1766648264719,2025-12-25 15:37:44.719,471.667200,9.985687,23,10,2,0.021705,0.001493,-0.036239,-0.171829,0.154373,0.972946,-22.537850,1.667191,44.712580,-0.949650,0.200773,0.240493,-66.6817474,11,55.8917503,46.4839592,Building,Surface,3.612030,3.893967,0.000000,0.000000,-22.579890,1.666585,44.708240,356.663900,294.816300,3.245049,104.047200,98.172010,0.300000,1000.000000,0.900730,2468,2740,50.000000,off,,0,-1,0,1,1
1766648264731,2025-12-25 15:37:44.731,471.678300,9.996735,23,10,2,0.018815,0.000841,-0.034892,0.132370,0.133438,0.982163,-22.540370,1.666431,44.710290,-0.831482,0.197524,0.519224,-61.830246,11,69.2450943,47.2521667,Building,Surface,3.641830,3.816940,0.000000,0.000000,-22.579940,1.666542,44.707860,356.674600,294.685200,3.278543,104.047200,98.172010,0.300000,1000.000000,0.900730,2468,2740,50.000000,off,,0,-1,0,1,1
1766648264742,2025-12-25 15:37:44.742,471.689500,10.007930,23,10,2,-0.001508,0.000362,-0.034586,0.245819,0.116715,0.962250,-22.549200,1.664815,44.691730,-0.767690,0.186010,0.613210,,,,,NoHit,NoHit,3.747742,3.783340,0.000000,0.000000,-22.579990,1.666539,44.707470,356.688800,294.556300,3.294397,104.047200,98.172010,0.300000,1000.000000,0.900730,2468,2740,50.000000,off,,,,,1,0
1766648264753,2025-12-25 15:37:44.753,471.700600,10.019070,23,10,2,-0.001508,0.000362,-0.034586,0.245819,0.116715,0.962250,-22.549160,1.664802,44.691430,-0.768935,0.186112,0.611617,,,,,NoHit,NoHit,3.747742,3.783340,0.000000,0.000000,-22.579980,1.666527,44.707110,356.687000,294.440600,3.312048,104.047200,98.172010,0.300000,1000.000000,0.900730,2468,2740,50.000000,off,,,,,1,0
1766648264764,2025-12-25 15:37:44.764,471.711600,10.030060,23,10,2,-0.001533,0.000273,-0.034383,0.232575,0.120346,0.965088,-22.549350,1.664704,44.691230,-0.778005,0.189172,0.599075,-60.9425011,11,74.2545013,49.3474197,Building,Surface,3.761032,3.670349,0.000000,0.000000,-22.580000,1.666510,44.706780,356.684500,294.336200,3.311727,104.047200,98.172010,0.300000,1000.000000,0.900730,2468,2740,50.000000,off,,0,-1,0,1,1
1766648264775,2025-12-25 15:37:44.775,471.722700,10.041170,23,10,2,-0.032016,-0.000235,-0.034398,0.232132,0.144547,0.961868,-22.561940,1.662462,44.663290,-0.775538,0.213161,0.594200,-56.5344543,11,70.692276,43.804451,Building,Surface,3.705353,3.710449,0.000000,0.000000,-22.580020,1.666533,44.706470,356.678700,294.240200,3.307976,104.047200,98.172010,0.300000,1000.000000,0.900730,2468,2740,50.000000,off,,0,-1,0,1,1
1766648264786,2025-12-25 15:37:44.786,471.733900,10.052310,23,10,2,-0.032016,-0.000235,-0.034398,0.232132,0.144547,0.961868,-22.561870,1.662500,44.662990,-0.776391,0.213153,0.593087,-56.5728874,11,70.6440887,43.8058853,Building,Surface,3.705353,3.710449,0.000000,0.000000,-22.580020,1.666565,44.706140,356.675300,294.155200,3.291381,104.047200,98.172010,0.300000,1000.000000,0.900730,2468,2740,50.000000,off,,0,-1,0,1,1
1766648264797,2025-12-25 15:37:44.797,471.745000,10.063450,23,10,2,0.006875,0.000414,-0.034458,0.262741,0.119751,0.957398,-22.545800,1.665398,44.698090,-0.761373,0.190197,0.619773,-59.9129219,11,75.1156845,49.0781631,Building,Surface,3.749390,3.676895,0.000000,0.000000,-22.580040,1.666601,44.705890,356.658100,294.064500,3.285941,104.047200,98.172010,0.300000,1000.000000,0.900730,2468,2740,50.000000,off,,0,-1,0,1,1
1766648264809,2025-12-25 15:37:44.809,471.756200,10.074650,23,10,2,-0.001533,0.000273,-0.034383,0.232575,0.120346,0.965088,-22.549270,1.664779,44.690260,-0.781358,0.189787,0.594499,-60.9826164,11,73.9324112,49.1871109,Building,Surface,3.761032,3.670349,0.000000,0.000000,-22.580010,1.666611,44.705640,356.638300,293.998100,3.272156,104.047200,98.172010,0.300000,1000.000000,0.900730,2468,2740,50.000000,off,,0,-1,0,1,1
1766648264820,2025-12-25 15:37:44.820,471.767200,10.085630,23,10,2,-0.032016,-0.000235,-0.034398,0.232132,0.144547,0.961868,-22.561670,1.662574,44.662310,-0.778377,0.214264,0.590076,-56.4826088,11,70.3772736,43.5784073,Building,Surface,3.705353,3.710449,0.000000,0.000000,-22.579980,1.666665,44.705390,356.601100,293.935600,3.260289,104.047200,98.172010,0.300000,1000.000000,0.900730,2468,2740,50.000000,off,,0,-1,0,1,1
1766648264831,2025-12-25 15:37:44.831,471.778400,10.096830,23,10,2,-0.032016,-0.000235,-0.034398,0.232132,0.144547,0.961868,-22.561550,1.662636,44.662140,-0.778986,0.214541,0.589172,-56.4649773,11,70.30439,43.5218773,Building,Surface,3.705353,3.710449,0.000000,0.000000,-22.579910,1.666734,44.705200,356.582800,293.869800,3.253381,104.047200,98.172010,0.300000,1000.000000,0.900730,2468,2740,50.000000,off,,0,-1,0,1,1
1766648264842,2025-12-25 15:37:44.842,471.789600,10.108060,23,10,2,0.008623,0.000470,-0.034544,0.262299,0.121018,0.957352,-22.544820,1.665638,44.698890,-0.763779,0.192868,0.615964,-59.5099525,11,74.5101166,48.3969002,Building,Surface,3.771118,3.720627,0.000000,0.000000,-22.579890,1.666756,44.704980,356.559300,293.819800,3.241900,104.047200,98.172010,0.300000,1000.000000,0.900730,2468,2740,50.000000,off,,0,-1,0,1,1
1766648264853,2025-12-25 15:37:44.853,471.800700,10.119110,23,10,2,0.005818,0.000327,-0.034266,0.275482,0.120789,0.953674,-22.546190,1.665395,44.696300,-0.755611,0.193473,0.625776,-59.0025978,11,74.8884888,48.246994,Building,Surface,3.741364,3.664886,0.000000,0.000000,-22.579860,1.666808,44.704800,356.540900,293.765300,3.242990,104.047200,98.172010,0.300000,1000.000000,0.900730,2468,2740,50.000000,off,,0,-1,0,1,1
1766648264864,2025-12-25 15:37:44.864,471.811800,10.130250,23,10,2,0.009762,0.000424,-0.034381,0.280090,0.121063,0.952301,-22.544480,1.665742,44.699630,-0.752818,0.194390,0.628858,-58.6934395,11,74.8962555,48.0178261,Building,Surface,3.714615,3.733032,0.000000,0.000000,-22.579860,1.666859,44.704560,356.512900,293.726700,3.244415,104.047200,98.172010,0.300000,1000.000000,0.900730,2468,2740,50.000000,off,,0,-1,0,1,1
1766648264875,2025-12-25 15:37:44.875,471.822900,10.141330,23,10,2,0.009762,0.000424,-0.034381,0.280090,0.121063,0.952301,-22.544460,1.665789,44.699480,-0.753301,0.194650,0.628199,-58.6681252,11,74.824028,47.9534645,Building,Surface,3.714615,3.733032,0.000000,0.000000,-22.579850,1.666915,44.704380,356.497300,293.678300,3.245032,104.047200,98.172010,0.300000,1000.000000,0.900730,2468,2740,50.000000,off,,0,-1,0,1,1
1766648264886,2025-12-25 15:37:44.886,471.834000,10.152440,23,10,2,0.012774,0.000389,-0.034124,0.290115,0.118301,0.949646,-22.543460,1.665939,44.702210,-0.747299,0.192807,0.635893,-58.7212715,11,75.4866943,48.4111786,Building,Surface,3.721054,3.729126,0.000000,0.000000,-22.579830,1.666938,44.704220,356.462700,293.633200,3.232500,104.047200,98.172010,0.300000,1000.000000,0.900730,2468,2740,50.000000,off,,0,-1,0,1,1
1766648264897,2025-12-25 15:37:44.897,471.845000,10.163420,23,10,2,0.000991,0.000266,-0.034483,0.302063,0.133133,0.943939,-22.547920,1.665147,44.691150,-0.737107,0.208227,0.642887,-55.592556,11,73.5118866,44.8299332,Building,Surface,3.659790,3.706665,0.000000,0.000000,-22.579870,1.666966,44.704040,356.442300,293.596000,3.229970,104.047200,98.172010,0.300000,1000.000000,0.900730,2468,2740,50.000000,off,,0,-1,0,1,1
1766648264908,2025-12-25 15:37:44.908,471.856100,10.174560,23,10,2,0.000991,0.000266,-0.034483,0.302063,0.133133,0.943939,-22.547900,1.665231,44.691000,-0.737489,0.208519,0.642354,-55.5630646,11,73.4472656,44.7667465,Building,Surface,3.659790,3.706665,0.000000,0.000000,-22.579850,1.667062,44.703870,356.423000,293.556000,3.225778,104.047200,98.172010,0.300000,1000.000000,0.900730,2468,2740,50.000000,off,,0,-1,0,1,1
1766648264920,2025-12-25 15:37:44.920,471.867300,10.185760,23,10,2,0.009762,0.000424,-0.034381,0.280090,0.121063,0.952301,-22.544470,1.665895,44.698860,-0.754753,0.195960,0.626044,-58.4953995,11,74.5190277,47.6323128,Building,Surface,3.714615,3.733032,0.000000,0.000000,-22.579870,1.667076,44.703660,356.411700,293.519800,3.224613,104.047200,98.172010,0.300000,1000.000000,0.900730,2468,2740,50.000000,off,,0,-1,0,1,1
1766648264930,2025-12-25 15:37:44.930,471.878300,10.196750,23,10,2,0.012774,0.000389,-0.034124,0.290115,0.118301,0.949646,-22.543540,1.666052,44.701600,-0.748834,0.193726,0.633805,-58.6232491,11,75.2390747,48.1809692,Building,Surface,3.721054,3.729126,0.000000,0.000000,-22.579910,1.667086,44.703510,356.405500,293.478500,3.228544,104.047200,98.172010,0.300000,1000.000000,0.900730,2468,2740,50.000000,off,,0,-1,0,1,1
1766648264941,2025-12-25 15:37:44.941,471.889400,10.207890,23,10,2,0.012774,0.000389,-0.034124,0.290115,0.118301,0.949646,-22.543510,1.666073,44.701490,-0.749327,0.193872,0.633176,-58.6196976,11,75.1856155,48.1445274,Building,Surface,3.721054,3.729126,0.000000,0.000000,-22.579880,1.667109,44.703380,356.399500,293.432800,3.238419,104.047200,98.172010,0.300000,1000.000000,0.900730,2468,2740,50.000000,off,,0,-1,0,1,1
1766648264953,2025-12-25 15:37:44.953,471.900600,10.219060,23,10,2,0.000607,0.000264,-0.034504,0.301346,0.130493,0.944534,-22.548040,1.665234,44.690090,-0.740179,0.206511,0.639899,-56.0058136,11,73.614975,45.2018738,Building,Surface,3.666748,3.707108,0.000000,0.000000,-22.579900,1.667110,44.703220,356.389000,293.388900,3.239761,104.047200,98.172010,0.300000,1000.000000,0.900730,2468,2740,50.000000,off,,0,-1,0,1,1
1766648264963,2025-12-25 15:37:44.964,471.911700,10.230100,23,10,2,-0.000087,0.000250,-0.034511,0.298111,0.131393,0.945435,-22.548310,1.665226,44.689320,-0.742766,0.207593,0.636541,-55.9480515,11,73.3124771,44.9662743,Building,Surface,3.666138,3.706223,0.000000,0.000000,-22.579910,1.667163,44.703060,356.376000,293.341200,3.259100,104.047200,98.172010,0.300000,1000.000000,0.900730,2468,2740,50.000000,off,,0,-1,0,1,1
1766648264975,2025-12-25 15:37:44.975,471.922900,10.241360,23,10,2,-0.002299,0.000139,-0.034345,0.300369,0.132797,0.944519,-22.549340,1.665035,44.687250,-0.741546,0.209189,0.637434,-55.6404953,11,73.1324615,44.6239395,Building,Surface,3.655090,3.726273,0.000000,0.000000,-22.579910,1.667201,44.702920,356.370200,293.288800,3.265646,104.047200,98.172010,0.300000,1000.000000,0.900730,2468,2740,50.000000,off,,0,-1,0,1,1
1766648264986,2025-12-25 15:37:44.986,471.933800,10.252230,23,10,2,-0.002299,0.000139,-0.034345,0.300369,0.132797,0.944519,-22.549370,1.665096,44.687120,-0.741884,0.209232,0.637027,-55.6485863,11,73.108139,44.6144905,Building,Surface,3.655090,3.726273,0.000000,0.000000,-22.579950,1.667265,44.702770,356.365000,293.256300,3.257421,104.047200,98.172010,0.300000,1000.000000,0.900730,2468,2740,50.000000,off,,0,-1,0,1,1
1766648264997,2025-12-25 15:37:44.997,471.945000,10.263460,23,10,2,-0.022287,0.000067,-0.034810,0.165848,0.145660,0.975327,-22.556900,1.663886,44.668540,-0.823586,0.216503,0.524231,-58.071846,11,67.2746048,43.1220245,Building,Surface,3.599426,3.640503,0.000000,0.000000,-22.579990,1.667292,44.702660,356.355700,293.203900,3.247612,104.047200,98.172010,0.300000,1000.000000,0.900730,2468,2740,50.000000,off,,0,-1,0,1,1
1766648265008,2025-12-25 15:37:45.008,471.956100,10.274570,23,10,2,-0.000463,0.000815,-0.035128,-0.141083,0.266419,0.953461,-22.547960,1.665849,44.688220,-0.921036,0.318158,0.224586,-49.5694046,11,51.2771492,29.3376675,Building,Surface,3.519135,3.660126,0.000000,0.000000,-22.580040,1.667299,44.702500,356.351600,293.170700,3.243890,104.047200,98.172010,0.300000,1000.000000,0.900730,2468,2740,50.000000,off,,0,-1,0,1,1
1766648265020,2025-12-25 15:37:45.020,471.967200,10.285680,23,10,2,-0.000463,0.000815,-0.035128,-0.141083,0.266419,0.953461,-22.547910,1.665899,44.688130,-0.921251,0.317991,0.223941,-49.5897255,11,51.2615509,29.3529282,Building,Surface,3.519135,3.660126,0.000000,0.000000,-22.579990,1.667343,44.702380,356.361300,293.130000,3.246571,104.047200,98.172010,0.300000,1000.000000,0.900730,2468,2740,50.000000,off,,0,-1,0,1,1
1766648265031,2025-12-25 15:37:45.031,471.978200,10.296660,23,10,2,-0.002299,0.000139,-0.034345,0.300369,0.132797,0.944519,-22.549420,1.665149,44.686700,-0.743737,0.209203,0.634872,-55.735714,11,73.0153351,44.6204224,Building,Surface,3.655090,3.726273,0.000000,0.000000,-22.580050,1.667318,44.702260,356.365100,293.089000,3.251895,104.047200,98.172010,0.300000,1000.000000,0.900730,2468,2740,50.000000,off,,0,-1,0,1,1
1766648265042,2025-12-25 15:37:45.042,471.989300,10.307800,23,10,2,-0.022287,0.000067,-0.034810,0.165848,0.145660,0.975327,-22.556840,1.663922,44.668120,-0.825086,0.216205,0.521989,-58.1853752,11,67.2084351,43.1812515,Building,Surface,3.599426,3.640503,0.000000,0.000000,-22.580030,1.667323,44.702170,356.377000,293.049700,3.269466,104.047200,98.172010,0.300000,1000.000000,0.900730,2468,2740,50.000000,off,,0,-1,0,1,1
1766648265053,2025-12-25 15:37:45.053,472.000500,10.318940,23,10,2,-0.000474,0.000806,-0.035116,-0.143494,0.266541,0.953079,-22.547920,1.665895,44.687860,-0.922516,0.317526,0.219398,-49.6665154,11,51.137352,29.3962574,Building,Surface,3.552399,3.700150,0.000000,0.000000,-22.580020,1.667337,44.702050,356.380200,293.003300,3.289586,104.047200,98.172010,0.300000,1000.000000,0.900730,2468,2740,50.000000,off,,0,-1,0,1,1
1766648265064,2025-12-25 15:37:45.064,472.011600,10.330020,23,10,2,-0.000474,0.000806,-0.035116,-0.143494,0.266541,0.953079,-22.547910,1.665938,44.687760,-0.922729,0.317419,0.218656,-49.6817894,11,51.1175842,29.4060326,Building,Surface,3.552399,3.700150,0.000000,0.000000,-22.580020,1.667379,44.701930,356.382700,292.962900,3.313510,104.047200,98.172010,0.300000,1000.000000,0.900730,2468,2740,50.000000,off,,0,-1,0,1,1
1766648265075,2025-12-25 15:37:45.075,472.022700,10.341130,23,10,2,0.028235,0.001562,-0.035861,-0.153961,0.226502,0.961762,-22.535950,1.668362,44.713680,-0.936446,0.277405,0.214726,-54.0371017,11,51.9368591,33.6389046,Building,Surface,3.526108,3.632690,0.000000,0.000000,-22.580040,1.667428,44.701820,356.382600,292.917600,3.336539,104.047200,98.172010,0.300000,1000.000000,0.900730,2468,2740,50.000000,off,,0,-1,0,1,1
1766648265086,2025-12-25 15:37:45.086,472.033800,10.352200,23,10,2,0.025116,0.001482,-0.035792,-0.152451,0.234299,0.960129,-22.537250,1.668151,44.710830,-0.934263,0.285317,0.213848,-53.0941505,11,51.7051468,32.7066879,Building,Surface,3.532715,3.685684,0.000000,0.000000,-22.580040,1.667472,44.701760,356.368600,292.862200,3.361654,104.047200,98.172010,0.300000,1000.000000,0.900730,2468,2740,50.000000,off,,0,-1,0,1,1
1766648265097,2025-12-25 15:37:45.097,472.044900,10.363310,23,10,2,0.017872,0.001310,-0.035677,-0.145050,0.238083,0.960342,-22.540160,1.667629,44.704240,-0.931696,0.289477,0.219377,-52.5768585,11,51.7766762,32.2384148,Building,Surface,3.529312,3.721024,0.000000,0.000000,-22.580000,1.667529,44.701730,356.367300,292.803700,3.389639,104.047200,98.172010,0.300000,1000.000000,0.900730,2468,2740,50.000000,off,,0,-1,0,1,1
1766648265108,2025-12-25 15:37:45.108,472.056000,10.374480,23,10,2,0.017872,0.001310,-0.035677,-0.145050,0.238083,0.960342,-22.540160,1.667678,44.704180,-0.931874,0.289613,0.218440,-52.5683365,11,51.7430725,32.223114,Building,Surface,3.529312,3.721024,0.000000,0.000000,-22.580000,1.667579,44.701630,356.355100,292.752800,3.413011,104.047200,98.172010,0.300000,1000.000000,0.900730,2468,2740,50.000000,off,,0,-1,0,1,1
1766648265119,2025-12-25 15:37:45.119,472.067100,10.385560,23,10,2,0.012687,0.001203,-0.035623,-0.139252,0.238342,0.961136,-22.542190,1.667306,44.699440,-0.930546,0.290531,0.222838,-52.4340096,11,51.8576393,32.1225815,Building,Surface,3.529755,3.635086,0.000000,0.000000,-22.579960,1.667625,44.701590,356.334600,292.686500,3.440705,104.047200,98.172010,0.300000,1000.000000,0.900730,2468,2740,50.000000,off,,0,-1,0,1,1
1766648265131,2025-12-25 15:37:45.131,472.078200,10.396700,23,10,2,0.000858,0.000803,-0.035058,-0.122345,0.252686,0.959763,-22.547270,1.666296,44.688760,-0.922390,0.305853,0.235825,-50.6958084,11,51.8854218,30.5163937,Building,Surface,3.565720,3.711990,0.000000,0.000000,-22.579920,1.667692,44.701500,356.323700,292.640100,3.469662,104.047200,98.172010,0.300000,1000.000000,0.900730,2468,2740,50.000000,off,,0,-1,0,1,1
1766648265142,2025-12-25 15:37:45.142,472.089700,10.408110,23,10,2,0.000858,0.000803,-0.035058,-0.122345,0.252686,0.959763,-22.547230,1.666347,44.688740,-0.922572,0.306034,0.234875,-50.6845245,11,51.8521347,30.4981632,Building,Surface,3.565720,3.711990,0.000000,0.000000,-22.579900,1.667752,44.701460,356.310500,292.586600,3.485288,104.047200,98.172010,0.300000,1000.000000,0.900730,2468,2740,50.000000,off,,0,-1,0,1,1
1766648265153,2025-12-25 15:37:45.153,472.100400,10.418850,23,10,2,0.017872,0.001310,-0.035677,-0.145050,0.238083,0.960342,-22.539990,1.667909,44.704090,-0.932565,0.290332,0.214499,-52.5152626,11,51.5986938,32.1425056,Building,Surface,3.529312,3.721024,0.000000,0.000000,-22.579820,1.667820,44.701390,356.297600,292.535800,3.495423,104.047200,98.172010,0.300000,1000.000000,0.900730,2468,2740,50.000000,off,,0,-1,0,1,1
1766648265164,2025-12-25 15:37:45.164,472.111500,10.429960,23,10,2,0.012687,0.001203,-0.035623,-0.139252,0.238342,0.961136,-22.542030,1.667544,44.699360,-0.931203,0.291138,0.219273,-52.3918343,11.000001,51.7281799,32.0547867,Building,Surface,3.529755,3.635086,0.000000,0.000000,-22.579810,1.667879,44.701370,356.287900,292.486400,3.501853,104.047200,98.172010,0.300000,1000.000000,0.900730,2468,2740,50.000000,off,,0,-1,0,1,1
1766648265175,2025-12-25 15:37:45.175,472.122600,10.441040,23,10,2,0.012687,0.001203,-0.035623,-0.139252,0.238342,0.961136,-22.541980,1.667597,44.699350,-0.931303,0.291283,0.218652,-52.3799553,11,51.7047272,32.0386314,Building,Surface,3.529755,3.635086,0.000000,0.000000,-22.579760,1.667936,44.701340,356.277600,292.451400,3.510434,104.047200,98.172010,0.300000,1000.000000,0.900730,2468,2740,50.000000,off,,0,-1,0,1,1
1766648265186,2025-12-25 15:37:45.186,472.133700,10.452150,23,10,2,0.000313,0.000788,-0.035039,-0.121765,0.252060,0.960007,-22.547270,1.666490,44.688180,-0.923016,0.306230,0.232891,-50.679657,11,51.7864075,30.4783573,Building,Surface,3.564392,3.714386,0.000000,0.000000,-22.579740,1.667970,44.701290,356.263000,292.428400,3.489960,104.047200,98.172010,0.300000,1000.000000,0.900730,2468,2740,50.000000,off,,0,-1,0,1,1
1766648265197,2025-12-25 15:37:45.197,472.144900,10.463320,23,10,2,-0.001229,0.000754,-0.035011,-0.120544,0.251816,0.960236,-22.547810,1.666403,44.686730,-0.922849,0.306123,0.233739,-50.6851997,11,51.8133621,30.4896317,Building,Surface,3.562958,3.717972,0.000000,0.000000,-22.579660,1.668010,44.701240,356.261300,292.403100,3.482714,104.047200,98.172010,0.300000,1000.000000,0.900730,2468,2740,50.000000,off,,0,-1,0,1,1
1766648265208,2025-12-25 15:37:45.208,472.156100,10.474550,23,10,2,-0.001433,0.000747,-0.035006,-0.119568,0.252182,0.960251,-22.547860,1.666400,44.686560,-0.922539,0.306715,0.234139,-50.6215134,11,51.811615,30.4304504,Building,Surface,3.557556,3.717697,0.000000,0.000000,-22.579640,1.668030,44.701230,356.252900,292.371500,3.470016,104.047200,98.172010,0.300000,1000.000000,0.900730,2468,2740,50.000000,off,,0,-1,0,1,1
1766648265220,2025-12-25 15:37:45.220,472.167000,10.485470,23,10,2,-0.001433,0.000747,-0.035006,-0.119568,0.252182,0.960251,-22.547790,1.666407,44.686590,-0.922518,0.306782,0.234135,-50.6146507,11,51.8099556,30.4237938,Building,Surface,3.557556,3.717697,0.000000,0.000000,-22.579580,1.668038,44.701260,356.250600,292.368600,3.457744,104.047200,98.172010,0.300000,1000.000000,0.900730,2468,2740,50.000000,off,,0,-1,0,1,1
1766648265231,2025-12-25 15:37:45.231,472.178200,10.496610,23,10,2,-0.001274,0.000745,-0.035005,-0.119247,0.251450,0.960480,-22.547660,1.666418,44.686750,-0.922719,0.306102,0.234221,-50.6829681,11,51.8285561,30.4912491,Building,Surface,3.559479,3.721710,0.000000,0.000000,-22.579510,1.668042,44.701260,356.250900,292.344400,3.448824,104.047200,98.172010,0.300000,1000.000000,0.900730,2468,2740,50.000000,off,,0,-1,0,1,1
1766648265241,2025-12-25 15:37:45.241,472.189200,10.507690,23,10,2,-0.000852,0.000749,-0.035010,-0.117264,0.251679,0.960663,-22.547450,1.666471,44.687170,-0.922136,0.306515,0.235966,-50.6269302,11,51.8724442,30.4499683,Building,Surface,3.558075,3.722183,0.000000,0.000000,-22.579460,1.668065,44.701290,356.250100,292.331900,3.431557,104.047200,98.172010,0.300000,1000.000000,0.900730,2468,2740,50.000000,off,,0,-1,0,1,1
1766648265253,2025-12-25 15:37:45.253,472.200600,10.519040,23,10,2,-0.000728,0.000793,-0.035130,-0.111710,0.245392,0.962952,-22.547210,1.666483,44.687250,-0.922250,0.301158,0.242346,-51.1296654,11,52.1980553,30.9916687,Building,Surface,3.526321,3.718262,0.000000,0.000000,-22.579390,1.668048,44.701300,356.226100,292.324900,3.418615,104.047200,98.172010,0.300000,1000.000000,0.900730,2468,2740,50.000000,off,,0,-1,0,1,1
1766648265264,2025-12-25 15:37:45.264,472.211600,10.530030,23,10,2,-0.000728,0.000793,-0.035130,-0.111710,0.245392,0.962952,-22.547170,1.666494,44.687220,-0.922233,0.301210,0.242346,-51.1241341,11,52.1967239,30.9862843,Building,Surface,3.526321,3.718262,0.000000,0.000000,-22.579350,1.668061,44.701270,356.223500,292.324200,3.414149,104.047200,98.172010,0.300000,1000.000000,0.900730,2468,2740,50.000000,off,,0,-1,0,1,1
1766648265275,2025-12-25 15:37:45.275,472.223000,10.541410,23,10,2,-0.001274,0.000745,-0.035005,-0.119247,0.251450,0.960480,-22.547430,1.666430,44.686860,-0.922619,0.306852,0.233635,-50.6108894,11,51.7933731,30.416708,Building,Surface,3.559479,3.721710,0.000000,0.000000,-22.579290,1.668077,44.701340,356.210300,292.304700,3.414021,104.047200,98.172010,0.300000,1000.000000,0.900730,2468,2740,50.000000,off,,0,-1,0,1,1
1766648265286,2025-12-25 15:37:45.286,472.233800,10.552220,23,10,2,-0.000852,0.000749,-0.035010,-0.117264,0.251679,0.960663,-22.547260,1.666509,44.687260,-0.922047,0.307228,0.235384,-50.5587654,11,51.8381538,30.3791637,Building,Surface,3.558075,3.722183,0.000000,0.000000,-22.579280,1.668128,44.701360,356.208700,292.297500,3.417056,104.047200,98.172010,0.300000,1000.000000,0.900730,2468,2740,50.000000,off,,0,-1,0,1,1
1766648265297,2025-12-25 15:37:45.297,472.244800,10.563230,23,10,2,-0.000852,0.000749,-0.035010,-0.117264,0.251679,0.960663,-22.547250,1.666589,44.687310,-0.922015,0.307550,0.235090,-50.5282135,11,51.8217316,30.347105,Building,Surface,3.558075,3.722183,0.000000,0.000000,-22.579280,1.668221,44.701400,356.187900,292.284100,3.426143,104.047200,98.172010,0.300000,1000.000000,0.900730,2468,2740,50.000000,off,,0,-1,0,1,1
1766648265308,2025-12-25 15:37:45.308,472.256000,10.574490,23,10,2,-0.002078,0.000771,-0.035133,-0.103638,0.244949,0.963974,-22.547610,1.666538,44.686180,-0.920089,0.302314,0.249058,-50.9538841,11,52.3754501,30.8732071,Building,Surface,3.547989,3.716492,0.000000,0.000000,-22.579280,1.668246,44.701440,356.161100,292.264000,3.430577,104.047200,98.172010,0.300000,1000.000000,0.900730,2468,2740,50.000000,off,,0,-1,0,1,1
1766648265319,2025-12-25 15:37:45.319,472.267100,10.585540,23,10,2,-0.002633,0.000765,-0.035140,-0.102387,0.244659,0.964172,-22.547810,1.666512,44.685700,-0.919807,0.302365,0.250000,-50.9406776,11,52.402771,30.867815,Building,Surface,3.548584,3.710800,0.000000,0.000000,-22.579290,1.668271,44.701460,356.144300,292.249800,3.442857,104.047200,98.172010,0.300000,1000.000000,0.900730,2468,2740,50.000000,off,,0,-1,0,1,1
1766648265330,2025-12-25 15:37:45.330,472.278100,10.596590,23,10,2,-0.001640,0.000792,-0.035171,-0.100494,0.243073,0.964783,-22.547490,1.666591,44.686690,-0.919774,0.301006,0.251796,-51.0672722,11,52.4942207,31.0072327,Building,Surface,3.544983,3.714218,0.000000,0.000000,-22.579380,1.668270,44.701540,356.138700,292.234300,3.456012,104.047200,98.172010,0.300000,1000.000000,0.900730,2468,2740,50.000000,off,,0,-1,0,1,1
1766648265341,2025-12-25 15:37:45.341,472.289300,10.607730,23,10,2,-0.001640,0.000792,-0.035171,-0.100494,0.243073,0.964783,-22.547500,1.666576,44.686740,-0.919754,0.301169,0.251671,-51.0512733,11,52.4861908,30.9904709,Building,Surface,3.544983,3.714218,0.000000,0.000000,-22.579390,1.668261,44.701600,356.128500,292.228300,3.458226,104.047200,98.172010,0.300000,1000.000000,0.900730,2468,2740,50.000000,off,,0,-1,0,1,1
1766648265353,2025-12-25 15:37:45.353,472.300300,10.618770,23,10,2,-0.001010,0.000810,-0.035196,-0.099640,0.242798,0.964935,-22.547270,1.666657,44.687420,-0.919608,0.300996,0.252392,-51.0626564,11,52.5136375,31.0078793,Building,Surface,3.553604,3.706711,0.000000,0.000000,-22.579430,1.668290,44.701700,356.126000,292.219900,3.460057,104.047200,98.172010,0.300000,1000.000000,0.900730,2468,2740,50.000000,off,,0,-1,0,1,1
1766648265363,2025-12-25 15:37:45.363,472.311400,10.629880,23,10,2,0.002170,0.001103,-0.035697,-0.095062,0.241104,0.965820,-22.545620,1.667081,44.690230,-0.918656,0.299992,0.257009,-51.125515,11,52.6859245,31.1102142,Building,Surface,3.568192,3.687729,0.000000,0.000000,-22.579460,1.668276,44.701790,356.105200,292.217200,3.458233,104.047200,98.172010,0.300000,1000.000000,0.900730,2468,2740,50.000000,off,,0,-1,0,1,1
1766648265375,2025-12-25 15:37:45.375,472.322800,10.641200,23,10,2,0.002170,0.001103,-0.035697,-0.095062,0.241104,0.965820,-22.545650,1.667120,44.690330,-0.918714,0.299973,0.256823,-51.1290398,11,52.6807137,31.1120415,Building,Surface,3.568192,3.687729,0.000000,0.000000,-22.579500,1.668315,44.701880,356.106300,292.205500,3.458621,104.047200,98.172010,0.300000,1000.000000,0.900730,2468,2740,50.000000,off,,0,-1,0,1,1
1766648265386,2025-12-25 15:37:45.386,472.333600,10.652040,23,10,2,-0.001640,0.000792,-0.035171,-0.100494,0.243073,0.964783,-22.547650,1.666600,44.687130,-0.919639,0.301708,0.251447,-50.9968719,11,52.4656982,30.9350357,Building,Surface,3.544983,3.714218,0.000000,0.000000,-22.579540,1.668304,44.701970,356.096900,292.216200,3.449665,104.047200,98.172010,0.300000,1000.000000,0.900730,2468,2740,50.000000,off,,0,-1,0,1,1
1766648265397,2025-12-25 15:37:45.397,472.344800,10.663210,23,10,2,-0.001010,0.000810,-0.035196,-0.099640,0.242798,0.964935,-22.547400,1.666656,44.687790,-0.919319,0.301597,0.252725,-50.9970207,11,52.5087204,30.9460678,Building,Surface,3.553604,3.706711,0.000000,0.000000,-22.579550,1.668307,44.702080,356.094500,292.235000,3.419421,104.047200,98.172010,0.300000,1000.000000,0.900730,2468,2740,50.000000,off,,0,-1,0,1,1
1766648265408,2025-12-25 15:37:45.408,472.355800,10.674290,23,10,2,-0.001010,0.000810,-0.035196,-0.099640,0.242798,0.964935,-22.547430,1.666659,44.687890,-0.919201,0.301633,0.253111,-50.9900055,11,52.5198326,30.9423676,Building,Surface,3.553604,3.706711,0.000000,0.000000,-22.579580,1.668308,44.702180,356.096000,292.251600,3.388208,104.047200,98.172010,0.300000,1000.000000,0.900730,2468,2740,50.000000,off,,0,-1,0,1,1
1766648265420,2025-12-25 15:37:45.420,472.367000,10.685420,23,10,2,0.003395,0.001103,-0.035657,-0.097656,0.231308,0.967957,-22.545360,1.667155,44.691850,-0.921483,0.290803,0.257453,-52.1188354,11,52.9543762,32.0930252,Building,Surface,3.549667,3.617355,0.000000,0.000000,-22.579630,1.668294,44.702290,356.081300,292.275700,3.364250,104.047200,98.172010,0.300000,1000.000000,0.900730,2468,2740,50.000000,off,,0,-1,0,1,1
1766648265431,2025-12-25 15:37:45.431,472.378100,10.696560,23,10,2,0.004060,0.001113,-0.035680,-0.098328,0.236633,0.966599,-22.545170,1.667182,44.692510,-0.920001,0.296318,0.256459,-51.5214767,11,52.769928,31.4955997,Building,Surface,3.565002,3.653503,0.000000,0.000000,-22.579700,1.668287,44.702370,356.064400,292.305600,3.331950,104.047200,98.172010,0.300000,1000.000000,0.900730,2468,2740,50.000000,off,,0,-1,0,1,1
1766648265442,2025-12-25 15:37:45.442,472.389200,10.707610,23,10,2,0.004510,0.001126,-0.035689,-0.099777,0.238709,0.965942,-22.545040,1.667267,44.692980,-0.919702,0.298384,0.255140,-51.3110962,11,52.6731491,31.2772999,Building,Surface,3.558746,3.667282,0.000000,0.000000,-22.579750,1.668338,44.702440,356.058600,292.329500,3.315605,104.047200,98.172010,0.300000,1000.000000,0.900730,2468,2740,50.000000,off,,0,-1,0,1,1
1766648265453,2025-12-25 15:37:45.453,472.400300,10.718720,23,10,2,0.004510,0.001126,-0.035689,-0.099777,0.238709,0.965942,-22.545070,1.667248,44.693040,-0.919639,0.298418,0.255327,-51.3059349,11,52.678154,31.2737999,Building,Surface,3.558746,3.667282,0.000000,0.000000,-22.579770,1.668321,44.702500,356.057700,292.338800,3.305173,104.047200,98.172010,0.300000,1000.000000,0.900730,2468,2740,50.000000,off,,0,-1,0,1,1
1766648265463,2025-12-25 15:37:45.463,472.411300,10.729800,23,10,2,0.001745,0.001063,-0.035634,-0.097733,0.241028,0.965576,-22.546230,1.667004,44.690580,-0.918390,0.300753,0.257083,-51.0457954,11,52.6684036,31.0318508,Building,Surface,3.558853,3.668625,0.000000,0.000000,-22.579830,1.668292,44.702580,356.063200,292.347600,3.293643,104.047200,98.172010,0.300000,1000.000000,0.900730,2468,2740,50.000000,off,,0,-1,0,1,1
1766648265475,2025-12-25 15:37:45.475,472.422900,10.741360,23,10,2,-0.001155,0.000999,-0.035553,-0.095108,0.239075,0.966324,-22.547450,1.666795,44.688020,-0.918074,0.298873,0.260381,-51.2170525,10.999999,52.819191,31.2277355,Building,Surface,3.557648,3.657730,0.000000,0.000000,-22.579850,1.668301,44.702660,356.072800,292.370900,3.281026,104.047200,98.172010,0.300000,1000.000000,0.900730,2468,2740,50.000000,off,,0,-1,0,1,1
1766648265486,2025-12-25 15:37:45.486,472.433500,10.751980,23,10,2,-0.001155,0.000999,-0.035553,-0.095108,0.239075,0.966324,-22.547490,1.666762,44.688080,-0.918083,0.298755,0.260488,-51.2288132,11,52.82584,31.2402058,Building,Surface,3.557648,3.657730,0.000000,0.000000,-22.579890,1.668264,44.702720,356.078300,292.380300,3.295564,104.047200,98.172010,0.300000,1000.000000,0.900730,2468,2740,50.000000,off,,0,-1,0,1,1
1766648265497,2025-12-25 15:37:45.497,472.444700,10.763150,23,10,2,-0.002959,0.000947,-0.035451,-0.094193,0.243713,0.965256,-22.548330,1.666586,44.686510,-0.916626,0.303117,0.260585,-50.7725792,11,52.7102966,30.7912655,Building,Surface,3.586365,3.664749,0.000000,0.000000,-22.579940,1.668230,44.702780,356.090800,292.384300,3.312649,104.047200,98.172010,0.300000,1000.000000,0.900730,2468,2740,50.000000,off,,0,-1,0,1,1
1766648265508,2025-12-25 15:37:45.508,472.455800,10.774290,23,10,2,0.001745,0.001063,-0.035634,-0.097733,0.241028,0.965576,-22.546360,1.666942,44.690800,-0.918389,0.300139,0.257802,-51.1043968,11,52.7073593,31.0955334,Building,Surface,3.558853,3.668625,0.000000,0.000000,-22.579950,1.668208,44.702820,356.096700,292.395500,3.324668,104.047200,98.172010,0.300000,1000.000000,0.900730,2468,2740,50.000000,off,,0,-1,0,1,1
1766648265519,2025-12-25 15:37:45.519,472.466900,10.785310,23,10,2,-0.001155,0.000999,-0.035553,-0.095108,0.239075,0.966324,-22.547620,1.666746,44.688230,-0.918197,0.298266,0.260645,-51.2795753,11,52.8442535,31.2914639,Building,Surface,3.557648,3.657730,0.000000,0.000000,-22.580020,1.668234,44.702890,356.102800,292.397400,3.339981,104.047200,98.172010,0.300000,1000.000000,0.900730,2468,2740,50.000000,off,,0,-1,0,1,1
1766648265531,2025-12-25 15:37:45.531,472.478000,10.796480,23,10,2,-0.001155,0.000999,-0.035553,-0.095108,0.239075,0.966324,-22.547640,1.666775,44.688270,-0.918262,0.298114,0.260590,-51.2961807,11,52.8467102,31.3073235,Building,Surface,3.557648,3.657730,0.000000,0.000000,-22.580030,1.668257,44.702930,356.111900,292.393100,3.341207,104.047200,98.172010,0.300000,1000.000000,0.900730,2468,2740,50.000000,off,,0,-1,0,1,1
1766648265542,2025-12-25 15:37:45.542,472.489100,10.807560,23,10,2,-0.002155,0.000963,-0.035459,-0.095154,0.245071,0.964813,-22.548200,1.666707,44.687440,-0.916594,0.304133,0.259493,-50.6768188,11,52.6508102,30.6878605,Building,Surface,3.636917,3.667862,0.000000,0.000000,-22.580120,1.668283,44.702980,356.101800,292.395900,3.348406,104.047200,98.172010,0.300000,1000.000000,0.900730,2468,2740,50.000000,off,,0,-1,0,1,1
1766648265552,2025-12-25 15:37:45.552,472.500200,10.818700,23,10,2,-0.001496,0.000978,-0.035488,-0.095840,0.239243,0.966202,-22.547980,1.666782,44.688080,-0.918461,0.298172,0.259791,-51.297142,11,52.8199158,31.3009644,Building,Surface,3.514877,3.680573,0.000000,0.000000,-22.580180,1.668301,44.703020,356.112700,292.394400,3.364696,104.047200,98.172010,0.300000,1000.000000,0.900730,2468,2740,50.000000,off,,0,-1,0,1,1
1766648265564,2025-12-25 15:37:45.564,472.511300,10.829770,23,10,2,0.000458,0.001020,-0.035526,-0.096436,0.241989,0.965469,-22.547250,1.666948,44.689890,-0.918129,0.300586,0.258220,-51.054718,11,52.7075005,31.0493736,Building,Surface,3.570145,3.683228,0.000000,0.000000,-22.580240,1.668309,44.703040,356.120800,292.373100,3.418062,104.047200,98.172010,0.300000,1000.000000,0.900730,2468,2740,50.000000,off,,0,-1,0,1,1
1766648265575,2025-12-25 15:37:45.575,472.522400,10.840880,23,10,2,0.000458,0.001020,-0.035526,-0.096436,0.241989,0.965469,-22.547320,1.666936,44.689920,-0.918379,0.300348,0.257607,-51.0851707,11,52.6948395,31.0740128,Building,Surface,3.570145,3.683228,0.000000,0.000000,-22.580310,1.668292,44.703060,356.127100,292.350300,3.486970,104.047200,98.172010,0.300000,1000.000000,0.900730,2468,2740,50.000000,off,,0,-1,0,1,1
1766648265586,2025-12-25 15:37:45.586,472.533600,10.852020,23,10,2,0.000064,0.001041,-0.035597,-0.095230,0.238037,0.966568,-22.547490,1.666945,44.689530,-0.919437,0.296215,0.258604,-51.5168381,11,52.8375473,31.5074482,Building,Surface,3.565491,3.683472,0.000000,0.000000,-22.580410,1.668301,44.703040,356.138700,292.314000,3.566982,104.047200,98.172010,0.300000,1000.000000,0.900730,2468,2740,50.000000,off,,0,-1,0,1,1
1766648265597,2025-12-25 15:37:45.597,472.544600,10.863010,23,10,2,0.007443,0.001067,-0.035506,-0.110718,0.195877,0.974350,-22.544850,1.667525,44.696350,-0.934568,0.253477,0.249631,-56.9536285,11,53.8872223,36.8175316,Building,Surface,3.654144,3.745819,0.000000,0.000000,-22.580520,1.668375,44.703000,356.145400,292.260700,3.663568,104.047200,98.172010,0.300000,1000.000000,0.900730,2468,2740,50.000000,off,,0,-1,0,1,1
1766648265608,2025-12-25 15:37:45.608,472.555700,10.874150,23,10,2,0.007443,0.001067,-0.035506,-0.110718,0.195877,0.974350,-22.544940,1.667554,44.696330,-0.934949,0.253265,0.248419,-56.9964561,11,53.8502083,36.8482628,Building,Surface,3.654144,3.745819,0.000000,0.000000,-22.580620,1.668391,44.702950,356.145800,292.203800,3.759186,104.047200,98.172010,0.300000,1000.000000,0.900730,2468,2740,50.000000,off,,0,-1,0,1,1
1766648265619,2025-12-25 15:37:45.619,472.566900,10.885310,23,10,2,0.000458,0.001020,-0.035526,-0.096436,0.241989,0.965469,-22.547640,1.666979,44.689910,-0.919963,0.299506,0.252892,-51.2149544,11,52.5703735,31.1612263,Building,Surface,3.570145,3.683228,0.000000,0.000000,-22.580690,1.668327,44.702940,356.134900,292.141300,3.854291,104.047200,98.172010,0.300000,1000.000000,0.900730,2468,2740,50.000000,off,,0,-1,0,1,1
1766648265630,2025-12-25 15:37:45.630,472.577900,10.896390,23,10,2,0.000064,0.001041,-0.035597,-0.095230,0.238037,0.966568,-22.547800,1.666973,44.689510,-0.921137,0.295661,0.253133,-51.6249962,11,52.680069,31.5664158,Building,Surface,3.565491,3.683472,0.000000,0.000000,-22.580780,1.668336,44.702880,356.128100,292.061700,3.945784,104.047200,98.172010,0.300000,1000.000000,0.900730,2468,2740,50.000000,off,,0,-1,0,1,1
1766648265641,2025-12-25 15:37:45.641,472.589100,10.907560,23,10,2,0.004343,0.000992,-0.035431,-0.111908,0.195496,0.974289,-22.546450,1.667254,44.693480,-0.936523,0.252709,0.242989,-57.1330032,11,53.6672592,36.9304504,Building,Surface,3.665970,3.743301,0.000000,0.000000,-22.580900,1.668362,44.702800,356.113600,291.994400,4.050691,104.047200,98.172010,0.300000,1000.000000,0.900730,2468,2740,50.000000,off,,0,-1,0,1,1
1766648265653,2025-12-25 15:37:45.653,472.600200,10.918670,23,10,2,0.004343,0.000992,-0.035431,-0.111908,0.195496,0.974289,-22.546610,1.667284,44.693420,-0.936830,0.252982,0.241518,-57.1070442,11,53.6032181,36.8904877,Building,Surface,3.665970,3.743301,0.000000,0.000000,-22.581070,1.668403,44.702710,356.083900,291.925900,4.152744,104.047200,98.172010,0.300000,1000.000000,0.900730,2468,2740,50.000000,off,,0,-1,0,1,1
1766648265664,2025-12-25 15:37:45.664,472.611400,10.929810,23,10,2,-0.001542,0.000852,-0.035292,-0.109039,0.199463,0.973816,-22.548980,1.666784,44.688010,-0.935558,0.257256,0.241956,-56.4909172,11,53.4661484,36.2797279,Building,Surface,3.665344,3.744156,0.000000,0.000000,-22.581110,1.668476,44.702620,356.060300,291.847300,4.265948,104.047200,98.172010,0.300000,1000.000000,0.900730,2468,2740,50.000000,off,,0,-1,0,1,1
1766648265675,2025-12-25 15:37:45.675,472.622400,10.940860,23,10,2,-0.000311,0.000861,-0.035142,-0.104721,0.199875,0.974197,-22.548790,1.666965,44.689180,-0.934607,0.258352,0.244420,-56.3117027,11,53.5189133,36.1248512,Building,Surface,3.640900,3.752182,0.000000,0.000000,-22.581260,1.668568,44.702550,356.026200,291.771800,4.377321,104.047200,98.172010,0.300000,1000.000000,0.900730,2468,2740,50.000000,off,,0,-1,0,1,1
1766648265686,2025-12-25 15:37:45.686,472.633500,10.952000,23,10,2,-0.000311,0.000861,-0.035142,-0.104721,0.199875,0.974197,-22.548910,1.667005,44.689140,-0.934931,0.258858,0.242639,-56.2573853,11,53.4373665,36.0540848,Building,Surface,3.640900,3.752182,0.000000,0.000000,-22.581400,1.668635,44.702470,355.981900,291.688100,4.489490,104.047200,98.172010,0.300000,1000.000000,0.900730,2468,2740,50.000000,off,,0,-1,0,1,1
1766648265697,2025-12-25 15:37:45.697,472.644600,10.963070,23,10,2,0.003918,0.000974,-0.035254,-0.107864,0.204956,0.972794,-22.547340,1.667549,44.692960,-0.935112,0.263616,0.236729,-55.651886,11,53.0735626,35.4011269,Building,Surface,3.662064,3.763443,0.000000,0.000000,-22.581530,1.668748,44.702380,355.962200,291.593400,4.620077,104.047200,98.172010,0.300000,1000.000000,0.900730,2468,2740,50.000000,off,,0,-1,0,1,1
1766648265708,2025-12-25 15:37:45.708,472.655700,10.974150,23,10,2,0.000943,0.000976,-0.035213,-0.103485,0.190903,0.976135,-22.548620,1.667375,44.690170,-0.937468,0.250616,0.241536,-57.4587555,11,53.6846695,37.2386398,Building,Surface,3.679764,3.788803,0.000000,0.000000,-22.581680,1.668831,44.702270,355.923000,291.505200,4.750948,104.047200,98.172010,0.300000,1000.000000,0.900730,2468,2740,50.000000,off,,0,-1,0,1,1
1766648265720,2025-12-25 15:37:45.720,472.666900,10.985350,23,10,2,-0.000311,0.000861,-0.035142,-0.104721,0.199875,0.974197,-22.549280,1.667175,44.689000,-0.936279,0.259712,0.236452,-56.1947289,11,53.1859665,35.9348946,Building,Surface,3.640900,3.752182,0.000000,0.000000,-22.581830,1.668871,44.702170,355.879700,291.395400,4.896802,104.047200,98.172010,0.300000,1000.000000,0.900730,2468,2740,50.000000,off,,0,-1,0,1,1
1766648265731,2025-12-25 15:37:45.731,472.678100,10.996520,23,10,2,-0.000311,0.000861,-0.035142,-0.104721,0.199875,0.974197,-22.549340,1.667217,44.688980,-0.936817,0.259974,0.234021,-56.1800423,11,53.0900764,35.8985176,Building,Surface,3.640900,3.752182,0.000000,0.000000,-22.581920,1.668935,44.702090,355.843600,291.280300,5.057945,104.047200,98.172010,0.300000,1000.000000,0.900730,2468,2740,50.000000,off,,0,-1,0,1,1
1766648265742,2025-12-25 15:37:45.742,472.689200,11.007660,23,10,2,0.003918,0.000974,-0.035254,-0.107864,0.204956,0.972794,-22.547820,1.667735,44.692830,-0.936862,0.265424,0.227615,-55.4877281,11,52.6957321,35.1592865,Building,Surface,3.662064,3.763443,0.000000,0.000000,-22.582080,1.669009,44.702000,355.775700,291.168700,5.218843,104.047200,98.172010,0.300000,1000.000000,0.900730,2468,2740,50.000000,off,,0,-1,0,1,1
1766648265753,2025-12-25 15:37:45.753,472.700300,11.018740,23,10,2,0.002002,0.001015,-0.035263,-0.098953,0.195618,0.975662,-22.548610,1.667647,44.691090,-0.937111,0.257858,0.235174,-56.4643593,11,53.2024612,36.1913681,Building,Surface,3.671082,3.835724,0.000000,0.000000,-22.582200,1.669087,44.701970,355.712600,291.038600,5.400009,104.047200,98.172010,0.300000,1000.000000,0.900730,2468,2740,50.000000,off,,0,-1,0,1,1
1766648265763,2025-12-25 15:37:45.763,472.711300,11.029750,23,10,2,0.002002,0.001015,-0.035263,-0.098953,0.195618,0.975662,-22.548780,1.667745,44.691060,-0.937385,0.258985,0.232831,-56.3264694,11,53.0808792,36.0334892,Building,Surface,3.671082,3.835724,0.000000,0.000000,-22.582380,1.669233,44.701880,355.625000,290.934100,5.565886,104.047200,98.172010,0.300000,1000.000000,0.900730,2468,2740,50.000000,off,,0,-1,0,1,1
1766648265775,2025-12-25 15:37:45.775,472.722800,11.041290,23,10,2,0.005904,0.001116,-0.035361,-0.100174,0.194931,0.975678,-22.547430,1.668328,44.694640,-0.938178,0.259326,0.229240,-56.3071404,11,52.9436874,35.9839439,Building,Surface,3.663605,3.826584,0.000000,0.000000,-22.582550,1.669385,44.701830,355.538200,290.814300,5.717289,104.047200,98.172010,0.300000,1000.000000,0.900730,2468,2740,50.000000,off,,0,-1,0,1,1
1766648265787,2025-12-25 15:37:45.787,472.734100,11.052580,23,10,2,0.007277,0.001145,-0.035367,-0.095093,0.190216,0.977112,-22.547140,1.668614,44.695910,-0.938035,0.256918,0.232501,-56.6170273,11,53.140461,36.3199959,Building,Surface,3.671799,3.814514,0.000000,0.000000,-22.582780,1.669561,44.701760,355.422500,290.696600,5.862051,104.047200,98.172010,0.300000,1000.000000,0.900730,2468,2740,50.000000,off,,0,-1,0,1,1
1766648265797,2025-12-25 15:37:45.797,472.744600,11.063020,23,10,2,0.004329,0.001092,-0.035300,-0.089096,0.185135,0.978653,-22.548450,1.668403,44.693240,-0.937610,0.254715,0.236608,-56.8982124,11,53.3614845,36.6349945,Building,Surface,3.668030,3.844955,0.000000,0.000000,-22.582980,1.669773,44.701720,355.282300,290.572300,5.995564,104.047200,98.172010,0.300000,1000.000000,0.900730,2468,2740,50.000000,off,,0,-1,0,1,1
1766648265808,2025-12-25 15:37:45.808,472.755700,11.074160,23,10,2,0.004329,0.001092,-0.035300,-0.089096,0.185135,0.978653,-22.548580,1.668544,44.693300,-0.937573,0.257030,0.234235,-56.587101,11,53.1971817,36.3044472,Building,Surface,3.668030,3.844955,0.000000,0.000000,-22.583120,1.669999,44.701720,355.130300,290.463000,6.118994,104.047200,98.172010,0.300000,1000.000000,0.900730,2468,2740,50.000000,off,,0,-1,0,1,1
1766648265820,2025-12-25 15:37:45.820,472.766800,11.085300,23,10,2,-0.002720,0.000851,-0.034737,-0.074692,0.184525,0.979981,-22.551840,1.667777,44.686990,-0.933552,0.260728,0.245950,-55.9664192,11,53.4902649,35.7927628,Building,Surface,3.865067,3.831360,0.000001,0.000000,-22.583360,1.670278,44.701670,354.962500,290.360700,6.213983,104.047200,98.172010,0.300000,1000.000000,0.900730,2468,2740,50.000000,off,,0,-1,0,1,1
1766648265831,2025-12-25 15:37:45.831,472.778100,11.096530,23,10,2,0.007277,0.001145,-0.035367,-0.095093,0.190216,0.977112,-22.547940,1.669273,44.696070,-0.937528,0.267020,0.222967,-55.3088455,11,52.4874153,34.9434509,Building,Surface,3.671799,3.814514,0.000038,0.000000,-22.583600,1.670572,44.701650,354.769500,290.249800,6.272108,104.047200,98.172010,0.300000,1000.000000,0.900730,2468,2740,50.000000,off,,0,-1,0,1,1
1766648265841,2025-12-25 15:37:45.842,472.789000,11.107450,23,10,2,0.007277,0.001145,-0.035367,-0.095093,0.190216,0.977112,-22.548150,1.669489,44.696110,-0.937014,0.270576,0.220831,-54.8600273,11,52.3112183,34.4834175,Building,Surface,3.671799,3.814514,0.000038,0.000000,-22.583830,1.670920,44.701620,354.556500,290.140100,6.271332,104.047200,98.172010,0.300000,1000.000000,0.900730,2468,2740,50.000000,off,,0,-1,0,1,1
1766648265853,2025-12-25 15:37:45.853,472.800100,11.118560,23,9,2,0.004329,0.001092,-0.035300,-0.089096,0.185135,0.978653,-32.149440,1.669355,49.393380,-0.935987,0.269958,0.225889,-36.6741676,2.97438025,50.4853668,4.83411694,SS-01,Signage,3.668030,3.844955,0.000010,0.000000,-32.184020,1.671285,49.401540,354.343900,290.049900,6.240419,104.047200,98.172010,0.300000,1000.000000,0.900730,2468,2740,50.000000,off,Node9,1,0,0,1,1
1766648265864,2025-12-25 15:37:45.864,472.811200,11.129610,23,9,2,-0.004486,0.000808,-0.034658,-0.067230,0.185654,0.980301,-32.153260,1.668401,49.385430,-0.929115,0.277093,0.244832,-36.6741676,3.01668644,50.5767403,4.86576939,SS-01,Signage,3.892395,3.849609,0.000153,0.000000,-32.184150,1.671636,49.401470,354.108600,289.938300,6.132568,104.047200,98.172010,0.300000,1000.000000,0.900730,2468,2740,50.000000,off,Node9,1,0,0,1,1
1766648265875,2025-12-25 15:37:45.875,472.822300,11.140750,23,9,2,-0.007653,0.000755,-0.034589,-0.063049,0.182648,0.981140,-32.154620,1.668223,49.382510,-0.927975,0.278433,0.247608,-36.6741676,3.0242846,50.5884438,4.87026548,SS-01,Signage,3.832718,3.873596,0.000153,0.000000,-32.184360,1.671953,49.401410,353.892500,289.827700,6.012124,104.047200,98.172010,0.300000,1000.000000,0.900730,2468,2740,50.000000,off,Node9,1,0,0,1,1
1766648265886,2025-12-25 15:37:45.886,472.833500,11.151980,23,9,2,-0.007653,0.000755,-0.034589,-0.063049,0.182648,0.981140,-32.154740,1.668409,49.382600,-0.927490,0.281875,0.245520,-36.6741676,3.04191637,50.5789566,4.87268257,SS-01,Signage,3.832718,3.873596,0.000153,0.000000,-32.184510,1.672241,49.401420,353.696600,289.697600,5.890705,104.047200,98.172010,0.300000,1000.000000,0.900730,2468,2740,50.000000,off,Node9,1,0,0,1,1
1766648265897,2025-12-25 15:37:45.897,472.844700,11.163120,23,9,2,-0.009651,0.000788,-0.034665,-0.061203,0.176270,0.982422,-32.155500,1.668404,49.380730,-0.928181,0.278807,0.246408,-36.6741676,3.02572203,50.5803185,4.86823463,SS-01,Signage,3.810989,3.911926,0.000039,0.000000,-32.184690,1.672493,49.401380,353.532800,289.562500,5.766275,104.047200,98.172010,0.300000,1000.000000,0.900730,2468,2740,50.000000,off,Node9,1,0,0,1,1
1766648265908,2025-12-25 15:37:45.908,472.855700,11.174190,23,9,2,-0.004768,0.000854,-0.034574,-0.053085,0.165543,0.984757,-32.153990,1.669068,49.385400,-0.928116,0.271968,0.254170,-36.6741676,2.99362612,50.6232758,4.87019396,SS-01,Signage,3.826340,3.882889,0.002459,0.000000,-32.184810,1.672675,49.401400,353.380700,289.434000,5.646066,104.047200,98.172010,0.300000,1000.000000,0.900730,2468,2740,50.000000,off,Node9,1,0,0,1,1
1766648265919,2025-12-25 15:37:45.919,472.866800,11.185240,23,9,2,-0.004768,0.000854,-0.034574,-0.053085,0.165543,0.984757,-32.154110,1.669149,49.385450,-0.927907,0.274500,0.252201,-36.6741676,3.00630474,50.6139793,4.87116051,SS-01,Signage,3.826340,3.882889,0.002459,0.000000,-32.184960,1.672831,49.401370,353.238400,289.306500,5.521228,104.047200,98.172010,0.300000,1000.000000,0.900730,2468,2740,50.000000,off,Node9,1,0,0,1,1
1766648265930,2025-12-25 15:37:45.930,472.877800,11.196290,23,9,2,0.001310,0.000872,-0.034369,-0.053970,0.153229,0.986710,-32.152320,1.669920,49.391250,-0.930835,0.264599,0.252033,-36.6741676,2.95529938,50.6155853,4.85780859,SS-01,Signage,3.968979,3.975449,0.002444,0.000000,-32.185060,1.673053,49.401360,353.120300,289.202900,5.401531,104.047200,98.172010,0.300000,1000.000000,0.900730,2468,2740,50.000000,off,Node9,1,0,0,1,1
1766648265942,2025-12-25 15:37:45.942,472.889100,11.207520,23,9,2,-0.009651,0.000788,-0.034665,-0.061203,0.176270,0.982422,-32.155880,1.668857,49.380950,-0.927239,0.288183,0.239058,-36.6741676,3.07312679,50.5458412,4.87276888,SS-01,Signage,3.810989,3.911926,0.002444,0.000000,-32.185210,1.673180,49.401350,353.009100,289.081300,5.292104,104.047200,98.172010,0.300000,1000.000000,0.900730,2468,2740,50.000000,off,Node9,1,0,0,1,1
1766648265952,2025-12-25 15:37:45.952,472.900000,11.218480,23,9,2,-0.004768,0.000854,-0.034574,-0.053085,0.165543,0.984757,-32.154300,1.669496,49.385510,-0.927466,0.280136,0.247585,-36.6741676,3.03469753,50.5920792,4.8732729,SS-01,Signage,3.826340,3.882889,0.009839,0.000000,-32.185210,1.673335,49.401260,352.926800,288.994700,5.163575,104.047200,98.172010,0.300000,1000.000000,0.900730,2468,2740,50.000000,off,Node9,1,0,0,1,1
1766648265963,2025-12-25 15:37:45.963,472.911100,11.229580,23,9,2,-0.004768,0.000854,-0.034574,-0.053085,0.165543,0.984757,-32.154360,1.669527,49.385470,-0.927472,0.281189,0.246365,-36.6741676,3.03983259,50.586071,4.87317419,SS-01,Signage,3.826340,3.882889,0.009839,0.000000,-32.185300,1.673392,49.401170,352.870500,288.909500,5.067415,104.047200,98.172010,0.300000,1000.000000,0.900730,2468,2740,50.000000,off,Node9,1,0,0,1,1
1766648265974,2025-12-25 15:37:45.974,472.922200,11.240660,23,9,2,0.001527,0.000830,-0.034285,-0.043976,0.157425,0.986542,-32.152630,1.670143,49.391460,-0.927059,0.274676,0.255140,-36.6741676,3.00981832,50.6358528,4.87724876,SS-01,Signage,3.970657,3.955948,0.000152,0.000000,-32.185410,1.673461,49.401100,352.845700,288.816400,4.991554,104.047200,98.172010,0.300000,1000.000000,0.900730,2468,2740,50.000000,off,Node9,1,0,0,1,1
1766648265986,2025-12-25 15:37:45.986,472.933300,11.251770,23,9,2,-0.003361,0.000676,-0.034177,-0.041290,0.157776,0.986603,-32.154410,1.669608,49.386890,-0.926532,0.275444,0.256226,-36.6741676,3.0132637,50.6367989,4.87810278,SS-01,Signage,3.987076,3.998932,0.000010,0.000000,-32.185480,1.673489,49.401020,352.836900,288.724400,4.955984,104.047200,98.172010,0.300000,1000.000000,0.900730,2468,2740,50.000000,off,Node9,1,0,0,1,1
1766648265997,2025-12-25 15:37:45.997,472.944500,11.262910,23,9,2,-0.003361,0.000676,-0.034177,-0.041290,0.157776,0.986603,-32.154520,1.669586,49.386840,-0.926873,0.275626,0.254795,-36.6741676,3.01360321,50.6292801,4.87619543,SS-01,Signage,3.987076,3.998932,0.000010,0.000000,-32.185610,1.673472,49.400920,352.827300,288.633100,4.932515,104.047200,98.172010,0.300000,1000.000000,0.900730,2468,2740,50.000000,off,Node9,1,0,0,1,1
1766648266007,2025-12-25 15:37:46.007,472.955600,11.274050,23,9,2,-0.015915,0.000399,-0.033998,-0.033051,0.147324,0.988525,-32.158940,1.668261,49.375080,-0.927352,0.266069,0.263067,-36.6741676,2.96373725,50.655941,4.86889648,SS-01,Signage,3.938187,3.959976,0.000607,0.000000,-32.185750,1.673462,49.400830,352.837400,288.548200,4.930283,104.047200,98.172010,0.300000,1000.000000,0.900730,2468,2740,50.000000,off,Node9,1,0,0,1,1
1766648266019,2025-12-25 15:37:46.019,472.966700,11.285160,23,9,2,-0.015963,0.000407,-0.034085,-0.039185,0.149262,0.988007,-32.158990,1.668234,49.374910,-0.929131,0.266965,0.255767,-36.6741676,2.96556997,50.6178284,4.85950327,SS-01,Signage,3.940994,3.953827,0.009899,0.000000,-32.185900,1.673433,49.400710,352.862100,288.479100,4.949441,104.047200,98.172010,0.300000,1000.000000,0.900730,2468,2740,50.000000,off,Node9,1,0,0,1,1
1766648266030,2025-12-25 15:37:46.030,472.978000,11.296450,23,9,2,-0.007545,0.000518,-0.034118,-0.036499,0.142975,0.989044,-32.156290,1.669033,49.382760,-0.930155,0.260989,0.258223,-36.6741676,2.93668985,50.636982,4.85708475,SS-01,Signage,3.972488,4.031693,0.000623,0.000000,-32.186010,1.673403,49.400620,352.869000,288.407800,4.955316,104.047200,98.172010,0.300000,1000.000000,0.900730,2468,2740,50.000000,off,Node9,1,0,0,1,1
1766648266041,2025-12-25 15:37:46.041,472.988900,11.307340,23,9,2,-0.007545,0.000518,-0.034118,-0.036499,0.142975,0.989044,-32.156420,1.668998,49.382650,-0.930423,0.260885,0.257360,-36.6741676,2.93574691,50.6322823,4.85554028,SS-01,Signage,3.972488,4.031693,0.000623,0.000000,-32.186160,1.673366,49.400490,352.874800,288.355200,4.962289,104.047200,98.172010,0.300000,1000.000000,0.900730,2468,2740,50.000000,off,Node9,1,0,0,1,1
1766648266052,2025-12-25 15:37:46.052,473.000000,11.318420,23,9,2,0.000043,0.000632,-0.034204,-0.040024,0.144043,0.988754,-32.153940,1.669755,49.389700,-0.931572,0.261226,0.252826,-36.6741676,2.93729162,50.616478,4.85222769,SS-01,Signage,4.009384,4.051117,0.157403,0.000000,-32.186240,1.673355,49.400390,352.897300,288.291900,4.961144,104.047200,98.172010,0.300000,1000.000000,0.900730,2468,2740,50.000000,off,Node9,1,0,0,1,1
1766648266063,2025-12-25 15:37:46.063,473.011000,11.329500,23,9,2,-0.020181,0.000234,-0.033827,-0.012238,0.120804,0.992600,-32.160980,1.667627,49.370690,-0.928717,0.240728,0.282016,-36.6741676,2.83746767,50.7411728,4.85959053,SS-01,Signage,3.897720,4.044662,0.038861,0.000000,-32.186390,1.673299,49.400250,352.919800,288.228700,4.966666,104.047200,98.172010,0.300000,1000.000000,0.900730,2468,2740,50.000000,off,Node9,1,0,0,1,1
1766648266074,2025-12-25 15:37:46.074,473.022200,11.340610,23,9,2,-0.020181,0.000234,-0.033827,-0.012238,0.120804,0.992600,-32.161090,1.667568,49.370570,-0.929023,0.240395,0.281290,-36.6741676,2.83537674,50.7370415,4.85786915,SS-01,Signage,3.897720,4.044662,0.038861,0.000000,-32.186530,1.673237,49.400110,352.938900,288.185200,4.989871,104.047200,98.172010,0.300000,1000.000000,0.900730,2468,2740,50.000000,off,Node9,1,0,0,1,1
1766648266086,2025-12-25 15:37:46.086,473.033400,11.351840,23,9,2,-0.007545,0.000518,-0.034118,-0.036499,0.142975,0.989044,-32.156880,1.668886,49.382240,-0.931869,0.259415,0.253588,-36.6741676,2.92641544,50.6115227,4.84751654,SS-01,Signage,3.972488,4.031693,0.000611,0.000000,-32.186690,1.673207,49.399960,352.960400,288.120400,4.996813,104.047200,98.172010,0.300000,1000.000000,0.900730,2468,2740,50.000000,off,Node9,1,0,0,1,1
1766648266097,2025-12-25 15:37:46.097,473.044900,11.363370,23,9,2,0.000043,0.000632,-0.034204,-0.040024,0.144043,0.988754,-32.154500,1.669610,49.389210,-0.932993,0.259626,0.249208,-36.6741676,2.92730832,50.5964394,4.8442359,SS-01,Signage,4.009384,4.051117,0.039351,0.000000,-32.186840,1.673155,49.399780,352.990100,288.067400,5.003701,104.047200,98.172010,0.300000,1000.000000,0.900730,2468,2740,50.000000,off,Node9,1,0,0,1,1
1766648266108,2025-12-25 15:37:46.108,473.055500,11.373960,23,9,2,0.000043,0.000632,-0.034204,-0.040024,0.144043,0.988754,-32.154560,1.669541,49.389060,-0.933343,0.259151,0.248391,-36.6741676,2.92445087,50.5918655,4.84235477,SS-01,Signage,4.009384,4.051117,0.039351,0.000000,-32.186920,1.673070,49.399590,353.017900,288.015700,5.009509,104.047200,98.172010,0.300000,1000.000000,0.900730,2468,2740,50.000000,off,Node9,1,0,0,1,1
1766648266119,2025-12-25 15:37:46.119,473.066600,11.385070,23,9,2,-0.019339,0.000276,-0.033927,-0.010849,0.130417,0.991394,-32.161120,1.667508,49.370680,-0.928295,0.247808,0.277215,-36.6741676,2.87226415,50.7184029,4.86162424,SS-01,Signage,3.937393,4.087219,0.000603,0.000000,-32.187050,1.673011,49.399350,353.060400,287.940300,5.012524,104.047200,98.172010,0.300000,1000.000000,0.900730,2468,2740,50.000000,off,Node9,1,0,0,1,1
1766648266130,2025-12-25 15:37:46.130,473.077800,11.396210,23,9,2,-0.006927,0.000534,-0.034104,-0.016907,0.109726,0.993805,-32.157110,1.668775,49.382140,-0.934868,0.226610,0.273210,-70.6525955,11,60.6322327,41.1769257,Building,Surface,3.954666,4.021805,0.000603,0.000000,-32.187190,1.672952,49.399130,353.089800,287.846700,5.022619,104.047200,98.172010,0.300000,1000.000000,0.900730,2468,2740,50.000000,off,,0,-1,0,1,1
1766648266141,2025-12-25 15:37:46.141,473.088900,11.407350,23,9,2,0.002269,0.000743,-0.034331,-0.022766,0.103302,0.994385,-32.154050,1.669704,49.390490,-0.938396,0.219104,0.267203,-52.7651939,6.48215437,55.2593994,21.9641304,Building,Surface,3.989365,4.048203,0.000038,0.000000,-32.187280,1.672877,49.398830,353.131500,287.757800,5.028789,104.047200,98.172010,0.300000,1000.000000,0.900730,2468,2740,50.000000,off,,0.59517926,0,-0.803592861,1,1
1766648266152,2025-12-25 15:37:46.152,473.100100,11.418520,23,9,2,0.002269,0.000743,-0.034331,-0.022766,0.103302,0.994385,-32.154160,1.669683,49.390290,-0.939103,0.218175,0.265471,-52.8068924,6.46778202,55.2285233,21.9918594,Building,Surface,3.989365,4.048203,0.000038,0.000000,-32.187420,1.672824,49.398570,353.185500,287.650200,5.047821,104.047200,98.172010,0.300000,1000.000000,0.900730,2468,2740,50.000000,off,,0.59517926,0,-0.803592861,1,1
1766648266163,2025-12-25 15:37:46.163,473.111100,11.429570,23,9,2,0.000200,0.000681,-0.034227,-0.021667,0.105270,0.994202,-32.155020,1.669337,49.388140,-0.939039,0.219698,0.264437,-72.0363922,11,60.6188889,42.4701538,Building,Surface,3.961044,4.058212,0.000153,0.000000,-32.187550,1.672691,49.398270,353.213600,287.543100,5.083326,104.047200,98.172010,0.300000,1000.000000,0.900730,2468,2740,50.000000,off,,0,-1,0,1,1
1766648266174,2025-12-25 15:37:46.174,473.122300,11.440700,23,9,2,-0.000776,0.000655,-0.034182,-0.020020,0.104248,0.994339,-32.155510,1.669218,49.386980,-0.939525,0.218267,0.263877,-52.8473663,6.47627544,55.1985359,22.0235138,Building,Surface,3.957916,4.069901,0.000038,0.000000,-32.187710,1.672658,49.397950,353.247100,287.403700,5.105575,104.047200,98.172010,0.300000,1000.000000,0.900730,2468,2740,50.000000,off,,0.59517926,0,-0.803592861,1,1
1766648266186,2025-12-25 15:37:46.186,473.133300,11.451720,23,9,2,-0.000776,0.000655,-0.034182,-0.020020,0.104248,0.994339,-32.155690,1.669212,49.386730,-0.940198,0.218302,0.261440,-52.9043922,6.48679924,55.1563034,22.0682068,Building,Surface,3.957916,4.069901,0.000038,0.000000,-32.187920,1.672653,49.397620,353.244500,287.257100,5.122957,104.047200,98.172010,0.300000,1000.000000,0.900730,2468,2740,50.000000,off,,0.59517926,0,-0.803592861,1,1
1766648266197,2025-12-25 15:37:46.197,473.144900,11.463380,23,9,2,-0.000382,0.000718,-0.034310,-0.013672,0.105072,0.994370,-32.155590,1.669289,49.386750,-0.938900,0.220043,0.264662,-71.9687347,11,60.6094856,42.4039917,Building,Surface,4.016571,4.082550,0.000002,0.000000,-32.188100,1.672660,49.397210,353.223500,287.092800,5.117074,104.047200,98.172010,0.300000,1000.000000,0.900730,2468,2740,50.000000,off,,0,-1,0,1,1
1766648266207,2025-12-25 15:37:46.207,473.155500,11.473910,23,9,2,0.000200,0.000681,-0.034227,-0.021667,0.105270,0.994202,-32.155550,1.669340,49.387000,-0.941984,0.219422,0.253987,-72.2122955,11,60.1875,42.5235863,Building,Surface,3.961044,4.058212,0.000000,0.000000,-32.188190,1.672684,49.396770,353.229400,286.906700,5.096293,104.047200,98.172010,0.300000,1000.000000,0.900730,2468,2740,50.000000,off,,0,-1,0,1,1
1766648266219,2025-12-25 15:37:46.219,473.166700,11.485140,23,9,2,-0.000776,0.000655,-0.034182,-0.020020,0.104248,0.994339,-32.156010,1.669230,49.385750,-0.942520,0.218780,0.252528,-72.353653,11,60.1558456,42.6486511,Building,Surface,3.957916,4.069901,0.000000,0.000000,-32.188350,1.672686,49.396330,353.217700,286.712000,5.079479,104.047200,98.172010,0.300000,1000.000000,0.900730,2468,2740,50.000000,off,,0,-1,0,1,1
1766648266230,2025-12-25 15:37:46.230,473.177800,11.496220,23,9,2,-0.000776,0.000655,-0.034182,-0.020020,0.104248,0.994339,-32.156090,1.669234,49.385440,-0.943497,0.218741,0.248888,-72.4025497,11,60.002182,42.6562462,Building,Surface,3.957916,4.069901,0.000000,0.000000,-32.188470,1.672688,49.395890,353.221200,286.486500,5.039315,104.047200,98.172010,0.300000,1000.000000,0.900730,2468,2740,50.000000,off,,0,-1,0,1,1
1766648266241,2025-12-25 15:37:46.241,473.188800,11.507230,23,9,2,-0.001294,0.000664,-0.034090,-0.018219,0.129944,0.991348,-32.156340,1.669230,49.384650,-0.938750,0.244443,0.242868,-36.6741676,2.84563589,50.5534782,4.81257153,SS-01,Signage,4.007263,4.089203,0.000000,0.000000,-32.188530,1.672727,49.395440,353.193300,286.250000,5.021791,104.047200,98.172010,0.300000,1000.000000,0.900730,2468,2740,50.000000,off,Node9,1,0,0,1,1
1766648266252,2025-12-25 15:37:46.252,473.199900,11.518340,23,9,2,-0.009016,0.000830,-0.034589,-0.083237,0.126663,0.988434,-32.158120,1.668684,49.376790,-0.955676,0.235564,0.176539,-70.0149918,11,56.3699684,39.6121254,Building,Surface,4.072906,4.099533,0.000000,0.000000,-32.188640,1.672751,49.394970,353.175500,286.012200,4.983772,104.047200,98.172010,0.300000,1000.000000,0.900730,2468,2740,50.000000,off,,0,-1,0,1,1
1766648266263,2025-12-25 15:37:46.263,473.210900,11.529390,23,9,2,-0.009016,0.000830,-0.034589,-0.083237,0.126663,0.988434,-32.158060,1.668737,49.376380,-0.956249,0.235860,0.173009,-69.9898682,11,56.2210846,39.5622101,Building,Surface,4.072906,4.099533,0.000000,0.000000,-32.188640,1.672806,49.394450,353.161700,285.797100,4.944805,104.047200,98.172010,0.300000,1000.000000,0.900730,2468,2740,50.000000,off,,0,-1,0,1,1
1766648266275,2025-12-25 15:37:46.275,473.222100,11.540590,23,9,2,0.007703,0.001985,-0.037444,-0.255386,0.120041,0.959351,-32.150610,1.671001,49.391160,-0.977218,0.212185,-0.002716,-75.1153107,11,49.2717476,43.9660149,Building,Surface,3.864044,4.143753,0.000000,0.000000,-32.188740,1.672878,49.393980,353.106200,285.558200,4.909952,104.047200,98.172010,0.300000,1000.000000,0.900730,2468,2740,50.000000,off,,0,-1,0,1,1
1766648266286,2025-12-25 15:37:46.286,473.233200,11.551670,23,9,2,0.021077,0.001823,-0.036291,-0.358704,0.151428,0.921082,-32.148120,1.672114,49.404000,-0.965598,0.231163,-0.119057,-71.1119156,11,44.5998192,40.3517876,Building,Surface,3.891678,4.259613,0.000000,0.000000,-32.188790,1.672934,49.393540,353.046100,285.338000,4.853797,104.047200,98.172010,0.300000,1000.000000,0.900730,2468,2740,50.000000,off,,0,-1,0,1,1
1766648266297,2025-12-25 15:37:46.297,473.244800,11.563230,23,9,2,0.025886,0.002504,-0.038342,-0.298889,0.092270,0.949799,-32.144900,1.673004,49.407680,-0.981798,0.182793,-0.051242,-79.9046936,10.565012,46.9150047,48.6444168,Building,Surface,3.898560,4.136612,0.000000,0.000000,-32.188860,1.673077,49.393050,352.965300,285.119500,4.792750,104.047200,98.172010,0.300000,1000.000000,0.900730,2468,2740,50.000000,off,,1,0,0,1,1
1766648266307,2025-12-25 15:37:46.307,473.255500,11.573910,23,9,2,0.025886,0.002504,-0.038342,-0.298889,0.092270,0.949799,-32.144960,1.673089,49.407420,-0.981175,0.184991,-0.055137,-79.9046936,10.677722,46.723568,48.6752357,Building,Surface,3.898560,4.136612,0.000000,0.000000,-32.188860,1.673267,49.392610,352.852200,284.893900,4.725694,104.047200,98.172010,0.300000,1000.000000,0.900730,2468,2740,50.000000,off,,1,0,0,1,1
1766648266319,2025-12-25 15:37:46.319,473.266600,11.585050,23,9,2,0.007703,0.001985,-0.037444,-0.255386,0.120041,0.959351,-32.150730,1.671339,49.389900,-0.975385,0.219759,-0.017774,-73.5553436,11,48.6354027,42.4491997,Building,Surface,3.864044,4.143753,0.000000,0.000000,-32.188890,1.673504,49.392120,352.716500,284.674200,4.652260,104.047200,98.172010,0.300000,1000.000000,0.900730,2468,2740,50.000000,off,,0,-1,0,1,1
1766648266330,2025-12-25 15:37:46.330,473.277700,11.596130,23,9,2,0.021077,0.001823,-0.036291,-0.358704,0.151428,0.921082,-32.148460,1.672558,49.402740,-0.961331,0.240540,-0.134063,-69.4260788,11,44.2041664,38.7768974,Building,Surface,3.891678,4.259613,0.000000,0.000000,-32.188950,1.673785,49.391630,352.555700,284.447800,4.590631,104.047200,98.172010,0.300000,1000.000000,0.900730,2468,2740,50.000000,off,,0,-1,0,1,1
1766648266341,2025-12-25 15:37:46.341,473.288700,11.607180,23,9,2,0.021077,0.001823,-0.036291,-0.358704,0.151428,0.921082,-32.148410,1.672729,49.402440,-0.959958,0.243723,-0.138090,-36.6750717,2.82200003,48.7512779,4.71545458,SS-01,Signage,3.891678,4.259613,0.000000,0.000000,-32.188850,1.674092,49.391160,352.378500,284.211500,4.526820,104.047200,98.172010,0.300000,1000.000000,0.900730,2468,2740,50.000000,off,Node9,0,-1,0,1,1
1766648266352,2025-12-25 15:37:46.352,473.299900,11.618320,23,9,2,0.016143,0.002131,-0.037602,-0.291321,0.090393,0.952332,-32.148350,1.672648,49.397000,-0.978507,0.196400,-0.062649,-78.6192245,11,46.4216919,47.4909859,Building,Surface,3.936569,4.124084,0.000000,0.000000,-32.188800,1.674415,49.390660,352.178600,283.997900,4.467123,104.047200,98.172010,0.300000,1000.000000,0.900730,2468,2740,50.000000,off,,0,-1,0,1,1
1766648266363,2025-12-25 15:37:46.363,473.310900,11.629360,23,9,2,0.012081,0.001982,-0.037269,-0.281509,0.105804,0.953705,-32.149580,1.672415,49.392850,-0.974623,0.216149,-0.058172,-74.2079697,11,46.8825302,43.1533737,Building,Surface,3.920273,4.183044,0.000000,0.000000,-32.188650,1.674741,49.390190,351.975300,283.790300,4.412193,104.047200,98.172010,0.300000,1000.000000,0.900730,2468,2740,50.000000,off,,0,-1,0,1,1
1766648266374,2025-12-25 15:37:46.374,473.322100,11.640500,23,9,2,0.021519,0.002326,-0.037905,-0.268524,0.087341,0.959305,-32.146560,1.673542,49.401460,-0.977978,0.203639,-0.045713,-76.9369507,11,47.3078461,45.7989693,Building,Surface,3.898071,4.179001,0.000155,0.000000,-32.188580,1.675067,49.389730,351.750000,283.599500,4.359773,104.047200,98.172010,0.300000,1000.000000,0.900730,2468,2740,50.000000,off,,0,-1,0,1,1
1766648266386,2025-12-25 15:37:46.386,473.333300,11.651700,23,9,2,0.021519,0.002326,-0.037905,-0.268524,0.087341,0.959305,-32.146430,1.673698,49.401210,-0.977014,0.207419,-0.049202,-76.0764923,11,47.1889267,44.9635773,Building,Surface,3.898071,4.179001,0.000155,0.000000,-32.188400,1.675383,49.389340,351.530500,283.403600,4.321619,104.047200,98.172010,0.300000,1000.000000,0.900730,2468,2740,50.000000,off,,0,-1,0,1,1
1766648266397,2025-12-25 15:37:46.397,473.344200,11.662690,23,9,2,0.020240,0.002247,-0.037668,-0.239761,0.089111,0.966721,-32.146870,1.673748,49.399740,-0.976017,0.216426,-0.022951,-74.2055054,11,48.4107323,43.0915909,Building,Surface,3.928299,4.122375,0.010022,0.000000,-32.188240,1.675739,49.388910,351.297300,283.231800,4.279428,104.047200,98.172010,0.300000,1000.000000,0.900730,2468,2740,50.000000,off,,0,-1,0,1,1
1766648266408,2025-12-25 15:37:46.408,473.356000,11.674470,23,9,2,0.017478,0.002257,-0.037772,-0.249405,0.090637,0.964142,-32.147220,1.673745,49.396790,-0.974691,0.220575,-0.036233,-73.3586731,11,47.8647995,42.2813148,Building,Surface,3.896820,4.168091,0.009840,0.000000,-32.188000,1.676099,49.388530,351.073900,283.054100,4.262677,104.047200,98.172010,0.300000,1000.000000,0.900730,2468,2740,50.000000,off,,0,-1,0,1,1
1766648266419,2025-12-25 15:37:46.419,473.366900,11.685360,23,9,2,0.017478,0.002257,-0.037772,-0.249405,0.090637,0.964142,-32.147090,1.673960,49.396520,-0.973674,0.224542,-0.039095,-72.5872803,11,47.7727585,41.5333748,Building,Surface,3.896820,4.168091,0.009840,0.000000,-32.187840,1.676475,49.388150,350.834500,282.897600,4.254601,104.047200,98.172010,0.300000,1000.000000,0.900730,2468,2740,50.000000,off,,0,-1,0,1,1
1766648266430,2025-12-25 15:37:46.430,473.377600,11.696040,23,9,2,0.022291,0.003193,-0.037556,-0.235397,0.373077,0.897430,-32.145900,1.675475,49.400880,-0.865216,0.495969,-0.073462,-36.6741676,4.27122021,49.0164032,5.23363447,SS-01,Signage,4.110565,4.151398,0.010023,0.000000,-32.187670,1.676817,49.387770,350.630600,282.736700,4.251806,104.047200,98.172010,0.300000,1000.000000,0.900730,2468,2740,50.000000,off,Node9,1,0,0,1,1
1766648266441,2025-12-25 15:37:46.441,473.388700,11.707120,23,9,2,0.020240,0.002247,-0.037668,-0.239761,0.089111,0.966721,-32.146250,1.674538,49.398670,-0.972396,0.230693,-0.034678,-71.4540863,11,47.9968567,40.4232063,Building,Surface,3.928299,4.122375,0.637500,0.000000,-32.187470,1.677109,49.387360,350.441500,282.583300,4.237455,104.047200,98.172010,0.300000,1000.000000,0.900730,2468,2740,50.000000,off,,0,-1,0,1,1
1766648266452,2025-12-25 15:37:46.452,473.399800,11.718260,23,9,2,0.017478,0.002257,-0.037772,-0.249405,0.090637,0.964142,-32.146610,1.674483,49.395710,-0.971135,0.233748,-0.047399,-70.890625,11,47.5046959,39.895359,Building,Surface,3.896820,4.168091,0.039357,0.000000,-32.187270,1.677373,49.386990,350.280700,282.435100,4.225698,104.047200,98.172010,0.300000,1000.000000,0.900730,2468,2740,50.000000,off,,0,-1,0,1,1
1766648266463,2025-12-25 15:37:46.463,473.411000,11.729490,23,9,2,0.017478,0.002257,-0.037772,-0.249405,0.090637,0.964142,-32.146440,1.674573,49.395440,-0.970375,0.236387,-0.049812,-70.4275742,11,47.4303627,39.4495888,Building,Surface,3.896820,4.168091,0.039357,0.000000,-32.187070,1.677573,49.386620,350.129000,282.298300,4.190166,104.047200,98.172010,0.300000,1000.000000,0.900730,2468,2740,50.000000,off,,0,-1,0,1,1
1766648266474,2025-12-25 15:37:46.474,473.422000,11.740450,23,9,2,0.025397,0.003184,-0.037516,-0.227585,0.375076,0.898605,-32.144610,1.676223,49.402810,-0.857815,0.508490,-0.074567,-36.6741676,4.36122417,49.0090714,5.28026056,SS-01,Signage,4.150558,4.150726,0.039847,0.000000,-32.186870,1.677817,49.386250,349.987400,282.190200,4.132158,104.047200,98.172010,0.300000,1000.000000,0.900730,2468,2740,50.000000,off,Node9,1,0,0,1,1
1766648266486,2025-12-25 15:37:46.486,473.433200,11.751680,23,9,2,0.019607,0.002929,-0.037140,-0.212311,0.364502,0.906662,-32.146130,1.675751,49.397030,-0.862354,0.502903,-0.058377,-36.6741676,4.31638813,49.0905037,5.25072002,SS-01,Signage,4.146027,4.085129,0.156457,0.000000,-32.186670,1.678053,49.385930,349.844500,282.087700,4.073391,104.047200,98.172010,0.300000,1000.000000,0.900730,2468,2740,50.000000,off,Node9,1,0,0,1,1
1766648266497,2025-12-25 15:37:46.497,473.444200,11.762700,23,9,2,0.019607,0.002929,-0.037140,-0.212311,0.364502,0.906662,-32.146010,1.675899,49.396790,-0.860895,0.505232,-0.059781,-36.6741676,4.33333111,49.0823517,5.25975513,SS-01,Signage,4.146027,4.085129,0.156457,0.000000,-32.186520,1.678314,49.385600,349.699600,281.990200,4.017020,104.047200,98.172010,0.300000,1000.000000,0.900730,2468,2740,50.000000,off,Node9,1,0,0,1,1
1766648266508,2025-12-25 15:37:46.508,473.455600,11.774080,23,9,2,0.014389,0.002777,-0.036946,-0.201965,0.370239,0.906708,-32.147240,1.675578,49.391500,-0.856479,0.513573,-0.051689,-36.6741676,4.39007378,49.1182976,5.28547192,SS-01,Signage,4.136322,4.081619,0.039847,0.000000,-32.186380,1.678559,49.385280,349.573000,281.897600,3.976342,104.047200,98.172010,0.300000,1000.000000,0.900730,2468,2740,50.000000,off,Node9,1,0,0,1,1
1766648266519,2025-12-25 15:37:46.519,473.466700,11.785190,23,9,2,0.009707,0.002616,-0.036818,-0.187302,0.365845,0.911621,-32.148250,1.675233,49.386760,-0.857771,0.512647,-0.037407,-36.6741676,4.38014889,49.1893883,5.27631092,SS-01,Signage,3.877411,3.981094,0.157418,0.000000,-32.186210,1.678734,49.384990,349.475300,281.804400,3.955289,104.047200,98.172010,0.300000,1000.000000,0.900730,2468,2740,50.000000,off,Node9,1,0,0,1,1
1766648266529,2025-12-25 15:37:46.529,473.477500,11.795960,23,9,2,0.029060,0.002712,-0.036561,-0.193512,0.318588,0.927918,-32.144180,1.676773,49.405470,-0.881931,0.469920,-0.036725,-36.6741676,4.09049034,49.216835,5.13638067,SS-01,Signage,3.893127,3.998230,0.040089,0.000000,-32.186060,1.678874,49.384730,349.409300,281.706800,3.932998,104.047200,98.172010,0.300000,1000.000000,0.900730,2468,2740,50.000000,off,Node9,1,0,0,1,1
1766648266541,2025-12-25 15:37:46.541,473.488600,11.807070,23,9,2,0.029060,0.002712,-0.036561,-0.193512,0.318588,0.927918,-32.144020,1.676787,49.405270,-0.881510,0.470598,-0.038132,-36.6741676,4.09522676,49.2093048,5.13901711,SS-01,Signage,3.893127,3.998230,0.040089,0.000000,-32.185870,1.678921,49.384460,349.367100,281.615700,3.920181,104.047200,98.172010,0.300000,1000.000000,0.900730,2468,2740,50.000000,off,Node9,1,0,0,1,1
1766648266551,2025-12-25 15:37:46.551,473.499800,11.818210,23,9,2,0.014389,0.002777,-0.036946,-0.201965,0.370239,0.906708,-32.146670,1.675808,49.390710,-0.854013,0.517070,-0.057336,-36.6741676,4.41702271,49.0867462,5.301404,SS-01,Signage,4.136322,4.081619,0.009901,0.000000,-32.185760,1.678950,49.384210,349.348500,281.520400,3.909851,104.047200,98.172010,0.300000,1000.000000,0.900730,2468,2740,50.000000,off,Node9,1,0,0,1,1
1766648266563,2025-12-25 15:37:46.563,473.510900,11.829320,23,9,2,0.009707,0.002616,-0.036818,-0.187302,0.365845,0.911621,-32.147620,1.675285,49.386090,-0.856400,0.514499,-0.042992,-36.6741676,4.39469719,49.1588516,5.28549623,SS-01,Signage,3.877411,3.981094,0.002460,0.000000,-32.185570,1.678868,49.384060,349.358000,281.429000,3.914131,104.047200,98.172010,0.300000,1000.000000,0.900730,2468,2740,50.000000,off,Node9,1,0,0,1,1
1766648266574,2025-12-25 15:37:46.574,473.522000,11.840420,23,9,2,0.009707,0.002616,-0.036818,-0.187302,0.365845,0.911621,-32.147510,1.675264,49.385960,-0.856718,0.513864,-0.044225,-36.6741676,4.39037752,49.1522865,5.28366137,SS-01,Signage,3.877411,3.981094,0.002460,0.000000,-32.185460,1.678819,49.383870,349.401000,281.342600,3.917129,104.047200,98.172010,0.300000,1000.000000,0.900730,2468,2740,50.000000,off,Node9,1,0,0,1,1
1766648266586,2025-12-25 15:37:46.586,473.533100,11.851560,23,9,2,0.027451,0.002908,-0.037012,-0.175598,0.329575,0.927643,-32.143440,1.676700,49.403130,-0.876099,0.481335,-0.027255,-36.6741676,4.16591406,49.2621803,5.17141676,SS-01,Signage,3.948486,4.007233,0.000002,0.000000,-32.185300,1.678775,49.383740,349.442200,281.262300,3.940819,104.047200,98.172010,0.300000,1000.000000,0.900730,2468,2740,50.000000,off,Node9,1,0,0,1,1
1766648266597,2025-12-25 15:37:46.597,473.544600,11.863100,23,9,2,0.018045,0.002805,-0.036848,-0.172989,0.367432,0.913818,-32.145470,1.675973,49.393880,-0.856457,0.515210,-0.032171,-36.6741676,4.40025568,49.2237663,5.2876997,SS-01,Signage,3.998016,3.900635,0.000002,0.000000,-32.185200,1.678712,49.383590,349.498900,281.203400,3.961669,104.047200,98.172010,0.300000,1000.000000,0.900730,2468,2740,50.000000,off,Node9,1,0,0,1,1
1766648266607,2025-12-25 15:37:46.607,473.555300,11.873780,23,9,2,0.013652,0.002747,-0.037065,-0.176544,0.364075,0.914475,-32.146030,1.675532,49.389490,-0.858717,0.511160,-0.036092,-36.6741676,4.37095261,49.1991692,5.27309656,SS-01,Signage,3.974106,4.028915,0.000623,0.000000,-32.185040,1.678636,49.383490,349.538000,281.144900,3.980753,104.047200,98.172010,0.300000,1000.000000,0.900730,2468,2740,50.000000,off,Node9,1,0,0,1,1
1766648266619,2025-12-25 15:37:46.619,473.566700,11.885160,23,9,2,0.013652,0.002747,-0.037065,-0.176544,0.364075,0.914475,-32.145980,1.675472,49.389400,-0.859121,0.510422,-0.036915,-36.6741676,4.36576414,49.1948318,5.27067471,SS-01,Signage,3.974106,4.028915,0.000623,0.000000,-32.184990,1.678541,49.383370,349.583300,281.093500,4.002996,104.047200,98.172010,0.300000,1000.000000,0.900730,2468,2740,50.000000,off,Node9,1,0,0,1,1
1766648266630,2025-12-25 15:37:46.630,473.577500,11.895970,23,9,2,0.016473,0.002713,-0.036940,-0.160049,0.363449,0.917755,-32.145470,1.675600,49.392100,-0.859483,0.510716,-0.021060,-36.6741676,4.36661196,49.2811356,5.26905823,SS-01,Signage,3.889404,3.977509,0.002490,0.000000,-32.184930,1.678447,49.383240,349.634000,281.034500,4.026727,104.047200,98.172010,0.300000,1000.000000,0.900730,2468,2740,50.000000,off,Node9,1,0,0,1,1
1766648266641,2025-12-25 15:37:46.641,473.588600,11.907070,23,9,2,0.013498,0.002421,-0.036256,-0.149216,0.366074,0.918533,-32.146740,1.675138,49.389260,-0.857826,0.513786,-0.011698,-36.6741676,4.38679504,49.3275185,5.27773666,SS-01,Signage,3.969681,3.842331,0.000154,0.000000,-32.184880,1.678335,49.383110,349.656200,280.967900,4.049126,104.047200,98.172010,0.300000,1000.000000,0.900730,2468,2740,50.000000,off,Node9,1,0,0,1,1
1766648266651,2025-12-25 15:37:46.651,473.599800,11.918240,23,9,2,0.013498,0.002421,-0.036256,-0.149216,0.366074,0.918533,-32.146710,1.675139,49.389160,-0.858134,0.513250,-0.012661,-36.6741676,4.38301277,49.322361,5.27588177,SS-01,Signage,3.969681,3.842331,0.000154,0.000000,-32.184840,1.678311,49.382970,349.689300,280.906600,4.066355,104.047200,98.172010,0.300000,1000.000000,0.900730,2468,2740,50.000000,off,Node9,1,0,0,1,1
1766648266663,2025-12-25 15:37:46.663,473.610800,11.929290,23,9,2,0.013652,0.002747,-0.037065,-0.176544,0.364075,0.914475,-32.145750,1.675327,49.389030,-0.860112,0.508424,-0.041174,-36.6741676,4.35213852,49.1722527,5.26487446,SS-01,Signage,3.974106,4.028915,0.039602,0.000000,-32.184750,1.678301,49.382820,349.698900,280.831800,4.092773,104.047200,98.172010,0.300000,1000.000000,0.900730,2468,2740,50.000000,off,Node9,1,0,0,1,1
1766648266674,2025-12-25 15:37:46.674,473.621900,11.940370,23,9,2,0.016473,0.002713,-0.036940,-0.160049,0.363449,0.917755,-32.145280,1.675523,49.391720,-0.860216,0.509278,-0.025479,-36.6741676,4.35678434,49.257576,5.26478863,SS-01,Signage,3.889404,3.977509,0.000156,0.000000,-32.184700,1.678295,49.382690,349.714200,280.763500,4.108984,104.047200,98.172010,0.300000,1000.000000,0.900730,2468,2740,50.000000,off,Node9,1,0,0,1,1
1766648266686,2025-12-25 15:37:46.686,473.633200,11.951690,23,9,2,0.013897,0.002416,-0.036223,-0.153549,0.362045,0.919418,-32.146460,1.675151,49.389320,-0.860866,0.508429,-0.019866,-36.6741676,4.34922314,49.2848358,5.25943995,SS-01,Signage,3.967072,3.859772,0.009839,0.000000,-32.184620,1.678257,49.382600,349.726400,280.688800,4.124409,104.047200,98.172010,0.300000,1000.000000,0.900730,2468,2740,50.000000,off,Node9,1,0,0,1,1
1766648266696,2025-12-25 15:37:46.696,473.644100,11.962520,23,9,2,0.013897,0.002416,-0.036223,-0.153549,0.362045,0.919418,-32.146420,1.675137,49.389240,-0.860974,0.508209,-0.020764,-36.6741676,4.34774113,49.2800446,5.25882578,SS-01,Signage,3.967072,3.859772,0.009839,0.000000,-32.184570,1.678233,49.382470,349.742000,280.626100,4.121070,104.047200,98.172010,0.300000,1000.000000,0.900730,2468,2740,50.000000,off,Node9,1,0,0,1,1
1766648266707,2025-12-25 15:37:46.707,473.655300,11.973750,23,9,2,0.004631,0.002424,-0.036578,-0.153442,0.352234,0.923233,-32.147880,1.674351,49.380010,-0.866327,0.499057,-0.019808,-36.6741676,4.28176785,49.2765198,5.22461653,SS-01,Signage,3.858780,3.808105,0.000630,0.000000,-32.184560,1.678149,49.382330,349.756800,280.566800,4.118180,104.047200,98.172010,0.300000,1000.000000,0.900730,2468,2740,50.000000,off,Node9,1,0,0,1,1
1766648266718,2025-12-25 15:37:46.718,473.666400,11.984830,23,9,2,-0.009766,0.002431,-0.037084,-0.199814,0.363236,0.910004,-32.150150,1.673211,49.365800,-0.861011,0.503751,-0.069768,-36.6741676,4.32007408,48.999218,5.25423717,SS-01,Signage,3.837021,3.836899,0.009840,0.000000,-32.184530,1.678092,49.382260,349.786300,280.496500,4.129910,104.047200,98.172010,0.300000,1000.000000,0.900730,2468,2740,50.000000,off,Node9,1,0,0,1,1
1766648266730,2025-12-25 15:37:46.730,473.677500,11.995940,23,9,2,-0.009766,0.002431,-0.037084,-0.199814,0.363236,0.910004,-32.150080,1.673167,49.365800,-0.861238,0.503262,-0.070487,-36.6741676,4.31680489,48.9955292,5.25293064,SS-01,Signage,3.837021,3.836899,0.009840,0.000000,-32.184470,1.678023,49.382220,349.822900,280.440200,4.118501,104.047200,98.172010,0.300000,1000.000000,0.900730,2468,2740,50.000000,off,Node9,1,0,0,1,1
1766648266741,2025-12-25 15:37:46.741,473.688600,12.007080,23,9,2,-0.006794,0.002588,-0.037454,-0.214050,0.366013,0.905640,-32.149080,1.673368,49.368550,-0.859533,0.503745,-0.086084,-36.6741676,4.32537937,48.9153519,5.264503,SS-01,Signage,3.830933,3.877228,0.009961,0.000000,-32.184450,1.677904,49.382120,349.855700,280.395800,4.116222,104.047200,98.172010,0.300000,1000.000000,0.900730,2468,2740,50.000000,off,Node9,1,0,0,1,1
1766648266752,2025-12-25 15:37:46.752,473.699600,12.018070,23,9,2,0.005676,0.002754,-0.037474,-0.211487,0.350464,0.912369,-32.146590,1.674383,49.380710,-0.868293,0.489294,-0.081408,-36.6741676,4.22572994,48.9562225,5.21426105,SS-01,Signage,3.796783,3.786957,0.000038,0.000000,-32.184410,1.677853,49.382060,349.894000,280.350200,4.114062,104.047200,98.172010,0.300000,1000.000000,0.900730,2468,2740,50.000000,off,Node9,1,0,0,1,1
1766648266763,2025-12-25 15:37:46.763,473.710800,12.029270,23,9,2,0.010174,0.002637,-0.037029,-0.220566,0.366684,0.903809,-32.146060,1.674610,49.385200,-0.859285,0.502793,-0.093838,-36.6741676,4.3241396,48.8907089,5.26956224,SS-01,Signage,3.880844,3.695709,0.158414,0.000000,-32.184300,1.677786,49.382030,349.921300,280.312200,4.087915,104.047200,98.172010,0.300000,1000.000000,0.900730,2468,2740,50.000000,off,Node9,1,0,0,1,1
1766648266774,2025-12-25 15:37:46.774,473.722000,12.040440,23,9,2,0.010174,0.002637,-0.037029,-0.220566,0.366684,0.903809,-32.146030,1.674592,49.385190,-0.859662,0.502055,-0.094337,-36.6741676,4.31908989,48.8882828,5.26728773,SS-01,Signage,3.880844,3.695709,0.158414,0.000000,-32.184270,1.677734,49.381990,349.975500,280.269100,4.077213,104.047200,98.172010,0.300000,1000.000000,0.900730,2468,2740,50.000000,off,Node9,1,0,0,1,1
1766648266785,2025-12-25 15:37:46.785,473.733000,12.051450,23,9,2,-0.006794,0.002588,-0.037454,-0.214050,0.366013,0.905640,-32.148850,1.673281,49.368480,-0.860646,0.501518,-0.087944,-36.6741676,4.31028748,48.9060669,5.25795984,SS-01,Signage,3.830933,3.877228,0.010084,0.000000,-32.184270,1.677702,49.381950,350.023300,280.235200,4.067347,104.047200,98.172010,0.300000,1000.000000,0.900730,2468,2740,50.000000,off,Node9,1,0,0,1,1
1766648266796,2025-12-25 15:37:46.796,473.744100,12.062560,23,9,2,0.005676,0.002754,-0.037474,-0.211487,0.350464,0.912369,-32.146410,1.674240,49.380650,-0.869432,0.487007,-0.082950,-36.6741676,4.21043491,48.9486694,5.20763588,SS-01,Signage,3.796783,3.786957,0.039845,0.000000,-32.184240,1.677602,49.381900,350.068300,280.206500,4.047685,104.047200,98.172010,0.300000,1000.000000,0.900730,2468,2740,50.000000,off,Node9,1,0,0,1,1
1766648266807,2025-12-25 15:37:46.807,473.755200,12.073700,23,9,2,0.005676,0.002754,-0.037474,-0.211487,0.350464,0.912369,-32.146370,1.674151,49.380620,-0.869863,0.486173,-0.083322,-36.6741676,4.204772,48.9469109,5.20510387,SS-01,Signage,3.796783,3.786957,0.039845,0.000000,-32.184200,1.677477,49.381860,350.123800,280.178200,4.052125,104.047200,98.172010,0.300000,1000.000000,0.900730,2468,2740,50.000000,off,Node9,1,0,0,1,1
1766648266819,2025-12-25 15:37:46.819,473.766400,12.084810,23,9,2,0.011461,0.002628,-0.036967,-0.221756,0.360672,0.905930,-32.145780,1.674445,49.386420,-0.864471,0.493402,-0.095988,-36.6741676,4.25905037,48.8836021,5.23825598,SS-01,Signage,3.889252,3.821350,0.010023,0.000000,-32.184200,1.677361,49.381860,350.191600,280.140300,4.051680,104.047200,98.172010,0.300000,1000.000000,0.900730,2468,2740,50.000000,off,Node9,1,0,0,1,1
1766648266829,2025-12-25 15:37:46.829,473.777500,12.095950,23,9,2,0.008273,0.002628,-0.037123,-0.215164,0.352753,0.910629,-32.146220,1.674100,49.383270,-0.869503,0.485925,-0.088413,-36.6741676,4.20456028,48.9228592,5.20744801,SS-01,Signage,3.835800,3.793259,0.010023,0.000000,-32.184190,1.677223,49.381850,350.253800,280.105700,4.061397,104.047200,98.172010,0.300000,1000.000000,0.900730,2468,2740,50.000000,off,Node9,1,0,0,1,1
1766648266841,2025-12-25 15:37:46.841,473.788600,12.107030,23,9,2,0.003737,0.002608,-0.037255,-0.211639,0.350571,0.912293,-32.146950,1.673679,49.378820,-0.871486,0.482961,-0.085034,-36.6741676,4.18257761,48.9370804,5.1947484,SS-01,Signage,3.811935,3.763596,0.039355,0.000000,-32.184210,1.677102,49.381830,350.343500,280.061200,4.067821,104.047200,98.172010,0.300000,1000.000000,0.900730,2468,2740,50.000000,off,Node9,1,0,0,1,1
1766648266852,2025-12-25 15:37:46.852,473.799700,12.118130,23,9,2,0.003737,0.002608,-0.037255,-0.211639,0.350571,0.912293,-32.146950,1.673609,49.378780,-0.872125,0.481756,-0.085312,-36.6741676,4.17441463,48.9359245,5.1909399,SS-01,Signage,3.811935,3.763596,0.039355,0.000000,-32.184200,1.676980,49.381780,350.422500,280.039300,4.078451,104.047200,98.172010,0.300000,1000.000000,0.900730,2468,2740,50.000000,off,Node9,1,0,0,1,1
1766648266863,2025-12-25 15:37:46.863,473.810700,12.129150,23,9,2,0.001080,0.002556,-0.037200,-0.209305,0.352463,0.912109,-32.147460,1.673268,49.376180,-0.871806,0.482598,-0.083878,-36.6741676,4.1790781,48.9406548,5.19228697,SS-01,Signage,3.810211,3.764450,0.000039,0.000000,-32.184170,1.676818,49.381740,350.499500,279.991600,4.082631,104.047200,98.172010,0.300000,1000.000000,0.900730,2468,2740,50.000000,off,Node9,1,0,0,1,1
1766648266874,2025-12-25 15:37:46.874,473.821900,12.140350,23,9,2,0.000359,0.002555,-0.037227,-0.203537,0.353500,0.913010,-32.147560,1.673127,49.375450,-0.872066,0.482986,-0.078752,-36.6741676,4.18014908,48.9666748,5.19061089,SS-01,Signage,3.804214,3.771774,0.000158,0.000000,-32.184170,1.676682,49.381700,350.578500,279.947900,4.088156,104.047200,98.172010,0.300000,1000.000000,0.900730,2468,2740,50.000000,off,Node9,1,0,0,1,1
1766648266885,2025-12-25 15:37:46.885,473.832900,12.151370,23,9,2,0.000359,0.002555,-0.037227,-0.203537,0.353500,0.913010,-32.147540,1.673039,49.375440,-0.872820,0.481510,-0.079433,-36.6741676,4.17025089,48.9634819,5.18614817,SS-01,Signage,3.804214,3.771774,0.000158,0.000000,-32.184170,1.676531,49.381660,350.675800,279.897800,4.098207,104.047200,98.172010,0.300000,1000.000000,0.900730,2468,2740,50.000000,off,Node9,1,0,0,1,1
1766648266897,2025-12-25 15:37:46.897,473.844100,12.162570,23,9,2,0.000320,0.002540,-0.037182,-0.201447,0.355804,0.912582,-32.147600,1.672934,49.375380,-0.872428,0.482438,-0.078157,-36.6741676,4.17605114,48.9698677,5.18843699,SS-01,Signage,3.809769,3.778854,0.009900,0.000000,-32.184190,1.676373,49.381600,350.772100,279.857100,4.097387,104.047200,98.172010,0.300000,1000.000000,0.900730,2468,2740,50.000000,off,Node9,1,0,0,1,1
1766648266907,2025-12-25 15:37:46.907,473.855200,12.173610,23,9,2,-0.000576,0.002483,-0.037085,-0.198608,0.360336,0.911423,-32.147870,1.672722,49.374540,-0.870856,0.485473,-0.076839,-36.6741676,4.19598198,48.9751663,5.19747305,SS-01,Signage,3.793549,3.823303,0.000157,0.000000,-32.184200,1.676202,49.381570,350.870200,279.792800,4.095919,104.047200,98.172010,0.300000,1000.000000,0.900730,2468,2740,50.000000,off,Node9,1,0,0,1,1
1766648266919,2025-12-25 15:37:46.919,473.866700,12.185120,23,9,2,0.000359,0.002555,-0.037227,-0.203537,0.353500,0.913010,-32.147590,1.672753,49.375420,-0.874987,0.477262,-0.081216,-36.6741676,4.14177656,48.955265,5.17324972,SS-01,Signage,3.804214,3.771774,0.009838,0.000000,-32.184260,1.676056,49.381540,350.967000,279.748000,4.083335,104.047200,98.172010,0.300000,1000.000000,0.900730,2468,2740,50.000000,off,Node9,1,0,0,1,1
1766648266930,2025-12-25 15:37:46.930,473.877700,12.196140,23,9,2,0.000359,0.002555,-0.037227,-0.203537,0.353500,0.913010,-32.147610,1.672657,49.375420,-0.875797,0.475670,-0.081822,-36.6741676,4.13115883,48.9525223,5.1684432,SS-01,Signage,3.804214,3.771774,0.009838,0.000000,-32.184290,1.675890,49.381510,351.075600,279.696700,4.078968,104.047200,98.172010,0.300000,1000.000000,0.900730,2468,2740,50.000000,off,Node9,1,0,0,1,1
1766648266941,2025-12-25 15:37:46.941,473.888500,12.206940,23,9,2,0.000320,0.002540,-0.037182,-0.201447,0.355804,0.912582,-32.147770,1.672498,49.375430,-0.875468,0.476486,-0.080629,-36.6741676,4.13605547,48.9585571,5.17022085,SS-01,Signage,3.809769,3.778854,0.002506,0.000000,-32.184400,1.675669,49.381520,351.186200,279.639500,4.052221,104.047200,98.172010,0.300000,1000.000000,0.900730,2468,2740,50.000000,off,Node9,1,0,0,1,1
1766648266951,2025-12-25 15:37:46.951,473.899600,12.218050,23,9,2,-0.000549,0.002305,-0.036807,-0.197220,0.373673,0.906342,-32.148370,1.672158,49.374650,-0.866964,0.491947,-0.079650,-36.6741676,4.24026203,48.9588547,5.22024012,SS-01,Signage,3.764679,3.887100,0.000000,0.000000,-32.184470,1.675496,49.381470,351.291900,279.594400,4.036510,104.047200,98.172010,0.300000,1000.000000,0.900730,2468,2740,50.000000,off,Node9,1,0,0,1,1
1766648266963,2025-12-25 15:37:46.963,473.910900,12.229400,23,9,2,-0.000549,0.002305,-0.036807,-0.197220,0.373673,0.906342,-32.148390,1.672027,49.374670,-0.867752,0.490430,-0.080417,-36.6741676,4.22987366,48.9552536,5.21547174,SS-01,Signage,3.764679,3.887100,0.000000,0.000000,-32.184490,1.675297,49.381450,351.398400,279.528600,4.023822,104.047200,98.172010,0.300000,1000.000000,0.900730,2468,2740,50.000000,off,Node9,1,0,0,1,1
1766648266973,2025-12-25 15:37:46.973,473.921700,12.240140,23,9,2,0.010868,0.002010,-0.036662,-0.195938,0.228058,0.953720,-32.146630,1.672448,49.385930,-0.934068,0.352236,-0.058568,-36.6741676,3.37977791,49.1020432,4.84707928,SS-01,Signage,3.659241,3.873856,0.000000,0.000000,-32.184560,1.675125,49.381410,351.510800,279.467700,4.012759,104.047200,98.172010,0.300000,1000.000000,0.900730,2468,2740,50.000000,off,Node9,1,0,0,1,1
1766648266985,2025-12-25 15:37:46.985,473.932900,12.251370,23,9,2,0.027486,0.001450,-0.035546,-0.219910,0.052841,0.974075,-32.144970,1.673071,49.402500,-0.981827,0.178812,-0.063383,-79.9046936,10.3711529,46.3193169,48.6431274,Building,Surface,3.774719,3.853424,0.000002,0.000000,-32.184610,1.674922,49.381390,351.629100,279.409900,3.991976,104.047200,98.172010,0.300000,1000.000000,0.900730,2468,2740,50.000000,off,,1,0,0,1,1
1766648266996,2025-12-25 15:37:46.996,473.943900,12.262390,23,9,2,0.000084,0.000620,-0.035363,-0.249466,-0.120560,0.960846,-32.150020,1.670247,49.375680,-0.996822,0.001985,-0.079588,,,,,NoHit,NoHit,3.652039,3.799622,0.000002,0.000000,-32.184640,1.674714,49.381340,351.733600,279.350800,3.981397,104.047200,98.172010,0.300000,1000.000000,0.900730,2468,2740,50.000000,off,,,,,1,0
1766648267007,2025-12-25 15:37:47.007,473.955100,12.273530,23,9,2,0.000084,0.000620,-0.035363,-0.249466,-0.120560,0.960846,-32.150070,1.670144,49.375660,-0.996750,0.000065,-0.080513,,,,,NoHit,NoHit,3.652039,3.799622,0.000002,0.000000,-32.184710,1.674540,49.381290,351.849500,279.299100,3.971239,104.047200,98.172010,0.300000,1000.000000,0.900730,2468,2740,50.000000,off,,,,,1,0
1766648267019,2025-12-25 15:37:47.019,473.966800,12.285250,23,9,2,0.014631,0.000596,-0.035140,-0.233734,-0.173340,0.956711,-32.147830,1.670976,49.390020,-0.996643,-0.053105,-0.062101,-63.5077209,-3.05449161E-14,47.4359818,31.4651012,Building,Surface,3.787186,3.969177,0.002490,0.000000,-32.184730,1.674313,49.381270,351.944200,279.234200,3.953425,104.047200,98.172010,0.300000,1000.000000,0.900730,2468,2740,50.000000,off,,0,1,6.43918682E-16,1,1
1766648267030,2025-12-25 15:37:47.030,473.977200,12.295680,23,9,2,0.027486,0.001450,-0.035546,-0.219910,0.052841,0.974075,-32.145240,1.672549,49.402500,-0.982822,0.171925,-0.066916,-79.9046936,10.0271082,46.1507721,48.5936012,Building,Surface,3.774719,3.853424,0.009961,0.000000,-32.184810,1.674158,49.381220,352.050100,279.190300,3.950525,104.047200,98.172010,0.300000,1000.000000,0.900730,2468,2740,50.000000,off,,1,0,0,1,1
1766648267041,2025-12-25 15:37:47.041,473.988600,12.307100,23,9,2,0.027486,0.001450,-0.035546,-0.219910,0.052841,0.974075,-32.145370,1.672438,49.402530,-0.983024,0.170368,-0.067935,-79.9046936,9.94961166,46.1019707,48.583519,Building,Surface,3.774719,3.853424,0.009961,0.000000,-32.184920,1.673994,49.381220,352.147100,279.127700,3.933115,104.047200,98.172010,0.300000,1000.000000,0.900730,2468,2740,50.000000,off,,1,0,0,1,1
1766648267052,2025-12-25 15:37:47.052,473.999500,12.317960,23,9,2,0.000084,0.000620,-0.035363,-0.249466,-0.120560,0.960846,-32.150320,1.669686,49.375680,-0.996398,-0.006293,-0.084528,,,,,NoHit,NoHit,3.652039,3.799622,0.000615,0.000000,-32.185010,1.673844,49.381180,352.237800,279.076000,3.918176,104.047200,98.172010,0.300000,1000.000000,0.900730,2468,2740,50.000000,off,,,,,1,0
1766648267063,2025-12-25 15:37:47.063,474.010600,12.329040,23,9,2,0.011498,0.000499,-0.035004,-0.229233,-0.164825,0.959305,-32.148870,1.670339,49.386940,-0.996809,-0.050342,-0.061791,-65.2228241,-3.04810024E-14,47.3367233,33.1795082,Building,Surface,3.738663,3.944107,0.009839,0.000000,-32.185090,1.673743,49.381120,352.323600,279.027900,3.916308,104.047200,98.172010,0.300000,1000.000000,0.900730,2468,2740,50.000000,off,,0,1,6.43918682E-16,1,1
1766648267074,2025-12-25 15:37:47.074,474.021700,12.340150,23,9,2,0.020891,0.000768,-0.035401,-0.223084,-0.175400,0.958878,-32.146970,1.671076,49.396090,-0.996545,-0.061523,-0.055598,-59.2149277,-3.08346556E-14,47.8859482,27.1615124,Building,Surface,3.772354,3.964859,0.009839,0.000000,-32.185160,1.673591,49.381080,352.387300,278.986700,3.916781,104.047200,98.172010,0.300000,1000.000000,0.900730,2468,2740,50.000000,off,,0,1,6.43918682E-16,1,1
1766648267085,2025-12-25 15:37:47.085,474.032800,12.351260,23,9,2,0.020891,0.000768,-0.035401,-0.223084,-0.175400,0.958878,-32.147050,1.671023,49.396060,-0.996426,-0.062750,-0.056344,-58.6817207,-3.08408897E-14,47.8956299,26.6295414,Building,Surface,3.772354,3.964859,0.009839,0.000000,-32.185230,1.673496,49.381030,352.461400,278.946400,3.907159,104.047200,98.172010,0.300000,1000.000000,0.900730,2468,2740,50.000000,off,,0,1,6.43918682E-16,1,1
1766648267096,2025-12-25 15:37:47.096,474.043900,12.362400,23,9,2,0.018232,0.000692,-0.035312,-0.223938,-0.172806,0.959152,-32.147680,1.670683,49.393430,-0.996425,-0.061272,-0.058028,-59.3168793,-3.07865272E-14,47.811203,27.266449,Building,Surface,3.806473,3.975632,0.000155,0.000000,-32.185330,1.673362,49.380970,352.525300,278.910300,3.900971,104.047200,98.172010,0.300000,1000.000000,0.900730,2468,2740,50.000000,off,,0,1,6.43918682E-16,1,1
1766648267108,2025-12-25 15:37:47.108,474.055100,12.373600,23,9,2,0.013157,0.000517,-0.035023,-0.224945,-0.159912,0.961151,-32.148900,1.670140,49.388480,-0.996976,-0.049240,-0.059980,-65.9646912,-3.04921595E-14,47.3540535,33.9180756,Building,Surface,3.810547,3.994247,0.000000,0.000000,-32.185410,1.673266,49.380950,352.581000,278.904200,3.892170,104.047200,98.172010,0.300000,1000.000000,0.900730,2468,2740,50.000000,off,,0,1,6.43918682E-16,1,1
1766648267119,2025-12-25 15:37:47.119,474.066100,12.384580,23,9,2,0.013157,0.000517,-0.035023,-0.224945,-0.159912,0.961151,-32.148910,1.670069,49.388480,-0.996922,-0.050310,-0.059997,-65.2423019,-3.05197118E-14,47.396843,33.1953049,Building,Surface,3.810547,3.994247,0.000000,0.000000,-32.185430,1.673156,49.380950,352.644800,278.904500,3.887479,104.047200,98.172010,0.300000,1000.000000,0.900730,2468,2740,50.000000,off,,0,1,6.43918682E-16,1,1
1766648267130,2025-12-25 15:37:47.130,474.077200,12.395690,23,9,2,0.008842,0.000386,-0.034820,-0.226578,-0.150726,0.962250,-32.149880,1.669615,49.384260,-0.997170,-0.042341,-0.061960,-71.470871,-3.02261979E-14,46.9410172,39.4321823,Building,Surface,3.804871,3.991119,0.000000,0.000000,-32.185490,1.673055,49.380940,352.713200,278.921200,3.883974,104.047200,98.172010,0.300000,1000.000000,0.900730,2468,2740,50.000000,off,,0,1,6.43918682E-16,1,1
1766648267141,2025-12-25 15:37:47.141,474.088300,12.406800,23,9,2,0.015320,0.000500,-0.034835,-0.222473,-0.144959,0.964096,-32.148830,1.670080,49.390620,-0.997631,-0.037164,-0.057795,-76.9804764,-3.01311574E-14,46.7934227,44.9378662,Building,Surface,3.817261,3.973602,0.000000,0.000000,-32.185540,1.672938,49.380950,352.775700,278.942200,3.877485,104.047200,98.172010,0.300000,1000.000000,0.900730,2468,2740,50.000000,off,,0,1,6.43918682E-16,1,1
1766648267153,2025-12-25 15:37:47.153,474.100100,12.418520,23,9,2,0.013157,0.000517,-0.035023,-0.224945,-0.159912,0.961151,-32.149040,1.669877,49.388460,-0.996842,-0.053689,-0.058371,-63.153595,-3.06331193E-14,47.5729599,31.1025238,Building,Surface,3.810547,3.994247,0.000000,0.000000,-32.185590,1.672844,49.380990,352.844800,279.000900,3.880481,104.047200,98.172010,0.300000,1000.000000,0.900730,2468,2740,50.000000,off,,0,1,6.43918682E-16,1,1
1766648267163,2025-12-25 15:37:47.163,474.110600,12.429020,23,9,2,0.013157,0.000517,-0.035023,-0.224945,-0.159912,0.961151,-32.149010,1.669763,49.388520,-0.996851,-0.054699,-0.057264,-62.5792732,-3.06765789E-14,47.6404572,30.5261326,Building,Surface,3.810547,3.994247,0.000000,0.000000,-32.185560,1.672695,49.381100,352.905700,279.066300,3.873185,104.047200,98.172010,0.300000,1000.000000,0.900730,2468,2740,50.000000,off,,0,1,6.43918682E-16,1,1
1766648267175,2025-12-25 15:37:47.175,474.121900,12.440400,23,9,2,0.008842,0.000386,-0.034820,-0.226578,-0.150726,0.962250,-32.149960,1.669303,49.384310,-0.997219,-0.046546,-0.058029,-67.9137344,-3.04594064E-14,47.3031883,35.8631516,Building,Surface,3.804871,3.991119,0.000000,0.000000,-32.185590,1.672594,49.381140,352.964300,279.152000,3.865237,104.047200,98.172010,0.300000,1000.000000,0.900730,2468,2740,50.000000,off,,0,1,6.43918682E-16,1,1
1766648267185,2025-12-25 15:37:47.185,474.132800,12.451200,23,9,2,0.011606,0.000422,-0.034767,-0.221664,-0.140564,0.964935,-32.149570,1.669485,49.387150,-0.997954,-0.036625,-0.052353,-77.6395187,-3.02646498E-14,47.0007324,45.5830765,Building,Surface,3.816681,3.999573,0.000000,0.000000,-32.185630,1.672522,49.381300,353.015400,279.229600,3.845517,104.047200,98.172010,0.300000,1000.000000,0.900730,2468,2740,50.000000,off,,0,1,6.43918682E-16,1,1
1766648267196,2025-12-25 15:37:47.196,474.143900,12.462370,23,9,2,0.011606,0.000422,-0.034767,-0.221664,-0.140564,0.964935,-32.149590,1.669456,49.387160,-0.998025,-0.037676,-0.050209,-76.3729324,-3.03687265E-14,47.1623611,44.3107338,Building,Surface,3.816681,3.999573,0.000000,0.000000,-32.185670,1.672457,49.381400,353.079500,279.354900,3.834115,104.047200,98.172010,0.300000,1000.000000,0.900730,2468,2740,50.000000,off,,0,1,6.43918682E-16,1,1
1766648267207,2025-12-25 15:37:47.207,474.155000,12.473420,23,9,2,0.008905,0.000325,-0.034656,-0.201950,-0.115555,0.972549,-32.150180,1.669160,49.384590,-0.999490,-0.011546,-0.029604,-79.9046936,1.11750507,47.9701462,47.7786446,Building,Surface,3.854675,4.011566,0.000000,0.000000,-32.185680,1.672393,49.381530,353.132000,279.478400,3.825078,104.047200,98.172010,0.300000,1000.000000,0.900730,2468,2740,50.000000,off,,1,0,0,1,1
1766648267219,2025-12-25 15:37:47.219,474.166200,12.484680,23,9,2,0.009578,0.000331,-0.034696,-0.208984,-0.118088,0.970749,-32.150020,1.669156,49.385300,-0.999286,-0.015442,-0.034087,-79.9046936,0.931201458,47.756321,47.7881508,Building,Surface,3.850098,4.034805,0.000010,0.000000,-32.185700,1.672319,49.381680,353.177400,279.625100,3.804868,104.047200,98.172010,0.300000,1000.000000,0.900730,2468,2740,50.000000,off,,1,0,0,1,1
1766648267230,2025-12-25 15:37:47.230,474.177200,12.495670,23,9,2,0.009578,0.000331,-0.034696,-0.208984,-0.118088,0.970749,-32.150010,1.669135,49.385380,-0.999357,-0.016228,-0.031546,-79.904686,0.89367342,47.8779373,47.7847672,Building,Surface,3.850098,4.034805,0.000010,0.000000,-32.185690,1.672271,49.381850,353.225300,279.772100,3.795413,104.047200,98.172010,0.300000,1000.000000,0.900730,2468,2740,50.000000,off,,1,0,0,1,1
1766648267241,2025-12-25 15:37:47.241,474.188800,12.507200,23,9,2,0.012712,0.000079,-0.034045,-0.131943,-0.160080,0.978241,-32.150090,1.669093,49.388670,-0.997288,-0.052342,0.051636,-60.056778,0.204429165,50.83358,27.9824257,Building,Surface,3.900726,3.899567,0.000000,0.000000,-32.185690,1.672182,49.382030,353.253500,279.929400,3.779164,104.047200,98.172010,0.300000,1000.000000,0.900730,2468,2740,50.000000,off,,0.488449693,0,-0.872592092,1,1
1766648267252,2025-12-25 15:37:47.252,474.199500,12.517940,23,9,2,-0.001668,-0.000391,-0.033876,0.312210,-0.214172,0.925552,-32.152890,1.667709,49.374690,-0.870104,-0.084069,0.485638,-49.413475,-3.79966613E-14,59.0084801,19.8373127,Building,Surface,3.975723,3.920517,0.000002,0.000000,-32.185670,1.672150,49.382190,353.310700,280.095000,3.766989,104.047200,98.172010,0.300000,1000.000000,0.900730,2468,2740,50.000000,off,,0,1,6.43918682E-16,1,1
1766648267263,2025-12-25 15:37:47.263,474.210500,12.528960,23,9,2,0.009578,0.000331,-0.034696,-0.208984,-0.118088,0.970749,-32.150030,1.669011,49.385590,-0.999553,-0.018123,-0.023193,-65.5061798,1.06422687,48.611618,33.3706055,Building,Surface,3.850098,4.034805,0.000000,0.000000,-32.185750,1.672082,49.382360,353.344800,280.257000,3.753134,104.047200,98.172010,0.300000,1000.000000,0.900730,2468,2740,50.000000,off,,0.317811757,0,-0.948153913,1,1
1766648267274,2025-12-25 15:37:47.274,474.221700,12.540130,23,9,2,0.009578,0.000331,-0.034696,-0.208984,-0.118088,0.970749,-32.149970,1.668986,49.385680,-0.999603,-0.018508,-0.020574,-65.2279739,1.05653501,48.7048645,33.0906868,Building,Surface,3.850098,4.034805,0.000000,0.000000,-32.185700,1.672044,49.382550,353.373000,280.410900,3.724950,104.047200,98.172010,0.300000,1000.000000,0.900730,2468,2740,50.000000,off,,0.317811757,0,-0.948153913,1,1
1766648267285,2025-12-25 15:37:47.285,474.232700,12.551180,23,9,2,0.012712,0.000079,-0.034045,-0.131943,-0.160080,0.978241,-32.150020,1.668987,49.388980,-0.996540,-0.054512,0.062659,-59.5587654,0.169693902,51.1123466,27.5037689,Building,Surface,3.900726,3.899567,0.000000,0.000000,-32.185690,1.672011,49.382740,353.387300,280.575800,3.710636,104.047200,98.172010,0.300000,1000.000000,0.900730,2468,2740,50.000000,off,,0.488449693,0,-0.872592092,1,1
1766648267296,2025-12-25 15:37:47.296,474.243800,12.562290,23,9,2,-0.001672,-0.000418,-0.033853,0.305222,-0.224762,0.925369,-32.152970,1.667577,49.375090,-0.866821,-0.096994,0.489080,-47.0558624,-3.72079653E-14,57.783638,17.1924572,Building,Surface,3.977707,3.797501,0.000000,0.000000,-32.185640,1.671988,49.382960,353.403100,280.735600,3.689048,104.047200,98.172010,0.300000,1000.000000,0.900730,2468,2740,50.000000,off,,0,1,6.43918682E-16,1,1
1766648267307,2025-12-25 15:37:47.307,474.254900,12.573330,23,9,2,-0.001673,-0.000551,-0.033567,0.292358,-0.207489,0.933518,-32.153240,1.667460,49.375240,-0.874111,-0.080217,0.479035,-50.3232689,-3.82055498E-14,59.3328781,20.7866497,Building,Surface,3.900085,3.819046,0.000000,0.000000,-32.185600,1.671955,49.383140,353.425300,280.903400,3.671537,104.047200,98.172010,0.300000,1000.000000,0.900730,2468,2740,50.000000,off,,0,1,6.43918682E-16,1,1
1766648267318,2025-12-25 15:37:47.318,474.266100,12.584500,23,9,2,-0.001673,-0.000551,-0.033567,0.292358,-0.207489,0.933518,-32.153210,1.667453,49.375360,-0.872798,-0.080264,0.481416,-50.2852402,-3.82336917E-14,59.3765869,20.7743988,Building,Surface,3.900085,3.819046,0.000000,0.000000,-32.185550,1.671946,49.383350,353.430800,281.058000,3.679851,104.047200,98.172010,0.300000,1000.000000,0.900730,2468,2740,50.000000,off,,0,1,6.43918682E-16,1,1
1766648267330,2025-12-25 15:37:47.330,474.277200,12.595610,23,9,2,-0.027646,-0.001381,-0.032401,0.300232,-0.171967,0.938232,-32.159630,1.665111,49.350370,-0.870926,-0.044447,0.489391,-64.7869873,-4.35832129E-14,67.6843414,37.4626732,Building,Surface,3.848114,3.909210,0.000000,0.000000,-32.185500,1.671933,49.383540,353.455800,281.216300,3.674990,104.047200,98.172010,0.300000,1000.000000,0.900730,2468,2740,50.000000,off,,0,1,6.43918682E-16,1,1
1766648267341,2025-12-25 15:37:47.341,474.288300,12.606750,23,9,2,-0.019679,-0.001163,-0.032678,0.306885,-0.176651,0.935196,-32.157780,1.665767,49.358250,-0.865806,-0.049006,0.497949,-61.5874557,-4.26815498E-14,66.2840729,33.990654,Building,Surface,3.768692,3.774078,0.000000,0.000000,-32.185480,1.671900,49.383770,353.459700,281.362500,3.688013,104.047200,98.172010,0.300000,1000.000000,0.900730,2468,2740,50.000000,off,,0,1,6.43918682E-16,1,1
1766648267352,2025-12-25 15:37:47.352,474.299400,12.617860,23,9,2,-0.019679,-0.001163,-0.032678,0.306885,-0.176651,0.935196,-32.157860,1.665773,49.358360,-0.864409,-0.049016,0.500370,-61.5341721,-4.27324226E-14,66.3630676,33.9838562,Building,Surface,3.768692,3.774078,0.000000,0.000000,-32.185490,1.671906,49.383960,353.461500,281.522200,3.691578,104.047200,98.172010,0.300000,1000.000000,0.900730,2468,2740,50.000000,off,,0,1,6.43918682E-16,1,1
1766648267363,2025-12-25 15:37:47.363,474.310500,12.628910,23,9,2,-0.010649,-0.000868,-0.033196,0.262848,-0.180634,0.947769,-32.155480,1.666566,49.367190,-0.885025,-0.053778,0.462409,-52.1756477,0.450052381,59.8273544,22.6208382,Building,Surface,3.652191,3.682632,0.000000,0.000000,-32.185470,1.671908,49.384170,353.430100,281.662400,3.700959,104.047200,98.172010,0.300000,1000.000000,0.900730,2468,2740,50.000000,off,,0.852546036,0,0.52265209,1,1
1766648267374,2025-12-25 15:37:47.374,474.321600,12.640050,23,9,2,-0.027646,-0.001381,-0.032401,0.300232,-0.171967,0.938232,-32.159940,1.665061,49.350960,-0.865924,-0.043912,0.498236,-64.9941559,-4.39430325E-14,68.2431412,37.9179764,Building,Surface,3.848114,3.909210,0.000000,0.000000,-32.185470,1.671907,49.384380,353.429500,281.796600,3.693272,104.047200,98.172010,0.300000,1000.000000,0.900730,2468,2740,50.000000,off,,0,1,6.43918682E-16,1,1
1766648267385,2025-12-25 15:37:47.385,474.332800,12.651280,23,9,2,-0.019679,-0.001163,-0.032678,0.306885,-0.176651,0.935196,-32.158020,1.665768,49.358760,-0.860831,-0.048293,0.506569,-61.8506203,-4.30342543E-14,66.8318176,34.4925117,Building,Surface,3.768692,3.774078,0.000000,0.000000,-32.185470,1.671927,49.384560,353.420900,281.931900,3.700970,104.047200,98.172010,0.300000,1000.000000,0.900730,2468,2740,50.000000,off,,0,1,6.43918682E-16,1,1
1766648267396,2025-12-25 15:37:47.396,474.343700,12.662170,23,9,2,-0.019679,-0.001163,-0.032678,0.306885,-0.176651,0.935196,-32.158090,1.665804,49.358930,-0.859897,-0.047837,0.508197,-62.1018486,-4.31783651E-14,67.0556183,34.8220711,Building,Surface,3.768692,3.774078,0.000000,0.000000,-32.185490,1.671979,49.384780,353.395000,282.039200,3.706074,104.047200,98.172010,0.300000,1000.000000,0.900730,2468,2740,50.000000,off,,0,1,6.43918682E-16,1,1
1766648267407,2025-12-25 15:37:47.407,474.354900,12.673370,23,9,2,-0.005998,-0.000626,-0.033652,0.255310,-0.188156,0.948364,-32.154190,1.667129,49.372120,-0.884023,-0.060808,0.463450,-52.2127228,0.28739205,59.887825,22.6898308,Building,Surface,3.670212,3.665070,0.000000,0.000000,-32.185500,1.672013,49.384940,353.384100,282.152300,3.716297,104.047200,98.172010,0.300000,1000.000000,0.900730,2468,2740,50.000000,off,,0.852546036,0,0.52265209,1,1
1766648267419,2025-12-25 15:37:47.419,474.366500,12.684940,23,9,2,0.019140,0.000625,-0.035181,0.230637,-0.121170,0.965454,-32.147080,1.669878,49.396250,-0.898512,0.006115,0.438880,-51.6084976,1.80232942,58.9022179,21.6593609,Building,Surface,3.696396,3.548553,0.000000,0.000000,-32.185490,1.672080,49.385100,353.378100,282.263000,3.726076,104.047200,98.172010,0.300000,1000.000000,0.900730,2468,2740,50.000000,off,,0.852546036,0,0.52265209,1,1
1766648267430,2025-12-25 15:37:47.430,474.377100,12.695530,23,9,2,0.019140,0.000625,-0.035181,0.230637,-0.121170,0.965454,-32.147060,1.669872,49.396350,-0.897743,0.006397,0.440447,-51.6455154,1.80880749,58.9626007,21.7191696,Building,Surface,3.696396,3.548553,0.000000,0.000000,-32.185490,1.672081,49.385260,353.362600,282.362400,3.730922,104.047200,98.172010,0.300000,1000.000000,0.900730,2468,2740,50.000000,off,,0.852546036,0,0.52265209,1,1
1766648267441,2025-12-25 15:37:47.441,474.388700,12.707180,23,9,2,0.026714,0.001136,-0.035468,0.142044,0.011581,0.989777,-32.145030,1.670882,49.403710,-0.927210,0.135268,0.349217,-51.5573578,4.50289059,56.7150192,20.9359455,Building,Surface,3.576355,3.589386,0.000000,0.000000,-32.185490,1.672128,49.385430,353.352900,282.457400,3.746544,104.047200,98.172010,0.300000,1000.000000,0.900730,2468,2740,50.000000,off,,0.909955382,0,-0.414706051,1,1
1766648267452,2025-12-25 15:37:47.452,474.399300,12.717770,23,9,2,0.028979,0.001343,-0.035996,0.111359,0.052979,0.992355,-32.143980,1.671188,49.405860,-0.931914,0.174868,0.317702,-51.8298798,5.36512899,56.1170502,21.1239147,Building,Surface,3.495651,3.643921,0.000000,0.000000,-32.185510,1.672153,49.385570,353.337400,282.547300,3.744795,104.047200,98.172010,0.300000,1000.000000,0.900730,2468,2740,50.000000,off,,0.909955382,0,-0.414706051,1,1
1766648267463,2025-12-25 15:37:47.463,474.410400,12.728850,23,9,2,0.028688,0.001247,-0.035797,0.111710,0.040192,0.992920,-32.144250,1.671106,49.405710,-0.933147,0.162547,0.320623,-51.8091888,5.09658623,56.1624489,21.0736141,Building,Surface,3.551910,3.544540,0.000000,0.000000,-32.185530,1.672171,49.385700,353.322100,282.629000,3.745712,104.047200,98.172010,0.300000,1000.000000,0.900730,2468,2740,50.000000,off,,0.909955382,0,-0.414706051,1,1
1766648267474,2025-12-25 15:37:47.474,474.421500,12.739990,23,9,2,0.028688,0.001247,-0.035797,0.111710,0.040192,0.992920,-32.144180,1.671121,49.405810,-0.932666,0.162941,0.321821,-51.7978172,5.10469437,56.187397,21.0723705,Building,Surface,3.551910,3.544540,0.000000,0.000000,-32.185490,1.672202,49.385860,353.298700,282.703300,3.742813,104.047200,98.172010,0.300000,1000.000000,0.900730,2468,2740,50.000000,off,,0.909955382,0,-0.414706051,1,1
1766648267485,2025-12-25 15:37:47.485,474.432600,12.751070,23,9,2,-0.021394,-0.000258,-0.033562,0.124405,0.088821,0.988236,-32.157920,1.666669,49.357870,-0.919998,0.211541,0.329893,-51.7144012,6.16341257,56.3704338,21.2568264,Building,Surface,3.470612,3.519608,0.000000,0.000000,-32.185520,1.672229,49.386000,353.289500,282.770900,3.729810,104.047200,98.172010,0.300000,1000.000000,0.900730,2468,2740,50.000000,off,,0.909955382,0,-0.414706051,1,1
1766648267496,2025-12-25 15:37:47.496,474.443700,12.762150,23,9,2,0.028979,0.001343,-0.035996,0.111359,0.052979,0.992355,-32.143930,1.671299,49.406200,-0.930141,0.175479,0.322523,-51.7845459,5.37667131,56.2165146,21.1154938,Building,Surface,3.495651,3.643921,0.000001,0.000000,-32.185560,1.672299,49.386120,353.299400,282.844200,3.724452,104.047200,98.172010,0.300000,1000.000000,0.900730,2468,2740,50.000000,off,,0.909955382,0,-0.414706051,1,1
1766648267507,2025-12-25 15:37:47.507,474.454800,12.773280,23,9,2,0.028979,0.001343,-0.035996,0.111359,0.052979,0.992355,-32.143930,1.671297,49.406250,-0.929697,0.175475,0.323804,-51.7726059,5.37609768,56.2427177,21.1127434,Building,Surface,3.495651,3.643921,0.000001,0.000000,-32.185590,1.672312,49.386230,353.296800,282.921500,3.698755,104.047200,98.172010,0.300000,1000.000000,0.900730,2468,2740,50.000000,off,,0.909955382,0,-0.414706051,1,1
1766648267518,2025-12-25 15:37:47.518,474.466000,12.784450,23,9,2,0.028688,0.001247,-0.035797,0.111710,0.040192,0.992920,-32.144210,1.671211,49.406100,-0.931114,0.162711,0.326399,-51.7552948,5.09822512,56.2807007,21.0617981,Building,Surface,3.551910,3.544540,0.000000,0.000000,-32.185610,1.672324,49.386340,353.304200,282.980700,3.670735,104.047200,98.172010,0.300000,1000.000000,0.900730,2468,2740,50.000000,off,,0.909955382,0,-0.414706051,1,1
1766648267530,2025-12-25 15:37:47.530,474.477000,12.795470,23,9,2,-0.014906,-0.000076,-0.033818,0.125046,0.075058,0.989304,-32.156360,1.667377,49.364410,-0.920715,0.197371,0.336631,-51.6578484,5.84784985,56.4945221,21.1807194,Building,Surface,3.473892,3.536880,0.000000,0.000000,-32.185610,1.672329,49.386450,353.321100,283.051700,3.652719,104.047200,98.172010,0.300000,1000.000000,0.900730,2468,2740,50.000000,off,,0.909955382,0,-0.414706051,1,1
1766648267541,2025-12-25 15:37:47.541,474.488300,12.806790,23,9,2,-0.014445,-0.000172,-0.033506,0.114655,0.079773,0.990189,-32.156600,1.667365,49.365050,-0.923148,0.201377,0.327456,-51.7410393,5.9395442,56.3119774,21.2146568,Building,Surface,3.467712,3.474396,0.000001,0.000000,-32.185620,1.672339,49.386600,353.325700,283.119600,3.634039,104.047200,98.172010,0.300000,1000.000000,0.900730,2468,2740,50.000000,off,,0.909955382,0,-0.414706051,1,1
1766648267551,2025-12-25 15:37:47.551,474.499300,12.817720,23,9,2,-0.014445,-0.000172,-0.033506,0.114655,0.079773,0.990189,-32.156570,1.667377,49.365130,-0.922909,0.201112,0.328293,-51.7333336,5.93336773,56.3288841,21.2118416,Building,Surface,3.467712,3.474396,0.000001,0.000000,-32.185570,1.672340,49.386710,353.339700,283.169600,3.620687,104.047200,98.172010,0.300000,1000.000000,0.900730,2468,2740,50.000000,off,,0.909955382,0,-0.414706051,1,1
1766648267563,2025-12-25 15:37:47.563,474.510400,12.828890,23,9,2,-0.016389,-0.000446,-0.032806,0.126709,0.098251,0.987061,-32.157730,1.667040,49.363500,-0.914982,0.219456,0.338592,-51.6246758,6.33613634,56.5673065,21.2757416,Building,Surface,3.440933,3.539536,0.000000,0.000000,-32.185550,1.672298,49.386810,353.358800,283.224800,3.599430,104.047200,98.172010,0.300000,1000.000000,0.900730,2468,2740,50.000000,off,,0.909955382,0,-0.414706051,1,1
1766648267574,2025-12-25 15:37:47.574,474.521500,12.840000,23,9,2,-0.014173,0.000098,-0.033788,0.057541,0.137421,0.988831,-32.156160,1.667548,49.365470,-0.928966,0.253891,0.269338,-36.6741676,2.90234232,50.6753922,4.86343765,SS-01,Signage,3.370132,3.448669,0.000000,0.000000,-32.185490,1.672234,49.386940,353.376000,283.277300,3.604162,104.047200,98.172010,0.300000,1000.000000,0.900730,2468,2740,50.000000,off,Node9,1,0,0,1,1
1766648267585,2025-12-25 15:37:47.585,474.532600,12.851040,23,9,2,-0.014173,0.000098,-0.033788,0.057541,0.137421,0.988831,-32.156180,1.667545,49.365540,-0.928804,0.253718,0.270060,-36.6741676,2.90170717,50.6791954,4.86426258,SS-01,Signage,3.370132,3.448669,0.000000,0.000000,-32.185490,1.672226,49.387020,353.386500,283.322000,3.609490,104.047200,98.172010,0.300000,1000.000000,0.900730,2468,2740,50.000000,off,Node9,1,0,0,1,1
1766648267596,2025-12-25 15:37:47.596,474.543700,12.862180,23,9,2,0.019824,0.000766,-0.034290,-0.024384,0.129288,0.991303,-32.147570,1.670244,49.398410,-0.951340,0.240658,0.192423,-69.0288391,11,56.8582077,38.7675133,Building,Surface,3.429672,3.466797,0.000000,0.000000,-32.185490,1.672189,49.387130,353.396000,283.351800,3.607521,104.047200,98.172010,0.300000,1000.000000,0.900730,2468,2740,50.000000,off,,0,-1,0,1,1
1766648267608,2025-12-25 15:37:47.608,474.555500,12.873900,23,9,2,-0.016389,-0.000446,-0.032806,0.126709,0.098251,0.987061,-32.157750,1.666980,49.363820,-0.914246,0.218624,0.341108,-51.601429,6.31655455,56.6183167,21.2674179,Building,Surface,3.440933,3.539536,0.000000,0.000000,-32.185510,1.672212,49.387210,353.409200,283.380700,3.609153,104.047200,98.172010,0.300000,1000.000000,0.900730,2468,2740,50.000000,off,,0.909955382,0,-0.414706051,1,1
1766648267618,2025-12-25 15:37:47.618,474.565900,12.884370,23,9,2,-0.014173,0.000098,-0.033788,0.057541,0.137421,0.988831,-32.156190,1.667540,49.365750,-0.928466,0.253385,0.271530,-36.6741676,2.90052867,50.6870346,4.86602402,SS-01,Signage,3.370132,3.448669,0.000000,0.000000,-32.185460,1.672210,49.387280,353.406400,283.411700,3.611286,104.047200,98.172010,0.300000,1000.000000,0.900730,2468,2740,50.000000,off,Node9,1,0,0,1,1
1766648267630,2025-12-25 15:37:47.630,474.577400,12.895810,23,9,2,-0.014173,0.000098,-0.033788,0.057541,0.137421,0.988831,-32.156200,1.667553,49.365780,-0.928324,0.253529,0.271881,-36.6741676,2.90142822,50.6889725,4.86675644,SS-01,Signage,3.370132,3.448669,0.000000,0.000000,-32.185470,1.672230,49.387320,353.398300,283.435300,3.621356,104.047200,98.172010,0.300000,1000.000000,0.900730,2468,2740,50.000000,off,Node9,1,0,0,1,1
1766648267641,2025-12-25 15:37:47.641,474.588200,12.906680,23,9,2,0.017279,0.000726,-0.034275,-0.026215,0.128708,0.991333,-32.148140,1.670071,49.396160,-0.951460,0.240218,0.192390,-69.1023026,11,56.8684731,38.8393288,Building,Surface,3.404251,3.408737,0.000000,0.000000,-32.185460,1.672217,49.387410,353.380900,283.456400,3.625440,104.047200,98.172010,0.300000,1000.000000,0.900730,2468,2740,50.000000,off,,0,-1,0,1,1
1766648267651,2025-12-25 15:37:47.651,474.599300,12.917760,23,9,2,0.004081,0.000610,-0.034454,-0.021332,0.130829,0.991165,-32.151160,1.669095,49.383400,-0.949851,0.242867,0.196922,-36.6741676,2.82558107,50.321106,4.7617588,SS-01,Signage,3.328278,3.410629,0.000000,0.000000,-32.185480,1.672214,49.387470,353.365100,283.460600,3.638298,104.047200,98.172010,0.300000,1000.000000,0.900730,2468,2740,50.000000,off,Node9,1,0,0,1,1
1766648267663,2025-12-25 15:37:47.663,474.610400,12.928860,23,9,2,0.004081,0.000610,-0.034454,-0.021332,0.130829,0.991165,-32.151180,1.669111,49.383420,-0.949779,0.243101,0.196983,-36.6741676,2.82679415,50.3214798,4.76210165,SS-01,Signage,3.328278,3.410629,0.000000,0.000000,-32.185490,1.672238,49.387490,353.351400,283.464800,3.636084,104.047200,98.172010,0.300000,1000.000000,0.900730,2468,2740,50.000000,off,Node9,1,0,0,1,1
1766648267674,2025-12-25 15:37:47.674,474.621500,12.939970,23,9,2,-0.002168,0.000459,-0.034280,-0.019562,0.137177,0.990341,-32.152910,1.668622,49.377460,-0.947931,0.249561,0.197793,-36.6741676,2.85893059,50.3208542,4.76955175,SS-01,Signage,3.335052,3.374176,0.000000,0.000000,-32.185550,1.672279,49.387530,353.341900,283.458500,3.652875,104.047200,98.172010,0.300000,1000.000000,0.900730,2468,2740,50.000000,off,Node9,1,0,0,1,1
1766648267684,2025-12-25 15:37:47.684,474.632600,12.951080,23,9,2,-0.001011,0.000410,-0.034092,-0.018662,0.141190,0.989792,-32.152830,1.668656,49.378670,-0.946774,0.253843,0.197871,-36.6741676,2.88088894,50.3236084,4.77545118,SS-01,Signage,3.354370,3.372818,0.000000,0.000000,-32.185560,1.672277,49.387550,353.323200,283.442400,3.663522,104.047200,98.172010,0.300000,1000.000000,0.900730,2468,2740,50.000000,off,Node9,1,0,0,1,1
1766648267696,2025-12-25 15:37:47.696,474.643700,12.962190,23,9,2,-0.004734,0.000443,-0.034255,-0.043961,0.128693,0.990707,-32.153640,1.668458,49.375010,-0.954969,0.239849,0.174649,-69.3075714,11,56.1698875,38.9058228,Building,Surface,3.219193,3.342560,0.000000,0.000000,-32.185640,1.672301,49.387550,353.328700,283.442200,3.680757,104.047200,98.172010,0.300000,1000.000000,0.900730,2468,2740,50.000000,off,,0,-1,0,1,1
1766648267707,2025-12-25 15:37:47.707,474.654900,12.973330,23,9,2,-0.004734,0.000443,-0.034255,-0.043961,0.128693,0.990707,-32.153670,1.668469,49.375020,-0.955030,0.239804,0.174374,-69.3169098,11,56.1604614,38.9130554,Building,Surface,3.219193,3.342560,0.000000,0.000000,-32.185670,1.672312,49.387550,353.330300,283.428200,3.700786,104.047200,98.172010,0.300000,1000.000000,0.900730,2468,2740,50.000000,off,,0,-1,0,1,1
1766648267718,2025-12-25 15:37:47.718,474.666000,12.984410,23,9,2,-0.002168,0.000459,-0.034280,-0.019562,0.137177,0.990341,-32.153020,1.668616,49.377490,-0.948134,0.249613,0.196751,-36.6741676,2.85888863,50.3156929,4.76841307,SS-01,Signage,3.335052,3.374176,0.000000,0.000000,-32.185670,1.672279,49.387520,353.336800,283.405600,3.722840,104.047200,98.172010,0.300000,1000.000000,0.900730,2468,2740,50.000000,off,Node9,1,0,0,1,1
1766648267730,2025-12-25 15:37:47.730,474.677000,12.995450,23,9,2,-0.001011,0.000410,-0.034092,-0.018662,0.141190,0.989792,-32.153000,1.668645,49.378640,-0.947075,0.253572,0.196777,-36.6741676,2.87915301,50.3180161,4.77375412,SS-01,Signage,3.354370,3.372818,0.000000,0.000000,-32.185730,1.672260,49.387500,353.336900,283.387300,3.747040,104.047200,98.172010,0.300000,1000.000000,0.900730,2468,2740,50.000000,off,Node9,1,0,0,1,1
1766648267740,2025-12-25 15:37:47.740,474.688200,13.006620,23,9,2,-0.001011,0.000410,-0.034092,-0.018662,0.141190,0.989792,-32.153040,1.668616,49.378650,-0.947188,0.253414,0.196437,-36.6741676,2.87821412,50.3162842,4.77314091,SS-01,Signage,3.354370,3.372818,0.000000,0.000000,-32.185780,1.672227,49.387490,353.345300,283.371000,3.780703,104.047200,98.172010,0.300000,1000.000000,0.900730,2468,2740,50.000000,off,Node9,1,0,0,1,1
1766648267751,2025-12-25 15:37:47.751,474.699200,13.017670,23,9,2,-0.007205,0.000218,-0.033733,-0.087814,0.149918,0.984787,-32.154900,1.668093,49.372830,-0.958170,0.256493,0.126940,-36.6741676,2.87785816,49.97155,4.71654415,SS-01,Signage,3.198273,3.321136,0.000000,0.000000,-32.185810,1.672245,49.387560,353.371200,283.339200,3.797174,104.047200,98.172010,0.300000,1000.000000,0.900730,2468,2740,50.000000,off,Node9,1,0,0,1,1
1766648267763,2025-12-25 15:37:47.763,474.710300,13.028780,23,9,2,-0.003222,0.000684,-0.034958,-0.198303,0.122833,0.972397,-32.152770,1.668655,49.376380,-0.975127,0.220763,0.018966,-73.3700333,11,50.178051,42.2679405,Building,Surface,3.019241,3.288132,0.000000,0.000000,-32.185860,1.672223,49.387570,353.376500,283.311100,3.824847,104.047200,98.172010,0.300000,1000.000000,0.900730,2468,2740,50.000000,off,,0,-1,0,1,1
1766648267774,2025-12-25 15:37:47.774,474.721500,13.039920,23,9,2,0.015815,0.001149,-0.035559,-0.226471,0.109787,0.967804,-32.147670,1.670294,49.394680,-0.978681,0.205178,-0.008568,-76.6495438,11,49.0050774,45.4710045,Building,Surface,3.073792,3.299561,0.000000,0.000000,-32.185900,1.672197,49.387570,353.387500,283.290200,3.843332,104.047200,98.172010,0.300000,1000.000000,0.900730,2468,2740,50.000000,off,,0,-1,0,1,1
1766648267785,2025-12-25 15:37:47.785,474.732600,13.051060,23,9,2,0.015815,0.001149,-0.035559,-0.226471,0.109787,0.967804,-32.147710,1.670294,49.394700,-0.978749,0.204830,-0.009041,-76.7282944,11,48.9828911,45.5482292,Building,Surface,3.073792,3.299561,0.000000,0.000000,-32.185940,1.672181,49.387570,353.404700,283.263100,3.858954,104.047200,98.172010,0.300000,1000.000000,0.900730,2468,2740,50.000000,off,,0,-1,0,1,1
1766648267796,2025-12-25 15:37:47.796,474.743600,13.062070,23,9,2,0.022760,0.001284,-0.035666,-0.219498,0.112991,0.969040,-32.145980,1.670831,49.401420,-0.978003,0.208534,-0.002750,-75.898819,11,49.278389,44.7365646,Building,Surface,2.999924,3.335480,0.000000,0.000000,-32.185960,1.672130,49.387590,353.408200,283.236700,3.864544,104.047200,98.172010,0.300000,1000.000000,0.900730,2468,2740,50.000000,off,,0,-1,0,1,1
1766648267808,2025-12-25 15:37:47.808,474.755100,13.073520,23,9,2,0.025118,0.001338,-0.035720,-0.218521,0.105026,0.970154,-32.145440,1.671038,49.403710,-0.979645,0.200686,-0.001148,-77.6846008,11,49.3503494,46.4849167,Building,Surface,2.981400,3.296555,0.000000,0.000000,-32.186030,1.672122,49.387590,353.414200,283.218100,3.876499,104.047200,98.172010,0.300000,1000.000000,0.900730,2468,2740,50.000000,off,,0,-1,0,1,1
1766648267818,2025-12-25 15:37:47.818,474.765900,13.084380,23,9,2,0.025118,0.001338,-0.035720,-0.218521,0.105026,0.970154,-32.145490,1.671042,49.403760,-0.979714,0.200344,-0.001709,-77.765564,11,49.3241806,46.5642395,Building,Surface,2.981400,3.296555,0.000000,0.000000,-32.186070,1.672110,49.387620,353.432900,283.185100,3.884753,104.047200,98.172010,0.300000,1000.000000,0.900730,2468,2740,50.000000,off,,0,-1,0,1,1
1766648267829,2025-12-25 15:37:47.829,474.777000,13.095460,23,9,2,0.003056,0.000790,-0.035100,-0.213669,0.124451,0.968933,-32.151400,1.669076,49.382580,-0.975550,0.219715,0.000584,-73.5813675,11,49.4073868,42.4677315,Building,Surface,2.989014,3.271027,0.000000,0.000000,-32.186150,1.672097,49.387630,353.439600,283.163100,3.873467,104.047200,98.172010,0.300000,1000.000000,0.900730,2468,2740,50.000000,off,,0,-1,0,1,1
1766648267841,2025-12-25 15:37:47.841,474.788200,13.106690,23,9,2,0.022760,0.001284,-0.035666,-0.219498,0.112991,0.969040,-32.146240,1.670834,49.401540,-0.978169,0.207729,-0.004253,-76.0760803,11,49.2105331,44.9099159,Building,Surface,2.999924,3.335480,0.000000,0.000000,-32.186200,1.672101,49.387640,353.456300,283.146500,3.866218,104.047200,98.172010,0.300000,1000.000000,0.900730,2468,2740,50.000000,off,,0,-1,0,1,1
1766648267851,2025-12-25 15:37:47.851,474.799200,13.117680,23,9,2,0.025118,0.001338,-0.035720,-0.218521,0.105026,0.970154,-32.145630,1.670993,49.403820,-0.979784,0.199990,-0.002798,-77.8499832,11,49.2733002,46.6469154,Building,Surface,2.981400,3.296555,0.000000,0.000000,-32.186200,1.672056,49.387630,353.460800,283.117700,3.856529,104.047200,98.172010,0.300000,1000.000000,0.900730,2468,2740,50.000000,off,,0,-1,0,1,1
1766648267863,2025-12-25 15:37:47.863,474.810300,13.128750,23,9,2,0.025118,0.001338,-0.035720,-0.218521,0.105026,0.970154,-32.145670,1.670986,49.403820,-0.979817,0.199827,-0.002946,-77.8888626,11,49.2662849,46.6850052,Building,Surface,2.981400,3.296555,0.000000,0.000000,-32.186230,1.672045,49.387630,353.472000,283.108100,3.850459,104.047200,98.172010,0.300000,1000.000000,0.900730,2468,2740,50.000000,off,,0,-1,0,1,1
1766648267874,2025-12-25 15:37:47.874,474.821400,13.139860,23,9,2,0.002048,0.000762,-0.035064,-0.213074,0.125702,0.968903,-32.151840,1.668899,49.381680,-0.975355,0.220584,-0.000133,-73.4111176,11,49.3760529,42.3012657,Building,Surface,2.992798,3.269989,0.000000,0.000000,-32.186320,1.671994,49.387650,353.472200,283.088900,3.838853,104.047200,98.172010,0.300000,1000.000000,0.900730,2468,2740,50.000000,off,,0,-1,0,1,1
1766648267885,2025-12-25 15:37:47.885,474.832600,13.151030,23,9,2,0.000372,0.000717,-0.035007,-0.212601,0.127029,0.968842,-32.152370,1.668765,49.380080,-0.975070,0.221873,0.000066,-73.1605377,11,49.3828545,42.0564194,Building,Surface,2.993286,3.263336,0.000000,0.000000,-32.186410,1.672007,49.387660,353.475800,283.081100,3.836582,104.047200,98.172010,0.300000,1000.000000,0.900730,2468,2740,50.000000,off,,0,-1,0,1,1
1766648267896,2025-12-25 15:37:47.896,474.843700,13.162140,23,9,2,0.000372,0.000717,-0.035007,-0.212601,0.127029,0.968842,-32.152440,1.668792,49.380070,-0.975046,0.221979,-0.000172,-73.1399078,11,49.3728447,42.0362167,Building,Surface,2.993286,3.263336,0.000000,0.000000,-32.186470,1.672035,49.387640,353.473400,283.065500,3.819559,104.047200,98.172010,0.300000,1000.000000,0.900730,2468,2740,50.000000,off,,0,-1,0,1,1
1766648267907,2025-12-25 15:37:47.907,474.854800,13.173220,23,9,2,-0.000540,0.000701,-0.035000,-0.211914,0.126999,0.968994,-32.152760,1.668741,49.379210,-0.974990,0.222217,0.000450,-73.0942001,11,49.3981018,41.9913559,Building,Surface,2.985794,3.255936,0.000000,0.000000,-32.186580,1.672067,49.387660,353.461400,283.061100,3.817653,104.047200,98.172010,0.300000,1000.000000,0.900730,2468,2740,50.000000,off,,0,-1,0,1,1
1766648267918,2025-12-25 15:37:47.918,474.865800,13.184300,23,9,2,-0.000507,0.000701,-0.034996,-0.211899,0.125717,0.969162,-32.152890,1.668761,49.379250,-0.975241,0.221103,0.000540,-73.3111115,11,49.4020424,42.2027512,Building,Surface,2.980591,3.241226,0.000000,0.000000,-32.186700,1.672086,49.387660,353.457800,283.054500,3.797550,104.047200,98.172010,0.300000,1000.000000,0.900730,2468,2740,50.000000,off,,0,-1,0,1,1
1766648267930,2025-12-25 15:37:47.930,474.877000,13.195470,23,9,2,0.007665,0.001085,-0.035750,-0.253052,0.112427,0.960892,-32.150350,1.669578,49.386960,-0.978078,0.204337,-0.039987,-76.8112946,11,47.5610771,45.6616859,Building,Surface,2.931183,3.150909,0.000000,0.000000,-32.186840,1.672074,49.387640,353.456300,283.057500,3.789941,104.047200,98.172010,0.300000,1000.000000,0.900730,2468,2740,50.000000,off,,0,-1,0,1,1
1766648267941,2025-12-25 15:37:47.941,474.888100,13.206540,23,9,2,0.007665,0.001085,-0.035750,-0.253052,0.112427,0.960892,-32.150470,1.669573,49.386970,-0.978066,0.204364,-0.040139,-76.8049774,11,47.5543823,45.6556702,Building,Surface,2.931183,3.150909,0.000000,0.000000,-32.186960,1.672070,49.387650,353.456600,283.048000,3.782772,104.047200,98.172010,0.300000,1000.000000,0.900730,2468,2740,50.000000,off,,0,-1,0,1,1
1766648267951,2025-12-25 15:37:47.951,474.899200,13.217650,23,9,2,-0.000540,0.000701,-0.035000,-0.211914,0.126999,0.968994,-32.153260,1.668710,49.379230,-0.975058,0.221918,0.000089,-73.1528625,11,49.3829803,42.0480652,Building,Surface,2.985794,3.255936,0.000000,0.000000,-32.187070,1.672022,49.387660,353.484300,283.036400,3.796300,104.047200,98.172010,0.300000,1000.000000,0.900730,2468,2740,50.000000,off,,0,-1,0,1,1
1766648267963,2025-12-25 15:37:47.963,474.910300,13.228730,23,9,2,-0.000507,0.000701,-0.034996,-0.211899,0.125717,0.969162,-32.153380,1.668653,49.379270,-0.975361,0.220571,0.000091,-73.4164276,11,49.3831215,42.3050041,Building,Surface,2.980591,3.241226,0.000000,0.000000,-32.187200,1.671960,49.387660,353.488100,283.027500,3.805331,104.047200,98.172010,0.300000,1000.000000,0.900730,2468,2740,50.000000,off,,0,-1,0,1,1
1766648267974,2025-12-25 15:37:47.974,474.921400,13.239900,23,9,2,-0.000507,0.000701,-0.034996,-0.211899,0.125717,0.969162,-32.153560,1.668636,49.379260,-0.975486,0.220017,0.000067,-73.5258865,11,49.382103,42.4115944,Building,Surface,2.980591,3.241226,0.000000,0.000000,-32.187390,1.671923,49.387660,353.521800,283.024100,3.803764,104.047200,98.172010,0.300000,1000.000000,0.900730,2468,2740,50.000000,off,,0,-1,0,1,1
1766648267985,2025-12-25 15:37:47.985,474.932500,13.250980,23,9,2,0.013701,0.001231,-0.035925,-0.257187,0.099319,0.961243,-32.149430,1.669967,49.392780,-0.980886,0.189653,-0.043495,-79.9046936,10.9033823,47.2751884,48.6857796,Building,Surface,2.931976,3.177124,0.000000,0.000000,-32.187510,1.671885,49.387640,353.540400,283.010900,3.805190,104.047200,98.172010,0.300000,1000.000000,0.900730,2468,2740,50.000000,off,,1,0,0,1,1
1766648267996,2025-12-25 15:37:47.996,474.943600,13.262080,23,9,2,0.020502,0.001399,-0.036113,-0.256622,0.095261,0.961792,-32.147780,1.670475,49.399300,-0.981743,0.185326,-0.042537,-79.9046936,10.6856623,47.3300858,48.6444016,Building,Surface,2.960312,3.179779,0.000000,0.000000,-32.187630,1.671784,49.387600,353.566100,283.004900,3.800444,104.047200,98.172010,0.300000,1000.000000,0.900730,2468,2740,50.000000,off,,1,0,0,1,1
1766648268007,2025-12-25 15:37:48.007,474.954700,13.273100,23,9,2,0.018083,0.001338,-0.036045,-0.249298,0.096497,0.963593,-32.148550,1.670219,49.396940,-0.981686,0.187106,-0.035437,-79.9046936,10.7723751,47.6730347,48.6463852,Building,Surface,2.959412,3.170197,0.000000,0.000000,-32.187760,1.671736,49.387560,353.573600,282.987100,3.801352,104.047200,98.172010,0.300000,1000.000000,0.900730,2468,2740,50.000000,off,,1,0,0,1,1
1766648268018,2025-12-25 15:37:48.018,474.965900,13.284300,23,9,2,0.018083,0.001338,-0.036045,-0.249298,0.096497,0.963593,-32.148640,1.670223,49.396890,-0.981771,0.186620,-0.035636,-79.9046936,10.7479353,47.663456,48.6420631,Building,Surface,2.959412,3.170197,0.000000,0.000000,-32.187860,1.671723,49.387500,353.605100,282.973600,3.793698,104.047200,98.172010,0.300000,1000.000000,0.900730,2468,2740,50.000000,off,,1,0,0,1,1
1766648268029,2025-12-25 15:37:48.029,474.977000,13.295440,23,9,2,0.007469,0.001083,-0.035790,-0.248093,0.110306,0.962433,-32.151570,1.669242,49.386690,-0.979095,0.200081,-0.036539,-77.8115692,11,47.6826973,46.6347771,Building,Surface,2.961456,3.170929,0.000000,0.000000,-32.188060,1.671656,49.387500,353.615100,282.939600,3.797389,104.047200,98.172010,0.300000,1000.000000,0.900730,2468,2740,50.000000,off,,0,-1,0,1,1
1766648268040,2025-12-25 15:37:48.040,474.988100,13.306580,23,9,2,0.002651,0.000969,-0.035670,-0.244949,0.115173,0.962662,-32.152950,1.668823,49.381980,-0.978224,0.204715,-0.033956,-76.7416687,11,47.8342133,45.580925,Building,Surface,2.989075,3.177841,0.000000,0.000000,-32.188210,1.671639,49.387430,353.640100,282.933700,3.800380,104.047200,98.172010,0.300000,1000.000000,0.900730,2468,2740,50.000000,off,,0,-1,0,1,1
1766648268052,2025-12-25 15:37:48.052,474.999700,13.318150,23,9,2,0.002651,0.000969,-0.035670,-0.244949,0.115173,0.962662,-32.153100,1.668789,49.381950,-0.978203,0.204743,-0.034376,-76.7349396,11,47.8152618,45.5748367,Building,Surface,2.989075,3.177841,0.000000,0.000000,-32.188350,1.671606,49.387390,353.639000,282.909000,3.798129,104.047200,98.172010,0.300000,1000.000000,0.900730,2468,2740,50.000000,off,,0,-1,0,1,1
1766648268063,2025-12-25 15:37:48.063,475.010800,13.329250,23,9,2,0.000256,0.000906,-0.035621,-0.244827,0.118103,0.962341,-32.153860,1.668594,49.379590,-0.977677,0.207177,-0.034857,-76.1891632,11,47.8096046,45.0405045,Building,Surface,2.961548,3.185364,0.000000,0.000000,-32.188510,1.671610,49.387320,353.662800,282.893300,3.809584,104.047200,98.172010,0.300000,1000.000000,0.900730,2468,2740,50.000000,off,,0,-1,0,1,1
1766648268073,2025-12-25 15:37:48.073,475.021300,13.339780,23,9,2,0.007469,0.001083,-0.035790,-0.248093,0.110306,0.962433,-32.152140,1.669215,49.386510,-0.979229,0.199230,-0.037584,-78.0135803,11,47.6262932,46.8341026,Building,Surface,2.961456,3.170929,0.000000,0.000000,-32.188630,1.671597,49.387280,353.660900,282.878200,3.818729,104.047200,98.172010,0.300000,1000.000000,0.900730,2468,2740,50.000000,off,,0,-1,0,1,1
1766648268085,2025-12-25 15:37:48.085,475.032400,13.350890,23,9,2,0.002651,0.000969,-0.035670,-0.244949,0.115173,0.962662,-32.153540,1.668800,49.381830,-0.978276,0.204248,-0.035247,-76.8467102,11,47.7715569,45.685257,Building,Surface,2.989075,3.177841,0.000000,0.000000,-32.188800,1.671601,49.387230,353.662800,282.859000,3.821743,104.047200,98.172010,0.300000,1000.000000,0.900730,2468,2740,50.000000,off,,0,-1,0,1,1
1766648268096,2025-12-25 15:37:48.096,475.043900,13.362300,23,9,2,0.002651,0.000969,-0.035670,-0.244949,0.115173,0.962662,-32.153680,1.668831,49.381790,-0.978310,0.204037,-0.035518,-76.8944702,11,47.7574539,45.7323418,Building,Surface,2.989075,3.177841,0.000000,0.000000,-32.188940,1.671625,49.387180,353.674000,282.843100,3.827273,104.047200,98.172010,0.300000,1000.000000,0.900730,2468,2740,50.000000,off,,0,-1,0,1,1
1766648268106,2025-12-25 15:37:48.106,475.054600,13.373080,23,9,2,0.000604,0.000914,-0.035631,-0.244370,0.118454,0.962418,-32.154330,1.668620,49.379770,-0.977618,0.207367,-0.035454,-76.1464996,11,47.784359,44.9992332,Building,Surface,2.964783,3.183624,0.000000,0.000000,-32.189080,1.671605,49.387130,353.664900,282.836600,3.846901,104.047200,98.172010,0.300000,1000.000000,0.900730,2468,2740,50.000000,off,,0,-1,0,1,1
1766648268118,2025-12-25 15:37:48.118,475.065800,13.384220,23,9,2,0.001148,0.000927,-0.035660,-0.243012,0.120361,0.962509,-32.154320,1.668698,49.380260,-0.977277,0.209079,-0.034372,-75.7706985,11,47.8462334,44.6297417,Building,Surface,2.952194,3.185715,0.000000,0.000000,-32.189230,1.671629,49.387100,353.677500,282.832600,3.863569,104.047200,98.172010,0.300000,1000.000000,0.900730,2468,2740,50.000000,off,,0,-1,0,1,1
1766648268129,2025-12-25 15:37:48.129,475.076800,13.395260,23,9,2,0.001148,0.000927,-0.035660,-0.243012,0.120361,0.962509,-32.154450,1.668676,49.380250,-0.977324,0.208829,-0.034560,-75.8252258,11,47.8359642,44.6832848,Building,Surface,2.952194,3.185715,0.000000,0.000000,-32.189350,1.671602,49.387090,353.684800,282.824000,3.893108,104.047200,98.172010,0.300000,1000.000000,0.900730,2468,2740,50.000000,off,,0,-1,0,1,1
1766648268140,2025-12-25 15:37:48.140,475.088000,13.406430,23,9,2,0.002206,0.000952,-0.035704,-0.242600,0.118973,0.962799,-32.154310,1.668757,49.381240,-0.977705,0.207160,-0.034186,-76.1937103,11,47.8413773,45.0434494,Building,Surface,2.964783,3.184036,0.000000,0.000000,-32.189500,1.671581,49.387060,353.701100,282.812500,3.912537,104.047200,98.172010,0.300000,1000.000000,0.900730,2468,2740,50.000000,off,,0,-1,0,1,1
1766648268151,2025-12-25 15:37:48.151,475.099000,13.417450,23,9,2,0.002525,0.000964,-0.035731,-0.242111,0.119370,0.962860,-32.154310,1.668746,49.381520,-0.977691,0.207249,-0.033696,-76.1742172,11,47.8643761,45.0236206,Building,Surface,2.965210,3.183060,0.000000,0.000000,-32.189610,1.671528,49.387040,353.717200,282.815700,3.930523,104.047200,98.172010,0.300000,1000.000000,0.900730,2468,2740,50.000000,off,,0,-1,0,1,1
1766648268163,2025-12-25 15:37:48.163,475.110300,13.428710,23,9,2,0.002676,0.000979,-0.035756,-0.242294,0.117889,0.962997,-32.154420,1.668735,49.381620,-0.978003,0.205810,-0.033493,-76.4962997,11,47.8630638,45.3385201,Building,Surface,2.949188,3.188263,0.000000,0.000000,-32.189770,1.671498,49.387000,353.710700,282.830400,3.949270,104.047200,98.172010,0.300000,1000.000000,0.900730,2468,2740,50.000000,off,,0,-1,0,1,1
1766648268174,2025-12-25 15:37:48.174,475.121300,13.439730,23,9,2,0.002676,0.000979,-0.035756,-0.242294,0.117889,0.962997,-32.154550,1.668739,49.381580,-0.978092,0.205396,-0.033426,-76.5898514,11,47.8630219,45.4298782,Building,Surface,2.949188,3.188263,0.000000,0.000000,-32.189910,1.671489,49.386970,353.731300,282.835000,3.966329,104.047200,98.172010,0.300000,1000.000000,0.900730,2468,2740,50.000000,off,,0,-1,0,1,1
1766648268184,2025-12-25 15:37:48.184,475.132400,13.450810,23,9,2,0.000473,0.000929,-0.035710,-0.240158,0.120667,0.963196,-32.155250,1.668511,49.379430,-0.977547,0.208299,-0.031572,-75.9479141,11,47.9650497,44.7981606,Building,Surface,2.945602,3.189865,0.000000,0.000000,-32.190060,1.671456,49.386940,353.731300,282.834900,3.970726,104.047200,98.172010,0.300000,1000.000000,0.900730,2468,2740,50.000000,off,,0,-1,0,1,1
1766648268196,2025-12-25 15:37:48.196,475.143500,13.461910,23,9,2,0.002525,0.000964,-0.035731,-0.242111,0.119370,0.962860,-32.154890,1.668684,49.381410,-0.977844,0.206578,-0.033372,-76.3249893,11,47.8739624,45.170166,Building,Surface,2.965210,3.183060,0.000000,0.000000,-32.190190,1.671447,49.386940,353.744500,282.838300,3.981273,104.047200,98.172010,0.300000,1000.000000,0.900730,2468,2740,50.000000,off,,0,-1,0,1,1
1766648268207,2025-12-25 15:37:48.207,475.154700,13.473140,23,9,2,0.002525,0.000964,-0.035731,-0.242111,0.119370,0.962860,-32.155030,1.668644,49.381380,-0.977869,0.206479,-0.033251,-76.3476257,11,47.8786736,45.1920128,Building,Surface,2.965210,3.183060,0.000000,0.000000,-32.190320,1.671405,49.386920,353.747400,282.846400,3.993095,104.047200,98.172010,0.300000,1000.000000,0.900730,2468,2740,50.000000,off,,0,-1,0,1,1
1766648268218,2025-12-25 15:37:48.218,475.165800,13.484220,23,9,2,0.002676,0.000979,-0.035756,-0.242294,0.117889,0.962997,-32.155080,1.668687,49.381500,-0.978306,0.204440,-0.033008,-76.8081894,11,47.8749084,45.6425476,Building,Surface,2.949188,3.188263,0.000000,0.000000,-32.190440,1.671404,49.386900,353.782100,282.859600,3.993103,104.047200,98.172010,0.300000,1000.000000,0.900730,2468,2740,50.000000,off,,0,-1,0,1,1
1766648268229,2025-12-25 15:37:48.229,475.177000,13.495450,23,9,2,0.000499,0.000929,-0.035707,-0.238541,0.120377,0.963638,-32.155700,1.668450,49.379390,-0.977893,0.207042,-0.029170,-76.2301254,11,48.0646667,45.0706329,Building,Surface,2.944763,3.190140,0.000000,0.000000,-32.190510,1.671353,49.386900,353.797300,282.874100,3.979867,104.047200,98.172010,0.300000,1000.000000,0.900730,2468,2740,50.000000,off,,0,-1,0,1,1
1766648268241,2025-12-25 15:37:48.241,475.188000,13.506470,23,9,2,0.000499,0.000929,-0.035707,-0.238541,0.120377,0.963638,-32.155840,1.668414,49.379360,-0.977930,0.206901,-0.028922,-76.262146,11,48.0749283,45.1015053,Building,Surface,2.944763,3.190140,0.000000,0.000000,-32.190640,1.671308,49.386880,353.810700,282.886100,3.960927,104.047200,98.172010,0.300000,1000.000000,0.900730,2468,2740,50.000000,off,,0,-1,0,1,1
1766648268251,2025-12-25 15:37:48.251,475.199100,13.517520,23,9,2,0.000733,0.000931,-0.035697,-0.238983,0.119629,0.963608,-32.155900,1.668447,49.379570,-0.978140,0.205805,-0.029164,-76.5064392,11,48.0572205,45.3409042,Building,Surface,2.944016,3.190308,0.000000,0.000000,-32.190750,1.671309,49.386860,353.832900,282.891500,3.950404,104.047200,98.172010,0.300000,1000.000000,0.900730,2468,2740,50.000000,off,,0,-1,0,1,1
1766648268263,2025-12-25 15:37:48.263,475.210100,13.528590,23,9,2,0.000593,0.000919,-0.035673,-0.240723,0.120880,0.963028,-32.156120,1.668453,49.379370,-0.977947,0.206561,-0.030571,-76.3356018,11.000001,47.9983025,45.1753464,Building,Surface,2.944443,3.199554,0.000000,0.000000,-32.190910,1.671319,49.386810,353.856000,282.919300,3.932033,104.047200,98.172010,0.300000,1000.000000,0.900730,2468,2740,50.000000,off,,0,-1,0,1,1
1766648268273,2025-12-25 15:37:48.273,475.221300,13.539700,23,9,2,0.000890,0.000915,-0.035652,-0.241394,0.121658,0.962753,-32.156220,1.668504,49.379640,-0.977806,0.207082,-0.031260,-76.2179489,10.999999,47.9709969,45.0610466,Building,Surface,2.944748,3.210876,0.000000,0.000000,-32.191050,1.671344,49.386780,353.868500,282.923500,3.924978,104.047200,98.172010,0.300000,1000.000000,0.900730,2468,2740,50.000000,off,,0,-1,0,1,1
1766648268285,2025-12-25 15:37:48.285,475.232300,13.550780,23,9,2,0.000890,0.000915,-0.035652,-0.241394,0.121658,0.962753,-32.156350,1.668512,49.379570,-0.977795,0.207182,-0.030973,-76.1962814,11,47.9845428,45.039299,Building,Surface,2.944748,3.210876,0.000000,0.000000,-32.191180,1.671353,49.386720,353.866000,282.939200,3.911501,104.047200,98.172010,0.300000,1000.000000,0.900730,2468,2740,50.000000,off,,0,-1,0,1,1
1766648268296,2025-12-25 15:37:48.296,475.243400,13.561830,23,9,2,0.000118,0.000891,-0.035620,-0.241730,0.123398,0.962448,-32.156690,1.668467,49.378800,-0.977433,0.208852,-0.031201,-75.8285141,11,47.9847298,44.6794128,Building,Surface,2.962738,3.216995,0.000000,0.000000,-32.191310,1.671378,49.386710,353.873000,282.955100,3.884948,104.047200,98.172010,0.300000,1000.000000,0.900730,2468,2740,50.000000,off,,0,-1,0,1,1
1766648268307,2025-12-25 15:37:48.307,475.254700,13.573120,23,9,2,-0.001228,0.000844,-0.035570,-0.242523,0.129196,0.961487,-32.157150,1.668326,49.377510,-0.976182,0.214442,-0.032406,-74.6367569,11,47.9673271,43.5153465,Building,Surface,3.017380,3.258423,0.000000,0.000000,-32.191400,1.671361,49.386710,353.881300,282.969100,3.854626,104.047200,98.172010,0.300000,1000.000000,0.900730,2468,2740,50.000000,off,,0,-1,0,1,1
1766648268318,2025-12-25 15:37:48.318,475.265700,13.584110,23,9,2,-0.001228,0.000844,-0.035570,-0.242523,0.129196,0.961487,-32.157270,1.668304,49.377450,-0.976280,0.214058,-0.031975,-74.717453,11,47.9835281,43.5934944,Building,Surface,3.017380,3.258423,0.000000,0.000000,-32.191520,1.671319,49.386670,353.914500,282.988800,3.817349,104.047200,98.172010,0.300000,1000.000000,0.900730,2468,2740,50.000000,off,,0,-1,0,1,1
1766648268329,2025-12-25 15:37:48.329,475.276800,13.595210,23,9,2,0.000890,0.000915,-0.035652,-0.241394,0.121658,0.962753,-32.156800,1.668461,49.379410,-0.977968,0.206585,-0.029445,-76.3320541,11,48.0493622,45.1696892,Building,Surface,2.944748,3.210876,0.000000,0.000000,-32.191620,1.671260,49.386610,353.936700,283.012300,3.779455,104.047200,98.172010,0.300000,1000.000000,0.900730,2468,2740,50.000000,off,,0,-1,0,1,1
1766648268341,2025-12-25 15:37:48.341,475.288000,13.606410,23,9,2,0.000118,0.000891,-0.035620,-0.241730,0.123398,0.962448,-32.157120,1.668341,49.378600,-0.977746,0.207622,-0.029539,-76.1023254,11,48.0509491,44.9446793,Building,Surface,2.962738,3.216995,0.000000,0.000000,-32.191740,1.671183,49.386550,353.983000,283.033600,3.749335,104.047200,98.172010,0.300000,1000.000000,0.900730,2468,2740,50.000000,off,,0,-1,0,1,1
1766648268351,2025-12-25 15:37:48.351,475.299000,13.617430,23,9,2,-0.001209,0.000846,-0.035579,-0.242661,0.130341,0.961304,-32.157550,1.668168,49.377250,-0.976384,0.213767,-0.030922,-74.780838,11,48.0273743,43.6537437,Building,Surface,3.017487,3.287598,0.000000,0.000000,-32.191810,1.671111,49.386490,354.023500,283.051500,3.725856,104.047200,98.172010,0.300000,1000.000000,0.900730,2468,2740,50.000000,off,,0,-1,0,1,1
1766648268363,2025-12-25 15:37:48.363,475.310100,13.628510,23,9,2,-0.001209,0.000846,-0.035579,-0.242661,0.130341,0.961304,-32.157670,1.668138,49.377130,-0.976544,0.213106,-0.030418,-74.9203033,11,48.0451279,43.7892723,Building,Surface,3.017487,3.287598,0.000000,0.000000,-32.191930,1.671053,49.386380,354.068300,283.077000,3.708019,104.047200,98.172010,0.300000,1000.000000,0.900730,2468,2740,50.000000,off,,0,-1,0,1,1
1766648268373,2025-12-25 15:37:48.373,475.321200,13.639650,23,9,2,-0.001261,0.000845,-0.035578,-0.242661,0.130463,0.961289,-32.157720,1.668042,49.376960,-0.976625,0.212772,-0.030194,-74.991478,11,48.0526848,43.8585205,Building,Surface,3.020889,3.291885,0.000000,0.000000,-32.191970,1.670941,49.386270,354.100200,283.087500,3.691283,104.047200,98.172010,0.300000,1000.000000,0.900730,2468,2740,50.000000,off,,0,-1,0,1,1
1766648268385,2025-12-25 15:37:48.385,475.332300,13.650760,23,9,2,-0.001412,0.000841,-0.035586,-0.241196,0.131821,0.961472,-32.157800,1.668000,49.376720,-0.976533,0.213386,-0.028819,-74.8644714,11,48.1163788,43.7325325,Building,Surface,3.021347,3.304214,0.000000,0.000000,-32.192020,1.670879,49.386180,354.154200,283.085400,3.681384,104.047200,98.172010,0.300000,1000.000000,0.900730,2468,2740,50.000000,off,,0,-1,0,1,1
1766648268395,2025-12-25 15:37:48.395,475.343400,13.661870,23,9,2,-0.001412,0.000841,-0.035586,-0.241196,0.131821,0.961472,-32.157890,1.667919,49.376580,-0.976605,0.213084,-0.028595,-74.9286118,11,48.1242523,43.7948723,Building,Surface,3.021347,3.304214,0.000000,0.000000,-32.192110,1.670785,49.386050,354.176500,283.095800,3.665850,104.047200,98.172010,0.300000,1000.000000,0.900730,2468,2740,50.000000,off,,0,-1,0,1,1
1766648268407,2025-12-25 15:37:48.407,475.354500,13.672940,23,9,2,-0.001715,0.000848,-0.035612,-0.239975,0.129410,0.962097,-32.158000,1.667868,49.376100,-0.977264,0.210215,-0.027039,-75.5419388,11,48.1757431,44.3925285,Building,Surface,3.041275,3.312103,0.000000,0.000000,-32.192180,1.670724,49.385860,354.214600,283.095100,3.663099,104.047200,98.172010,0.300000,1000.000000,0.900730,2468,2740,50.000000,off,,0,-1,0,1,1
1766648268418,2025-12-25 15:37:48.418,475.365600,13.684020,23,9,2,-0.001517,0.000870,-0.035644,-0.238373,0.123962,0.963226,-32.157990,1.667830,49.376190,-0.978492,0.204724,-0.025179,-76.7617188,11,48.2284317,45.5839844,Building,Surface,3.053024,3.313858,0.000001,0.000000,-32.192260,1.670646,49.385760,354.231400,283.070700,3.668227,104.047200,98.172010,0.300000,1000.000000,0.900730,2468,2740,50.000000,off,,0,-1,0,1,1
1766648268429,2025-12-25 15:37:48.429,475.376700,13.695130,23,9,2,-0.001517,0.000870,-0.035644,-0.238373,0.123962,0.963226,-32.158060,1.667782,49.376040,-0.978549,0.204428,-0.025381,-76.8292007,11,48.217392,45.6502304,Building,Surface,3.053024,3.313858,0.000001,0.000000,-32.192330,1.670587,49.385600,354.249900,283.057700,3.665483,104.047200,98.172010,0.300000,1000.000000,0.900730,2468,2740,50.000000,off,,0,-1,0,1,1
1766648268440,2025-12-25 15:37:48.440,475.387800,13.706300,23,9,2,-0.003458,0.000833,-0.035632,-0.237915,0.125885,0.963089,-32.158580,1.667617,49.374000,-0.978233,0.205918,-0.025492,-76.4929428,11,48.2186813,45.3206863,Building,Surface,3.061584,3.320175,0.000000,0.000000,-32.192390,1.670566,49.385430,354.274000,283.036300,3.674166,104.047200,98.172010,0.300000,1000.000000,0.900730,2468,2740,50.000000,off,,0,-1,0,1,1
1766648268452,2025-12-25 15:37:48.452,475.399000,13.717410,23,9,2,-0.002605,0.000871,-0.035746,-0.238266,0.126923,0.962860,-32.158310,1.667696,49.374670,-0.977999,0.206890,-0.026353,-76.2734604,11,48.1859512,45.1071129,Building,Surface,3.073807,3.330307,0.000001,0.000000,-32.192430,1.670562,49.385280,354.276700,283.013100,3.666746,104.047200,98.172010,0.300000,1000.000000,0.900730,2468,2740,50.000000,off,,0,-1,0,1,1
1766648268462,2025-12-25 15:37:48.462,475.410000,13.728490,23,9,2,-0.001278,0.000923,-0.035838,-0.238815,0.122360,0.963318,-32.157960,1.667806,49.375790,-0.978964,0.202225,-0.026845,-77.3347778,11,48.1369591,46.1472588,Building,Surface,3.118454,3.356049,0.000000,0.000000,-32.192480,1.670537,49.385120,354.287400,282.985600,3.659417,104.047200,98.172010,0.300000,1000.000000,0.900730,2468,2740,50.000000,off,,0,-1,0,1,1
1766648268473,2025-12-25 15:37:48.473,475.421200,13.739620,23,9,2,-0.001278,0.000923,-0.035838,-0.238815,0.122360,0.963318,-32.158020,1.667776,49.375640,-0.978962,0.202173,-0.027308,-77.3465118,11,48.1151199,46.1592827,Building,Surface,3.118454,3.356049,0.000000,0.000000,-32.192560,1.670506,49.384950,354.290400,282.958400,3.659738,104.047200,98.172010,0.300000,1000.000000,0.900730,2468,2740,50.000000,off,,0,-1,0,1,1
1766648268485,2025-12-25 15:37:48.485,475.432200,13.750670,23,9,2,-0.003458,0.000833,-0.035632,-0.237915,0.125885,0.963089,-32.158680,1.667529,49.373370,-0.978239,0.205686,-0.027082,-76.5437393,11,48.1445923,45.3722267,Building,Surface,3.061584,3.320175,0.000000,0.000000,-32.192510,1.670466,49.384740,354.291200,282.941000,3.661761,104.047200,98.172010,0.300000,1000.000000,0.900730,2468,2740,50.000000,off,,0,-1,0,1,1
1766648268496,2025-12-25 15:37:48.496,475.443400,13.761870,23,9,2,-0.002605,0.000871,-0.035746,-0.238266,0.126923,0.962860,-32.158410,1.667595,49.373990,-0.978009,0.206623,-0.028020,-76.3314972,11,48.1084328,45.1658821,Building,Surface,3.073807,3.330307,0.000001,0.000000,-32.192550,1.670452,49.384540,354.291200,282.915400,3.673065,104.047200,98.172010,0.300000,1000.000000,0.900730,2468,2740,50.000000,off,,0,-1,0,1,1
1766648268507,2025-12-25 15:37:48.507,475.454700,13.773190,23,9,2,-0.001014,0.000930,-0.035845,-0.238434,0.122025,0.963455,-32.158010,1.667732,49.375350,-0.978999,0.201882,-0.028123,-77.4135666,11,48.0753288,46.2260323,Building,Surface,3.126205,3.362595,0.000001,0.000000,-32.192620,1.670445,49.384370,354.281400,282.889400,3.693953,104.047200,98.172010,0.300000,1000.000000,0.900730,2468,2740,50.000000,off,,0,-1,0,1,1
1766648268518,2025-12-25 15:37:48.518,475.465600,13.784060,23,9,2,-0.001014,0.000930,-0.035845,-0.238434,0.122025,0.963455,-32.158070,1.667755,49.375150,-0.979025,0.201705,-0.028500,-77.4544296,11,48.0565414,46.2664986,Building,Surface,3.126205,3.362595,0.000001,0.000000,-32.192680,1.670467,49.384160,354.283900,282.870500,3.725591,104.047200,98.172010,0.300000,1000.000000,0.900730,2468,2740,50.000000,off,,0,-1,0,1,1
1766648268529,2025-12-25 15:37:48.529,475.476700,13.795200,23,9,2,-0.001726,0.000842,-0.035660,-0.237442,0.134247,0.962067,-32.158410,1.667640,49.374320,-0.976389,0.213963,-0.029300,-74.7452698,11,48.0963516,43.6161346,Building,Surface,3.168243,3.367157,0.000001,0.000000,-32.192680,1.670477,49.383960,354.269400,282.848200,3.735744,104.047200,98.172010,0.300000,1000.000000,0.900730,2468,2740,50.000000,off,,0,-1,0,1,1
1766648268540,2025-12-25 15:37:48.540,475.487800,13.806210,23,9,2,-0.001385,0.000842,-0.035648,-0.234818,0.136566,0.962387,-32.158370,1.667646,49.374510,-0.975835,0.216741,-0.027341,-74.1755295,11,48.1972847,43.0571556,Building,Surface,3.213837,3.370819,0.000000,0.000000,-32.192700,1.670478,49.383800,354.242100,282.827200,3.777705,104.047200,98.172010,0.300000,1000.000000,0.900730,2468,2740,50.000000,off,,0,-1,0,1,1
1766648268551,2025-12-25 15:37:48.551,475.498900,13.817320,23,8,2,-0.001385,0.000842,-0.035648,-0.234818,0.136566,0.962387,-39.158360,1.667677,52.274330,-0.975717,0.217212,-0.027834,-58.466938,5.96611118,51.7235184,19.7889175,Building,Surface,3.213837,3.370819,0.000000,0.000000,-39.192700,1.670531,52.283610,354.206400,282.803200,3.805671,104.047200,98.172010,0.300000,1000.000000,0.900730,2468,2740,50.000000,off,,0.488449693,0,-0.872592092,1,1
1766648268562,2025-12-25 15:37:48.562,475.510000,13.828430,23,8,2,-0.000832,0.000853,-0.035646,-0.233780,0.137253,0.962540,-39.158300,1.667783,52.274670,-0.975537,0.218076,-0.027305,-58.4468079,5.97962427,51.7347908,19.7719517,Building,Surface,3.283844,3.381180,0.000002,0.000000,-39.192760,1.670602,52.283410,354.187200,282.783600,3.857348,104.047200,98.172010,0.300000,1000.000000,0.900730,2468,2740,50.000000,off,,0.488449693,0,-0.872592092,1,1
1766648268573,2025-12-25 15:37:48.574,475.521100,13.839600,23,8,2,-0.000660,0.000848,-0.035623,-0.232666,0.138367,0.962647,-39.158300,1.667841,52.274710,-0.975207,0.219562,-0.027031,-58.436882,6.00829935,51.740345,19.7683849,Building,Surface,3.329605,3.420441,0.000002,0.000000,-39.192790,1.670670,52.283250,354.157400,282.747300,3.904088,104.047200,98.172010,0.300000,1000.000000,0.900730,2468,2740,50.000000,off,,0.488449693,0,-0.872592092,1,1
1766648268584,2025-12-25 15:37:48.584,475.532100,13.850590,23,8,2,-0.000660,0.000848,-0.035623,-0.232666,0.138367,0.962647,-39.158350,1.667860,52.274500,-0.975147,0.219791,-0.027360,-58.4495735,6.01595974,51.733242,19.782568,Building,Surface,3.329605,3.420441,0.000002,0.000000,-39.192830,1.670707,52.283030,354.130200,282.735600,3.956652,104.047200,98.172010,0.300000,1000.000000,0.900730,2468,2740,50.000000,off,,0.488449693,0,-0.872592092,1,1
1766648268595,2025-12-25 15:37:48.595,475.543300,13.861760,23,8,2,0.022591,0.001886,-0.036722,-0.217850,0.191452,0.957016,-39.151950,1.670460,52.296540,-0.961821,0.272971,-0.019466,-72.0248489,11,51.631237,34.1776276,Building,Surface,3.489197,3.507111,0.000002,0.000000,-39.192860,1.670781,52.282810,354.111400,282.717800,4.019023,104.047200,98.172010,0.300000,1000.000000,0.900730,2468,2740,50.000000,off,,0,-1,0,1,1
1766648268607,2025-12-25 15:37:48.607,475.554500,13.872920,23,8,2,-0.000832,0.000853,-0.035646,-0.233780,0.137253,0.962540,-39.158400,1.667923,52.273940,-0.975303,0.218858,-0.029310,-58.5232773,6.01340008,51.6919823,19.8549786,Building,Surface,3.283844,3.381180,0.000154,0.000000,-39.192870,1.670810,52.282620,354.084500,282.695800,4.073766,104.047200,98.172010,0.300000,1000.000000,0.900730,2468,2740,50.000000,off,,0.488449693,0,-0.872592092,1,1
1766648268618,2025-12-25 15:37:48.618,475.565400,13.883850,23,8,2,-0.000832,0.000853,-0.035646,-0.233780,0.137253,0.962540,-39.158420,1.667913,52.273800,-0.975216,0.219184,-0.029778,-58.5412025,6.02427578,51.6819496,19.8751163,Building,Surface,3.283844,3.381180,0.000154,0.000000,-39.192890,1.670822,52.282470,354.051200,282.676000,4.126807,104.047200,98.172010,0.300000,1000.000000,0.900730,2468,2740,50.000000,off,,0.488449693,0,-0.872592092,1,1
1766648268628,2025-12-25 15:37:48.628,475.576600,13.895020,23,8,2,-0.000660,0.000848,-0.035623,-0.232666,0.138367,0.962647,-39.158410,1.667971,52.273830,-0.974980,0.220307,-0.029102,-58.5160561,6.0420351,51.6960258,19.8540859,Building,Surface,3.329605,3.420441,0.000611,0.000000,-39.192900,1.670878,52.282310,354.037900,282.665500,4.196356,104.047200,98.172010,0.300000,1000.000000,0.900730,2468,2740,50.000000,off,,0.488449693,0,-0.872592092,1,1
1766648268640,2025-12-25 15:37:48.640,475.587700,13.906160,23,8,2,0.022089,0.001899,-0.036615,-0.226303,0.228821,0.946793,-39.152250,1.670610,52.295440,-0.950335,0.309203,-0.035278,-67.8261185,11,51.2310219,30.1721935,Building,Surface,3.447601,3.551651,0.000152,0.000000,-39.192930,1.670924,52.282150,354.000300,282.657300,4.255038,104.047200,98.172010,0.300000,1000.000000,0.900730,2468,2740,50.000000,off,,0,-1,0,1,1
1766648268651,2025-12-25 15:37:48.651,475.598800,13.917270,23,8,2,0.022559,0.001988,-0.036995,-0.227432,0.227417,0.946854,-39.151820,1.670764,52.295660,-0.950692,0.307928,-0.036613,-67.9547501,11,51.1863937,30.2964363,Building,Surface,3.475143,3.531540,0.000000,0.000000,-39.193000,1.670987,52.282000,353.971000,282.649800,4.320174,104.047200,98.172010,0.300000,1000.000000,0.900730,2468,2740,50.000000,off,,0,-1,0,1,1
1766648268662,2025-12-25 15:37:48.662,475.609900,13.928310,23,8,2,0.022559,0.001988,-0.036995,-0.227432,0.227417,0.946854,-39.151880,1.670820,52.295520,-0.950549,0.308319,-0.037038,-67.9137878,11,51.1748161,30.2578392,Building,Surface,3.475143,3.531540,0.000000,0.000000,-39.193050,1.671048,52.281850,353.932200,282.638400,4.374928,104.047200,98.172010,0.300000,1000.000000,0.900730,2468,2740,50.000000,off,,0,-1,0,1,1
1766648268673,2025-12-25 15:37:48.673,475.621200,13.939610,23,8,2,0.009924,0.001720,-0.036737,-0.209061,0.232163,0.949936,-39.155060,1.669665,52.283220,-0.948906,0.314926,-0.019575,-67.268364,11,51.70327,29.6268368,Building,Surface,3.538132,3.531830,0.000607,0.000000,-39.193100,1.671096,52.281740,353.902300,282.621500,4.450747,104.047200,98.172010,0.300000,1000.000000,0.900730,2468,2740,50.000000,off,,0,-1,0,1,1
1766648268684,2025-12-25 15:37:48.684,475.632100,13.950560,23,8,2,-0.010764,0.001313,-0.036367,-0.201874,0.237259,0.950226,-39.160180,1.667732,52.263120,-0.947030,0.320826,-0.013380,-66.7076263,11,51.8739166,29.0878773,Building,Surface,3.564789,3.528259,0.000607,0.000000,-39.193150,1.671153,52.281600,353.873200,282.615000,4.505073,104.047200,98.172010,0.300000,1000.000000,0.900730,2468,2740,50.000000,off,,0,-1,0,1,1
1766648268695,2025-12-25 15:37:48.695,475.643300,13.961790,23,8,2,0.001587,0.001505,-0.036454,-0.203674,0.228012,0.952103,-39.157300,1.668870,52.274950,-0.949970,0.311977,-0.014153,-67.5705872,11,51.8516388,29.9092693,Building,Surface,3.567398,3.541656,0.000038,0.000000,-39.193160,1.671162,52.281470,353.843300,282.608000,4.563662,104.047200,98.172010,0.300000,1000.000000,0.900730,2468,2740,50.000000,off,,0,-1,0,1,1
1766648268707,2025-12-25 15:37:48.707,475.654300,13.972780,23,8,2,0.001587,0.001505,-0.036454,-0.203674,0.228012,0.952103,-39.157350,1.668901,52.274860,-0.949986,0.311895,-0.014844,-67.5784912,11,51.8307648,29.917017,Building,Surface,3.567398,3.541656,0.000038,0.000000,-39.193210,1.671199,52.281370,353.832700,282.581100,4.629774,104.047200,98.172010,0.300000,1000.000000,0.900730,2468,2740,50.000000,off,,0,-1,0,1,1
1766648268717,2025-12-25 15:37:48.717,475.665500,13.983950,23,8,2,0.009924,0.001720,-0.036737,-0.209061,0.232163,0.949936,-39.155200,1.669767,52.282770,-0.948699,0.315421,-0.021547,-67.2179565,11,51.645401,29.5800209,Building,Surface,3.538132,3.531830,0.000154,0.000000,-39.193240,1.671215,52.281250,353.814800,282.558700,4.682894,104.047200,98.172010,0.300000,1000.000000,0.900730,2468,2740,50.000000,off,,0,-1,0,1,1
1766648268729,2025-12-25 15:37:48.729,475.676900,13.995390,23,8,2,-0.010764,0.001313,-0.036367,-0.201874,0.237259,0.950226,-39.160220,1.667763,52.262690,-0.946882,0.321173,-0.015367,-66.6735153,11,51.8161697,29.0563507,Building,Surface,3.564789,3.528259,0.002429,0.000000,-39.193210,1.671278,52.281140,353.795600,282.552600,4.740389,104.047200,98.172010,0.300000,1000.000000,0.900730,2468,2740,50.000000,off,,0,-1,0,1,1
1766648268740,2025-12-25 15:37:48.740,475.687700,14.006100,23,8,2,-0.010764,0.001313,-0.036367,-0.201874,0.237259,0.950226,-39.160260,1.667739,52.262650,-0.946717,0.321627,-0.016051,-66.6299973,11,51.7969131,29.0154266,Building,Surface,3.564789,3.528259,0.002429,0.000000,-39.193240,1.671286,52.281070,353.756700,282.523900,4.784964,104.047200,98.172010,0.300000,1000.000000,0.900730,2468,2740,50.000000,off,,0,-1,0,1,1
1766648268751,2025-12-25 15:37:48.751,475.698800,14.017210,23,8,2,0.002773,0.001527,-0.036469,-0.204376,0.225678,0.952515,-39.157120,1.669087,52.275650,-0.950419,0.310473,-0.017168,-67.720871,11,51.7596779,30.0536289,Building,Surface,3.571075,3.542618,0.000038,0.000000,-39.193260,1.671326,52.280970,353.730100,282.510100,4.824252,104.047200,98.172010,0.300000,1000.000000,0.900730,2468,2740,50.000000,off,,0,-1,0,1,1
1766648268762,2025-12-25 15:37:48.762,475.709800,14.028290,23,8,2,0.002690,0.001515,-0.036446,-0.204102,0.227158,0.952225,-39.157180,1.669096,52.275490,-0.949828,0.312270,-0.017419,-67.5388794,11,51.7549934,29.880724,Building,Surface,3.564774,3.543930,0.000038,0.000000,-39.193290,1.671366,52.280880,353.703900,282.498400,4.845775,104.047200,98.172010,0.300000,1000.000000,0.900730,2468,2740,50.000000,off,,0,-1,0,1,1
1766648268773,2025-12-25 15:37:48.773,475.721000,14.039460,23,8,2,0.000532,0.001463,-0.036373,-0.202393,0.226654,0.952698,-39.157810,1.668904,52.273340,-0.949721,0.312633,-0.016101,-67.503952,11,51.7927818,29.8463306,Building,Surface,3.572617,3.551239,0.000038,0.000000,-39.193360,1.671427,52.280790,353.660000,282.473900,4.856975,104.047200,98.172010,0.300000,1000.000000,0.900730,2468,2740,50.000000,off,,0,-1,0,1,1
1766648268784,2025-12-25 15:37:48.784,475.732000,14.050480,23,8,2,0.000532,0.001463,-0.036373,-0.202393,0.226654,0.952698,-39.157830,1.668963,52.273270,-0.949549,0.313144,-0.016275,-67.4524078,11,51.7883072,29.7974224,Building,Surface,3.572617,3.551239,0.000038,0.000000,-39.193370,1.671507,52.280720,353.626400,282.467500,4.864760,104.047200,98.172010,0.300000,1000.000000,0.900730,2468,2740,50.000000,off,,0,-1,0,1,1
1766648268796,2025-12-25 15:37:48.796,475.743300,14.061800,23,8,2,0.000009,0.001441,-0.036332,-0.201370,0.226181,0.953033,-39.158040,1.668961,52.272700,-0.949620,0.312996,-0.015365,-67.4681168,11,51.81464,29.8117237,Building,Surface,3.591751,3.565109,0.000615,0.000000,-39.193430,1.671573,52.280630,353.614300,282.455900,4.864423,104.047200,98.172010,0.300000,1000.000000,0.900730,2468,2740,50.000000,off,,0,-1,0,1,1
1766648268807,2025-12-25 15:37:48.807,475.754700,14.073150,23,8,2,-0.000498,0.001352,-0.036129,-0.204697,0.232971,0.950684,-39.158400,1.668852,52.272190,-0.947413,0.319350,-0.020010,-66.8410339,11,51.6875076,29.2188435,Building,Surface,3.615768,3.637405,0.000153,0.000000,-39.193470,1.671583,52.280560,353.600600,282.448200,4.876620,104.047200,98.172010,0.300000,1000.000000,0.900730,2468,2740,50.000000,off,,0,-1,0,1,1
1766648268817,2025-12-25 15:37:48.817,475.765400,14.083890,23,8,2,-0.000498,0.001352,-0.036129,-0.204697,0.232971,0.950684,-39.158420,1.668844,52.272130,-0.947349,0.319540,-0.020003,-66.8227539,10.999999,51.6879997,29.2014942,Building,Surface,3.615768,3.637405,0.000153,0.000000,-39.193490,1.671583,52.280500,353.587500,282.450700,4.882146,104.047200,98.172010,0.300000,1000.000000,0.900730,2468,2740,50.000000,off,,0,-1,0,1,1
1766648268830,2025-12-25 15:37:48.830,475.777500,14.095980,23,8,2,0.000532,0.001463,-0.036373,-0.202393,0.226654,0.952698,-39.157930,1.669019,52.273030,-0.949293,0.313888,-0.016885,-67.3776627,11,51.7710838,29.7266254,Building,Surface,3.572617,3.551239,0.000037,0.000000,-39.193480,1.671596,52.280450,353.574700,282.439200,4.888179,104.047200,98.172010,0.300000,1000.000000,0.900730,2468,2740,50.000000,off,,0,-1,0,1,1
1766648268840,2025-12-25 15:37:48.840,475.787800,14.106230,23,8,2,0.000009,0.001441,-0.036332,-0.201370,0.226181,0.953033,-39.158120,1.668955,52.272510,-0.949431,0.313538,-0.015982,-67.4136429,11,51.796875,29.7602024,Building,Surface,3.591751,3.565109,0.002429,0.000000,-39.193510,1.671595,52.280420,353.571100,282.430100,4.904814,104.047200,98.172010,0.300000,1000.000000,0.900730,2468,2740,50.000000,off,,0,-1,0,1,1
1766648268851,2025-12-25 15:37:48.851,475.798800,14.117250,23,8,2,-0.000132,0.001360,-0.036128,-0.204849,0.231506,0.951004,-39.158390,1.668865,52.272370,-0.947659,0.318586,-0.020331,-66.9145813,11,51.6768875,29.2887516,Building,Surface,3.619934,3.642441,0.000039,0.000000,-39.193540,1.671587,52.280380,353.551900,282.434300,4.907377,104.047200,98.172010,0.300000,1000.000000,0.900730,2468,2740,50.000000,off,,0,-1,0,1,1
1766648268862,2025-12-25 15:37:48.862,475.809800,14.128270,23,8,2,-0.000132,0.001360,-0.036128,-0.204849,0.231506,0.951004,-39.158450,1.668885,52.272340,-0.947686,0.318496,-0.020443,-66.9232178,11,51.6734123,29.2969379,Building,Surface,3.619934,3.642441,0.000039,0.000000,-39.193600,1.671606,52.280340,353.553800,282.430500,4.922613,104.047200,98.172010,0.300000,1000.000000,0.900730,2468,2740,50.000000,off,,0,-1,0,1,1
1766648268873,2025-12-25 15:37:48.873,475.821000,14.139430,23,8,2,-0.000643,0.001349,-0.036125,-0.205109,0.231308,0.951004,-39.158590,1.668824,52.271820,-0.947782,0.318199,-0.020979,-66.9522629,11,51.6566124,29.3246956,Building,Surface,3.619797,3.643677,0.000038,0.000000,-39.193630,1.671598,52.280300,353.556000,282.414300,4.933779,104.047200,98.172010,0.300000,1000.000000,0.900730,2468,2740,50.000000,off,,0,-1,0,1,1
1766648268885,2025-12-25 15:37:48.885,475.832100,14.150570,23,8,2,-0.000071,0.001365,-0.036152,-0.202972,0.230606,0.951630,-39.158450,1.668865,52.272290,-0.947980,0.317734,-0.018841,-66.998497,11,51.7189713,29.3674049,Building,Surface,3.629913,3.657394,0.000038,0.000000,-39.193640,1.671578,52.280220,353.553900,282.408900,4.948569,104.047200,98.172010,0.300000,1000.000000,0.900730,2468,2740,50.000000,off,,0,-1,0,1,1
1766648268895,2025-12-25 15:37:48.895,475.843100,14.161590,23,8,2,-0.000071,0.001365,-0.036152,-0.202972,0.230606,0.951630,-39.158470,1.668837,52.272270,-0.948034,0.317547,-0.019245,-67.0165787,10.999999,51.706749,29.3847713,Building,Surface,3.629913,3.657394,0.000038,0.000000,-39.193670,1.671546,52.280190,353.561600,282.387300,4.964865,104.047200,98.172010,0.300000,1000.000000,0.900730,2468,2740,50.000000,off,,0,-1,0,1,1
1766648268907,2025-12-25 15:37:48.907,475.854300,14.172730,23,8,2,0.000803,0.001388,-0.036184,-0.202545,0.229675,0.951950,-39.158180,1.668902,52.273060,-0.948346,0.316644,-0.019002,-67.1047363,11,51.7130966,29.468504,Building,Surface,3.628708,3.665009,0.000010,0.000000,-39.193610,1.671516,52.280130,353.563100,282.368300,4.972992,104.047200,98.172010,0.300000,1000.000000,0.900730,2468,2740,50.000000,off,,0,-1,0,1,1
1766648268917,2025-12-25 15:37:48.917,475.865400,14.183840,23,8,2,0.000273,0.001396,-0.036234,-0.202774,0.228928,0.952072,-39.158280,1.668850,52.272490,-0.948639,0.315706,-0.019499,-67.1966858,11,51.6961708,29.5559578,Building,Surface,3.633835,3.664108,0.000002,0.000000,-39.193630,1.671500,52.280080,353.572600,282.346600,4.982914,104.047200,98.172010,0.300000,1000.000000,0.900730,2468,2740,50.000000,off,,0,-1,0,1,1
1766648268929,2025-12-25 15:37:48.929,475.876500,14.194920,23,8,2,0.027374,0.002353,-0.038333,-0.368759,0.156372,0.916260,-39.150120,1.671887,52.298190,-0.957352,0.225313,-0.180774,-78.7851563,11,44.8140259,41.4000244,Building,Surface,3.562637,3.809113,0.000039,0.000000,-39.193630,1.671477,52.279990,353.590200,282.323200,4.975892,104.047200,98.172010,0.300000,1000.000000,0.900730,2468,2740,50.000000,off,,0,-1,0,1,1
1766648268940,2025-12-25 15:37:48.940,475.887700,14.206150,23,8,2,0.027374,0.002353,-0.038333,-0.368759,0.156372,0.916260,-39.150170,1.671875,52.298150,-0.957309,0.225220,-0.181118,-78.7998352,11,44.7966347,41.4171791,Building,Surface,3.562637,3.809113,0.000039,0.000000,-39.193680,1.671461,52.279940,353.595900,282.302500,4.976735,104.047200,98.172010,0.300000,1000.000000,0.900730,2468,2740,50.000000,off,,0,-1,0,1,1
1766648268951,2025-12-25 15:37:48.951,475.898700,14.217130,23,8,2,0.000803,0.001388,-0.036184,-0.202545,0.229675,0.951950,-39.158190,1.668840,52.272820,-0.948441,0.316276,-0.020314,-67.1402512,11,51.6734924,29.5029755,Building,Surface,3.628708,3.665009,0.000001,0.000000,-39.193630,1.671437,52.279840,353.589100,282.284300,4.959480,104.047200,98.172010,0.300000,1000.000000,0.900730,2468,2740,50.000000,off,,0,-1,0,1,1
1766648268962,2025-12-25 15:37:48.962,475.909700,14.228180,23,8,2,0.000273,0.001396,-0.036234,-0.202774,0.228928,0.952072,-39.158240,1.668769,52.272230,-0.948722,0.315371,-0.020823,-67.229126,11,51.6561165,29.5876045,Building,Surface,3.633835,3.664108,0.000151,0.000000,-39.193610,1.671401,52.279750,353.602700,282.256400,4.944048,104.047200,98.172010,0.300000,1000.000000,0.900730,2468,2740,50.000000,off,,0,-1,0,1,1
1766648268973,2025-12-25 15:37:48.973,475.920900,14.239380,23,8,2,0.000273,0.001396,-0.036234,-0.202774,0.228928,0.952072,-39.158230,1.668745,52.272170,-0.948843,0.314983,-0.021209,-67.2673416,11,51.6438599,29.6241436,Building,Surface,3.633835,3.664108,0.000151,0.000000,-39.193600,1.671359,52.279690,353.629800,282.228500,4.931439,104.047200,98.172010,0.300000,1000.000000,0.900730,2468,2740,50.000000,off,,0,-1,0,1,1
1766648268984,2025-12-25 15:37:48.984,475.932000,14.250430,23,8,2,0.029167,0.002468,-0.038631,-0.373917,0.170929,0.911560,-39.149430,1.671981,52.299590,-0.952421,0.238065,-0.190243,-76.4678192,11,44.8453636,39.1821251,Building,Surface,3.617798,3.892960,0.000151,0.000000,-39.193590,1.671314,52.279620,353.652400,282.201200,4.934974,104.047200,98.172010,0.300000,1000.000000,0.900730,2468,2740,50.000000,off,,0,-1,0,1,1
1766648268995,2025-12-25 15:37:48.995,475.943100,14.261540,23,8,2,0.028452,0.002446,-0.038584,-0.370911,0.162857,0.914261,-39.149650,1.671865,52.298860,-0.955106,0.230178,-0.186440,-77.8560257,11,44.7432365,40.525116,Building,Surface,3.562637,3.817551,0.000038,0.000000,-39.193600,1.671257,52.279550,353.681200,282.166600,4.935009,104.047200,98.172010,0.300000,1000.000000,0.900730,2468,2740,50.000000,off,,0,-1,0,1,1
1766648269006,2025-12-25 15:37:49.006,475.954200,14.272670,23,8,2,0.026017,0.002391,-0.038507,-0.367249,0.162979,0.915726,-39.150270,1.671587,52.296480,-0.955703,0.230441,-0.183076,-77.8378067,11,44.8854408,40.4804573,Building,Surface,3.566925,3.844986,0.000002,0.000000,-39.193590,1.671218,52.279500,353.701700,282.136400,4.936673,104.047200,98.172010,0.300000,1000.000000,0.900730,2468,2740,50.000000,off,,0,-1,0,1,1
1766648269018,2025-12-25 15:37:49.018,475.965200,14.283690,23,8,2,0.026017,0.002391,-0.038507,-0.367249,0.162979,0.915726,-39.150300,1.671566,52.296420,-0.955665,0.230273,-0.183484,-77.8645935,11,44.8634148,40.5100746,Building,Surface,3.566925,3.844986,0.000002,0.000000,-39.193610,1.671191,52.279420,353.713700,282.111000,4.933770,104.047200,98.172010,0.300000,1000.000000,0.900730,2468,2740,50.000000,off,,0,-1,0,1,1
1766648269029,2025-12-25 15:37:49.029,475.976300,14.294800,23,8,2,-0.003298,0.001718,-0.037633,-0.355957,0.179306,0.917130,-39.157590,1.668543,52.268150,-0.953103,0.247275,-0.174452,-75.125,11,45.6848297,37.7368546,Building,Surface,3.555359,3.867828,0.000151,0.000000,-39.193600,1.671235,52.279370,353.729000,282.081700,4.941025,104.047200,98.172010,0.300000,1000.000000,0.900730,2468,2740,50.000000,off,,0,-1,0,1,1
1766648269040,2025-12-25 15:37:49.040,475.987500,14.306000,23,8,2,0.028452,0.002446,-0.038584,-0.370911,0.162857,0.914261,-39.149690,1.671839,52.298710,-0.954950,0.229408,-0.188182,-77.9797516,11,44.6468811,40.661274,Building,Surface,3.562637,3.817551,0.000000,0.000000,-39.193600,1.671199,52.279320,353.732900,282.058700,4.929259,104.047200,98.172010,0.300000,1000.000000,0.900730,2468,2740,50.000000,off,,0,-1,0,1,1
1766648269051,2025-12-25 15:37:49.051,475.998800,14.317230,23,8,2,0.026017,0.002391,-0.038507,-0.367249,0.162979,0.915726,-39.150270,1.671646,52.296350,-0.955522,0.229704,-0.184936,-77.9543304,11,44.7860413,40.6100655,Building,Surface,3.566925,3.844986,0.000002,0.000000,-39.193560,1.671245,52.279280,353.745500,282.023700,4.944564,104.047200,98.172010,0.300000,1000.000000,0.900730,2468,2740,50.000000,off,,0,-1,0,1,1
1766648269062,2025-12-25 15:37:49.062,476.009800,14.328250,23,8,2,0.026017,0.002391,-0.038507,-0.367249,0.162979,0.915726,-39.150270,1.671627,52.296330,-0.955509,0.229509,-0.185244,-77.9868546,11,44.7671013,40.6446495,Building,Surface,3.566925,3.844986,0.000002,0.000000,-39.193550,1.671218,52.279240,353.760500,282.003700,4.938476,104.047200,98.172010,0.300000,1000.000000,0.900730,2468,2740,50.000000,off,,0,-1,0,1,1
1766648269073,2025-12-25 15:37:49.073,476.020800,14.339290,23,8,2,-0.003397,0.001721,-0.037641,-0.356110,0.179916,0.916946,-39.157510,1.668528,52.267930,-0.952730,0.247359,-0.176333,-75.0986862,11,45.6158714,37.7239265,Building,Surface,3.556549,3.881088,0.000153,0.000000,-39.193530,1.671206,52.279190,353.759600,281.982300,4.942523,104.047200,98.172010,0.300000,1000.000000,0.900730,2468,2740,50.000000,off,,0,-1,0,1,1
1766648269084,2025-12-25 15:37:49.084,476.031900,14.350370,23,8,2,-0.002218,0.001755,-0.037689,-0.356827,0.180801,0.916504,-39.157160,1.668641,52.269030,-0.952345,0.247973,-0.177603,-74.9944305,11,45.5857315,37.6304359,Building,Surface,3.565491,3.896881,0.000002,0.000000,-39.193490,1.671185,52.279140,353.766800,281.959600,4.948845,104.047200,98.172010,0.300000,1000.000000,0.900730,2468,2740,50.000000,off,,0,-1,0,1,1
1766648269096,2025-12-25 15:37:49.096,476.043100,14.361540,23,8,2,-0.002218,0.001755,-0.037689,-0.356827,0.180801,0.916504,-39.157130,1.668664,52.268960,-0.952303,0.247872,-0.177967,-75.0073242,11,45.5692482,37.645668,Building,Surface,3.565491,3.896881,0.000002,0.000000,-39.193460,1.671207,52.279060,353.769300,281.938900,4.958424,104.047200,98.172010,0.300000,1000.000000,0.900730,2468,2740,50.000000,off,,0,-1,0,1,1
1766648269106,2025-12-25 15:37:49.106,476.054200,14.372620,23,8,2,-0.000862,0.001791,-0.037733,-0.355957,0.182297,0.916534,-39.156750,1.668804,52.270240,-0.951957,0.249439,-0.177572,-74.7682495,11,45.6274986,37.4082336,Building,Surface,3.574387,3.895630,0.000001,0.000000,-39.193420,1.671200,52.279010,353.768200,281.921300,4.959855,104.047200,98.172010,0.300000,1000.000000,0.900730,2468,2740,50.000000,off,,0,-1,0,1,1
1766648269117,2025-12-25 15:37:49.117,476.065400,14.383850,23,8,2,-0.000014,0.001814,-0.037770,-0.355789,0.183258,0.916412,-39.156490,1.668859,52.271030,-0.951567,0.250644,-0.177987,-74.5820618,11,45.6448212,37.2283173,Building,Surface,3.592682,3.898788,0.000002,0.000000,-39.193380,1.671176,52.278980,353.750400,281.895800,4.963921,104.047200,98.172010,0.300000,1000.000000,0.900730,2468,2740,50.000000,off,,0,-1,0,1,1
1766648269129,2025-12-25 15:37:49.129,476.076300,14.394780,23,8,2,0.000129,0.001833,-0.037815,-0.355011,0.184189,0.916534,-39.156380,1.668862,52.271130,-0.951359,0.251671,-0.177687,-74.429657,11,45.683075,37.0766373,Building,Surface,3.593903,3.895554,0.000153,0.000000,-39.193350,1.671157,52.278930,353.743000,281.875200,4.977988,104.047200,98.172010,0.300000,1000.000000,0.900730,2468,2740,50.000000,off,,0,-1,0,1,1
1766648269140,2025-12-25 15:37:49.140,476.087500,14.405940,23,8,2,0.000129,0.001833,-0.037815,-0.355011,0.184189,0.916534,-39.156340,1.668882,52.271130,-0.951230,0.251766,-0.178238,-74.4114532,11,45.6651573,37.0625381,Building,Surface,3.593903,3.895554,0.000153,0.000000,-39.193320,1.671182,52.278910,353.736000,281.842700,4.980229,104.047200,98.172010,0.300000,1000.000000,0.900730,2468,2740,50.000000,off,,0,-1,0,1,1
1766648269151,2025-12-25 15:37:49.151,476.098900,14.417390,23,8,2,-0.007928,0.001712,-0.037711,-0.347382,0.185867,0.919113,-39.158160,1.668101,52.263230,-0.951905,0.254327,-0.170835,-74.0859604,11,45.9948654,36.6923332,Building,Surface,3.586319,3.882172,0.000039,0.000000,-39.193310,1.671207,52.278810,353.734500,281.822200,4.990425,104.047200,98.172010,0.300000,1000.000000,0.900730,2468,2740,50.000000,off,,0,-1,0,1,1
1766648269162,2025-12-25 15:37:49.162,476.109700,14.428190,23,8,2,-0.005565,0.001762,-0.037759,-0.347000,0.184036,0.919617,-39.157590,1.668368,52.265440,-0.952334,0.252608,-0.170944,-74.3379059,11,45.9505768,36.9406471,Building,Surface,3.575058,3.883530,0.000010,0.000000,-39.193310,1.671226,52.278710,353.733200,281.775700,4.992670,104.047200,98.172010,0.300000,1000.000000,0.900730,2468,2740,50.000000,off,,0,-1,0,1,1
1766648269173,2025-12-25 15:37:49.173,476.120800,14.439300,23,8,2,-0.005565,0.001762,-0.037759,-0.347000,0.184036,0.919617,-39.157610,1.668346,52.265370,-0.952159,0.252671,-0.171826,-74.3227768,11,45.9194832,36.9315491,Building,Surface,3.575058,3.883530,0.000010,0.000000,-39.193330,1.671212,52.278600,353.722900,281.725500,5.008276,104.047200,98.172010,0.300000,1000.000000,0.900730,2468,2740,50.000000,off,,0,-1,0,1,1
1766648269184,2025-12-25 15:37:49.184,476.131900,14.450320,23,8,2,0.000129,0.001833,-0.037815,-0.355011,0.184189,0.916534,-39.156260,1.668916,52.270760,-0.950675,0.251471,-0.181586,-74.4320068,11,45.5328217,37.1058922,Building,Surface,3.593903,3.895554,0.000002,0.000000,-39.193260,1.671214,52.278420,353.738100,281.646900,5.021130,104.047200,98.172010,0.300000,1000.000000,0.900730,2468,2740,50.000000,off,,0,-1,0,1,1
1766648269195,2025-12-25 15:37:49.195,476.143000,14.461490,23,8,2,-0.007928,0.001712,-0.037711,-0.347382,0.185867,0.919113,-39.158070,1.668078,52.262830,-0.951283,0.253483,-0.175489,-74.1793518,11,45.8022346,36.8145866,Building,Surface,3.586319,3.882172,0.000002,0.000000,-39.193290,1.671173,52.278240,353.763500,281.549800,5.052552,104.047200,98.172010,0.300000,1000.000000,0.900730,2468,2740,50.000000,off,,0,-1,0,1,1
1766648269207,2025-12-25 15:37:49.207,476.154100,14.472600,23,8,2,-0.005796,0.001758,-0.037744,-0.347427,0.185059,0.919251,-39.157580,1.668259,52.264770,-0.951367,0.251926,-0.177224,-74.3977356,11,45.7001152,37.0411224,Building,Surface,3.589584,3.872910,0.000009,0.000000,-39.193310,1.671109,52.278050,353.795800,281.445600,5.093935,104.047200,98.172010,0.300000,1000.000000,0.900730,2468,2740,50.000000,off,,0,-1,0,1,1
1766648269217,2025-12-25 15:37:49.217,476.165300,14.483730,23,8,2,-0.005796,0.001758,-0.037744,-0.347427,0.185059,0.919251,-39.157560,1.668181,52.264650,-0.951238,0.250847,-0.179431,-74.5447845,11,45.589592,37.2007446,Building,Surface,3.589584,3.872910,0.000009,0.000000,-39.193330,1.671005,52.277850,353.843900,281.317900,5.145611,104.047200,98.172010,0.300000,1000.000000,0.900730,2468,2740,50.000000,off,,0,-1,0,1,1
1766648269229,2025-12-25 15:37:49.229,476.176500,14.495000,23,8,2,-0.002625,0.001829,-0.037798,-0.344132,0.182663,0.920975,-39.156860,1.668471,52.267570,-0.952393,0.247597,-0.177847,-75.0510025,11,45.5648041,37.688118,Building,Surface,3.576736,3.862503,0.000000,0.000000,-39.193350,1.670908,52.277630,353.908100,281.189000,5.201542,104.047200,98.172010,0.300000,1000.000000,0.900730,2468,2740,50.000000,off,,0,-1,0,1,1
1766648269240,2025-12-25 15:37:49.240,476.187400,14.505890,23,8,2,-0.003270,0.001799,-0.037713,-0.342819,0.183258,0.921341,-39.157110,1.668292,52.266830,-0.952350,0.246784,-0.179178,-75.1685715,11,45.4915352,37.8128395,Building,Surface,3.571365,3.856537,0.000001,0.000000,-39.193420,1.670763,52.277400,353.981200,281.037800,5.267953,104.047200,98.172010,0.300000,1000.000000,0.900730,2468,2740,50.000000,off,,0,-1,0,1,1
1766648269251,2025-12-25 15:37:49.251,476.198500,14.516940,23,8,2,-0.003270,0.001799,-0.037713,-0.342819,0.183258,0.921341,-39.157110,1.668213,52.266660,-0.952233,0.245425,-0.181651,-75.3638382,11,45.3597527,38.0225525,Building,Surface,3.571365,3.856537,0.000001,0.000000,-39.193450,1.670642,52.277140,354.049200,280.892500,5.314560,104.047200,98.172010,0.300000,1000.000000,0.900730,2468,2740,50.000000,off,,0,-1,0,1,1
1766648269262,2025-12-25 15:37:49.262,476.209600,14.528080,23,8,2,-0.006746,0.001747,-0.037728,-0.332825,0.171936,0.927170,-39.157770,1.667779,52.263110,-0.956757,0.234289,-0.172343,-77.2674026,11,45.3983307,39.8316422,Building,Surface,3.427856,3.839279,0.000039,0.000000,-39.193470,1.670537,52.276880,354.124600,280.727600,5.356572,104.047200,98.172010,0.300000,1000.000000,0.900730,2468,2740,50.000000,off,,0,-1,0,1,1
1766648269273,2025-12-25 15:37:49.273,476.220700,14.539180,23,8,2,-0.002625,0.001829,-0.037798,-0.344132,0.182663,0.920975,-39.156930,1.668166,52.266930,-0.951793,0.241952,-0.188513,-75.8665771,11,44.9961853,38.5687103,Building,Surface,3.576736,3.862503,0.000038,0.000000,-39.193540,1.670426,52.276590,354.189600,280.562300,5.397336,104.047200,98.172010,0.300000,1000.000000,0.900730,2468,2740,50.000000,off,,0,-1,0,1,1
1766648269284,2025-12-25 15:37:49.284,476.231800,14.550290,23,8,2,-0.003270,0.001799,-0.037713,-0.342819,0.183258,0.921341,-39.157120,1.668030,52.266140,-0.951597,0.241370,-0.190217,-75.9482422,11,44.9118729,38.6620979,Building,Surface,3.571365,3.856537,0.000001,0.000000,-39.193560,1.670328,52.276290,354.259900,280.384600,5.433412,104.047200,98.172010,0.300000,1000.000000,0.900730,2468,2740,50.000000,off,,0,-1,0,1,1
1766648269295,2025-12-25 15:37:49.295,476.243000,14.561400,23,8,2,-0.003270,0.001799,-0.037713,-0.342819,0.183258,0.921341,-39.157150,1.667978,52.265910,-0.951370,0.239868,-0.193228,-76.1700287,11,44.7484131,38.9044037,Building,Surface,3.571365,3.856537,0.000001,0.000000,-39.193620,1.670230,52.275960,354.334700,280.207600,5.485622,104.047200,98.172010,0.300000,1000.000000,0.900730,2468,2740,50.000000,off,,0,-1,0,1,1
1766648269306,2025-12-25 15:37:49.306,476.254100,14.572570,23,8,2,-0.011820,0.001246,-0.036596,-0.336960,0.176697,0.924774,-39.159850,1.666628,52.257640,-0.953857,0.232904,-0.189432,-77.384613,11,44.6663513,40.0733414,Building,Surface,3.518127,3.728836,0.000038,0.000000,-39.193660,1.670101,52.275680,354.399900,280.016100,5.539546,104.047200,98.172010,0.300000,1000.000000,0.900730,2468,2740,50.000000,off,,0,-1,0,1,1
1766648269317,2025-12-25 15:37:49.317,476.265200,14.583650,23,8,2,-0.005470,0.000908,-0.036383,-0.310410,0.042603,0.949631,-39.158910,1.666814,52.263780,-0.983616,0.103637,-0.147403,-79.9046936,5.95992327,46.1576843,41.4238319,Building,Surface,3.495377,3.799088,0.000002,0.000000,-39.193680,1.669951,52.275410,354.470200,279.824900,5.586038,104.047200,98.172010,0.300000,1000.000000,0.900730,2468,2740,50.000000,off,,1,0,0,1,1
1766648269328,2025-12-25 15:37:49.328,476.276300,14.594760,23,8,2,-0.005470,0.000908,-0.036383,-0.310410,0.042603,0.949631,-39.158840,1.666699,52.263570,-0.983257,0.102524,-0.150538,-79.9046936,5.91526079,46.0253143,41.4389992,Building,Surface,3.495377,3.799088,0.000002,0.000000,-39.193650,1.669806,52.275090,354.523500,279.641600,5.629435,104.047200,98.172010,0.300000,1000.000000,0.900730,2468,2740,50.000000,off,,1,0,0,1,1
1766648269340,2025-12-25 15:37:49.340,476.287400,14.605900,23,8,2,-0.010953,0.000162,-0.035653,-0.267105,-0.158035,0.950607,-39.160560,1.665430,52.258220,-0.991682,-0.093334,-0.088487,-56.8558998,-3.26333334E-14,50.6792793,17.8435383,Building,Surface,3.468979,3.642136,0.000000,0.000000,-39.193700,1.669704,52.274810,354.597200,279.454500,5.670856,104.047200,98.172010,0.300000,1000.000000,0.900730,2468,2740,50.000000,off,,0,1,6.43918682E-16,1,1
1766648269351,2025-12-25 15:37:49.351,476.298600,14.617000,23,8,2,0.000003,-0.000306,-0.034550,-0.227173,-0.330811,0.915939,-39.159850,1.666079,52.269000,-0.963587,-0.264584,-0.038520,-45.2275276,-3.35007934E-14,52.0264359,6.29693937,Building,Surface,3.385117,3.545425,0.000000,0.000000,-39.193780,1.669612,52.274500,354.636600,279.267200,5.700329,104.047200,98.172010,0.300000,1000.000000,0.900730,2468,2740,50.000000,off,,0,1,6.43918682E-16,1,1
1766648269362,2025-12-25 15:37:49.362,476.309600,14.628080,23,8,2,-0.013757,-0.000881,-0.033595,-0.227432,-0.316391,0.920944,-39.163160,1.664129,52.255510,-0.967149,-0.250559,-0.042554,-45.5866356,-3.34663056E-14,51.9728775,6.64155769,Building,Surface,3.515976,3.584213,0.000000,0.000000,-39.193830,1.669487,52.274190,354.673800,279.084800,5.726197,104.047200,98.172010,0.300000,1000.000000,0.900730,2468,2740,50.000000,off,,0,1,6.43918682E-16,1,1
1766648269373,2025-12-25 15:37:49.373,476.320800,14.639220,23,8,2,-0.013757,-0.000881,-0.033595,-0.227432,-0.316391,0.920944,-39.163160,1.664072,52.255310,-0.966811,-0.251361,-0.045412,-45.5636864,-3.34545793E-14,51.95467,6.62014103,Building,Surface,3.515976,3.584213,0.000000,0.000000,-39.193890,1.669411,52.273900,354.717000,278.908400,5.751664,104.047200,98.172010,0.300000,1000.000000,0.900730,2468,2740,50.000000,off,,0,1,6.43918682E-16,1,1
1766648269383,2025-12-25 15:37:49.383,476.331800,14.650240,23,8,2,-0.010953,0.000162,-0.035653,-0.267105,-0.158035,0.950607,-39.160560,1.665149,52.257440,-0.990204,-0.096593,-0.100699,-56.2305069,-3.25317437E-14,50.5215073,17.2385921,Building,Surface,3.468979,3.642136,0.000000,0.000000,-39.193910,1.669339,52.273610,354.764300,278.731500,5.774237,104.047200,98.172010,0.300000,1000.000000,0.900730,2468,2740,50.000000,off,,0,1,6.43918682E-16,1,1
1766648269395,2025-12-25 15:37:49.395,476.342900,14.661380,23,8,2,0.000003,-0.000306,-0.034550,-0.227173,-0.330811,0.915939,-39.159970,1.665824,52.268250,-0.962274,-0.267479,-0.049721,-45.1528778,-3.34571068E-14,51.9585953,6.22783279,Building,Surface,3.385117,3.545425,0.000000,0.000000,-39.193970,1.669263,52.273340,354.793100,278.573200,5.794400,104.047200,98.172010,0.300000,1000.000000,0.900730,2468,2740,50.000000,off,,0,1,6.43918682E-16,1,1
1766648269406,2025-12-25 15:37:49.406,476.354100,14.672550,23,8,2,0.007143,-0.000426,-0.033933,-0.228607,-0.340622,0.911972,-39.159460,1.666438,52.275190,-0.959007,-0.278312,-0.053156,-44.9016685,-3.3456026E-14,51.9569092,5.98759365,Building,Surface,3.509964,3.566605,0.000000,0.000000,-39.193970,1.669200,52.273060,354.825200,278.413300,5.818361,104.047200,98.172010,0.300000,1000.000000,0.900730,2468,2740,50.000000,off,,0,1,6.43918682E-16,1,1
1766648269417,2025-12-25 15:37:49.417,476.365100,14.683590,23,8,2,0.007143,-0.000426,-0.033933,-0.228607,-0.340622,0.911972,-39.159530,1.666411,52.275040,-0.958687,-0.278879,-0.055896,-44.8880615,-3.3445804E-14,51.9410324,5.97532749,Building,Surface,3.509964,3.566605,0.000000,0.000000,-39.194030,1.669152,52.272820,354.857500,278.246800,5.829353,104.047200,98.172010,0.300000,1000.000000,0.900730,2468,2740,50.000000,off,,0,1,6.43918682E-16,1,1
1766648269428,2025-12-25 15:37:49.428,476.376200,14.694640,23,8,2,0.019960,-0.000115,-0.034216,-0.219788,-0.342606,0.913406,-39.157360,1.667983,52.287440,-0.958648,-0.280264,-0.049418,-44.8627319,-3.34794787E-14,51.9933357,5.95145988,Building,Surface,3.357330,3.506104,0.000000,0.000000,-39.194060,1.669126,52.272580,354.881900,278.086400,5.841670,104.047200,98.172010,0.300000,1000.000000,0.900730,2468,2740,50.000000,off,,0,1,6.43918682E-16,1,1
1766648269440,2025-12-25 15:37:49.440,476.387400,14.705870,23,8,2,0.016047,-0.000198,-0.034120,-0.219116,-0.331039,0.917816,-39.158130,1.667472,52.283450,-0.961789,-0.268810,-0.051848,-45.1242676,-3.34591939E-14,51.9618301,6.20311642,Building,Surface,3.346619,3.534805,0.000000,0.000000,-39.194130,1.669067,52.272340,354.907900,277.940300,5.853410,104.047200,98.172010,0.300000,1000.000000,0.900730,2468,2740,50.000000,off,,0,1,6.43918682E-16,1,1
1766648269451,2025-12-25 15:37:49.451,476.398500,14.716920,23,8,2,0.016047,-0.000198,-0.034120,-0.219116,-0.331039,0.917816,-39.158220,1.667449,52.283280,-0.961471,-0.269467,-0.054288,-45.1077576,-3.34498698E-14,51.9473495,6.18790865,Building,Surface,3.346619,3.534805,0.000000,0.000000,-39.194190,1.669020,52.272080,354.948000,277.796800,5.852311,104.047200,98.172010,0.300000,1000.000000,0.900730,2468,2740,50.000000,off,,0,1,6.43918682E-16,1,1
1766648269462,2025-12-25 15:37:49.462,476.409500,14.727970,23,8,2,0.014257,-0.000299,-0.033898,-0.193832,-0.318207,0.927979,-39.158830,1.667182,52.281450,-0.966721,-0.253756,-0.032093,-45.5102005,-3.352923E-14,52.0705948,6.56992674,Building,Surface,3.358765,3.528015,0.000000,0.000000,-39.194290,1.668999,52.271870,354.976500,277.643500,5.849931,104.047200,98.172010,0.300000,1000.000000,0.900730,2468,2740,50.000000,off,,0,1,6.43918682E-16,1,1
1766648269473,2025-12-25 15:37:49.473,476.420700,14.739110,23,8,2,0.016436,-0.000273,-0.033820,-0.177536,-0.310120,0.933960,-39.158700,1.667344,52.283470,-0.969623,-0.243828,-0.018787,-45.7891655,-3.35835756E-14,52.1549988,6.83810711,Building,Surface,3.285446,3.505890,0.000000,0.000000,-39.194360,1.668900,52.271640,354.993600,277.491800,5.841499,104.047200,98.172010,0.300000,1000.000000,0.900730,2468,2740,50.000000,off,,0,1,6.43918682E-16,1,1
1766648269483,2025-12-25 15:37:49.483,476.431700,14.750180,23,8,2,0.016436,-0.000273,-0.033820,-0.177536,-0.310120,0.933960,-39.158750,1.667299,52.283330,-0.969349,-0.244700,-0.021434,-45.7635498,-3.35721712E-14,52.1372833,6.81356096,Building,Surface,3.285446,3.505890,0.000000,0.000000,-39.194380,1.668824,52.271410,355.045700,277.337100,5.841450,104.047200,98.172010,0.300000,1000.000000,0.900730,2468,2740,50.000000,off,,0,1,6.43918682E-16,1,1
1766648269495,2025-12-25 15:37:49.495,476.442900,14.761320,23,8,2,0.016047,-0.000198,-0.034120,-0.219116,-0.331039,0.917816,-39.158680,1.667215,52.282760,-0.960221,-0.271648,-0.064562,-45.0519485,-3.34106962E-14,51.8865128,6.13736391,Building,Surface,3.346619,3.534805,0.000000,0.000000,-39.194530,1.668710,52.271180,355.083000,277.194500,5.837668,104.047200,98.172010,0.300000,1000.000000,0.900730,2468,2740,50.000000,off,,0,1,6.43918682E-16,1,1
1766648269507,2025-12-25 15:37:49.507,476.454100,14.772520,23,8,2,0.014257,-0.000299,-0.033898,-0.193832,-0.318207,0.927979,-39.159250,1.666883,52.280900,-0.965599,-0.256467,-0.042598,-45.4350586,-3.34863668E-14,52.0040283,6.4993124,Building,Surface,3.358765,3.528015,0.000000,0.000000,-39.194610,1.668607,52.270950,355.143200,277.034000,5.827209,104.047200,98.172010,0.300000,1000.000000,0.900730,2468,2740,50.000000,off,,0,1,6.43918682E-16,1,1
1766648269517,2025-12-25 15:37:49.517,476.465100,14.783600,23,8,2,0.015995,-0.000285,-0.033801,-0.174622,-0.311020,0.934204,-39.159230,1.666981,52.282500,-0.968446,-0.247745,-0.026438,-45.6755295,-3.35511309E-14,52.1046143,6.72849607,Building,Surface,3.289001,3.468628,0.000000,0.000000,-39.194690,1.668475,52.270720,355.194600,276.871200,5.832522,104.047200,98.172010,0.300000,1000.000000,0.900730,2468,2740,50.000000,off,,0,1,6.43918682E-16,1,1
1766648269529,2025-12-25 15:37:49.529,476.476100,14.794560,23,8,2,0.015995,-0.000285,-0.033801,-0.174622,-0.311020,0.934204,-39.159360,1.666899,52.282350,-0.968160,-0.248560,-0.029129,-45.6520576,-3.35397942E-14,52.0870018,6.70610428,Building,Surface,3.289001,3.468628,0.000000,0.000000,-39.194780,1.668365,52.270470,355.243900,276.714800,5.828726,104.047200,98.172010,0.300000,1000.000000,0.900730,2468,2740,50.000000,off,,0,1,6.43918682E-16,1,1
1766648269540,2025-12-25 15:37:49.540,476.487300,14.805790,23,8,2,0.011625,-0.000389,-0.033710,-0.172607,-0.304291,0.936798,-39.160160,1.666286,52.277930,-0.969749,-0.242156,-0.030392,-45.8330536,-3.3528078E-14,52.0688095,6.88096094,Building,Surface,3.289474,3.504242,0.000000,0.000000,-39.194920,1.668266,52.270240,355.285200,276.550700,5.826635,104.047200,98.172010,0.300000,1000.000000,0.900730,2468,2740,50.000000,off,,0,1,6.43918682E-16,1,1
1766648269551,2025-12-25 15:37:49.551,476.498700,14.817110,23,8,2,0.008918,-0.000444,-0.033680,-0.170609,-0.301987,0.937912,-39.160630,1.665898,52.275060,-0.970173,-0.240322,-0.031494,-45.885807,-3.35203091E-14,52.0567398,6.93188,Building,Surface,3.264191,3.508606,0.000000,0.000000,-39.195020,1.668179,52.269940,355.330000,276.379100,5.822795,104.047200,98.172010,0.300000,1000.000000,0.900730,2468,2740,50.000000,off,,0,1,6.43918682E-16,1,1
1766648269562,2025-12-25 15:37:49.562,476.509800,14.828250,23,8,2,0.008918,-0.000444,-0.033680,-0.170609,-0.301987,0.937912,-39.160730,1.665832,52.274880,-0.969921,-0.240870,-0.034893,-45.8686028,-3.35053843E-14,52.0335655,6.91583633,Building,Surface,3.264191,3.508606,0.000000,0.000000,-39.195110,1.668093,52.269630,355.361900,276.177300,5.828648,104.047200,98.172010,0.300000,1000.000000,0.900730,2468,2740,50.000000,off,,0,1,6.43918682E-16,1,1
1766648269573,2025-12-25 15:37:49.573,476.520800,14.839230,23,8,2,0.003143,-0.000551,-0.033657,-0.154556,-0.291962,0.943848,-39.161550,1.665092,52.268970,-0.973003,-0.229584,-0.023095,-46.2183952,-3.35491116E-14,52.1014709,7.25256491,Building,Surface,3.301849,3.510406,0.000000,0.000000,-39.195230,1.668016,52.269280,355.403700,275.958100,5.854364,104.047200,98.172010,0.300000,1000.000000,0.900730,2468,2740,50.000000,off,,0,1,6.43918682E-16,1,1
1766648269584,2025-12-25 15:37:49.584,476.531700,14.850190,23,8,2,-0.000894,-0.000702,-0.033382,-0.153549,-0.291489,0.944153,-39.162350,1.664491,52.264790,-0.972877,-0.229737,-0.026443,-46.2110443,-3.35309105E-14,52.073204,7.24508619,Building,Surface,3.318359,3.508759,0.000000,0.000000,-39.195310,1.667929,52.268900,355.444800,275.696400,5.880439,104.047200,98.172010,0.300000,1000.000000,0.900730,2468,2740,50.000000,off,,0,1,6.43918682E-16,1,1
1766648269595,2025-12-25 15:37:49.595,476.542900,14.861360,23,8,2,-0.017867,-0.000260,-0.034893,-0.288208,-0.249100,0.924591,-39.162640,1.662980,52.247590,-0.963988,-0.203990,-0.170580,-47.0213242,-3.27477574E-14,50.8569794,8.15219021,Building,Surface,3.167145,3.218704,0.000000,0.000000,-39.195430,1.667813,52.268530,355.495100,275.428300,5.913692,104.047200,98.172010,0.300000,1000.000000,0.900730,2468,2740,50.000000,off,,0,1,6.43918682E-16,1,1
1766648269607,2025-12-25 15:37:49.607,476.554000,14.872470,23,8,2,-0.017867,-0.000260,-0.034893,-0.288208,-0.249100,0.924591,-39.162680,1.662910,52.247350,-0.962877,-0.205225,-0.175310,-46.9647408,-3.27283502E-14,50.8268356,8.10279274,Building,Surface,3.167145,3.218704,0.000000,0.000000,-39.195580,1.667724,52.268120,355.555200,275.132700,5.967685,104.047200,98.172010,0.300000,1000.000000,0.900730,2468,2740,50.000000,off,,0,1,6.43918682E-16,1,1
1766648269618,2025-12-25 15:37:49.618,476.565000,14.883480,23,8,2,0.003143,-0.000551,-0.033657,-0.154556,-0.291962,0.943848,-39.161980,1.664825,52.268100,-0.971534,-0.233202,-0.041433,-46.0977478,-3.34659431E-14,51.9723129,7.13890409,Building,Surface,3.301849,3.510406,0.000000,0.000000,-39.195670,1.667626,52.267760,355.600600,274.837700,5.994798,104.047200,98.172010,0.300000,1000.000000,0.900730,2468,2740,50.000000,off,,0,1,6.43918682E-16,1,1
1766648269629,2025-12-25 15:37:49.629,476.576100,14.894590,23,8,2,-0.000894,-0.000702,-0.033382,-0.153549,-0.291489,0.944153,-39.162780,1.664206,52.263920,-0.971324,-0.233347,-0.045246,-46.0901604,-3.34459294E-14,51.9412308,7.13178158,Building,Surface,3.318359,3.508759,0.000000,0.000000,-39.195830,1.667532,52.267360,355.641800,274.549400,6.017253,104.047200,98.172010,0.300000,1000.000000,0.900730,2468,2740,50.000000,off,,0,1,6.43918682E-16,1,1
1766648269640,2025-12-25 15:37:49.640,476.587300,14.905790,23,8,2,-0.000894,-0.000702,-0.033382,-0.153549,-0.291489,0.944153,-39.162910,1.664155,52.263660,-0.970890,-0.234178,-0.050005,-46.0624123,-3.34247265E-14,51.9083061,7.10625124,Building,Surface,3.318359,3.508759,0.000000,0.000000,-39.195980,1.667453,52.266940,355.690200,274.267000,6.025215,104.047200,98.172010,0.300000,1000.000000,0.900730,2468,2740,50.000000,off,,0,1,6.43918682E-16,1,1
1766648269650,2025-12-25 15:37:49.650,476.598300,14.916750,23,8,2,-0.012985,0.000083,-0.035581,-0.364105,-0.230148,0.902466,-39.161740,1.663450,52.251190,-0.941002,-0.199339,-0.273433,-47.0142403,-3.21762541E-14,49.9694366,8.34477329,Building,Surface,3.170868,3.283463,0.000000,0.000000,-39.196140,1.667370,52.266530,355.740400,273.970000,6.027174,104.047200,98.172010,0.300000,1000.000000,0.900730,2468,2740,50.000000,off,,0,1,6.43918682E-16,1,1
1766648269662,2025-12-25 15:37:49.662,476.609500,14.927920,23,8,2,0.016413,0.000785,-0.036268,-0.433640,-0.239838,0.868576,-39.158890,1.667085,52.279950,-0.911382,-0.219281,-0.348265,-46.087677,-3.19591359E-14,49.6322556,7.60246706,Building,Surface,3.242996,3.454025,0.000000,0.000000,-39.196210,1.667260,52.266080,355.784100,273.687500,6.007084,104.047200,98.172010,0.300000,1000.000000,0.900730,2468,2740,50.000000,off,,0,1,6.43918682E-16,1,1
1766648269673,2025-12-25 15:37:49.673,476.620500,14.938960,23,8,2,0.025693,0.001027,-0.036653,-0.417191,-0.232330,0.878601,-39.158090,1.668141,52.288870,-0.917787,-0.210041,-0.336920,-46.4471283,-3.1946776E-14,49.61306,7.94184017,Building,Surface,3.192886,3.354889,0.000000,0.000000,-39.196360,1.667114,52.265650,355.841000,273.399400,5.973363,104.047200,98.172010,0.300000,1000.000000,0.900730,2468,2740,50.000000,off,,0,1,6.43918682E-16,1,1
1766648269683,2025-12-25 15:37:49.683,476.631700,14.950100,23,8,2,0.025693,0.001027,-0.036653,-0.417191,-0.232330,0.878601,-39.158290,1.668097,52.288670,-0.915800,-0.210980,-0.341707,-46.3989868,-3.19299844E-14,49.5869904,7.90628815,Building,Surface,3.192886,3.354889,0.000000,0.000000,-39.196440,1.667034,52.265250,355.908800,273.106500,5.955481,104.047200,98.172010,0.300000,1000.000000,0.900730,2468,2740,50.000000,off,,0,1,6.43918682E-16,1,1
1766648269695,2025-12-25 15:37:49.695,476.642900,14.961300,23,8,2,0.029948,0.001096,-0.036665,-0.404053,-0.256058,0.878159,-39.158300,1.668494,52.292640,-0.914182,-0.234006,-0.330907,-45.6765366,-3.2152937E-14,49.9332275,7.13008738,Building,Surface,3.171234,3.335648,0.000000,0.000000,-39.196580,1.666897,52.264810,355.973500,272.818600,5.925240,104.047200,98.172010,0.300000,1000.000000,0.900730,2468,2740,50.000000,off,,0,1,6.43918682E-16,1,1
1766648269707,2025-12-25 15:37:49.707,476.654100,14.972500,23,8,2,0.020663,0.000855,-0.036251,-0.363297,-0.251038,0.897202,-39.159550,1.667192,52.283290,-0.928722,-0.224345,-0.295160,-46.0612335,-3.22537881E-14,50.0898438,7.43128204,Building,Surface,3.176880,3.246521,0.000000,0.000000,-39.196780,1.666731,52.264430,356.036500,272.511400,5.899068,104.047200,98.172010,0.300000,1000.000000,0.900730,2468,2740,50.000000,off,,0,1,6.43918682E-16,1,1
1766648269717,2025-12-25 15:37:49.717,476.665100,14.983550,23,8,2,0.025693,0.001027,-0.036653,-0.417191,-0.232330,0.878601,-39.159160,1.667741,52.287980,-0.909499,-0.213535,-0.356624,-46.2624855,-3.18757065E-14,49.5026894,7.81002045,Building,Surface,3.192886,3.354889,0.000000,0.000000,-39.196930,1.666583,52.263960,356.100800,272.191800,5.889882,104.047200,98.172010,0.300000,1000.000000,0.900730,2468,2740,50.000000,off,,0,1,6.43918682E-16,1,1
1766648269729,2025-12-25 15:37:49.729,476.676100,14.994540,23,8,2,0.025693,0.001027,-0.036653,-0.417191,-0.232330,0.878601,-39.159440,1.667628,52.287770,-0.907096,-0.214521,-0.362110,-46.2109528,-3.18564755E-14,49.4728241,7.77359629,Building,Surface,3.192886,3.354889,0.000000,0.000000,-39.197050,1.666431,52.263510,356.166400,271.848100,5.884227,104.047200,98.172010,0.300000,1000.000000,0.900730,2468,2740,50.000000,off,,0,1,6.43918682E-16,1,1
1766648269740,2025-12-25 15:37:49.740,476.687200,15.005680,23,8,2,0.029948,0.001096,-0.036665,-0.404053,-0.256058,0.878159,-39.159530,1.668025,52.291720,-0.905141,-0.237938,-0.352268,-45.5048752,-3.20814474E-14,49.8222084,7.0102911,Building,Surface,3.171234,3.335648,0.000010,0.000000,-39.197150,1.666277,52.263010,356.242700,271.489800,5.882632,104.047200,98.172010,0.300000,1000.000000,0.900730,2468,2740,50.000000,off,,0,1,6.43918682E-16,1,1
1766648269751,2025-12-25 15:37:49.751,476.698700,15.017120,23,8,2,0.018150,0.000791,-0.036187,-0.350571,-0.236603,0.906143,-39.160690,1.666446,52.279810,-0.927851,-0.212395,-0.306526,-46.4405937,-3.21153253E-14,49.8748169,7.84588718,Building,Surface,3.110855,3.281982,0.000038,0.000000,-39.197310,1.666134,52.262540,356.306900,271.110100,5.889290,104.047200,98.172010,0.300000,1000.000000,0.900730,2468,2740,50.000000,off,,0,1,6.43918682E-16,1,1
1766648269762,2025-12-25 15:37:49.762,476.709400,15.027860,23,8,2,0.018150,0.000791,-0.036187,-0.350571,-0.236603,0.906143,-39.160900,1.666332,52.279560,-0.925553,-0.213384,-0.312724,-46.3886185,-3.20912798E-14,49.8374748,7.80898952,Building,Surface,3.110855,3.281982,0.000038,0.000000,-39.197410,1.665982,52.262050,356.375100,270.732700,5.870099,104.047200,98.172010,0.300000,1000.000000,0.900730,2468,2740,50.000000,off,,0,1,6.43918682E-16,1,1
1766648269774,2025-12-25 15:37:49.774,476.720900,15.039340,23,8,2,0.022522,0.000868,-0.036182,-0.344940,-0.246796,0.905579,-39.161110,1.666737,52.283630,-0.923263,-0.223589,-0.312345,-46.0435371,-3.21671265E-14,49.955265,7.45434141,Building,Surface,3.154633,3.279495,0.000038,0.000000,-39.197560,1.665847,52.261540,356.429600,270.358300,5.824756,104.047200,98.172010,0.300000,1000.000000,0.900730,2468,2740,50.000000,off,,0,1,6.43918682E-16,1,1
1766648269784,2025-12-25 15:37:49.784,476.731600,15.050050,23,8,2,0.027082,0.000974,-0.036276,-0.345581,-0.245102,0.905808,-39.161250,1.667165,52.287890,-0.921026,-0.222637,-0.319581,-46.0581398,-3.21281833E-14,49.8947868,7.48822117,Building,Surface,3.140488,3.235260,0.000150,0.000000,-39.197680,1.665699,52.261020,356.488800,269.973900,5.775775,104.047200,98.172010,0.300000,1000.000000,0.900730,2468,2740,50.000000,off,,0,1,6.43918682E-16,1,1
1766648269795,2025-12-25 15:37:49.795,476.742800,15.061220,23,8,2,0.017943,0.000589,-0.035393,-0.297638,-0.216888,0.929703,-39.162400,1.665793,52.278530,-0.940790,-0.188998,-0.281372,-47.4543457,-3.20662279E-14,49.7985687,8.81370926,Building,Surface,3.177460,3.127487,0.000038,0.000000,-39.197750,1.665556,52.260480,356.546100,269.585300,5.716239,104.047200,98.172010,0.300000,1000.000000,0.900730,2468,2740,50.000000,off,,0,1,6.43918682E-16,1,1
1766648269806,2025-12-25 15:37:49.806,476.753800,15.072300,23,8,2,0.017943,0.000589,-0.035393,-0.297638,-0.216888,0.929703,-39.162600,1.665684,52.278310,-0.938567,-0.189997,-0.288044,-47.3909264,-3.2036924E-14,49.7530594,8.76679134,Building,Surface,3.177460,3.127487,0.000038,0.000000,-39.197820,1.665418,52.260010,356.626800,269.196300,5.647270,104.047200,98.172010,0.300000,1000.000000,0.900730,2468,2740,50.000000,off,,0,1,6.43918682E-16,1,1
1766648269817,2025-12-25 15:37:49.817,476.765000,15.083400,23,8,2,0.008147,0.000377,-0.035117,-0.282181,-0.217178,0.934448,-39.162960,1.664363,52.268310,-0.941294,-0.189615,-0.279281,-47.4252586,-3.20780322E-14,49.8168983,8.77753162,Building,Surface,3.161362,3.192245,0.000153,0.000000,-39.197910,1.665211,52.259510,356.710100,268.810100,5.592358,104.047200,98.172010,0.300000,1000.000000,0.900730,2468,2740,50.000000,off,,0,1,6.43918682E-16,1,1
1766648269828,2025-12-25 15:37:49.828,476.776300,15.094730,23,8,2,0.027082,0.000974,-0.036276,-0.345581,-0.245102,0.905808,-39.162320,1.666637,52.286960,-0.910780,-0.226289,-0.345343,-45.870285,-3.20307542E-14,49.7434769,7.3650403,Building,Surface,3.140488,3.235260,0.000009,0.000000,-39.197990,1.665080,52.259110,356.791100,268.427000,5.559291,104.047200,98.172010,0.300000,1000.000000,0.900730,2468,2740,50.000000,off,,0,1,6.43918682E-16,1,1
1766648269840,2025-12-25 15:37:49.840,476.787700,15.106110,23,8,2,0.017943,0.000589,-0.035393,-0.297638,-0.216888,0.929703,-39.163260,1.665288,52.277660,-0.931818,-0.193601,-0.306937,-47.1784363,-3.19625138E-14,49.6374969,8.60154819,Building,Surface,3.177460,3.127487,0.000009,0.000000,-39.198100,1.664902,52.258670,356.880600,268.068500,5.528873,104.047200,98.172010,0.300000,1000.000000,0.900730,2468,2740,50.000000,off,,0,1,6.43918682E-16,1,1
1766648269851,2025-12-25 15:37:49.851,476.798700,15.117160,23,8,2,0.017943,0.000589,-0.035393,-0.297638,-0.216888,0.929703,-39.163500,1.665134,52.277500,-0.929622,-0.194709,-0.312838,-47.1135406,-3.19397422E-14,49.6021347,8.55180836,Building,Surface,3.177460,3.127487,0.000009,0.000000,-39.198220,1.664708,52.258300,356.950600,267.707000,5.520073,104.047200,98.172010,0.300000,1000.000000,0.900730,2468,2740,50.000000,off,,0,1,6.43918682E-16,1,1
1766648269862,2025-12-25 15:37:49.862,476.809600,15.128020,23,8,2,-0.000728,0.000386,-0.035529,-0.271271,-0.195328,0.942459,-39.162850,1.663015,52.258740,-0.940190,-0.171105,-0.294511,-48.3008041,-3.18072053E-14,49.3963089,9.71912479,Building,Surface,3.137131,3.209595,0.000153,0.000000,-39.198340,1.664546,52.257890,357.023400,267.389100,5.480281,104.047200,98.172010,0.300000,1000.000000,0.900730,2468,2740,50.000000,off,,0,1,6.43918682E-16,1,1
1766648269873,2025-12-25 15:37:49.873,476.820500,15.138950,23,8,2,-0.006652,-0.000023,-0.034422,-0.267334,-0.201798,0.942230,-39.163820,1.661979,52.252690,-0.938662,-0.178145,-0.295238,-47.9209366,-3.18728842E-14,49.4983063,9.32930183,Building,Surface,3.174530,3.145248,0.000002,0.000000,-39.198460,1.664384,52.257550,357.086300,267.072200,5.463186,104.047200,98.172010,0.300000,1000.000000,0.900730,2468,2740,50.000000,off,,0,1,6.43918682E-16,1,1
1766648269884,2025-12-25 15:37:49.884,476.832200,15.150670,23,8,2,-0.006652,-0.000023,-0.034422,-0.267334,-0.201798,0.942230,-39.163970,1.661884,52.252570,-0.936948,-0.179294,-0.299948,-47.8485756,-3.18561638E-14,49.4723358,9.26898193,Building,Surface,3.174530,3.145248,0.000002,0.000000,-39.198640,1.664247,52.257250,357.155600,266.783800,5.462599,104.047200,98.172010,0.300000,1000.000000,0.900730,2468,2740,50.000000,off,,0,1,6.43918682E-16,1,1
1766648269895,2025-12-25 15:37:49.895,476.842700,15.161100,23,8,2,-0.023588,0.000319,-0.035472,-0.291351,-0.128891,0.947876,-39.162060,1.660434,52.235630,-0.935685,-0.110165,-0.335150,-53.2649345,-3.03827635E-14,47.184166,15.0720072,Building,Surface,3.128387,3.109467,0.000010,0.000000,-39.198760,1.664075,52.256950,357.234300,266.519900,5.471477,104.047200,98.172010,0.300000,1000.000000,0.900730,2468,2740,50.000000,off,,0,1,6.43918682E-16,1,1
1766648269907,2025-12-25 15:37:49.907,476.854100,15.172550,23,8,2,0.027774,0.002146,-0.038151,-0.420242,-0.034103,0.906754,-39.162420,1.666848,52.286580,-0.880149,-0.031422,-0.473624,-79.9046936,0.212317139,30.3624268,46.2894897,Building,Surface,3.043640,3.302826,0.000000,0.000000,-39.198880,1.663857,52.256690,357.309300,266.251300,5.478708,104.047200,98.172010,0.300000,1000.000000,0.900730,2468,2740,50.000000,off,,1,0,0,1,1
1766648269917,2025-12-25 15:37:49.917,476.864900,15.183350,23,8,2,0.027774,0.002146,-0.038151,-0.420242,-0.034103,0.906754,-39.162690,1.666717,52.286510,-0.878185,-0.032974,-0.477150,-79.9046936,0.136940479,30.1498947,46.3926811,Building,Surface,3.043640,3.302826,0.000000,0.000000,-39.199020,1.663658,52.256480,357.403200,266.020600,5.487303,104.047200,98.172010,0.300000,1000.000000,0.900730,2468,2740,50.000000,off,,1,0,0,1,1
1766648269928,2025-12-25 15:37:49.928,476.876100,15.194580,23,8,2,-0.006652,-0.000023,-0.034422,-0.267334,-0.201798,0.942230,-39.164380,1.661339,52.252260,-0.930648,-0.185067,-0.315645,-47.5187759,-3.18216455E-14,49.4187279,8.97690296,Building,Surface,3.174530,3.145248,0.000152,0.000000,-39.199130,1.663506,52.256340,357.491300,265.805500,5.508235,104.047200,98.172010,0.300000,1000.000000,0.900730,2468,2740,50.000000,off,,0,1,6.43918682E-16,1,1
1766648269940,2025-12-25 15:37:49.940,476.887500,15.205930,23,8,2,-0.023588,0.000319,-0.035472,-0.291351,-0.128891,0.947876,-39.162240,1.659901,52.235380,-0.929607,-0.116234,-0.349698,-52.437664,-3.04196535E-14,47.2414513,14.2804575,Building,Surface,3.128387,3.109467,0.000009,0.000000,-39.199300,1.663352,52.256110,357.581600,265.613500,5.530344,104.047200,98.172010,0.300000,1000.000000,0.900730,2468,2740,50.000000,off,,0,1,6.43918682E-16,1,1
1766648269950,2025-12-25 15:37:49.950,476.898200,15.216640,23,8,2,0.029512,0.002180,-0.038156,-0.402969,-0.062073,0.913101,-39.163520,1.666630,52.288080,-0.882250,-0.063087,-0.466525,-62.4707794,-2.57332082E-14,39.9634438,26.4178371,Building,Surface,2.979996,3.189377,0.000002,0.000000,-39.199420,1.663181,52.255970,357.641200,265.450700,5.549715,104.047200,98.172010,0.300000,1000.000000,0.900730,2468,2740,50.000000,off,,0,1,6.43918682E-16,1,1
1766648269962,2025-12-25 15:37:49.962,476.909400,15.227840,23,8,2,0.029512,0.002180,-0.038156,-0.402969,-0.062073,0.913101,-39.163830,1.666646,52.288060,-0.880607,-0.064243,-0.469462,-62.0092812,-2.58268579E-14,40.1088791,25.9427147,Building,Surface,2.979996,3.189377,0.000002,0.000000,-39.199620,1.663141,52.255830,357.700200,265.255900,5.580516,104.047200,98.172010,0.300000,1000.000000,0.900730,2468,2740,50.000000,off,,0,1,6.43918682E-16,1,1
1766648269973,2025-12-25 15:37:49.973,476.920500,15.238920,23,8,2,0.026834,0.002073,-0.037939,-0.385574,-0.041840,0.921722,-39.164070,1.666242,52.285350,-0.888269,-0.042722,-0.457322,-73.8083038,-2.21822869E-14,34.4488945,39.0017738,Building,Surface,3.008789,3.142075,0.000002,0.000000,-39.199760,1.663065,52.255680,357.729700,265.091700,5.604856,104.047200,98.172010,0.300000,1000.000000,0.900730,2468,2740,50.000000,off,,0,1,6.43918682E-16,1,1
1766648269984,2025-12-25 15:37:49.984,476.931500,15.249970,23,8,2,0.026576,0.002013,-0.037744,-0.374207,-0.046051,0.926193,-39.164500,1.666172,52.285050,-0.892480,-0.046362,-0.448682,-71.2387161,-2.32842107E-14,36.1601715,35.9380531,Building,Surface,3.026215,3.100464,0.000002,0.000000,-39.199920,1.663036,52.255550,357.764900,264.919300,5.631179,104.047200,98.172010,0.300000,1000.000000,0.900730,2468,2740,50.000000,off,,0,1,6.43918682E-16,1,1
1766648269995,2025-12-25 15:37:49.995,476.942600,15.261050,23,8,2,0.026576,0.002013,-0.037744,-0.374207,-0.046051,0.926193,-39.164800,1.666095,52.285020,-0.891156,-0.046516,-0.451290,-71.0839386,-2.32588945E-14,36.1208572,35.8174095,Building,Surface,3.026215,3.100464,0.000002,0.000000,-39.200130,1.662952,52.255410,357.771600,264.751100,5.637935,104.047200,98.172010,0.300000,1000.000000,0.900730,2468,2740,50.000000,off,,0,1,6.43918682E-16,1,1
1766648270007,2025-12-25 15:37:50.007,476.953800,15.272280,23,8,2,0.028877,0.002100,-0.037919,-0.365234,-0.074005,0.927963,-39.165050,1.666336,52.287250,-0.893747,-0.073770,-0.442452,-59.353241,-2.72332714E-14,42.2930298,22.5881386,Building,Surface,3.016342,3.077072,0.000002,0.000000,-39.200270,1.662873,52.255260,357.799800,264.589800,5.629576,104.047200,98.172010,0.300000,1000.000000,0.900730,2468,2740,50.000000,off,,0,1,6.43918682E-16,1,1
1766648270017,2025-12-25 15:37:50.017,476.965100,15.283510,23,8,2,0.026825,0.001979,-0.037605,-0.347855,-0.052826,0.936050,-39.165490,1.665964,52.285180,-0.901178,-0.050897,-0.430432,-68.6629181,-2.45952821E-14,38.1962547,32.7318077,Building,Surface,3.000427,3.104233,0.000002,0.000000,-39.200490,1.662805,52.255140,357.817800,264.435400,5.613937,104.047200,98.172010,0.300000,1000.000000,0.900730,2468,2740,50.000000,off,,0,1,6.43918682E-16,1,1
1766648270029,2025-12-25 15:37:50.029,476.975900,15.294340,23,8,2,-0.019325,0.000811,-0.035579,-0.335373,0.016617,0.941925,-39.163340,1.660418,52.239390,-0.903775,0.019429,-0.427536,-79.9046936,2.53625965,32.9664574,45.078495,Building,Surface,3.008881,3.091843,0.000010,0.000000,-39.200600,1.662827,52.255070,357.842300,264.284200,5.575518,104.047200,98.172010,0.300000,1000.000000,0.900730,2468,2740,50.000000,off,,1,0,0,1,1
1766648270040,2025-12-25 15:37:50.040,476.987200,15.305600,23,8,2,-0.019325,0.000811,-0.035579,-0.335373,0.016617,0.941925,-39.163370,1.660392,52.239350,-0.902691,0.019266,-0.429827,-79.9046936,2.52992845,32.8398857,45.1325989,Building,Surface,3.008881,3.091843,0.000010,0.000000,-39.200670,1.662777,52.254940,357.863500,264.139500,5.543827,104.047200,98.172010,0.300000,1000.000000,0.900730,2468,2740,50.000000,off,,1,0,0,1,1
1766648270050,2025-12-25 15:37:50.050,476.998100,15.316590,23,8,2,0.028877,0.002100,-0.037919,-0.365234,-0.074005,0.927963,-39.165900,1.666177,52.287190,-0.888997,-0.074503,-0.451800,-59.0473366,-2.71625374E-14,42.1831818,22.3637772,Building,Surface,3.016342,3.077072,0.000611,0.000000,-39.200780,1.662714,52.254820,357.891200,264.002700,5.508430,104.047200,98.172010,0.300000,1000.000000,0.900730,2468,2740,50.000000,off,,0,1,6.43918682E-16,1,1
1766648270062,2025-12-25 15:37:50.062,477.009400,15.327850,23,8,2,0.026825,0.001979,-0.037605,-0.347855,-0.052826,0.936050,-39.166180,1.665856,52.285120,-0.896705,-0.051810,-0.439568,-67.9980927,-2.45665338E-14,38.1516113,32.152916,Building,Surface,3.000427,3.104233,0.000619,0.000000,-39.200870,1.662686,52.254720,357.915000,263.863300,5.499914,104.047200,98.172010,0.300000,1000.000000,0.900730,2468,2740,50.000000,off,,0,1,6.43918682E-16,1,1
1766648270073,2025-12-25 15:37:50.073,477.020800,15.339290,23,8,2,-0.018256,0.000849,-0.035649,-0.332016,0.027313,0.942871,-39.163630,1.660454,52.240370,-0.900426,0.029249,-0.434010,-79.9046936,2.98386693,32.6029663,45.2461357,Building,Surface,2.933716,3.138458,0.000619,0.000000,-39.201000,1.662633,52.254630,357.944500,263.731900,5.489092,104.047200,98.172010,0.300000,1000.000000,0.900730,2468,2740,50.000000,off,,1,0,0,1,1
1766648270084,2025-12-25 15:37:50.084,477.031500,15.349950,23,8,2,-0.018256,0.000849,-0.035649,-0.332016,0.027313,0.942871,-39.163750,1.660431,52.240360,-0.899534,0.028773,-0.435886,-79.9046936,2.96359348,32.4985771,45.290844,Building,Surface,2.933716,3.138458,0.000619,0.000000,-39.201160,1.662593,52.254540,357.972400,263.612500,5.492177,104.047200,98.172010,0.300000,1000.000000,0.900730,2468,2740,50.000000,off,,1,0,0,1,1
1766648270095,2025-12-25 15:37:50.095,477.042700,15.361150,23,8,2,-0.009476,0.001096,-0.036092,-0.322159,0.025330,0.946335,-39.164380,1.661471,52.249090,-0.903368,0.027216,-0.427976,-79.9046936,2.88886523,32.9481239,45.0977516,Building,Surface,2.960678,3.161026,0.002460,0.000000,-39.201310,1.662538,52.254490,358.012300,263.508700,5.490388,104.047200,98.172010,0.300000,1000.000000,0.900730,2468,2740,50.000000,off,,1,0,0,1,1
1766648270106,2025-12-25 15:37:50.106,477.053700,15.372190,23,8,2,-0.001238,0.001273,-0.036333,-0.312683,0.017227,0.949692,-39.165210,1.662395,52.257260,-0.907442,0.019442,-0.419706,-79.9046936,2.53524089,33.4146156,44.894455,Building,Surface,2.940460,3.133331,0.000002,0.000000,-39.201480,1.662481,52.254430,358.054400,263.416300,5.497380,104.047200,98.172010,0.300000,1000.000000,0.900730,2468,2740,50.000000,off,,1,0,0,1,1
1766648270118,2025-12-25 15:37:50.118,477.064800,15.383210,23,8,2,-0.001238,0.001273,-0.036333,-0.312683,0.017227,0.949692,-39.165340,1.662369,52.257280,-0.906873,0.018970,-0.420955,-79.9046936,2.51455593,33.3467598,44.9224701,Building,Surface,2.940460,3.133331,0.000002,0.000000,-39.201610,1.662439,52.254410,358.078500,263.337300,5.511030,104.047200,98.172010,0.300000,1000.000000,0.900730,2468,2740,50.000000,off,,1,0,0,1,1
1766648270128,2025-12-25 15:37:50.128,477.075800,15.394290,23,8,2,0.010515,0.001529,-0.036677,-0.300415,0.008652,0.953766,-39.166440,1.663681,52.268950,-0.912311,0.011115,-0.409340,-79.9046936,2.16000891,33.9903145,44.6537743,Building,Surface,2.943298,3.130859,0.000038,0.000000,-39.201720,1.662356,52.254410,358.113200,263.284900,5.522549,104.047200,98.172010,0.300000,1000.000000,0.900730,2468,2740,50.000000,off,,1,0,0,1,1
1766648270140,2025-12-25 15:37:50.140,477.087000,15.405460,23,8,2,0.006600,0.001334,-0.036223,-0.279907,0.006104,0.960007,-39.166610,1.663067,52.265050,-0.920582,0.010039,-0.390417,-79.9047012,2.10731816,34.9881096,44.2524681,Building,Surface,3.049500,3.157730,0.000010,0.000000,-39.201860,1.662272,52.254380,358.148700,263.230800,5.548094,104.047200,98.172010,0.300000,1000.000000,0.900730,2468,2740,50.000000,off,,1,0,0,1,1
1766648270150,2025-12-25 15:37:50.150,477.098100,15.416560,23,8,2,0.006600,0.001334,-0.036223,-0.279907,0.006104,0.960007,-39.166750,1.663002,52.265090,-0.920243,0.009426,-0.391233,-79.9046936,2.0802784,34.9457169,44.2686577,Building,Surface,3.049500,3.157730,0.000010,0.000000,-39.202000,1.662188,52.254390,358.170600,263.179000,5.598499,104.047200,98.172010,0.300000,1000.000000,0.900730,2468,2740,50.000000,off,,1,0,0,1,1
1766648270162,2025-12-25 15:37:50.162,477.109300,15.427700,23,8,2,0.005078,0.001301,-0.036179,-0.279663,0.011993,0.960007,-39.166680,1.662813,52.263600,-0.919663,0.014429,-0.392402,-79.9047012,2.30196977,34.8814926,44.2959557,Building,Surface,3.016357,3.208939,0.000010,0.000000,-39.202050,1.662149,52.254380,358.210400,263.124600,5.641741,104.047200,98.172010,0.300000,1000.000000,0.900730,2468,2740,50.000000,off,,1,0,0,1,1
1766648270173,2025-12-25 15:37:50.173,477.120600,15.439060,23,8,2,0.010515,0.001529,-0.036677,-0.300415,0.008652,0.953766,-39.166940,1.663515,52.269050,-0.910855,0.008292,-0.412635,-79.9046936,2.03437281,33.8140564,44.7245941,Building,Surface,2.943298,3.130859,0.000038,0.000000,-39.202170,1.662085,52.254380,358.229900,263.074300,5.690656,104.047200,98.172010,0.300000,1000.000000,0.900730,2468,2740,50.000000,off,,1,0,0,1,1
1766648270183,2025-12-25 15:37:50.183,477.131600,15.450010,23,8,2,0.006600,0.001334,-0.036223,-0.279907,0.006104,0.960007,-39.167040,1.662903,52.265200,-0.919234,0.007523,-0.393636,-79.9046936,1.99629915,34.8204498,44.3168831,Building,Surface,3.049500,3.157730,0.000010,0.000000,-39.202260,1.662026,52.254410,358.248000,263.026600,5.722676,104.047200,98.172010,0.300000,1000.000000,0.900730,2468,2740,50.000000,off,,1,0,0,1,1
1766648270195,2025-12-25 15:37:50.195,477.142900,15.461330,23,8,2,0.006600,0.001334,-0.036223,-0.279907,0.006104,0.960007,-39.167190,1.662883,52.265260,-0.918780,0.007050,-0.394705,-79.9046936,1.97547078,34.7645569,44.3386574,Building,Surface,3.049500,3.157730,0.000010,0.000000,-39.202390,1.661990,52.254430,358.264400,262.959000,5.763621,104.047200,98.172010,0.300000,1000.000000,0.900730,2468,2740,50.000000,off,,1,0,0,1,1
1766648270206,2025-12-25 15:37:50.206,477.153700,15.472170,23,8,2,0.006477,0.001305,-0.036123,-0.280655,-0.000610,0.959793,-39.167420,1.662808,52.265090,-0.918365,0.000037,-0.395696,-79.9046936,1.66444921,34.712616,44.3578072,Building,Surface,3.056702,3.197937,0.000010,0.000000,-39.202530,1.661946,52.254360,358.275200,262.901000,5.778592,104.047200,98.172010,0.300000,1000.000000,0.900730,2468,2740,50.000000,off,,1,0,0,1,1
1766648270217,2025-12-25 15:37:50.217,477.164700,15.483120,23,8,2,0.004463,0.001221,-0.035941,-0.275116,0.009552,0.961350,-39.167540,1.662542,52.263130,-0.919567,0.010664,-0.392755,-79.9047012,2.13496113,34.8639374,44.2997818,Building,Surface,3.052414,3.167923,0.000611,0.000000,-39.202690,1.661955,52.254340,358.284300,262.816600,5.763997,104.047200,98.172010,0.300000,1000.000000,0.900730,2468,2740,50.000000,off,,1,0,0,1,1
1766648270228,2025-12-25 15:37:50.228,477.175800,15.494230,23,8,2,0.004463,0.001221,-0.035941,-0.275116,0.009552,0.961350,-39.167660,1.662534,52.263120,-0.919072,0.010814,-0.393907,-79.904686,2.14185452,34.8035431,44.3234901,Building,Surface,3.052414,3.167923,0.000611,0.000000,-39.202800,1.661952,52.254290,358.276900,262.744900,5.758946,104.047200,98.172010,0.300000,1000.000000,0.900730,2468,2740,50.000000,off,,1,0,0,1,1
1766648270240,2025-12-25 15:37:50.240,477.187000,15.505430,23,8,2,0.004113,0.001185,-0.035844,-0.275635,0.012741,0.961166,-39.167790,1.662467,52.262760,-0.918086,0.013976,-0.396107,-79.9046936,2.28260374,34.6868744,44.371067,Building,Surface,3.053726,3.195374,0.000152,0.000000,-39.202870,1.661956,52.254230,358.275000,262.657300,5.755242,104.047200,98.172010,0.300000,1000.000000,0.900730,2468,2740,50.000000,off,,1,0,0,1,1
1766648270250,2025-12-25 15:37:50.250,477.198000,15.516480,23,8,2,0.004197,0.001176,-0.035812,-0.275925,0.006790,0.961151,-39.167940,1.662457,52.262830,-0.917704,0.008240,-0.397170,-79.9047012,2.02822948,34.6325073,44.3896942,Building,Surface,3.065521,3.189682,0.000000,0.000000,-39.202960,1.661952,52.254170,358.262800,262.573200,5.753818,104.047200,98.172010,0.300000,1000.000000,0.900730,2468,2740,50.000000,off,,1,0,0,1,1
1766648270261,2025-12-25 15:37:50.261,477.209400,15.527830,23,8,2,0.001169,0.001894,-0.036533,-0.257553,0.180649,0.949219,-39.166840,1.662863,52.259860,-0.900007,0.182843,-0.395652,-79.9046936,9.93905544,34.3510933,45.2635841,Building,Surface,3.208374,3.097336,0.000039,0.000000,-39.202970,1.661977,52.254100,358.251900,262.472800,5.745450,104.047200,98.172010,0.300000,1000.000000,0.900730,2468,2740,50.000000,off,,1,0,0,1,1
1766648270273,2025-12-25 15:37:50.273,477.220700,15.539120,23,8,2,0.001169,0.001894,-0.036533,-0.257553,0.180649,0.949219,-39.166850,1.662863,52.259870,-0.899269,0.182916,-0.397293,-79.9046936,9.94915295,34.2620773,45.3007202,Building,Surface,3.208374,3.097336,0.000039,0.000000,-39.202970,1.661980,52.254040,358.247400,262.368100,5.745389,104.047200,98.172010,0.300000,1000.000000,0.900730,2468,2740,50.000000,off,,1,0,0,1,1
1766648270284,2025-12-25 15:37:50.284,477.231500,15.549930,23,8,2,0.004113,0.001185,-0.035844,-0.275635,0.012741,0.961166,-39.168010,1.662466,52.262760,-0.915425,0.014376,-0.402205,-79.9046936,2.30220246,34.3645248,44.4998169,Building,Surface,3.053726,3.195374,0.000038,0.000000,-39.203030,1.661967,52.253990,358.257700,262.276500,5.732428,104.047200,98.172010,0.300000,1000.000000,0.900730,2468,2740,50.000000,off,,1,0,0,1,1
1766648270295,2025-12-25 15:37:50.295,477.242500,15.560970,23,8,2,0.004197,0.001176,-0.035812,-0.275925,0.006790,0.961151,-39.168150,1.662421,52.262850,-0.914992,0.008377,-0.403375,-79.9046936,2.03537512,34.3041153,44.5210228,Building,Surface,3.065521,3.189682,0.000010,0.000000,-39.203110,1.661917,52.253950,358.266600,262.186000,5.712163,104.047200,98.172010,0.300000,1000.000000,0.900730,2468,2740,50.000000,off,,1,0,0,1,1
1766648270306,2025-12-25 15:37:50.306,477.253700,15.572110,23,8,2,0.004197,0.001176,-0.035812,-0.275925,0.006790,0.961151,-39.168200,1.662375,52.262850,-0.914492,0.008123,-0.404514,-79.9046936,2.02421808,34.2435837,44.5453415,Building,Surface,3.065521,3.189682,0.000010,0.000000,-39.203150,1.661858,52.253910,358.289200,262.115400,5.685788,104.047200,98.172010,0.300000,1000.000000,0.900730,2468,2740,50.000000,off,,1,0,0,1,1
1766648270317,2025-12-25 15:37:50.317,477.264800,15.583250,23,8,2,-0.000672,0.001857,-0.036456,-0.254654,0.191132,0.947937,-39.166930,1.662472,52.258090,-0.895957,0.192698,-0.400118,-79.9046936,10.4241476,34.0653534,45.467659,Building,Surface,3.207809,3.142334,0.000010,0.000000,-39.203190,1.661758,52.253890,358.323200,262.046500,5.671525,104.047200,98.172010,0.300000,1000.000000,0.900730,2468,2740,50.000000,off,,1,0,0,1,1
1766648270328,2025-12-25 15:37:50.328,477.275800,15.594240,23,8,2,0.000555,0.001821,-0.036424,-0.258896,0.191315,0.946762,-39.167180,1.662502,52.259330,-0.893912,0.191899,-0.405071,-79.9047012,10.4077578,33.799366,45.5718651,Building,Surface,3.162308,3.091446,0.000155,0.000000,-39.203240,1.661679,52.253880,358.359400,261.986300,5.657293,104.047200,98.172010,0.300000,1000.000000,0.900730,2468,2740,50.000000,off,,1,0,0,1,1
1766648270340,2025-12-25 15:37:50.340,477.287000,15.605440,23,8,2,0.004760,0.001846,-0.036391,-0.255264,0.174301,0.951019,-39.167800,1.662874,52.263520,-0.899101,0.174843,-0.401280,-79.9046936,9.58474255,34.0821381,45.3079796,Building,Surface,3.070419,2.995834,0.000619,0.000000,-39.203240,1.661587,52.253900,358.395300,261.937600,5.661434,104.047200,98.172010,0.300000,1000.000000,0.900730,2468,2740,50.000000,off,,1,0,0,1,1
1766648270350,2025-12-25 15:37:50.350,477.298000,15.616490,23,8,2,0.004760,0.001846,-0.036391,-0.255264,0.174301,0.951019,-39.167850,1.662828,52.263580,-0.898870,0.174002,-0.402163,-79.9046936,9.54860973,34.0375328,45.3195839,Building,Surface,3.070419,2.995834,0.000619,0.000000,-39.203280,1.661512,52.253930,358.440600,261.885800,5.680903,104.047200,98.172010,0.300000,1000.000000,0.900730,2468,2740,50.000000,off,,1,0,0,1,1
1766648270361,2025-12-25 15:37:50.361,477.309100,15.627560,23,8,2,0.007304,0.001891,-0.036456,-0.252731,0.176590,0.951279,-39.168150,1.663116,52.266220,-0.899028,0.176117,-0.400899,-79.9046936,9.64328957,34.1007805,45.3115044,Building,Surface,3.061508,3.085754,0.000153,0.000000,-39.203290,1.661490,52.254020,358.459900,261.827500,5.702313,104.047200,98.172010,0.300000,1000.000000,0.900730,2468,2740,50.000000,off,,1,0,0,1,1
1766648270373,2025-12-25 15:37:50.373,477.320300,15.638730,23,8,2,0.011122,0.001875,-0.036339,-0.242645,0.181900,0.952896,-39.168770,1.663432,52.270020,-0.901610,0.181748,-0.392483,-79.904686,9.87504578,34.5371208,45.1807632,Building,Surface,3.011322,3.088806,0.000039,0.000000,-39.203250,1.661412,52.254050,358.497300,261.781300,5.719469,104.047200,98.172010,0.300000,1000.000000,0.900730,2468,2740,50.000000,off,,1,0,0,1,1
1766648270384,2025-12-25 15:37:50.384,477.331800,15.650210,23,8,2,0.004760,0.001846,-0.036391,-0.255264,0.174301,0.951019,-39.167850,1.662781,52.263860,-0.898068,0.172250,-0.404700,-79.9046936,9.47613335,33.9064484,45.3600388,Building,Surface,3.070419,2.995834,0.000039,0.000000,-39.203250,1.661400,52.254120,358.537000,261.732200,5.714614,104.047200,98.172010,0.300000,1000.000000,0.900730,2468,2740,50.000000,off,,1,0,0,1,1
1766648270395,2025-12-25 15:37:50.395,477.342900,15.661350,23,8,2,0.004760,0.001846,-0.036391,-0.255264,0.174301,0.951019,-39.167800,1.662759,52.263930,-0.897835,0.171946,-0.405346,-79.9046936,9.46435547,33.8724213,45.3718719,Building,Surface,3.070419,2.995834,0.000039,0.000000,-39.203200,1.661366,52.254160,358.556400,261.690900,5.711072,104.047200,98.172010,0.300000,1000.000000,0.900730,2468,2740,50.000000,off,,1,0,0,1,1
1766648270406,2025-12-25 15:37:50.406,477.353500,15.672000,23,8,2,0.007304,0.001891,-0.036456,-0.252731,0.176590,0.951279,-39.168110,1.663044,52.266550,-0.898116,0.173986,-0.403863,-79.9046936,9.55466938,33.948204,45.3575668,Building,Surface,3.061508,3.085754,0.000619,0.000000,-39.203200,1.661336,52.254240,358.588300,261.642300,5.704120,104.047200,98.172010,0.300000,1000.000000,0.900730,2468,2740,50.000000,off,,1,0,0,1,1
1766648270417,2025-12-25 15:37:50.417,477.364900,15.683380,23,8,2,0.008414,0.001828,-0.036298,-0.239945,0.180634,0.953827,-39.168440,1.663073,52.267780,-0.902064,0.179145,-0.392653,-79.9046936,9.75306892,34.5359879,45.1586838,Building,Surface,3.056915,3.092133,0.000010,0.000000,-39.203210,1.661305,52.254370,358.602100,261.601600,5.696805,104.047200,98.172010,0.300000,1000.000000,0.900730,2468,2740,50.000000,off,,1,0,0,1,1
1766648270428,2025-12-25 15:37:50.428,477.375800,15.694210,23,8,2,0.008414,0.001828,-0.036298,-0.239945,0.180634,0.953827,-39.168430,1.663065,52.267890,-0.901881,0.179000,-0.393137,-79.9046936,9.74815845,34.5106392,45.16782,Building,Surface,3.056915,3.092133,0.000010,0.000000,-39.203190,1.661291,52.254460,358.611500,261.570700,5.694758,104.047200,98.172010,0.300000,1000.000000,0.900730,2468,2740,50.000000,off,,1,0,0,1,1
1766648270440,2025-12-25 15:37:50.440,477.387000,15.705410,23,8,2,0.006586,0.001786,-0.036230,-0.239441,0.177872,0.954468,-39.168300,1.662829,52.266170,-0.902356,0.176405,-0.393211,-79.904686,9.62654018,34.5148659,45.1440315,Building,Surface,3.056091,3.034760,0.000154,0.000000,-39.203250,1.661280,52.254520,358.608900,261.522200,5.684894,104.047200,98.172010,0.300000,1000.000000,0.900730,2468,2740,50.000000,off,,1,0,0,1,1
1766648270450,2025-12-25 15:37:50.450,477.398000,15.716460,23,8,2,0.007266,0.001800,-0.036248,-0.239044,0.180573,0.954056,-39.168380,1.662938,52.266940,-0.901601,0.179331,-0.393607,-79.9046936,9.76550674,34.482914,45.1815224,Building,Surface,3.055405,3.062256,0.002460,0.000000,-39.203240,1.661316,52.254590,358.597900,261.483100,5.678789,104.047200,98.172010,0.300000,1000.000000,0.900730,2468,2740,50.000000,off,,1,0,0,1,1
1766648270461,2025-12-25 15:37:50.461,477.409100,15.727540,23,8,2,0.007266,0.001800,-0.036248,-0.239044,0.180573,0.954056,-39.168420,1.662965,52.267010,-0.901266,0.179775,-0.394172,-79.9046936,9.78860474,34.4508476,45.1982956,Building,Surface,3.055405,3.062256,0.002460,0.000000,-39.203270,1.661358,52.254630,358.577700,261.442400,5.654162,104.047200,98.172010,0.300000,1000.000000,0.900730,2468,2740,50.000000,off,,1,0,0,1,1
1766648270473,2025-12-25 15:37:50.473,477.420200,15.738680,23,8,2,0.004783,0.001761,-0.036215,-0.236160,0.181809,0.954544,-39.168020,1.662729,52.264670,-0.901680,0.181913,-0.392253,-79.9046936,9.88131046,34.5432129,45.1782188,Building,Surface,3.025024,3.087036,0.000155,0.000000,-39.203190,1.661426,52.254700,358.548700,261.389900,5.624219,104.047200,98.172010,0.300000,1000.000000,0.900730,2468,2740,50.000000,off,,1,0,0,1,1
1766648270484,2025-12-25 15:37:50.484,477.431300,15.749790,23,8,2,-0.001335,0.001634,-0.036041,-0.233109,0.186951,0.954300,-39.167300,1.662029,52.258740,-0.901397,0.188007,-0.390021,-79.9046936,10.1587458,34.6322784,45.1931534,Building,Surface,3.021179,3.095932,0.010023,0.000000,-39.203180,1.661468,52.254800,358.513900,261.363400,5.599754,104.047200,98.172010,0.300000,1000.000000,0.900730,2468,2740,50.000000,off,,1,0,0,1,1
1766648270495,2025-12-25 15:37:50.495,477.442800,15.761290,23,8,2,0.007266,0.001800,-0.036248,-0.239044,0.180573,0.954056,-39.168320,1.663079,52.267330,-0.900358,0.181403,-0.395500,-79.9046936,9.87059116,34.3730736,45.2440071,Building,Surface,3.055405,3.062256,0.000156,0.000000,-39.203150,1.661530,52.254890,358.506300,261.338600,5.554496,104.047200,98.172010,0.300000,1000.000000,0.900730,2468,2740,50.000000,off,,1,0,0,1,1
1766648270506,2025-12-25 15:37:50.506,477.453500,15.771940,23,8,2,0.007266,0.001800,-0.036248,-0.239044,0.180573,0.954056,-39.168310,1.663084,52.267480,-0.900244,0.181589,-0.395674,-79.9047012,9.88005543,34.3630714,45.2497406,Building,Surface,3.055405,3.062256,0.000156,0.000000,-39.203130,1.661540,52.255020,358.506000,261.320500,5.514071,104.047200,98.172010,0.300000,1000.000000,0.900730,2468,2740,50.000000,off,,1,0,0,1,1
1766648270517,2025-12-25 15:37:50.517,477.464700,15.783110,23,8,2,0.004783,0.001761,-0.036215,-0.236160,0.181809,0.954544,-39.167970,1.662857,52.265120,-0.901032,0.183260,-0.393112,-79.9046936,9.94825935,34.4920616,45.2107315,Building,Surface,3.025024,3.087036,0.000156,0.000000,-39.203120,1.661593,52.255100,358.503500,261.310200,5.488696,104.047200,98.172010,0.300000,1000.000000,0.900730,2468,2740,50.000000,off,,1,0,0,1,1
1766648270528,2025-12-25 15:37:50.528,477.475800,15.794220,23,8,2,-0.001488,0.001631,-0.036037,-0.231812,0.187637,0.954483,-39.167200,1.662140,52.259040,-0.901399,0.189531,-0.389283,-79.9046936,10.2277327,34.6659279,45.1932564,Building,Surface,3.016327,3.099915,0.000619,0.000000,-39.203100,1.661601,52.255210,358.502900,261.312600,5.478427,104.047200,98.172010,0.300000,1000.000000,0.900730,2468,2740,50.000000,off,,1,0,0,1,1
1766648270540,2025-12-25 15:37:50.540,477.486900,15.805390,23,8,2,-0.000356,0.001657,-0.036081,-0.230896,0.186676,0.954895,-39.167310,1.662242,52.260240,-0.901961,0.188784,-0.388346,-79.9046936,10.1887388,34.7204552,45.1650276,Building,Surface,3.015198,3.103302,0.000619,0.000000,-39.203080,1.661573,52.255290,358.498700,261.311400,5.468707,104.047200,98.172010,0.300000,1000.000000,0.900730,2468,2740,50.000000,off,,1,0,0,1,1
1766648270550,2025-12-25 15:37:50.550,477.497900,15.816380,23,8,2,-0.000356,0.001657,-0.036081,-0.230896,0.186676,0.954895,-39.167270,1.662254,52.260360,-0.901950,0.188677,-0.388424,-79.9046936,10.1840277,34.7168236,45.1656265,Building,Surface,3.015198,3.103302,0.000619,0.000000,-39.203040,1.661580,52.255410,358.504900,261.306800,5.469301,104.047200,98.172010,0.300000,1000.000000,0.900730,2468,2740,50.000000,off,,1,0,0,1,1
1766648270562,2025-12-25 15:37:50.562,477.509100,15.827510,23,8,2,0.001598,0.001734,-0.036235,-0.228668,0.182724,0.956192,-39.167400,1.662491,52.262370,-0.903810,0.185100,-0.385805,-79.9046936,10.005476,34.8730354,45.072403,Building,Surface,3.008270,3.113037,0.000623,0.000000,-39.203040,1.661563,52.255490,358.499100,261.322900,5.466527,104.047200,98.172010,0.300000,1000.000000,0.900730,2468,2740,50.000000,off,,1,0,0,1,1
1766648270573,2025-12-25 15:37:50.573,477.520200,15.838620,23,8,2,0.004342,0.001772,-0.036314,-0.221085,0.182556,0.958008,-39.167720,1.662797,52.265210,-0.906791,0.185596,-0.378508,-79.9046936,10.0005713,35.2609901,44.9239693,Building,Surface,3.001587,3.106201,0.000156,0.000000,-39.203030,1.661567,52.255620,358.507400,261.327500,5.458778,104.047200,98.172010,0.300000,1000.000000,0.900730,2468,2740,50.000000,off,,1,0,0,1,1
1766648270584,2025-12-25 15:37:50.584,477.531300,15.849700,23,8,2,0.004342,0.001772,-0.036314,-0.221085,0.182556,0.958008,-39.167700,1.662793,52.265320,-0.906877,0.185493,-0.378353,-79.9046936,9.99515533,35.2696762,44.9197388,Building,Surface,3.001587,3.106201,0.000156,0.000000,-39.203020,1.661559,52.255740,358.514700,261.336700,5.454110,104.047200,98.172010,0.300000,1000.000000,0.900730,2468,2740,50.000000,off,,1,0,0,1,1
1766648270595,2025-12-25 15:37:50.595,477.542400,15.860870,23,8,2,-0.000356,0.001657,-0.036081,-0.230896,0.186676,0.954895,-39.167170,1.662182,52.260780,-0.902327,0.188599,-0.387584,-79.9046936,10.176897,34.7624588,45.1468468,Building,Surface,3.015198,3.103302,0.002521,0.000000,-39.202940,1.661503,52.255860,358.514300,261.357200,5.451547,104.047200,98.172010,0.300000,1000.000000,0.900730,2468,2740,50.000000,off,,1,0,0,1,1
1766648270606,2025-12-25 15:37:50.606,477.553500,15.871950,23,8,2,0.001598,0.001734,-0.036235,-0.228668,0.182724,0.956192,-39.167270,1.662450,52.262820,-0.904309,0.184693,-0.384832,-79.904686,9.98252296,34.9268646,45.047718,Building,Surface,3.008270,3.113037,0.009962,0.000000,-39.202920,1.661505,52.255970,358.526300,261.383600,5.455844,104.047200,98.172010,0.300000,1000.000000,0.900730,2468,2740,50.000000,off,,1,0,0,1,1
1766648270617,2025-12-25 15:37:50.617,477.564500,15.883000,23,8,2,0.003298,0.001742,-0.036264,-0.216461,0.183640,0.958862,-39.167410,1.662649,52.264590,-0.908777,0.186876,-0.373092,-79.9046936,10.0396433,35.5401878,44.8263931,Building,Surface,2.992004,3.119095,0.009900,0.000000,-39.202840,1.661536,52.256080,358.521600,261.397700,5.464422,104.047200,98.172010,0.300000,1000.000000,0.900730,2468,2740,50.000000,off,,1,0,0,1,1
1766648270628,2025-12-25 15:37:50.628,477.575700,15.894130,23,8,2,0.003298,0.001742,-0.036264,-0.216461,0.183640,0.958862,-39.167380,1.662678,52.264690,-0.908866,0.186738,-0.372944,-79.9046936,10.0326719,35.548542,44.8220367,Building,Surface,2.992004,3.119095,0.009900,0.000000,-39.202810,1.661561,52.256190,358.528400,261.408400,5.470821,104.047200,98.172010,0.300000,1000.000000,0.900730,2468,2740,50.000000,off,,1,0,0,1,1
1766648270639,2025-12-25 15:37:50.639,477.586800,15.905240,23,8,2,0.001346,0.001680,-0.036170,-0.217178,0.190155,0.957413,-39.167190,1.662446,52.262820,-0.907103,0.193449,-0.373773,-79.9046936,10.3501368,35.4768791,44.9086609,Building,Surface,2.973907,3.125946,0.009961,0.000000,-39.202820,1.661586,52.256250,358.510800,261.421800,5.460924,104.047200,98.172010,0.300000,1000.000000,0.900730,2468,2740,50.000000,off,,1,0,0,1,1
1766648270650,2025-12-25 15:37:50.650,477.597800,15.916290,23,8,2,0.000328,0.001651,-0.036110,-0.216965,0.189011,0.957703,-39.167110,1.662328,52.261920,-0.907454,0.192579,-0.373409,-79.9047012,10.3076181,35.4987793,44.8920288,Building,Surface,2.972931,3.109818,0.637515,0.000000,-39.202830,1.661600,52.256360,358.497800,261.426200,5.454909,104.047200,98.172010,0.300000,1000.000000,0.900730,2468,2740,50.000000,off,,1,0,0,1,1
1766648270661,2025-12-25 15:37:50.661,477.608900,15.927400,23,8,2,0.000328,0.001651,-0.036110,-0.216965,0.189011,0.957703,-39.167100,1.662339,52.261980,-0.907550,0.192582,-0.373173,-79.9046936,10.3068504,35.5111961,44.8872795,Building,Surface,2.972931,3.109818,0.637515,0.000000,-39.202810,1.661611,52.256440,358.497600,261.441100,5.454967,104.047200,98.172010,0.300000,1000.000000,0.900730,2468,2740,50.000000,off,,1,0,0,1,1
1766648270673,2025-12-25 15:37:50.673,477.620100,15.938600,23,8,2,-0.000762,0.001617,-0.036048,-0.216705,0.185532,0.958435,-39.166940,1.662214,52.260960,-0.908590,0.189161,-0.372375,-79.9046936,10.1434813,35.5650673,44.8358002,Building,Surface,2.971970,3.105728,0.161328,0.000000,-39.202750,1.661623,52.256500,358.496600,261.463200,5.459522,104.047200,98.172010,0.300000,1000.000000,0.900730,2468,2740,50.000000,off,,1,0,0,1,1
1766648270684,2025-12-25 15:37:50.684,477.631300,15.949710,23,8,2,0.000434,0.001684,-0.036151,-0.203308,0.191940,0.960098,-39.166970,1.662389,52.262230,-0.911931,0.197002,-0.359913,-79.9046936,10.4628506,36.1842194,44.6711617,Building,Surface,3.013275,3.187744,0.039601,0.000000,-39.202710,1.661627,52.256600,358.487200,261.469400,5.462376,104.047200,98.172010,0.300000,1000.000000,0.900730,2468,2740,50.000000,off,,1,0,0,1,1
1766648270695,2025-12-25 15:37:50.695,477.642800,15.961210,23,8,2,0.020219,0.001760,-0.035188,-0.094589,0.231827,0.968140,-39.170740,1.664393,52.281640,-0.934114,0.247379,-0.257331,-74.4224014,10.999999,42.5704575,37.7377815,Building,Surface,3.224915,3.237915,0.009961,0.000000,-39.202670,1.661649,52.256680,358.478600,261.489700,5.471147,104.047200,98.172010,0.300000,1000.000000,0.900730,2468,2740,50.000000,off,,0,-1,0,1,1
1766648270705,2025-12-25 15:37:50.705,477.653400,15.971860,23,8,2,0.020219,0.001760,-0.035188,-0.094589,0.231827,0.968140,-39.170690,1.664437,52.281700,-0.934163,0.247625,-0.256918,-74.3890152,11,42.595787,37.7001343,Building,Surface,3.224915,3.237915,0.009961,0.000000,-39.202640,1.661695,52.256760,358.460600,261.520800,5.498594,104.047200,98.172010,0.300000,1000.000000,0.900730,2468,2740,50.000000,off,,0,-1,0,1,1
1766648270717,2025-12-25 15:37:50.717,477.664800,15.983220,23,8,2,-0.001521,0.001870,-0.035691,0.276413,0.330704,0.902329,-39.167010,1.662527,52.260430,-0.918419,0.380124,0.109445,-61.7273102,11,54.9488678,24.5638638,Building,Surface,3.540054,3.358673,0.039842,0.000000,-39.202600,1.661784,52.256850,358.438400,261.534600,5.498193,104.047200,98.172010,0.300000,1000.000000,0.900730,2468,2740,50.000000,off,,0,-1,0,1,1
1766648270728,2025-12-25 15:37:50.728,477.675800,15.994230,23,8,2,0.000434,0.001684,-0.036151,-0.203308,0.191940,0.960098,-39.166810,1.662535,52.262510,-0.912177,0.198230,-0.358612,-79.9046936,10.5154991,36.2468681,44.6592712,Building,Surface,3.013275,3.187744,0.160352,0.000000,-39.202570,1.661824,52.256930,358.405500,261.555000,5.497389,104.047200,98.172010,0.300000,1000.000000,0.900730,2468,2740,50.000000,off,,1,0,0,1,1
1766648270740,2025-12-25 15:37:50.740,477.687300,16.005740,23,8,2,0.000434,0.001684,-0.036151,-0.203308,0.191940,0.960098,-39.166780,1.662587,52.262540,-0.912283,0.198477,-0.358205,-79.9046936,10.5255604,36.2669296,44.6541138,Building,Surface,3.013275,3.187744,0.160352,0.000000,-39.202530,1.661886,52.256980,358.389400,261.581100,5.503083,104.047200,98.172010,0.300000,1000.000000,0.900730,2468,2740,50.000000,off,,1,0,0,1,1
1766648270750,2025-12-25 15:37:50.750,477.697800,16.016270,23,8,2,0.020219,0.001760,-0.035188,-0.094589,0.231827,0.968140,-39.170500,1.664667,52.281970,-0.934211,0.248915,-0.255492,-74.2072449,11,42.6999664,37.5038185,Building,Surface,3.224915,3.237915,0.002505,0.000000,-39.202490,1.661968,52.257080,358.381900,261.608900,5.514061,104.047200,98.172010,0.300000,1000.000000,0.900730,2468,2740,50.000000,off,,0,-1,0,1,1
1766648270761,2025-12-25 15:37:50.761,477.709000,16.027470,23,8,2,-0.001513,0.001835,-0.035614,0.277313,0.328278,0.902939,-39.166920,1.662648,52.260670,-0.918427,0.379325,0.112123,-61.7746468,11,55.0206528,24.6152973,Building,Surface,3.550842,3.340729,0.010022,0.000000,-39.202430,1.661994,52.257150,358.348400,261.642500,5.523995,104.047200,98.172010,0.300000,1000.000000,0.900730,2468,2740,50.000000,off,,0,-1,0,1,1
1766648270773,2025-12-25 15:37:50.773,477.720200,16.038670,23,8,2,-0.032265,0.001254,-0.034861,0.244614,0.325546,0.913330,-39.163310,1.659133,52.230310,-0.924048,0.374024,0.078925,-62.2404709,11,54.2013817,24.9738274,Building,Surface,3.434616,3.249969,0.010022,0.000000,-39.202410,1.662010,52.257160,358.334900,261.664000,5.537509,104.047200,98.172010,0.300000,1000.000000,0.900730,2468,2740,50.000000,off,,0,-1,0,1,1
1766648270784,2025-12-25 15:37:50.784,477.731300,16.049710,23,8,2,-0.032265,0.001254,-0.034861,0.244614,0.325546,0.913330,-39.163260,1.659171,52.230350,-0.923891,0.374369,0.079133,-62.2151337,11,54.2047844,24.9507236,Building,Surface,3.434616,3.249969,0.010022,0.000000,-39.202350,1.662068,52.257220,358.317000,261.682300,5.554685,104.047200,98.172010,0.300000,1000.000000,0.900730,2468,2740,50.000000,off,,0,-1,0,1,1
1766648270795,2025-12-25 15:37:50.795,477.742700,16.061190,23,8,2,-0.031844,0.001345,-0.035119,0.259659,0.336044,0.905335,-39.162960,1.659330,52.230750,-0.917415,0.386546,0.094396,-61.3317795,11,54.511776,24.1641865,Building,Surface,3.365219,3.408371,0.000623,0.000000,-39.202240,1.662131,52.257180,358.288700,261.702600,5.572384,104.047200,98.172010,0.300000,1000.000000,0.900730,2468,2740,50.000000,off,,0,-1,0,1,1
1766648270806,2025-12-25 15:37:50.806,477.753600,16.072050,23,8,2,-0.019679,0.001598,-0.035508,0.252731,0.324951,0.911331,-39.164230,1.660779,52.242770,-0.922627,0.375420,0.088381,-62.1161728,11,54.4414024,24.876627,Building,Surface,3.388474,3.403534,0.158398,0.000000,-39.202180,1.662174,52.257210,358.262100,261.740400,5.568309,104.047200,98.172010,0.300000,1000.000000,0.900730,2468,2740,50.000000,off,,0,-1,0,1,1
1766648270817,2025-12-25 15:37:50.817,477.765000,16.083470,23,8,2,-0.019679,0.001598,-0.035508,0.252731,0.324951,0.911331,-39.164180,1.660819,52.242790,-0.922372,0.375932,0.088855,-62.0784302,11,54.4501953,24.842617,Building,Surface,3.388474,3.403534,0.158398,0.000000,-39.202130,1.662234,52.257250,358.229600,261.768200,5.569077,104.047200,98.172010,0.300000,1000.000000,0.900730,2468,2740,50.000000,off,,0,-1,0,1,1
1766648270828,2025-12-25 15:37:50.828,477.775700,16.094150,23,8,2,-0.022123,0.001554,-0.035468,0.251785,0.326309,0.911102,-39.163810,1.660559,52.240360,-0.921663,0.377742,0.088480,-61.9513702,11,54.4279747,24.7241478,Building,Surface,3.389786,3.422974,0.009779,0.000000,-39.202030,1.662275,52.257250,358.192400,261.803700,5.561891,104.047200,98.172010,0.300000,1000.000000,0.900730,2468,2740,50.000000,off,,0,-1,0,1,1
1766648270840,2025-12-25 15:37:50.840,477.787300,16.105740,23,8,2,-0.004236,0.001983,-0.036267,0.244293,0.309616,0.918930,-39.165420,1.662724,52.258060,-0.928831,0.361237,0.082186,-63.1738968,11,54.3824081,25.847723,Building,Surface,3.338425,3.409698,0.158402,0.000000,-39.201970,1.662330,52.257270,358.154000,261.840700,5.554180,104.047200,98.172010,0.300000,1000.000000,0.900730,2468,2740,50.000000,off,,0,-1,0,1,1
1766648270850,2025-12-25 15:37:50.850,477.797800,16.116270,23,8,2,-0.004236,0.001983,-0.036267,0.244293,0.309616,0.918930,-39.165330,1.662767,52.258080,-0.928500,0.361938,0.082838,-63.1186562,11,54.3951187,25.797533,Building,Surface,3.338425,3.409698,0.158402,0.000000,-39.201890,1.662400,52.257320,358.111900,261.882000,5.563710,104.047200,98.172010,0.300000,1000.000000,0.900730,2468,2740,50.000000,off,,0,-1,0,1,1
1766648270861,2025-12-25 15:37:50.861,477.809000,16.127410,23,8,2,-0.019679,0.001598,-0.035508,0.252731,0.324951,0.911331,-39.163920,1.660952,52.242780,-0.921132,0.378386,0.091275,-61.898632,11,54.4955597,24.6811657,Building,Surface,3.388474,3.403534,0.010083,0.000000,-39.201820,1.662467,52.257340,358.076400,261.914300,5.581427,104.047200,98.172010,0.300000,1000.000000,0.900730,2468,2740,50.000000,off,,0,-1,0,1,1
1766648270872,2025-12-25 15:37:50.872,477.820200,16.138610,23,8,2,-0.022123,0.001554,-0.035468,0.251785,0.326309,0.911102,-39.163620,1.660708,52.240370,-0.920386,0.380353,0.090572,-61.7630386,11,54.4643021,24.5540562,Building,Surface,3.389786,3.422974,0.002445,0.000000,-39.201810,1.662537,52.257350,358.036600,261.940900,5.605189,104.047200,98.172010,0.300000,1000.000000,0.900730,2468,2740,50.000000,off,,0,-1,0,1,1
1766648270883,2025-12-25 15:37:50.883,477.831100,16.149570,23,8,2,-0.003818,0.002008,-0.036345,0.243668,0.304855,0.920685,-39.165160,1.662976,52.258470,-0.929511,0.359123,0.083737,-63.3319931,11,54.4355888,25.9991474,Building,Surface,3.312958,3.404205,0.002475,0.000000,-39.201750,1.662618,52.257350,358.006300,261.981100,5.630007,104.047200,98.172010,0.300000,1000.000000,0.900730,2468,2740,50.000000,off,,0,-1,0,1,1
1766648270895,2025-12-25 15:37:50.895,477.842300,16.160770,23,8,2,-0.003818,0.002008,-0.036345,0.243668,0.304855,0.920685,-39.165100,1.663052,52.258460,-0.929252,0.359706,0.084106,-63.2858467,11,54.4416122,25.9567947,Building,Surface,3.312958,3.404205,0.002475,0.000000,-39.201680,1.662717,52.257350,357.971400,262.004900,5.638286,104.047200,98.172010,0.300000,1000.000000,0.900730,2468,2740,50.000000,off,,0,-1,0,1,1
1766648270906,2025-12-25 15:37:50.906,477.853500,16.172000,23,8,2,-0.005666,0.001975,-0.036317,0.242020,0.304474,0.921249,-39.164830,1.662892,52.256620,-0.929360,0.359709,0.082930,-63.2885933,11,54.4092674,25.9571037,Building,Surface,3.304703,3.401901,0.009718,0.000000,-39.201630,1.662790,52.257360,357.939900,262.035800,5.645006,104.047200,98.172010,0.300000,1000.000000,0.900730,2468,2740,50.000000,off,,0,-1,0,1,1
1766648270917,2025-12-25 15:37:50.917,477.864500,16.182950,23,8,2,-0.003735,0.002024,-0.036415,0.242065,0.301514,0.922211,-39.165000,1.663174,52.258460,-0.930197,0.357337,0.083804,-63.4700356,11,54.4481697,26.1286411,Building,Surface,3.328186,3.397842,0.002505,0.000000,-39.201640,1.662858,52.257320,357.906600,262.076800,5.646007,104.047200,98.172010,0.300000,1000.000000,0.900730,2468,2740,50.000000,off,,0,-1,0,1,1
1766648270928,2025-12-25 15:37:50.928,477.875600,16.194090,23,8,2,-0.003735,0.002024,-0.036415,0.242065,0.301514,0.922211,-39.164950,1.663151,52.258410,-0.929907,0.357908,0.084580,-63.4236984,11,54.4648743,26.0870152,Building,Surface,3.328186,3.397842,0.002505,0.000000,-39.201600,1.662859,52.257290,357.870000,262.121800,5.643312,104.047200,98.172010,0.300000,1000.000000,0.900730,2468,2740,50.000000,off,,0,-1,0,1,1
1766648270940,2025-12-25 15:37:50.940,477.887200,16.205690,23,8,2,-0.006019,0.001988,-0.036364,0.243652,0.298813,0.922669,-39.164680,1.662913,52.256120,-0.930446,0.355929,0.086931,-63.5730743,11,54.5365791,26.2326412,Building,Surface,3.317810,3.390945,0.629748,0.000000,-39.201580,1.662900,52.257290,357.837500,262.158500,5.648014,104.047200,98.172010,0.300000,1000.000000,0.900730,2468,2740,50.000000,off,,0,-1,0,1,1
1766648270951,2025-12-25 15:37:50.951,477.897900,16.216400,23,8,2,-0.002719,0.001619,-0.035459,0.215637,0.283676,0.934341,-39.165940,1.662978,52.259280,-0.938912,0.338911,0.059584,-65.0330353,11,53.9008217,27.549614,Building,Surface,3.247620,3.377304,0.002490,0.000000,-39.201480,1.662986,52.257300,357.817500,262.189500,5.656687,104.047200,98.172010,0.300000,1000.000000,0.900730,2468,2740,50.000000,off,,0,-1,0,1,1
1766648270961,2025-12-25 15:37:50.961,477.908900,16.227330,23,8,2,-0.003735,0.002024,-0.036415,0.242065,0.301514,0.922211,-39.164800,1.663263,52.258330,-0.929189,0.359372,0.086252,-63.3057785,11,54.4992142,25.980442,Building,Surface,3.328186,3.397842,0.039602,0.000000,-39.201450,1.663027,52.257280,357.785400,262.231800,5.676443,104.047200,98.172010,0.300000,1000.000000,0.900730,2468,2740,50.000000,off,,0,-1,0,1,1
1766648270972,2025-12-25 15:37:50.972,477.920000,16.238490,23,8,2,-0.003735,0.002024,-0.036415,0.242065,0.301514,0.922211,-39.164740,1.663283,52.258250,-0.928949,0.359816,0.086975,-63.2696533,11,54.5151291,25.9483032,Building,Surface,3.328186,3.397842,0.039602,0.000000,-39.201390,1.663063,52.257240,357.760300,262.279400,5.688956,104.047200,98.172010,0.300000,1000.000000,0.900730,2468,2740,50.000000,off,,0,-1,0,1,1
1766648270984,2025-12-25 15:37:50.984,477.931100,16.249570,23,8,2,-0.006019,0.001988,-0.036364,0.243652,0.298813,0.922669,-39.164480,1.663046,52.255960,-0.929583,0.357626,0.089178,-63.434166,11,54.5842285,26.1078072,Building,Surface,3.317810,3.390945,0.633609,0.000000,-39.201370,1.663099,52.257230,357.743600,262.311000,5.703562,104.047200,98.172010,0.300000,1000.000000,0.900730,2468,2740,50.000000,off,,0,-1,0,1,1
1766648270995,2025-12-25 15:37:50.995,477.942200,16.260650,23,8,2,0.012603,0.001979,-0.036140,0.206604,0.277176,0.938339,-39.167020,1.664961,52.274270,-0.941238,0.333493,0.053339,-65.5138779,11,53.7673187,27.9915924,Building,Surface,3.345779,3.313965,0.160355,0.000000,-39.201300,1.663182,52.257220,357.716300,262.358100,5.704107,104.047200,98.172010,0.300000,1000.000000,0.900730,2468,2740,50.000000,off,,0,-1,0,1,1
1766648271006,2025-12-25 15:37:51.006,477.953400,16.271850,23,8,2,0.016741,0.002026,-0.036187,0.186325,0.257111,0.948242,-39.167470,1.665423,52.278340,-0.949407,0.312125,0.034514,-67.5609436,11,53.3105316,29.9063358,Building,Surface,3.137527,3.234009,0.160355,0.000000,-39.201280,1.663196,52.257230,357.704100,262.395800,5.704724,104.047200,98.172010,0.300000,1000.000000,0.900730,2468,2740,50.000000,off,,0,-1,0,1,1
1766648271016,2025-12-25 15:37:51.016,477.964500,16.282960,23,8,2,0.016741,0.002026,-0.036187,0.186325,0.257111,0.948242,-39.167380,1.665465,52.278330,-0.949350,0.312224,0.035163,-67.5500183,11,53.3295937,29.8966999,Building,Surface,3.137527,3.234009,0.160355,0.000000,-39.201210,1.663242,52.257240,357.698200,262.434800,5.705342,104.047200,98.172010,0.300000,1000.000000,0.900730,2468,2740,50.000000,off,,0,-1,0,1,1
1766648271028,2025-12-25 15:37:51.028,477.975800,16.294250,23,8,2,0.004314,0.001732,-0.035677,0.194305,0.269409,0.943207,-39.166360,1.663963,52.266040,-0.944599,0.325303,0.043429,-66.2758865,11,53.5124283,28.6991577,Building,Surface,3.218811,3.293686,0.010022,0.000000,-39.201250,1.663257,52.257290,357.680500,262.484600,5.696861,104.047200,98.172010,0.300000,1000.000000,0.900730,2468,2740,50.000000,off,,0,-1,0,1,1
1766648271039,2025-12-25 15:37:51.039,477.986900,16.305360,23,8,2,-0.011776,0.001345,-0.035000,0.202240,0.280960,0.938156,-39.165020,1.662020,52.250100,-0.939837,0.337644,0.051775,-65.1574249,11,53.6820068,27.6559811,Building,Surface,3.226181,3.304306,0.002475,0.000000,-39.201240,1.663277,52.257310,357.663100,262.539500,5.693948,104.047200,98.172010,0.300000,1000.000000,0.900730,2468,2740,50.000000,off,,0,-1,0,1,1
1766648271050,2025-12-25 15:37:51.050,477.997700,16.316160,23,8,2,-0.011776,0.001345,-0.035000,0.202240,0.280960,0.938156,-39.164980,1.662069,52.250160,-0.939750,0.337735,0.052735,-65.1478348,11,53.7082138,27.6483593,Building,Surface,3.226181,3.304306,0.002475,0.000000,-39.201190,1.663329,52.257410,357.656800,262.596800,5.690621,104.047200,98.172010,0.300000,1000.000000,0.900730,2468,2740,50.000000,off,,0,-1,0,1,1
1766648271061,2025-12-25 15:37:51.061,478.008900,16.327360,23,8,2,-0.002795,0.001529,-0.035312,0.193588,0.276367,0.941345,-39.165760,1.663146,52.259070,-0.941938,0.332711,0.045197,-65.5993195,11,53.5274315,28.0627651,Building,Surface,3.235519,3.288284,0.002475,0.000000,-39.201180,1.663357,52.257460,357.638100,262.652300,5.678813,104.047200,98.172010,0.300000,1000.000000,0.900730,2468,2740,50.000000,off,,0,-1,0,1,1
1766648271072,2025-12-25 15:37:51.072,478.020100,16.338500,23,8,2,0.004314,0.001732,-0.035677,0.194305,0.269409,0.943207,-39.166150,1.664031,52.266120,-0.944078,0.326243,0.047507,-66.1824646,11,53.6256142,28.6162491,Building,Surface,3.218811,3.293686,0.160355,0.000000,-39.201070,1.663367,52.257500,357.617500,262.720500,5.667879,104.047200,98.172010,0.300000,1000.000000,0.900730,2468,2740,50.000000,off,,0,-1,0,1,1
1766648271084,2025-12-25 15:37:51.084,478.031100,16.349550,23,8,2,-0.011776,0.001345,-0.035000,0.202240,0.280960,0.938156,-39.164880,1.662118,52.250220,-0.939262,0.338551,0.056093,-65.0715103,11,53.7973709,27.5815773,Building,Surface,3.226181,3.304306,0.157429,0.000000,-39.201070,1.663406,52.257580,357.598800,262.786200,5.650560,104.047200,98.172010,0.300000,1000.000000,0.900730,2468,2740,50.000000,off,,0,-1,0,1,1
1766648271095,2025-12-25 15:37:51.095,478.042600,16.361080,23,8,2,-0.011776,0.001345,-0.035000,0.202240,0.280960,0.938156,-39.164880,1.662162,52.250240,-0.939064,0.338857,0.057534,-65.0425415,10.999999,53.8356972,27.55653,Building,Surface,3.226181,3.304306,0.157429,0.000000,-39.201050,1.663460,52.257660,357.577600,262.869600,5.639138,104.047200,98.172010,0.300000,1000.000000,0.900730,2468,2740,50.000000,off,,0,-1,0,1,1
1766648271106,2025-12-25 15:37:51.106,478.053700,16.372130,23,8,2,-0.000549,0.001573,-0.035376,0.192352,0.273727,0.942368,-39.165900,1.663502,52.261420,-0.942231,0.331239,0.049631,-65.7241821,11,53.6603508,28.1863346,Building,Surface,3.236740,3.289307,0.157422,0.000000,-39.201120,1.663503,52.257780,357.551400,262.966600,5.618189,104.047200,98.172010,0.300000,1000.000000,0.900730,2468,2740,50.000000,off,,0,-1,0,1,1
1766648271117,2025-12-25 15:37:51.117,478.064400,16.382810,23,8,2,-0.000910,0.001557,-0.035342,0.193024,0.273682,0.942246,-39.165870,1.663498,52.261120,-0.941992,0.331525,0.052231,-65.694519,11,53.7320633,28.1620903,Building,Surface,3.237396,3.290741,10.012250,0.000000,-39.201110,1.663561,52.257910,357.529300,263.073200,5.588290,104.047200,98.172010,0.300000,1000.000000,0.900730,2468,2740,50.000000,off,,0,-1,0,1,1
1766648271128,2025-12-25 15:37:51.128,478.075600,16.394040,23,8,2,-0.000910,0.001557,-0.035342,0.193024,0.273682,0.942246,-39.165850,1.663555,52.261160,-0.941769,0.331857,0.054116,-65.6615295,11,53.7836609,28.1337471,Building,Surface,3.237396,3.290741,10.012250,0.000000,-39.201100,1.663633,52.258010,357.504500,263.179400,5.564020,104.047200,98.172010,0.300000,1000.000000,0.900730,2468,2740,50.000000,off,,0,-1,0,1,1
1766648271139,2025-12-25 15:37:51.139,478.086900,16.405300,23,8,2,-0.001286,0.001540,-0.035328,0.192276,0.277679,0.941223,-39.165830,1.663536,52.260880,-0.940129,0.336300,0.055106,-65.265976,11,53.7907448,27.7619896,Building,Surface,3.248154,3.312332,0.641406,0.000000,-39.201110,1.663693,52.258160,357.463700,263.289700,5.537713,104.047200,98.172010,0.300000,1000.000000,0.900730,2468,2740,50.000000,off,,0,-1,0,1,1
1766648271150,2025-12-25 15:37:51.150,478.097700,16.416170,23,8,2,-0.002397,0.001519,-0.035297,0.188034,0.275284,0.942780,-39.165700,1.663438,52.259840,-0.940937,0.334350,0.053096,-65.4409103,11,53.7425194,27.9241199,Building,Surface,3.245819,3.310379,0.159367,0.000000,-39.201080,1.663752,52.258300,357.410900,263.409200,5.507807,104.047200,98.172010,0.300000,1000.000000,0.900730,2468,2740,50.000000,off,,0,-1,0,1,1
1766648271161,2025-12-25 15:37:51.161,478.108800,16.427250,23,8,2,-0.003840,0.001497,-0.035323,0.180023,0.274262,0.944641,-39.165520,1.663359,52.258520,-0.941551,0.333454,0.047588,-65.5287476,11,53.5909729,27.9994297,Building,Surface,3.254852,3.299347,0.625781,0.000000,-39.201080,1.663865,52.258490,357.359000,263.557200,5.493574,104.047200,98.172010,0.300000,1000.000000,0.900730,2468,2740,50.000000,off,,0,-1,0,1,1
1766648271173,2025-12-25 15:37:51.173,478.120000,16.438450,23,8,2,-0.003840,0.001497,-0.035323,0.180023,0.274262,0.944641,-39.165500,1.663449,52.258660,-0.941110,0.334300,0.050300,-65.4494324,11,53.6634674,27.9283047,Building,Surface,3.254852,3.299347,0.625781,0.000000,-39.201060,1.663988,52.258730,357.302200,263.711300,5.465015,104.047200,98.172010,0.300000,1000.000000,0.900730,2468,2740,50.000000,off,,0,-1,0,1,1
1766648271183,2025-12-25 15:37:51.183,478.131000,16.449490,23,8,2,-0.001286,0.001540,-0.035328,0.192276,0.277679,0.941223,-39.165770,1.663821,52.261310,-0.938167,0.339944,0.065256,-64.9314728,11,54.0534973,27.463562,Building,Surface,3.248154,3.312332,0.009901,0.000000,-39.201070,1.664125,52.258960,357.220900,263.868600,5.439312,104.047200,98.172010,0.300000,1000.000000,0.900730,2468,2740,50.000000,off,,0,-1,0,1,1
1766648271195,2025-12-25 15:37:51.195,478.142400,16.460820,23,8,2,-0.002397,0.001519,-0.035297,0.188034,0.275284,0.942780,-39.165720,1.663882,52.260330,-0.938530,0.339098,0.064383,-65.0055237,11,54.0329361,27.5318165,Building,Surface,3.245819,3.310379,0.158395,0.000000,-39.201110,1.664383,52.259190,357.101000,264.055600,5.411516,104.047200,98.172010,0.300000,1000.000000,0.900730,2468,2740,50.000000,off,,0,-1,0,1,1
1766648271206,2025-12-25 15:37:51.206,478.153200,16.471650,23,8,2,-0.003626,0.001522,-0.035403,0.177856,0.273483,0.945282,-39.165560,1.664010,52.259240,-0.938730,0.339708,0.058047,-64.9641113,11,53.8545074,27.4821873,Building,Surface,3.254425,3.293396,0.158395,0.000000,-39.201170,1.664753,52.259440,356.894300,264.268700,5.366114,104.047200,98.172010,0.300000,1000.000000,0.900730,2468,2740,50.000000,off,,0,-1,0,1,1
1766648271217,2025-12-25 15:37:51.217,478.164400,16.482880,23,8,2,-0.003626,0.001522,-0.035403,0.177856,0.273483,0.945282,-39.165600,1.664376,52.259430,-0.936881,0.344104,0.061899,-64.5833969,10.999999,53.9387589,27.1300392,Building,Surface,3.254425,3.293396,0.158395,0.000000,-39.201210,1.665288,52.259760,356.618100,264.485600,5.338145,104.047200,98.172010,0.300000,1000.000000,0.900730,2468,2740,50.000000,off,,0,-1,0,1,1
1766648271228,2025-12-25 15:37:51.228,478.175400,16.493870,23,8,2,-0.003295,0.001536,-0.035464,0.173996,0.274994,0.945557,-39.165620,1.664888,52.259880,-0.934390,0.350702,0.062429,-64.0375443,11,53.9216347,26.6180115,Building,Surface,3.252686,3.290970,0.009840,0.000000,-39.201250,1.665968,52.260040,356.278600,264.744800,5.319870,104.047200,98.172010,0.300000,1000.000000,0.900730,2468,2740,50.000000,off,,0,-1,0,1,1
1766648271239,2025-12-25 15:37:51.239,478.186600,16.505000,23,8,2,-0.004350,0.001569,-0.035565,0.161026,0.266037,0.950409,-39.165460,1.665316,52.259060,-0.936194,0.347142,0.054927,-64.3398132,11,53.7360497,26.889883,Building,Surface,3.202393,3.251053,0.002505,0.000000,-39.201270,1.666705,52.260440,355.891000,265.032200,5.294286,104.047200,98.172010,0.300000,1000.000000,0.900730,2468,2740,50.000000,off,,0,-1,0,1,1
1766648271250,2025-12-25 15:37:51.250,478.197900,16.516330,23,8,2,-0.004350,0.001569,-0.035565,0.161026,0.266037,0.950409,-39.165460,1.665830,52.259330,-0.933335,0.353903,0.060168,-63.7821159,11,53.8462563,26.3746986,Building,Surface,3.202393,3.251053,0.002505,0.000000,-39.201260,1.667480,52.260910,355.472400,265.339200,5.290814,104.047200,98.172010,0.300000,1000.000000,0.900730,2468,2740,50.000000,off,,0,-1,0,1,1
1766648271261,2025-12-25 15:37:51.261,478.209400,16.527800,23,8,2,-0.005796,0.001487,-0.035332,0.155212,0.267395,0.950989,-39.165580,1.666118,52.258190,-0.930198,0.362065,0.060096,-63.1456871,11,53.8074379,25.7792015,Building,Surface,3.234146,3.328186,0.040090,0.000000,-39.201200,1.668242,52.261420,355.017800,265.681800,5.276206,104.047200,98.172010,0.300000,1000.000000,0.900730,2468,2740,50.000000,off,,0,-1,0,1,1
1766648271273,2025-12-25 15:37:51.273,478.220500,16.538940,23,8,2,-0.003825,0.001922,-0.035888,0.144363,0.224487,0.963715,-39.165070,1.667199,52.260480,-0.943372,0.326539,0.058342,-66.1275482,11,53.927948,28.5807171,Building,Surface,3.210419,3.258682,0.009900,0.000000,-39.201130,1.669024,52.261980,354.592600,266.050500,5.258957,104.047200,98.172010,0.300000,1000.000000,0.900730,2468,2740,50.000000,off,,0,-1,0,1,1
1766648271283,2025-12-25 15:37:51.283,478.231000,16.549440,23,8,2,-0.003825,0.001922,-0.035888,0.144363,0.224487,0.963715,-39.165000,1.667689,52.260820,-0.940478,0.333567,0.064923,-65.4770508,11,54.0771828,27.9770508,Building,Surface,3.210419,3.258682,0.009900,0.000000,-39.201040,1.669784,52.262570,354.158900,266.434400,5.232995,104.047200,98.172010,0.300000,1000.000000,0.900730,2468,2740,50.000000,off,,0,-1,0,1,1
1766648271295,2025-12-25 15:37:51.295,478.242200,16.560610,23,8,2,-0.004350,0.001569,-0.035565,0.161026,0.266037,0.950409,-39.165230,1.667780,52.260670,-0.920221,0.381821,0.085962,-61.6566734,11,54.361702,24.4411469,Building,Surface,3.202393,3.251053,0.009778,0.000000,-39.200900,1.670508,52.263190,353.719400,266.857900,5.195833,104.047200,98.172010,0.300000,1000.000000,0.900730,2468,2740,50.000000,off,,0,-1,0,1,1
1766648271305,2025-12-25 15:37:51.305,478.253300,16.571750,23,8,2,-0.005796,0.001487,-0.035332,0.155212,0.267395,0.950989,-39.165260,1.668132,52.259630,-0.916684,0.389749,0.088070,-61.1136742,11,54.3683128,23.9429188,Building,Surface,3.234146,3.328186,0.000157,0.000000,-39.200700,1.671317,52.263900,353.271300,267.336600,5.152373,104.047200,98.172010,0.300000,1000.000000,0.900730,2468,2740,50.000000,off,,0,-1,0,1,1
1766648271317,2025-12-25 15:37:51.317,478.264800,16.583220,23,8,2,-0.004898,0.001940,-0.035885,0.139450,0.223160,0.964737,-39.164610,1.669081,52.260940,-0.931609,0.353697,0.083473,-63.7414932,11,54.4630508,26.3806419,Building,Surface,3.236008,3.335480,0.161336,0.000000,-39.200570,1.672092,52.264620,352.802700,267.807700,5.102541,104.047200,98.172010,0.300000,1000.000000,0.900730,2468,2740,50.000000,off,,0,-1,0,1,1
1766648271328,2025-12-25 15:37:51.328,478.275600,16.594090,23,8,2,-0.004898,0.001940,-0.035885,0.139450,0.223160,0.964737,-39.164420,1.669616,52.261430,-0.927906,0.361090,0.092566,-63.1410446,11,54.653286,25.8390293,Building,Surface,3.236008,3.335480,0.161336,0.000000,-39.200310,1.672912,52.265440,352.335900,268.343200,5.027852,104.047200,98.172010,0.300000,1000.000000,0.900730,2468,2740,50.000000,off,,0,-1,0,1,1
1766648271339,2025-12-25 15:37:51.339,478.286700,16.605130,23,8,2,-0.005197,0.001842,-0.035580,0.138611,0.226334,0.964127,-39.164630,1.670060,52.261580,-0.922804,0.371785,0.100941,-62.3223839,11,54.7946968,25.0947399,Building,Surface,3.210083,3.329742,0.158402,0.000000,-39.200140,1.673734,52.266240,351.846000,268.903300,4.944958,104.047200,98.172010,0.300000,1000.000000,0.900730,2468,2740,50.000000,off,,0,-1,0,1,1
1766648271350,2025-12-25 15:37:51.350,478.297600,16.616090,23,8,2,-0.004431,0.001856,-0.035607,0.115509,0.213455,0.970093,-39.164460,1.670698,52.262850,-0.926630,0.365386,0.088516,-62.8238525,11,54.5229073,25.5325413,Building,Surface,3.385422,3.327118,0.010145,0.000000,-39.199930,1.674579,52.267100,351.377200,269.472200,4.849832,104.047200,98.172010,0.300000,1000.000000,0.900730,2468,2740,50.000000,off,,0,-1,0,1,1
1766648271361,2025-12-25 15:37:51.361,478.308700,16.627200,23,8,2,-0.004431,0.001856,-0.035607,0.115509,0.213455,0.970093,-39.164300,1.671276,52.263360,-0.922517,0.373039,0.098946,-62.2340279,11,54.7377396,25.0071926,Building,Surface,3.385422,3.327118,0.010145,0.000000,-39.199690,1.675448,52.267980,350.890300,270.088600,4.728874,104.047200,98.172010,0.300000,1000.000000,0.900730,2468,2740,50.000000,off,,0,-1,0,1,1
1766648271372,2025-12-25 15:37:51.372,478.319900,16.638310,23,8,2,-0.016029,0.001492,-0.034954,0.112427,0.220261,0.968933,-39.165170,1.670629,52.252380,-0.915791,0.387603,0.105242,-61.2077026,11,54.7854881,24.0692177,Building,Surface,3.249969,3.382172,0.633533,0.000000,-39.199470,1.676288,52.268880,350.361700,270.683300,4.621954,104.047200,98.172010,0.300000,1000.000000,0.900730,2468,2740,50.000000,off,,0,-1,0,1,1
1766648271383,2025-12-25 15:37:51.383,478.330900,16.649350,23,8,2,-0.025664,0.002312,-0.037546,0.088425,0.149857,0.984741,-39.162830,1.670828,52.243180,-0.939921,0.327042,0.097895,-65.9749374,11,55.0357246,28.5257912,Building,Surface,3.191742,3.208176,10.325240,0.000000,-39.199250,1.677144,52.269780,349.873500,271.309800,4.503699,104.047200,98.172010,0.300000,1000.000000,0.900730,2468,2740,50.000000,off,,0,-1,0,1,1
1766648271394,2025-12-25 15:37:51.394,478.342000,16.660490,23,8,0,0.029525,0.003674,-0.039371,0.094894,0.104904,0.989929,-39.158210,1.676472,52.298530,-0.948985,0.291888,0.119163,-54.2108574,6.30635214,54.1886749,15.8616076,Building,Surface,3.198654,3.245148,2.581372,0.000000,-39.198970,1.677902,52.270740,349.407000,271.959400,4.359122,104.047200,98.172010,0.300000,1000.000000,0.900730,2468,2740,50.000000,off,,0.59517926,0,-0.803592861,1,1
1766648271405,2025-12-25 15:37:51.405,478.353100,16.671570,23,8,0,0.029525,0.003674,-0.039371,0.094894,0.104904,0.989929,-39.157650,1.676832,52.299050,-0.945164,0.299488,0.130158,-54.0021286,6.38050413,54.3432732,15.7054701,Building,Surface,3.198654,3.245148,2.581372,0.000000,-39.198700,1.678655,52.271720,348.937400,272.614700,4.226512,104.047200,98.172010,0.300000,1000.000000,0.900730,2468,2740,50.000000,off,,0.59517926,0,-0.803592861,1,1
1766648271416,2025-12-25 15:37:51.416,478.364300,16.682740,23,8,0,0.029330,0.002805,-0.035815,0.217835,-0.115006,0.969177,-39.160740,1.677002,52.299670,-0.954968,0.095985,0.280724,-51.8673134,2.9541564,56.0349197,13.3056431,Building,Surface,2.477936,2.656189,0.641406,0.000000,-39.198410,1.679356,52.272730,348.500700,273.289500,4.079355,104.047200,98.172010,0.300000,1000.000000,0.900730,2468,2740,50.000000,off,,0.909955382,0,-0.414706051,1,1
1766648271428,2025-12-25 15:37:51.428,478.375400,16.693850,23,8,1,0.000000,0.000000,0.000000,0.000000,0.000000,1.000000,0.000000,0.000000,0.000000,0.000000,0.000000,0.000000,,,,,InvalidGaze,InvalidGaze,0.000000,0.000000,0.000000,0.000000,-39.197990,1.680096,52.273790,348.079500,273.998700,3.926150,104.047200,98.172010,0.300000,1000.000000,0.900730,2468,2740,50.000000,off,,,,,0,0
1766648271440,2025-12-25 15:37:51.440,478.387000,16.705470,23,8,0,0.029525,0.003674,-0.039371,0.094894,0.104904,0.989929,-39.155770,1.677894,52.300720,-0.932904,0.320168,0.164782,-66.3184814,11,57.0985641,29.1158657,Building,Surface,3.198654,3.245148,40.550960,0.000000,-39.197690,1.680834,52.274850,347.645600,274.701100,3.781475,104.047200,98.172010,0.300000,1000.000000,0.900730,2468,2740,50.000000,off,,0,-1,0,1,1
1766648271450,2025-12-25 15:37:51.450,478.397600,16.716000,23,8,0,0.029525,0.003674,-0.039371,0.094894,0.104904,0.989929,-39.155140,1.678235,52.301250,-0.928206,0.327631,0.176244,-65.564476,11,57.3157463,28.4515991,Building,Surface,3.198654,3.245148,40.550960,0.000000,-39.197330,1.681574,52.275880,347.177900,275.403000,3.630690,104.047200,98.172010,0.300000,1000.000000,0.900730,2468,2740,50.000000,off,,0,-1,0,1,1
1766648271461,2025-12-25 15:37:51.461,478.408700,16.727110,23,8,0,0.029330,0.002805,-0.035815,0.217835,-0.115006,0.969177,-39.158260,1.678651,52.302070,-0.937114,0.123982,0.326235,-51.5953102,3.32409668,56.6317444,13.2715397,Building,Surface,2.477936,2.656189,0.637515,0.000000,-39.197070,1.682418,52.276960,346.711000,276.121700,3.494539,104.047200,98.172010,0.300000,1000.000000,0.900730,2468,2740,50.000000,off,,0.909955382,0,-0.414706051,1,1
1766648271472,2025-12-25 15:37:51.472,478.419800,16.738220,23,8,1,0.000000,0.000000,0.000000,0.000000,0.000000,1.000000,0.000000,0.000000,0.000000,0.000000,0.000000,0.000000,,,,,InvalidGaze,InvalidGaze,0.000000,0.000000,0.000000,0.000000,-39.196800,1.683271,52.278060,346.218500,276.843700,3.358356,104.047200,98.172010,0.300000,1000.000000,0.900730,2468,2740,50.000000,off,,,,,0,0
1766648271483,2025-12-25 15:37:51.483,478.430800,16.749300,23,8,1,0.000000,0.000000,0.000000,0.000000,0.000000,1.000000,0.000000,0.000000,0.000000,0.000000,0.000000,0.000000,,,,,InvalidGaze,InvalidGaze,0.000000,0.000000,0.000000,0.000000,-39.196430,1.684072,52.279170,345.742200,277.585500,3.199106,104.047200,98.172010,0.300000,1000.000000,0.900730,2468,2740,50.000000,off,,,,,0,0
1766648271494,2025-12-25 15:37:51.494,478.442000,16.760410,23,8,1,0.000000,0.000000,0.000000,0.000000,0.000000,1.000000,0.000000,0.000000,0.000000,0.000000,0.000000,0.000000,,,,,InvalidGaze,InvalidGaze,0.000000,0.000000,0.000000,0.000000,-39.196160,1.684767,52.280290,345.302800,278.322600,3.037610,104.047200,98.172010,0.300000,1000.000000,0.900730,2468,2740,50.000000,off,,,,,0,0
1766648271505,2025-12-25 15:37:51.505,478.453000,16.771480,23,8,1,0.000000,0.000000,0.000000,0.000000,0.000000,1.000000,0.000000,0.000000,0.000000,0.000000,0.000000,0.000000,,,,,InvalidGaze,InvalidGaze,0.000000,0.000000,0.000000,0.000000,-39.195900,1.685329,52.281420,344.912600,279.077400,2.867494,104.047200,98.172010,0.300000,1000.000000,0.900730,2468,2740,50.000000,off,,,,,0,0
1766648271517,2025-12-25 15:37:51.517,478.464700,16.783140,23,8,1,0.000000,0.000000,0.000000,0.000000,0.000000,1.000000,0.000000,0.000000,0.000000,0.000000,0.000000,0.000000,,,,,InvalidGaze,InvalidGaze,0.000000,0.000000,0.000000,0.000000,-39.195610,1.685863,52.282570,344.583600,279.824200,2.696079,104.047200,98.172010,0.300000,1000.000000,0.900730,2468,2740,50.000000,off,,,,,0,0
1766648271528,2025-12-25 15:37:51.528,478.475700,16.794130,23,8,0,0.027645,0.004993,-0.043434,0.563721,0.115631,0.817810,-39.147510,1.680472,52.302680,-0.634242,0.356230,0.686151,-55.7402573,11,70.2534485,26.1611023,Building,Surface,3.910736,3.295609,2.534312,0.000000,-39.195290,1.686261,52.283730,344.299000,280.572500,2.503580,104.047200,98.172010,0.300000,1000.000000,0.900730,2468,2740,50.000000,off,,0,-1,0,1,1
1766648271540,2025-12-25 15:37:51.540,478.487100,16.805510,23,8,1,0.000000,0.000000,0.000000,0.000000,0.000000,1.000000,0.000000,0.000000,0.000000,0.000000,0.000000,0.000000,,,,,InvalidGaze,InvalidGaze,0.000000,0.000000,0.000000,0.000000,-39.194970,1.686669,52.284860,344.028400,281.313100,2.315946,104.047200,98.172010,0.300000,1000.000000,0.900730,2468,2740,50.000000,off,,,,,0,0
1766648271550,2025-12-25 15:37:51.550,478.497500,16.815920,23,8,1,0.000000,0.000000,0.000000,0.000000,0.000000,1.000000,0.000000,0.000000,0.000000,0.000000,0.000000,0.000000,,,,,InvalidGaze,InvalidGaze,0.000000,0.000000,0.000000,0.000000,-39.194690,1.686942,52.285960,343.845000,282.033400,2.126350,104.047200,98.172010,0.300000,1000.000000,0.900730,2468,2740,50.000000,off,,,,,0,0
1766648271561,2025-12-25 15:37:51.561,478.508600,16.827060,23,8,1,0.000000,0.000000,0.000000,0.000000,0.000000,1.000000,0.000000,0.000000,0.000000,0.000000,0.000000,0.000000,,,,,InvalidGaze,InvalidGaze,0.000000,0.000000,0.000000,0.000000,-39.194290,1.687174,52.287040,343.685500,282.760000,1.933531,104.047200,98.172010,0.300000,1000.000000,0.900730,2468,2740,50.000000,off,,,,,0,0
1766648271572,2025-12-25 15:37:51.572,478.519800,16.838230,23,8,0,0.027722,0.005617,-0.045692,0.536926,0.050858,0.842087,-39.143110,1.680598,52.304350,-0.642332,0.302868,0.704037,-58.9079857,11,73.967926,30.770319,Building,Surface,3.608780,3.478043,2.565807,0.000000,-39.193920,1.687353,52.288200,343.544500,283.463100,1.733523,104.047200,98.172010,0.300000,1000.000000,0.900730,2468,2740,50.000000,off,,0,-1,0,1,1
1766648271583,2025-12-25 15:37:51.583,478.530900,16.849330,23,8,2,0.027897,0.005152,-0.044777,0.516449,0.040344,0.855347,-39.143470,1.680336,52.305230,-0.654041,0.295635,0.696273,-59.7616043,11,74.2546997,31.5236835,Building,Surface,3.533691,3.571518,0.641375,0.000000,-39.193500,1.687467,52.289220,343.429000,284.153700,1.508607,104.047200,98.172010,0.300000,1000.000000,0.900730,2468,2740,50.000000,off,,0,-1,0,1,1
1766648271594,2025-12-25 15:37:51.594,478.542000,16.860410,23,8,2,0.027897,0.005152,-0.044777,0.516449,0.040344,0.855347,-39.142960,1.680335,52.305680,-0.645884,0.294927,0.704143,-59.5528259,11,74.5565262,31.5993557,Building,Surface,3.533691,3.571518,0.641375,0.000000,-39.193140,1.687640,52.290230,343.340200,284.826800,1.281827,104.047200,98.172010,0.300000,1000.000000,0.900730,2468,2740,50.000000,off,,0,-1,0,1,1
1766648271606,2025-12-25 15:37:51.606,478.553000,16.871490,23,8,2,0.013169,0.004979,-0.045391,0.480286,0.042053,0.876099,-39.145900,1.679701,52.291860,-0.666601,0.301179,0.681855,-59.7745743,11,73.3925781,30.9459229,Building,Surface,3.539734,3.243393,0.039600,0.000000,-39.192730,1.687774,52.291250,343.259600,285.465000,1.067273,104.047200,98.172010,0.300000,1000.000000,0.900730,2468,2740,50.000000,off,,0,-1,0,1,1
1766648271616,2025-12-25 15:37:51.616,478.564200,16.882630,23,8,2,0.023355,0.001653,-0.034474,0.671707,0.136368,0.728134,-39.153650,1.679819,52.305320,-0.443329,0.350621,0.824919,-50.9381866,11,74.2332535,26.5814877,Building,Surface,4.262741,3.573624,164.203800,0.000000,-39.192380,1.687881,52.292220,343.185200,286.099600,0.843332,104.047200,98.172010,0.300000,1000.000000,0.900730,2468,2740,50.000000,off,,0,-1,0,1,1
1766648271628,2025-12-25 15:37:51.628,478.575200,16.893650,23,8,2,-0.029913,0.001109,-0.035560,0.507233,0.141159,0.850159,-39.167880,1.678367,52.254640,-0.592767,0.387391,0.706071,-53.4313889,11,69.2445374,24.0623665,Building,Surface,3.903366,3.865234,0.010084,0.000000,-39.192070,1.687953,52.293160,343.113100,286.723300,0.633879,104.047200,98.172010,0.300000,1000.000000,0.900730,2468,2740,50.000000,off,,0,-1,0,1,1
1766648271639,2025-12-25 15:37:51.639,478.586400,16.904850,23,8,2,-0.029913,0.001109,-0.035560,0.507233,0.141159,0.850159,-39.167960,1.678541,52.255260,-0.585227,0.386923,0.712588,-53.2668076,11,69.4224014,24.0910339,Building,Surface,3.903366,3.865234,0.010084,0.000000,-39.191770,1.688084,52.294030,343.042100,287.318600,0.465428,104.047200,98.172010,0.300000,1000.000000,0.900730,2468,2740,50.000000,off,,0,-1,0,1,1
1766648271650,2025-12-25 15:37:51.650,478.597500,16.915950,23,8,2,0.013169,0.004979,-0.045391,0.480286,0.042053,0.876099,-39.144680,1.679768,52.293630,-0.637838,0.299558,0.709521,-58.9899025,11,74.3691483,31.1131668,Building,Surface,3.539734,3.243393,0.161332,0.000000,-39.191430,1.688237,52.294870,342.959900,287.837100,0.326812,104.047200,98.172010,0.300000,1000.000000,0.900730,2468,2740,50.000000,off,,0,-1,0,1,1
1766648271661,2025-12-25 15:37:51.661,478.608600,16.927000,23,8,2,0.023355,0.001653,-0.034474,0.671707,0.136368,0.728134,-39.152020,1.679902,52.307260,-0.410462,0.347136,0.843198,-50.1723366,11.000001,74.9459076,26.8480873,Building,Surface,4.262741,3.573624,2.581371,0.000000,-39.191130,1.688399,52.295620,342.865500,288.340100,0.205483,104.047200,98.172010,0.300000,1000.000000,0.900730,2468,2740,50.000000,off,,0,-1,0,1,1
1766648271672,2025-12-25 15:37:51.672,478.619700,16.938140,23,8,2,0.023355,0.001653,-0.034474,0.671707,0.136368,0.728134,-39.151720,1.680002,52.307680,-0.403806,0.347480,0.846265,-49.9824753,11,75.0059204,26.8212242,Building,Surface,4.262741,3.573624,2.581371,0.000000,-39.190890,1.688584,52.296320,342.767200,288.765100,0.135840,104.047200,98.172010,0.300000,1000.000000,0.900730,2468,2740,50.000000,off,,0,-1,0,1,1
1766648271683,2025-12-25 15:37:51.683,478.630800,16.949250,23,8,2,-0.031729,0.000919,-0.035132,0.496948,0.121903,0.859161,-39.169140,1.679025,52.255940,-0.576815,0.373056,0.726698,-53.581131,11,70.4128265,24.9851627,Building,Surface,3.834198,3.870270,2.581371,0.000000,-39.190630,1.688657,52.297020,342.654500,289.183500,0.066764,104.047200,98.172010,0.300000,1000.000000,0.900730,2468,2740,50.000000,off,,0,-1,0,1,1
1766648271694,2025-12-25 15:37:51.694,478.641900,16.960390,23,8,2,-0.029834,0.000792,-0.034718,0.479874,0.126709,0.868118,-39.168980,1.679128,52.258370,-0.583801,0.381423,0.716698,-53.4353943,11,69.7723923,24.4366493,Building,Surface,3.784409,3.818878,0.160371,0.000000,-39.190410,1.688797,52.297650,342.550400,289.565400,0.028285,104.047200,98.172010,0.300000,1000.000000,0.900730,2468,2740,50.000000,off,,0,-1,0,1,1
1766648271705,2025-12-25 15:37:51.705,478.653000,16.971500,23,8,2,-0.022480,0.000800,-0.034492,0.442535,0.130112,0.887253,-39.166680,1.679271,52.265800,-0.607671,0.391312,0.691083,-53.6409035,11,68.7268295,23.8189964,Building,Surface,3.848816,3.802536,0.160355,0.000000,-39.190160,1.688898,52.298230,342.472900,289.932300,0.005281,104.047200,98.172010,0.300000,1000.000000,0.900730,2468,2740,50.000000,off,,0,-1,0,1,1
1766648271717,2025-12-25 15:37:51.717,478.664700,16.983120,23,8,2,-0.022480,0.000800,-0.034492,0.442535,0.130112,0.887253,-39.166660,1.679337,52.266220,-0.602890,0.391900,0.694926,-53.505352,11,68.7938309,23.7830791,Building,Surface,3.848816,3.802536,0.160355,0.000000,-39.189930,1.688986,52.298800,342.419400,290.301800,359.982800,104.047200,98.172010,0.300000,1000.000000,0.900730,2468,2740,50.000000,off,,0,-1,0,1,1
1766648271728,2025-12-25 15:37:51.728,478.675200,16.993650,23,8,2,-0.020864,0.000803,-0.034289,0.424652,0.124573,0.896729,-39.166130,1.679347,52.268210,-0.614761,0.390336,0.685329,-53.8457336,11,68.6328735,23.8781681,Building,Surface,3.772720,3.664505,0.641437,0.000000,-39.189580,1.688967,52.299340,342.368600,290.639300,0.000549,104.047200,98.172010,0.300000,1000.000000,0.900730,2468,2740,50.000000,off,,0,-1,0,1,1
1766648271739,2025-12-25 15:37:51.739,478.686600,17.005000,23,8,2,-0.004954,0.000961,-0.034234,0.354477,0.090073,0.930710,-39.160400,1.679552,52.283420,-0.675922,0.368039,0.638486,-56.2778664,11.000001,68.4528351,25.3244629,Building,Surface,3.712189,3.705566,0.039847,0.000000,-39.189360,1.689013,52.299820,342.358900,290.960800,0.025007,104.047200,98.172010,0.300000,1000.000000,0.900730,2468,2740,50.000000,off,,0,-1,0,1,1
1766648271750,2025-12-25 15:37:51.750,478.697400,17.015900,23,8,2,-0.004954,0.000961,-0.034234,0.354477,0.090073,0.930710,-39.160230,1.679544,52.283720,-0.672540,0.368307,0.641894,-56.1796684,11,68.527626,25.3060627,Building,Surface,3.712189,3.705566,0.039847,0.000000,-39.189110,1.689010,52.300270,342.355800,291.257900,0.062636,104.047200,98.172010,0.300000,1000.000000,0.900730,2468,2740,50.000000,off,,0,-1,0,1,1
1766648271761,2025-12-25 15:37:51.761,478.708500,17.026950,23,26,2,-0.022480,0.000800,-0.034492,0.442535,0.130112,0.887253,-60.766370,1.679233,46.767620,-0.587249,0.393602,0.707248,-62.9960938,3.17370057,49.4529724,3.79686832,Building,Surface,3.848816,3.802536,0.010022,0.000000,-60.788910,1.688960,46.800680,342.357900,291.535100,0.096555,104.047200,98.172010,0.300000,1000.000000,0.900730,2468,2740,50.000000,off,,0.317811757,0,-0.948153913,1,1
1766648271772,2025-12-25 15:37:51.772,478.719600,17.038020,23,26,2,-0.020864,0.000803,-0.034289,0.424652,0.124573,0.896729,-60.765910,1.679305,46.769450,-0.600554,0.391455,0.697186,-63.0592499,3.17415667,49.431797,3.81865001,Building,Surface,3.772720,3.664505,0.158406,0.000000,-60.788720,1.688979,46.801050,342.355300,291.795600,0.131915,104.047200,98.172010,0.300000,1000.000000,0.900730,2468,2740,50.000000,off,,0.317811757,0,-0.948153913,1,1
1766648271783,2025-12-25 15:37:51.783,478.730700,17.049190,23,26,2,-0.011162,0.000792,-0.034039,0.348007,0.091278,0.933029,-60.762450,1.679365,46.778760,-0.667558,0.370978,0.645544,-63.3909836,3.14010191,49.3206062,3.93750072,Building,Surface,3.707382,3.705444,0.000619,0.000000,-60.788530,1.688966,46.801370,342.346200,292.049800,0.180369,104.047200,98.172010,0.300000,1000.000000,0.900730,2468,2740,50.000000,off,,0.317811757,0,-0.948153913,1,1
1766648271794,2025-12-25 15:37:51.794,478.741800,17.060270,23,26,2,-0.011162,0.000792,-0.034039,0.348007,0.091278,0.933029,-60.762340,1.679344,46.779000,-0.665005,0.371148,0.648075,-63.3756256,3.13785243,49.3257523,3.92969012,Building,Surface,3.707382,3.705444,0.000619,0.000000,-60.788340,1.688950,46.801720,342.351600,292.274500,0.223838,104.047200,98.172010,0.300000,1000.000000,0.900730,2468,2740,50.000000,off,,0.317811757,0,-0.948153913,1,1
1766648271805,2025-12-25 15:37:51.805,478.753000,17.071470,23,26,2,-0.007130,0.000819,-0.034079,0.319916,0.091049,0.943054,-60.760600,1.679280,46.782920,-0.681729,0.374142,0.628690,-63.4800186,3.17173147,49.2907639,3.98897266,Building,Surface,3.723480,3.700378,0.040336,0.000000,-60.788080,1.688863,46.802040,342.353700,292.531900,0.282075,104.047200,98.172010,0.300000,1000.000000,0.900730,2468,2740,50.000000,off,,0.317811757,0,-0.948153913,1,1
1766648271816,2025-12-25 15:37:51.816,478.764100,17.082520,23,26,2,-0.006800,0.000767,-0.034032,0.308304,0.085739,0.947403,-60.760390,1.679198,46.783460,-0.689157,0.370579,0.622662,-63.5204544,3.1633606,49.2772102,4.00493097,Building,Surface,3.695648,3.734314,0.641406,0.000000,-60.787870,1.688818,46.802360,342.362500,292.746500,0.354042,104.047200,98.172010,0.300000,1000.000000,0.900730,2468,2740,50.000000,off,,0.317811757,0,-0.948153913,1,1
1766648271828,2025-12-25 15:37:51.828,478.775200,17.093630,23,26,2,-0.006800,0.000767,-0.034032,0.308304,0.085739,0.947403,-60.760310,1.679132,46.783680,-0.686440,0.370800,0.625526,-63.5030632,3.16070533,49.2830391,3.99556327,Building,Surface,3.695648,3.734314,0.641406,0.000000,-60.787710,1.688756,46.802700,342.370400,292.994800,0.420555,104.047200,98.172010,0.300000,1000.000000,0.900730,2468,2740,50.000000,off,,0.317811757,0,-0.948153913,1,1
1766648271838,2025-12-25 15:37:51.838,478.786300,17.104740,23,26,2,-0.011005,0.000679,-0.034023,0.287262,0.081329,0.954376,-60.761940,1.678973,46.780020,-0.699589,0.369313,0.611679,-63.5909805,3.17242455,49.2535667,4.0437994,Building,Surface,3.700378,3.696014,0.040335,0.000000,-60.787570,1.688735,46.802990,342.345400,293.204700,0.497269,104.047200,98.172010,0.300000,1000.000000,0.900730,2468,2740,50.000000,off,,0.317811757,0,-0.948153913,1,1
1766648271850,2025-12-25 15:37:51.850,478.797400,17.115880,23,26,2,-0.011553,0.000488,-0.033663,0.260529,0.080612,0.962082,-60.762450,1.678939,46.779880,-0.714585,0.371525,0.592717,-63.7005005,3.20647931,49.2168617,4.11149216,Building,Surface,3.738632,3.758041,0.039602,0.000000,-60.787400,1.688809,46.803280,342.310000,293.427700,0.549998,104.047200,98.172010,0.300000,1000.000000,0.900730,2468,2740,50.000000,off,,0.317811757,0,-0.948153913,1,1
1766648271861,2025-12-25 15:37:51.861,478.808500,17.126920,23,26,2,-0.006800,0.000767,-0.034032,0.308304,0.085739,0.947403,-60.760030,1.679120,46.784240,-0.678398,0.373615,0.632584,-63.4565277,3.16416574,49.2986374,3.97475219,Building,Surface,3.695648,3.734314,0.010023,0.000000,-60.787190,1.688835,46.803560,342.246000,293.645200,0.599478,104.047200,98.172010,0.300000,1000.000000,0.900730,2468,2740,50.000000,off,,0.317811757,0,-0.948153913,1,1
1766648271872,2025-12-25 15:37:51.872,478.819500,17.138000,23,26,2,-0.006800,0.000767,-0.034032,0.308304,0.085739,0.947403,-60.759950,1.679136,46.784420,-0.675488,0.374940,0.634910,-63.4405518,3.16704512,49.3039932,3.9683423,Building,Surface,3.695648,3.734314,0.010023,0.000000,-60.787020,1.688897,46.803830,342.173900,293.865900,0.643205,104.047200,98.172010,0.300000,1000.000000,0.900730,2468,2740,50.000000,off,,0.317811757,0,-0.948153913,1,1
1766648271882,2025-12-25 15:37:51.882,478.830700,17.149170,23,26,2,-0.011005,0.000679,-0.034023,0.287262,0.081329,0.954376,-60.761630,1.678980,46.780760,-0.688571,0.373976,0.621272,-63.5263214,3.18053722,49.275238,4.01505089,Building,Surface,3.700378,3.696014,0.010083,0.000000,-60.786850,1.688915,46.804090,342.106600,294.081300,0.703598,104.047200,98.172010,0.300000,1000.000000,0.900730,2468,2740,50.000000,off,,0.317811757,0,-0.948153913,1,1
1766648271894,2025-12-25 15:37:51.894,478.841900,17.160310,23,26,2,-0.005172,0.000610,-0.033791,0.243393,0.069839,0.967392,-60.759320,1.679014,46.786390,-0.718510,0.367688,0.590350,-63.7125244,3.19027567,49.2128296,4.11010122,Building,Surface,3.721954,3.807053,0.009900,0.000000,-60.786640,1.688913,46.804410,342.053100,294.297100,0.783125,104.047200,98.172010,0.300000,1000.000000,0.900730,2468,2740,50.000000,off,,0.317811757,0,-0.948153913,1,1
1766648271905,2025-12-25 15:37:51.905,478.852900,17.171330,23,26,2,-0.005172,0.000610,-0.033791,0.243393,0.069839,0.967392,-60.759190,1.678974,46.786590,-0.716002,0.368496,0.592889,-63.6959496,3.19039798,49.2183876,4.10153246,Building,Surface,3.721954,3.807053,0.009900,0.000000,-60.786440,1.688897,46.804700,342.023900,294.517900,0.870257,104.047200,98.172010,0.300000,1000.000000,0.900730,2468,2740,50.000000,off,,0.317811757,0,-0.948153913,1,1
1766648271917,2025-12-25 15:37:51.917,478.864000,17.182500,23,26,2,0.004130,0.000796,-0.033985,0.243881,0.055054,0.968231,-60.754890,1.679217,46.795130,-0.717972,0.355460,0.598452,-63.671814,3.12335205,49.2264786,4.06268215,Building,Surface,3.746765,3.775421,0.009900,0.000000,-60.786210,1.688900,46.805030,341.994900,294.747100,0.945514,104.047200,98.172010,0.300000,1000.000000,0.900730,2468,2740,50.000000,off,,0.317811757,0,-0.948153913,1,1
1766648271927,2025-12-25 15:37:51.927,478.875200,17.193600,23,26,2,0.008444,0.000927,-0.034190,0.209580,0.048111,0.976593,-60.752690,1.679330,46.799070,-0.738969,0.351599,0.574696,-63.8130722,3.13544965,49.1791306,4.1413641,Building,Surface,3.670059,3.788345,0.158398,0.000000,-60.786020,1.688892,46.805310,341.965400,294.990700,1.010385,104.047200,98.172010,0.300000,1000.000000,0.900730,2468,2740,50.000000,off,,0.317811757,0,-0.948153913,1,1
1766648271939,2025-12-25 15:37:51.939,478.886700,17.205110,23,26,2,0.006908,0.000966,-0.034354,0.205521,0.046158,0.977554,-60.753050,1.679303,46.797780,-0.739432,0.350874,0.574552,-63.8163567,3.13289881,49.1780243,4.14274836,Building,Surface,3.724243,3.787796,0.629687,0.000000,-60.785840,1.688923,46.805610,341.921100,295.225700,1.067655,104.047200,98.172010,0.300000,1000.000000,0.900730,2468,2740,50.000000,off,,0.317811757,0,-0.948153913,1,1
1766648271950,2025-12-25 15:37:51.950,478.897400,17.215880,23,26,2,0.006908,0.000966,-0.034354,0.205521,0.046158,0.977554,-60.752850,1.679264,46.797950,-0.736927,0.351932,0.577117,-63.7992935,3.13414598,49.1837463,4.13394785,Building,Surface,3.724243,3.787796,0.629687,0.000000,-60.785600,1.688916,46.805900,341.860300,295.439800,1.094049,104.047200,98.172010,0.300000,1000.000000,0.900730,2468,2740,50.000000,off,,0.317811757,0,-0.948153913,1,1
1766648271960,2025-12-25 15:37:51.960,478.908400,17.226900,23,26,2,0.004446,0.000807,-0.034090,0.189713,0.049164,0.980606,-60.754100,1.679135,46.796040,-0.743336,0.356266,0.566147,-63.8616562,3.16852069,49.1628456,4.18053818,Building,Surface,3.734528,3.820694,10.262740,0.000000,-60.785470,1.688925,46.806180,341.815200,295.642200,1.124235,104.047200,98.172010,0.300000,1000.000000,0.900730,2468,2740,50.000000,off,,0.317811757,0,-0.948153913,1,1
1766648271971,2025-12-25 15:37:51.971,478.919600,17.238010,23,26,2,0.009757,0.000862,-0.034243,0.161453,0.028778,0.986450,-60.751480,1.679239,46.800880,-0.764128,0.338998,0.548788,-63.9834251,3.11305976,49.1220284,4.22954178,Building,Surface,3.702057,3.886353,0.158406,0.000000,-60.785290,1.688949,46.806430,341.769000,295.841100,1.143175,104.047200,98.172010,0.300000,1000.000000,0.900730,2468,2740,50.000000,off,,0.317811757,0,-0.948153913,1,1
1766648271983,2025-12-25 15:37:51.983,478.930600,17.249050,23,26,2,0.009757,0.000862,-0.034243,0.161453,0.028778,0.986450,-60.751360,1.679232,46.801020,-0.762402,0.339523,0.550860,-63.9699364,3.11257124,49.126545,4.22158337,Building,Surface,3.702057,3.886353,0.158406,0.000000,-60.785160,1.688954,46.806670,341.740700,296.003800,1.168603,104.047200,98.172010,0.300000,1000.000000,0.900730,2468,2740,50.000000,off,,0.317811757,0,-0.948153913,1,1
1766648271994,2025-12-25 15:37:51.994,478.941700,17.260160,23,26,2,0.006908,0.000966,-0.034354,0.205521,0.046158,0.977554,-60.752370,1.679222,46.798560,-0.728779,0.354662,0.585729,-63.7433929,3.13480949,49.2024841,4.10411882,Building,Surface,3.724243,3.787796,0.010023,0.000000,-60.784990,1.688953,46.806910,341.707000,296.153700,1.179078,104.047200,98.172010,0.300000,1000.000000,0.900730,2468,2740,50.000000,off,,0.317811757,0,-0.948153913,1,1
1766648272005,2025-12-25 15:37:52.005,478.952900,17.271300,23,26,2,0.004446,0.000807,-0.034090,0.189713,0.049164,0.980606,-60.753610,1.679094,46.796640,-0.735970,0.358532,0.574281,-63.8087463,3.16742134,49.1805801,4.15116119,Building,Surface,3.734528,3.820694,0.161332,0.000000,-60.784840,1.688953,46.807140,341.685900,296.306100,1.188886,104.047200,98.172010,0.300000,1000.000000,0.900730,2468,2740,50.000000,off,,0.317811757,0,-0.948153913,1,1
1766648272016,2025-12-25 15:37:52.016,478.964000,17.282410,23,26,2,0.008701,0.000909,-0.034444,0.152130,0.023026,0.988083,-60.751250,1.679147,46.800420,-0.764680,0.335975,0.549880,-63.9809113,3.09815598,49.1228638,4.22351599,Building,Surface,3.728592,3.835068,10.263710,0.000000,-60.784690,1.688956,46.807370,341.647500,296.456400,1.196619,104.047200,98.172010,0.300000,1000.000000,0.900730,2468,2740,50.000000,off,,0.317811757,0,-0.948153913,1,1
1766648272027,2025-12-25 15:37:52.027,478.975000,17.293490,23,26,2,0.008701,0.000909,-0.034444,0.152130,0.023026,0.988083,-60.751170,1.679156,46.800580,-0.763334,0.336482,0.551436,-63.9706192,3.09830499,49.1263199,4.21756697,Building,Surface,3.728592,3.835068,10.263710,0.000000,-60.784600,1.688981,46.807600,341.618100,296.579600,1.208568,104.047200,98.172010,0.300000,1000.000000,0.900730,2468,2740,50.000000,off,,0.317811757,0,-0.948153913,1,1
1766648272039,2025-12-25 15:37:52.039,478.986200,17.304630,23,26,2,0.008634,0.000989,-0.034701,0.141235,0.019501,0.989777,-60.750880,1.679128,46.800530,-0.769044,0.334308,0.544789,-64.0136719,3.09748411,49.1118851,4.24263334,Building,Surface,3.695694,3.806778,0.641406,0.000000,-60.784480,1.688988,46.807810,341.566700,296.722400,1.216529,104.047200,98.172010,0.300000,1000.000000,0.900730,2468,2740,50.000000,off,,0.317811757,0,-0.948153913,1,1
1766648272050,2025-12-25 15:37:52.050,478.997200,17.315670,23,26,2,0.007514,0.000947,-0.034699,0.136978,0.029037,0.990143,-60.751260,1.679095,46.799740,-0.767192,0.343866,0.541444,-64.022995,3.14553261,49.1087646,4.26453924,Building,Surface,3.691574,3.915985,10.325970,0.000000,-60.784310,1.689034,46.808080,341.537500,296.864600,1.220172,104.047200,98.172010,0.300000,1000.000000,0.900730,2468,2740,50.000000,off,,0.317811757,0,-0.948153913,1,1
1766648272060,2025-12-25 15:37:52.060,479.008300,17.326780,23,26,2,0.007514,0.000947,-0.034699,0.136978,0.029037,0.990143,-60.751140,1.679076,46.799930,-0.765418,0.344612,0.543477,-64.0093002,3.14598775,49.1133499,4.25668383,Building,Surface,3.691574,3.915985,10.325970,0.000000,-60.784170,1.689043,46.808370,341.490400,297.025600,1.212667,104.047200,98.172010,0.300000,1000.000000,0.900730,2468,2740,50.000000,off,,0.317811757,0,-0.948153913,1,1
1766648272072,2025-12-25 15:37:52.072,479.019500,17.337950,23,26,2,0.011967,0.001048,-0.034851,0.121002,0.021790,0.992401,-60.748790,1.679264,46.804050,-0.774703,0.339016,0.533741,-64.0707474,3.13297868,49.0927505,4.28799248,Building,Surface,3.725052,3.858002,0.010145,0.000000,-60.784000,1.689127,46.808720,341.435700,297.205300,1.206084,104.047200,98.172010,0.300000,1000.000000,0.900730,2468,2740,50.000000,off,,0.317811757,0,-0.948153913,1,1
1766648272083,2025-12-25 15:37:52.083,479.030600,17.349030,23,26,2,0.014592,0.001103,-0.034958,0.108154,0.011185,0.994064,-60.747340,1.679355,46.806550,-0.782565,0.330412,0.527643,-64.1157303,3.10154486,49.0776787,4.30426502,Building,Surface,3.795135,3.833328,2.565685,0.000000,-60.783860,1.689193,46.809080,341.363300,297.425500,1.200346,104.047200,98.172010,0.300000,1000.000000,0.900730,2468,2740,50.000000,off,,0.317811757,0,-0.948153913,1,1
1766648272093,2025-12-25 15:37:52.093,479.041700,17.360140,23,26,2,0.007514,0.000947,-0.034699,0.136978,0.029037,0.990143,-60.750710,1.679197,46.800720,-0.757626,0.348092,0.552109,-63.9510117,3.14957738,49.1328964,4.22409201,Building,Surface,3.691574,3.915985,10.075970,0.000000,-60.783600,1.689288,46.809540,341.275800,297.720100,1.214155,104.047200,98.172010,0.300000,1000.000000,0.900730,2468,2740,50.000000,off,,0.317811757,0,-0.948153913,1,1
1766648272105,2025-12-25 15:37:52.105,479.052800,17.371280,23,26,2,0.007514,0.000947,-0.034699,0.136978,0.029037,0.990143,-60.750490,1.679240,46.801170,-0.754171,0.349518,0.555924,-63.9253731,3.15063024,49.1414795,4.20974684,Building,Surface,3.691574,3.915985,10.075970,0.000000,-60.783320,1.689374,46.810160,341.193500,298.029700,1.255661,104.047200,98.172010,0.300000,1000.000000,0.900730,2468,2740,50.000000,off,,0.317811757,0,-0.948153913,1,1
1766648272116,2025-12-25 15:37:52.116,479.063900,17.382350,23,26,2,0.011967,0.001048,-0.034851,0.121002,0.021790,0.992401,-60.747950,1.679490,46.805380,-0.761143,0.343954,0.549849,-63.9638939,3.13274527,49.1285744,4.22509623,Building,Surface,3.725052,3.858002,0.159375,0.000000,-60.783000,1.689499,46.810810,341.146800,298.473200,1.326007,104.047200,98.172010,0.300000,1000.000000,0.900730,2468,2740,50.000000,off,,0.317811757,0,-0.948153913,1,1
1766648272127,2025-12-25 15:37:52.127,479.075100,17.393550,23,26,2,0.008887,0.000775,-0.034288,0.110611,0.028091,0.993454,-60.749660,1.679370,46.803380,-0.760479,0.351246,0.546143,-63.9799118,3.17134023,49.1232071,4.24759579,Building,Surface,3.785294,3.962402,0.159375,0.000000,-60.782620,1.689548,46.811480,341.080600,298.944000,1.404341,104.047200,98.172010,0.300000,1000.000000,0.900730,2468,2740,50.000000,off,,0.317811757,0,-0.948153913,1,1
1766648272139,2025-12-25 15:37:52.139,479.086200,17.404660,23,26,2,0.009081,0.001035,-0.034732,0.162582,0.032562,0.986145,-60.748810,1.679496,46.803790,-0.721596,0.355588,0.593997,-63.6861038,3.12693477,49.2216873,4.0705018,Building,Surface,3.894455,3.857513,0.162312,0.000000,-60.782210,1.689592,46.812290,341.016500,299.498900,1.497826,104.047200,98.172010,0.300000,1000.000000,0.900730,2468,2740,50.000000,off,,0.317811757,0,-0.948153913,1,1
1766648272150,2025-12-25 15:37:52.150,479.097200,17.415680,23,26,2,0.009081,0.001035,-0.034732,0.162582,0.032562,0.986145,-60.748420,1.679554,46.804300,-0.714981,0.356717,0.601274,-63.6409531,3.12269211,49.236824,4.04555988,Building,Surface,3.894455,3.857513,0.162312,0.000000,-60.781730,1.689672,46.813140,340.958400,300.099600,1.571231,104.047200,98.172010,0.300000,1000.000000,0.900730,2468,2740,50.000000,off,,0.317811757,0,-0.948153913,1,1
1766648272160,2025-12-25 15:37:52.160,479.108300,17.426760,23,26,2,-0.021043,0.000376,-0.033717,0.422104,0.157303,0.892792,-60.764720,1.678478,46.779730,-0.464326,0.451977,0.761650,-62.4964981,3.3641994,49.6204262,3.72964764,Building,Surface,4.179550,4.094849,0.000156,0.000000,-60.781300,1.689717,46.814060,340.896100,300.723900,1.609232,104.047200,98.172010,0.300000,1000.000000,0.900730,2468,2740,50.000000,off,,0.317811757,0,-0.948153913,1,1
1766648272172,2025-12-25 15:37:52.172,479.119500,17.437930,23,26,2,-0.002784,0.001104,-0.034779,0.619324,0.171219,0.766220,-60.753890,1.679352,46.795270,-0.245156,0.429914,0.868932,-61.6427612,3.23810983,49.9457932,3.62568951,Building,Surface,4.390045,4.413834,0.009778,0.000000,-60.780760,1.689804,46.814960,340.831200,301.378700,1.632426,104.047200,98.172010,0.300000,1000.000000,0.900730,2468,2740,50.000000,off,,0.488449693,0,-0.872592092,1,1
1766648272183,2025-12-25 15:37:52.183,479.130500,17.448970,23,26,2,-0.002784,0.001104,-0.034779,0.619324,0.171219,0.766220,-60.753590,1.679383,46.795880,-0.234065,0.430942,0.871478,-61.6052475,3.24738646,49.9667969,3.6384964,Building,Surface,4.390045,4.413834,0.009778,0.000000,-60.780200,1.689880,46.815880,340.755700,302.075900,1.647762,104.047200,98.172010,0.300000,1000.000000,0.900730,2468,2740,50.000000,off,,0.488449693,0,-0.872592092,1,1
1766648272193,2025-12-25 15:37:52.193,479.141600,17.460080,23,26,2,-0.003328,0.001403,-0.035801,0.703293,0.121292,0.700455,-60.752620,1.679356,46.795450,-0.136986,0.365182,0.920786,-61.2536964,3.01515031,50.163578,3.65783167,Building,Surface,4.445831,4.795166,0.040335,0.000000,-60.779560,1.689969,46.816830,340.677500,302.822700,1.640385,104.047200,98.172010,0.300000,1000.000000,0.900730,2468,2740,50.000000,off,,0.488449693,0,-0.872592092,1,1
1766648272205,2025-12-25 15:37:52.205,479.152800,17.471280,23,26,2,-0.033986,0.000374,-0.034763,0.629990,0.174820,0.756653,-60.770500,1.677906,46.771530,-0.195766,0.433101,0.879813,-61.495182,3.28115082,50.0284042,3.70172811,Building,Surface,4.302979,4.533295,0.000630,0.000000,-60.778870,1.690015,46.817870,340.599900,303.576300,1.633843,104.047200,98.172010,0.300000,1000.000000,0.900730,2468,2740,50.000000,off,,0.488449693,0,-0.872592092,1,1
1766648272216,2025-12-25 15:37:52.216,479.163800,17.482300,23,26,2,-0.033986,0.000374,-0.034763,0.629990,0.174820,0.756653,-60.770430,1.678024,46.772440,-0.182222,0.433003,0.882766,-61.4479828,3.28805566,50.0548248,3.71824098,Building,Surface,4.302979,4.533295,0.000630,0.000000,-60.778090,1.690125,46.818900,340.565600,304.446300,1.586461,104.047200,98.172010,0.300000,1000.000000,0.900730,2468,2740,50.000000,off,,0.488449693,0,-0.872592092,1,1
1766648272228,2025-12-25 15:37:52.228,479.174900,17.493380,23,26,2,-0.002784,0.001104,-0.034779,0.619324,0.171219,0.766220,-60.751820,1.679522,46.798520,-0.182219,0.432555,0.882986,-61.4263153,3.28065491,50.0669556,3.70151877,Building,Surface,4.390045,4.413834,0.000039,0.000000,-60.777210,1.690158,46.819990,340.504300,305.367700,1.520744,104.047200,98.172010,0.300000,1000.000000,0.900730,2468,2740,50.000000,off,,0.488449693,0,-0.872592092,1,1
1766648272239,2025-12-25 15:37:52.239,479.186900,17.505370,23,26,2,-0.003328,0.001403,-0.035801,0.703293,0.121292,0.700455,-60.750810,1.679532,46.798130,-0.080554,0.365523,0.927293,-61.0529251,3.0504353,50.2759628,3.75046468,Building,Surface,4.445831,4.795166,0.000154,0.000000,-60.776380,1.690278,46.821050,340.435200,306.265700,1.444703,104.047200,98.172010,0.300000,1000.000000,0.900730,2468,2740,50.000000,off,,0.488449693,0,-0.872592092,1,1
1766648272250,2025-12-25 15:37:52.250,479.197200,17.515660,23,26,2,-0.033377,0.000518,-0.035275,0.620255,0.152710,0.769379,-60.769210,1.678312,46.775500,-0.159332,0.416203,0.895192,-61.3614998,3.22547984,50.1032333,3.71730375,Building,Surface,4.412399,4.371750,0.000155,0.000000,-60.775410,1.690424,46.822120,340.357800,307.220600,1.353281,104.047200,98.172010,0.300000,1000.000000,0.900730,2468,2740,50.000000,off,,0.488449693,0,-0.872592092,1,1
1766648272261,2025-12-25 15:37:52.261,479.208300,17.526790,23,26,2,-0.033377,0.000518,-0.035275,0.620255,0.152710,0.769379,-60.769010,1.678390,46.776410,-0.143930,0.416081,0.897853,-61.3071861,3.23418951,50.1336365,3.73913598,Building,Surface,4.412399,4.371750,0.000155,0.000000,-60.774420,1.690491,46.823130,340.279800,308.183300,1.251544,104.047200,98.172010,0.300000,1000.000000,0.900730,2468,2740,50.000000,off,,0.488449693,0,-0.872592092,1,1
1766648272272,2025-12-25 15:37:52.272,479.219500,17.537900,23,26,2,-0.033008,0.000199,-0.034470,0.613388,0.178452,0.769348,-60.769210,1.678502,46.778210,-0.125962,0.439868,0.889177,-61.2491455,3.35447478,50.1661263,3.81014538,Building,Surface,4.213791,4.400192,0.000619,0.000000,-60.773380,1.690605,46.824180,340.201600,309.174900,1.132885,104.047200,98.172010,0.300000,1000.000000,0.900730,2468,2740,50.000000,off,,0.488449693,0,-0.872592092,1,1
1766648272282,2025-12-25 15:37:52.282,479.230500,17.548950,23,26,2,-0.033794,0.000007,-0.034121,0.590500,0.178162,0.787109,-60.769710,1.678522,46.778900,-0.137204,0.445360,0.884761,-61.2913246,3.37165904,50.1425171,3.8016746,Building,Surface,4.148254,4.399872,0.000010,0.000000,-60.772250,1.690697,46.825290,340.084400,310.195000,1.007377,104.047200,98.172010,0.300000,1000.000000,0.900730,2468,2740,50.000000,off,,0.488449693,0,-0.872592092,1,1
1766648272294,2025-12-25 15:37:52.294,479.241900,17.560390,23,26,2,-0.033794,0.000007,-0.034121,0.590500,0.178162,0.787109,-60.769420,1.678710,46.779950,-0.120334,0.445527,0.887130,-61.2301788,3.38462138,50.1767502,3.82892466,Building,Surface,4.148254,4.399872,0.000010,0.000000,-60.771110,1.690880,46.826370,339.961200,311.243600,0.874036,104.047200,98.172010,0.300000,1000.000000,0.900730,2468,2740,50.000000,off,,0.488449693,0,-0.872592092,1,1
1766648272305,2025-12-25 15:37:52.305,479.252700,17.571170,23,26,2,-0.033633,0.000725,-0.036465,0.516663,0.136551,0.845215,-60.767190,1.678751,46.779450,-0.203098,0.426210,0.881516,-61.5133896,3.24468255,50.0182114,3.67403746,Building,Surface,4.579178,4.198425,0.000155,0.000000,-60.769910,1.691067,46.827430,339.801600,312.334400,0.737240,104.047200,98.172010,0.300000,1000.000000,0.900730,2468,2740,50.000000,off,,0.488449693,0,-0.872592092,1,1
1766648272316,2025-12-25 15:37:52.316,479.263900,17.582310,23,26,2,-0.026341,-0.000043,-0.033929,0.484482,0.165070,0.859070,-60.763780,1.679182,46.787580,-0.209578,0.458638,0.863539,-61.5437241,3.38600111,50.001236,3.72144103,Building,Surface,4.204102,4.074570,0.000153,0.000000,-60.768680,1.691296,46.828500,339.619100,313.453100,0.596945,104.047200,98.172010,0.300000,1000.000000,0.900730,2468,2740,50.000000,off,,0.488449693,0,-0.872592092,1,1
1766648272327,2025-12-25 15:37:52.327,479.274900,17.593320,23,26,2,-0.033794,0.000007,-0.034121,0.590500,0.178162,0.787109,-60.768380,1.679300,46.783110,-0.065600,0.447735,0.891742,-61.0264168,3.4404788,50.290802,3.93347692,Building,Surface,4.148254,4.399872,0.000039,0.000000,-60.767350,1.691533,46.829540,339.433200,314.585200,0.458348,104.047200,98.172010,0.300000,1000.000000,0.900730,2468,2740,50.000000,off,,0.488449693,0,-0.872592092,1,1
1766648272338,2025-12-25 15:37:52.338,479.286200,17.604640,23,26,2,-0.033794,0.000007,-0.034121,0.590500,0.178162,0.787109,-60.768030,1.679473,46.784200,-0.046958,0.448479,0.892543,-60.954628,3.4616406,50.3309898,3.97374701,Building,Surface,4.148254,4.399872,0.000039,0.000000,-60.766070,1.691728,46.830590,339.250600,315.720600,0.313155,104.047200,98.172010,0.300000,1000.000000,0.900730,2468,2740,50.000000,off,,0.488449693,0,-0.872592092,1,1
1766648272350,2025-12-25 15:37:52.350,479.297200,17.615630,23,26,2,-0.033633,0.000725,-0.036465,0.516663,0.136551,0.845215,-60.765770,1.679572,46.783550,-0.129442,0.430880,0.893063,-61.2555275,3.30985546,50.1625557,3.78356504,Building,Surface,4.579178,4.198425,0.000154,0.000000,-60.764670,1.692013,46.831560,339.072600,316.856700,0.170989,104.047200,98.172010,0.300000,1000.000000,0.900730,2468,2740,50.000000,off,,0.488449693,0,-0.872592092,1,1
1766648272361,2025-12-25 15:37:52.361,479.308300,17.626710,23,26,2,-0.025722,-0.000374,-0.032906,0.489090,0.177795,0.853912,-60.761980,1.680038,46.792690,-0.126164,0.474496,0.871162,-61.2504234,3.51705933,50.1654129,3.87149572,Building,Surface,4.037979,4.220184,0.002475,0.000000,-60.763290,1.692287,46.832600,338.822800,318.012700,0.028716,104.047200,98.172010,0.300000,1000.000000,0.900730,2468,2740,50.000000,off,,0.488449693,0,-0.872592092,1,1
1766648272372,2025-12-25 15:37:52.372,479.319400,17.637820,23,26,2,-0.025722,-0.000374,-0.032906,0.489090,0.177795,0.853912,-60.761390,1.680286,46.793670,-0.107030,0.476855,0.872434,-61.1798782,3.54479694,50.2049026,3.90999103,Building,Surface,4.037979,4.220184,0.002475,0.000000,-60.761870,1.692622,46.833570,338.562000,319.173800,359.906900,104.047200,98.172010,0.300000,1000.000000,0.900730,2468,2740,50.000000,off,,0.488449693,0,-0.872592092,1,1
1766648272382,2025-12-25 15:37:52.382,479.330500,17.648930,23,26,2,-0.030265,-0.000473,-0.032861,0.435074,0.172958,0.883606,-60.764280,1.680412,46.791840,-0.147806,0.486027,0.861333,-61.3350601,3.55729532,50.1180382,3.86161542,Building,Surface,4.049149,4.033127,0.002475,0.000000,-60.760360,1.692906,46.834550,338.302200,320.361900,359.808000,104.047200,98.172010,0.300000,1000.000000,0.900730,2468,2740,50.000000,off,,0.488449693,0,-0.872592092,1,1
1766648272393,2025-12-25 15:37:52.393,479.341600,17.660030,23,26,2,-0.029367,-0.000603,-0.032423,0.386658,0.151978,0.909607,-60.763210,1.680678,46.793790,-0.186186,0.479288,0.857674,-61.4686165,3.4965663,50.0432739,3.78869486,Building,Surface,3.958801,4.046127,0.000615,0.000000,-60.758800,1.693222,46.835470,338.035200,321.554800,359.699200,104.047200,98.172010,0.300000,1000.000000,0.900730,2468,2740,50.000000,off,,0.488449693,0,-0.872592092,1,1
1766648272405,2025-12-25 15:37:52.405,479.352700,17.671110,23,26,2,-0.018571,-0.000238,-0.032892,0.349304,0.136063,0.927063,-60.753520,1.680993,46.800840,-0.210014,0.474493,0.854824,-61.5402718,3.45853043,50.0031662,3.74613309,Building,Surface,3.815811,3.787872,0.000038,0.000000,-60.757140,1.693539,46.836280,337.762800,322.749400,359.594900,104.047200,98.172010,0.300000,1000.000000,0.900730,2468,2740,50.000000,off,,0.488449693,0,-0.872592092,1,1
1766648272416,2025-12-25 15:37:52.416,479.363700,17.682190,23,26,2,-0.018571,-0.000238,-0.032892,0.349304,0.136063,0.927063,-60.752680,1.681256,46.801570,-0.190688,0.477735,0.857543,-61.4729805,3.48584032,50.0408325,3.77732301,Building,Surface,3.815811,3.787872,0.000038,0.000000,-60.755530,1.693914,46.837040,337.481700,323.945300,359.468400,104.047200,98.172010,0.300000,1000.000000,0.900730,2468,2740,50.000000,off,,0.488449693,0,-0.872592092,1,1
1766648272427,2025-12-25 15:37:52.427,479.374900,17.693330,23,26,2,-0.002225,-0.000025,-0.032557,0.307312,0.104446,0.945847,-60.738580,1.681595,46.811940,-0.222978,0.459722,0.859600,-61.5630646,3.38146901,49.990406,3.69756722,Building,Surface,3.881180,3.710342,0.000155,0.000000,-60.753910,1.694219,46.837830,337.183200,325.129100,359.326200,104.047200,98.172010,0.300000,1000.000000,0.900730,2468,2740,50.000000,off,,0.488449693,0,-0.872592092,1,1
1766648272438,2025-12-25 15:37:52.438,479.386000,17.704470,23,26,2,-0.007925,0.001615,-0.035887,0.326721,0.260910,0.908386,-60.740170,1.682027,46.806100,-0.133044,0.592571,0.794447,-61.2982635,4.16773653,50.1386337,4.1947608,Building,Surface,3.780670,3.692642,0.000619,0.000000,-60.752300,1.694541,46.838500,336.855700,326.271800,359.169400,104.047200,98.172010,0.300000,1000.000000,0.900730,2468,2740,50.000000,off,,0.488449693,0,-0.872592092,1,1
1766648272450,2025-12-25 15:37:52.450,479.397100,17.715550,23,26,2,-0.007925,0.001615,-0.035887,0.326721,0.260910,0.908386,-60.739220,1.682261,46.806530,-0.114977,0.595744,0.794893,-61.2269592,4.20946646,50.1785431,4.24206877,Building,Surface,3.780670,3.692642,0.000619,0.000000,-60.750670,1.694941,46.839110,336.535700,327.412400,358.995600,104.047200,98.172010,0.300000,1000.000000,0.900730,2468,2740,50.000000,off,,0.488449693,0,-0.872592092,1,1
1766648272460,2025-12-25 15:37:52.460,479.408200,17.726650,23,26,2,-0.018571,-0.000238,-0.032892,0.349304,0.136063,0.927063,-60.749100,1.682168,46.804260,-0.115226,0.492245,0.862780,-61.2016335,3.61540008,50.1927223,3.92732143,Building,Surface,3.815811,3.787872,0.010022,0.000000,-60.748990,1.695319,46.839670,336.184400,328.538600,358.825700,104.047200,98.172010,0.300000,1000.000000,0.900730,2468,2740,50.000000,off,,0.488449693,0,-0.872592092,1,1
1766648272472,2025-12-25 15:37:52.472,479.419300,17.737790,23,26,2,-0.002225,-0.000025,-0.032557,0.307312,0.104446,0.945847,-60.734290,1.682432,46.813450,-0.148496,0.475979,0.866815,-61.3034363,3.50674152,50.1357346,3.83270454,Building,Surface,3.881180,3.710342,10.199750,0.000000,-60.747380,1.695737,46.840210,335.833900,329.663100,358.671100,104.047200,98.172010,0.300000,1000.000000,0.900730,2468,2740,50.000000,off,,0.488449693,0,-0.872592092,1,1
1766648272483,2025-12-25 15:37:52.483,479.430400,17.748840,23,26,2,0.001819,0.002062,-0.036201,0.360748,0.303223,0.881989,-60.727620,1.682973,46.812070,-0.010568,0.633230,0.773884,-60.7770309,4.64367294,50.4304008,4.67552471,Building,Surface,3.789169,3.880112,0.159390,0.000000,-60.745740,1.696160,46.840630,335.487000,330.786200,358.515000,104.047200,98.172010,0.300000,1000.000000,0.900730,2468,2740,50.000000,off,,0.488449693,0,-0.872592092,1,1
1766648272494,2025-12-25 15:37:52.494,479.441500,17.759950,23,26,2,0.001819,0.002062,-0.036201,0.360748,0.303223,0.881989,-60.726520,1.683145,46.812230,0.006716,0.636277,0.771424,-60.6946182,4.70549488,50.4765358,4.75002718,Building,Surface,3.789169,3.880112,0.159390,0.000000,-60.744050,1.696534,46.841060,335.150600,331.897200,358.354400,104.047200,98.172010,0.300000,1000.000000,0.900730,2468,2740,50.000000,off,,0.488449693,0,-0.872592092,1,1
1766648272505,2025-12-25 15:37:52.505,479.452600,17.771060,23,26,2,-0.002562,0.002054,-0.035633,0.424606,0.408737,0.807846,-60.729550,1.683603,46.810710,0.133988,0.701012,0.700429,-59.9483948,5.77054024,50.8942528,5.82996988,Building,Surface,4.054962,4.027359,0.010083,0.000000,-60.742390,1.696822,46.841390,334.837200,332.996500,358.175100,104.047200,98.172010,0.300000,1000.000000,0.900730,2468,2740,50.000000,off,,0.488449693,0,-0.872592092,1,1
1766648272516,2025-12-25 15:37:52.516,479.463700,17.782170,23,26,2,-0.002585,0.003213,-0.038512,0.394058,0.416367,0.819336,-60.727190,1.683523,46.808070,0.119879,0.715447,0.688273,-60.0227318,5.88777399,50.8526344,5.876266,Building,Surface,3.849152,3.781326,2.534680,0.000000,-60.740790,1.697111,46.841690,334.517700,334.082500,357.957200,104.047200,98.172010,0.300000,1000.000000,0.900730,2468,2740,50.000000,off,,0.488449693,0,-0.872592092,1,1
1766648272527,2025-12-25 15:37:52.527,479.474900,17.793330,23,26,2,-0.002585,0.003213,-0.038512,0.394058,0.416367,0.819336,-60.726220,1.683685,46.808150,0.135164,0.717145,0.683658,-59.9146309,5.98975277,50.913147,6.00432158,Building,Surface,3.849152,3.781326,2.534680,0.000000,-60.739180,1.697456,46.841960,334.215600,335.140700,357.758200,104.047200,98.172010,0.300000,1000.000000,0.900730,2468,2740,50.000000,off,,0.488449693,0,-0.872592092,1,1
1766648272538,2025-12-25 15:37:52.538,479.485900,17.804380,23,26,2,-0.007693,0.002925,-0.037359,0.413406,0.494370,0.764633,-60.730410,1.684271,46.807100,0.204364,0.764025,0.611940,-58.2386017,11,54.2684593,12.1927786,Building,Surface,4.012299,4.048462,10.325240,0.000000,-60.737640,1.697793,46.842140,333.886400,336.148600,357.526300,104.047200,98.172010,0.300000,1000.000000,0.900730,2468,2740,50.000000,off,,0,-1,0,1,1
1766648272549,2025-12-25 15:37:52.549,479.497000,17.815460,23,26,2,-0.024174,0.002700,-0.038239,0.281189,0.488617,0.825928,-60.744270,1.684604,46.799830,0.074822,0.792648,0.605047,-59.8649445,11,53.9104919,11.7520781,Building,Surface,3.869247,3.772354,41.300970,0.000000,-60.736110,1.698178,46.842290,333.585800,337.145300,357.293800,104.047200,98.172010,0.300000,1000.000000,0.900730,2468,2740,50.000000,off,,0,-1,0,1,1
1766648272560,2025-12-25 15:37:52.560,479.508100,17.826570,23,26,2,-0.002585,0.003213,-0.038512,0.394058,0.416367,0.819336,-60.723430,1.684143,46.808200,0.179184,0.721847,0.668419,-59.5715256,6.32461691,51.1052094,6.42846441,Building,Surface,3.849152,3.781326,0.160367,0.000000,-60.734550,1.698492,46.842410,333.251600,338.148600,357.030900,104.047200,98.172010,0.300000,1000.000000,0.900730,2468,2740,50.000000,off,,0.488449693,0,-0.872592092,1,1
1766648272571,2025-12-25 15:37:52.572,479.519300,17.837770,23,26,2,-0.002585,0.003213,-0.038512,0.394058,0.416367,0.819336,-60.722510,1.684327,46.808240,0.192855,0.723330,0.662990,-59.4533386,6.44455242,51.1713638,6.5808382,Building,Surface,3.849152,3.781326,0.160367,0.000000,-60.733040,1.698862,46.842560,332.939100,339.095600,356.794700,104.047200,98.172010,0.300000,1000.000000,0.900730,2468,2740,50.000000,off,,0.488449693,0,-0.872592092,1,1
1766648272583,2025-12-25 15:37:52.583,479.530400,17.848850,23,26,2,-0.007693,0.002925,-0.037359,0.413406,0.494370,0.764633,-60.726870,1.685024,46.807360,0.258151,0.767205,0.587133,-57.5925484,11,53.9360046,12.141263,Building,Surface,4.012299,4.048462,0.645343,0.000000,-60.731660,1.699176,46.842580,332.654700,340.083200,356.511600,104.047200,98.172010,0.300000,1000.000000,0.900730,2468,2740,50.000000,off,,0,-1,0,1,1
1766648272594,2025-12-25 15:37:52.594,479.541500,17.859920,23,26,2,-0.030051,0.002338,-0.037603,0.253922,0.497147,0.829666,-60.746940,1.685853,46.799610,0.103702,0.809816,0.577427,-59.554203,11,53.4409218,11.5014334,Building,Surface,3.641098,3.848557,10.263480,0.000000,-60.730180,1.699506,46.842690,332.355700,341.043400,356.278400,104.047200,98.172010,0.300000,1000.000000,0.900730,2468,2740,50.000000,off,,0,-1,0,1,1
1766648272605,2025-12-25 15:37:52.605,479.552700,17.871150,23,26,2,-0.030051,0.002338,-0.037603,0.253922,0.497147,0.829666,-60.746220,1.686077,46.799980,0.116300,0.810993,0.573360,-59.4105682,11,53.3847923,11.484458,Building,Surface,3.641098,3.848557,10.263480,0.000000,-60.728780,1.699770,46.842770,332.089400,341.985600,356.008200,104.047200,98.172010,0.300000,1000.000000,0.900730,2468,2740,50.000000,off,,0,-1,0,1,1
1766648272615,2025-12-25 15:37:52.615,479.563700,17.882170,23,26,2,-0.032203,0.002276,-0.037757,0.224655,0.466797,0.855347,-60.747600,1.686306,46.799410,0.087994,0.799521,0.594147,-59.7225571,11.000001,53.7206879,11.6490192,Building,Surface,3.794174,3.652435,10.263480,0.000000,-60.727490,1.700025,46.842720,331.824000,342.911900,355.741800,104.047200,98.172010,0.300000,1000.000000,0.900730,2468,2740,50.000000,off,,0,-1,0,1,1
1766648272627,2025-12-25 15:37:52.627,479.574900,17.893310,23,26,2,-0.031825,0.001977,-0.036979,0.190033,0.459808,0.867432,-60.746810,1.686618,46.800640,0.062266,0.802955,0.592757,-60.0245895,11,53.6759567,11.5987387,Building,Surface,3.542542,3.538162,10.262990,0.000000,-60.726180,1.700297,46.842730,331.576600,343.774700,355.514500,104.047200,98.172010,0.300000,1000.000000,0.900730,2468,2740,50.000000,off,,0,-1,0,1,1
1766648272638,2025-12-25 15:37:52.638,479.585900,17.904390,23,26,2,-0.031371,0.001543,-0.035882,0.167938,0.480713,0.860642,-60.746080,1.686928,46.802140,0.058612,0.821201,0.567614,-60.0813751,11,53.2393379,11.3407497,Building,Surface,3.596909,3.638901,656.846700,0.000000,-60.724920,1.700533,46.842650,331.321300,344.632500,355.278200,104.047200,98.172010,0.300000,1000.000000,0.900730,2468,2740,50.000000,off,,0,-1,0,1,1
1766648272649,2025-12-25 15:37:52.649,479.597000,17.915470,23,26,2,-0.031371,0.001543,-0.035882,0.167938,0.480713,0.860642,-60.745450,1.687170,46.802450,0.068326,0.823010,0.563896,-59.9722977,11,53.1832504,11.3155317,Building,Surface,3.596909,3.638901,656.846700,0.000000,-60.723750,1.700845,46.842660,331.070400,345.401200,355.116800,104.047200,98.172010,0.300000,1000.000000,0.900730,2468,2740,50.000000,off,,0,-1,0,1,1
1766648272660,2025-12-25 15:37:52.660,479.608100,17.926570,23,26,2,-0.031050,0.001400,-0.035576,0.116440,0.464233,0.878021,-60.744660,1.687286,46.803170,0.021986,0.822904,0.567749,-60.4958496,11,53.2283249,11.3168526,Building,Surface,3.559891,3.512558,0.641452,0.000000,-60.722630,1.701028,46.842640,330.817700,346.192900,354.950700,104.047200,98.172010,0.300000,1000.000000,0.900730,2468,2740,50.000000,off,,0,-1,0,1,1
1766648272671,2025-12-25 15:37:52.671,479.619200,17.937650,23,26,2,-0.020101,0.001276,-0.035248,0.039581,0.417175,0.907944,-60.733600,1.686654,46.806700,-0.057821,0.804619,0.590940,-61.07201,6.39583111,50.2652855,5.85257769,Building,Surface,3.455551,3.459854,2.534496,0.000000,-60.721490,1.701268,46.842590,330.592900,346.941300,354.804200,104.047200,98.172010,0.300000,1000.000000,0.900730,2468,2740,50.000000,off,,0.488449693,0,-0.872592092,1,1
1766648272683,2025-12-25 15:37:52.683,479.630300,17.948760,23,26,2,-0.020101,0.001276,-0.035248,0.039581,0.417175,0.907944,-60.732940,1.686814,46.806800,-0.048136,0.806524,0.589208,-61.0179596,6.46229649,50.2955437,5.9209609,Building,Surface,3.455551,3.459854,2.534496,0.000000,-60.720360,1.701490,46.842510,330.386200,347.699300,354.623600,104.047200,98.172010,0.300000,1000.000000,0.900730,2468,2740,50.000000,off,,0.488449693,0,-0.872592092,1,1
1766648272693,2025-12-25 15:37:52.693,479.641400,17.959840,23,26,2,-0.031371,0.001543,-0.035882,0.167938,0.480713,0.860642,-60.743090,1.687893,46.803500,0.105697,0.828772,0.549507,-59.5554848,11,52.9777794,11.2359886,Building,Surface,3.596909,3.638901,2.550182,0.000000,-60.719350,1.701755,46.842460,330.201800,348.436200,354.442300,104.047200,98.172010,0.300000,1000.000000,0.900730,2468,2740,50.000000,off,,0,-1,0,1,1
1766648272705,2025-12-25 15:37:52.705,479.652700,17.971190,23,26,2,-0.031050,0.001400,-0.035576,0.116440,0.464233,0.878021,-60.742370,1.688077,46.804150,0.058710,0.828862,0.556357,-60.0827942,11,53.0545959,11.2345428,Building,Surface,3.559891,3.512558,0.649234,0.000000,-60.718380,1.701967,46.842400,330.012300,349.170900,354.271800,104.047200,98.172010,0.300000,1000.000000,0.900730,2468,2740,50.000000,off,,0,-1,0,1,1
1766648272716,2025-12-25 15:37:52.716,479.663700,17.982120,23,26,2,-0.020861,0.001292,-0.035403,0.031128,0.396744,0.917389,-60.732050,1.687361,46.806900,-0.034225,0.799646,0.599477,-60.9339104,6.40363693,50.3425865,5.89788866,Building,Surface,3.418365,3.444153,0.641406,0.000000,-60.717440,1.702197,46.842350,329.812300,349.867300,354.095700,104.047200,98.172010,0.300000,1000.000000,0.900730,2468,2740,50.000000,off,,0.488449693,0,-0.872592092,1,1
1766648272727,2025-12-25 15:37:52.727,479.674800,17.993260,23,26,2,-0.020861,0.001292,-0.035403,0.031128,0.396744,0.917389,-60.731500,1.687536,46.807130,-0.025779,0.801596,0.597290,-60.8852615,6.46886015,50.3698158,5.96468496,Building,Surface,3.418365,3.444153,0.641406,0.000000,-60.716480,1.702440,46.842380,329.608800,350.535300,353.946900,104.047200,98.172010,0.300000,1000.000000,0.900730,2468,2740,50.000000,off,,0.488449693,0,-0.872592092,1,1
1766648272739,2025-12-25 15:37:52.739,479.685900,18.004360,23,26,2,-0.023267,0.001203,-0.035375,-0.002243,0.385193,0.922821,-60.733370,1.687857,46.806930,-0.052673,0.799191,0.598746,-61.0392265,6.32847452,50.2836342,5.80657864,Building,Surface,3.342255,3.427002,2.581250,0.000000,-60.715580,1.702651,46.842410,329.436600,351.215600,353.798200,104.047200,98.172010,0.300000,1000.000000,0.900730,2468,2740,50.000000,off,,0.488449693,0,-0.872592092,1,1
1766648272749,2025-12-25 15:37:52.749,479.697000,18.015440,23,26,2,-0.020498,0.001078,-0.035007,-0.031769,0.369415,0.928711,-60.730260,1.687815,46.808120,-0.077181,0.793437,0.603723,-61.1655388,6.16255236,50.2129288,5.63963413,Building,Surface,3.262833,3.365051,0.040087,0.000000,-60.714700,1.702860,46.842450,329.246400,351.867300,353.693700,104.047200,98.172010,0.300000,1000.000000,0.900730,2468,2740,50.000000,off,,0.488449693,0,-0.872592092,1,1
1766648272760,2025-12-25 15:37:52.760,479.708100,18.026520,23,26,2,-0.020498,0.001078,-0.035007,-0.031769,0.369415,0.928711,-60.729840,1.687841,46.808330,-0.069599,0.794810,0.602839,-61.1254959,6.20617056,50.2353439,5.68474007,Building,Surface,3.262833,3.365051,0.040087,0.000000,-60.713900,1.702929,46.842460,329.115800,352.506700,353.599200,104.047200,98.172010,0.300000,1000.000000,0.900730,2468,2740,50.000000,off,,0.488449693,0,-0.872592092,1,1
1766648272771,2025-12-25 15:37:52.771,479.719100,18.037600,23,26,2,-0.011534,0.001277,-0.035194,-0.025772,0.367737,0.929565,-60.720550,1.687130,46.809900,-0.056844,0.794366,0.604763,-61.046669,6.2444663,50.2794685,5.73703623,Building,Surface,3.218781,3.296112,0.002521,0.000000,-60.713090,1.703046,46.842520,329.007900,353.122300,353.505900,104.047200,98.172010,0.300000,1000.000000,0.900730,2468,2740,50.000000,off,,0.488449693,0,-0.872592092,1,1
1766648272783,2025-12-25 15:37:52.783,479.730300,18.048710,23,26,2,-0.029847,0.000590,-0.034448,0.171753,0.364380,0.915253,-60.738400,1.688727,46.807940,0.144814,0.765474,0.626927,-58.9768677,11,54.4339142,12.1638117,Building,Surface,3.138931,3.334213,0.000626,0.000000,-60.712450,1.703064,46.842560,328.930600,353.723300,353.401300,104.047200,98.172010,0.300000,1000.000000,0.900730,2468,2740,50.000000,off,,0,-1,0,1,1
1766648272794,2025-12-25 15:37:52.794,479.741300,18.059780,23,26,2,-0.030011,0.000684,-0.034792,0.178238,0.343292,0.922150,-60.738110,1.688707,46.807930,0.153777,0.750959,0.642178,-58.8313942,11,54.7704239,12.3990755,Building,Surface,3.105301,3.302948,0.009900,0.000000,-60.711720,1.703127,46.842670,328.856300,354.278700,353.307900,104.047200,98.172010,0.300000,1000.000000,0.900730,2468,2740,50.000000,off,,0,-1,0,1,1
1766648272805,2025-12-25 15:37:52.805,479.752500,18.070950,23,26,2,-0.030011,0.000684,-0.034792,0.178238,0.343292,0.922150,-60.737740,1.688820,46.808260,0.160838,0.751207,0.640155,-58.7441597,11,54.7429543,12.3948307,Building,Surface,3.105301,3.302948,0.009900,0.000000,-60.711020,1.703219,46.842760,328.797500,354.845200,353.187100,104.047200,98.172010,0.300000,1000.000000,0.900730,2468,2740,50.000000,off,,0,-1,0,1,1
1766648272816,2025-12-25 15:37:52.816,479.763600,18.082060,23,26,2,-0.011534,0.001277,-0.035194,-0.025772,0.367737,0.929565,-60.719220,1.687231,46.810500,-0.029552,0.797196,0.602986,-60.8934364,6.3868866,50.3652458,5.89519358,Building,Surface,3.218781,3.296112,0.000623,0.000000,-60.710480,1.703226,46.842770,328.729200,355.408700,353.066200,104.047200,98.172010,0.300000,1000.000000,0.900730,2468,2740,50.000000,off,,0.488449693,0,-0.872592092,1,1
1766648272827,2025-12-25 15:37:52.827,479.774700,18.093200,23,26,2,-0.029847,0.000590,-0.034448,0.171753,0.364380,0.915253,-60.737070,1.689021,46.809260,0.172182,0.766756,0.618383,-58.6462021,11,54.3184967,12.1430902,Building,Surface,3.138931,3.334213,0.000039,0.000000,-60.709820,1.703301,46.842900,328.673200,355.973900,352.950400,104.047200,98.172010,0.300000,1000.000000,0.900730,2468,2740,50.000000,off,,0,-1,0,1,1
1766648272838,2025-12-25 15:37:52.838,479.785800,18.104250,23,26,2,-0.029847,0.000590,-0.034448,0.171753,0.364380,0.915253,-60.736820,1.689043,46.809590,0.179226,0.766454,0.616754,-58.5595627,11,54.3019753,12.1478481,Building,Surface,3.138931,3.334213,0.000039,0.000000,-60.709230,1.703274,46.842970,328.663900,356.559600,352.825800,104.047200,98.172010,0.300000,1000.000000,0.900730,2468,2740,50.000000,off,,0,-1,0,1,1
1766648272849,2025-12-25 15:37:52.849,479.796900,18.115330,23,26,2,-0.030397,0.000724,-0.035119,0.154648,0.364090,0.918427,-60.736990,1.688902,46.809250,0.168606,0.768579,0.617125,-58.6943817,11,54.2855263,12.1145992,Building,Surface,3.050201,3.258484,0.000039,0.000000,-60.708600,1.703219,46.843120,328.737200,357.104300,352.715300,104.047200,98.172010,0.300000,1000.000000,0.900730,2468,2740,50.000000,off,,0,-1,0,1,1
1766648272860,2025-12-25 15:37:52.860,479.808000,18.126460,23,26,2,-0.026630,0.000640,-0.034876,0.146317,0.330154,0.932510,-60.733040,1.688399,46.810250,0.161101,0.747040,0.644953,-58.7249718,11,54.849369,12.4645786,Building,Surface,3.108658,3.273041,0.000002,0.000000,-60.708050,1.702994,46.843240,328.799200,357.637000,352.612100,104.047200,98.172010,0.300000,1000.000000,0.900730,2468,2740,50.000000,off,,0,-1,0,1,1
1766648272872,2025-12-25 15:37:52.872,479.819200,18.137600,23,26,2,-0.012280,0.000854,-0.034866,0.131943,0.311798,0.940933,-60.718530,1.686995,46.811920,0.149762,0.736711,0.659402,-59.7684898,6.36045265,50.994957,6.34362507,Building,Surface,3.178574,3.317825,0.000001,0.000000,-60.707500,1.702944,46.843400,328.843200,358.117800,352.533800,104.047200,98.172010,0.300000,1000.000000,0.900730,2468,2740,50.000000,off,,0.488449693,0,-0.872592092,1,1
1766648272883,2025-12-25 15:37:52.883,479.830200,18.148680,23,26,2,-0.012280,0.000854,-0.034866,0.131943,0.311798,0.940933,-60.718350,1.686899,46.812180,0.155882,0.736089,0.658678,-59.7223434,6.39011765,51.0207825,6.38941526,Building,Surface,3.178574,3.317825,0.000001,0.000000,-60.707050,1.702814,46.843590,328.877900,358.612300,352.445900,104.047200,98.172010,0.300000,1000.000000,0.900730,2468,2740,50.000000,off,,0.488449693,0,-0.872592092,1,1
1766648272894,2025-12-25 15:37:52.894,479.841300,18.159790,23,26,2,0.002277,0.001027,-0.034867,0.067062,0.287643,0.955383,-60.703690,1.685312,46.813530,0.094063,0.729763,0.677194,-60.1527596,5.95952654,50.77985,5.85697174,Building,Surface,3.090378,3.246506,0.000002,0.000000,-60.706550,1.702699,46.843720,328.918300,359.101600,352.368200,104.047200,98.172010,0.300000,1000.000000,0.900730,2468,2740,50.000000,off,,0.488449693,0,-0.872592092,1,1
1766648272905,2025-12-25 15:37:52.905,479.852400,18.170840,23,26,2,-0.026630,0.000640,-0.034876,0.146317,0.330154,0.932510,-60.732070,1.688247,46.811660,0.184992,0.744392,0.641595,-58.4179649,11,54.8375015,12.5091162,Building,Surface,3.108658,3.273041,0.000038,0.000000,-60.705990,1.702622,46.843890,328.948600,359.603600,352.264000,104.047200,98.172010,0.300000,1000.000000,0.900730,2468,2740,50.000000,off,,0,-1,0,1,1
1766648272915,2025-12-25 15:37:52.915,479.863600,18.182070,23,26,2,-0.026630,0.000640,-0.034876,0.146317,0.330154,0.932510,-60.731840,1.688189,46.811960,0.191436,0.743522,0.640713,-58.3343048,11,54.8361931,12.5238333,Building,Surface,3.108658,3.273041,0.000038,0.000000,-60.705470,1.702492,46.843990,328.997900,0.125626,352.151300,104.047200,98.172010,0.300000,1000.000000,0.900730,2468,2740,50.000000,off,,0,-1,0,1,1
1766648272926,2025-12-25 15:37:52.926,479.874600,18.193050,23,26,2,-0.012280,0.000854,-0.034866,0.131943,0.311798,0.940933,-60.717360,1.686675,46.813080,0.180986,0.732896,0.655812,-58.417469,11,55.1468582,12.7074528,Building,Surface,3.178574,3.317825,0.000001,0.000000,-60.704980,1.702415,46.844150,329.068300,0.628770,352.054200,104.047200,98.172010,0.300000,1000.000000,0.900730,2468,2740,50.000000,off,,0,-1,0,1,1
1766648272938,2025-12-25 15:37:52.938,479.885700,18.204190,23,26,2,0.006965,0.001009,-0.034591,0.067337,0.284439,0.956314,-60.698040,1.684581,46.814420,0.119310,0.724156,0.679220,-59.9849815,6.01248741,50.873764,5.97641325,Building,Surface,3.261002,3.333557,0.000001,0.000000,-60.704500,1.702294,46.844260,329.149700,1.095859,351.993600,104.047200,98.172010,0.300000,1000.000000,0.900730,2468,2740,50.000000,off,,0.488449693,0,-0.872592092,1,1
1766648272949,2025-12-25 15:37:52.949,479.896900,18.215300,23,26,2,0.001436,0.000939,-0.034732,0.034531,0.266342,0.963242,-60.703330,1.685040,46.814190,0.090098,0.715141,0.693124,-60.1905899,5.75481892,50.7586746,5.69077682,Building,Surface,3.189407,3.266830,0.000623,0.000000,-60.704080,1.702181,46.844440,329.234800,1.526401,351.924700,104.047200,98.172010,0.300000,1000.000000,0.900730,2468,2740,50.000000,off,,0.488449693,0,-0.872592092,1,1
1766648272960,2025-12-25 15:37:52.960,479.908000,18.226470,23,26,2,0.001436,0.000939,-0.034732,0.034531,0.266342,0.963242,-60.703160,1.685000,46.814350,0.095453,0.714055,0.693527,-60.1577568,5.76499844,50.7770538,5.71374416,Building,Surface,3.189407,3.266830,0.000623,0.000000,-60.703690,1.702098,46.844620,329.318800,1.943131,351.862700,104.047200,98.172010,0.300000,1000.000000,0.900730,2468,2740,50.000000,off,,0.488449693,0,-0.872592092,1,1
1766648272972,2025-12-25 15:37:52.972,479.919100,18.237520,23,26,2,-0.002798,0.000846,-0.034668,0.026566,0.280060,0.959610,-60.707260,1.685443,46.814490,0.094142,0.723976,0.683364,-60.1616669,5.88117886,50.7748642,5.79537964,Building,Surface,3.111450,3.275024,0.000002,0.000000,-60.703380,1.702034,46.844830,329.384700,2.325022,351.778300,104.047200,98.172010,0.300000,1000.000000,0.900730,2468,2740,50.000000,off,,0.488449693,0,-0.872592092,1,1
1766648272983,2025-12-25 15:37:52.983,479.930100,18.248600,23,26,2,0.013604,0.001292,-0.035084,0.134506,0.270676,0.953217,-60.690830,1.683480,46.814450,0.204862,0.698457,0.685688,-59.3762207,6.16550064,51.2145309,6.41696358,Building,Surface,3.155914,3.271011,0.000002,0.000000,-60.703050,1.701902,46.844920,329.450500,2.715421,351.705400,104.047200,98.172010,0.300000,1000.000000,0.900730,2468,2740,50.000000,off,,0.488449693,0,-0.872592092,1,1
1766648272994,2025-12-25 15:37:52.994,479.941200,18.259640,23,26,2,0.013604,0.001292,-0.035084,0.134506,0.270676,0.953217,-60.690890,1.683330,46.814470,0.210187,0.697264,0.685291,-59.3341064,6.18425512,51.2381058,6.45505619,Building,Surface,3.155914,3.271011,0.000002,0.000000,-60.702900,1.701735,46.845040,329.525800,3.116893,351.597600,104.047200,98.172010,0.300000,1000.000000,0.900730,2468,2740,50.000000,off,,0.488449693,0,-0.872592092,1,1
1766648273005,2025-12-25 15:37:53.005,479.952600,18.271090,23,26,2,-0.026490,0.000227,-0.034338,0.245834,0.271195,0.930588,-60.730640,1.687783,46.815170,0.324398,0.670651,0.667059,-56.2262611,11,56.0775108,13.8851643,Building,Surface,3.242432,3.260666,0.000000,0.000000,-60.702600,1.701577,46.845240,329.622400,3.488423,351.502700,104.047200,98.172010,0.300000,1000.000000,0.900730,2468,2740,50.000000,off,,0,-1,0,1,1
1766648273016,2025-12-25 15:37:53.016,479.963700,18.282170,23,26,2,-0.031264,-0.000045,-0.033971,0.217560,0.272659,0.937180,-60.735380,1.688280,46.815870,0.301699,0.677328,0.670959,-56.5877037,11,56.0400314,13.7475986,Building,Surface,3.208466,3.309174,0.000010,0.000000,-60.702400,1.701416,46.845380,329.719500,3.861366,351.413500,104.047200,98.172010,0.300000,1000.000000,0.900730,2468,2740,50.000000,off,,0,-1,0,1,1
1766648273027,2025-12-25 15:37:53.027,479.974600,18.293060,23,26,2,-0.023100,0.000076,-0.033845,0.173065,0.268982,0.947464,-60.727180,1.687277,46.816310,0.261679,0.683453,0.681474,-58.9457893,6.33991337,51.4554749,6.80751228,Building,Surface,3.178452,3.317566,0.000002,0.000000,-60.702160,1.701216,46.845620,329.843100,4.165784,351.366000,104.047200,98.172010,0.300000,1000.000000,0.900730,2468,2740,50.000000,off,,0.488449693,0,-0.872592092,1,1
1766648273038,2025-12-25 15:37:53.038,479.985700,18.304110,23,26,2,-0.023100,0.000076,-0.033845,0.173065,0.268982,0.947464,-60.727210,1.687233,46.816550,0.265617,0.681837,0.681569,-58.9119835,6.34691286,51.4743996,6.83397484,Building,Surface,3.178452,3.317566,0.000002,0.000000,-60.702040,1.701089,46.845760,329.961000,4.467900,351.310900,104.047200,98.172010,0.300000,1000.000000,0.900730,2468,2740,50.000000,off,,0.488449693,0,-0.872592092,1,1
1766648273049,2025-12-25 15:37:53.049,479.996800,18.315220,23,26,2,-0.026490,0.000227,-0.034338,0.245834,0.271195,0.930588,-60.730590,1.687503,46.816360,0.340661,0.664536,0.665069,-55.9567299,11,56.1363258,14.0133553,Building,Surface,3.242432,3.260666,0.000039,0.000000,-60.701880,1.700969,46.845940,330.048700,4.772569,351.270600,104.047200,98.172010,0.300000,1000.000000,0.900730,2468,2740,50.000000,off,,0,-1,0,1,1
1766648273060,2025-12-25 15:37:53.060,480.007900,18.326390,23,26,2,-0.031264,-0.000045,-0.033971,0.217560,0.272659,0.937180,-60.735360,1.687992,46.817110,0.317393,0.671443,0.669632,-56.3335495,11,56.1040039,13.8685198,Building,Surface,3.208466,3.309174,0.000010,0.000000,-60.701750,1.700802,46.846060,330.143200,5.097051,351.216100,104.047200,98.172010,0.300000,1000.000000,0.900730,2468,2740,50.000000,off,,0,-1,0,1,1
1766648273071,2025-12-25 15:37:53.071,480.019000,18.337400,23,26,2,-0.031264,-0.000045,-0.033971,0.217560,0.272659,0.937180,-60.735260,1.687891,46.817420,0.321735,0.669981,0.669024,-56.263443,11,56.1162262,13.8989315,Building,Surface,3.208466,3.309174,0.000010,0.000000,-60.701480,1.700620,46.846200,330.248700,5.442029,351.169900,104.047200,98.172010,0.300000,1000.000000,0.900730,2468,2740,50.000000,off,,0,-1,0,1,1
1766648273083,2025-12-25 15:37:53.083,480.030100,18.348540,23,26,2,-0.028862,-0.000022,-0.033930,0.160217,0.278900,0.946854,-60.732830,1.687528,46.817690,0.271437,0.686180,0.674882,-58.8447723,6.46044207,51.5120201,6.95572948,Building,Surface,3.162827,3.286987,0.000010,0.000000,-60.701240,1.700446,46.846310,330.363300,5.834895,351.103800,104.047200,98.172010,0.300000,1000.000000,0.900730,2468,2740,50.000000,off,,0.488449693,0,-0.872592092,1,1
1766648273094,2025-12-25 15:37:53.094,480.041200,18.359650,23,26,2,-0.029517,-0.000138,-0.033683,0.137772,0.290985,0.946747,-60.733540,1.687505,46.818280,0.255330,0.697710,0.669321,-57.3255959,11,55.7518616,13.3471184,Building,Surface,3.165894,3.264481,0.000010,0.000000,-60.701120,1.700218,46.846440,330.504200,6.220803,351.064000,104.047200,98.172010,0.300000,1000.000000,0.900730,2468,2740,50.000000,off,,0,-1,0,1,1
1766648273105,2025-12-25 15:37:53.105,480.052300,18.370790,23,26,2,-0.029056,-0.000009,-0.034053,0.125427,0.286697,0.949768,-60.733100,1.687289,46.818130,0.248010,0.695273,0.674591,-59.0495644,6.40693998,51.3973885,6.78815269,Building,Surface,3.197174,3.226059,0.000002,0.000000,-60.700920,1.700032,46.846520,330.650400,6.613495,351.014400,104.047200,98.172010,0.300000,1000.000000,0.900730,2468,2740,50.000000,off,,0.488449693,0,-0.872592092,1,1
1766648273116,2025-12-25 15:37:53.116,480.063400,18.381840,23,26,2,-0.029056,-0.000009,-0.034053,0.125427,0.286697,0.949768,-60.733150,1.687164,46.818360,0.252657,0.693654,0.674534,-59.0096321,6.41897011,51.4197388,6.82152271,Building,Surface,3.197174,3.226059,0.000002,0.000000,-60.700790,1.699820,46.846580,330.775000,6.977779,350.976500,104.047200,98.172010,0.300000,1000.000000,0.900730,2468,2740,50.000000,off,,0.488449693,0,-0.872592092,1,1
1766648273127,2025-12-25 15:37:53.127,480.074500,18.392940,23,26,2,0.002164,0.000939,-0.034987,0.193756,0.227463,0.954300,-60.702280,1.683143,46.815780,0.319663,0.633745,0.704380,-58.4777946,6.09326839,51.7174416,6.95872164,Building,Surface,3.243973,3.289276,0.000001,0.000000,-60.700600,1.699643,46.846670,330.904100,7.337805,350.961900,104.047200,98.172010,0.300000,1000.000000,0.900730,2468,2740,50.000000,off,,0.488449693,0,-0.872592092,1,1
1766648273138,2025-12-25 15:37:53.138,480.085600,18.404080,23,26,2,-0.030088,0.000143,-0.034583,0.301590,0.237045,0.923492,-60.734280,1.686988,46.818330,0.427833,0.610645,0.666376,-54.2093544,11,56.9813004,15.2509966,Building,Surface,3.224350,3.345673,0.000001,0.000000,-60.700510,1.699477,46.846690,331.027500,7.666453,350.953500,104.047200,98.172010,0.300000,1000.000000,0.900730,2468,2740,50.000000,off,,0,-1,0,1,1
1766648273149,2025-12-25 15:37:53.149,480.096700,18.415190,23,26,2,-0.030088,0.000143,-0.034583,0.301590,0.237045,0.923492,-60.734340,1.686912,46.818550,0.431807,0.609344,0.665002,-54.134697,11,56.9823074,15.2836781,Building,Surface,3.224350,3.345673,0.000001,0.000000,-60.700410,1.699340,46.846740,331.126900,7.992728,350.942900,104.047200,98.172010,0.300000,1000.000000,0.900730,2468,2740,50.000000,off,,0,-1,0,1,1
1766648273160,2025-12-25 15:37:53.160,480.107800,18.426270,23,26,2,-0.029056,-0.000009,-0.034053,0.125427,0.286697,0.949768,-60.733310,1.686799,46.819170,0.269223,0.687946,0.673970,-58.8627281,6.46670341,51.5019722,6.94803381,Building,Surface,3.197174,3.226059,0.000039,0.000000,-60.700290,1.699186,46.846740,331.233400,8.309838,350.944000,104.047200,98.172010,0.300000,1000.000000,0.900730,2468,2740,50.000000,off,,0.488449693,0,-0.872592092,1,1
1766648273171,2025-12-25 15:37:53.171,480.119000,18.437440,23,26,2,-0.018255,0.000476,-0.034870,0.261032,0.241287,0.934677,-60.722760,1.685212,46.817680,0.401339,0.621130,0.673129,-54.704071,11,56.9122696,14.9963551,Building,Surface,3.143768,3.444901,0.000002,0.000000,-60.700180,1.698993,46.846830,331.349400,8.628656,350.929400,104.047200,98.172010,0.300000,1000.000000,0.900730,2468,2740,50.000000,off,,0,-1,0,1,1
1766648273182,2025-12-25 15:37:53.182,480.130000,18.448490,23,26,2,-0.031746,-0.000042,-0.034190,0.293152,0.255112,0.921387,-60.736080,1.686845,46.819740,0.436232,0.620861,0.651312,-54.1924324,11,56.5896759,15.0001917,Building,Surface,3.282562,3.399872,0.000039,0.000000,-60.700070,1.698817,46.846880,331.463700,8.940263,350.926500,104.047200,98.172010,0.300000,1000.000000,0.900730,2468,2740,50.000000,off,,0,-1,0,1,1
1766648273194,2025-12-25 15:37:53.194,480.141200,18.459690,23,26,2,-0.031746,-0.000042,-0.034190,0.293152,0.255112,0.921387,-60.736210,1.686734,46.819910,0.440074,0.619285,0.650227,-54.1180496,11,56.5985069,15.0385447,Building,Surface,3.282562,3.399872,0.000039,0.000000,-60.700050,1.698629,46.846880,331.582200,9.253450,350.905800,104.047200,98.172010,0.300000,1000.000000,0.900730,2468,2740,50.000000,off,,0,-1,0,1,1
1766648273205,2025-12-25 15:37:53.205,480.152600,18.471040,23,26,2,-0.032070,0.000088,-0.034630,0.255753,0.244934,0.935181,-60.736610,1.686563,46.819690,0.408044,0.620686,0.669488,-54.6138725,11,56.8653984,15.0048084,Building,Surface,3.177185,3.314362,0.000002,0.000000,-60.699930,1.698433,46.846920,331.694700,9.549117,350.884500,104.047200,98.172010,0.300000,1000.000000,0.900730,2468,2740,50.000000,off,,0,-1,0,1,1
1766648273216,2025-12-25 15:37:53.216,480.163400,18.481840,23,26,2,-0.031809,-0.000125,-0.033995,0.245575,0.254410,0.935379,-60.736370,1.686583,46.820470,0.402582,0.628850,0.665162,-54.7740288,11,56.6716728,14.8099785,Building,Surface,3.185837,3.380722,0.000002,0.000000,-60.699890,1.698294,46.846910,331.809700,9.847252,350.853400,104.047200,98.172010,0.300000,1000.000000,0.900730,2468,2740,50.000000,off,,0,-1,0,1,1
1766648273227,2025-12-25 15:37:53.227,480.174500,18.492980,23,26,2,-0.031809,-0.000125,-0.033995,0.245575,0.254410,0.935379,-60.736420,1.686489,46.820660,0.406472,0.627330,0.664231,-54.7018242,11,56.6820107,14.8460121,Building,Surface,3.185837,3.380722,0.000002,0.000000,-60.699790,1.698120,46.846940,331.915900,10.151030,350.812900,104.047200,98.172010,0.300000,1000.000000,0.900730,2468,2740,50.000000,off,,0,-1,0,1,1
1766648273238,2025-12-25 15:37:53.238,480.185600,18.504060,23,26,2,-0.025511,0.000157,-0.034428,0.215942,0.249680,0.943939,-60.730380,1.685566,46.819590,0.382108,0.630164,0.675928,-55.0824547,11,56.810463,14.7809076,Building,Surface,3.367432,3.412994,0.000000,0.000000,-60.699770,1.697983,46.846880,332.005000,10.452530,350.784800,104.047200,98.172010,0.300000,1000.000000,0.900730,2468,2740,50.000000,off,,0,-1,0,1,1
1766648273249,2025-12-25 15:37:53.249,480.196700,18.515110,23,26,2,-0.032070,0.000088,-0.034630,0.255753,0.244934,0.935181,-60.736970,1.686248,46.820270,0.423685,0.614337,0.665617,-54.3136253,11,56.9114609,15.1603899,Building,Surface,3.177185,3.314362,0.000001,0.000000,-60.699710,1.697791,46.846840,332.142200,10.770870,350.741100,104.047200,98.172010,0.300000,1000.000000,0.900730,2468,2740,50.000000,off,,0,-1,0,1,1
1766648273260,2025-12-25 15:37:53.260,480.207800,18.526210,23,26,2,-0.031809,-0.000125,-0.033995,0.245575,0.254410,0.935379,-60.736690,1.686235,46.820980,0.418425,0.622137,0.661688,-54.4726143,11,56.7268448,14.9703379,Building,Surface,3.185837,3.380722,0.000000,0.000000,-60.699620,1.697610,46.846760,332.293100,11.086170,350.720800,104.047200,98.172010,0.300000,1000.000000,0.900730,2468,2740,50.000000,off,,0,-1,0,1,1
1766648273272,2025-12-25 15:37:53.272,480.218900,18.537380,23,26,2,-0.031809,-0.000125,-0.033995,0.245575,0.254410,0.935379,-60.736740,1.686163,46.821030,0.421893,0.620618,0.660912,-54.4052391,11,56.7395706,15.0070963,Building,Surface,3.185837,3.380722,0.000000,0.000000,-60.699550,1.697472,46.846650,332.415300,11.367500,350.729900,104.047200,98.172010,0.300000,1000.000000,0.900730,2468,2740,50.000000,off,,0,-1,0,1,1
1766648273283,2025-12-25 15:37:53.283,480.230000,18.548490,23,26,2,-0.026575,0.000217,-0.034676,0.200180,0.237595,0.950501,-60.731740,1.685316,46.819730,0.382581,0.617808,0.686964,-57.7895775,6.43644285,52.1026878,7.69019842,Building,Surface,3.319016,3.391846,0.000001,0.000000,-60.699450,1.697322,46.846590,332.539000,11.663080,350.738800,104.047200,98.172010,0.300000,1000.000000,0.900730,2468,2740,50.000000,off,,0.488449693,0,-0.872592092,1,1
1766648273294,2025-12-25 15:37:53.294,480.241200,18.559690,23,26,2,-0.023812,0.000146,-0.034309,0.195938,0.246704,0.949066,-60.728990,1.684987,46.819760,0.382426,0.623968,0.681466,-55.0198746,11,56.9931374,14.9285345,Building,Surface,3.403732,3.386047,0.000002,0.000000,-60.699330,1.697209,46.846500,332.680100,11.951640,350.758800,104.047200,98.172010,0.300000,1000.000000,0.900730,2468,2740,50.000000,off,,0,-1,0,1,1
1766648273305,2025-12-25 15:37:53.305,480.252300,18.570740,23,26,2,-0.016036,0.000338,-0.034406,0.180069,0.243866,0.952942,-60.721430,1.683852,46.818590,0.371015,0.623791,0.687914,-57.9069824,6.41580391,52.0369606,7.58576918,Building,Surface,3.325302,3.492157,0.000002,0.000000,-60.699250,1.696985,46.846460,332.812200,12.228030,350.758600,104.047200,98.172010,0.300000,1000.000000,0.900730,2468,2740,50.000000,off,,0.488449693,0,-0.872592092,1,1
1766648273316,2025-12-25 15:37:53.316,480.263900,18.582400,23,26,2,-0.016036,0.000338,-0.034406,0.180069,0.243866,0.952942,-60.721600,1.683715,46.818540,0.374532,0.622144,0.687500,-57.8663445,6.42664719,52.0597115,7.62350416,Building,Surface,3.325302,3.492157,0.000002,0.000000,-60.699280,1.696778,46.846330,332.937400,12.496330,350.757400,104.047200,98.172010,0.300000,1000.000000,0.900730,2468,2740,50.000000,off,,0.488449693,0,-0.872592092,1,1
1766648273326,2025-12-25 15:37:53.326,480.274500,18.592930,23,26,2,-0.009788,0.000411,-0.034222,0.184647,0.243973,0.952026,-60.715540,1.682865,46.817710,0.382251,0.619205,0.685887,-57.7613831,6.46828365,52.1184692,7.72821665,Building,Surface,3.416199,3.492508,0.000000,0.000000,-60.699250,1.696592,46.846230,333.087400,12.751980,350.759900,104.047200,98.172010,0.300000,1000.000000,0.900730,2468,2740,50.000000,off,,0.488449693,0,-0.872592092,1,1
1766648273338,2025-12-25 15:37:53.338,480.285700,18.604130,23,26,2,-0.012690,0.000417,-0.034293,0.147751,0.246964,0.957687,-60.718480,1.683173,46.817970,0.350702,0.628028,0.694676,-58.1533203,6.27678871,51.8990707,7.31429815,Building,Surface,3.472229,3.512741,0.000001,0.000000,-60.699210,1.696442,46.846070,333.216400,13.001280,350.775700,104.047200,98.172010,0.300000,1000.000000,0.900730,2468,2740,50.000000,off,,0.488449693,0,-0.872592092,1,1
1766648273349,2025-12-25 15:37:53.349,480.296700,18.615110,23,26,2,-0.012690,0.000417,-0.034293,0.147751,0.246964,0.957687,-60.718600,1.683057,46.817970,0.353842,0.626572,0.694399,-58.1199188,6.28472424,51.9177742,7.34414673,Building,Surface,3.472229,3.512741,0.000001,0.000000,-60.699200,1.696267,46.846010,333.332600,13.245470,350.802500,104.047200,98.172010,0.300000,1000.000000,0.900730,2468,2740,50.000000,off,,0.488449693,0,-0.872592092,1,1
1766648273360,2025-12-25 15:37:53.360,480.307800,18.626280,23,26,2,-0.016036,0.000338,-0.034406,0.180069,0.243866,0.952942,-60.721980,1.683321,46.818390,0.387153,0.615369,0.686606,-57.7205696,6.45397949,52.1413116,7.75249386,Building,Surface,3.325302,3.492157,0.000000,0.000000,-60.699170,1.696104,46.845910,333.471600,13.466810,350.835800,104.047200,98.172010,0.300000,1000.000000,0.900730,2468,2740,50.000000,off,,0.488449693,0,-0.872592092,1,1
1766648273371,2025-12-25 15:37:53.371,480.319000,18.637420,23,26,2,-0.009788,0.000411,-0.034222,0.184647,0.243973,0.952026,-60.716040,1.682477,46.817410,0.394302,0.612699,0.684907,-57.6180115,6.49645281,52.1987228,7.85688925,Building,Surface,3.416199,3.492508,0.000000,0.000000,-60.699250,1.695934,46.845770,333.608200,13.687590,350.865500,104.047200,98.172010,0.300000,1000.000000,0.900730,2468,2740,50.000000,off,,0.488449693,0,-0.872592092,1,1
1766648273383,2025-12-25 15:37:53.383,480.330000,18.648500,23,26,2,-0.009788,0.000411,-0.034222,0.184647,0.243973,0.952026,-60.716170,1.682351,46.817360,0.397081,0.610941,0.684872,-57.5856018,6.49898863,52.2168694,7.88385534,Building,Surface,3.416199,3.492508,0.000000,0.000000,-60.699270,1.695735,46.845690,333.747600,13.899070,350.891600,104.047200,98.172010,0.300000,1000.000000,0.900730,2468,2740,50.000000,off,,0.488449693,0,-0.872592092,1,1
1766648273394,2025-12-25 15:37:53.394,480.341200,18.659610,23,26,2,-0.013052,0.000352,-0.034244,0.184204,0.246979,0.951340,-60.719460,1.682626,46.817780,0.399070,0.611518,0.683203,-54.6390381,11,57.2273788,15.2362957,Building,Surface,3.460831,3.473450,0.000038,0.000000,-60.699270,1.695532,46.845510,333.895300,14.081310,350.924300,104.047200,98.172010,0.300000,1000.000000,0.900730,2468,2740,50.000000,off,,0,-1,0,1,1
1766648273404,2025-12-25 15:37:53.404,480.352200,18.670650,23,26,2,-0.014884,0.000318,-0.034313,0.197144,0.237488,0.951157,-60.721450,1.682740,46.817930,0.413513,0.599298,0.685430,-57.4024849,6.49286127,52.3193665,8.02612114,Building,Surface,3.462799,3.590515,0.000000,0.000000,-60.699370,1.695372,46.845350,334.045500,14.253360,350.956200,104.047200,98.172010,0.300000,1000.000000,0.900730,2468,2740,50.000000,off,,0.488449693,0,-0.872592092,1,1
1766648273416,2025-12-25 15:37:53.416,480.363900,18.682310,23,26,2,-0.021458,0.000125,-0.034129,0.190094,0.250336,0.949310,-60.728110,1.683478,46.819260,0.408825,0.609074,0.679620,-54.4746361,11,57.2148666,15.2961493,Building,Surface,3.475311,3.575012,0.000000,0.000000,-60.699580,1.695203,46.845220,334.195900,14.405210,351.004500,104.047200,98.172010,0.300000,1000.000000,0.900730,2468,2740,50.000000,off,,0,-1,0,1,1
1766648273427,2025-12-25 15:37:53.427,480.374700,18.693180,23,26,2,-0.021458,0.000125,-0.034129,0.190094,0.250336,0.949310,-60.728310,1.683365,46.819140,0.410431,0.607387,0.680163,-54.4327583,11,57.252079,15.3388348,Building,Surface,3.475311,3.575012,0.000000,0.000000,-60.699710,1.695028,46.845050,334.337000,14.527040,351.056700,104.047200,98.172010,0.300000,1000.000000,0.900730,2468,2740,50.000000,off,,0,-1,0,1,1
1766648273438,2025-12-25 15:37:53.438,480.385600,18.704040,23,26,2,-0.016109,0.000239,-0.034085,0.189392,0.244339,0.951004,-60.723290,1.682676,46.818040,0.411681,0.601202,0.684876,-54.3431282,11,57.4321289,15.4976721,Building,Surface,3.543625,3.554306,0.000002,0.000000,-60.699840,1.694903,46.844910,334.477400,14.666270,351.113300,104.047200,98.172010,0.300000,1000.000000,0.900730,2468,2740,50.000000,off,,0,-1,0,1,1
1766648273449,2025-12-25 15:37:53.449,480.396800,18.715210,23,26,2,-0.013367,0.000293,-0.034052,0.171356,0.245529,0.954117,-60.720850,1.682234,46.817380,0.396454,0.604687,0.690771,-57.6391182,6.38261223,52.1869087,7.77318907,Building,Surface,3.568420,3.599106,0.000000,0.000000,-60.700020,1.694727,46.844730,334.599300,14.789090,351.175800,104.047200,98.172010,0.300000,1000.000000,0.900730,2468,2740,50.000000,off,,0.488449693,0,-0.872592092,1,1
1766648273460,2025-12-25 15:37:53.460,480.407700,18.726170,23,26,2,-0.013367,0.000293,-0.034052,0.171356,0.245529,0.954117,-60.720980,1.682103,46.817300,0.397659,0.602953,0.691593,-57.6308479,6.3675375,52.1915398,7.7707572,Building,Surface,3.568420,3.599106,0.000000,0.000000,-60.700090,1.694531,46.844640,334.749100,14.884130,351.261200,104.047200,98.172010,0.300000,1000.000000,0.900730,2468,2740,50.000000,off,,0.488449693,0,-0.872592092,1,1
1766648273471,2025-12-25 15:37:53.471,480.418900,18.737300,23,26,2,-0.012373,0.000379,-0.034234,0.157562,0.238388,0.958298,-60.720190,1.681888,46.816720,0.386650,0.598391,0.701726,-57.8156815,6.17699385,52.0880775,7.51194763,Building,Surface,3.605606,3.494461,0.000000,0.000000,-60.700160,1.694380,46.844430,334.898100,15.007580,351.315200,104.047200,98.172010,0.300000,1000.000000,0.900730,2468,2740,50.000000,off,,0.488449693,0,-0.872592092,1,1
1766648273482,2025-12-25 15:37:53.482,480.429900,18.748350,23,26,2,-0.015968,0.000526,-0.034679,0.132538,0.246002,0.960159,-60.723950,1.682185,46.816900,0.364444,0.607571,0.705711,-58.0774841,6.0941534,51.9415245,7.26161432,Building,Surface,3.538116,3.607758,0.000000,0.000000,-60.700280,1.694173,46.844350,335.046200,15.106200,351.373800,104.047200,98.172010,0.300000,1000.000000,0.900730,2468,2740,50.000000,off,,0.488449693,0,-0.872592092,1,1
1766648273493,2025-12-25 15:37:53.493,480.441000,18.759460,23,26,2,-0.013367,0.000293,-0.034052,0.171356,0.245529,0.954117,-60.721550,1.681762,46.816860,0.402248,0.597743,0.693460,-57.5909653,6.33382511,52.2138596,7.78266335,Building,Surface,3.568420,3.599106,0.000000,0.000000,-60.700470,1.693988,46.844150,335.177300,15.225230,351.433800,104.047200,98.172010,0.300000,1000.000000,0.900730,2468,2740,50.000000,off,,0.488449693,0,-0.872592092,1,1
1766648273504,2025-12-25 15:37:53.504,480.452100,18.770600,23,26,2,-0.013367,0.000293,-0.034052,0.171356,0.245529,0.954117,-60.721740,1.681633,46.816770,0.403758,0.596175,0.693932,-57.5769119,6.32517433,52.2217255,7.78883791,Building,Surface,3.568420,3.599106,0.000000,0.000000,-60.700600,1.693798,46.844040,335.303300,15.335490,351.476000,104.047200,98.172010,0.300000,1000.000000,0.900730,2468,2740,50.000000,off,,0.488449693,0,-0.872592092,1,1
1766648273515,2025-12-25 15:37:53.515,480.463300,18.781710,23,26,2,-0.012373,0.000379,-0.034234,0.157562,0.238388,0.958298,-60.721050,1.681437,46.816180,0.392879,0.591730,0.703911,-57.7617722,6.13852835,52.1182556,7.53226423,Building,Surface,3.605606,3.494461,0.000001,0.000000,-60.700770,1.693670,46.843830,335.432000,15.461550,351.517300,104.047200,98.172010,0.300000,1000.000000,0.900730,2468,2740,50.000000,off,,0.488449693,0,-0.872592092,1,1
1766648273526,2025-12-25 15:37:53.526,480.474400,18.792880,23,26,2,-0.017714,0.000502,-0.034671,0.126801,0.238190,0.962891,-60.726490,1.681993,46.816710,0.365652,0.595998,0.714882,-58.1163521,5.93641949,51.9197693,7.13822126,Building,Surface,3.514893,3.611740,0.000000,0.000000,-60.700860,1.693524,46.843660,335.558700,15.571380,351.575300,104.047200,98.172010,0.300000,1000.000000,0.900730,2468,2740,50.000000,off,,0.488449693,0,-0.872592092,1,1
1766648273538,2025-12-25 15:37:53.538,480.485400,18.803860,23,26,2,-0.017714,0.000502,-0.034671,0.126801,0.238190,0.962891,-60.726720,1.681905,46.816560,0.367435,0.594745,0.715012,-58.0993614,5.9346509,51.9292793,7.15043688,Building,Surface,3.514893,3.611740,0.000000,0.000000,-60.701020,1.693390,46.843470,335.657700,15.705330,351.617100,104.047200,98.172010,0.300000,1000.000000,0.900730,2468,2740,50.000000,off,,0.488449693,0,-0.872592092,1,1
1766648273549,2025-12-25 15:37:53.549,480.496700,18.815120,23,26,2,-0.019401,0.000296,-0.034225,0.111176,0.254105,0.960754,-60.728400,1.682128,46.817280,0.354008,0.608917,0.709843,-58.209816,6.01426172,51.8674545,7.11441422,Building,Surface,3.461014,3.702148,0.000000,0.000000,-60.701100,1.693344,46.843300,335.766500,15.838270,351.665000,104.047200,98.172010,0.300000,1000.000000,0.900730,2468,2740,50.000000,off,,0.488449693,0,-0.872592092,1,1
1766648273560,2025-12-25 15:37:53.560,480.507700,18.826170,23,26,2,-0.016770,0.000421,-0.034389,0.111145,0.263733,0.958160,-60.726040,1.681726,46.816390,0.355382,0.615133,0.703772,-58.1618652,6.12007141,51.8942909,7.21519041,Building,Surface,3.601822,3.717438,0.000000,0.000000,-60.701190,1.693190,46.843140,335.876200,15.967130,351.695100,104.047200,98.172010,0.300000,1000.000000,0.900730,2468,2740,50.000000,off,,0.488449693,0,-0.872592092,1,1
1766648273571,2025-12-25 15:37:53.571,480.518800,18.837250,23,26,2,-0.011085,0.000660,-0.034709,0.105133,0.267380,0.957825,-60.720860,1.680964,46.814580,0.351406,0.617745,0.703476,-58.1917648,6.12692928,51.8775597,7.19699287,Building,Surface,3.431824,3.769592,0.000001,0.000000,-60.701370,1.693039,46.842910,335.979900,16.100470,351.722400,104.047200,98.172010,0.300000,1000.000000,0.900730,2468,2740,50.000000,off,,0.488449693,0,-0.872592092,1,1
1766648273582,2025-12-25 15:37:53.582,480.529900,18.848330,23,26,2,-0.011085,0.000660,-0.034709,0.105133,0.267380,0.957825,-60.721060,1.680871,46.814430,0.353094,0.616515,0.703710,-58.1762161,6.124259,51.886261,7.20717335,Building,Surface,3.431824,3.769592,0.000001,0.000000,-60.701500,1.692895,46.842720,336.075800,16.224920,351.750900,104.047200,98.172010,0.300000,1000.000000,0.900730,2468,2740,50.000000,off,,0.488449693,0,-0.872592092,1,1
1766648273593,2025-12-25 15:37:53.593,480.541000,18.859440,23,26,2,-0.012774,0.000579,-0.034548,0.105850,0.282852,0.953293,-60.722850,1.681027,46.814790,0.354970,0.626726,0.693677,-58.1081772,6.29742718,51.9243431,7.36581516,Building,Surface,3.534821,3.737030,0.000001,0.000000,-60.701630,1.692762,46.842520,336.218700,16.358220,351.773800,104.047200,98.172010,0.300000,1000.000000,0.900730,2468,2740,50.000000,off,,0.488449693,0,-0.872592092,1,1
1766648273605,2025-12-25 15:37:53.605,480.552200,18.870670,23,26,2,-0.024065,0.000095,-0.034249,0.168716,0.278153,0.945587,-60.733910,1.682069,46.817640,0.415443,0.609182,0.675480,-54.3793755,11,57.1496506,15.2955704,Building,Surface,3.657364,3.819824,0.000001,0.000000,-60.701770,1.692567,46.842320,336.371700,16.487580,351.802200,104.047200,98.172010,0.300000,1000.000000,0.900730,2468,2740,50.000000,off,,0,-1,0,1,1
1766648273615,2025-12-25 15:37:53.615,480.563500,18.881990,23,26,2,-0.024065,0.000095,-0.034249,0.168716,0.278153,0.945587,-60.734150,1.681926,46.817440,0.416845,0.607627,0.676017,-54.3417549,11,57.1842842,15.3349524,Building,Surface,3.657364,3.819824,0.000001,0.000000,-60.701970,1.692374,46.842080,336.504800,16.598930,351.870300,104.047200,98.172010,0.300000,1000.000000,0.900730,2468,2740,50.000000,off,,0,-1,0,1,1
1766648273626,2025-12-25 15:37:53.626,480.574300,18.892730,23,26,2,-0.011085,0.000660,-0.034709,0.105133,0.267380,0.957825,-60.721850,1.680520,46.813770,0.359703,0.609289,0.706649,-58.1253166,6.07870102,51.9147491,7.21844578,Building,Surface,3.431824,3.769592,0.000001,0.000000,-60.702020,1.692257,46.842000,336.642600,16.696340,351.954900,104.047200,98.172010,0.300000,1000.000000,0.900730,2468,2740,50.000000,off,,0.488449693,0,-0.872592092,1,1
1766648273638,2025-12-25 15:37:53.638,480.585700,18.904110,23,26,2,-0.012774,0.000579,-0.034548,0.105850,0.282852,0.953293,-60.723650,1.680658,46.814190,0.360847,0.619566,0.697069,-58.0661278,6.24356461,51.9478798,7.36460114,Building,Surface,3.534821,3.737030,0.000155,0.000000,-60.702170,1.692115,46.841840,336.797800,16.796650,352.036700,104.047200,98.172010,0.300000,1000.000000,0.900730,2468,2740,50.000000,off,,0.488449693,0,-0.872592092,1,1
1766648273650,2025-12-25 15:37:53.650,480.597000,18.915410,23,26,2,-0.030393,-0.000209,-0.033892,0.269760,0.244232,0.931427,-60.740690,1.682297,46.819130,0.513145,0.553534,0.655941,-52.1028481,11,57.8606567,16.8329201,Building,Surface,3.850143,3.893860,0.000002,0.000000,-60.702350,1.691936,46.841710,336.933000,16.872860,352.127900,104.047200,98.172010,0.300000,1000.000000,0.900730,2468,2740,50.000000,off,,0,-1,0,1,1
1766648273660,2025-12-25 15:37:53.660,480.607600,18.926060,23,26,2,-0.030393,-0.000209,-0.033892,0.269760,0.244232,0.931427,-60.740910,1.682144,46.819050,0.514165,0.551765,0.656633,-52.0580139,11,57.9078445,16.8871689,Building,Surface,3.850143,3.893860,0.000002,0.000000,-60.702530,1.691731,46.841580,337.091100,16.950420,352.205600,104.047200,98.172010,0.300000,1000.000000,0.900730,2468,2740,50.000000,off,,0,-1,0,1,1
1766648273671,2025-12-25 15:37:53.671,480.618700,18.937160,23,26,2,-0.032610,-0.000198,-0.034336,0.397995,0.172226,0.901062,-60.743430,1.682101,46.819080,0.629157,0.456389,0.629162,-47.898201,11,59.6644135,20.4163113,Building,Surface,3.909851,3.697678,0.002444,0.000000,-60.702760,1.691517,46.841440,337.267900,17.016340,352.294900,104.047200,98.172010,0.300000,1000.000000,0.900730,2468,2740,50.000000,off,,0,-1,0,1,1
1766648273683,2025-12-25 15:37:53.683,480.630100,18.948520,23,26,2,-0.005356,0.000444,-0.034916,0.471588,0.141388,0.870392,-60.717590,1.678951,46.811720,0.691843,0.405672,0.597287,-44.8212471,11,60.5354767,22.9764481,Building,Surface,4.084335,3.941605,0.009838,0.000000,-60.702980,1.691282,46.841430,337.446500,17.062150,352.401200,104.047200,98.172010,0.300000,1000.000000,0.900730,2468,2740,50.000000,off,,0,-1,0,1,1
1766648273693,2025-12-25 15:37:53.693,480.640900,18.959380,23,26,2,-0.005356,0.000444,-0.034916,0.471588,0.141388,0.870392,-60.717800,1.678828,46.811600,0.692187,0.404135,0.597931,-44.7528496,11,60.6025772,23.0641499,Building,Surface,4.084335,3.941605,0.009838,0.000000,-60.703170,1.691071,46.841330,337.616100,17.082200,352.497500,104.047200,98.172010,0.300000,1000.000000,0.900730,2468,2740,50.000000,off,,0,-1,0,1,1
1766648273704,2025-12-25 15:37:53.704,480.652100,18.970520,23,26,2,-0.025143,-0.000177,-0.034265,0.456650,0.171173,0.873016,-60.736950,1.680749,46.817200,0.679317,0.432697,0.592696,-46.106102,11,59.5824432,21.5374489,Building,Surface,3.970901,3.930435,0.000154,0.000000,-60.703430,1.690866,46.841280,337.795800,17.110120,352.609100,104.047200,98.172010,0.300000,1000.000000,0.900730,2468,2740,50.000000,off,,0,-1,0,1,1
1766648273715,2025-12-25 15:37:53.715,480.663500,18.981900,23,26,2,-0.022939,-0.000142,-0.034405,0.405945,0.175598,0.896851,-60.735120,1.680308,46.816510,0.637205,0.450259,0.625462,-47.5459251,11,59.7626419,20.6981621,Building,Surface,3.964951,3.941208,0.009777,0.000000,-60.703660,1.690652,46.841280,337.965500,17.115060,352.722300,104.047200,98.172010,0.300000,1000.000000,0.900730,2468,2740,50.000000,off,,0,-1,0,1,1
1766648273726,2025-12-25 15:37:53.726,480.674300,18.992740,23,26,2,-0.005356,0.000444,-0.034916,0.471588,0.141388,0.870392,-60.718640,1.678568,46.811510,0.692899,0.399697,0.600085,-44.5593758,11,60.8062439,23.3208828,Building,Surface,4.084335,3.941605,0.009899,0.000000,-60.703950,1.690542,46.841320,338.135700,17.119850,352.828700,104.047200,98.172010,0.300000,1000.000000,0.900730,2468,2740,50.000000,off,,0,-1,0,1,1
