UnixTimestamp,Timestamp,RecordingTime,SceneTime,SceneID,NodeID,GazeIndex,GazeOriginLocalX,GazeOriginLocalY,GazeOriginLocalZ,GazeDirectionLocalX,GazeDirectionLocalY,GazeDirectionLocalZ,GazeOriginWorldX,GazeOriginWorldY,GazeOriginWorldZ,GazeDirectionWorldX,GazeDirectionWorldY,GazeDirectionWorldZ,HitPointX,HitPointY,HitPointZ,HitDistance,HitObjectName,HitObjectTag,LeftPupilDiameter,RightPupilDiameter,LeftEyeOpenness,RightEyeOpenness,HMDPositionX,HMDPositionY,HMDPositionZ,HMDRotationEulerX,HMDRotationEulerY,HMDRotationEulerZ,CameraFOV_V,CameraFOV_H,CameraNearClip,CameraFarClip,CameraAspectRatio,CameraPixelWidth,CameraPixelHeight,CameraFocalLength,TaskHintPanel
1767081130633,2025-12-30 15:52:10.633,1024.191000,2.065125,23,10,2,-0.010626,0.007379,-0.054048,0.087280,0.285172,0.954483,-22.547770,1.638019,44.891350,0.842521,0.482182,-0.240080,0.000000,0.000000,0.000000,0.000000,0,0,2.623657,2.498642,0.000619,0.000000,-22.497750,1.643406,44.867750,348.327100,103.118400,8.806423,104.047200,98.172010,0.300000,1000.000000,0.900730,2468,2740,50.000000,off
1767081130644,2025-12-30 15:52:10.644,1024.202000,2.076233,23,10,2,-0.003414,0.008043,-0.055213,0.066071,0.311478,0.947937,-22.551000,1.639537,44.884750,0.836918,0.504622,-0.211882,0.000000,0.000000,0.000000,0.000000,0,0,2.562469,2.547897,0.000619,0.000000,-22.497890,1.643526,44.867780,348.226300,102.998400,8.697635,104.047200,98.172010,0.300000,1000.000000,0.900730,2468,2740,50.000000,off
1767081130655,2025-12-30 15:52:10.655,1024.213000,2.087219,23,10,2,-0.009013,0.008722,-0.056959,0.090836,0.344101,0.934525,-22.551510,1.639041,44.890510,0.811896,0.538279,-0.225993,0.000000,0.000000,0.000000,0.000000,0,0,2.485809,2.483139,0.000619,0.000000,-22.498010,1.643618,44.867750,348.141600,102.930200,8.562570,104.047200,98.172010,0.300000,1000.000000,0.900730,2468,2740,50.000000,off
1767081130667,2025-12-30 15:52:10.667,1024.224000,2.098328,23,10,2,-0.009013,0.008722,-0.056959,0.090836,0.344101,0.934525,-22.551730,1.639045,44.890390,0.811138,0.539361,-0.226137,0.000000,0.000000,0.000000,0.000000,0,0,2.485809,2.483139,0.000619,0.000000,-22.498200,1.643676,44.867690,348.060800,102.885500,8.406191,104.047200,98.172010,0.300000,1000.000000,0.900730,2468,2740,50.000000,off
1767081130677,2025-12-30 15:52:10.677,1024.235000,2.109436,23,10,2,-0.028057,0.008947,-0.058424,0.124573,0.341995,0.931397,-22.548580,1.636243,44.908790,0.799404,0.541973,-0.259223,0.000000,0.000000,0.000000,0.000000,0,0,2.382172,2.506668,0.000626,0.000000,-22.498390,1.643653,44.867490,348.015300,102.901500,8.252851,104.047200,98.172010,0.300000,1000.000000,0.900730,2468,2740,50.000000,off
1767081130688,2025-12-30 15:52:10.688,1024.246000,2.120422,23,10,2,-0.002650,0.008998,-0.057450,0.093170,0.337540,0.936676,-22.554170,1.640036,44.884030,0.812324,0.534833,-0.232508,0.000000,0.000000,0.000000,0.000000,0,0,2.391769,2.497421,0.000155,0.000000,-22.498550,1.643659,44.867250,347.975300,102.948000,8.116455,104.047200,98.172010,0.300000,1000.000000,0.900730,2468,2740,50.000000,off
1767081130699,2025-12-30 15:52:10.699,1024.257000,2.131653,23,10,2,-0.002650,0.008998,-0.057450,0.093170,0.337540,0.936676,-22.554350,1.640013,44.883880,0.811552,0.535320,-0.234075,0.000000,0.000000,0.000000,0.000000,0,0,2.391769,2.497421,0.000155,0.000000,-22.498740,1.643667,44.867060,347.935400,103.009300,7.984716,104.047200,98.172010,0.300000,1000.000000,0.900730,2468,2740,50.000000,off
1767081130711,2025-12-30 15:52:10.711,1024.268000,2.142761,23,10,2,-0.009013,0.008722,-0.056959,0.090836,0.344101,0.934525,-22.552350,1.639042,44.889640,0.808227,0.541055,-0.232426,0.000000,0.000000,0.000000,0.000000,0,0,2.485809,2.483139,0.039839,0.000000,-22.498900,1.643721,44.866790,347.919500,103.121000,7.866768,104.047200,98.172010,0.300000,1000.000000,0.900730,2468,2740,50.000000,off
1767081130722,2025-12-30 15:52:10.722,1024.279000,2.153870,23,10,2,-0.028057,0.008947,-0.058424,0.124573,0.341995,0.931397,-22.549100,1.636449,44.908050,0.796142,0.543153,-0.266688,0.000000,0.000000,0.000000,0.000000,0,0,2.382172,2.506668,0.629687,0.000000,-22.499110,1.643747,44.866480,347.892200,103.246200,7.773794,104.047200,98.172010,0.300000,1000.000000,0.900730,2468,2740,50.000000,off
1767081130733,2025-12-30 15:52:10.733,1024.290000,2.164856,23,10,2,0.018483,0.009256,-0.057121,0.059769,0.346222,0.936234,-22.560090,1.643230,44.863060,0.816094,0.539440,-0.207295,0.000000,0.000000,0.000000,0.000000,0,0,2.403397,2.448868,0.000615,0.000000,-22.499420,1.643802,44.866170,347.908300,103.382600,7.709888,104.047200,98.172010,0.300000,1000.000000,0.900730,2468,2740,50.000000,off
1767081130744,2025-12-30 15:52:10.744,1024.302000,2.176086,23,10,2,0.018483,0.009256,-0.057121,0.059769,0.346222,0.936234,-22.560340,1.643138,44.862900,0.814561,0.540650,-0.210152,0.000000,0.000000,0.000000,0.000000,0,0,2.403397,2.448868,0.000615,0.000000,-22.499670,1.643816,44.865840,347.824800,103.565500,7.636761,104.047200,98.172010,0.300000,1000.000000,0.900730,2468,2740,50.000000,off
1767081130755,2025-12-30 15:52:10.755,1024.313000,2.187195,23,10,2,0.015816,0.009360,-0.057743,0.061279,0.320679,0.945190,-22.560560,1.642772,44.865430,0.826030,0.518568,-0.220763,0.000000,0.000000,0.000000,0.000000,0,0,2.366608,2.432465,0.000039,0.000000,-22.499970,1.643884,44.865500,347.784600,103.723400,7.570388,104.047200,98.172010,0.300000,1000.000000,0.900730,2468,2740,50.000000,off
1767081130766,2025-12-30 15:52:10.766,1024.324000,2.198181,23,10,2,0.002400,0.008388,-0.055343,0.099930,0.356827,0.928803,-22.554840,1.640719,44.877410,0.792824,0.555403,-0.250887,0.000000,0.000000,0.000000,0.000000,0,0,2.585815,2.371460,0.000039,0.000000,-22.500260,1.644018,44.865180,347.759900,103.944800,7.510446,104.047200,98.172010,0.300000,1000.000000,0.900730,2468,2740,50.000000,off
1767081130777,2025-12-30 15:52:10.777,1024.335000,2.209412,23,10,2,0.002400,0.008388,-0.055343,0.099930,0.356827,0.928803,-22.555060,1.640767,44.877270,0.790929,0.556611,-0.254169,0.000000,0.000000,0.000000,0.000000,0,0,2.585815,2.371460,0.000039,0.000000,-22.500530,1.644153,44.864840,347.672600,104.168900,7.448020,104.047200,98.172010,0.300000,1000.000000,0.900730,2468,2740,50.000000,off
1767081130788,2025-12-30 15:52:10.788,1024.346000,2.220398,23,10,2,-0.008941,0.008473,-0.056228,0.104538,0.336578,0.935822,-22.552970,1.639258,44.888190,0.797514,0.540460,-0.268047,0.000000,0.000000,0.000000,0.000000,0,0,2.491287,2.505829,0.000615,0.000000,-22.500770,1.644272,44.864450,347.572800,104.454400,7.370724,104.047200,98.172010,0.300000,1000.000000,0.900730,2468,2740,50.000000,off
1767081130799,2025-12-30 15:52:10.799,1024.357000,2.231628,23,10,2,-0.016795,0.008323,-0.055830,0.123779,0.334473,0.934235,-22.550580,1.638263,44.895340,0.788770,0.541934,-0.290063,0.000000,0.000000,0.000000,0.000000,0,0,2.501633,2.491058,0.009900,0.000000,-22.501080,1.644405,44.864030,347.468900,104.716000,7.316278,104.047200,98.172010,0.300000,1000.000000,0.900730,2468,2740,50.000000,off
1767081130811,2025-12-30 15:52:10.811,1024.368000,2.242737,23,10,2,-0.013132,0.008371,-0.055718,0.114716,0.344421,0.931763,-22.551740,1.638746,44.891650,0.784810,0.551246,-0.283139,0.000000,0.000000,0.000000,0.000000,0,0,2.477615,2.534012,0.009900,0.000000,-22.501480,1.644448,44.863570,347.374200,105.019100,7.289081,104.047200,98.172010,0.300000,1000.000000,0.900730,2468,2740,50.000000,off
1767081130822,2025-12-30 15:52:10.822,1024.379000,2.253723,23,10,2,-0.013132,0.008371,-0.055718,0.114716,0.344421,0.931763,-22.551990,1.638666,44.891500,0.782764,0.552298,-0.286733,0.000000,0.000000,0.000000,0.000000,0,0,2.477615,2.534012,0.009900,0.000000,-22.501880,1.644444,44.863170,347.304800,105.311200,7.326390,104.047200,98.172010,0.300000,1000.000000,0.900730,2468,2740,50.000000,off
1767081130833,2025-12-30 15:52:10.833,1024.390000,2.264832,23,10,2,-0.008941,0.008473,-0.056228,0.104538,0.336578,0.935822,-22.553960,1.639101,44.887560,0.788732,0.545085,-0.284183,0.000000,0.000000,0.000000,0.000000,0,0,2.491287,2.505829,0.000038,0.000000,-22.502290,1.644420,44.862750,347.251800,105.648700,7.304247,104.047200,98.172010,0.300000,1000.000000,0.900730,2468,2740,50.000000,off
1767081130844,2025-12-30 15:52:10.844,1024.401000,2.275940,23,10,2,-0.016795,0.008323,-0.055830,0.123779,0.334473,0.934235,-22.551430,1.637968,44.894790,0.779896,0.545630,-0.306654,0.000000,0.000000,0.000000,0.000000,0,0,2.501633,2.491058,0.039356,0.000000,-22.502690,1.644376,44.862370,347.223800,106.011800,7.405835,104.047200,98.172010,0.300000,1000.000000,0.900730,2468,2740,50.000000,off
1767081130855,2025-12-30 15:52:10.855,1024.412000,2.287048,23,10,2,-0.016795,0.008323,-0.055830,0.123779,0.334473,0.934235,-22.551600,1.637867,44.894700,0.777456,0.546730,-0.310864,0.000000,0.000000,0.000000,0.000000,0,0,2.501633,2.491058,0.039356,0.000000,-22.503110,1.644380,44.861930,347.162200,106.399500,7.557277,104.047200,98.172010,0.300000,1000.000000,0.900730,2468,2740,50.000000,off
1767081130866,2025-12-30 15:52:10.866,1024.424000,2.298157,23,10,2,-0.009821,0.008413,-0.055644,0.115463,0.336121,0.934708,-22.553820,1.638832,44.888040,0.777673,0.548384,-0.307389,0.000000,0.000000,0.000000,0.000000,0,0,2.477936,2.541595,0.000039,0.000000,-22.503550,1.644409,44.861490,347.105800,106.818800,7.726691,104.047200,98.172010,0.300000,1000.000000,0.900730,2468,2740,50.000000,off
1767081130877,2025-12-30 15:52:10.877,1024.435000,2.309265,23,10,2,-0.014727,0.008733,-0.057061,0.190384,0.325592,0.926132,-22.553830,1.638144,44.893040,0.744806,0.547578,-0.381313,0.000000,0.000000,0.000000,0.000000,0,0,2.486542,2.524078,0.000039,0.000000,-22.503970,1.644494,44.861050,347.040000,107.228000,7.935106,104.047200,98.172010,0.300000,1000.000000,0.900730,2468,2740,50.000000,off
1767081130888,2025-12-30 15:52:10.888,1024.446000,2.320374,23,10,2,-0.026014,0.009116,-0.059173,0.297638,0.292236,0.908829,-22.552290,1.636428,44.904220,0.695338,0.528258,-0.487246,0.000000,0.000000,0.000000,0.000000,0,0,2.499786,2.532974,0.161343,0.000000,-22.504420,1.644600,44.860590,346.938600,107.666300,8.141611,104.047200,98.172010,0.300000,1000.000000,0.900730,2468,2740,50.000000,off
1767081130899,2025-12-30 15:52:10.899,1024.457000,2.331482,23,10,2,-0.026014,0.009116,-0.059173,0.297638,0.292236,0.908829,-22.552340,1.636340,44.904140,0.690996,0.531036,-0.490393,0.000000,0.000000,0.000000,0.000000,0,0,2.499786,2.532974,0.161343,0.000000,-22.504820,1.644747,44.860180,346.810900,108.065400,8.368252,104.047200,98.172010,0.300000,1000.000000,0.900730,2468,2740,50.000000,off
1767081130910,2025-12-30 15:52:10.910,1024.468000,2.342590,23,10,2,-0.027558,0.008718,-0.057171,0.290039,0.280502,0.914978,-22.549900,1.636151,44.904690,0.696580,0.523765,-0.490343,0.000000,0.000000,0.000000,0.000000,0,0,2.441635,2.536530,0.002460,0.000000,-22.505190,1.645008,44.859680,346.622400,108.444700,8.612440,104.047200,98.172010,0.300000,1000.000000,0.900730,2468,2740,50.000000,off
1767081130922,2025-12-30 15:52:10.922,1024.479000,2.353699,23,10,2,-0.014727,0.008733,-0.057061,0.190384,0.325592,0.926132,-22.554330,1.638161,44.892690,0.729131,0.558952,-0.394866,0.000000,0.000000,0.000000,0.000000,0,0,2.486542,2.524078,0.000010,0.000000,-22.505550,1.645390,44.859260,346.391100,108.835400,8.801893,104.047200,98.172010,0.300000,1000.000000,0.900730,2468,2740,50.000000,off
1767081130933,2025-12-30 15:52:10.933,1024.490000,2.365051,23,10,2,-0.014727,0.008733,-0.057061,0.190384,0.325592,0.926132,-22.554400,1.638337,44.892540,0.724751,0.562691,-0.397609,0.000000,0.000000,0.000000,0.000000,0,0,2.486542,2.524078,0.000010,0.000000,-22.505880,1.645845,44.858800,346.158900,109.197000,8.986503,104.047200,98.172010,0.300000,1000.000000,0.900730,2468,2740,50.000000,off
1767081130944,2025-12-30 15:52:10.944,1024.501000,2.375916,23,10,2,-0.026014,0.009116,-0.059173,0.297638,0.292236,0.908829,-22.552310,1.636627,44.903510,0.670349,0.547814,-0.500492,0.000000,0.000000,0.000000,0.000000,0,0,2.499786,2.532974,0.009901,0.000000,-22.506190,1.646374,44.858360,345.847300,109.540200,9.136822,104.047200,98.172010,0.300000,1000.000000,0.900730,2468,2740,50.000000,off
1767081130955,2025-12-30 15:52:10.955,1024.513000,2.387146,23,10,2,-0.028807,0.009537,-0.059629,0.264084,0.239868,0.934189,-22.551730,1.636587,44.906220,0.709624,0.503834,-0.492515,0.000000,0.000000,0.000000,0.000000,0,0,2.482193,2.434769,0.039358,0.000000,-22.506500,1.646866,44.858000,345.532000,109.872000,9.274467,104.047200,98.172010,0.300000,1000.000000,0.900730,2468,2740,50.000000,off
1767081130966,2025-12-30 15:52:10.966,1024.524000,2.398132,23,10,2,-0.029804,0.009742,-0.059848,0.256134,0.249100,0.933991,-22.551540,1.636703,44.907020,0.704997,0.516879,-0.485601,0.000000,0.000000,0.000000,0.000000,0,0,2.550476,2.464462,0.040336,0.000000,-22.506820,1.647421,44.857520,345.180700,110.216900,9.391223,104.047200,98.172010,0.300000,1000.000000,0.900730,2468,2740,50.000000,off
1767081130977,2025-12-30 15:52:10.977,1024.535000,2.409241,23,10,2,-0.029804,0.009742,-0.059848,0.256134,0.249100,0.933991,-22.551520,1.636815,44.906820,0.699254,0.521982,-0.488438,0.000000,0.000000,0.000000,0.000000,0,0,2.550476,2.464462,0.040336,0.000000,-22.507180,1.647921,44.857070,344.850400,110.571600,9.483808,104.047200,98.172010,0.300000,1000.000000,0.900730,2468,2740,50.000000,off
1767081130988,2025-12-30 15:52:10.988,1024.546000,2.420349,23,10,2,-0.029304,0.009864,-0.059642,0.247421,0.243424,0.937820,-22.551610,1.637102,44.906070,0.701656,0.520752,-0.486289,0.000000,0.000000,0.000000,0.000000,0,0,2.486801,2.404053,0.653094,0.000000,-22.507610,1.648297,44.856550,344.550000,110.923900,9.543270,104.047200,98.172010,0.300000,1000.000000,0.900730,2468,2740,50.000000,off
1767081130999,2025-12-30 15:52:10.999,1024.557000,2.431580,23,10,2,-0.027964,0.009434,-0.057570,0.243271,0.239380,0.939941,-22.550300,1.637554,44.903770,0.701410,0.519988,-0.487452,0.000000,0.000000,0.000000,0.000000,0,0,2.449921,2.498550,0.000638,0.000000,-22.508040,1.648625,44.856050,344.345500,111.262300,9.606138,104.047200,98.172010,0.300000,1000.000000,0.900730,2468,2740,50.000000,off
1767081131011,2025-12-30 15:52:11.011,1024.568000,2.442566,23,10,2,-0.027964,0.009434,-0.057570,0.243271,0.239380,0.939941,-22.550480,1.637573,44.903490,0.697243,0.522237,-0.491013,0.000000,0.000000,0.000000,0.000000,0,0,2.449921,2.498550,0.000638,0.000000,-22.508530,1.648803,44.855530,344.194600,111.602600,9.625165,104.047200,98.172010,0.300000,1000.000000,0.900730,2468,2740,50.000000,off
1767081131022,2025-12-30 15:52:11.022,1024.579000,2.453674,23,10,2,-0.028683,0.008950,-0.055609,0.246445,0.257874,0.934204,-22.548500,1.637582,44.903010,0.684093,0.539594,-0.490741,0.000000,0.000000,0.000000,0.000000,0,0,2.605164,2.616898,10.263480,0.000000,-22.508970,1.648910,44.855010,344.134200,111.922100,9.625950,104.047200,98.172010,0.300000,1000.000000,0.900730,2468,2740,50.000000,off
1767081131033,2025-12-30 15:52:11.033,1024.590000,2.464783,23,10,2,-0.013535,0.010108,-0.058006,0.224518,0.210449,0.951462,-22.557320,1.640478,44.890220,0.714132,0.496762,-0.493173,0.000000,0.000000,0.000000,0.000000,0,0,2.644608,2.511780,10.325970,0.000000,-22.509420,1.648991,44.854410,344.062700,112.232000,9.591948,104.047200,98.172010,0.300000,1000.000000,0.900730,2468,2740,50.000000,off
1767081131044,2025-12-30 15:52:11.044,1024.601000,2.475891,23,10,2,-0.027964,0.009434,-0.057570,0.243271,0.239380,0.939941,-22.550930,1.637714,44.902400,0.687704,0.524338,-0.502102,0.000000,0.000000,0.000000,0.000000,0,0,2.449921,2.498550,0.040094,0.000000,-22.509790,1.649065,44.853780,344.028800,112.531900,9.536971,104.047200,98.172010,0.300000,1000.000000,0.900730,2468,2740,50.000000,off
1767081131055,2025-12-30 15:52:11.055,1024.613000,2.487122,23,10,2,-0.027964,0.009434,-0.057570,0.243271,0.239380,0.939941,-22.551090,1.637726,44.901940,0.684614,0.524478,-0.506162,0.000000,0.000000,0.000000,0.000000,0,0,2.449921,2.498550,0.040094,0.000000,-22.510200,1.649065,44.853100,343.999000,112.845000,9.450495,104.047200,98.172010,0.300000,1000.000000,0.900730,2468,2740,50.000000,off
1767081131066,2025-12-30 15:52:11.066,1024.624000,2.498108,23,10,2,-0.028683,0.008950,-0.055609,0.246445,0.257874,0.934204,-22.549090,1.637761,44.901220,0.671843,0.540724,-0.506178,0.000000,0.000000,0.000000,0.000000,0,0,2.605164,2.616898,0.162316,0.000000,-22.510590,1.649093,44.852390,343.993300,113.156300,9.364388,104.047200,98.172010,0.300000,1000.000000,0.900730,2468,2740,50.000000,off
1767081131077,2025-12-30 15:52:11.077,1024.635000,2.509216,23,10,2,-0.011747,0.010059,-0.057890,0.258194,0.209198,0.943161,-22.558780,1.640841,44.886840,0.680777,0.498202,-0.536953,0.000000,0.000000,0.000000,0.000000,0,0,2.524658,2.558975,2.549999,0.000000,-22.510970,1.649059,44.851670,344.009000,113.482000,9.247048,104.047200,98.172010,0.300000,1000.000000,0.900730,2468,2740,50.000000,off
1767081131088,2025-12-30 15:52:11.088,1024.646000,2.520325,23,10,2,-0.011747,0.010059,-0.057890,0.258194,0.209198,0.943161,-22.558920,1.640756,44.886280,0.677254,0.498166,-0.541423,0.000000,0.000000,0.000000,0.000000,0,0,2.524658,2.558975,2.549999,0.000000,-22.511310,1.648976,44.850830,343.982500,113.824800,9.133058,104.047200,98.172010,0.300000,1000.000000,0.900730,2468,2740,50.000000,off
1767081131099,2025-12-30 15:52:11.099,1024.657000,2.531433,23,10,2,-0.020529,0.009479,-0.056983,0.299072,0.201431,0.932709,-22.554360,1.639256,44.892970,0.648643,0.492202,-0.580486,0.000000,0.000000,0.000000,0.000000,0,0,2.652954,2.573410,0.040091,0.000000,-22.511740,1.648973,44.849990,344.068900,114.172100,8.975922,104.047200,98.172010,0.300000,1000.000000,0.900730,2468,2740,50.000000,off
1767081131111,2025-12-30 15:52:11.111,1024.668000,2.542664,23,10,2,-0.027219,0.008971,-0.055939,0.296265,0.203308,0.933212,-22.550460,1.638080,44.897710,0.646421,0.492206,-0.582979,0.000000,0.000000,0.000000,0.000000,0,0,2.600250,2.574585,0.159394,0.000000,-22.512100,1.648864,44.849110,344.116900,114.549700,8.793350,104.047200,98.172010,0.300000,1000.000000,0.900730,2468,2740,50.000000,off
1767081131122,2025-12-30 15:52:11.122,1024.679000,2.553650,23,10,2,-0.027778,0.008836,-0.055493,0.291794,0.206802,0.933838,-22.549860,1.638074,44.897390,0.644412,0.493743,-0.583879,0.000000,0.000000,0.000000,0.000000,0,0,2.672455,2.578369,0.159394,0.000000,-22.512470,1.648822,44.848250,344.148300,114.947300,8.597821,104.047200,98.172010,0.300000,1000.000000,0.900730,2468,2740,50.000000,off
1767081131133,2025-12-30 15:52:11.133,1024.690000,2.564880,23,10,2,-0.027778,0.008836,-0.055493,0.291794,0.206802,0.933838,-22.549890,1.638168,44.896770,0.640270,0.492394,-0.589547,0.000000,0.000000,0.000000,0.000000,0,0,2.672455,2.578369,0.159394,0.000000,-22.512810,1.648784,44.847350,344.176500,115.357900,8.380916,104.047200,98.172010,0.300000,1000.000000,0.900730,2468,2740,50.000000,off
1767081131144,2025-12-30 15:52:11.144,1024.701000,2.575867,23,10,2,-0.027043,0.008901,-0.055565,0.289154,0.199478,0.936249,-22.550290,1.638348,44.895530,0.640472,0.484320,-0.595980,0.000000,0.000000,0.000000,0.000000,0,0,2.694885,2.634186,2.565807,0.000000,-22.513130,1.648684,44.846440,344.201300,115.788800,8.143394,104.047200,98.172010,0.300000,1000.000000,0.900730,2468,2740,50.000000,off
1767081131155,2025-12-30 15:52:11.155,1024.712000,2.586975,23,10,2,-0.027508,0.009167,-0.055967,0.249695,0.182144,0.951035,-22.550480,1.638531,44.895550,0.670783,0.464913,-0.577838,0.000000,0.000000,0.000000,0.000000,0,0,2.756546,2.637512,0.002445,0.000000,-22.513450,1.648635,44.845550,344.251100,116.208900,7.928708,104.047200,98.172010,0.300000,1000.000000,0.900730,2468,2740,50.000000,off
1767081131166,2025-12-30 15:52:11.166,1024.724000,2.598083,23,10,2,-0.027508,0.009167,-0.055967,0.249695,0.182144,0.951035,-22.550490,1.638575,44.894950,0.666599,0.463215,-0.584011,0.000000,0.000000,0.000000,0.000000,0,0,2.756546,2.637512,0.002445,0.000000,-22.513810,1.648519,44.844660,344.310900,116.649000,7.714022,104.047200,98.172010,0.300000,1000.000000,0.900730,2468,2740,50.000000,off
1767081131177,2025-12-30 15:52:11.177,1024.735000,2.609192,23,10,2,-0.027778,0.008836,-0.055493,0.291794,0.206802,0.933838,-22.549900,1.638457,44.894280,0.623554,0.485560,-0.612679,0.000000,0.000000,0.000000,0.000000,0,0,2.672455,2.578369,0.160367,0.000000,-22.514120,1.648460,44.843790,344.393800,117.046900,7.540668,104.047200,98.172010,0.300000,1000.000000,0.900730,2468,2740,50.000000,off
1767081131188,2025-12-30 15:52:11.188,1024.746000,2.620300,23,10,2,-0.027043,0.008901,-0.055565,0.289154,0.199478,0.936249,-22.550280,1.638621,44.893090,0.624260,0.477068,-0.618603,0.000000,0.000000,0.000000,0.000000,0,0,2.694885,2.634186,10.325240,0.000000,-22.514390,1.648341,44.842930,344.469700,117.453700,7.380158,104.047200,98.172010,0.300000,1000.000000,0.900730,2468,2740,50.000000,off
1767081131200,2025-12-30 15:52:11.200,1024.757000,2.631409,23,10,2,-0.027043,0.008901,-0.055565,0.289154,0.199478,0.936249,-22.550200,1.638626,44.892560,0.620161,0.475567,-0.623859,0.000000,0.000000,0.000000,0.000000,0,0,2.694885,2.634186,10.325240,0.000000,-22.514640,1.648220,44.842140,344.528300,117.860400,7.234036,104.047200,98.172010,0.300000,1000.000000,0.900730,2468,2740,50.000000,off
1767081131211,2025-12-30 15:52:11.211,1024.768000,2.642639,23,10,2,-0.027350,0.009365,-0.056502,0.243134,0.185867,0.952011,-22.550820,1.638797,44.892770,0.655012,0.459620,-0.599746,0.000000,0.000000,0.000000,0.000000,0,0,2.675507,2.666428,2.518993,0.000000,-22.514850,1.648108,44.841310,344.605100,118.255100,7.124756,104.047200,98.172010,0.300000,1000.000000,0.900730,2468,2740,50.000000,off
1767081131222,2025-12-30 15:52:11.222,1024.779000,2.653748,23,10,2,-0.025733,0.009175,-0.055457,0.234146,0.187729,0.953888,-22.550560,1.638960,44.890370,0.656424,0.459704,-0.598121,0.000000,0.000000,0.000000,0.000000,0,0,2.689255,2.720718,0.641467,0.000000,-22.515080,1.647890,44.840550,344.658000,118.700700,7.033027,104.047200,98.172010,0.300000,1000.000000,0.900730,2468,2740,50.000000,off
1767081131232,2025-12-30 15:52:11.232,1024.790000,2.664734,23,10,2,-0.019753,0.009215,-0.054767,0.222839,0.207764,0.952438,-22.552930,1.639799,44.884380,0.652970,0.475799,-0.589244,0.000000,0.000000,0.000000,0.000000,0,0,2.789536,2.765305,0.645358,0.000000,-22.515370,1.647706,44.839660,344.734800,119.187900,6.968417,104.047200,98.172010,0.300000,1000.000000,0.900730,2468,2740,50.000000,off
1767081131244,2025-12-30 15:52:11.244,1024.801000,2.675842,23,10,2,-0.019753,0.009215,-0.054767,0.222839,0.207764,0.952438,-22.552750,1.639676,44.883870,0.647348,0.474638,-0.596340,0.000000,0.000000,0.000000,0.000000,0,0,2.789536,2.765305,0.645358,0.000000,-22.515630,1.647502,44.838760,344.800900,119.771300,6.916604,104.047200,98.172010,0.300000,1000.000000,0.900730,2468,2740,50.000000,off
1767081131255,2025-12-30 15:52:11.255,1024.812000,2.686951,23,10,2,-0.011467,0.009588,-0.054964,0.198227,0.213226,0.956665,-22.557230,1.640781,44.876500,0.656015,0.477864,-0.584173,0.000000,0.000000,0.000000,0.000000,0,0,2.786514,2.690308,0.040090,0.000000,-22.515990,1.647319,44.837760,344.797600,120.423300,6.810911,104.047200,98.172010,0.300000,1000.000000,0.900730,2468,2740,50.000000,off
1767081131266,2025-12-30 15:52:11.266,1024.823000,2.698059,23,10,2,0.017286,0.009963,-0.052792,0.133560,0.263901,0.955246,-22.571040,1.645002,44.850980,0.673269,0.518804,-0.526809,0.000000,0.000000,0.000000,0.000000,0,0,2.780930,2.815781,2.597180,0.000000,-22.516520,1.647307,44.836570,344.794300,121.255800,6.874003,104.047200,98.172010,0.300000,1000.000000,0.900730,2468,2740,50.000000,off
1767081131277,2025-12-30 15:52:11.277,1024.835000,2.709167,23,10,2,0.017286,0.009963,-0.052792,0.133560,0.263901,0.955246,-22.571350,1.645057,44.850730,0.663313,0.520030,-0.538110,0.000000,0.000000,0.000000,0.000000,0,0,2.780930,2.815781,2.597180,0.000000,-22.517110,1.647423,44.835350,344.716900,122.274000,6.921335,104.047200,98.172010,0.300000,1000.000000,0.900730,2468,2740,50.000000,off
1767081131288,2025-12-30 15:52:11.288,1024.846000,2.720154,23,10,2,0.012917,0.010060,-0.053630,0.152924,0.249939,0.956101,-22.569920,1.644407,44.854490,0.643808,0.510910,-0.569619,0.000000,0.000000,0.000000,0.000000,0,0,2.957870,2.720840,2.597180,0.000000,-22.517820,1.647462,44.833980,344.622500,123.420000,7.102957,104.047200,98.172010,0.300000,1000.000000,0.900730,2468,2740,50.000000,off
1767081131300,2025-12-30 15:52:11.300,1024.857000,2.731384,23,10,2,-0.011467,0.009588,-0.054964,0.198227,0.213226,0.956665,-22.556800,1.640672,44.874320,0.610687,0.482411,-0.627940,0.000000,0.000000,0.000000,0.000000,0,0,2.786514,2.690308,0.010207,0.000000,-22.518610,1.647516,44.832610,344.594700,124.647800,7.333457,104.047200,98.172010,0.300000,1000.000000,0.900730,2468,2740,50.000000,off
1767081131311,2025-12-30 15:52:11.311,1024.868000,2.742371,23,10,2,0.017286,0.009963,-0.052792,0.133560,0.263901,0.955246,-22.572650,1.645183,44.850140,0.627988,0.523036,-0.576231,0.000000,0.000000,0.000000,0.000000,0,0,2.780930,2.815781,10.388720,0.000000,-22.519550,1.647496,44.831160,344.587200,125.962300,7.572977,104.047200,98.172010,0.300000,1000.000000,0.900730,2468,2740,50.000000,off
1767081131322,2025-12-30 15:52:11.322,1024.879000,2.753601,23,10,2,0.017286,0.009963,-0.052792,0.133560,0.263901,0.955246,-22.573070,1.645209,44.850050,0.615397,0.523698,-0.589070,0.000000,0.000000,0.000000,0.000000,0,0,2.780930,2.815781,10.388720,0.000000,-22.520430,1.647464,44.829820,344.572700,127.258500,7.846954,104.047200,98.172010,0.300000,1000.000000,0.900730,2468,2740,50.000000,off
1767081131333,2025-12-30 15:52:11.333,1024.890000,2.764587,23,10,2,-0.014482,0.010314,-0.057300,0.238968,0.165604,0.956787,-22.556530,1.640061,44.876670,0.548330,0.445124,-0.707934,0.000000,0.000000,0.000000,0.000000,0,0,2.786392,2.708786,41.309770,0.000000,-22.521410,1.647436,44.828600,344.572600,128.469600,8.128181,104.047200,98.172010,0.300000,1000.000000,0.900730,2468,2740,50.000000,off
1767081131344,2025-12-30 15:52:11.344,1024.901000,2.775818,23,10,2,-0.031073,0.011223,-0.062234,0.342712,0.055298,0.937805,-22.549240,1.637190,44.891740,0.463677,0.350429,-0.813752,0.000000,0.000000,0.000000,0.000000,0,0,2.746307,2.571213,41.309770,0.000000,-22.522330,1.647406,44.827430,344.552100,129.624500,8.336987,104.047200,98.172010,0.300000,1000.000000,0.900730,2468,2740,50.000000,off
1767081131355,2025-12-30 15:52:11.355,1024.912000,2.786804,23,10,2,-0.000471,0.010583,-0.057317,0.456177,0.009171,0.889832,-22.565710,1.642173,44.865810,0.341155,0.311146,-0.887008,-20.821280,3.233159,40.330260,5.113269,Target25,Target,3.078049,2.570145,170.235200,0.000000,-22.523060,1.647457,44.826440,344.513500,130.711200,8.477727,104.047200,98.172010,0.300000,1000.000000,0.900730,2468,2740,50.000000,off
1767081131367,2025-12-30 15:52:11.367,1024.924000,2.798767,23,10,2,-0.000471,0.010583,-0.057317,0.456177,0.009171,0.889832,-22.565830,1.642245,44.865550,0.325375,0.312348,-0.892497,-20.937970,3.204922,40.400380,5.002962,Target25,Target,3.078049,2.570145,170.235200,0.000000,-22.523890,1.647566,44.825420,344.478600,131.714000,8.569208,104.047200,98.172010,0.300000,1000.000000,0.900730,2468,2740,50.000000,off
1767081131377,2025-12-30 15:52:11.377,1024.935000,2.809265,23,10,2,-0.000615,0.009853,-0.055168,0.495621,-0.037766,0.867706,-22.564180,1.642253,44.863850,0.271617,0.268222,-0.924263,-21.319920,2.870960,40.629870,4.580885,Target25,Target,3.127945,2.780258,0.039603,0.000000,-22.524590,1.647770,44.824560,344.423700,132.654500,8.576374,104.047200,98.172010,0.300000,1000.000000,0.900730,2468,2740,50.000000,off
1767081131388,2025-12-30 15:52:11.388,1024.946000,2.820374,23,10,2,-0.027327,0.008574,-0.052752,0.437729,-0.046875,0.897873,-22.543440,1.637928,44.879970,0.319937,0.260516,-0.910907,-20.978660,2.912082,40.424820,4.890837,Target25,Target,3.068375,2.892197,2.550366,0.000000,-22.525260,1.647923,44.823640,344.336500,133.545900,8.559954,104.047200,98.172010,0.300000,1000.000000,0.900730,2468,2740,50.000000,off
1767081131400,2025-12-30 15:52:11.400,1024.957000,2.831482,23,10,2,-0.027327,0.008574,-0.052752,0.437729,-0.046875,0.897873,-22.543130,1.638095,44.879500,0.307157,0.261450,-0.915029,-21.065260,2.896057,40.476860,4.811433,Target25,Target,3.068375,2.892197,2.550366,0.000000,-22.525730,1.648145,44.822940,344.237100,134.333500,8.484516,104.047200,98.172010,0.300000,1000.000000,0.900730,2468,2740,50.000000,off
1767081131411,2025-12-30 15:52:11.411,1024.968000,2.842590,23,10,2,-0.000471,0.010583,-0.057317,0.456177,0.009171,0.889832,-22.565670,1.642642,44.864650,0.270743,0.316158,-0.909244,-21.301380,3.119015,40.618730,4.669685,Target25,Target,3.078049,2.570145,41.304870,0.000000,-22.526180,1.648307,44.822150,344.134100,135.106800,8.408173,104.047200,98.172010,0.300000,1000.000000,0.900730,2468,2740,50.000000,off
1767081131422,2025-12-30 15:52:11.422,1024.979000,2.853699,23,10,2,-0.000615,0.009853,-0.055168,0.495621,-0.037766,0.867706,-22.563950,1.642617,44.862830,0.220211,0.271570,-0.936876,-21.609970,2.819098,40.804150,4.332096,Target25,Target,3.127945,2.780258,165.223400,0.000000,-22.526550,1.648496,44.821510,344.042300,135.759400,8.318698,104.047200,98.172010,0.300000,1000.000000,0.900730,2468,2740,50.000000,off
1767081131433,2025-12-30 15:52:11.433,1024.990000,2.864929,23,10,2,-0.030853,0.008674,-0.053326,0.397034,-0.056305,0.916061,-22.540040,1.637927,44.880790,0.317029,0.253974,-0.913764,-20.998100,2.873186,40.436500,4.863655,Target25,Target,2.999680,2.699661,42.057800,0.000000,-22.526880,1.648643,44.820930,343.976400,136.371400,8.236706,104.047200,98.172010,0.300000,1000.000000,0.900730,2468,2740,50.000000,off
1767081131444,2025-12-30 15:52:11.444,1025.001000,2.875916,23,10,2,-0.030853,0.008674,-0.053326,0.397034,-0.056305,0.916061,-22.539760,1.637963,44.880310,0.308267,0.254065,-0.916732,-21.057440,2.859650,40.472160,4.808496,Target25,Target,2.999680,2.699661,42.057800,0.000000,-22.527170,1.648677,44.820340,343.944500,136.918800,8.177342,104.047200,98.172010,0.300000,1000.000000,0.900730,2468,2740,50.000000,off
1767081131455,2025-12-30 15:52:11.455,1025.012000,2.887024,23,10,2,-0.030491,0.008376,-0.051842,0.378616,-0.037918,0.924759,-22.538720,1.638185,44.878600,0.319036,0.271034,-0.908143,-20.972860,2.968447,40.421340,4.908022,Target25,Target,3.081421,2.841949,0.653201,0.000000,-22.527320,1.648688,44.819890,343.940600,137.379100,8.103689,104.047200,98.172010,0.300000,1000.000000,0.900730,2468,2740,50.000000,off
1767081131466,2025-12-30 15:52:11.466,1025.023000,2.898010,23,10,2,-0.029674,0.008013,-0.050112,0.363724,-0.017914,0.931320,-22.537880,1.638466,44.876380,0.326352,0.289080,-0.899944,-20.908240,3.081990,40.382510,4.993434,Target25,Target,2.952438,2.878876,10.263720,0.000000,-22.527430,1.648672,44.819440,343.968800,137.806300,8.046739,104.047200,98.172010,0.300000,1000.000000,0.900730,2468,2740,50.000000,off
1767081131478,2025-12-30 15:52:11.478,1025.035000,2.909363,23,10,2,-0.029674,0.008013,-0.050112,0.363724,-0.017914,0.931320,-22.537570,1.638530,44.876160,0.321380,0.287829,-0.902133,-20.944490,3.065297,40.404290,4.956930,Target25,Target,2.952438,2.878876,10.263720,0.000000,-22.527420,1.648649,44.819140,344.011900,138.136300,7.950491,104.047200,98.172010,0.300000,1000.000000,0.900730,2468,2740,50.000000,off
1767081131489,2025-12-30 15:52:11.489,1025.046000,2.920349,23,10,2,-0.029552,0.008959,-0.053222,0.296204,-0.024277,0.954804,-22.539320,1.638628,44.878370,0.384255,0.278044,-0.880350,-20.459200,3.143786,40.112700,5.413320,Target25,Target,2.908737,2.769348,10.575980,0.000000,-22.527300,1.648597,44.818860,344.059300,138.425100,7.857876,104.047200,98.172010,0.300000,1000.000000,0.900730,2468,2740,50.000000,off
1767081131500,2025-12-30 15:52:11.500,1025.057000,2.931580,23,10,2,0.002459,0.008013,-0.046083,0.230423,0.019775,0.972885,-22.558890,1.643914,44.852790,0.440086,0.314927,-0.840914,-19.903440,3.544162,39.778760,6.033909,Target25,Target,2.986923,2.951187,165.211700,0.000000,-22.527080,1.648568,44.818730,344.119800,138.621000,7.746081,104.047200,98.172010,0.300000,1000.000000,0.900730,2468,2740,50.000000,off
1767081131510,2025-12-30 15:52:11.510,1025.068000,2.942566,23,10,2,-0.029674,0.008013,-0.050112,0.363724,-0.017914,0.931320,-22.536290,1.638638,44.875750,0.312310,0.283676,-0.906622,-21.009410,3.025524,40.443300,4.888906,Target25,Target,2.952438,2.878876,0.645404,0.000000,-22.526700,1.648475,44.818590,344.161300,138.756300,7.648555,104.047200,98.172010,0.300000,1000.000000,0.900730,2468,2740,50.000000,off
1767081131521,2025-12-30 15:52:11.521,1025.079000,2.953674,23,10,2,-0.029674,0.008013,-0.050112,0.363724,-0.017914,0.931320,-22.535780,1.638721,44.875660,0.310588,0.282436,-0.907601,-21.021470,3.015769,40.450550,4.875552,Target25,Target,2.952438,2.878876,0.645404,0.000000,-22.526300,1.648477,44.818470,344.216600,138.879400,7.585485,104.047200,98.172010,0.300000,1000.000000,0.900730,2468,2740,50.000000,off
1767081131533,2025-12-30 15:52:11.533,1025.090000,2.964783,23,10,2,-0.029552,0.008959,-0.053222,0.296204,-0.024277,0.954804,-22.537450,1.638794,44.878080,0.377356,0.273479,-0.884753,-20.520730,3.100357,40.149670,5.344267,Target25,Target,2.908737,2.769348,0.161347,0.000000,-22.525880,1.648433,44.818420,344.252200,138.926900,7.559541,104.047200,98.172010,0.300000,1000.000000,0.900730,2468,2740,50.000000,off
1767081131544,2025-12-30 15:52:11.544,1025.101000,2.976013,23,10,2,0.004336,0.008192,-0.046527,0.215134,0.021698,0.976334,-22.558790,1.644188,44.851780,0.449409,0.311953,-0.837077,-19.802700,3.557304,39.718240,6.132645,Target25,Target,2.975922,3.104065,2.581494,0.000000,-22.525420,1.648402,44.818330,344.311100,138.974300,7.554871,104.047200,98.172010,0.300000,1000.000000,0.900730,2468,2740,50.000000,off
1767081131555,2025-12-30 15:52:11.555,1025.112000,2.987000,23,10,2,0.004336,0.008192,-0.046527,0.215134,0.021698,0.976334,-22.558330,1.644200,44.851770,0.449521,0.311089,-0.837339,-19.802290,3.551507,39.717990,6.131009,Target25,Target,2.975922,3.104065,2.581494,0.000000,-22.524960,1.648363,44.818310,344.371000,138.981400,7.584414,104.047200,98.172010,0.300000,1000.000000,0.900730,2468,2740,50.000000,off
1767081131566,2025-12-30 15:52:11.566,1025.124000,2.998108,23,10,2,-0.015517,0.007668,-0.047088,0.199448,0.016785,0.979752,-22.542820,1.640966,44.864350,0.464422,0.304661,-0.831546,-19.601020,3.570794,39.597050,6.334261,Target25,Target,2.792709,2.989471,2.581494,0.000000,-22.524440,1.648275,44.818240,344.419100,138.974100,7.620090,104.047200,98.172010,0.300000,1000.000000,0.900730,2468,2740,50.000000,off
1767081131577,2025-12-30 15:52:11.577,1025.135000,3.009094,23,10,2,-0.026713,0.007541,-0.047880,0.211441,0.010269,0.977325,-22.534210,1.639172,44.871840,0.454320,0.298476,-0.839335,-19.716650,3.490232,39.666530,6.201640,Target25,Target,2.916367,3.110703,10.326220,0.000000,-22.523970,1.648216,44.818210,344.481500,138.975000,7.668426,104.047200,98.172010,0.300000,1000.000000,0.900730,2468,2740,50.000000,off
1767081131588,2025-12-30 15:52:11.588,1025.146000,3.020203,23,10,2,0.002551,0.008043,-0.045926,0.119995,-0.004211,0.992752,-22.554950,1.643877,44.852290,0.535693,0.276259,-0.797927,-18.638570,3.663566,39.018760,7.310763,Target25,Target,2.784073,3.003738,10.388470,0.000000,-22.523350,1.648116,44.818180,344.530100,138.983000,7.693131,104.047200,98.172010,0.300000,1000.000000,0.900730,2468,2740,50.000000,off
1767081131600,2025-12-30 15:52:11.600,1025.157000,3.031433,23,10,2,0.002551,0.008043,-0.045926,0.119995,-0.004211,0.992752,-22.554350,1.643844,44.852290,0.535490,0.275535,-0.798313,-18.643230,3.656304,39.021550,7.303720,Target25,Target,2.784073,3.003738,10.388470,0.000000,-22.522770,1.648045,44.818150,344.576000,139.007600,7.713861,104.047200,98.172010,0.300000,1000.000000,0.900730,2468,2740,50.000000,off
1767081131610,2025-12-30 15:52:11.610,1025.168000,3.042542,23,10,2,-0.015517,0.007668,-0.047088,0.199448,0.016785,0.979752,-22.540520,1.640840,44.864280,0.464240,0.301704,-0.832725,-19.605600,3.548207,39.599810,6.321908,Target25,Target,2.792709,2.989471,0.040094,0.000000,-22.522190,1.648013,44.818140,344.623400,139.035300,7.732233,104.047200,98.172010,0.300000,1000.000000,0.900730,2468,2740,50.000000,off
1767081131621,2025-12-30 15:52:11.621,1025.179000,3.053528,23,10,2,-0.026713,0.007541,-0.047880,0.211441,0.010269,0.977325,-22.531690,1.639049,44.871770,0.453345,0.295795,-0.840810,-19.729230,3.467583,39.674090,6.181683,Target25,Target,2.916367,3.110703,0.159383,0.000000,-22.521550,1.647986,44.818100,344.668000,139.083900,7.769317,104.047200,98.172010,0.300000,1000.000000,0.900730,2468,2740,50.000000,off
1767081131633,2025-12-30 15:52:11.633,1025.190000,3.064758,23,10,2,-0.026713,0.007541,-0.047880,0.211441,0.010269,0.977325,-22.531070,1.639050,44.871690,0.453165,0.295232,-0.841105,-19.731460,3.462964,39.675430,6.177833,Target25,Target,2.916367,3.110703,0.159383,0.000000,-22.520950,1.647974,44.818020,344.714000,139.106400,7.822269,104.047200,98.172010,0.300000,1000.000000,0.900730,2468,2740,50.000000,off
1767081131644,2025-12-30 15:52:11.644,1025.201000,3.075867,23,10,2,0.009674,0.008250,-0.045791,0.115082,0.016785,0.993210,-22.557270,1.645058,44.847710,0.536683,0.292481,-0.791466,0.000000,0.000000,0.000000,0.000000,0,0,2.936554,3.063385,0.649265,0.000000,-22.520350,1.647930,44.817920,344.755300,139.152800,7.911844,104.047200,98.172010,0.300000,1000.000000,0.900730,2468,2740,50.000000,off
1767081131655,2025-12-30 15:52:11.655,1025.212000,3.086731,23,10,2,0.013551,0.008322,-0.045559,0.115707,0.018402,0.993103,-22.559470,1.645715,44.845160,0.535864,0.293262,-0.791725,0.000000,0.000000,0.000000,0.000000,0,0,2.903397,3.091675,0.010145,0.000000,-22.519720,1.647863,44.817880,344.819500,139.181100,8.041017,104.047200,98.172010,0.300000,1000.000000,0.900730,2468,2740,50.000000,off
1767081131666,2025-12-30 15:52:11.666,1025.223000,3.097839,23,10,2,0.010211,0.008303,-0.045998,0.100891,0.001511,0.994888,-22.556600,1.645107,44.847470,0.549243,0.274840,-0.789164,0.000000,0.000000,0.000000,0.000000,0,0,2.982635,3.044510,0.161336,0.000000,-22.519190,1.647767,44.817770,344.879400,139.214100,8.191797,104.047200,98.172010,0.300000,1000.000000,0.900730,2468,2740,50.000000,off
1767081131677,2025-12-30 15:52:11.677,1025.234000,3.108948,23,10,2,0.010211,0.008303,-0.045998,0.100891,0.001511,0.994888,-22.556000,1.645185,44.847470,0.548859,0.273415,-0.789926,0.000000,0.000000,0.000000,0.000000,0,0,2.982635,3.044510,0.161336,0.000000,-22.518630,1.647739,44.817700,344.980500,139.263900,8.348107,104.047200,98.172010,0.300000,1000.000000,0.900730,2468,2740,50.000000,off
1767081131688,2025-12-30 15:52:11.688,1025.245000,3.120056,23,10,2,0.027510,0.008608,-0.044858,0.066788,0.003799,0.997757,-22.568070,1.648221,44.836010,0.576634,0.270554,-0.770900,0.000000,0.000000,0.000000,0.000000,0,0,2.992401,2.965988,0.159383,0.000000,-22.518030,1.647637,44.817600,345.051100,139.302700,8.506005,104.047200,98.172010,0.300000,1000.000000,0.900730,2468,2740,50.000000,off
1767081131699,2025-12-30 15:52:11.699,1025.257000,3.131165,23,10,2,0.031208,0.008731,-0.044756,0.051697,0.004929,0.998642,-22.570370,1.648933,44.833720,0.588329,0.268608,-0.762694,0.000000,0.000000,0.000000,0.000000,0,0,2.992630,3.063431,0.040091,0.000000,-22.517550,1.647569,44.817550,345.121500,139.356100,8.605663,104.047200,98.172010,0.300000,1000.000000,0.900730,2468,2740,50.000000,off
1767081131710,2025-12-30 15:52:11.710,1025.268000,3.142273,23,10,2,0.031208,0.008731,-0.044756,0.051697,0.004929,0.998642,-22.569830,1.648880,44.833680,0.587762,0.267649,-0.763468,0.000000,0.000000,0.000000,0.000000,0,0,2.992630,3.063431,0.040091,0.000000,-22.517030,1.647417,44.817440,345.183400,139.413000,8.701477,104.047200,98.172010,0.300000,1000.000000,0.900730,2468,2740,50.000000,off
1767081131722,2025-12-30 15:52:11.722,1025.279000,3.153503,23,10,2,0.030554,0.008778,-0.045029,0.055283,0.009018,0.998428,-22.568950,1.648780,44.834290,0.583977,0.271247,-0.765110,0.000000,0.000000,0.000000,0.000000,0,0,2.961685,2.962784,0.009962,0.000000,-22.516520,1.647351,44.817360,345.234800,139.475300,8.792201,104.047200,98.172010,0.300000,1000.000000,0.900730,2468,2740,50.000000,off
1767081131733,2025-12-30 15:52:11.733,1025.290000,3.164612,23,10,2,0.001579,0.008000,-0.046129,0.080109,-0.004349,0.996765,-22.546580,1.643372,44.852540,0.563661,0.260775,-0.783747,0.000000,0.000000,0.000000,0.000000,0,0,2.847214,3.062485,0.000626,0.000000,-22.516030,1.647198,44.817230,345.298000,139.534100,8.879683,104.047200,98.172010,0.300000,1000.000000,0.900730,2468,2740,50.000000,off
1767081131744,2025-12-30 15:52:11.744,1025.301000,3.175598,23,10,2,0.031208,0.008731,-0.044756,0.051697,0.004929,0.998642,-22.568280,1.648867,44.833600,0.585837,0.264678,-0.765979,0.000000,0.000000,0.000000,0.000000,0,0,2.992630,3.063431,0.009962,0.000000,-22.515570,1.647119,44.817130,345.373500,139.600600,8.962689,104.047200,98.172010,0.300000,1000.000000,0.900730,2468,2740,50.000000,off
1767081131755,2025-12-30 15:52:11.755,1025.312000,3.186707,23,10,2,0.031208,0.008731,-0.044756,0.051697,0.004929,0.998642,-22.567870,1.648848,44.833550,0.585139,0.263877,-0.766789,0.000000,0.000000,0.000000,0.000000,0,0,2.992630,3.063431,0.009962,0.000000,-22.515180,1.647016,44.817000,345.425400,139.664600,9.046072,104.047200,98.172010,0.300000,1000.000000,0.900730,2468,2740,50.000000,off
1767081131766,2025-12-30 15:52:11.766,1025.323000,3.197815,23,10,2,0.030554,0.008778,-0.045029,0.055283,0.009018,0.998428,-22.567070,1.648703,44.834140,0.581139,0.267629,-0.768537,0.000000,0.000000,0.000000,0.000000,0,0,2.961685,2.962784,0.002491,0.000000,-22.514760,1.646926,44.816890,345.467800,139.742300,9.117893,104.047200,98.172010,0.300000,1000.000000,0.900730,2468,2740,50.000000,off
1767081131777,2025-12-30 15:52:11.777,1025.334000,3.208923,23,10,2,0.002292,0.007993,-0.046008,0.086960,-0.002625,0.996201,-22.545240,1.643416,44.851720,0.554611,0.260565,-0.790251,0.000000,0.000000,0.000000,0.000000,0,0,2.980759,3.059097,0.009839,0.000000,-22.514410,1.646952,44.816750,345.487900,139.811900,9.186878,104.047200,98.172010,0.300000,1000.000000,0.900730,2468,2740,50.000000,off
1767081131788,2025-12-30 15:52:11.788,1025.345000,3.220032,23,10,2,0.002292,0.007993,-0.046008,0.086960,-0.002625,0.996201,-22.544850,1.643398,44.851610,0.553887,0.260412,-0.790810,0.000000,0.000000,0.000000,0.000000,0,0,2.980759,3.059097,0.009839,0.000000,-22.514060,1.646921,44.816600,345.502200,139.867100,9.246087,104.047200,98.172010,0.300000,1000.000000,0.900730,2468,2740,50.000000,off
1767081131799,2025-12-30 15:52:11.799,1025.357000,3.231140,23,10,2,0.003013,0.007927,-0.045708,0.086349,-0.004669,0.996246,-22.544860,1.643585,44.850850,0.553702,0.258270,-0.791641,0.000000,0.000000,0.000000,0.000000,0,0,2.986938,3.120071,0.009839,0.000000,-22.513730,1.646976,44.816490,345.511400,139.924100,9.281418,104.047200,98.172010,0.300000,1000.000000,0.900730,2468,2740,50.000000,off
1767081131810,2025-12-30 15:52:11.810,1025.368000,3.242126,23,10,2,0.002429,0.007870,-0.045638,0.090530,-0.003250,0.995880,-22.544020,1.643495,44.851040,0.549261,0.260058,-0.794145,0.000000,0.000000,0.000000,0.000000,0,0,2.905685,3.119308,0.010023,0.000000,-22.513440,1.647007,44.816350,345.519700,139.990400,9.287479,104.047200,98.172010,0.300000,1000.000000,0.900730,2468,2740,50.000000,off
1767081131821,2025-12-30 15:52:11.821,1025.379000,3.253235,23,10,2,0.002096,0.007869,-0.045740,0.082565,0.012421,0.996506,-22.543550,1.643479,44.851210,0.554329,0.273920,-0.785928,0.000000,0.000000,0.000000,0.000000,0,0,2.954926,3.150345,0.039599,0.000000,-22.513200,1.647070,44.816220,345.519000,140.063000,9.260859,104.047200,98.172010,0.300000,1000.000000,0.900730,2468,2740,50.000000,off
1767081131833,2025-12-30 15:52:11.833,1025.390000,3.264343,23,10,2,0.002096,0.007869,-0.045740,0.082565,0.012421,0.996506,-22.543230,1.643435,44.851090,0.553088,0.273871,-0.786819,0.000000,0.000000,0.000000,0.000000,0,0,2.954926,3.150345,0.039599,0.000000,-22.512940,1.647025,44.816050,345.520100,140.153500,9.238241,104.047200,98.172010,0.300000,1000.000000,0.900730,2468,2740,50.000000,off
1767081131844,2025-12-30 15:52:11.844,1025.401000,3.275574,23,10,2,0.003958,0.007910,-0.045661,0.084152,0.014893,0.996338,-22.544370,1.643785,44.849780,0.550729,0.276107,-0.787690,0.000000,0.000000,0.000000,0.000000,0,0,3.031677,3.091507,0.002506,0.000000,-22.512710,1.647015,44.815860,345.537500,140.224400,9.208923,104.047200,98.172010,0.300000,1000.000000,0.900730,2468,2740,50.000000,off
1767081131855,2025-12-30 15:52:11.855,1025.412000,3.286560,23,10,2,0.002429,0.007870,-0.045638,0.090530,-0.003250,0.995880,-22.542860,1.643512,44.850570,0.544956,0.258878,-0.797489,0.000000,0.000000,0.000000,0.000000,0,0,2.905685,3.119308,0.009961,0.000000,-22.512450,1.646979,44.815720,345.578800,140.313600,9.163174,104.047200,98.172010,0.300000,1000.000000,0.900730,2468,2740,50.000000,off
1767081131865,2025-12-30 15:52:11.865,1025.423000,3.297791,23,10,2,0.002429,0.007870,-0.045638,0.090530,-0.003250,0.995880,-22.542620,1.643380,44.850350,0.544137,0.258196,-0.798269,0.000000,0.000000,0.000000,0.000000,0,0,2.905685,3.119308,0.009961,0.000000,-22.512250,1.646818,44.815470,345.616000,140.380400,9.126109,104.047200,98.172010,0.300000,1000.000000,0.900730,2468,2740,50.000000,off
1767081131877,2025-12-30 15:52:11.877,1025.434000,3.308899,23,10,2,0.002096,0.007869,-0.045740,0.082565,0.012421,0.996506,-22.542200,1.643296,44.850460,0.549520,0.271139,-0.790258,0.000000,0.000000,0.000000,0.000000,0,0,2.954926,3.150345,2.565746,0.000000,-22.512060,1.646766,44.815270,345.671700,140.444900,9.093281,104.047200,98.172010,0.300000,1000.000000,0.900730,2468,2740,50.000000,off
1767081131888,2025-12-30 15:52:11.888,1025.445000,3.320007,23,10,2,0.005581,0.007931,-0.045561,0.086075,0.011093,0.996216,-22.544620,1.643888,44.848030,0.545857,0.269382,-0.793379,0.000000,0.000000,0.000000,0.000000,0,0,2.948547,3.122787,2.565746,0.000000,-22.511880,1.646679,44.815000,345.726800,140.512300,9.072170,104.047200,98.172010,0.300000,1000.000000,0.900730,2468,2740,50.000000,off
1767081131899,2025-12-30 15:52:11.899,1025.457000,3.331116,23,10,2,0.003867,0.007852,-0.045629,0.072662,0.016998,0.997208,-22.543040,1.643527,44.848920,0.555994,0.272358,-0.785293,0.000000,0.000000,0.000000,0.000000,0,0,3.092422,3.116608,10.262740,0.000000,-22.511650,1.646632,44.814800,345.777600,140.584000,9.054340,104.047200,98.172010,0.300000,1000.000000,0.900730,2468,2740,50.000000,off
1767081131910,2025-12-30 15:52:11.910,1025.468000,3.342102,23,10,2,0.003867,0.007852,-0.045629,0.072662,0.016998,0.997208,-22.542810,1.643468,44.848730,0.555705,0.271771,-0.785700,0.000000,0.000000,0.000000,0.000000,0,0,3.092422,3.116608,10.262740,0.000000,-22.511450,1.646542,44.814590,345.813900,140.613400,9.073731,104.047200,98.172010,0.300000,1000.000000,0.900730,2468,2740,50.000000,off
1767081131921,2025-12-30 15:52:11.921,1025.479000,3.353333,23,10,2,-0.010473,0.007491,-0.046313,0.093979,0.004593,0.995560,-22.531700,1.640713,44.857490,0.538182,0.261994,-0.801069,-18.589080,3.560028,38.989020,7.325775,Target25,Target,3.072327,3.157898,10.263470,0.000000,-22.511240,1.646460,44.814380,345.862200,140.631300,9.107526,104.047200,98.172010,0.300000,1000.000000,0.900730,2468,2740,50.000000,off
1767081131933,2025-12-30 15:52:11.933,1025.490000,3.364563,23,10,2,-0.020220,0.007134,-0.046451,0.104507,0.002823,0.994507,-22.523840,1.638722,44.863150,0.528960,0.260617,-0.807622,-18.733260,3.506329,39.075650,7.166007,Target25,Target,3.152206,3.086639,2.565868,0.000000,-22.511010,1.646300,44.814210,345.927500,140.668300,9.137821,104.047200,98.172010,0.300000,1000.000000,0.900730,2468,2740,50.000000,off
1767081131944,2025-12-30 15:52:11.944,1025.501000,3.375671,23,10,2,-0.020220,0.007134,-0.046451,0.104507,0.002823,0.994507,-22.523560,1.638634,44.862990,0.529236,0.259358,-0.807847,-18.731460,3.496997,39.074570,7.165149,Target25,Target,3.152206,3.086639,2.565868,0.000000,-22.510720,1.646162,44.814040,346.006400,140.664900,9.175139,104.047200,98.172010,0.300000,1000.000000,0.900730,2468,2740,50.000000,off
1767081131955,2025-12-30 15:52:11.955,1025.512000,3.386902,23,10,2,0.002082,0.007611,-0.045476,0.072449,0.024902,0.997055,-22.540270,1.642734,44.848930,0.555677,0.275128,-0.784548,0.000000,0.000000,0.000000,0.000000,0,0,3.090286,3.186188,0.039604,0.000000,-22.510440,1.646068,44.813870,346.069200,140.662300,9.187078,104.047200,98.172010,0.300000,1000.000000,0.900730,2468,2740,50.000000,off
1767081131966,2025-12-30 15:52:11.966,1025.523000,3.397644,23,10,2,-0.010473,0.007491,-0.046313,0.093979,0.004593,0.995560,-22.530660,1.640403,44.856750,0.538955,0.257503,-0.802005,-18.586400,3.524899,38.987410,7.318310,Target25,Target,3.072327,3.157898,0.040340,0.000000,-22.510190,1.645948,44.813610,346.140600,140.633400,9.223209,104.047200,98.172010,0.300000,1000.000000,0.900730,2468,2740,50.000000,off
1767081131977,2025-12-30 15:52:11.977,1025.535000,3.409119,23,10,2,-0.020220,0.007134,-0.046451,0.104507,0.002823,0.994507,-22.522830,1.638435,44.862420,0.530544,0.255868,-0.808102,-18.717370,3.473713,39.066100,7.172669,Target25,Target,3.152206,3.086639,0.160371,0.000000,-22.509950,1.645818,44.813470,346.223100,140.615800,9.257071,104.047200,98.172010,0.300000,1000.000000,0.900730,2468,2740,50.000000,off
1767081131988,2025-12-30 15:52:11.988,1025.546000,3.420105,23,10,2,-0.020220,0.007134,-0.046451,0.104507,0.002823,0.994507,-22.522600,1.638331,44.862200,0.531290,0.254546,-0.808029,-18.707810,3.466036,39.060360,7.180145,Target25,Target,3.152206,3.086639,0.160371,0.000000,-22.509680,1.645668,44.813240,346.308200,140.580000,9.318717,104.047200,98.172010,0.300000,1000.000000,0.900730,2468,2740,50.000000,off
1767081131999,2025-12-30 15:52:11.999,1025.557000,3.431213,23,10,2,0.000561,0.007573,-0.045591,0.076141,0.027054,0.996719,-22.538150,1.642162,44.849090,0.555677,0.272226,-0.785555,0.000000,0.000000,0.000000,0.000000,0,0,3.130920,3.117477,0.040581,0.000000,-22.509360,1.645525,44.813090,346.408400,140.510800,9.372204,104.047200,98.172010,0.300000,1000.000000,0.900730,2468,2740,50.000000,off
1767081132010,2025-12-30 15:52:12.010,1025.568000,3.442078,23,10,2,0.016822,0.007848,-0.045121,-0.002014,-0.003769,0.999985,-22.550380,1.645055,44.838860,0.620919,0.229608,-0.749485,0.000000,0.000000,0.000000,0.000000,0,0,3.233109,3.161804,2.566051,0.000000,-22.509080,1.645388,44.812890,346.494000,140.440200,9.415798,104.047200,98.172010,0.300000,1000.000000,0.900730,2468,2740,50.000000,off
1767081132021,2025-12-30 15:52:12.021,1025.579000,3.453186,23,10,2,0.016822,0.007848,-0.045121,-0.002014,-0.003769,0.999985,-22.550060,1.645045,44.838670,0.622060,0.228635,-0.748836,0.000000,0.000000,0.000000,0.000000,0,0,3.233109,3.161804,2.566051,0.000000,-22.508720,1.645317,44.812750,346.551200,140.363900,9.473621,104.047200,98.172010,0.300000,1000.000000,0.900730,2468,2740,50.000000,off
1767081132032,2025-12-30 15:52:12.032,1025.590000,3.464417,23,10,2,0.030145,0.008460,-0.046295,-0.049637,-0.038589,0.998016,-22.560940,1.647481,44.831580,0.660055,0.185885,-0.727849,0.000000,0.000000,0.000000,0.000000,0,0,3.117706,3.065643,2.566051,0.000000,-22.508390,1.645223,44.812670,346.623000,140.279500,9.522189,104.047200,98.172010,0.300000,1000.000000,0.900730,2468,2740,50.000000,off
1767081132043,2025-12-30 15:52:12.043,1025.601000,3.475403,23,10,2,0.030795,0.008282,-0.045690,-0.064987,-0.057205,0.996231,-22.560740,1.647542,44.830520,0.672932,0.164084,-0.721256,0.000000,0.000000,0.000000,0.000000,0,0,3.090302,3.071365,0.637622,0.000000,-22.508040,1.645137,44.812610,346.681800,140.156400,9.571869,104.047200,98.172010,0.300000,1000.000000,0.900730,2468,2740,50.000000,off
1767081132055,2025-12-30 15:52:12.055,1025.612000,3.486633,23,10,2,-0.022755,0.006334,-0.045332,0.003067,-0.051300,0.998673,-22.518350,1.637056,44.861870,0.622590,0.180516,-0.761436,0.000000,0.000000,0.000000,0.000000,0,0,3.162704,3.194107,10.263720,0.000000,-22.507680,1.645074,44.812530,346.729100,140.054600,9.591883,104.047200,98.172010,0.300000,1000.000000,0.900730,2468,2740,50.000000,off
1767081132066,2025-12-30 15:52:12.066,1025.623000,3.497620,23,10,2,-0.022755,0.006334,-0.045332,0.003067,-0.051300,0.998673,-22.518060,1.636989,44.861750,0.624293,0.179960,-0.760171,0.000000,0.000000,0.000000,0.000000,0,0,3.162704,3.194107,10.263720,0.000000,-22.507280,1.644993,44.812430,346.761800,139.929700,9.622153,104.047200,98.172010,0.300000,1000.000000,0.900730,2468,2740,50.000000,off
1767081132077,2025-12-30 15:52:12.077,1025.634000,3.508850,23,10,2,0.030145,0.008460,-0.046295,-0.049637,-0.038589,0.998016,-22.559560,1.647441,44.830840,0.666549,0.182557,-0.722756,0.000000,0.000000,0.000000,0.000000,0,0,3.117706,3.065643,0.641513,0.000000,-22.506880,1.644969,44.812360,346.812400,139.792900,9.635863,104.047200,98.172010,0.300000,1000.000000,0.900730,2468,2740,50.000000,off
1767081132088,2025-12-30 15:52:12.088,1025.645000,3.519958,23,10,2,0.030795,0.008282,-0.045690,-0.064987,-0.057205,0.996231,-22.559310,1.647455,44.829770,0.679217,0.161284,-0.715977,0.000000,0.000000,0.000000,0.000000,0,0,3.090302,3.071365,2.550304,0.000000,-22.506460,1.644896,44.812300,346.842300,139.676100,9.614910,104.047200,98.172010,0.300000,1000.000000,0.900730,2468,2740,50.000000,off
1767081132099,2025-12-30 15:52:12.099,1025.656000,3.531067,23,10,2,-0.017821,0.006512,-0.045395,0.002075,-0.048325,0.998825,-22.521050,1.637953,44.858620,0.630643,0.180870,-0.754696,0.000000,0.000000,0.000000,0.000000,0,0,3.121017,3.104172,164.231200,0.000000,-22.506040,1.644908,44.812290,346.867600,139.528500,9.596975,104.047200,98.172010,0.300000,1000.000000,0.900730,2468,2740,50.000000,off
1767081132110,2025-12-30 15:52:12.110,1025.668000,3.542175,23,10,2,-0.017821,0.006512,-0.045395,0.002075,-0.048325,0.998825,-22.520720,1.637953,44.858590,0.632572,0.180310,-0.753215,0.000000,0.000000,0.000000,0.000000,0,0,3.121017,3.104172,164.231200,0.000000,-22.505590,1.644875,44.812290,346.900000,139.388000,9.576119,104.047200,98.172010,0.300000,1000.000000,0.900730,2468,2740,50.000000,off
1767081132121,2025-12-30 15:52:12.121,1025.679000,3.553162,23,10,2,-0.003932,0.007025,-0.045622,-0.014679,-0.046860,0.998779,-22.531280,1.640667,44.850310,0.647830,0.178632,-0.740526,0.000000,0.000000,0.000000,0.000000,0,0,3.144730,3.087646,0.000159,0.000000,-22.505140,1.644880,44.812290,346.921000,139.209100,9.569065,104.047200,98.172010,0.300000,1000.000000,0.900730,2468,2740,50.000000,off
1767081132132,2025-12-30 15:52:12.132,1025.690000,3.564392,23,10,2,-0.000132,0.007154,-0.045651,-0.022751,-0.042694,0.998825,-22.533910,1.641437,44.847950,0.656562,0.180785,-0.732280,0.000000,0.000000,0.000000,0.000000,0,0,3.127441,3.182953,0.159402,0.000000,-22.504690,1.644892,44.812320,346.953200,139.014400,9.563016,104.047200,98.172010,0.300000,1000.000000,0.900730,2468,2740,50.000000,off
1767081132143,2025-12-30 15:52:12.143,1025.701000,3.575378,23,10,2,-0.000132,0.007154,-0.045651,-0.022751,-0.042694,0.998825,-22.533590,1.641427,44.847920,0.659102,0.180267,-0.730124,0.000000,0.000000,0.000000,0.000000,0,0,3.127441,3.182953,0.159402,0.000000,-22.504250,1.644858,44.812380,346.983500,138.820400,9.560776,104.047200,98.172010,0.300000,1000.000000,0.900730,2468,2740,50.000000,off
1767081132155,2025-12-30 15:52:12.155,1025.712000,3.586609,23,10,2,-0.000231,0.007128,-0.045543,-0.012985,-0.045761,0.998856,-22.533120,1.641417,44.847870,0.654615,0.178266,-0.734626,0.000000,0.000000,0.000000,0.000000,0,0,3.171204,3.083298,0.649341,0.000000,-22.503790,1.644834,44.812470,347.020800,138.599300,9.560431,104.047200,98.172010,0.300000,1000.000000,0.900730,2468,2740,50.000000,off
1767081132166,2025-12-30 15:52:12.166,1025.723000,3.597717,23,10,2,0.003583,0.007279,-0.045668,-0.006470,-0.045471,0.998932,-22.535770,1.642127,44.845630,0.652681,0.178875,-0.736197,0.000000,0.000000,0.000000,0.000000,0,0,3.179138,3.269699,0.161359,0.000000,-22.503310,1.644775,44.812610,347.064000,138.373400,9.549617,104.047200,98.172010,0.300000,1000.000000,0.900730,2468,2740,50.000000,off
1767081132177,2025-12-30 15:52:12.177,1025.734000,3.608704,23,10,2,-0.000132,0.007154,-0.045651,-0.022751,-0.042694,0.998825,-22.532550,1.641451,44.847930,0.667961,0.178054,-0.722576,0.000000,0.000000,0.000000,0.000000,0,0,3.127441,3.182953,0.160371,0.000000,-22.502790,1.644778,44.812740,347.112400,138.142700,9.558872,104.047200,98.172010,0.300000,1000.000000,0.900730,2468,2740,50.000000,off
1767081132188,2025-12-30 15:52:12.188,1025.745000,3.619812,23,10,2,-0.000132,0.007154,-0.045651,-0.022751,-0.042694,0.998825,-22.532180,1.641505,44.847970,0.671060,0.177203,-0.719910,0.000000,0.000000,0.000000,0.000000,0,0,3.127441,3.182953,0.160371,0.000000,-22.502280,1.644791,44.812900,347.161900,137.904700,9.560095,104.047200,98.172010,0.300000,1000.000000,0.900730,2468,2740,50.000000,off
1767081132199,2025-12-30 15:52:12.199,1025.756000,3.630920,23,10,2,-0.000231,0.007128,-0.045543,-0.012985,-0.045761,0.998856,-22.531660,1.641500,44.848020,0.666960,0.175280,-0.724166,0.000000,0.000000,0.000000,0.000000,0,0,3.171204,3.083298,2.565869,0.000000,-22.501740,1.644778,44.813100,347.194600,137.657200,9.570051,104.047200,98.172010,0.300000,1000.000000,0.900730,2468,2740,50.000000,off
1767081132210,2025-12-30 15:52:12.210,1025.767000,3.642029,23,10,2,-0.001834,0.007214,-0.046005,0.000015,-0.044434,0.999008,-22.530400,1.641223,44.849430,0.660814,0.178144,-0.729097,0.000000,0.000000,0.000000,0.000000,0,0,3.203369,3.178848,0.633639,0.000000,-22.501210,1.644755,44.813270,347.227000,137.380900,9.584846,104.047200,98.172010,0.300000,1000.000000,0.900730,2468,2740,50.000000,off
1767081132222,2025-12-30 15:52:12.222,1025.779000,3.653259,23,10,2,-0.001834,0.007214,-0.046005,0.000015,-0.044434,0.999008,-22.529980,1.641185,44.849480,0.664357,0.177686,-0.725982,0.000000,0.000000,0.000000,0.000000,0,0,3.203369,3.178848,0.633639,0.000000,-22.500630,1.644697,44.813460,347.253800,137.104600,9.621011,104.047200,98.172010,0.300000,1000.000000,0.900730,2468,2740,50.000000,off
1767081132232,2025-12-30 15:52:12.232,1025.790000,3.664246,23,10,2,-0.004941,0.007165,-0.046235,0.000488,-0.038040,0.999268,-22.527420,1.640598,44.851690,0.667619,0.183532,-0.721515,0.000000,0.000000,0.000000,0.000000,0,0,3.182007,3.209366,0.633639,0.000000,-22.500050,1.644698,44.813640,347.279600,136.821500,9.666072,104.047200,98.172010,0.300000,1000.000000,0.900730,2468,2740,50.000000,off
1767081132244,2025-12-30 15:52:12.244,1025.801000,3.675476,23,10,2,-0.000863,0.007245,-0.046085,0.012573,-0.033188,0.999359,-22.530010,1.641370,44.849050,0.662374,0.189146,-0.724888,0.000000,0.000000,0.000000,0.000000,0,0,3.183197,3.148529,0.009962,0.000000,-22.499530,1.644643,44.813880,347.341900,136.530200,9.715682,104.047200,98.172010,0.300000,1000.000000,0.900730,2468,2740,50.000000,off
1767081132255,2025-12-30 15:52:12.255,1025.812000,3.686462,23,10,2,0.005952,0.007403,-0.045963,0.007599,-0.021332,0.999741,-22.534570,1.642696,44.844630,0.669899,0.198773,-0.715345,0.000000,0.000000,0.000000,0.000000,0,0,3.204758,3.193909,2.597241,0.000000,-22.498960,1.644614,44.814120,347.403300,136.229500,9.774086,104.047200,98.172010,0.300000,1000.000000,0.900730,2468,2740,50.000000,off
1767081132266,2025-12-30 15:52:12.266,1025.823000,3.697571,23,10,2,0.005952,0.007403,-0.045963,0.007599,-0.021332,0.999741,-22.534160,1.642630,44.844700,0.673861,0.197761,-0.711896,0.000000,0.000000,0.000000,0.000000,0,0,3.204758,3.193909,2.597241,0.000000,-22.498390,1.644496,44.814370,347.463000,135.921800,9.823586,104.047200,98.172010,0.300000,1000.000000,0.900730,2468,2740,50.000000,off
1767081132277,2025-12-30 15:52:12.277,1025.834000,3.708679,23,10,2,0.017336,0.007766,-0.045997,-0.021439,-0.017624,0.999603,-22.542140,1.644846,44.837390,0.699041,0.194970,-0.687971,0.000000,0.000000,0.000000,0.000000,0,0,3.269089,3.081268,0.010023,0.000000,-22.497860,1.644390,44.814680,347.549300,135.600200,9.869101,104.047200,98.172010,0.300000,1000.000000,0.900730,2468,2740,50.000000,off
1767081132288,2025-12-30 15:52:12.288,1025.845000,3.719788,23,10,2,-0.003528,0.007239,-0.046675,0.031494,-0.025681,0.999161,-22.526980,1.640642,44.851680,0.664677,0.194319,-0.721401,0.000000,0.000000,0.000000,0.000000,0,0,3.180084,3.198547,2.550305,0.000000,-22.497260,1.644254,44.814970,347.647900,135.272900,9.903979,104.047200,98.172010,0.300000,1000.000000,0.900730,2468,2740,50.000000,off
1767081132299,2025-12-30 15:52:12.299,1025.856000,3.730896,23,10,2,-0.003528,0.007239,-0.046675,0.031494,-0.025681,0.999161,-22.526570,1.640600,44.851810,0.669203,0.192533,-0.717686,0.000000,0.000000,0.000000,0.000000,0,0,3.180084,3.198547,2.550305,0.000000,-22.496630,1.644129,44.815270,347.754500,134.931000,9.967175,104.047200,98.172010,0.300000,1000.000000,0.900730,2468,2740,50.000000,off
1767081132310,2025-12-30 15:52:12.310,1025.867000,3.741882,23,10,2,0.005952,0.007403,-0.045963,0.007599,-0.021332,0.999741,-22.532490,1.642423,44.845100,0.691552,0.190605,-0.696721,0.000000,0.000000,0.000000,0.000000,0,0,3.204758,3.193909,2.612926,0.000000,-22.496010,1.643929,44.815610,347.883500,134.559500,10.043940,104.047200,98.172010,0.300000,1000.000000,0.900730,2468,2740,50.000000,off
1767081132321,2025-12-30 15:52:12.321,1025.879000,3.753113,23,10,2,0.017336,0.007766,-0.045997,-0.021439,-0.017624,0.999603,-22.540200,1.644689,44.837590,0.717345,0.186506,-0.671275,0.000000,0.000000,0.000000,0.000000,0,0,3.269089,3.081268,10.451950,0.000000,-22.495390,1.643760,44.815960,348.038800,134.149900,10.130850,104.047200,98.172010,0.300000,1000.000000,0.900730,2468,2740,50.000000,off
1767081132332,2025-12-30 15:52:12.332,1025.890000,3.764221,23,10,2,-0.013054,0.007029,-0.047039,0.035919,-0.035278,0.998718,-22.518940,1.638425,44.859020,0.682190,0.176344,-0.709573,0.000000,0.000000,0.000000,0.000000,0,0,3.178955,3.173172,2.550304,0.000000,-22.494710,1.643538,44.816370,348.209200,133.703900,10.240330,104.047200,98.172010,0.300000,1000.000000,0.900730,2468,2740,50.000000,off
1767081132343,2025-12-30 15:52:12.343,1025.901000,3.775330,23,10,2,-0.013054,0.007029,-0.047039,0.035919,-0.035278,0.998718,-22.518550,1.638286,44.859340,0.688339,0.172802,-0.704487,0.000000,0.000000,0.000000,0.000000,0,0,3.178955,3.173172,2.550304,0.000000,-22.493980,1.643254,44.816880,348.420400,133.239100,10.359010,104.047200,98.172010,0.300000,1000.000000,0.900730,2468,2740,50.000000,off
1767081132355,2025-12-30 15:52:12.355,1025.912000,3.786438,23,10,2,-0.011865,0.007083,-0.047165,0.052475,-0.032547,0.998077,-22.519110,1.638344,44.858900,0.682921,0.174818,-0.709245,0.000000,0.000000,0.000000,0.000000,0,0,3.119400,3.122055,0.160378,0.000000,-22.493240,1.642938,44.817360,348.627300,132.733500,10.505160,104.047200,98.172010,0.300000,1000.000000,0.900730,2468,2740,50.000000,off
1767081132366,2025-12-30 15:52:12.366,1025.923000,3.797913,23,10,2,-0.003481,0.007236,-0.046771,0.050415,-0.031525,0.998215,-22.524200,1.639802,44.853150,0.691798,0.171059,-0.701515,0.000000,0.000000,0.000000,0.000000,0,0,3.126160,3.122986,2.581738,0.000000,-22.492460,1.642466,44.817970,348.893000,132.177300,10.670130,104.047200,98.172010,0.300000,1000.000000,0.900730,2468,2740,50.000000,off
1767081132376,2025-12-30 15:52:12.376,1025.934000,3.808655,23,10,2,-0.003481,0.007236,-0.046771,0.050415,-0.031525,0.998215,-22.523760,1.639597,44.853490,0.699570,0.165984,-0.694996,0.000000,0.000000,0.000000,0.000000,0,0,3.126160,3.122986,2.581738,0.000000,-22.491670,1.642026,44.818610,349.199200,131.588400,10.864630,104.047200,98.172010,0.300000,1000.000000,0.900730,2468,2740,50.000000,off
1767081132387,2025-12-30 15:52:12.387,1025.945000,3.819763,23,10,2,-0.007542,0.006575,-0.045306,0.064484,-0.004852,0.997894,-22.519510,1.638231,44.855640,0.697487,0.189379,-0.691103,0.000000,0.000000,0.000000,0.000000,0,0,3.137222,3.206177,0.641528,0.000000,-22.490880,1.641566,44.819280,349.496300,130.986600,11.044690,104.047200,98.172010,0.300000,1000.000000,0.900730,2468,2740,50.000000,off
1767081132399,2025-12-30 15:52:12.399,1025.956000,3.830872,23,10,2,0.015064,0.007729,-0.046876,-0.046173,-0.020615,0.998718,-22.535180,1.643099,44.840880,0.780048,0.147558,-0.608068,0.000000,0.000000,0.000000,0.000000,0,0,3.032211,3.233093,0.641528,0.000000,-22.490010,1.641024,44.819930,349.831800,130.329000,11.232820,104.047200,98.172010,0.300000,1000.000000,0.900730,2468,2740,50.000000,off
1767081132410,2025-12-30 15:52:12.410,1025.967000,3.841980,23,10,2,-0.003481,0.007236,-0.046771,0.050415,-0.031525,0.998215,-22.522470,1.638763,44.854550,0.724568,0.148950,-0.672892,0.000000,0.000000,0.000000,0.000000,0,0,3.126160,3.122986,0.000157,0.000000,-22.489240,1.640398,44.820710,350.221000,129.655100,11.439670,104.047200,98.172010,0.300000,1000.000000,0.900730,2468,2740,50.000000,off
1767081132421,2025-12-30 15:52:12.421,1025.979000,3.853088,23,10,2,-0.003481,0.007236,-0.046771,0.050415,-0.031525,0.998215,-22.522130,1.638362,44.854910,0.733153,0.142156,-0.665017,0.000000,0.000000,0.000000,0.000000,0,0,3.126160,3.122986,0.000157,0.000000,-22.488510,1.639679,44.821440,350.625400,128.982200,11.626110,104.047200,98.172010,0.300000,1000.000000,0.900730,2468,2740,50.000000,off
1767081132432,2025-12-30 15:52:12.432,1025.990000,3.864075,23,10,2,-0.007542,0.006575,-0.045306,0.064484,-0.004852,0.997894,-22.518120,1.636734,44.857300,0.733039,0.163335,-0.660265,0.000000,0.000000,0.000000,0.000000,0,0,3.137222,3.206177,10.325730,0.000000,-22.487790,1.638933,44.822250,351.062000,128.283700,11.765990,104.047200,98.172010,0.300000,1000.000000,0.900730,2468,2740,50.000000,off
1767081132443,2025-12-30 15:52:12.443,1026.001000,3.875183,23,10,2,0.025365,0.008097,-0.047211,-0.141754,0.016190,0.989761,-22.539750,1.644170,44.834400,0.863672,0.133595,-0.486012,0.000000,0.000000,0.000000,0.000000,0,0,3.177841,3.132889,0.629718,0.000000,-22.487090,1.638174,44.823070,351.472500,127.608700,11.871150,104.047200,98.172010,0.300000,1000.000000,0.900730,2468,2740,50.000000,off
1767081132454,2025-12-30 15:52:12.454,1026.012000,3.886414,23,10,2,0.025365,0.008097,-0.047211,-0.141754,0.016190,0.989761,-22.539170,1.643721,44.834680,0.869956,0.127201,-0.476425,0.000000,0.000000,0.000000,0.000000,0,0,3.177841,3.132889,0.629718,0.000000,-22.486410,1.637404,44.823970,351.843900,126.940900,11.885360,104.047200,98.172010,0.300000,1000.000000,0.900730,2468,2740,50.000000,off
1767081132465,2025-12-30 15:52:12.465,1026.023000,3.897522,23,10,2,0.034584,0.008428,-0.047817,-0.355393,0.023727,0.934403,-22.544580,1.645460,44.828200,0.960521,0.077169,-0.267244,0.000000,0.000000,0.000000,0.000000,0,0,3.258820,3.282196,0.629718,0.000000,-22.485710,1.636708,44.824830,352.196600,126.261400,11.915930,104.047200,98.172010,0.300000,1000.000000,0.900730,2468,2740,50.000000,off
1767081132477,2025-12-30 15:52:12.477,1026.034000,3.908630,23,10,2,0.035122,0.008205,-0.047671,-0.497620,0.078506,0.863831,-22.543930,1.645030,44.827830,0.991992,0.087326,-0.091203,0.000000,0.000000,0.000000,0.000000,0,0,3.327377,3.504913,0.649265,0.000000,-22.484860,1.636122,44.825740,352.500300,125.587800,11.882940,104.047200,98.172010,0.300000,1000.000000,0.900730,2468,2740,50.000000,off
1767081132488,2025-12-30 15:52:12.488,1026.045000,3.919617,23,10,2,0.003937,0.007109,-0.048444,-0.526138,0.112610,0.842896,-22.525650,1.637305,44.852770,0.993377,0.108674,-0.036983,0.000000,0.000000,0.000000,0.000000,0,0,3.291992,3.597458,0.002521,0.000000,-22.484060,1.635707,44.826680,352.759900,124.901600,11.818210,104.047200,98.172010,0.300000,1000.000000,0.900730,2468,2740,50.000000,off
1767081132499,2025-12-30 15:52:12.499,1026.056000,3.930725,23,10,2,0.003937,0.007109,-0.048444,-0.526138,0.112610,0.842896,-22.525150,1.637105,44.853240,0.994020,0.106050,-0.025573,0.000000,0.000000,0.000000,0.000000,0,0,3.291992,3.597458,0.002521,0.000000,-22.483260,1.635321,44.827640,352.980800,124.232500,11.753980,104.047200,98.172010,0.300000,1000.000000,0.900730,2468,2740,50.000000,off
1767081132510,2025-12-30 15:52:12.510,1026.067000,3.941833,23,10,2,0.034584,0.008428,-0.047817,-0.355393,0.023727,0.934403,-22.541300,1.644522,44.829120,0.972969,0.062797,-0.222176,-8.040000,2.580456,41.517770,14.903980,Target21,Target,3.258820,3.282196,0.160378,0.000000,-22.482440,1.635068,44.828670,353.173000,123.567600,11.665510,104.047200,98.172010,0.300000,1000.000000,0.900730,2468,2740,50.000000,off
1767081132521,2025-12-30 15:52:12.521,1026.079000,3.953186,23,10,2,0.035122,0.008205,-0.047671,-0.497620,0.078506,0.863831,-22.540700,1.644239,44.828800,0.996024,0.076937,-0.044825,0.000000,0.000000,0.000000,0.000000,0,0,3.327377,3.504913,0.641437,0.000000,-22.481680,1.634757,44.829640,353.362100,122.891200,11.590220,104.047200,98.172010,0.300000,1000.000000,0.900730,2468,2740,50.000000,off
1767081132532,2025-12-30 15:52:12.532,1026.090000,3.964172,23,10,2,-0.016855,0.006265,-0.047527,-0.469894,0.119843,0.874542,-22.511640,1.631937,44.871110,0.991112,0.122451,-0.051863,0.000000,0.000000,0.000000,0.000000,0,0,3.206390,3.546829,10.327440,0.000000,-22.480890,1.634541,44.830750,353.515100,122.206300,11.490930,104.047200,98.172010,0.300000,1000.000000,0.900730,2468,2740,50.000000,off
1767081132543,2025-12-30 15:52:12.543,1026.101000,3.975281,23,10,2,-0.016855,0.006265,-0.047527,-0.469894,0.119843,0.874542,-22.511340,1.631938,44.871780,0.991901,0.120527,-0.039913,0.000000,0.000000,0.000000,0.000000,0,0,3.206390,3.546829,10.327440,0.000000,-22.480090,1.634386,44.831790,353.678900,121.505800,11.425120,104.047200,98.172010,0.300000,1000.000000,0.900730,2468,2740,50.000000,off
1767081132554,2025-12-30 15:52:12.554,1026.112000,3.986389,23,10,2,-0.016179,0.006625,-0.048374,-0.434143,0.113785,0.893616,-22.512190,1.632203,44.872520,0.990049,0.122793,-0.068562,0.000000,0.000000,0.000000,0.000000,0,0,3.097534,3.313950,2.566357,0.000000,-22.479360,1.634150,44.832970,353.781400,120.799200,11.346150,104.047200,98.172010,0.300000,1000.000000,0.900730,2468,2740,50.000000,off
1767081132565,2025-12-30 15:52:12.565,1026.123000,3.997498,23,10,2,-0.007245,0.006736,-0.047273,-0.416916,0.120911,0.900864,-22.515610,1.634101,44.865260,0.988567,0.132293,-0.072300,0.000000,0.000000,0.000000,0.000000,0,0,3.193359,3.427414,0.009902,0.000000,-22.478660,1.633965,44.834160,353.904500,120.055100,11.304070,104.047200,98.172010,0.300000,1000.000000,0.900730,2468,2740,50.000000,off
1767081132576,2025-12-30 15:52:12.576,1026.134000,4.008606,23,10,2,-0.007245,0.006736,-0.047273,-0.416916,0.120911,0.900864,-22.515340,1.633966,44.866040,0.989592,0.130926,-0.059656,0.000000,0.000000,0.000000,0.000000,0,0,3.193359,3.427414,0.009902,0.000000,-22.477990,1.633723,44.835410,354.021700,119.314400,11.243180,104.047200,98.172010,0.300000,1000.000000,0.900730,2468,2740,50.000000,off
1767081132587,2025-12-30 15:52:12.587,1026.145000,4.019592,23,10,2,0.026211,0.008298,-0.048926,-0.412903,0.150589,0.898224,-22.532820,1.641697,44.839460,0.986377,0.158858,-0.042401,0.000000,0.000000,0.000000,0.000000,0,0,3.120514,3.141739,0.000039,0.000000,-22.477360,1.633529,44.836720,354.136700,118.558400,11.209120,104.047200,98.172010,0.300000,1000.000000,0.900730,2468,2740,50.000000,off
1767081132599,2025-12-30 15:52:12.599,1026.156000,4.030823,23,10,2,-0.018345,0.006899,-0.048926,-0.284195,0.109543,0.952484,-22.511060,1.631650,44.877930,0.973558,0.147714,-0.174235,0.000000,0.000000,0.000000,0.000000,0,0,3.143265,3.126419,0.010022,0.000000,-22.476740,1.633349,44.837970,354.247600,117.805200,11.151290,104.047200,98.172010,0.300000,1000.000000,0.900730,2468,2740,50.000000,off
1767081132610,2025-12-30 15:52:12.610,1026.167000,4.041809,23,10,2,-0.018345,0.006899,-0.048926,-0.284195,0.109543,0.952484,-22.511030,1.631640,44.878830,0.976079,0.146073,-0.161011,0.000000,0.000000,0.000000,0.000000,0,0,3.143265,3.126419,0.010022,0.000000,-22.476150,1.633209,44.839350,354.370900,117.016900,11.076920,104.047200,98.172010,0.300000,1000.000000,0.900730,2468,2740,50.000000,off
1767081132621,2025-12-30 15:52:12.621,1026.178000,4.053040,23,10,2,-0.007245,0.006736,-0.047273,-0.416916,0.120911,0.900864,-22.514600,1.633910,44.869250,0.992104,0.125228,-0.006453,0.000000,0.000000,0.000000,0.000000,0,0,3.193359,3.427414,0.000626,0.000000,-22.475630,1.633193,44.840720,354.538700,116.203100,10.929350,104.047200,98.172010,0.300000,1000.000000,0.900730,2468,2740,50.000000,off
1767081132632,2025-12-30 15:52:12.632,1026.189000,4.064026,23,10,2,0.026211,0.008298,-0.048926,-0.412903,0.150589,0.898224,-22.530520,1.641410,44.841710,0.987866,0.154816,0.011195,0.000000,0.000000,0.000000,0.000000,0,0,3.120514,3.141739,0.009900,0.000000,-22.475030,1.633013,44.842130,354.573200,115.401500,10.848880,104.047200,98.172010,0.300000,1000.000000,0.900730,2468,2740,50.000000,off
1767081132643,2025-12-30 15:52:12.643,1026.201000,4.075134,23,10,2,-0.006861,0.007070,-0.048546,-0.236679,0.110352,0.965286,-22.515650,1.634032,44.871210,0.973641,0.154432,-0.167770,0.000000,0.000000,0.000000,0.000000,0,0,3.044861,2.770142,0.000619,0.000000,-22.474580,1.632909,44.843540,354.646200,114.614800,10.664260,104.047200,98.172010,0.300000,1000.000000,0.900730,2468,2740,50.000000,off
1767081132655,2025-12-30 15:52:12.655,1026.212000,4.086243,23,10,2,-0.006861,0.007070,-0.048546,-0.236679,0.110352,0.965286,-22.515490,1.633947,44.872060,0.975867,0.154196,-0.154530,0.000000,0.000000,0.000000,0.000000,0,0,3.044861,2.770142,0.000619,0.000000,-22.474040,1.632766,44.844970,354.693000,113.827300,10.540700,104.047200,98.172010,0.300000,1000.000000,0.900730,2468,2740,50.000000,off
1767081132666,2025-12-30 15:52:12.666,1026.223000,4.097473,23,10,2,-0.016262,0.006625,-0.048068,-0.244736,0.119614,0.962174,-22.511130,1.631742,44.881060,0.978194,0.161138,-0.130964,0.000000,0.000000,0.000000,0.000000,0,0,3.060654,3.114944,0.000619,0.000000,-22.473510,1.632596,44.846370,354.741100,113.042700,10.446460,104.047200,98.172010,0.300000,1000.000000,0.900730,2468,2740,50.000000,off
1767081132676,2025-12-30 15:52:12.676,1026.234000,4.108459,23,10,2,0.016348,0.007558,-0.048550,-0.269363,0.146286,0.951859,-22.524280,1.638392,44.852790,0.979504,0.181958,-0.086341,0.000000,0.000000,0.000000,0.000000,0,0,3.119110,2.954056,0.040092,0.000000,-22.473080,1.632492,44.847760,354.782400,112.261800,10.294360,104.047200,98.172010,0.300000,1000.000000,0.900730,2468,2740,50.000000,off
1767081132687,2025-12-30 15:52:12.687,1026.245000,4.119690,23,10,2,-0.006286,0.006769,-0.048062,-0.203171,0.136307,0.969605,-22.514960,1.633702,44.873730,0.972325,0.185496,-0.142010,0.000000,0.000000,0.000000,0.000000,0,0,2.946823,3.075180,0.000038,0.000000,-22.472660,1.632494,44.849160,354.830400,111.482700,10.108500,104.047200,98.172010,0.300000,1000.000000,0.900730,2468,2740,50.000000,off
1767081132698,2025-12-30 15:52:12.698,1026.256000,4.130676,23,10,2,-0.006286,0.006769,-0.048062,-0.203171,0.136307,0.969605,-22.514880,1.633717,44.874380,0.974141,0.185799,-0.128523,0.000000,0.000000,0.000000,0.000000,0,0,2.946823,3.075180,0.000038,0.000000,-22.472230,1.632485,44.850410,354.840900,110.677300,9.985910,104.047200,98.172010,0.300000,1000.000000,0.900730,2468,2740,50.000000,off
1767081132710,2025-12-30 15:52:12.710,1026.267000,4.141907,23,10,2,-0.023504,0.006338,-0.048573,-0.099045,0.118729,0.987961,-22.509230,1.630327,44.891100,0.956742,0.188875,-0.221232,0.000000,0.000000,0.000000,0.000000,0,0,3.004425,2.961777,0.000039,0.000000,-22.471810,1.632490,44.851760,354.819300,109.913400,9.830931,104.047200,98.172010,0.300000,1000.000000,0.900730,2468,2740,50.000000,off
1767081132721,2025-12-30 15:52:12.721,1026.278000,4.153015,23,10,2,0.016348,0.007558,-0.048550,-0.269363,0.146286,0.951859,-22.522810,1.638234,44.855240,0.982311,0.184187,-0.033633,0.000000,0.000000,0.000000,0.000000,0,0,3.119110,2.954056,0.000039,0.000000,-22.471400,1.632447,44.853100,354.827800,109.131900,9.706035,104.047200,98.172010,0.300000,1000.000000,0.900730,2468,2740,50.000000,off
1767081132732,2025-12-30 15:52:12.732,1026.290000,4.164124,23,10,2,0.016348,0.007558,-0.048550,-0.269363,0.146286,0.951859,-22.522530,1.638151,44.855850,0.982601,0.184507,-0.021060,0.000000,0.000000,0.000000,0.000000,0,0,3.119110,2.954056,0.000039,0.000000,-22.471090,1.632379,44.854420,354.851600,108.384900,9.565058,104.047200,98.172010,0.300000,1000.000000,0.900730,2468,2740,50.000000,off
1767081132743,2025-12-30 15:52:12.743,1026.301000,4.175110,23,10,2,-0.006286,0.006769,-0.048062,-0.203171,0.136307,0.969605,-22.514640,1.633724,44.877310,0.979222,0.187276,-0.077742,0.000000,0.000000,0.000000,0.000000,0,0,2.946823,3.075180,0.009899,0.000000,-22.470760,1.632385,44.855680,354.882500,107.646000,9.426250,104.047200,98.172010,0.300000,1000.000000,0.900730,2468,2740,50.000000,off
1767081132754,2025-12-30 15:52:12.754,1026.312000,4.186340,23,10,2,-0.005306,0.006807,-0.048681,-0.118485,0.113983,0.986389,-22.515440,1.633856,44.877260,0.971291,0.181347,-0.153955,0.000000,0.000000,0.000000,0.000000,0,0,2.913269,2.961807,0.000038,0.000000,-22.470390,1.632369,44.856950,354.866600,106.912300,9.245992,104.047200,98.172010,0.300000,1000.000000,0.900730,2468,2740,50.000000,off
1767081132765,2025-12-30 15:52:12.765,1026.323000,4.197327,23,10,2,0.016783,0.007221,-0.048453,-0.118134,0.114349,0.986389,-22.521500,1.637796,44.856980,0.972964,0.181636,-0.142630,0.000000,0.000000,0.000000,0.000000,0,0,2.967026,2.870850,0.000010,0.000000,-22.470010,1.632351,44.858060,354.884200,106.221700,9.172359,104.047200,98.172010,0.300000,1000.000000,0.900730,2468,2740,50.000000,off
1767081132776,2025-12-30 15:52:12.776,1026.334000,4.208557,23,10,2,0.016783,0.007221,-0.048453,-0.118134,0.114349,0.986389,-22.521180,1.637771,44.857420,0.974723,0.180809,-0.131215,0.000000,0.000000,0.000000,0.000000,0,0,2.967026,2.870850,0.000010,0.000000,-22.469710,1.632310,44.859150,354.955500,105.531700,9.007964,104.047200,98.172010,0.300000,1000.000000,0.900730,2468,2740,50.000000,off
1767081132787,2025-12-30 15:52:12.787,1026.345000,4.219543,23,10,2,-0.010181,0.006519,-0.048560,-0.063416,0.120300,0.990707,-22.513630,1.632827,44.883510,0.965226,0.196642,-0.172238,0.000000,0.000000,0.000000,0.000000,0,0,2.941818,2.914825,0.002460,0.000000,-22.469300,1.632264,44.860310,354.912100,104.858300,8.778650,104.047200,98.172010,0.300000,1000.000000,0.900730,2468,2740,50.000000,off
1767081132798,2025-12-30 15:52:12.798,1026.356000,4.230652,23,10,2,-0.008702,0.006560,-0.048749,-0.184769,0.134338,0.973541,-22.514090,1.633170,44.882710,0.980852,0.190840,-0.038453,0.000000,0.000000,0.000000,0.000000,0,0,2.857056,2.879013,0.000039,0.000000,-22.468910,1.632296,44.861420,354.939900,104.161300,8.547510,104.047200,98.172010,0.300000,1000.000000,0.900730,2468,2740,50.000000,off
1767081132810,2025-12-30 15:52:12.810,1026.367000,4.241882,23,10,2,-0.008702,0.006560,-0.048749,-0.184769,0.134338,0.973541,-22.513890,1.633145,44.883180,0.980952,0.192292,-0.026935,0.000000,0.000000,0.000000,0.000000,0,0,2.857056,2.879013,0.000039,0.000000,-22.468440,1.632249,44.862470,354.911400,103.462100,8.270774,104.047200,98.172010,0.300000,1000.000000,0.900730,2468,2740,50.000000,off
1767081132821,2025-12-30 15:52:12.821,1026.378000,4.252869,23,10,2,0.033868,0.007696,-0.049846,-0.358170,0.181412,0.915848,-22.524610,1.639983,44.843010,0.962490,0.210438,0.171177,0.000000,0.000000,0.000000,0.000000,0,0,3.085236,3.115845,0.000154,0.000000,-22.467950,1.632126,44.863470,354.943100,102.776300,7.936959,104.047200,98.172010,0.300000,1000.000000,0.900730,2468,2740,50.000000,off
1767081132832,2025-12-30 15:52:12.832,1026.389000,4.263977,23,10,2,-0.010181,0.006519,-0.048560,-0.063416,0.120300,0.990707,-22.512950,1.632973,44.885310,0.972310,0.195801,-0.127558,0.000000,0.000000,0.000000,0.000000,0,0,2.941818,2.914825,0.000039,0.000000,-22.467500,1.632056,44.864380,355.058900,102.079100,7.581456,104.047200,98.172010,0.300000,1000.000000,0.900730,2468,2740,50.000000,off
1767081132843,2025-12-30 15:52:12.843,1026.401000,4.275085,23,10,2,-0.008702,0.006560,-0.048749,-0.184769,0.134338,0.973541,-22.513220,1.633089,44.884200,0.981369,0.191965,0.005768,0.000000,0.000000,0.000000,0.000000,0,0,2.857056,2.879013,0.000157,0.000000,-22.467030,1.631815,44.865210,355.150500,101.433100,7.218375,104.047200,98.172010,0.300000,1000.000000,0.900730,2468,2740,50.000000,off
1767081132855,2025-12-30 15:52:12.855,1026.412000,4.286194,23,10,2,-0.008702,0.006560,-0.048749,-0.184769,0.134338,0.973541,-22.512990,1.632957,44.884360,0.981562,0.190423,0.015593,0.000000,0.000000,0.000000,0.000000,0,0,2.857056,2.879013,0.000157,0.000000,-22.466600,1.631486,44.865900,355.313500,100.816600,6.875226,104.047200,98.172010,0.300000,1000.000000,0.900730,2468,2740,50.000000,off
1767081132865,2025-12-30 15:52:12.865,1026.423000,4.297302,23,10,2,0.033546,0.007584,-0.049592,-0.370422,0.161835,0.914642,-22.521460,1.638509,44.843610,0.956866,0.189928,0.219793,0.000000,0.000000,0.000000,0.000000,0,0,3.027679,3.105164,0.000039,0.000000,-22.466160,1.631086,44.866620,355.526200,100.236100,6.487390,104.047200,98.172010,0.300000,1000.000000,0.900730,2468,2740,50.000000,off
1767081132877,2025-12-30 15:52:12.877,1026.434000,4.308411,23,10,2,0.028258,0.007475,-0.049741,-0.300842,0.135086,0.944046,-22.519980,1.637331,44.848820,0.973132,0.172695,0.152207,0.000000,0.000000,0.000000,0.000000,0,0,3.025574,3.081802,0.000630,0.000000,-22.465730,1.630654,44.867280,355.722100,99.665160,6.062053,104.047200,98.172010,0.300000,1000.000000,0.900730,2468,2740,50.000000,off
1767081132888,2025-12-30 15:52:12.888,1026.445000,4.319519,23,10,2,0.028258,0.007475,-0.049741,-0.300842,0.135086,0.944046,-22.519400,1.636791,44.848780,0.971962,0.171572,0.160721,0.000000,0.000000,0.000000,0.000000,0,0,3.025574,3.081802,0.000630,0.000000,-22.465360,1.630134,44.867850,355.939200,99.112360,5.618642,104.047200,98.172010,0.300000,1000.000000,0.900730,2468,2740,50.000000,off
1767081132899,2025-12-30 15:52:12.899,1026.456000,4.330627,23,10,2,0.009704,0.006680,-0.048700,-0.236893,0.121475,0.963898,-22.514970,1.633848,44.866720,0.981193,0.164329,0.101144,0.000000,0.000000,0.000000,0.000000,0,0,2.849030,3.013077,0.000630,0.000000,-22.465070,1.629619,44.868320,356.130900,98.611670,5.197883,104.047200,98.172010,0.300000,1000.000000,0.900730,2468,2740,50.000000,off
1767081132910,2025-12-30 15:52:12.910,1026.467000,4.341736,23,10,2,-0.026587,0.005724,-0.048561,-0.171372,0.123398,0.977432,-22.509220,1.629523,44.902440,0.984305,0.171127,0.042763,0.000000,0.000000,0.000000,0.000000,0,0,2.566833,2.931610,0.000155,0.000000,-22.464820,1.629163,44.868870,356.321900,98.103320,4.792724,104.047200,98.172010,0.300000,1000.000000,0.900730,2468,2740,50.000000,off
1767081132921,2025-12-30 15:52:12.921,1026.478000,4.352722,23,10,2,-0.022628,0.005866,-0.048906,-0.145401,0.141586,0.979172,-22.510190,1.629874,44.898680,0.981477,0.189602,0.026841,0.000000,0.000000,0.000000,0.000000,0,0,2.943253,2.891907,0.002490,0.000000,-22.464590,1.628788,44.869390,356.487600,97.573570,4.457242,104.047200,98.172010,0.300000,1000.000000,0.900730,2468,2740,50.000000,off
1767081132932,2025-12-30 15:52:12.932,1026.489000,4.363953,23,10,2,-0.022628,0.005866,-0.048906,-0.145401,0.141586,0.979172,-22.510220,1.629697,44.898820,0.981406,0.188432,0.036074,0.000000,0.000000,0.000000,0.000000,0,0,2.943253,2.891907,0.002490,0.000000,-22.464320,1.628412,44.870010,356.598500,96.997890,4.196898,104.047200,98.172010,0.300000,1000.000000,0.900730,2468,2740,50.000000,off
1767081132943,2025-12-30 15:52:12.943,1026.500000,4.375061,23,10,2,-0.018948,0.005570,-0.048440,-0.078430,0.112915,0.990494,-22.510230,1.629639,44.895200,0.986120,0.164272,-0.023707,0.000000,0.000000,0.000000,0.000000,0,0,2.825012,2.881622,0.000619,0.000000,-22.464070,1.628224,44.870620,356.682100,96.388720,4.028414,104.047200,98.172010,0.300000,1000.000000,0.900730,2468,2740,50.000000,off
1767081132954,2025-12-30 15:52:12.954,1026.512000,4.386169,23,10,2,-0.026587,0.005724,-0.048561,-0.171372,0.123398,0.977432,-22.509590,1.629233,44.902950,0.982586,0.166836,0.081611,0.000000,0.000000,0.000000,0.000000,0,0,2.566833,2.931610,0.000611,0.000000,-22.463820,1.628105,44.871300,356.739400,95.734890,3.910716,104.047200,98.172010,0.300000,1000.000000,0.900730,2468,2740,50.000000,off
1767081132965,2025-12-30 15:52:12.965,1026.523000,4.397278,23,10,2,-0.026587,0.005724,-0.048561,-0.171372,0.123398,0.977432,-22.509750,1.629237,44.903130,0.981485,0.167201,0.093274,0.000000,0.000000,0.000000,0.000000,0,0,2.566833,2.931610,0.000611,0.000000,-22.463610,1.628092,44.872040,356.727900,95.048560,3.856336,104.047200,98.172010,0.300000,1000.000000,0.900730,2468,2740,50.000000,off
1767081132976,2025-12-30 15:52:12.976,1026.534000,4.408386,23,10,2,-0.022628,0.005866,-0.048906,-0.145401,0.141586,0.979172,-22.510600,1.629656,44.899440,0.978747,0.188368,0.080859,0.000000,0.000000,0.000000,0.000000,0,0,2.943253,2.891907,0.000153,0.000000,-22.463390,1.628176,44.872830,356.659100,94.331990,3.840478,104.047200,98.172010,0.300000,1000.000000,0.900730,2468,2740,50.000000,off
1767081132987,2025-12-30 15:52:12.987,1026.545000,4.419495,23,10,2,-0.004416,0.005880,-0.048503,-0.086884,0.108383,0.990295,-22.511590,1.631009,44.881460,0.986382,0.161474,0.030944,0.000000,0.000000,0.000000,0.000000,0,0,2.726334,2.931366,0.000623,0.000000,-22.463250,1.628345,44.873570,356.569900,93.660410,3.787994,104.047200,98.172010,0.300000,1000.000000,0.900730,2468,2740,50.000000,off
1767081132998,2025-12-30 15:52:12.998,1026.556000,4.430603,23,10,2,-0.020249,0.005726,-0.048906,-0.044403,0.104523,0.993515,-22.511040,1.629949,44.897390,0.986448,0.163977,-0.000743,0.000000,0.000000,0.000000,0.000000,0,0,2.809509,2.881409,0.000155,0.000000,-22.463100,1.628658,44.874260,356.377000,93.014680,3.745915,104.047200,98.172010,0.300000,1000.000000,0.900730,2468,2740,50.000000,off
1767081133010,2025-12-30 15:52:13.010,1026.567000,4.441833,23,10,2,-0.020249,0.005726,-0.048906,-0.044403,0.104523,0.993515,-22.511170,1.630184,44.897560,0.985898,0.166955,0.009994,0.000000,0.000000,0.000000,0.000000,0,0,2.809509,2.881409,0.000155,0.000000,-22.462970,1.629018,44.874960,356.206800,92.386150,3.686665,104.047200,98.172010,0.300000,1000.000000,0.900730,2468,2740,50.000000,off
1767081133021,2025-12-30 15:52:13.021,1026.578000,4.452942,23,10,2,-0.020419,0.005624,-0.048260,-0.054840,0.130035,0.989975,-22.510680,1.630373,44.897970,0.980210,0.195187,0.032527,0.000000,0.000000,0.000000,0.000000,0,0,2.857941,2.879761,0.009839,0.000000,-22.462910,1.629438,44.875740,355.991900,91.780850,3.634325,104.047200,98.172010,0.300000,1000.000000,0.900730,2468,2740,50.000000,off
1767081133032,2025-12-30 15:52:13.032,1026.590000,4.464172,23,10,2,0.002225,0.006693,-0.049725,-0.169663,0.201202,0.964737,-22.512980,1.633078,44.875750,0.951434,0.261075,0.163089,0.000000,0.000000,0.000000,0.000000,0,0,2.925934,2.798141,0.002505,0.000000,-22.462860,1.629964,44.876540,355.746400,91.145440,3.634533,104.047200,98.172010,0.300000,1000.000000,0.900730,2468,2740,50.000000,off
1767081133043,2025-12-30 15:52:13.043,1026.600000,4.475037,23,10,2,0.002225,0.006693,-0.049725,-0.169663,0.201202,0.964737,-22.513030,1.633381,44.876030,0.948137,0.265748,0.174354,0.000000,0.000000,0.000000,0.000000,0,0,2.925934,2.798141,0.002505,0.000000,-22.462910,1.630517,44.877410,355.461500,90.469280,3.645925,104.047200,98.172010,0.300000,1000.000000,0.900730,2468,2740,50.000000,off
1767081133054,2025-12-30 15:52:13.054,1026.612000,4.486145,23,10,2,0.003342,0.009569,-0.056838,-0.273483,0.346283,0.897369,-22.520350,1.636011,44.875390,0.865542,0.402219,0.298385,0.000000,0.000000,0.000000,0.000000,0,0,2.610367,3.064651,0.000154,0.000000,-22.462910,1.631049,44.878330,355.189000,89.778450,3.660954,104.047200,98.172010,0.300000,1000.000000,0.900730,2468,2740,50.000000,off
1767081133065,2025-12-30 15:52:13.065,1026.623000,4.497253,23,10,2,-0.020419,0.005624,-0.048260,-0.054840,0.130035,0.989975,-22.511800,1.631631,44.899200,0.973586,0.214227,0.078767,0.000000,0.000000,0.000000,0.000000,0,0,2.857941,2.879761,0.002475,0.000000,-22.463020,1.631663,44.879250,354.871500,89.078000,3.687947,104.047200,98.172010,0.300000,1000.000000,0.900730,2468,2740,50.000000,off
1767081133076,2025-12-30 15:52:13.076,1026.634000,4.508362,23,10,2,0.002225,0.006693,-0.049725,-0.169663,0.201202,0.964737,-22.513240,1.634423,44.876830,0.936871,0.280350,0.208956,0.000000,0.000000,0.000000,0.000000,0,0,2.925934,2.798141,0.009900,0.000000,-22.463170,1.632343,44.880030,354.562400,88.377520,3.715841,104.047200,98.172010,0.300000,1000.000000,0.900730,2468,2740,50.000000,off
1767081133087,2025-12-30 15:52:13.087,1026.645000,4.519470,23,10,2,0.002225,0.006693,-0.049725,-0.169663,0.201202,0.964737,-22.513450,1.634814,44.877060,0.932742,0.285573,0.220057,0.000000,0.000000,0.000000,0.000000,0,0,2.925934,2.798141,0.009900,0.000000,-22.463410,1.633017,44.880850,354.237500,87.701290,3.752950,104.047200,98.172010,0.300000,1000.000000,0.900730,2468,2740,50.000000,off
1767081133099,2025-12-30 15:52:13.099,1026.656000,4.530701,23,10,2,0.003314,0.009554,-0.056816,-0.259140,0.337921,0.904785,-22.520960,1.637326,44.876000,0.850162,0.414074,0.325188,0.000000,0.000000,0.000000,0.000000,0,0,2.543213,2.984436,0.010022,0.000000,-22.463640,1.633644,44.881640,353.921700,87.042690,3.787106,104.047200,98.172010,0.300000,1000.000000,0.900730,2468,2740,50.000000,off
1767081133110,2025-12-30 15:52:13.110,1026.667000,4.541687,23,10,2,-0.027356,0.007517,-0.051448,-0.201416,0.364868,0.908997,-22.517360,1.634192,44.906850,0.848296,0.449955,0.279116,0.000000,0.000000,0.000000,0.000000,0,0,2.546204,3.024933,0.002505,0.000000,-22.463960,1.634292,44.882350,353.589400,86.396660,3.815657,104.047200,98.172010,0.300000,1000.000000,0.900730,2468,2740,50.000000,off
1767081133121,2025-12-30 15:52:13.121,1026.678000,4.552795,23,10,2,-0.027356,0.007517,-0.051448,-0.201416,0.364868,0.908997,-22.517900,1.634558,44.907020,0.842925,0.454412,0.288028,0.000000,0.000000,0.000000,0.000000,0,0,2.546204,3.024933,0.002505,0.000000,-22.464240,1.634931,44.883100,353.291600,85.784980,3.822906,104.047200,98.172010,0.300000,1000.000000,0.900730,2468,2740,50.000000,off
1767081133132,2025-12-30 15:52:13.132,1026.689000,4.563904,23,10,2,-0.024241,0.007520,-0.051223,-0.171524,0.353348,0.919617,-22.518080,1.635081,44.903990,0.851392,0.451083,0.267629,0.000000,0.000000,0.000000,0.000000,0,0,2.790710,2.950577,0.039848,0.000000,-22.464620,1.635527,44.883730,352.964400,85.164220,3.856926,104.047200,98.172010,0.300000,1000.000000,0.900730,2468,2740,50.000000,off
1767081133143,2025-12-30 15:52:13.143,1026.700000,4.574890,23,10,2,0.021653,0.009508,-0.055924,-0.224167,0.346176,0.910980,-22.519650,1.639847,44.858060,0.834005,0.444018,0.327502,0.000000,0.000000,0.000000,0.000000,0,0,2.702469,2.811081,0.039848,0.000000,-22.465020,1.636138,44.884310,352.652700,84.566420,3.876391,104.047200,98.172010,0.300000,1000.000000,0.900730,2468,2740,50.000000,off
1767081133154,2025-12-30 15:52:13.154,1026.712000,4.586121,23,10,2,0.019114,0.009163,-0.054938,-0.189224,0.341003,0.920807,-22.519000,1.639758,44.860660,0.841952,0.447051,0.302055,0.000000,0.000000,0.000000,0.000000,0,0,2.664200,2.842392,0.000038,0.000000,-22.465400,1.636725,44.884860,352.345800,83.975110,3.906188,104.047200,98.172010,0.300000,1000.000000,0.900730,2468,2740,50.000000,off
1767081133165,2025-12-30 15:52:13.165,1026.723000,4.597229,23,10,2,0.019114,0.009163,-0.054938,-0.189224,0.341003,0.920807,-22.519240,1.639978,44.860590,0.836369,0.452082,0.309973,0.000000,0.000000,0.000000,0.000000,0,0,2.664200,2.842392,0.000038,0.000000,-22.465870,1.637269,44.885320,352.013600,83.414880,3.906073,104.047200,98.172010,0.300000,1000.000000,0.900730,2468,2740,50.000000,off
1767081133176,2025-12-30 15:52:13.176,1026.734000,4.608337,23,10,2,0.004805,0.008162,-0.052678,-0.109085,0.322678,0.940186,-22.518670,1.638532,44.874890,0.861564,0.447270,0.240054,0.000000,0.000000,0.000000,0.000000,0,0,2.529419,2.713013,0.009839,0.000000,-22.466270,1.637778,44.885720,351.671800,82.855040,3.945418,104.047200,98.172010,0.300000,1000.000000,0.900730,2468,2740,50.000000,off
1767081133187,2025-12-30 15:52:13.187,1026.745000,4.619324,23,10,2,0.021653,0.009508,-0.055924,-0.224167,0.346176,0.910980,-22.520470,1.640789,44.857690,0.810965,0.462395,0.358469,0.000000,0.000000,0.000000,0.000000,0,0,2.702469,2.811081,0.002475,0.000000,-22.466830,1.638299,44.886040,351.413800,82.344880,3.909080,104.047200,98.172010,0.300000,1000.000000,0.900730,2468,2740,50.000000,off
1767081133199,2025-12-30 15:52:13.199,1026.756000,4.630554,23,10,2,0.021653,0.009508,-0.055924,-0.224167,0.346176,0.910980,-22.520720,1.641057,44.857540,0.805841,0.466135,0.365120,0.000000,0.000000,0.000000,0.000000,0,0,2.702469,2.811081,0.002475,0.000000,-22.467320,1.638818,44.886370,351.166500,81.847400,3.893100,104.047200,98.172010,0.300000,1000.000000,0.900730,2468,2740,50.000000,off
1767081133210,2025-12-30 15:52:13.210,1026.767000,4.641785,23,10,2,0.019114,0.009163,-0.054938,-0.189224,0.341003,0.920807,-22.520480,1.640882,44.859910,0.816022,0.469169,0.337585,0.000000,0.000000,0.000000,0.000000,0,0,2.664200,2.842392,0.009900,0.000000,-22.467970,1.639285,44.886520,350.892500,81.393390,3.845240,104.047200,98.172010,0.300000,1000.000000,0.900730,2468,2740,50.000000,off
1767081133221,2025-12-30 15:52:13.221,1026.778000,4.652771,23,10,2,0.007663,0.007951,-0.051913,-0.111939,0.323731,0.939499,-22.519270,1.639637,44.871360,0.843860,0.464149,0.269178,0.000000,0.000000,0.000000,0.000000,0,0,2.659058,2.703079,0.002536,0.000000,-22.468450,1.639749,44.886650,350.640700,80.959300,3.815657,104.047200,98.172010,0.300000,1000.000000,0.900730,2468,2740,50.000000,off
1767081133232,2025-12-30 15:52:13.232,1026.789000,4.663757,23,10,2,0.011783,0.007889,-0.051729,-0.073441,0.319916,0.944580,-22.518790,1.640077,44.867040,0.851291,0.467742,0.237680,0.000000,0.000000,0.000000,0.000000,0,0,2.579086,2.652573,0.002521,0.000000,-22.468910,1.640192,44.886760,350.386400,80.522510,3.760114,104.047200,98.172010,0.300000,1000.000000,0.900730,2468,2740,50.000000,off
1767081133243,2025-12-30 15:52:13.243,1026.800000,4.674988,23,10,2,0.011783,0.007889,-0.051729,-0.073441,0.319916,0.944580,-22.519170,1.640229,44.866710,0.847798,0.471355,0.242969,0.000000,0.000000,0.000000,0.000000,0,0,2.579086,2.652573,0.002521,0.000000,-22.469430,1.640564,44.886780,350.154600,80.130450,3.722582,104.047200,98.172010,0.300000,1000.000000,0.900730,2468,2740,50.000000,off
1767081133254,2025-12-30 15:52:13.254,1026.812000,4.686096,23,10,2,0.003980,0.007795,-0.051878,-0.055725,0.287338,0.956192,-22.520980,1.639768,44.874080,0.864617,0.445466,0.232314,0.000000,0.000000,0.000000,0.000000,0,0,2.582977,2.406586,0.002475,0.000000,-22.469950,1.640898,44.886860,349.960400,79.719460,3.725547,104.047200,98.172010,0.300000,1000.000000,0.900730,2468,2740,50.000000,off
1767081133265,2025-12-30 15:52:13.265,1026.823000,4.697205,23,10,2,-0.003609,0.007869,-0.052028,-0.032120,0.307282,0.951065,-22.522900,1.639354,44.881150,0.856817,0.468812,0.214611,0.000000,0.000000,0.000000,0.000000,0,0,2.631775,2.740784,0.002475,0.000000,-22.470490,1.641107,44.886860,349.758000,79.308740,3.709329,104.047200,98.172010,0.300000,1000.000000,0.900730,2468,2740,50.000000,off
1767081133276,2025-12-30 15:52:13.276,1026.834000,4.708191,23,10,2,-0.003609,0.007869,-0.052028,-0.032120,0.307282,0.951065,-22.523360,1.639393,44.880730,0.854541,0.470201,0.220567,0.000000,0.000000,0.000000,0.000000,0,0,2.631775,2.740784,0.002475,0.000000,-22.471000,1.641227,44.886810,349.668400,78.896600,3.697763,104.047200,98.172010,0.300000,1000.000000,0.900730,2468,2740,50.000000,off
1767081133287,2025-12-30 15:52:13.287,1026.845000,4.719421,23,10,2,-0.026012,0.007644,-0.052700,0.052383,0.293640,0.954468,-22.528660,1.637636,44.902190,0.873886,0.464397,0.143652,0.000000,0.000000,0.000000,0.000000,0,0,2.585037,2.570419,0.002460,0.000000,-22.471550,1.641329,44.886810,349.563700,78.507470,3.696933,104.047200,98.172010,0.300000,1000.000000,0.900730,2468,2740,50.000000,off
1767081133299,2025-12-30 15:52:13.299,1026.856000,4.730530,23,10,2,0.003980,0.007795,-0.051878,-0.055725,0.287338,0.956192,-22.522650,1.639790,44.872610,0.854353,0.452433,0.255650,0.000000,0.000000,0.000000,0.000000,0,0,2.582977,2.406586,0.010023,0.000000,-22.472020,1.641330,44.886820,349.514300,78.110570,3.699390,104.047200,98.172010,0.300000,1000.000000,0.900730,2468,2740,50.000000,off
1767081133310,2025-12-30 15:52:13.310,1026.867000,4.741516,23,10,2,-0.003609,0.007869,-0.052028,-0.032120,0.307282,0.951065,-22.524760,1.639268,44.879660,0.848357,0.473115,0.237552,0.000000,0.000000,0.000000,0.000000,0,0,2.631775,2.740784,0.002475,0.000000,-22.472540,1.641275,44.886810,349.479600,77.726940,3.682094,104.047200,98.172010,0.300000,1000.000000,0.900730,2468,2740,50.000000,off
1767081133321,2025-12-30 15:52:13.321,1026.878000,4.752747,23,10,2,-0.003609,0.007869,-0.052028,-0.032120,0.307282,0.951065,-22.525220,1.639216,44.879330,0.846824,0.473057,0.243072,0.000000,0.000000,0.000000,0.000000,0,0,2.631775,2.740784,0.002475,0.000000,-22.473050,1.641219,44.886830,349.483300,77.354530,3.682900,104.047200,98.172010,0.300000,1000.000000,0.900730,2468,2740,50.000000,off
1767081133332,2025-12-30 15:52:13.332,1026.889000,4.763733,23,10,2,-0.012544,0.007898,-0.052816,0.042450,0.292709,0.955246,-22.528300,1.638431,44.887580,0.867894,0.464318,0.176479,0.000000,0.000000,0.000000,0.000000,0,0,2.594116,2.578384,0.000626,0.000000,-22.473510,1.641121,44.886880,349.478000,76.984660,3.691848,104.047200,98.172010,0.300000,1000.000000,0.900730,2468,2740,50.000000,off
1767081133343,2025-12-30 15:52:13.343,1026.900000,4.774963,23,10,2,0.022180,0.008323,-0.052360,0.018662,0.298203,0.954315,-22.520780,1.641087,44.853550,0.859534,0.468267,0.204739,0.000000,0.000000,0.000000,0.000000,0,0,2.574310,2.658600,0.002521,0.000000,-22.473960,1.641097,44.886870,349.462800,76.636350,3.682692,104.047200,98.172010,0.300000,1000.000000,0.900730,2468,2740,50.000000,off
1767081133354,2025-12-30 15:52:13.354,1026.911000,4.785950,23,10,2,0.022180,0.008323,-0.052360,0.018662,0.298203,0.954315,-22.521000,1.641001,44.853280,0.858107,0.468683,0.209711,0.000000,0.000000,0.000000,0.000000,0,0,2.574310,2.658600,0.002521,0.000000,-22.474370,1.641036,44.886880,349.435800,76.300140,3.679469,104.047200,98.172010,0.300000,1000.000000,0.900730,2468,2740,50.000000,off
1767081133366,2025-12-30 15:52:13.366,1026.923000,4.797302,23,10,2,0.026880,0.008403,-0.052315,0.030197,0.295181,0.954956,-22.520110,1.641313,44.848460,0.860497,0.467176,0.203168,0.000000,0.000000,0.000000,0.000000,0,0,2.577560,2.616562,0.002521,0.000000,-22.474790,1.641014,44.886870,349.395800,75.980780,3.651460,104.047200,98.172010,0.300000,1000.000000,0.900730,2468,2740,50.000000,off
1767081133376,2025-12-30 15:52:13.376,1026.934000,4.808289,23,10,2,0.012678,0.008213,-0.052446,0.051880,0.278534,0.959015,-22.523780,1.640113,44.861950,0.871611,0.453050,0.187142,0.000000,0.000000,0.000000,0.000000,0,0,2.417145,2.639282,0.645358,0.000000,-22.475230,1.640929,44.886870,349.388000,75.682610,3.615133,104.047200,98.172010,0.300000,1000.000000,0.900730,2468,2740,50.000000,off
1767081133387,2025-12-30 15:52:13.387,1026.945000,4.819275,23,10,2,-0.012285,0.008145,-0.053103,0.112396,0.232468,0.966080,-22.530670,1.638324,44.885730,0.900686,0.413276,0.133985,0.000000,0.000000,0.000000,0.000000,0,0,2.556564,2.529221,0.645312,0.000000,-22.475640,1.640891,44.886890,349.360800,75.380600,3.574761,104.047200,98.172010,0.300000,1000.000000,0.900730,2468,2740,50.000000,off
1767081133398,2025-12-30 15:52:13.398,1026.956000,4.830383,23,10,2,-0.012285,0.008145,-0.053103,0.112396,0.232468,0.966080,-22.531120,1.638313,44.885480,0.900101,0.413231,0.137999,0.000000,0.000000,0.000000,0.000000,0,0,2.556564,2.529221,0.645312,0.000000,-22.476090,1.640871,44.886910,349.357600,75.110530,3.517996,104.047200,98.172010,0.300000,1000.000000,0.900730,2468,2740,50.000000,off
1767081133409,2025-12-30 15:52:13.409,1026.967000,4.841492,23,10,2,-0.003084,0.008297,-0.052930,0.111404,0.239761,0.964401,-22.529080,1.638950,44.876410,0.896153,0.420014,0.143053,0.000000,0.000000,0.000000,0.000000,0,0,2.591599,2.517105,0.645312,0.000000,-22.476490,1.640774,44.886960,349.354700,74.819320,3.488571,104.047200,98.172010,0.300000,1000.000000,0.900730,2468,2740,50.000000,off
1767081133420,2025-12-30 15:52:13.421,1026.978000,4.852600,23,10,2,0.012678,0.008213,-0.052446,0.051880,0.278534,0.959015,-22.525030,1.639836,44.861100,0.867722,0.453577,0.203246,0.000000,0.000000,0.000000,0.000000,0,0,2.417145,2.639282,0.161332,0.000000,-22.476990,1.640721,44.886970,349.348100,74.568070,3.459837,104.047200,98.172010,0.300000,1000.000000,0.900730,2468,2740,50.000000,off
1767081133432,2025-12-30 15:52:13.432,1026.989000,4.863708,23,10,2,0.012678,0.008213,-0.052446,0.051880,0.278534,0.959015,-22.525410,1.639787,44.860880,0.866657,0.453681,0.207513,0.000000,0.000000,0.000000,0.000000,0,0,2.417145,2.639282,0.161332,0.000000,-22.477500,1.640681,44.887000,349.341200,74.282580,3.451467,104.047200,98.172010,0.300000,1000.000000,0.900730,2468,2740,50.000000,off
1767081133443,2025-12-30 15:52:13.443,1027.000000,4.874817,23,10,2,-0.012285,0.008145,-0.053103,0.112396,0.232468,0.966080,-22.532990,1.638103,44.884540,0.897330,0.413311,0.154781,0.000000,0.000000,0.000000,0.000000,0,0,2.556564,2.529221,0.002460,0.000000,-22.478000,1.640659,44.887020,349.345800,74.023360,3.454755,104.047200,98.172010,0.300000,1000.000000,0.900730,2468,2740,50.000000,off
1767081133454,2025-12-30 15:52:13.454,1027.011000,4.885925,23,10,2,-0.001089,0.008378,-0.053075,0.116135,0.236343,0.964691,-22.530510,1.638920,44.873630,0.895468,0.417270,0.154914,0.000000,0.000000,0.000000,0.000000,0,0,2.507721,2.516220,0.002521,0.000000,-22.478510,1.640590,44.887120,349.333900,73.761510,3.457035,104.047200,98.172010,0.300000,1000.000000,0.900730,2468,2740,50.000000,off
1767081133466,2025-12-30 15:52:13.466,1027.023000,4.897156,23,10,2,0.000542,0.008302,-0.052716,0.130051,0.246613,0.960342,-22.530170,1.638968,44.871950,0.892512,0.427323,0.144246,0.000000,0.000000,0.000000,0.000000,0,0,2.544983,2.593002,0.002506,0.000000,-22.479030,1.640548,44.887130,349.335100,73.512100,3.446017,104.047200,98.172010,0.300000,1000.000000,0.900730,2468,2740,50.000000,off
1767081133476,2025-12-30 15:52:13.476,1027.033000,4.908020,23,10,2,0.000542,0.008302,-0.052716,0.130051,0.246613,0.960342,-22.530700,1.638840,44.871800,0.892000,0.427266,0.147541,0.000000,0.000000,0.000000,0.000000,0,0,2.544983,2.593002,0.002506,0.000000,-22.479610,1.640418,44.887180,349.336600,73.296260,3.429306,104.047200,98.172010,0.300000,1000.000000,0.900730,2468,2740,50.000000,off
1767081133487,2025-12-30 15:52:13.487,1027.045000,4.919250,23,10,2,0.000906,0.008003,-0.051838,0.133987,0.260376,0.956162,-22.530190,1.638648,44.871520,0.886090,0.439968,0.145827,0.000000,0.000000,0.000000,0.000000,0,0,2.520416,2.539032,0.039848,0.000000,-22.480150,1.640323,44.887180,349.351400,73.088590,3.415747,104.047200,98.172010,0.300000,1000.000000,0.900730,2468,2740,50.000000,off
1767081133498,2025-12-30 15:52:13.498,1027.056000,4.930359,23,10,2,-0.007527,0.008320,-0.053467,0.160294,0.233353,0.959076,-22.534660,1.638095,44.878930,0.901191,0.415247,0.124092,0.000000,0.000000,0.000000,0.000000,0,0,2.428940,2.581863,0.161336,0.000000,-22.480690,1.640236,44.887140,349.368900,72.916020,3.410232,104.047200,98.172010,0.300000,1000.000000,0.900730,2468,2740,50.000000,off
1767081133509,2025-12-30 15:52:13.509,1027.067000,4.941467,23,10,2,-0.007527,0.008320,-0.053467,0.160294,0.233353,0.959076,-22.535130,1.637908,44.878790,0.900997,0.415052,0.126142,0.000000,0.000000,0.000000,0.000000,0,0,2.428940,2.581863,0.161336,0.000000,-22.481180,1.640038,44.887130,349.376300,72.778850,3.378644,104.047200,98.172010,0.300000,1000.000000,0.900730,2468,2740,50.000000,off
1767081133521,2025-12-30 15:52:13.521,1027.078000,4.952576,23,10,2,0.000542,0.008302,-0.052716,0.130051,0.246613,0.960342,-22.532600,1.638441,44.871030,0.890865,0.425940,0.157870,0.000000,0.000000,0.000000,0.000000,0,0,2.544983,2.593002,0.040094,0.000000,-22.481690,1.639943,44.887000,349.418300,72.637610,3.405756,104.047200,98.172010,0.300000,1000.000000,0.900730,2468,2740,50.000000,off
1767081133532,2025-12-30 15:52:13.532,1027.089000,4.963684,23,10,2,0.000906,0.008003,-0.051838,0.133987,0.260376,0.956162,-22.532050,1.638214,44.870740,0.885531,0.438220,0.154243,0.000000,0.000000,0.000000,0.000000,0,0,2.520416,2.539032,0.009902,0.000000,-22.482160,1.639788,44.886860,349.461900,72.556450,3.401612,104.047200,98.172010,0.300000,1000.000000,0.900730,2468,2740,50.000000,off
1767081133543,2025-12-30 15:52:13.543,1027.100000,4.974792,23,10,2,-0.002921,0.008304,-0.053145,0.161362,0.237442,0.957886,-22.534960,1.637922,44.873760,0.899834,0.416630,0.129150,0.000000,0.000000,0.000000,0.000000,0,0,2.489197,2.555527,0.040092,0.000000,-22.482680,1.639602,44.886650,349.525900,72.527820,3.404359,104.047200,98.172010,0.300000,1000.000000,0.900730,2468,2740,50.000000,off
1767081133554,2025-12-30 15:52:13.554,1027.111000,4.985901,23,10,2,-0.002921,0.008304,-0.053145,0.161362,0.237442,0.957886,-22.535440,1.637717,44.873500,0.900419,0.415446,0.128885,0.000000,0.000000,0.000000,0.000000,0,0,2.489197,2.555527,0.040092,0.000000,-22.483160,1.639327,44.886360,349.600900,72.554020,3.400075,104.047200,98.172010,0.300000,1000.000000,0.900730,2468,2740,50.000000,off
1767081133565,2025-12-30 15:52:13.565,1027.122000,4.996887,23,10,2,0.011141,0.008455,-0.052881,0.156326,0.244171,0.957031,-22.531660,1.638569,44.859810,0.897676,0.420299,0.132264,0.000000,0.000000,0.000000,0.000000,0,0,2.440094,2.537567,0.000040,0.000000,-22.483610,1.639081,44.885950,349.685900,72.645020,3.409953,104.047200,98.172010,0.300000,1000.000000,0.900730,2468,2740,50.000000,off
1767081133576,2025-12-30 15:52:13.576,1027.134000,5.008118,23,10,2,0.007096,0.008417,-0.053083,0.176590,0.227203,0.957687,-22.533560,1.638089,44.863210,0.908285,0.403397,0.110731,0.000000,0.000000,0.000000,0.000000,0,0,2.407669,2.565918,0.000040,0.000000,-22.484110,1.638825,44.885410,349.780100,72.797040,3.387816,104.047200,98.172010,0.300000,1000.000000,0.900730,2468,2740,50.000000,off
1767081133587,2025-12-30 15:52:13.587,1027.145000,5.019226,23,10,2,0.011002,0.008385,-0.052747,0.165039,0.245895,0.955139,-22.532680,1.638149,44.859150,0.900256,0.418982,0.118265,0.000000,0.000000,0.000000,0.000000,0,0,2.453674,2.540909,0.645389,0.000000,-22.484580,1.638536,44.884830,349.883800,72.989270,3.374285,104.047200,98.172010,0.300000,1000.000000,0.900730,2468,2740,50.000000,off
1767081133598,2025-12-30 15:52:13.598,1027.156000,5.030334,23,10,2,0.011002,0.008385,-0.052747,0.165039,0.245895,0.955139,-22.533280,1.637927,44.858610,0.901717,0.417110,0.113659,0.000000,0.000000,0.000000,0.000000,0,0,2.453674,2.540909,0.645389,0.000000,-22.485050,1.638209,44.884040,349.999900,73.292220,3.352984,104.047200,98.172010,0.300000,1000.000000,0.900730,2468,2740,50.000000,off
1767081133609,2025-12-30 15:52:13.609,1027.167000,5.041321,23,10,2,0.007333,0.008698,-0.054004,0.178711,0.243103,0.953384,-22.536140,1.637518,44.861210,0.905661,0.413230,0.094855,0.000000,0.000000,0.000000,0.000000,0,0,2.444397,2.595306,0.040090,0.000000,-22.485510,1.637821,44.883180,350.104600,73.635210,3.359025,104.047200,98.172010,0.300000,1000.000000,0.900730,2468,2740,50.000000,off
1767081133620,2025-12-30 15:52:13.620,1027.178000,5.052429,23,10,2,0.007096,0.008417,-0.053083,0.176590,0.227203,0.957687,-22.535910,1.637165,44.861020,0.913395,0.396746,0.090955,0.000000,0.000000,0.000000,0.000000,0,0,2.407669,2.565918,0.161351,0.000000,-22.485960,1.637505,44.882100,350.202300,74.093310,3.385940,104.047200,98.172010,0.300000,1000.000000,0.900730,2468,2740,50.000000,off
1767081133632,2025-12-30 15:52:13.632,1027.189000,5.063660,23,10,2,0.007096,0.008417,-0.053083,0.176590,0.227203,0.957687,-22.536580,1.636942,44.860300,0.914724,0.395417,0.083044,0.000000,0.000000,0.000000,0.000000,0,0,2.407669,2.565918,0.161351,0.000000,-22.486450,1.637211,44.880950,350.281300,74.591310,3.356348,104.047200,98.172010,0.300000,1000.000000,0.900730,2468,2740,50.000000,off
1767081133643,2025-12-30 15:52:13.643,1027.200000,5.074646,23,10,2,0.011002,0.008385,-0.052747,0.165039,0.245895,0.955139,-22.535930,1.636897,44.855850,0.907291,0.411943,0.084377,0.000000,0.000000,0.000000,0.000000,0,0,2.453674,2.540909,0.000156,0.000000,-22.486870,1.636866,44.879670,350.332600,75.192730,3.369716,104.047200,98.172010,0.300000,1000.000000,0.900730,2468,2740,50.000000,off
1767081133654,2025-12-30 15:52:13.654,1027.211000,5.085876,23,10,2,0.009157,0.008699,-0.053872,0.184464,0.237000,0.953827,-22.538330,1.636686,44.856600,0.913872,0.402303,0.054518,0.000000,0.000000,0.000000,0.000000,0,0,2.514008,2.512665,0.641482,0.000000,-22.487440,1.636544,44.878330,350.440600,75.861890,3.336881,104.047200,98.172010,0.300000,1000.000000,0.900730,2468,2740,50.000000,off
1767081133665,2025-12-30 15:52:13.665,1027.222000,5.096863,23,10,2,0.004212,0.008725,-0.054177,0.196549,0.231415,0.952789,-22.540450,1.636181,44.860630,0.917731,0.395952,0.031375,0.000000,0.000000,0.000000,0.000000,0,0,2.426453,2.528763,0.164273,0.000000,-22.487900,1.636267,44.877000,350.525200,76.558870,3.322249,104.047200,98.172010,0.300000,1000.000000,0.900730,2468,2740,50.000000,off
1767081133676,2025-12-30 15:52:13.676,1027.233000,5.107971,23,10,2,0.004212,0.008725,-0.054177,0.196549,0.231415,0.952789,-22.541170,1.635994,44.859950,0.918723,0.394452,0.018660,0.000000,0.000000,0.000000,0.000000,0,0,2.426453,2.528763,0.164273,0.000000,-22.488410,1.636001,44.875600,350.610700,77.348100,3.272420,104.047200,98.172010,0.300000,1000.000000,0.900730,2468,2740,50.000000,off
1767081133687,2025-12-30 15:52:13.687,1027.245000,5.119080,23,10,2,-0.003678,0.008730,-0.054467,0.187088,0.224838,0.956253,-22.543640,1.635383,44.867010,0.922133,0.386530,0.015453,0.000000,0.000000,0.000000,0.000000,0,0,2.492172,2.409851,0.641436,0.000000,-22.488830,1.635792,44.874240,350.696100,78.157360,3.230440,104.047200,98.172010,0.300000,1000.000000,0.900730,2468,2740,50.000000,off
1767081133698,2025-12-30 15:52:13.698,1027.256000,5.130310,23,10,2,-0.005591,0.008735,-0.054213,0.188828,0.241821,0.951752,-22.544320,1.635301,44.868320,0.915707,0.401802,0.000219,0.000000,0.000000,0.000000,0.000000,0,0,2.481628,2.470795,0.002460,0.000000,-22.489310,1.635723,44.872870,350.740900,78.963270,3.188139,104.047200,98.172010,0.300000,1000.000000,0.900730,2468,2740,50.000000,off
1767081133709,2025-12-30 15:52:13.709,1027.267000,5.141296,23,10,2,-0.005591,0.008735,-0.054213,0.188828,0.241821,0.951752,-22.544850,1.635345,44.867810,0.915794,0.401366,-0.013867,0.000000,0.000000,0.000000,0.000000,0,0,2.481628,2.470795,0.002460,0.000000,-22.489780,1.635743,44.871520,350.760400,79.834660,3.144866,104.047200,98.172010,0.300000,1000.000000,0.900730,2468,2740,50.000000,off
1767081133720,2025-12-30 15:52:13.720,1027.278000,5.152527,23,10,2,-0.018691,0.008824,-0.054979,0.192581,0.229645,0.954025,-22.548140,1.634683,44.880070,0.920242,0.390042,-0.031797,0.000000,0.000000,0.000000,0.000000,0,0,2.467392,2.577713,0.645404,0.000000,-22.490260,1.635828,44.870140,350.747200,80.716890,3.112770,104.047200,98.172010,0.300000,1000.000000,0.900730,2468,2740,50.000000,off
1767081133732,2025-12-30 15:52:13.732,1027.289000,5.163635,23,10,2,-0.029999,0.009085,-0.055905,0.296738,0.157150,0.941925,-22.550990,1.634269,44.890540,0.933885,0.322842,-0.153636,0.000000,0.000000,0.000000,0.000000,0,0,2.486954,2.547699,10.264450,0.000000,-22.490790,1.635953,44.868610,350.712400,81.643470,3.125155,104.047200,98.172010,0.300000,1000.000000,0.900730,2468,2740,50.000000,off
1767081133743,2025-12-30 15:52:13.743,1027.300000,5.174744,23,10,2,-0.005591,0.008735,-0.054213,0.188828,0.241821,0.951752,-22.546490,1.635583,44.866090,0.913402,0.402891,-0.057803,0.000000,0.000000,0.000000,0.000000,0,0,2.481628,2.470795,0.156464,0.000000,-22.491300,1.636075,44.867170,350.661300,82.577390,3.135473,104.047200,98.172010,0.300000,1000.000000,0.900730,2468,2740,50.000000,off
1767081133754,2025-12-30 15:52:13.754,1027.311000,5.185852,23,10,2,-0.005591,0.008735,-0.054213,0.188828,0.241821,0.951752,-22.547060,1.635640,44.865480,0.911819,0.404091,-0.072537,0.000000,0.000000,0.000000,0.000000,0,0,2.481628,2.470795,0.156464,0.000000,-22.491870,1.636201,44.865650,350.595700,83.514190,3.192196,104.047200,98.172010,0.300000,1000.000000,0.900730,2468,2740,50.000000,off
1767081133765,2025-12-30 15:52:13.765,1027.322000,5.196960,23,10,2,-0.018691,0.008824,-0.054979,0.192581,0.229645,0.954025,-22.549530,1.634882,44.877830,0.914578,0.393940,-0.091369,0.000000,0.000000,0.000000,0.000000,0,0,2.467392,2.577713,0.160367,0.000000,-22.492440,1.636284,44.864120,350.523700,84.454980,3.234963,104.047200,98.172010,0.300000,1000.000000,0.900730,2468,2740,50.000000,off
1767081133776,2025-12-30 15:52:13.776,1027.333000,5.208069,23,10,2,-0.030033,0.009037,-0.055689,0.333496,0.157394,0.929504,-22.551450,1.634386,44.888520,0.910605,0.327933,-0.251454,0.000000,0.000000,0.000000,0.000000,0,0,2.601410,2.582260,0.160374,0.000000,-22.493060,1.636425,44.862620,350.467400,85.390160,3.318357,104.047200,98.172010,0.300000,1000.000000,0.900730,2468,2740,50.000000,off
1767081133787,2025-12-30 15:52:13.787,1027.344000,5.219055,23,10,2,-0.030033,0.009037,-0.055689,0.333496,0.157394,0.929504,-22.551550,1.634398,44.887900,0.905685,0.330531,-0.265433,0.000000,0.000000,0.000000,0.000000,0,0,2.601410,2.582260,0.160374,0.000000,-22.493570,1.636617,44.861080,350.331100,86.285150,3.406244,104.047200,98.172010,0.300000,1000.000000,0.900730,2468,2740,50.000000,off
1767081133798,2025-12-30 15:52:13.798,1027.356000,5.230286,23,10,2,-0.030125,0.009210,-0.056318,0.371872,0.120346,0.920441,-22.552200,1.634522,44.887410,0.898836,0.299382,-0.320075,0.000000,0.000000,0.000000,0.000000,0,0,2.602356,2.566345,0.160374,0.000000,-22.494030,1.637002,44.859570,350.115600,87.202480,3.607758,104.047200,98.172010,0.300000,1000.000000,0.900730,2468,2740,50.000000,off
1767081133809,2025-12-30 15:52:13.809,1027.367000,5.241272,23,10,2,-0.030052,0.008581,-0.054391,0.413406,0.092697,0.905808,-22.550030,1.634347,44.886800,0.882201,0.280613,-0.378104,0.000000,0.000000,0.000000,0.000000,0,0,2.646393,2.588226,40.808780,0.000000,-22.494390,1.637653,44.858020,349.668000,88.156250,3.829704,104.047200,98.172010,0.300000,1000.000000,0.900730,2468,2740,50.000000,off
1767081133821,2025-12-30 15:52:13.821,1027.378000,5.252380,23,10,2,-0.028482,0.007989,-0.052729,0.492889,0.030975,0.869537,-22.548290,1.634403,44.884680,0.849409,0.227164,-0.476335,0.000000,0.000000,0.000000,0.000000,0,0,2.670654,2.635666,0.040336,0.000000,-22.494930,1.638411,44.856530,349.225700,89.110580,4.057218,104.047200,98.172010,0.300000,1000.000000,0.900730,2468,2740,50.000000,off
1767081133832,2025-12-30 15:52:13.832,1027.389000,5.263611,23,10,2,-0.028482,0.007989,-0.052729,0.492889,0.030975,0.869537,-22.548270,1.634799,44.884230,0.838154,0.235914,-0.491769,0.000000,0.000000,0.000000,0.000000,0,0,2.670654,2.635666,0.040336,0.000000,-22.495500,1.639353,44.855080,348.709900,90.168690,4.198189,104.047200,98.172010,0.300000,1000.000000,0.900730,2468,2740,50.000000,off
1767081133843,2025-12-30 15:52:13.843,1027.400000,5.274597,23,10,2,-0.030125,0.009210,-0.056318,0.371872,0.120346,0.920441,-22.551990,1.635713,44.885580,0.863185,0.331054,-0.381179,0.000000,0.000000,0.000000,0.000000,0,0,2.602356,2.566345,41.308800,0.000000,-22.496120,1.640312,44.853620,348.282200,91.261180,4.188957,104.047200,98.172010,0.300000,1000.000000,0.900730,2468,2740,50.000000,off
1767081133854,2025-12-30 15:52:13.854,1027.411000,5.285706,23,10,2,-0.030052,0.008581,-0.054391,0.413406,0.092697,0.905808,-22.549900,1.635931,44.884980,0.842780,0.308889,-0.440788,0.000000,0.000000,0.000000,0.000000,0,0,2.646393,2.588226,10.514700,0.000000,-22.496680,1.641045,44.852170,347.915400,92.358090,4.091363,104.047200,98.172010,0.300000,1000.000000,0.900730,2468,2740,50.000000,off
1767081133865,2025-12-30 15:52:13.865,1027.422000,5.296814,23,10,2,-0.030052,0.008581,-0.054391,0.413406,0.092697,0.905808,-22.549890,1.636330,44.884540,0.833321,0.310611,-0.457255,0.000000,0.000000,0.000000,0.000000,0,0,2.646393,2.588226,10.514700,0.000000,-22.497310,1.641541,44.850730,347.732000,93.464970,3.942416,104.047200,98.172010,0.300000,1000.000000,0.900730,2468,2740,50.000000,off
1767081133876,2025-12-30 15:52:13.876,1027.433000,5.307922,23,10,2,-0.029605,0.007990,-0.052761,0.504990,0.001511,0.863113,-22.548440,1.636300,44.883510,0.793368,0.218364,-0.568214,0.000000,0.000000,0.000000,0.000000,0,0,2.689667,2.637451,41.555850,0.000000,-22.498150,1.641688,44.849360,347.672200,94.529490,3.790376,104.047200,98.172010,0.300000,1000.000000,0.900730,2468,2740,50.000000,off
1767081133887,2025-12-30 15:52:13.887,1027.444000,5.319031,23,10,2,-0.030234,0.009541,-0.057315,0.492508,-0.050201,0.868851,-22.553300,1.636862,44.884240,0.800848,0.167729,-0.574887,0.000000,0.000000,0.000000,0.000000,0,0,2.938690,2.356995,664.893900,0.000000,-22.498940,1.641711,44.848030,347.659800,95.551370,3.691944,104.047200,98.172010,0.300000,1000.000000,0.900730,2468,2740,50.000000,off
1767081133898,2025-12-30 15:52:13.898,1027.456000,5.330139,23,10,2,-0.030029,0.021380,-0.099940,0.285034,-0.080597,0.955109,-22.597380,1.639349,44.889340,0.907595,0.142551,-0.394872,0.000000,0.000000,0.000000,0.000000,0,0,2.601593,1.402100,10.264210,0.000000,-22.499790,1.641654,44.846690,347.702900,96.500400,3.647741,104.047200,98.172010,0.300000,1000.000000,0.900730,2468,2740,50.000000,off
1767081133909,2025-12-30 15:52:13.909,1027.467000,5.341248,23,10,2,-0.030029,0.021380,-0.099940,0.285034,-0.080597,0.955109,-22.597400,1.639443,44.889580,0.901301,0.141803,-0.409293,0.000000,0.000000,0.000000,0.000000,0,0,2.601593,1.402100,10.264210,0.000000,-22.500500,1.641668,44.845390,347.737900,97.415310,3.613418,104.047200,98.172010,0.300000,1000.000000,0.900730,2468,2740,50.000000,off
1767081133920,2025-12-30 15:52:13.920,1027.478000,5.352356,23,10,2,-0.029750,0.020338,-0.096195,0.298630,-0.066208,0.952057,-22.593690,1.639306,44.888890,0.887525,0.154434,-0.434080,0.000000,0.000000,0.000000,0.000000,0,0,1.653381,1.466232,10.452690,0.000000,-22.501230,1.641568,44.844180,347.830400,98.252270,3.599433,104.047200,98.172010,0.300000,1000.000000,0.900730,2468,2740,50.000000,off
1767081133931,2025-12-30 15:52:13.931,1027.489000,5.363464,23,10,2,-0.029512,0.013360,-0.072275,0.404007,0.045410,0.913620,-22.569360,1.637635,44.884440,0.804327,0.260200,-0.534172,0.000000,0.000000,0.000000,0.000000,0,0,1.543823,2.088348,10.326950,0.000000,-22.501970,1.641526,44.842990,347.907200,99.088420,3.553350,104.047200,98.172010,0.300000,1000.000000,0.900730,2468,2740,50.000000,off
1767081133942,2025-12-30 15:52:13.943,1027.500000,5.374573,23,10,2,-0.029512,0.013360,-0.072275,0.404007,0.045410,0.913620,-22.569400,1.637741,44.884220,0.797152,0.257980,-0.545875,0.000000,0.000000,0.000000,0.000000,0,0,1.543823,2.088348,10.326950,0.000000,-22.502590,1.641454,44.841830,347.999800,99.908750,3.436217,104.047200,98.172010,0.300000,1000.000000,0.900730,2468,2740,50.000000,off
1767081133954,2025-12-30 15:52:13.954,1027.511000,5.385681,23,10,2,-0.001926,0.021263,-0.099005,0.221558,-0.069473,0.972656,-22.601980,1.641668,44.862640,0.904373,0.145128,-0.401276,0.000000,0.000000,0.000000,0.000000,0,0,1.504471,1.401245,10.327680,0.000000,-22.503120,1.641419,44.840630,348.100800,100.771800,3.290310,104.047200,98.172010,0.300000,1000.000000,0.900730,2468,2740,50.000000,off
1767081133965,2025-12-30 15:52:13.965,1027.522000,5.396790,23,10,2,-0.029750,0.020338,-0.096195,0.298630,-0.066208,0.952057,-22.593330,1.640098,44.889390,0.861958,0.145506,-0.485626,0.000000,0.000000,0.000000,0.000000,0,0,1.653381,1.466232,0.040339,0.000000,-22.503570,1.641436,44.839440,348.221300,101.636600,3.113716,104.047200,98.172010,0.300000,1000.000000,0.900730,2468,2740,50.000000,off
1767081133976,2025-12-30 15:52:13.976,1027.533000,5.407898,23,10,2,-0.029512,0.013360,-0.072275,0.404007,0.045410,0.913620,-22.568920,1.638332,44.883540,0.773317,0.250057,-0.582613,0.000000,0.000000,0.000000,0.000000,0,0,1.543823,2.088348,10.327440,0.000000,-22.504030,1.641412,44.838230,348.306200,102.520200,2.966641,104.047200,98.172010,0.300000,1000.000000,0.900730,2468,2740,50.000000,off
1767081133987,2025-12-30 15:52:13.987,1027.544000,5.419006,23,10,2,-0.029512,0.013360,-0.072275,0.404007,0.045410,0.913620,-22.568730,1.638470,44.883290,0.764948,0.247643,-0.594570,0.000000,0.000000,0.000000,0.000000,0,0,1.543823,2.088348,10.327440,0.000000,-22.504510,1.641356,44.837020,348.409100,103.390500,2.845523,104.047200,98.172010,0.300000,1000.000000,0.900730,2468,2740,50.000000,off
1767081133998,2025-12-30 15:52:13.998,1027.556000,5.430115,23,10,2,-0.009683,0.012666,-0.066878,0.341553,-0.216034,0.914688,-22.568340,1.639906,44.862460,0.820817,-0.013470,-0.571019,0.000000,0.000000,0.000000,0.000000,0,0,1.695145,2.492691,10.388970,0.000000,-22.504990,1.641264,44.835780,348.528100,104.241600,2.754224,104.047200,98.172010,0.300000,1000.000000,0.900730,2468,2740,50.000000,off
1767081134009,2025-12-30 15:52:14.009,1027.567000,5.441345,23,10,2,-0.026217,0.015416,-0.079381,0.278076,-0.038498,0.959778,-22.576290,1.639315,44.881500,0.840926,0.163460,-0.515854,0.000000,0.000000,0.000000,0.000000,0,0,1.547058,1.939468,10.388970,0.000000,-22.505440,1.641001,44.834560,348.681900,105.063700,2.691640,104.047200,98.172010,0.300000,1000.000000,0.900730,2468,2740,50.000000,off
1767081134020,2025-12-30 15:52:14.020,1027.578000,5.452209,23,10,2,-0.026217,0.015416,-0.079381,0.278076,-0.038498,0.959778,-22.576120,1.639327,44.881310,0.834087,0.160316,-0.527807,0.000000,0.000000,0.000000,0.000000,0,0,1.547058,1.939468,10.388970,0.000000,-22.505920,1.640743,44.833380,348.855000,105.873200,2.632239,104.047200,98.172010,0.300000,1000.000000,0.900730,2468,2740,50.000000,off
1767081134032,2025-12-30 15:52:14.032,1027.589000,5.463440,23,10,2,-0.025855,0.006977,-0.048257,0.422958,-0.099655,0.900635,-22.545340,1.636940,44.871200,0.739371,0.091685,-0.667003,0.000000,0.000000,0.000000,0.000000,0,0,1.579941,2.818848,0.157437,0.000000,-22.506390,1.640388,44.832250,349.072400,106.661000,2.581194,104.047200,98.172010,0.300000,1000.000000,0.900730,2468,2740,50.000000,off
1767081134043,2025-12-30 15:52:14.043,1027.600000,5.474548,23,10,2,-0.017456,0.014087,-0.074413,0.177185,-0.029587,0.983719,-22.573460,1.639269,44.871000,0.872692,0.161509,-0.460756,0.000000,0.000000,0.000000,0.000000,0,0,1.446289,2.085358,0.010084,0.000000,-22.506750,1.640031,44.831140,349.287100,107.422500,2.531711,104.047200,98.172010,0.300000,1000.000000,0.900730,2468,2740,50.000000,off
1767081134054,2025-12-30 15:52:14.054,1027.611000,5.485657,23,10,2,-0.023969,0.013301,-0.071926,0.180344,-0.019577,0.983398,-22.568800,1.638671,44.876120,0.864188,0.167570,-0.474425,0.000000,0.000000,0.000000,0.000000,0,0,1.767990,2.087769,0.010084,0.000000,-22.507140,1.639727,44.830060,349.505200,108.185400,2.481855,104.047200,98.172010,0.300000,1000.000000,0.900730,2468,2740,50.000000,off
1767081134065,2025-12-30 15:52:14.065,1027.622000,5.496765,23,10,2,-0.023969,0.013301,-0.071926,0.180344,-0.019577,0.983398,-22.568600,1.638740,44.875800,0.858436,0.163769,-0.486052,0.000000,0.000000,0.000000,0.000000,0,0,1.767990,2.087769,0.010084,0.000000,-22.507550,1.639501,44.828930,349.720500,108.945700,2.430961,104.047200,98.172010,0.300000,1000.000000,0.900730,2468,2740,50.000000,off
1767081134076,2025-12-30 15:52:14.076,1027.633000,5.507874,23,10,2,-0.025855,0.006977,-0.048257,0.422958,-0.099655,0.900635,-22.544850,1.636613,44.868770,0.704681,0.077264,-0.705282,0.000000,0.000000,0.000000,0.000000,0,0,1.579941,2.818848,10.138230,0.000000,-22.507940,1.639273,44.827830,349.898500,109.682200,2.384536,104.047200,98.172010,0.300000,1000.000000,0.900730,2468,2740,50.000000,off
1767081134087,2025-12-30 15:52:14.087,1027.644000,5.518982,23,10,2,-0.017456,0.014087,-0.074413,0.177185,-0.029587,0.983719,-22.572870,1.639459,44.870010,0.849697,0.147805,-0.506104,0.000000,0.000000,0.000000,0.000000,0,0,1.446289,2.085358,0.040335,0.000000,-22.508290,1.639143,44.826770,350.065700,110.395600,2.368539,104.047200,98.172010,0.300000,1000.000000,0.900730,2468,2740,50.000000,off
1767081134098,2025-12-30 15:52:14.098,1027.656000,5.530090,23,10,2,-0.020948,0.011240,-0.064100,0.196838,-0.000107,0.980423,-22.561520,1.638299,44.869060,0.829425,0.175124,-0.530435,0.000000,0.000000,0.000000,0.000000,0,0,2.816742,2.252335,0.010023,0.000000,-22.508630,1.639020,44.825740,350.181700,111.076700,2.376873,104.047200,98.172010,0.300000,1000.000000,0.900730,2468,2740,50.000000,off
1767081134109,2025-12-30 15:52:14.109,1027.667000,5.541077,23,10,2,-0.020948,0.011240,-0.064100,0.196838,-0.000107,0.980423,-22.561410,1.638350,44.868680,0.823532,0.173030,-0.540214,0.000000,0.000000,0.000000,0.000000,0,0,2.816742,2.252335,0.010023,0.000000,-22.509020,1.638927,44.824750,350.302600,111.744900,2.359298,104.047200,98.172010,0.300000,1000.000000,0.900730,2468,2740,50.000000,off
1767081134120,2025-12-30 15:52:14.120,1027.678000,5.552307,23,10,2,-0.024785,0.007592,-0.052507,0.225113,0.105194,0.968628,-22.548730,1.636645,44.867130,0.781874,0.274207,-0.559880,0.000000,0.000000,0.000000,0.000000,0,0,1.676849,2.796997,0.000623,0.000000,-22.509370,1.638919,44.823840,350.403000,112.342900,2.345684,104.047200,98.172010,0.300000,1000.000000,0.900730,2468,2740,50.000000,off
1767081134131,2025-12-30 15:52:14.131,1027.689000,5.563416,23,10,2,-0.018553,0.013265,-0.070858,0.131729,-0.017380,0.991119,-22.568480,1.639482,44.868580,0.850519,0.151917,-0.503500,0.000000,0.000000,0.000000,0.000000,0,0,2.749542,2.099503,0.040090,0.000000,-22.509650,1.638856,44.822980,350.485500,112.931500,2.300590,104.047200,98.172010,0.300000,1000.000000,0.900730,2468,2740,50.000000,off
1767081134142,2025-12-30 15:52:14.142,1027.700000,5.574524,23,10,2,-0.018553,0.013265,-0.070858,0.131729,-0.017380,0.991119,-22.568250,1.639573,44.868320,0.846065,0.150028,-0.511505,0.000000,0.000000,0.000000,0.000000,0,0,2.749542,2.099503,0.040090,0.000000,-22.509840,1.638807,44.822180,350.594400,113.464600,2.288314,104.047200,98.172010,0.300000,1000.000000,0.900730,2468,2740,50.000000,off
1767081134154,2025-12-30 15:52:14.154,1027.711000,5.585632,23,10,2,-0.009881,0.006638,-0.047055,0.185700,0.092331,0.978256,-22.549340,1.637293,44.849980,0.793403,0.256158,-0.552168,0.000000,0.000000,0.000000,0.000000,0,0,2.853714,2.930405,0.000039,0.000000,-22.510110,1.638727,44.821430,350.713300,113.989000,2.264676,104.047200,98.172010,0.300000,1000.000000,0.900730,2468,2740,50.000000,off
1767081134164,2025-12-30 15:52:14.164,1027.722000,5.596741,23,10,2,0.012601,0.007399,-0.046024,0.090958,-0.025421,0.995529,-22.558000,1.639045,44.828840,0.859283,0.137353,-0.492712,0.000000,0.000000,0.000000,0.000000,0,0,2.873245,2.918137,0.002475,0.000000,-22.510410,1.638602,44.820660,350.816200,114.507000,2.259323,104.047200,98.172010,0.300000,1000.000000,0.900730,2468,2740,50.000000,off
1767081134176,2025-12-30 15:52:14.176,1027.733000,5.607849,23,10,2,-0.018553,0.013265,-0.070858,0.131729,-0.017380,0.991119,-22.567820,1.639717,44.867640,0.832930,0.144421,-0.534176,0.000000,0.000000,0.000000,0.000000,0,0,2.749542,2.099503,0.158406,0.000000,-22.510670,1.638536,44.819970,350.919400,114.988400,2.268126,104.047200,98.172010,0.300000,1000.000000,0.900730,2468,2740,50.000000,off
1767081134187,2025-12-30 15:52:14.187,1027.745000,5.619080,23,10,2,-0.018553,0.013265,-0.070858,0.131729,-0.017380,0.991119,-22.567630,1.639761,44.867390,0.828501,0.142646,-0.541490,0.000000,0.000000,0.000000,0.000000,0,0,2.749542,2.099503,0.158406,0.000000,-22.510890,1.638450,44.819220,351.023500,115.485300,2.270484,104.047200,98.172010,0.300000,1000.000000,0.900730,2468,2740,50.000000,off
1767081134198,2025-12-30 15:52:14.198,1027.755000,5.630066,23,10,2,-0.009881,0.006638,-0.047055,0.185700,0.092331,0.978256,-22.549330,1.637266,44.848400,0.775799,0.249211,-0.579676,0.000000,0.000000,0.000000,0.000000,0,0,2.853714,2.930405,0.159406,0.000000,-22.511090,1.638353,44.818530,351.136500,115.943100,2.287960,104.047200,98.172010,0.300000,1000.000000,0.900730,2468,2740,50.000000,off
1767081134209,2025-12-30 15:52:14.209,1027.766000,5.641052,23,10,2,0.001057,0.009797,-0.056551,0.044815,0.064117,0.996933,-22.562930,1.639407,44.842800,0.854713,0.216527,-0.471780,0.000000,0.000000,0.000000,0.000000,0,0,2.894302,2.401627,0.010145,0.000000,-22.511240,1.638279,44.817860,351.263600,116.420300,2.306574,104.047200,98.172010,0.300000,1000.000000,0.900730,2468,2740,50.000000,off
1767081134220,2025-12-30 15:52:14.220,1027.778000,5.652283,23,10,2,0.001057,0.009797,-0.056551,0.044815,0.064117,0.996933,-22.562940,1.639396,44.842530,0.851400,0.214515,-0.478639,0.000000,0.000000,0.000000,0.000000,0,0,2.894302,2.401627,0.010145,0.000000,-22.511450,1.638149,44.817180,351.381900,116.867700,2.308917,104.047200,98.172010,0.300000,1000.000000,0.900730,2468,2740,50.000000,off
1767081134231,2025-12-30 15:52:14.231,1027.789000,5.663391,23,10,2,-0.012935,0.006903,-0.046401,0.093094,-0.028229,0.995255,-22.547150,1.637432,44.849770,0.834678,0.122916,-0.536843,0.000000,0.000000,0.000000,0.000000,0,0,2.880310,2.846878,0.040336,0.000000,-22.511590,1.637986,44.816550,351.501500,117.303600,2.321983,104.047200,98.172010,0.300000,1000.000000,0.900730,2468,2740,50.000000,off
1767081134242,2025-12-30 15:52:14.242,1027.800000,5.674500,23,10,2,-0.007195,0.009993,-0.058282,0.001282,0.087112,0.996185,-22.560420,1.638906,44.850080,0.862116,0.231137,-0.450896,0.000000,0.000000,0.000000,0.000000,0,0,2.830246,2.453033,0.040336,0.000000,-22.511680,1.637801,44.815850,351.632200,117.745000,2.350074,104.047200,98.172010,0.300000,1000.000000,0.900730,2468,2740,50.000000,off
1767081134254,2025-12-30 15:52:14.254,1027.811000,5.685608,23,10,2,0.001007,0.007140,-0.046143,0.032669,-0.017441,0.999313,-22.553360,1.638114,44.836660,0.858161,0.127253,-0.497358,0.000000,0.000000,0.000000,0.000000,0,0,2.843338,2.953613,0.040336,0.000000,-22.511860,1.637622,44.815250,351.763600,118.167300,2.374950,104.047200,98.172010,0.300000,1000.000000,0.900730,2468,2740,50.000000,off
1767081134264,2025-12-30 15:52:14.264,1027.822000,5.696716,23,10,2,0.001007,0.007140,-0.046143,0.032669,-0.017441,0.999313,-22.553320,1.638045,44.836320,0.854886,0.124977,-0.503537,0.000000,0.000000,0.000000,0.000000,0,0,2.843338,2.953613,0.040336,0.000000,-22.511980,1.637444,44.814610,351.896500,118.570800,2.417217,104.047200,98.172010,0.300000,1000.000000,0.900730,2468,2740,50.000000,off
1767081134276,2025-12-30 15:52:14.276,1027.833000,5.707825,23,10,2,-0.016737,0.006724,-0.046086,0.018555,-0.016281,0.999680,-22.544560,1.636844,44.851390,0.858702,0.123255,-0.497401,0.000000,0.000000,0.000000,0.000000,0,0,2.905411,2.831924,0.000156,0.000000,-22.512140,1.637291,44.814000,352.032000,118.970800,2.459260,104.047200,98.172010,0.300000,1000.000000,0.900730,2468,2740,50.000000,off
1767081134287,2025-12-30 15:52:14.287,1027.844000,5.718933,23,10,2,-0.007195,0.009993,-0.058282,0.001282,0.087112,0.996185,-22.560060,1.638795,44.849090,0.850836,0.222146,-0.476135,0.000000,0.000000,0.000000,0.000000,0,0,2.830246,2.453033,0.002506,0.000000,-22.512340,1.637165,44.813480,352.160800,119.379400,2.495980,104.047200,98.172010,0.300000,1000.000000,0.900730,2468,2740,50.000000,off
1767081134298,2025-12-30 15:52:14.298,1027.855000,5.729919,23,10,2,-0.007195,0.009993,-0.058282,0.001282,0.087112,0.996185,-22.559950,1.638738,44.848880,0.847843,0.220411,-0.482242,0.000000,0.000000,0.000000,0.000000,0,0,2.830246,2.453033,0.002506,0.000000,-22.512490,1.637007,44.812930,352.262600,119.780400,2.520456,104.047200,98.172010,0.300000,1000.000000,0.900730,2468,2740,50.000000,off
1767081134309,2025-12-30 15:52:14.309,1027.867000,5.741150,23,10,2,0.001007,0.007140,-0.046143,0.032669,-0.017441,0.999313,-22.553300,1.637825,44.835250,0.841640,0.116768,-0.527262,0.000000,0.000000,0.000000,0.000000,0,0,2.843338,2.953613,0.000615,0.000000,-22.512580,1.636833,44.812400,352.375000,120.138000,2.546983,104.047200,98.172010,0.300000,1000.000000,0.900730,2468,2740,50.000000,off
1767081134320,2025-12-30 15:52:14.320,1027.878000,5.752136,23,10,2,-0.021852,0.006700,-0.046392,0.028763,-0.011307,0.999512,-22.541710,1.636271,44.854710,0.840425,0.121478,-0.528117,0.000000,0.000000,0.000000,0.000000,0,0,2.870331,2.824341,0.000157,0.000000,-22.512640,1.636709,44.811940,352.446200,120.456800,2.576672,104.047200,98.172010,0.300000,1000.000000,0.900730,2468,2740,50.000000,off
1767081134331,2025-12-30 15:52:14.331,1027.889000,5.763367,23,10,2,-0.022317,0.006789,-0.046638,0.005905,0.002472,0.999970,-22.541520,1.636238,44.855030,0.848807,0.133133,-0.511647,0.000000,0.000000,0.000000,0.000000,0,0,2.858322,2.799026,0.039604,0.000000,-22.512680,1.636606,44.811580,352.506100,120.746400,2.616536,104.047200,98.172010,0.300000,1000.000000,0.900730,2468,2740,50.000000,off
1767081134342,2025-12-30 15:52:14.342,1027.900000,5.774353,23,10,2,-0.022317,0.006789,-0.046638,0.005905,0.002472,0.999970,-22.541380,1.636203,44.854840,0.847033,0.132003,-0.514869,0.000000,0.000000,0.000000,0.000000,0,0,2.858322,2.799026,0.039604,0.000000,-22.512710,1.636535,44.811280,352.571600,120.959000,2.659971,104.047200,98.172010,0.300000,1000.000000,0.900730,2468,2740,50.000000,off
1767081134353,2025-12-30 15:52:14.353,1027.911000,5.785461,23,10,2,-0.014463,0.006900,-0.046236,-0.029800,0.000626,0.999542,-22.544970,1.636644,44.847770,0.863930,0.128005,-0.487045,0.000000,0.000000,0.000000,0.000000,0,0,2.852325,2.761703,0.039599,0.000000,-22.512680,1.636447,44.811000,352.597100,121.134000,2.717310,104.047200,98.172010,0.300000,1000.000000,0.900730,2468,2740,50.000000,off
1767081134365,2025-12-30 15:52:14.365,1027.922000,5.796570,23,10,2,-0.004686,0.007103,-0.045958,-0.057892,0.017242,0.998169,-22.549720,1.637352,44.839190,0.875341,0.141896,-0.462206,0.000000,0.000000,0.000000,0.000000,0,0,2.827164,2.795578,0.657108,0.000000,-22.512600,1.636414,44.810800,352.656500,121.232500,2.764450,104.047200,98.172010,0.300000,1000.000000,0.900730,2468,2740,50.000000,off
1767081134376,2025-12-30 15:52:14.376,1027.933000,5.807678,23,10,2,-0.004686,0.007103,-0.045958,-0.057892,0.017242,0.998169,-22.549540,1.637310,44.839100,0.874985,0.141286,-0.463066,0.000000,0.000000,0.000000,0.000000,0,0,2.827164,2.795578,0.657108,0.000000,-22.512450,1.636354,44.810670,352.687200,121.286900,2.843948,104.047200,98.172010,0.300000,1000.000000,0.900730,2468,2740,50.000000,off
1767081134387,2025-12-30 15:52:14.387,1027.944000,5.818787,23,10,2,-0.010025,0.006987,-0.045380,-0.083618,0.043106,0.995560,-22.545940,1.637026,44.843310,0.884520,0.163758,-0.436803,0.000000,0.000000,0.000000,0.000000,0,0,2.949615,2.904953,2.581494,0.000000,-22.512140,1.636309,44.810660,352.774900,121.263900,2.875450,104.047200,98.172010,0.300000,1000.000000,0.900730,2468,2740,50.000000,off
1767081134398,2025-12-30 15:52:14.398,1027.955000,5.830017,23,10,2,-0.014463,0.006900,-0.046236,-0.029800,0.000626,0.999542,-22.544060,1.636529,44.847530,0.864243,0.123604,-0.487627,0.000000,0.000000,0.000000,0.000000,0,0,2.852325,2.761703,165.227300,0.000000,-22.511800,1.636189,44.810730,352.844500,121.153200,2.949266,104.047200,98.172010,0.300000,1000.000000,0.900730,2468,2740,50.000000,off
1767081134409,2025-12-30 15:52:14.409,1027.966000,5.841003,23,10,2,-0.004686,0.007103,-0.045958,-0.057892,0.017242,0.998169,-22.548590,1.637223,44.839090,0.877277,0.137053,-0.459992,0.000000,0.000000,0.000000,0.000000,0,0,2.827164,2.795578,660.846900,0.000000,-22.511410,1.636089,44.810790,352.923300,121.068000,3.000167,104.047200,98.172010,0.300000,1000.000000,0.900730,2468,2740,50.000000,off
1767081134420,2025-12-30 15:52:14.420,1027.978000,5.852112,23,10,2,-0.004686,0.007103,-0.045958,-0.057892,0.017242,0.998169,-22.548190,1.637011,44.839160,0.879304,0.135948,-0.456436,0.000000,0.000000,0.000000,0.000000,0,0,2.827164,2.795578,660.846900,0.000000,-22.510900,1.635841,44.811000,352.980600,120.832600,3.114758,104.047200,98.172010,0.300000,1000.000000,0.900730,2468,2740,50.000000,off
1767081134431,2025-12-30 15:52:14.431,1027.989000,5.863342,23,10,2,-0.009960,0.006999,-0.045178,-0.093964,0.023895,0.995285,-22.544370,1.636489,44.843370,0.896945,0.138017,-0.420040,0.000000,0.000000,0.000000,0.000000,0,0,2.879089,2.926682,10446.050000,0.000000,-22.510370,1.635547,44.811240,353.095500,120.607900,3.265750,104.047200,98.172010,0.300000,1000.000000,0.900730,2468,2740,50.000000,off
1767081134443,2025-12-30 15:52:14.443,1028.000000,5.874451,23,10,2,-0.022765,0.006952,-0.045751,-0.083069,0.012543,0.996460,-22.537950,1.635463,44.854790,0.895814,0.124767,-0.426546,0.000000,0.000000,0.000000,0.000000,0,0,2.945892,2.932083,164.215600,0.000000,-22.509820,1.635256,44.811560,353.250700,120.298300,3.320094,104.047200,98.172010,0.300000,1000.000000,0.900730,2468,2740,50.000000,off
1767081134454,2025-12-30 15:52:14.454,1028.011000,5.885437,23,10,2,-0.022765,0.006952,-0.045751,-0.083069,0.012543,0.996460,-22.537540,1.635254,44.855040,0.899141,0.121188,-0.420535,0.000000,0.000000,0.000000,0.000000,0,0,2.945892,2.932083,164.215600,0.000000,-22.509120,1.634922,44.812000,353.450600,119.901000,3.409240,104.047200,98.172010,0.300000,1000.000000,0.900730,2468,2740,50.000000,off
1767081134465,2025-12-30 15:52:14.465,1028.022000,5.896667,23,10,2,-0.025069,0.006981,-0.045894,-0.092270,0.013763,0.995636,-22.536110,1.634945,44.857380,0.906111,0.118895,-0.405981,0.000000,0.000000,0.000000,0.000000,0,0,2.771271,2.992096,164.215600,0.000000,-22.508420,1.634620,44.812470,353.613800,119.505100,3.440768,104.047200,98.172010,0.300000,1000.000000,0.900730,2468,2740,50.000000,off
1767081134476,2025-12-30 15:52:14.476,1028.033000,5.907898,23,10,2,-0.025040,0.006950,-0.045623,-0.069473,0.036682,0.996903,-22.535390,1.634773,44.857480,0.897289,0.141427,-0.418161,0.000000,0.000000,0.000000,0.000000,0,0,3.014862,2.899719,0.160394,0.000000,-22.507620,1.634363,44.812920,353.713300,119.131200,3.431565,104.047200,98.172010,0.300000,1000.000000,0.900730,2468,2740,50.000000,off
1767081134487,2025-12-30 15:52:14.487,1028.044000,5.918762,23,10,2,-0.003176,0.007901,-0.046340,-0.204361,0.005783,0.978867,-22.546140,1.636758,44.839150,0.951896,0.099501,-0.289778,0.000000,0.000000,0.000000,0.000000,0,0,2.914169,2.825043,0.040092,0.000000,-22.506790,1.634102,44.813390,353.804500,118.782600,3.352125,104.047200,98.172010,0.300000,1000.000000,0.900730,2468,2740,50.000000,off
1767081134498,2025-12-30 15:52:14.498,1028.055000,5.929871,23,10,2,-0.003176,0.007901,-0.046340,-0.204361,0.005783,0.978867,-22.545570,1.636692,44.839410,0.953232,0.098099,-0.285836,0.000000,0.000000,0.000000,0.000000,0,0,2.914169,2.825043,0.040092,0.000000,-22.506100,1.633936,44.813830,353.916700,118.542300,3.209216,104.047200,98.172010,0.300000,1000.000000,0.900730,2468,2740,50.000000,off
1767081134509,2025-12-30 15:52:14.509,1028.066000,5.940979,23,10,2,-0.025069,0.006981,-0.045894,-0.092270,0.013763,0.995636,-22.534020,1.634548,44.858570,0.914307,0.112722,-0.389014,0.000000,0.000000,0.000000,0.000000,0,0,2.771271,2.992096,0.645419,0.000000,-22.505440,1.633723,44.814220,354.009600,118.411400,3.031228,104.047200,98.172010,0.300000,1000.000000,0.900730,2468,2740,50.000000,off
1767081134520,2025-12-30 15:52:14.520,1028.078000,5.952087,23,10,2,-0.025040,0.006950,-0.045623,-0.069473,0.036682,0.996903,-22.533270,1.634500,44.858670,0.903022,0.135442,-0.407669,0.000000,0.000000,0.000000,0.000000,0,0,3.014862,2.899719,42299.190000,0.000000,-22.504900,1.633516,44.814490,354.103100,118.418000,2.838578,104.047200,98.172010,0.300000,1000.000000,0.900730,2468,2740,50.000000,off
1767081134531,2025-12-30 15:52:14.531,1028.089000,5.963196,23,10,2,-0.004034,0.007756,-0.045804,-0.190613,-0.002655,0.981659,-22.543020,1.636248,44.840670,0.950153,0.087547,-0.299231,0.000000,0.000000,0.000000,0.000000,0,0,2.874283,2.863785,672.924900,0.000000,-22.504390,1.633349,44.814700,354.209200,118.492700,2.677788,104.047200,98.172010,0.300000,1000.000000,0.900730,2468,2740,50.000000,off
1767081134542,2025-12-30 15:52:14.542,1028.100000,5.974304,23,10,2,-0.004034,0.007756,-0.045804,-0.190613,-0.002655,0.981659,-22.542660,1.636183,44.840820,0.949317,0.086555,-0.302160,0.000000,0.000000,0.000000,0.000000,0,0,2.874283,2.863785,672.924900,0.000000,-22.504110,1.633198,44.814770,354.300600,118.668800,2.506018,104.047200,98.172010,0.300000,1000.000000,0.900730,2468,2740,50.000000,off
1767081134553,2025-12-30 15:52:14.553,1028.111000,5.985413,23,10,2,-0.016727,0.007300,-0.045408,-0.149124,-0.000748,0.988815,-22.535720,1.635149,44.851900,0.934116,0.089993,-0.345434,0.000000,0.000000,0.000000,0.000000,0,0,2.873108,2.889938,10.450730,0.000000,-22.503810,1.633024,44.814860,354.379000,118.896500,2.362181,104.047200,98.172010,0.300000,1000.000000,0.900730,2468,2740,50.000000,off
1767081134564,2025-12-30 15:52:14.564,1028.122000,5.996521,23,10,2,-0.021236,0.007031,-0.044847,-0.112671,-0.001236,0.993622,-22.532640,1.634661,44.855690,0.918424,0.090660,-0.385045,0.000000,0.000000,0.000000,0.000000,0,0,3.075195,2.904144,0.161347,0.000000,-22.503670,1.632864,44.814830,354.434100,119.233800,2.290868,104.047200,98.172010,0.300000,1000.000000,0.900730,2468,2740,50.000000,off
1767081134576,2025-12-30 15:52:14.576,1028.133000,6.007629,23,10,2,-0.021236,0.007031,-0.044847,-0.112671,-0.001236,0.993622,-22.532280,1.634642,44.855780,0.915990,0.089324,-0.391108,0.000000,0.000000,0.000000,0.000000,0,0,3.075195,2.904144,0.161347,0.000000,-22.503570,1.632742,44.814740,354.521600,119.609300,2.201814,104.047200,98.172010,0.300000,1000.000000,0.900730,2468,2740,50.000000,off
1767081134587,2025-12-30 15:52:14.587,1028.144000,6.018738,23,10,2,-0.005842,0.007881,-0.045722,-0.122070,-0.034317,0.991913,-22.540640,1.636013,44.842970,0.917820,0.054953,-0.393136,0.000000,0.000000,0.000000,0.000000,0,0,3.050751,2.690277,10.325730,0.000000,-22.503720,1.632703,44.814460,354.584800,120.131000,2.129338,104.047200,98.172010,0.300000,1000.000000,0.900730,2468,2740,50.000000,off
1767081134598,2025-12-30 15:52:14.598,1028.155000,6.029846,23,10,2,-0.026323,0.008317,-0.049708,0.057404,0.045166,0.997315,-22.533430,1.635306,44.862610,0.820442,0.140832,-0.554088,0.000000,0.000000,0.000000,0.000000,0,0,3.027176,3.049942,164.227300,0.000000,-22.503960,1.632659,44.814060,354.602100,120.806500,2.082391,104.047200,98.172010,0.300000,1000.000000,0.900730,2468,2740,50.000000,off
1767081134609,2025-12-30 15:52:14.609,1028.166000,6.040955,23,10,2,-0.021236,0.007031,-0.044847,-0.112671,-0.001236,0.993622,-22.531560,1.634692,44.855510,0.902490,0.087534,-0.421700,0.000000,0.000000,0.000000,0.000000,0,0,3.075195,2.904144,668.846700,0.000000,-22.504240,1.632629,44.813550,354.645200,121.532800,2.025107,104.047200,98.172010,0.300000,1000.000000,0.900730,2468,2740,50.000000,off
1767081134620,2025-12-30 15:52:14.620,1028.177000,6.052063,23,10,2,-0.021236,0.007031,-0.044847,-0.112671,-0.001236,0.993622,-22.531340,1.634626,44.855340,0.896087,0.087343,-0.435177,0.000000,0.000000,0.000000,0.000000,0,0,3.075195,2.904144,668.846700,0.000000,-22.504640,1.632525,44.812980,354.663400,122.391200,1.961994,104.047200,98.172010,0.300000,1000.000000,0.900730,2468,2740,50.000000,off
1767081134631,2025-12-30 15:52:14.631,1028.189000,6.063293,23,10,2,-0.005842,0.007881,-0.045722,-0.122070,-0.034317,0.991913,-22.540440,1.635834,44.842860,0.895201,0.053337,-0.442425,0.000000,0.000000,0.000000,0.000000,0,0,3.050751,2.690277,10.200490,0.000000,-22.505130,1.632410,44.812400,354.701100,123.249900,1.940673,104.047200,98.172010,0.300000,1000.000000,0.900730,2468,2740,50.000000,off
1767081134642,2025-12-30 15:52:14.642,1028.200000,6.074280,23,10,2,0.000818,0.008672,-0.047025,0.085449,0.102600,0.991043,-22.545490,1.636644,44.838050,0.762762,0.195826,-0.616313,0.000000,0.000000,0.000000,0.000000,0,0,3.006180,2.897873,10.200490,0.000000,-22.505780,1.632297,44.811760,354.741500,124.146500,1.945204,104.047200,98.172010,0.300000,1000.000000,0.900730,2468,2740,50.000000,off
1767081134654,2025-12-30 15:52:14.654,1028.211000,6.085388,23,10,2,0.000818,0.008672,-0.047025,0.085449,0.102600,0.991043,-22.545630,1.636520,44.838110,0.753835,0.195248,-0.627380,0.000000,0.000000,0.000000,0.000000,0,0,3.006180,2.897873,10.200490,0.000000,-22.506320,1.632140,44.811230,354.779100,124.982500,1.989510,104.047200,98.172010,0.300000,1000.000000,0.900730,2468,2740,50.000000,off
1767081134664,2025-12-30 15:52:14.664,1028.222000,6.096497,23,10,2,0.000040,0.010323,-0.052664,0.302918,0.095245,0.948227,-22.550130,1.637670,44.842210,0.583545,0.190992,-0.789280,0.000000,0.000000,0.000000,0.000000,0,0,3.132080,2.697372,2.597179,0.000000,-22.507010,1.632129,44.810740,354.842200,125.772200,2.079982,104.047200,98.172010,0.300000,1000.000000,0.900730,2468,2740,50.000000,off
1767081134675,2025-12-30 15:52:14.675,1028.233000,6.107727,23,10,2,-0.000661,0.011203,-0.055608,0.473877,0.090134,0.875946,-22.552260,1.638229,44.844730,0.414633,0.186320,-0.890691,-20.306780,2.647263,40.021120,5.415489,Target25,Target,3.381577,2.665985,660.878100,0.000000,-22.507540,1.632112,44.810360,354.833500,126.446900,2.153808,104.047200,98.172010,0.300000,1000.000000,0.900730,2468,2740,50.000000,off
1767081134687,2025-12-30 15:52:14.687,1028.244000,6.118835,23,10,2,0.000818,0.008672,-0.047025,0.085449,0.102600,0.991043,-22.546320,1.636647,44.838440,0.730498,0.195259,-0.654402,0.000000,0.000000,0.000000,0.000000,0,0,3.006180,2.897873,10.451220,0.000000,-22.508050,1.632249,44.810110,354.798400,127.094400,2.229382,104.047200,98.172010,0.300000,1000.000000,0.900730,2468,2740,50.000000,off
1767081134698,2025-12-30 15:52:14.698,1028.255000,6.129822,23,10,2,0.000818,0.008672,-0.047025,0.085449,0.102600,0.991043,-22.546490,1.636792,44.838630,0.724102,0.197036,-0.660945,0.000000,0.000000,0.000000,0.000000,0,0,3.006180,2.897873,10.451220,0.000000,-22.508480,1.632479,44.809930,354.696400,127.629700,2.255581,104.047200,98.172010,0.300000,1000.000000,0.900730,2468,2740,50.000000,off
1767081134709,2025-12-30 15:52:14.709,1028.266000,6.140930,23,10,2,0.000040,0.010323,-0.052664,0.302918,0.095245,0.948227,-22.550630,1.638011,44.843130,0.550527,0.196741,-0.811282,-18.570530,3.060372,38.977870,7.229484,Target25,Target,3.132080,2.697372,0.040338,0.000000,-22.508830,1.632739,44.809890,354.554600,128.090800,2.283888,104.047200,98.172010,0.300000,1000.000000,0.900730,2468,2740,50.000000,off
1767081134720,2025-12-30 15:52:14.720,1028.278000,6.152161,23,10,2,-0.000592,0.010057,-0.051518,0.504532,0.126648,0.854034,-22.549410,1.637974,44.843170,0.342506,0.229267,-0.911095,-20.862100,2.767429,40.354780,4.926289,Target25,Target,3.272736,3.047775,166.262500,0.000000,-22.509160,1.633018,44.809830,354.405500,128.551300,2.290225,104.047200,98.172010,0.300000,1000.000000,0.900730,2468,2740,50.000000,off
1767081134731,2025-12-30 15:52:14.731,1028.289000,6.163269,23,10,2,-0.000592,0.010057,-0.051518,0.504532,0.126648,0.854034,-22.549450,1.638094,44.843540,0.335972,0.232132,-0.912800,-20.907280,2.772712,40.381930,4.887743,Target25,Target,3.272736,3.047775,166.262500,0.000000,-22.509430,1.633286,44.809910,354.244300,128.933400,2.349484,104.047200,98.172010,0.300000,1000.000000,0.900730,2468,2740,50.000000,off
1767081134742,2025-12-30 15:52:14.743,1028.300000,6.174622,23,10,2,-0.024573,0.010033,-0.054545,0.480408,0.120560,0.868698,-22.536600,1.636808,44.864260,0.356600,0.229007,-0.905734,-20.729880,2.797076,40.275340,5.066427,Target25,Target,3.257828,2.928680,167.242900,0.000000,-22.509720,1.633460,44.809990,354.106800,129.305900,2.398175,104.047200,98.172010,0.300000,1000.000000,0.900730,2468,2740,50.000000,off
1767081134754,2025-12-30 15:52:14.754,1028.311000,6.185486,23,10,2,-0.030086,0.009454,-0.052833,0.469696,0.112412,0.875626,-22.531660,1.636239,44.867750,0.363803,0.223504,-0.904248,-20.669400,2.780331,40.239000,5.118824,Target25,Target,3.099091,3.054733,10.264700,0.000000,-22.509980,1.633668,44.810230,354.011100,129.634400,2.509528,104.047200,98.172010,0.300000,1000.000000,0.900730,2468,2740,50.000000,off
1767081134765,2025-12-30 15:52:14.765,1028.322000,6.196594,23,10,2,-0.030127,0.009231,-0.051687,0.451965,0.115479,0.884506,-22.530750,1.636203,44.867310,0.377103,0.228855,-0.897429,-20.557730,2.833587,40.171900,5.231966,Target25,Target,3.228439,3.056091,169.239100,0.000000,-22.510280,1.633871,44.810390,353.913300,129.920800,2.596342,104.047200,98.172010,0.300000,1000.000000,0.900730,2468,2740,50.000000,off
1767081134776,2025-12-30 15:52:14.776,1028.334000,6.208191,23,10,2,-0.030127,0.009231,-0.051687,0.451965,0.115479,0.884506,-22.530700,1.636283,44.867690,0.372954,0.231392,-0.898511,-20.589490,2.840669,40.190990,5.204848,Target25,Target,3.228439,3.056091,169.239100,0.000000,-22.510480,1.634109,44.810680,353.790700,130.166400,2.685090,104.047200,98.172010,0.300000,1000.000000,0.900730,2468,2740,50.000000,off
1767081134787,2025-12-30 15:52:14.787,1028.344000,6.218811,23,10,2,-0.026980,0.009276,-0.051260,0.423889,0.118607,0.897903,-22.532300,1.636594,44.865480,0.396863,0.237106,-0.886713,-20.385220,2.919366,40.068250,5.410070,Target25,Target,3.102783,3.036530,2.612927,0.000000,-22.510600,1.634331,44.811020,353.651400,130.419300,2.731035,104.047200,98.172010,0.300000,1000.000000,0.900730,2468,2740,50.000000,off
1767081134798,2025-12-30 15:52:14.798,1028.355000,6.230042,23,10,2,0.000509,0.009452,-0.048765,0.353928,0.127640,0.926514,-22.548340,1.638486,44.843550,0.459405,0.248273,-0.852814,-19.780040,3.134541,39.704620,6.025804,Target25,Target,3.122864,3.063400,0.040094,0.000000,-22.510750,1.634590,44.811310,353.513900,130.674700,2.760316,104.047200,98.172010,0.300000,1000.000000,0.900730,2468,2740,50.000000,off
1767081134809,2025-12-30 15:52:14.809,1028.367000,6.241150,23,10,2,-0.030127,0.009231,-0.051687,0.451965,0.115479,0.884506,-22.530300,1.636609,44.868950,0.359842,0.237685,-0.902208,-20.688160,2.853392,40.250270,5.119203,Target25,Target,3.228439,3.056091,10.389940,0.000000,-22.510840,1.634821,44.811660,353.411000,130.929900,2.758551,104.047200,98.172010,0.300000,1000.000000,0.900730,2468,2740,50.000000,off
1767081134820,2025-12-30 15:52:14.820,1028.378000,6.252258,23,10,2,-0.030127,0.009231,-0.051687,0.451965,0.115479,0.884506,-22.530180,1.636674,44.869400,0.355545,0.239206,-0.903509,-20.720010,2.854531,40.269410,5.091152,Target25,Target,3.228439,3.056091,10.389940,0.000000,-22.510980,1.634979,44.812020,353.323600,131.186700,2.785109,104.047200,98.172010,0.300000,1000.000000,0.900730,2468,2740,50.000000,off
1767081134831,2025-12-30 15:52:14.831,1028.389000,6.263245,23,10,2,-0.026980,0.009276,-0.051260,0.423889,0.118607,0.897903,-22.531860,1.636968,44.867230,0.380072,0.243729,-0.892256,-20.522880,2.925268,40.150960,5.285728,Target25,Target,3.102783,3.036530,10.389700,0.000000,-22.511130,1.635102,44.812390,353.262800,131.427200,2.824962,104.047200,98.172010,0.300000,1000.000000,0.900730,2468,2740,50.000000,off
1767081134842,2025-12-30 15:52:14.842,1028.400000,6.274353,23,10,2,0.003410,0.009452,-0.048453,0.344940,0.130158,0.929550,-22.550040,1.638995,44.843270,0.452107,0.255940,-0.854449,-19.854870,3.164749,39.749580,5.961337,Target25,Target,3.119263,3.135406,10895.300000,0.000000,-22.511290,1.635170,44.812730,353.221900,131.650400,2.868890,104.047200,98.172010,0.300000,1000.000000,0.900730,2468,2740,50.000000,off
1767081134854,2025-12-30 15:52:14.854,1028.411000,6.285461,23,10,2,0.003410,0.009452,-0.048453,0.344940,0.130158,0.929550,-22.550030,1.639092,44.843800,0.448606,0.257003,-0.855974,-19.891860,3.161938,39.771800,5.925377,Target25,Target,3.119263,3.135406,10895.300000,0.000000,-22.511410,1.635308,44.813110,353.171700,131.877400,2.914965,104.047200,98.172010,0.300000,1000.000000,0.900730,2468,2740,50.000000,off
1767081134865,2025-12-30 15:52:14.865,1028.422000,6.296570,23,10,2,-0.001558,0.009090,-0.047685,0.348846,0.139984,0.926651,-22.546080,1.638662,44.847460,0.439973,0.267844,-0.857120,-19.962440,3.211513,39.814220,5.872183,Target25,Target,3.148529,3.150711,660.924900,0.000000,-22.511500,1.635453,44.813500,353.106100,132.088300,2.951017,104.047200,98.172010,0.300000,1000.000000,0.900730,2468,2740,50.000000,off
1767081134876,2025-12-30 15:52:14.876,1028.433000,6.307678,23,10,2,-0.011407,0.008870,-0.048155,0.341217,0.121582,0.932083,-22.539670,1.637961,44.855490,0.446619,0.251241,-0.858720,-19.897380,3.124354,39.775120,5.916183,Target25,Target,3.142044,3.144363,660.924900,0.000000,-22.511550,1.635601,44.813880,353.027700,132.306800,2.974439,104.047200,98.172010,0.300000,1000.000000,0.900730,2468,2740,50.000000,off
1767081134887,2025-12-30 15:52:14.887,1028.444000,6.318787,23,10,2,-0.012435,0.008809,-0.048213,0.329666,0.114059,0.937164,-22.538880,1.637983,44.856760,0.454819,0.244815,-0.856255,-19.812590,3.105461,39.724180,5.994123,Target25,Target,3.085907,3.100494,2643.762000,0.000000,-22.511590,1.635799,44.814240,352.961700,132.544200,2.966864,104.047200,98.172010,0.300000,1000.000000,0.900730,2468,2740,50.000000,off
1767081134898,2025-12-30 15:52:14.898,1028.455000,6.329895,23,10,2,-0.012435,0.008809,-0.048213,0.329666,0.114059,0.937164,-22.538740,1.638055,44.857200,0.450951,0.246054,-0.857944,-19.853720,3.103093,39.748890,5.954032,Target25,Target,3.085907,3.100494,2643.762000,0.000000,-22.511640,1.635937,44.814570,352.882300,132.785700,2.961814,104.047200,98.172010,0.300000,1000.000000,0.900730,2468,2740,50.000000,off
1767081134910,2025-12-30 15:52:14.910,1028.467000,6.341614,23,10,2,-0.011350,0.008875,-0.048674,0.297272,0.111664,0.948227,-22.539730,1.638162,44.857190,0.477223,0.244811,-0.843978,-19.547080,3.173363,39.564640,6.270872,Target25,Target,3.255920,3.110443,10767.800000,0.000000,-22.511730,1.636055,44.814900,352.798400,133.043700,2.975124,104.047200,98.172010,0.300000,1000.000000,0.900730,2468,2740,50.000000,off
1767081134920,2025-12-30 15:52:14.920,1028.477000,6.351990,23,10,2,-0.011407,0.008870,-0.048155,0.341217,0.121582,0.932083,-22.539230,1.638222,44.857330,0.430701,0.255815,-0.865474,-20.058160,3.111858,39.871730,5.760522,Target25,Target,3.142044,3.144363,168.235100,0.000000,-22.511840,1.636106,44.815230,352.747300,133.305900,2.997403,104.047200,98.172010,0.300000,1000.000000,0.900730,2468,2740,50.000000,off
1767081134931,2025-12-30 15:52:14.931,1028.489000,6.363220,23,10,2,-0.011407,0.008870,-0.048155,0.341217,0.121582,0.932083,-22.539170,1.638267,44.857760,0.426884,0.256531,-0.867152,-20.095750,3.106614,39.894320,5.723818,Target25,Target,3.142044,3.144363,168.235100,0.000000,-22.511970,1.636185,44.815530,352.718300,133.555500,3.041660,104.047200,98.172010,0.300000,1000.000000,0.900730,2468,2740,50.000000,off
1767081134942,2025-12-30 15:52:14.942,1028.500000,6.374329,23,10,2,-0.012435,0.008809,-0.048213,0.329666,0.114059,0.937164,-22.538440,1.638237,44.858950,0.434867,0.249936,-0.865095,-20.019900,3.085743,39.848740,5.791413,Target25,Target,3.085907,3.100494,10.452930,0.000000,-22.512120,1.636318,44.815820,352.681400,133.821800,3.083326,104.047200,98.172010,0.300000,1000.000000,0.900730,2468,2740,50.000000,off
1767081134954,2025-12-30 15:52:14.954,1028.511000,6.385315,23,10,2,-0.014944,0.008825,-0.048969,0.294769,0.111389,0.949051,-22.537140,1.638072,44.861680,0.463629,0.247686,-0.850703,-19.700520,3.153484,39.656840,6.118270,Target25,Target,3.186371,3.108902,0.645465,0.000000,-22.512240,1.636406,44.816110,352.647300,134.100100,3.121735,104.047200,98.172010,0.300000,1000.000000,0.900730,2468,2740,50.000000,off
1767081134965,2025-12-30 15:52:14.965,1028.522000,6.396545,23,10,2,-0.016218,0.008488,-0.048077,0.293228,0.112854,0.949341,-22.535540,1.637800,44.862320,0.460568,0.250294,-0.851585,-19.729720,3.162611,39.674390,6.091987,Target25,Target,3.153412,3.128403,0.040835,0.000000,-22.512420,1.636487,44.816380,352.580400,134.375200,3.146375,104.047200,98.172010,0.300000,1000.000000,0.900730,2468,2740,50.000000,off
1767081134976,2025-12-30 15:52:14.976,1028.533000,6.407532,23,10,2,-0.016218,0.008488,-0.048077,0.293228,0.112854,0.949341,-22.535460,1.637860,44.862700,0.456201,0.250994,-0.853727,-19.778750,3.154555,39.703840,6.042653,Target25,Target,3.153412,3.128403,0.040835,0.000000,-22.512570,1.636585,44.816650,352.544500,134.663000,3.170910,104.047200,98.172010,0.300000,1000.000000,0.900730,2468,2740,50.000000,off
1767081134987,2025-12-30 15:52:14.987,1028.545000,6.419128,23,10,2,-0.016046,0.008507,-0.048337,0.270798,0.114121,0.955841,-22.535670,1.637854,44.863160,0.472129,0.252551,-0.844570,-19.587170,3.215059,39.588730,6.245055,Target25,Target,3.057144,3.060715,2.566602,0.000000,-22.512710,1.636622,44.816920,352.509600,134.959700,3.197699,104.047200,98.172010,0.300000,1000.000000,0.900730,2468,2740,50.000000,off
1767081134998,2025-12-30 15:52:14.998,1028.555000,6.429871,23,10,2,-0.025895,0.008388,-0.049239,0.281647,0.106628,0.953568,-22.529220,1.637081,44.870940,0.459032,0.246001,-0.853674,-19.737460,3.133217,39.679040,6.081789,Target25,Target,3.216568,3.096069,10.326960,0.000000,-22.512900,1.636664,44.817100,352.482600,135.237500,3.223900,104.047200,98.172010,0.300000,1000.000000,0.900730,2468,2740,50.000000,off
1767081135009,2025-12-30 15:52:15.009,1028.566000,6.440979,23,10,2,-0.025895,0.008388,-0.049239,0.281647,0.106628,0.953568,-22.529050,1.637089,44.871260,0.454339,0.246579,-0.856014,-19.789950,3.123649,39.710580,6.028696,Target25,Target,3.216568,3.096069,10.326960,0.000000,-22.513020,1.636709,44.817330,352.454800,135.548300,3.250586,104.047200,98.172010,0.300000,1000.000000,0.900730,2468,2740,50.000000,off
1767081135020,2025-12-30 15:52:15.020,1028.578000,6.452087,23,10,2,-0.028177,0.008302,-0.049309,0.258301,0.093079,0.961563,-22.527320,1.636866,44.873180,0.472895,0.233415,-0.849632,-19.585510,3.088909,39.587730,6.220820,Target25,Target,3.246979,2.964661,10.452200,0.000000,-22.513180,1.636741,44.817550,352.429500,135.845400,3.272414,104.047200,98.172010,0.300000,1000.000000,0.900730,2468,2740,50.000000,off
1767081135031,2025-12-30 15:52:15.031,1028.589000,6.463196,23,10,2,0.016120,0.008638,-0.045470,0.200745,0.122559,0.971939,-22.556630,1.640242,44.840350,0.515918,0.261106,-0.815866,-19.020370,3.429944,39.248160,6.854250,Target25,Target,3.132202,2.974533,672.956100,0.000000,-22.513280,1.636779,44.817760,352.410800,136.137800,3.301341,104.047200,98.172010,0.300000,1000.000000,0.900730,2468,2740,50.000000,off
1767081135042,2025-12-30 15:52:15.042,1028.600000,6.474304,23,10,2,-0.025895,0.008388,-0.049239,0.281647,0.106628,0.953568,-22.528520,1.637106,44.872200,0.441222,0.247887,-0.862473,-19.931440,3.096197,39.795590,5.886070,Target25,Target,3.216568,3.096069,10.388960,0.000000,-22.513330,1.636811,44.818030,352.396300,136.416800,3.326087,104.047200,98.172010,0.300000,1000.000000,0.900730,2468,2740,50.000000,off
1767081135053,2025-12-30 15:52:15.053,1028.611000,6.485413,23,10,2,-0.025895,0.008388,-0.049239,0.281647,0.106628,0.953568,-22.528340,1.637116,44.872540,0.437354,0.247871,-0.864446,-19.972090,3.085876,39.820010,5.844764,Target25,Target,3.216568,3.096069,10.388960,0.000000,-22.513390,1.636824,44.818300,352.402100,136.675900,3.342830,104.047200,98.172010,0.300000,1000.000000,0.900730,2468,2740,50.000000,off
1767081135065,2025-12-30 15:52:15.065,1028.622000,6.496643,23,10,2,-0.028177,0.008302,-0.049309,0.258301,0.093079,0.961563,-22.526500,1.636916,44.874430,0.456748,0.234249,-0.858194,-19.772670,3.049253,39.700190,6.029181,Target25,Target,3.246979,2.964661,41.558780,0.000000,-22.513430,1.636857,44.818540,352.400600,136.928700,3.354861,104.047200,98.172010,0.300000,1000.000000,0.900730,2468,2740,50.000000,off
1767081135076,2025-12-30 15:52:15.076,1028.633000,6.507629,23,10,2,0.003112,0.008481,-0.046432,0.224548,0.107620,0.968491,-22.547370,1.639263,44.851640,0.482076,0.247656,-0.840385,-19.497440,3.206097,39.534820,6.326581,Target25,Target,3.284302,3.098602,0.161363,0.000000,-22.513390,1.636828,44.818820,352.402900,137.167700,3.380732,104.047200,98.172010,0.300000,1000.000000,0.900730,2468,2740,50.000000,off
1767081135087,2025-12-30 15:52:15.087,1028.644000,6.518738,23,10,2,0.003112,0.008481,-0.046432,0.224548,0.107620,0.968491,-22.547240,1.639268,44.852050,0.478840,0.247799,-0.842191,-19.537860,3.196619,39.559100,6.284658,Target25,Target,3.284302,3.098602,0.161363,0.000000,-22.513390,1.636836,44.819100,352.398500,137.388700,3.399347,104.047200,98.172010,0.300000,1000.000000,0.900730,2468,2740,50.000000,off
1767081135098,2025-12-30 15:52:15.098,1028.655000,6.529846,23,10,2,-0.022147,0.008076,-0.047785,0.187271,0.110352,0.976074,-22.529260,1.637209,44.870230,0.508601,0.249297,-0.824103,-19.082660,3.326601,39.285590,6.776520,Target25,Target,3.101868,3.101410,0.161363,0.000000,-22.513390,1.636845,44.819360,352.403600,137.585800,3.421124,104.047200,98.172010,0.300000,1000.000000,0.900730,2468,2740,50.000000,off
1767081135109,2025-12-30 15:52:15.109,1028.666000,6.540955,23,10,2,-0.029129,0.007853,-0.047727,0.193237,0.104721,0.975540,-22.523790,1.636566,44.875210,0.501431,0.244078,-0.830048,-19.183840,3.262335,39.346380,6.660804,Target25,Target,3.160843,3.179657,10.576950,0.000000,-22.513330,1.636842,44.819720,352.405100,137.770700,3.450779,104.047200,98.172010,0.300000,1000.000000,0.900730,2468,2740,50.000000,off
1767081135120,2025-12-30 15:52:15.120,1028.677000,6.551941,23,10,2,-0.013375,0.008506,-0.048161,0.133194,0.097076,0.986313,-22.535630,1.638102,44.865530,0.551353,0.234455,-0.800637,0.000000,0.000000,0.000000,0.000000,0,0,3.237595,3.116867,0.645434,0.000000,-22.513260,1.636859,44.820050,352.404900,137.938500,3.494040,104.047200,98.172010,0.300000,1000.000000,0.900730,2468,2740,50.000000,off
1767081135131,2025-12-30 15:52:15.131,1028.688000,6.562927,23,10,2,-0.013375,0.008506,-0.048161,0.133194,0.097076,0.986313,-22.535400,1.638117,44.865920,0.549237,0.234707,-0.802016,0.000000,0.000000,0.000000,0.000000,0,0,3.237595,3.116867,0.645434,0.000000,-22.513160,1.636891,44.820370,352.394000,138.090300,3.525422,104.047200,98.172010,0.300000,1000.000000,0.900730,2468,2740,50.000000,off
1767081135142,2025-12-30 15:52:15.142,1028.699000,6.574036,23,10,2,-0.022147,0.008076,-0.047785,0.187271,0.110352,0.976074,-22.528320,1.637174,44.871790,0.499531,0.250169,-0.829369,-19.209730,3.299156,39.361940,6.643321,Target25,Target,3.101868,3.101410,2.581433,0.000000,-22.513030,1.636891,44.820750,352.380100,138.223400,3.575743,104.047200,98.172010,0.300000,1000.000000,0.900730,2468,2740,50.000000,off
1767081135154,2025-12-30 15:52:15.154,1028.711000,6.585388,23,10,2,-0.029129,0.007853,-0.047727,0.193237,0.104721,0.975540,-22.522750,1.636511,44.876760,0.493713,0.245281,-0.834309,-19.286620,3.244244,39.408150,6.554617,Target25,Target,3.160843,3.179657,10.264200,0.000000,-22.512840,1.636915,44.821170,352.370500,138.311700,3.645097,104.047200,98.172010,0.300000,1000.000000,0.900730,2468,2740,50.000000,off
1767081135165,2025-12-30 15:52:15.165,1028.722000,6.596497,23,10,2,-0.029129,0.007853,-0.047727,0.193237,0.104721,0.975540,-22.522470,1.636493,44.877140,0.492687,0.245922,-0.834726,-19.298770,3.245586,39.415450,6.543054,Target25,Target,3.160843,3.179657,10.264200,0.000000,-22.512650,1.636959,44.821540,352.348100,138.384900,3.729257,104.047200,98.172010,0.300000,1000.000000,0.900730,2468,2740,50.000000,off
1767081135176,2025-12-30 15:52:15.176,1028.733000,6.607483,23,10,2,0.004763,0.008536,-0.046198,0.110443,0.132065,0.985062,-22.546710,1.639658,44.854330,0.559710,0.269141,-0.783756,0.000000,0.000000,0.000000,0.000000,0,0,3.198669,3.228516,0.653232,0.000000,-22.512410,1.637060,44.821980,352.342300,138.423400,3.813296,104.047200,98.172010,0.300000,1000.000000,0.900730,2468,2740,50.000000,off
1767081135186,2025-12-30 15:52:15.186,1028.744000,6.618469,23,10,2,0.011443,0.008681,-0.045944,0.097244,0.120850,0.987885,-22.551270,1.640349,44.850230,0.572023,0.258111,-0.778553,0.000000,0.000000,0.000000,0.000000,0,0,3.218124,3.137543,10.327200,0.000000,-22.512120,1.637137,44.822410,352.316800,138.420000,3.895750,104.047200,98.172010,0.300000,1000.000000,0.900730,2468,2740,50.000000,off
1767081135197,2025-12-30 15:52:15.197,1028.755000,6.629578,23,10,2,0.008661,0.008608,-0.045985,0.092316,0.115814,0.988968,-22.548880,1.640148,44.852550,0.576756,0.253426,-0.776608,0.000000,0.000000,0.000000,0.000000,0,0,3.305878,3.161911,41.808790,0.000000,-22.511800,1.637210,44.822880,352.294600,138.414100,3.969330,104.047200,98.172010,0.300000,1000.000000,0.900730,2468,2740,50.000000,off
1767081135208,2025-12-30 15:52:15.208,1028.766000,6.640686,23,10,2,0.008661,0.008608,-0.045985,0.092316,0.115814,0.988968,-22.548540,1.640212,44.853000,0.577766,0.253841,-0.775722,0.000000,0.000000,0.000000,0.000000,0,0,3.305878,3.161911,41.808790,0.000000,-22.511430,1.637281,44.823380,352.275100,138.341700,4.029365,104.047200,98.172010,0.300000,1000.000000,0.900730,2468,2740,50.000000,off
1767081135220,2025-12-30 15:52:15.220,1028.777000,6.651794,23,10,2,0.005438,0.008626,-0.046396,0.078369,0.124283,0.989136,-22.545910,1.640023,44.855970,0.589055,0.261601,-0.764563,0.000000,0.000000,0.000000,0.000000,0,0,3.248230,3.134750,41.804890,0.000000,-22.510910,1.637363,44.823960,352.258800,138.268800,4.081800,104.047200,98.172010,0.300000,1000.000000,0.900730,2468,2740,50.000000,off
1767081135231,2025-12-30 15:52:15.231,1028.788000,6.662903,23,10,2,-0.001276,0.008602,-0.047027,0.074570,0.104248,0.991745,-22.540840,1.639437,44.861430,0.596082,0.242308,-0.765480,0.000000,0.000000,0.000000,0.000000,0,0,3.314575,3.110229,41.806850,0.000000,-22.510390,1.637379,44.824610,352.237800,138.141400,4.143313,104.047200,98.172010,0.300000,1000.000000,0.900730,2468,2740,50.000000,off
1767081135242,2025-12-30 15:52:15.242,1028.800000,6.674133,23,10,2,-0.001276,0.008602,-0.047027,0.074570,0.104248,0.991745,-22.540360,1.639462,44.861960,0.598861,0.242288,-0.763314,0.000000,0.000000,0.000000,0.000000,0,0,3.314575,3.110229,41.806850,0.000000,-22.509790,1.637401,44.825240,352.243000,137.939900,4.201786,104.047200,98.172010,0.300000,1000.000000,0.900730,2468,2740,50.000000,off
1767081135253,2025-12-30 15:52:15.253,1028.811000,6.685120,23,10,2,-0.003623,0.008307,-0.046173,0.080856,0.102585,0.991425,-22.537570,1.639121,44.863400,0.597049,0.241223,-0.765068,0.000000,0.000000,0.000000,0.000000,0,0,3.277390,3.244400,10.264700,0.000000,-22.509190,1.637416,44.825900,352.240100,137.721100,4.294561,104.047200,98.172010,0.300000,1000.000000,0.900730,2468,2740,50.000000,off
1767081135264,2025-12-30 15:52:15.264,1028.822000,6.696228,23,10,2,0.005438,0.008626,-0.046396,0.078369,0.124283,0.989136,-22.543940,1.640086,44.858140,0.600369,0.261659,-0.755691,0.000000,0.000000,0.000000,0.000000,0,0,3.248230,3.134750,10.263480,0.000000,-22.508530,1.637383,44.826590,352.278300,137.458700,4.404878,104.047200,98.172010,0.300000,1000.000000,0.900730,2468,2740,50.000000,off
1767081135275,2025-12-30 15:52:15.275,1028.833000,6.707458,23,10,2,-0.001276,0.008602,-0.047027,0.074570,0.104248,0.991745,-22.538850,1.639393,44.863570,0.609805,0.241722,-0.754781,0.000000,0.000000,0.000000,0.000000,0,0,3.314575,3.110229,2.597180,0.000000,-22.507820,1.637297,44.827250,352.298400,137.157500,4.523715,104.047200,98.172010,0.300000,1000.000000,0.900730,2468,2740,50.000000,off
1767081135286,2025-12-30 15:52:15.286,1028.844000,6.718445,23,10,2,-0.001276,0.008602,-0.047027,0.074570,0.104248,0.991745,-22.538380,1.639342,44.864030,0.614237,0.241417,-0.751278,0.000000,0.000000,0.000000,0.000000,0,0,3.314575,3.110229,2.597180,0.000000,-22.507160,1.637228,44.827870,352.324700,136.838100,4.645363,104.047200,98.172010,0.300000,1000.000000,0.900730,2468,2740,50.000000,off
1767081135297,2025-12-30 15:52:15.297,1028.855000,6.729553,23,10,2,-0.003047,0.008352,-0.046275,0.078018,0.104538,0.991455,-22.536090,1.638980,44.865140,0.616232,0.241177,-0.749727,0.000000,0.000000,0.000000,0.000000,0,0,3.327179,3.184311,10.264210,0.000000,-22.506490,1.637118,44.828530,352.376800,136.498300,4.742517,104.047200,98.172010,0.300000,1000.000000,0.900730,2468,2740,50.000000,off
1767081135309,2025-12-30 15:52:15.309,1028.866000,6.740784,23,10,2,-0.000061,0.008426,-0.046165,0.076843,0.112289,0.990692,-22.537730,1.639272,44.863480,0.621037,0.248041,-0.743487,0.000000,0.000000,0.000000,0.000000,0,0,3.347031,3.141449,10.264210,0.000000,-22.505820,1.637045,44.829140,352.418100,136.155100,4.829097,104.047200,98.172010,0.300000,1000.000000,0.900730,2468,2740,50.000000,off
1767081135319,2025-12-30 15:52:15.319,1028.877000,6.751648,23,10,2,-0.000061,0.008426,-0.046165,0.076843,0.112289,0.990692,-22.537150,1.639203,44.863910,0.625946,0.246974,-0.739716,0.000000,0.000000,0.000000,0.000000,0,0,3.347031,3.141449,10.264210,0.000000,-22.505030,1.636922,44.829770,352.484600,135.796400,4.877426,104.047200,98.172010,0.300000,1000.000000,0.900730,2468,2740,50.000000,off
1767081135331,2025-12-30 15:52:15.331,1028.888000,6.762756,23,10,2,-0.000257,0.008324,-0.045862,0.068985,0.110260,0.991501,-22.536270,1.639042,44.864190,0.636735,0.243374,-0.731662,0.000000,0.000000,0.000000,0.000000,0,0,3.257660,3.185791,10.263970,0.000000,-22.504310,1.636789,44.830330,352.546900,135.461000,4.889694,104.047200,98.172010,0.300000,1000.000000,0.900730,2468,2740,50.000000,off
1767081135342,2025-12-30 15:52:15.342,1028.899000,6.773987,23,10,2,0.004045,0.008243,-0.045245,0.074615,0.131821,0.988449,-22.538320,1.639310,44.861130,0.633937,0.263639,-0.727045,0.000000,0.000000,0.000000,0.000000,0,0,3.256683,3.150528,10.200490,0.000000,-22.503540,1.636641,44.830880,352.613100,135.162100,4.886805,104.047200,98.172010,0.300000,1000.000000,0.900730,2468,2740,50.000000,off
1767081135353,2025-12-30 15:52:15.353,1028.911000,6.785095,23,10,2,-0.000061,0.008426,-0.046165,0.076843,0.112289,0.990692,-22.535620,1.638866,44.865040,0.637947,0.243580,-0.730532,0.000000,0.000000,0.000000,0.000000,0,0,3.347031,3.141449,0.161351,0.000000,-22.502990,1.636422,44.831410,352.684800,134.906500,4.863327,104.047200,98.172010,0.300000,1000.000000,0.900730,2468,2740,50.000000,off
1767081135364,2025-12-30 15:52:15.364,1028.922000,6.796204,23,10,2,-0.000061,0.008426,-0.046165,0.076843,0.112289,0.990692,-22.535150,1.638769,44.865320,0.640760,0.241936,-0.728614,0.000000,0.000000,0.000000,0.000000,0,0,3.347031,3.141449,0.161351,0.000000,-22.502390,1.636247,44.831820,352.778600,134.702400,4.813066,104.047200,98.172010,0.300000,1000.000000,0.900730,2468,2740,50.000000,off
1767081135375,2025-12-30 15:52:15.375,1028.933000,6.807190,23,10,2,-0.000257,0.008324,-0.045862,0.068985,0.110260,0.991501,-22.534320,1.638602,44.865490,0.648426,0.237253,-0.723357,0.000000,0.000000,0.000000,0.000000,0,0,3.257660,3.185791,0.010085,0.000000,-22.501860,1.636059,44.832140,352.900400,134.608200,4.750823,104.047200,98.172010,0.300000,1000.000000,0.900730,2468,2740,50.000000,off
1767081135386,2025-12-30 15:52:15.386,1028.944000,6.818420,23,10,2,0.012803,0.008538,-0.045210,0.056671,0.087387,0.994553,-22.542690,1.639827,44.856090,0.660943,0.211578,-0.719981,0.000000,0.000000,0.000000,0.000000,0,0,2.976105,3.260223,2.550305,0.000000,-22.501420,1.635824,44.832400,353.038600,134.552900,4.672557,104.047200,98.172010,0.300000,1000.000000,0.900730,2468,2740,50.000000,off
1767081135397,2025-12-30 15:52:15.397,1028.955000,6.829529,23,10,2,0.021674,0.008723,-0.044766,0.057877,0.118240,0.991287,-22.548330,1.640626,44.849720,0.656591,0.238735,-0.715455,0.000000,0.000000,0.000000,0.000000,0,0,3.190155,3.252136,0.645373,0.000000,-22.501120,1.635552,44.832520,353.216600,134.611600,4.604332,104.047200,98.172010,0.300000,1000.000000,0.900730,2468,2740,50.000000,off
1767081135408,2025-12-30 15:52:15.408,1028.966000,6.840515,23,10,2,0.021674,0.008723,-0.044766,0.057877,0.118240,0.991287,-22.548080,1.640452,44.849860,0.655536,0.235412,-0.717520,0.000000,0.000000,0.000000,0.000000,0,0,3.190155,3.252136,0.645373,0.000000,-22.500930,1.635241,44.832580,353.410400,134.736000,4.555764,104.047200,98.172010,0.300000,1000.000000,0.900730,2468,2740,50.000000,off
1767081135419,2025-12-30 15:52:15.420,1028.977000,6.851746,23,10,2,0.025610,0.008749,-0.044426,0.057419,0.133560,0.989365,-22.550550,1.640549,44.846930,0.652124,0.246314,-0.716967,0.000000,0.000000,0.000000,0.000000,0,0,3.173248,3.186020,0.637576,0.000000,-22.500910,1.634794,44.832480,353.646100,134.948300,4.515804,104.047200,98.172010,0.300000,1000.000000,0.900730,2468,2740,50.000000,off
1767081135431,2025-12-30 15:52:15.431,1028.988000,6.862854,23,10,2,0.020885,0.008542,-0.044295,0.077347,0.101440,0.991821,-22.547040,1.639773,44.850200,0.637728,0.212051,-0.740486,0.000000,0.000000,0.000000,0.000000,0,0,3.190079,3.118393,164.219500,0.000000,-22.500940,1.634398,44.832380,353.894100,135.203300,4.471776,104.047200,98.172010,0.300000,1000.000000,0.900730,2468,2740,50.000000,off
1767081135442,2025-12-30 15:52:15.442,1028.999000,6.873840,23,10,2,0.020885,0.008542,-0.044295,0.077347,0.101440,0.991821,-22.547130,1.639485,44.850200,0.634284,0.207848,-0.744624,0.000000,0.000000,0.000000,0.000000,0,0,3.190079,3.118393,164.219500,0.000000,-22.501140,1.633936,44.832150,354.137500,135.512600,4.421197,104.047200,98.172010,0.300000,1000.000000,0.900730,2468,2740,50.000000,off
1767081135453,2025-12-30 15:52:15.453,1029.010000,6.884949,23,10,2,-0.003285,0.007959,-0.046016,0.114380,0.132248,0.984589,-22.530880,1.636695,44.868030,0.597441,0.236721,-0.766169,0.000000,0.000000,0.000000,0.000000,0,0,3.360626,3.072311,2.565808,0.000000,-22.501270,1.633572,44.831900,354.351600,135.903900,4.324471,104.047200,98.172010,0.300000,1000.000000,0.900730,2468,2740,50.000000,off
1767081135464,2025-12-30 15:52:15.464,1029.022000,6.896179,23,10,2,0.025610,0.008749,-0.044426,0.057419,0.133560,0.989365,-22.550750,1.639568,44.847080,0.637107,0.230877,-0.735369,0.000000,0.000000,0.000000,0.000000,0,0,3.173248,3.186020,0.633639,0.000000,-22.501500,1.633230,44.831580,354.543800,136.301100,4.223125,104.047200,98.172010,0.300000,1000.000000,0.900730,2468,2740,50.000000,off
1767081135475,2025-12-30 15:52:15.475,1029.033000,6.907166,23,10,2,0.020885,0.008542,-0.044295,0.077347,0.101440,0.991821,-22.547420,1.638829,44.850240,0.618462,0.197073,-0.760690,0.000000,0.000000,0.000000,0.000000,0,0,3.190079,3.118393,2.565746,0.000000,-22.501870,1.632908,44.831260,354.747800,136.801200,4.115103,104.047200,98.172010,0.300000,1000.000000,0.900730,2468,2740,50.000000,off
1767081135486,2025-12-30 15:52:15.486,1029.044000,6.918396,23,10,2,0.020885,0.008542,-0.044295,0.077347,0.101440,0.991821,-22.547610,1.638680,44.850240,0.612023,0.194210,-0.766612,0.000000,0.000000,0.000000,0.000000,0,0,3.190079,3.118393,2.565746,0.000000,-22.502220,1.632669,44.830890,354.908000,137.302200,4.010230,104.047200,98.172010,0.300000,1000.000000,0.900730,2468,2740,50.000000,off
1767081135497,2025-12-30 15:52:15.497,1029.055000,6.929504,23,10,2,-0.007715,0.007820,-0.046224,0.114319,0.088593,0.989471,-22.527910,1.635679,44.870670,0.576786,0.181312,-0.796502,0.000000,0.000000,0.000000,0.000000,0,0,3.324631,2.892731,0.649265,0.000000,-22.502640,1.632425,44.830570,355.044700,137.785200,3.921072,104.047200,98.172010,0.300000,1000.000000,0.900730,2468,2740,50.000000,off
1767081135508,2025-12-30 15:52:15.508,1029.066000,6.940491,23,10,2,-0.001291,0.008010,-0.046111,0.116730,0.109238,0.987122,-22.532730,1.636237,44.866230,0.566531,0.199663,-0.799465,0.000000,0.000000,0.000000,0.000000,0,0,3.278976,2.890106,0.040092,0.000000,-22.503080,1.632249,44.830220,355.163000,138.283500,3.858105,104.047200,98.172010,0.300000,1000.000000,0.900730,2468,2740,50.000000,off
1767081135520,2025-12-30 15:52:15.520,1029.077000,6.951599,23,10,2,-0.001291,0.008010,-0.046111,0.116730,0.109238,0.987122,-22.532870,1.636147,44.866120,0.560037,0.198418,-0.804337,0.000000,0.000000,0.000000,0.000000,0,0,3.278976,2.890106,0.040092,0.000000,-22.503520,1.632101,44.829880,355.233100,138.756100,3.829108,104.047200,98.172010,0.300000,1000.000000,0.900730,2468,2740,50.000000,off
1767081135531,2025-12-30 15:52:15.531,1029.088000,6.962830,23,10,2,0.007233,0.008223,-0.045611,0.123001,0.138626,0.982666,-22.539230,1.636961,44.860140,0.546196,0.226600,-0.806413,-18.544480,3.294264,38.962220,7.313694,Target25,Target,3.290161,3.038971,0.040096,0.000000,-22.504020,1.632039,44.829550,355.299200,139.201800,3.844575,104.047200,98.172010,0.300000,1000.000000,0.900730,2468,2740,50.000000,off
1767081135542,2025-12-30 15:52:15.542,1029.099000,6.974060,23,10,2,0.018034,0.008487,-0.044939,0.117554,0.164124,0.979401,-22.547160,1.637971,44.852690,0.542896,0.250538,-0.801546,-18.566400,3.475030,38.975390,7.332383,Target25,Target,3.288940,3.144165,0.040096,0.000000,-22.504350,1.631966,44.829280,355.347900,139.589800,3.862000,104.047200,98.172010,0.300000,1000.000000,0.900730,2468,2740,50.000000,off
1767081135553,2025-12-30 15:52:15.553,1029.111000,6.985291,23,10,2,0.012690,0.008491,-0.045512,0.108978,0.160400,0.981003,-22.543650,1.637573,44.856560,0.545916,0.245869,-0.800934,0.000000,0.000000,0.000000,0.000000,0,0,3.251953,3.127716,41.056830,0.000000,-22.504720,1.631932,44.829050,355.382600,139.929800,3.899976,104.047200,98.172010,0.300000,1000.000000,0.900730,2468,2740,50.000000,off
1767081135564,2025-12-30 15:52:15.564,1029.121000,6.996033,23,10,2,0.012690,0.008491,-0.045512,0.108978,0.160400,0.981003,-22.543740,1.637544,44.856660,0.541666,0.245602,-0.803896,-18.590810,3.429878,38.990060,7.297607,Target25,Target,3.251953,3.127716,41.056830,0.000000,-22.504960,1.631888,44.828940,355.399300,140.237700,3.907903,104.047200,98.172010,0.300000,1000.000000,0.900730,2468,2740,50.000000,off
1767081135575,2025-12-30 15:52:15.575,1029.133000,7.007385,23,10,2,0.022153,0.008758,-0.044760,0.060226,0.191711,0.979599,-22.550620,1.638560,44.850200,0.574910,0.273002,-0.771326,0.000000,0.000000,0.000000,0.000000,0,0,3.350922,3.123459,10.325980,0.000000,-22.505120,1.631937,44.828840,355.416100,140.491300,3.868474,104.047200,98.172010,0.300000,1000.000000,0.900730,2468,2740,50.000000,off
1767081135586,2025-12-30 15:52:15.586,1029.144000,7.018250,23,10,2,0.018034,0.008487,-0.044939,0.117554,0.164124,0.979401,-22.547590,1.638041,44.852950,0.526397,0.249305,-0.812855,-18.852760,3.387932,39.147460,7.019011,Target25,Target,3.288940,3.144165,672.893900,0.000000,-22.505260,1.632004,44.828690,355.413700,140.763100,3.793038,104.047200,98.172010,0.300000,1000.000000,0.900730,2468,2740,50.000000,off
1767081135598,2025-12-30 15:52:15.598,1029.155000,7.029602,23,10,2,0.018034,0.008487,-0.044939,0.117554,0.164124,0.979401,-22.547640,1.638047,44.853040,0.522576,0.249398,-0.815289,-18.914190,3.372103,39.184360,6.952899,Target25,Target,3.288940,3.144165,672.893900,0.000000,-22.505410,1.632056,44.828600,355.396500,141.012300,3.687961,104.047200,98.172010,0.300000,1000.000000,0.900730,2468,2740,50.000000,off
1767081135609,2025-12-30 15:52:15.609,1029.166000,7.040710,23,10,2,0.012690,0.008491,-0.045512,0.108978,0.160400,0.981003,-22.543850,1.637715,44.856890,0.526038,0.245452,-0.814253,-18.856980,3.358026,39.149990,7.008647,Target25,Target,3.251953,3.127716,664.878100,0.000000,-22.505540,1.632152,44.828500,355.373500,141.286900,3.566262,104.047200,98.172010,0.300000,1000.000000,0.900730,2468,2740,50.000000,off
1767081135620,2025-12-30 15:52:15.620,1029.177000,7.051697,23,10,2,0.017699,0.008775,-0.045284,0.052948,0.180481,0.982147,-22.547520,1.638377,44.853750,0.566044,0.262655,-0.781407,0.000000,0.000000,0.000000,0.000000,0,0,3.336823,3.214096,41.307800,0.000000,-22.505550,1.632272,44.828410,355.332200,141.585800,3.446381,104.047200,98.172010,0.300000,1000.000000,0.900730,2468,2740,50.000000,off
1767081135631,2025-12-30 15:52:15.631,1029.188000,7.062683,23,10,2,0.017699,0.008775,-0.045284,0.052948,0.180481,0.982147,-22.547510,1.638429,44.853840,0.561153,0.263179,-0.784751,0.000000,0.000000,0.000000,0.000000,0,0,3.336823,3.214096,41.307800,0.000000,-22.505670,1.632382,44.828260,355.296800,141.918400,3.347517,104.047200,98.172010,0.300000,1000.000000,0.900730,2468,2740,50.000000,off
1767081135642,2025-12-30 15:52:15.642,1029.199000,7.073914,23,10,2,0.008888,0.008666,-0.045687,0.075836,0.187805,0.979263,-22.540820,1.637845,44.859640,0.535179,0.271901,-0.799770,-18.628070,3.625738,39.012440,7.311016,Target25,Target,3.416916,3.241974,656.909200,0.000000,-22.505900,1.632485,44.828120,355.271000,142.337000,3.265483,104.047200,98.172010,0.300000,1000.000000,0.900730,2468,2740,50.000000,off
1767081135653,2025-12-30 15:52:15.653,1029.211000,7.085266,23,10,2,0.015803,0.008836,-0.045205,0.042236,0.155975,0.986847,-22.546090,1.638525,44.855210,0.560202,0.239092,-0.793087,0.000000,0.000000,0.000000,0.000000,0,0,3.142166,3.306641,10637.800000,0.000000,-22.506200,1.632584,44.827930,355.260900,142.792200,3.217897,104.047200,98.172010,0.300000,1000.000000,0.900730,2468,2740,50.000000,off
1767081135664,2025-12-30 15:52:15.664,1029.221000,7.096008,23,10,2,0.012085,0.008842,-0.045428,0.032425,0.182785,0.982605,-22.543420,1.638406,44.857690,0.558723,0.264925,-0.785887,0.000000,0.000000,0.000000,0.000000,0,0,3.204697,3.288528,41.309780,0.000000,-22.506590,1.632697,44.827700,355.256500,143.266800,3.174368,104.047200,98.172010,0.300000,1000.000000,0.900730,2468,2740,50.000000,off
1767081135675,2025-12-30 15:52:15.675,1029.233000,7.107117,23,10,2,0.012085,0.008842,-0.045428,0.032425,0.182785,0.982605,-22.543640,1.638477,44.857840,0.550696,0.264894,-0.791543,0.000000,0.000000,0.000000,0.000000,0,0,3.204697,3.288528,41.309780,0.000000,-22.507110,1.632771,44.827480,355.257900,143.846400,3.154113,104.047200,98.172010,0.300000,1000.000000,0.900730,2468,2740,50.000000,off
1767081135686,2025-12-30 15:52:15.686,1029.244000,7.118225,23,10,2,-0.027317,0.008110,-0.047727,0.065506,0.180786,0.981323,-22.513100,1.635502,44.882450,0.514481,0.264678,-0.815613,-18.921610,3.483163,39.188820,6.980687,Target25,Target,3.240662,3.236771,10.326220,0.000000,-22.507680,1.632868,44.827190,355.252700,144.455100,3.130148,104.047200,98.172010,0.300000,1000.000000,0.900730,2468,2740,50.000000,off
1767081135697,2025-12-30 15:52:15.697,1029.255000,7.129578,23,10,2,0.015803,0.008836,-0.045205,0.042236,0.155975,0.986847,-22.547120,1.638879,44.855830,0.526432,0.239352,-0.815818,-18.870490,3.310530,39.158110,6.983984,Target25,Target,3.142166,3.306641,10.326710,0.000000,-22.508380,1.632988,44.826930,355.241200,145.173900,3.091882,104.047200,98.172010,0.300000,1000.000000,0.900730,2468,2740,50.000000,off
1767081135709,2025-12-30 15:52:15.709,1029.266000,7.140564,23,10,2,0.012085,0.008842,-0.045428,0.032425,0.182785,0.982605,-22.544520,1.638768,44.858260,0.521132,0.265431,-0.811136,-18.889780,3.500257,39.169700,7.012986,Target25,Target,3.204697,3.288528,10.326710,0.000000,-22.509110,1.633110,44.826600,355.223700,145.935100,3.055346,104.047200,98.172010,0.300000,1000.000000,0.900730,2468,2740,50.000000,off
1767081135720,2025-12-30 15:52:15.720,1029.277000,7.151672,23,10,2,0.012085,0.008842,-0.045428,0.032425,0.182785,0.982605,-22.544930,1.638841,44.858450,0.508470,0.265680,-0.819052,-19.086850,3.445721,39.288110,6.800870,Target25,Target,3.204697,3.288528,10.326710,0.000000,-22.510010,1.633204,44.826250,355.207800,146.813800,3.010311,104.047200,98.172010,0.300000,1000.000000,0.900730,2468,2740,50.000000,off
1767081135731,2025-12-30 15:52:15.731,1029.288000,7.162903,23,10,2,-0.022946,0.008147,-0.047375,0.046738,0.173386,0.983734,-22.516760,1.636229,44.878700,0.483912,0.257984,-0.836214,-19.385290,3.305686,39.467430,6.471093,Target25,Target,3.343475,3.178284,10.451710,0.000000,-22.510960,1.633306,44.825840,355.158000,147.706800,2.971714,104.047200,98.172010,0.300000,1000.000000,0.900730,2468,2740,50.000000,off
1767081135742,2025-12-30 15:52:15.742,1029.299000,7.173889,23,10,2,-0.014146,0.008328,-0.047069,0.030884,0.186035,0.982040,-22.524330,1.637002,44.873670,0.481574,0.270500,-0.833596,-19.409520,3.386590,39.481990,6.467871,Target25,Target,3.227676,3.118729,660.940600,0.000000,-22.512080,1.633452,44.825480,355.104000,148.714300,2.926886,104.047200,98.172010,0.300000,1000.000000,0.900730,2468,2740,50.000000,off
1767081135753,2025-12-30 15:52:15.753,1029.311000,7.185120,23,10,2,-0.014146,0.008328,-0.047069,0.030884,0.186035,0.982040,-22.524620,1.637227,44.873540,0.465698,0.271603,-0.842214,-19.610000,3.337084,39.602450,6.258504,Target25,Target,3.227676,3.118729,660.940600,0.000000,-22.513260,1.633718,44.825130,355.037000,149.777400,2.867153,104.047200,98.172010,0.300000,1000.000000,0.900730,2468,2740,50.000000,off
1767081135764,2025-12-30 15:52:15.764,1029.322000,7.196228,23,10,2,-0.014079,0.008933,-0.049158,0.155151,0.182221,0.970932,-22.525990,1.637928,44.875220,0.334637,0.274380,-0.901509,-20.843970,3.017066,40.343890,5.026339,Target25,Target,3.434891,3.323853,660.940600,0.000000,-22.514480,1.634053,44.824750,354.941600,150.892800,2.771818,104.047200,98.172010,0.300000,1000.000000,0.900730,2468,2740,50.000000,off
1767081135775,2025-12-30 15:52:15.775,1029.333000,7.207336,23,10,2,-0.030916,0.009841,-0.054515,0.313522,0.142471,0.938828,-22.513980,1.638045,44.887720,0.158642,0.241089,-0.957445,-21.862500,2.628102,40.955890,4.106575,Target25,Target,3.469604,3.105331,41.556820,0.000000,-22.515980,1.634598,44.824410,354.792600,152.166400,2.596224,104.047200,98.172010,0.300000,1000.000000,0.900730,2468,2740,50.000000,off
1767081135786,2025-12-30 15:52:15.786,1029.344000,7.218445,23,10,2,-0.000148,0.010547,-0.053617,0.415009,0.137604,0.899338,-22.541210,1.640627,44.872890,0.027832,0.238264,-0.970789,-22.438840,2.516999,41.302190,3.678108,Target25,Target,3.516525,3.004272,10.452440,0.000000,-22.517430,1.635164,44.824000,354.625400,153.455400,2.378104,104.047200,98.172010,0.300000,1000.000000,0.900730,2468,2740,50.000000,off
1767081135797,2025-12-30 15:52:15.798,1029.355000,7.229431,23,10,2,-0.000148,0.010547,-0.053617,0.415009,0.137604,0.899338,-22.541690,1.641033,44.873110,0.002951,0.240147,-0.970719,-22.531000,2.510749,41.357560,3.621548,Target25,Target,3.516525,3.004272,10.452440,0.000000,-22.519080,1.635789,44.823640,354.391800,154.868800,2.138237,104.047200,98.172010,0.300000,1000.000000,0.900730,2468,2740,50.000000,off
1767081135809,2025-12-30 15:52:15.809,1029.366000,7.240662,23,10,2,-0.028675,0.008769,-0.050833,0.625076,0.136139,0.768585,-22.514930,1.638941,44.881940,-0.266877,0.234197,-0.934829,-23.376110,2.394667,41.865360,3.226850,Target25,Target,3.794449,3.484009,668.893700,0.000000,-22.520790,1.636338,44.823280,354.168900,156.295200,1.912431,104.047200,98.172010,0.300000,1000.000000,0.900730,2468,2740,50.000000,off
1767081135820,2025-12-30 15:52:15.820,1029.377000,7.251770,23,10,2,-0.030916,0.009841,-0.054515,0.313522,0.142471,0.938828,-22.514660,1.639872,44.885850,0.060636,0.249902,-0.966367,-22.283960,2.590669,41.209130,3.804667,Target25,Target,3.469604,3.105331,0.641482,0.000000,-22.522710,1.636761,44.822990,353.955900,157.795300,1.733999,104.047200,98.172010,0.300000,1000.000000,0.900730,2468,2740,50.000000,off
1767081135831,2025-12-30 15:52:15.831,1029.388000,7.262756,23,10,2,-0.030916,0.009841,-0.054515,0.313522,0.142471,0.938828,-22.514980,1.640072,44.885450,0.035256,0.251891,-0.967109,-22.383130,2.582081,41.268710,3.739727,Target25,Target,3.469604,3.105331,0.641482,0.000000,-22.524610,1.637054,44.822820,353.791400,159.267700,1.613894,104.047200,98.172010,0.300000,1000.000000,0.900730,2468,2740,50.000000,off
1767081135842,2025-12-30 15:52:15.842,1029.399000,7.273987,23,10,2,-0.000148,0.010547,-0.053617,0.415009,0.137604,0.899338,-22.544150,1.641799,44.874350,-0.098816,0.246501,-0.964079,-22.882940,2.486923,41.569030,3.428432,Target25,Target,3.516525,3.004272,0.645297,0.000000,-22.526600,1.637213,44.822800,353.694100,160.746500,1.527842,104.047200,98.172010,0.300000,1000.000000,0.900730,2468,2740,50.000000,off
1767081135853,2025-12-30 15:52:15.853,1029.411000,7.285095,23,10,2,-0.031466,0.010510,-0.057413,0.530701,0.070877,0.844574,-22.516160,1.640601,44.887920,-0.249756,0.177303,-0.951923,-23.318310,2.210047,41.830620,3.211661,Target25,Target,3.648788,3.135834,0.160371,0.000000,-22.528600,1.637309,44.822870,353.644200,162.204700,1.454589,104.047200,98.172010,0.300000,1000.000000,0.900730,2468,2740,50.000000,off
1767081135864,2025-12-30 15:52:15.864,1029.422000,7.296082,23,10,2,-0.030870,0.009987,-0.055581,0.500549,0.079666,0.862030,-22.516610,1.640360,44.885660,-0.239947,0.187063,-0.952589,-23.290370,2.243583,41.813840,3.224701,Target25,Target,3.538635,3.176270,0.649265,0.000000,-22.530610,1.637362,44.822910,353.606100,163.643500,1.372718,104.047200,98.172010,0.300000,1000.000000,0.900730,2468,2740,50.000000,off
1767081135875,2025-12-30 15:52:15.875,1029.433000,7.307190,23,10,2,-0.030870,0.009987,-0.055581,0.500549,0.079666,0.862030,-22.517240,1.640281,44.885540,-0.264111,0.186317,-0.946321,-23.362440,2.236530,41.857140,3.200171,Target25,Target,3.538635,3.176270,0.649265,0.000000,-22.532820,1.637235,44.823170,353.624500,165.098400,1.318005,104.047200,98.172010,0.300000,1000.000000,0.900730,2468,2740,50.000000,off
1767081135886,2025-12-30 15:52:15.886,1029.444000,7.318298,23,10,2,-0.031134,0.009147,-0.052905,0.494202,0.081894,0.865479,-22.516820,1.639683,44.882680,-0.281153,0.188105,-0.941045,-23.411870,2.238520,41.886840,3.183513,Target25,Target,3.548416,3.308395,0.161340,0.000000,-22.534850,1.637139,44.823350,353.641100,166.554000,1.269034,104.047200,98.172010,0.300000,1000.000000,0.900730,2468,2740,50.000000,off
1767081135897,2025-12-30 15:52:15.897,1029.455000,7.329529,23,10,2,-0.030678,0.008459,-0.051082,0.388107,0.104767,0.915634,-22.517500,1.639071,44.880630,-0.191217,0.212569,-0.958248,-23.146700,2.338529,41.727510,3.290488,Target25,Target,3.464615,3.131668,0.160367,0.000000,-22.536990,1.636916,44.823730,353.744300,168.039400,1.288955,104.047200,98.172010,0.300000,1000.000000,0.900730,2468,2740,50.000000,off
1767081135909,2025-12-30 15:52:15.909,1029.466000,7.340515,23,10,2,-0.030678,0.008459,-0.051082,0.388107,0.104767,0.915634,-22.518110,1.638908,44.880450,-0.215461,0.211024,-0.953434,-23.220590,2.326922,41.771910,3.260350,Target25,Target,3.464615,3.131668,0.160367,0.000000,-22.539050,1.636667,44.824070,353.850200,169.499000,1.306157,104.047200,98.172010,0.300000,1000.000000,0.900730,2468,2740,50.000000,off
1767081135920,2025-12-30 15:52:15.920,1029.477000,7.351624,23,10,2,-0.030334,0.008080,-0.049807,0.340271,0.114761,0.933289,-22.518770,1.638461,44.879120,-0.189205,0.219033,-0.957188,-23.142270,2.360250,41.724850,3.295321,Target25,Target,3.437836,3.287521,0.645312,0.000000,-22.541000,1.636315,44.824650,354.043300,170.948400,1.366192,104.047200,98.172010,0.300000,1000.000000,0.900730,2468,2740,50.000000,off
1767081135931,2025-12-30 15:52:15.931,1029.488000,7.362732,23,10,2,-0.031134,0.009147,-0.052905,0.494202,0.081894,0.865479,-22.519020,1.639006,44.882270,-0.374461,0.180776,-0.909447,-23.684840,2.201823,42.050860,3.113328,Target25,Target,3.548416,3.308395,0.000626,0.000000,-22.542990,1.636002,44.825110,354.229800,172.363300,1.434402,104.047200,98.172010,0.300000,1000.000000,0.900730,2468,2740,50.000000,off
1767081135942,2025-12-30 15:52:15.942,1029.499000,7.373840,23,10,2,-0.030483,0.007970,-0.049448,0.366608,0.120621,0.922516,-22.519750,1.637958,44.878740,-0.261838,0.219115,-0.939902,-23.361640,2.342480,41.856660,3.215291,Target25,Target,3.495163,3.225449,0.009900,0.000000,-22.544780,1.635629,44.825770,354.442100,173.709200,1.532189,104.047200,98.172010,0.300000,1000.000000,0.900730,2468,2740,50.000000,off
1767081135953,2025-12-30 15:52:15.953,1029.510000,7.384949,23,10,2,-0.030483,0.007970,-0.049448,0.366608,0.120621,0.922516,-22.520260,1.637669,44.878810,-0.282564,0.217100,-0.934351,-23.423060,2.331304,41.893560,3.194979,Target25,Target,3.495163,3.225449,0.009900,0.000000,-22.546500,1.635255,44.826440,354.626100,174.999700,1.673892,104.047200,98.172010,0.300000,1000.000000,0.900730,2468,2740,50.000000,off
1767081135964,2025-12-30 15:52:15.964,1029.521000,7.396057,23,10,2,-0.029921,0.007901,-0.049169,0.330185,0.109421,0.937546,-22.521170,1.637327,44.878700,-0.266057,0.204537,-0.942001,-23.372810,2.292047,41.863370,3.200965,Target25,Target,3.360992,3.322266,2.597118,0.000000,-22.548040,1.634872,44.827260,354.781700,176.282400,1.804431,104.047200,98.172010,0.300000,1000.000000,0.900730,2468,2740,50.000000,off
1767081135975,2025-12-30 15:52:15.975,1029.533000,7.407166,23,10,2,-0.021073,0.007904,-0.048458,0.272369,0.119858,0.954681,-22.530370,1.637487,44.877720,-0.227520,0.213752,-0.950007,-23.267450,2.329962,41.800060,3.239564,Target25,Target,3.345047,3.281143,2.597118,0.000000,-22.549570,1.634655,44.827940,354.872300,177.533800,1.925891,104.047200,98.172010,0.300000,1000.000000,0.900730,2468,2740,50.000000,off
1767081135986,2025-12-30 15:52:15.986,1029.544000,7.418396,23,10,2,-0.021073,0.007904,-0.048458,0.272369,0.119858,0.954681,-22.530690,1.637320,44.878070,-0.247988,0.213122,-0.945012,-23.328750,2.323175,41.836890,3.218084,Target25,Target,3.345047,3.281143,2.597118,0.000000,-22.550990,1.634468,44.828740,354.940100,178.786000,2.029102,104.047200,98.172010,0.300000,1000.000000,0.900730,2468,2740,50.000000,off
1767081135997,2025-12-30 15:52:15.997,1029.555000,7.429504,23,10,2,-0.015009,0.007786,-0.047390,0.235535,0.118561,0.964600,-22.537230,1.637601,44.877120,-0.231565,0.210856,-0.949686,-23.284950,2.318457,41.810580,3.228982,Target25,Target,3.359528,3.331284,40.804870,0.000000,-22.552530,1.634535,44.829290,354.987800,180.030700,2.089018,104.047200,98.172010,0.300000,1000.000000,0.900730,2468,2740,50.000000,off
1767081136009,2025-12-30 15:52:16.009,1029.566000,7.440613,23,10,2,-0.021764,0.007814,-0.047787,0.173828,0.107742,0.978851,-22.530860,1.637337,44.877700,-0.190534,0.197984,-0.961496,-23.154210,2.285070,41.732030,3.271605,Target25,Target,3.328903,3.381073,41.302950,0.000000,-22.553930,1.634479,44.829980,355.061400,181.239200,2.133924,104.047200,98.172010,0.300000,1000.000000,0.900730,2468,2740,50.000000,off
1767081136020,2025-12-30 15:52:16.020,1029.577000,7.451599,23,10,2,-0.025049,0.007640,-0.046525,0.058304,0.137451,0.988785,-22.527990,1.637158,44.876530,-0.093592,0.223014,-0.970306,-22.848980,2.402039,41.548630,3.429724,Target25,Target,3.229935,3.126236,10.076220,0.000000,-22.555230,1.634434,44.830690,355.127500,182.385100,2.139697,104.047200,98.172010,0.300000,1000.000000,0.900730,2468,2740,50.000000,off
1767081136031,2025-12-30 15:52:16.031,1029.588000,7.462708,23,10,2,-0.025049,0.007640,-0.046525,0.058304,0.137451,0.988785,-22.528330,1.637087,44.876690,-0.112971,0.221734,-0.968535,-22.912100,2.390324,41.586550,3.397013,Target25,Target,3.229935,3.126236,10.076220,0.000000,-22.556500,1.634312,44.831420,355.204300,183.533300,2.165960,104.047200,98.172010,0.300000,1000.000000,0.900730,2468,2740,50.000000,off
1767081136042,2025-12-30 15:52:16.042,1029.599000,7.473938,23,10,2,-0.015009,0.007786,-0.047390,0.235535,0.118561,0.964600,-22.538530,1.637405,44.878750,-0.306428,0.206534,-0.929210,-23.506440,2.289782,41.943660,3.158666,Target25,Target,3.359528,3.331284,10.389450,0.000000,-22.557610,1.634125,44.832310,355.262700,184.599600,2.147743,104.047200,98.172010,0.300000,1000.000000,0.900730,2468,2740,50.000000,off
1767081136053,2025-12-30 15:52:16.053,1029.610000,7.484924,23,10,2,-0.021764,0.007814,-0.047787,0.173828,0.107742,0.978851,-22.532080,1.637023,44.878930,-0.263703,0.193415,-0.945001,-23.373470,2.254142,41.863770,3.190610,Target25,Target,3.328903,3.381073,660.831200,0.000000,-22.558750,1.633936,44.833130,355.331900,185.631200,2.130632,104.047200,98.172010,0.300000,1000.000000,0.900730,2468,2740,50.000000,off
1767081136064,2025-12-30 15:52:16.064,1029.621000,7.496033,23,10,2,-0.023357,0.007701,-0.046419,0.034134,0.149414,0.988174,-22.530930,1.636876,44.877660,-0.141198,0.229665,-0.962962,-23.005290,2.408446,41.642550,3.359511,Target25,Target,3.288940,3.238861,0.649234,0.000000,-22.559820,1.633797,44.833900,355.380200,186.655500,2.098621,104.047200,98.172010,0.300000,1000.000000,0.900730,2468,2740,50.000000,off
1767081136075,2025-12-30 15:52:16.075,1029.633000,7.507263,23,10,2,-0.023357,0.007701,-0.046419,0.034134,0.149414,0.988174,-22.531220,1.636775,44.878080,-0.157605,0.228800,-0.960619,-23.056960,2.400020,41.673590,3.335818,Target25,Target,3.288940,3.238861,0.649234,0.000000,-22.560840,1.633642,44.834810,355.430200,187.626600,2.067421,104.047200,98.172010,0.300000,1000.000000,0.900730,2468,2740,50.000000,off
1767081136086,2025-12-30 15:52:16.086,1029.644000,7.518250,23,10,2,-0.011310,0.007971,-0.046064,-0.026871,0.133957,0.990616,-22.543490,1.637457,44.879880,-0.115095,0.210935,-0.970694,-22.932530,2.350442,41.598820,3.380094,Target25,Target,3.154053,3.298889,165.223400,0.000000,-22.561910,1.633563,44.835620,355.458900,188.614700,2.031225,104.047200,98.172010,0.300000,1000.000000,0.900730,2468,2740,50.000000,off
1767081136097,2025-12-30 15:52:16.097,1029.655000,7.529358,23,10,2,0.005632,0.008336,-0.045754,-0.041641,0.125198,0.991242,-22.560520,1.638415,44.883050,-0.117155,0.201139,-0.972516,-22.954560,2.314932,41.612060,3.363373,Target25,Target,3.114746,3.161835,2.565930,0.000000,-22.562950,1.633506,44.836520,355.493900,189.563800,2.031762,104.047200,98.172010,0.300000,1000.000000,0.900730,2468,2740,50.000000,off
1767081136109,2025-12-30 15:52:16.109,1029.666000,7.540466,23,10,2,0.005632,0.008336,-0.045754,-0.041641,0.125198,0.991242,-22.560710,1.638459,44.883770,-0.133429,0.200445,-0.970560,-23.006220,2.307739,41.643100,3.338908,Target25,Target,3.114746,3.161835,2.565930,0.000000,-22.563920,1.633517,44.837290,355.534800,190.521300,2.024971,104.047200,98.172010,0.300000,1000.000000,0.900730,2468,2740,50.000000,off
1767081136120,2025-12-30 15:52:16.120,1029.677000,7.551575,23,10,2,-0.003004,0.008188,-0.046481,0.102951,0.127289,0.986496,-22.552340,1.638052,44.883560,-0.288950,0.206364,-0.934825,-23.468160,2.292118,41.920670,3.169433,Target25,Target,3.214996,3.187881,168.223500,0.000000,-22.564870,1.633575,44.838180,355.591900,191.411600,2.073512,104.047200,98.172010,0.300000,1000.000000,0.900730,2468,2740,50.000000,off
1767081136131,2025-12-30 15:52:16.131,1029.688000,7.562683,23,10,2,0.001249,0.008210,-0.046850,0.226502,0.043549,0.973023,-22.556810,1.638320,44.885330,-0.425350,0.125997,-0.896200,-23.853890,2.022538,42.152430,3.049392,Target25,Target,3.304886,3.153275,168.223400,0.000000,-22.565960,1.633676,44.838870,355.615600,192.294200,2.085731,104.047200,98.172010,0.300000,1000.000000,0.900730,2468,2740,50.000000,off
1767081136142,2025-12-30 15:52:16.142,1029.699000,7.573792,23,10,2,0.005632,0.008336,-0.045754,-0.041641,0.125198,0.991242,-22.561530,1.638722,44.886060,-0.177207,0.198216,-0.963990,-23.142610,2.288690,41.725060,3.279032,Target25,Target,3.114746,3.161835,2.550244,0.000000,-22.566860,1.633670,44.839790,355.661000,193.119900,2.115772,104.047200,98.172010,0.300000,1000.000000,0.900730,2468,2740,50.000000,off
1767081136153,2025-12-30 15:52:16.153,1029.710000,7.585022,23,10,2,0.005632,0.008336,-0.045754,-0.041641,0.125198,0.991242,-22.561770,1.638754,44.886800,-0.190253,0.197378,-0.961673,-23.182530,2.282763,41.749040,3.262766,Target25,Target,3.114746,3.161835,2.550244,0.000000,-22.567720,1.633661,44.840610,355.709400,193.895700,2.129978,104.047200,98.172010,0.300000,1000.000000,0.900730,2468,2740,50.000000,off
1767081136164,2025-12-30 15:52:16.164,1029.721000,7.596008,23,10,2,-0.003004,0.008188,-0.046481,0.102951,0.127289,0.986496,-22.553400,1.638117,44.886250,-0.341093,0.203781,-0.917663,-23.621460,2.276215,42.012780,3.131258,Target25,Target,3.214996,3.187881,0.637561,0.000000,-22.568470,1.633513,44.841660,355.752600,194.640200,2.159616,104.047200,98.172010,0.300000,1000.000000,0.900730,2468,2740,50.000000,off
1767081136175,2025-12-30 15:52:16.175,1029.733000,7.607117,23,10,2,-0.023556,0.007773,-0.047698,0.229889,0.049301,0.971954,-22.533460,1.636815,44.882630,-0.474784,0.128854,-0.870604,-23.980790,2.029613,42.228680,3.048357,Target25,Target,3.223831,3.280029,2.550366,0.000000,-22.569150,1.633443,44.842560,355.807000,195.321600,2.163221,104.047200,98.172010,0.300000,1000.000000,0.900730,2468,2740,50.000000,off
1767081136186,2025-12-30 15:52:16.186,1029.744000,7.618225,23,10,2,-0.023556,0.007773,-0.047698,0.229889,0.049301,0.971954,-22.533740,1.636788,44.882980,-0.484960,0.128413,-0.865043,-24.011460,2.028075,42.247110,3.047054,Target25,Target,3.223831,3.280029,2.550366,0.000000,-22.569900,1.633397,44.843330,355.836900,195.993300,2.178879,104.047200,98.172010,0.300000,1000.000000,0.900730,2468,2740,50.000000,off
1767081136197,2025-12-30 15:52:16.197,1029.755000,7.629333,23,10,2,-0.016627,0.007688,-0.046674,0.152054,0.034195,0.987778,-22.540750,1.636973,44.884490,-0.424667,0.110789,-0.898542,-23.836820,1.975098,42.142180,3.051956,Target25,Target,3.133347,3.153915,2.550366,0.000000,-22.570380,1.633289,44.844220,355.878300,196.577100,2.157782,104.047200,98.172010,0.300000,1000.000000,0.900730,2468,2740,50.000000,off
1767081136209,2025-12-30 15:52:16.209,1029.766000,7.640442,23,10,2,-0.023828,0.008034,-0.048632,0.110336,0.027603,0.993500,-22.533320,1.636907,44.884670,-0.395525,0.102734,-0.912679,-23.745580,1.951779,42.087360,3.064909,Target25,Target,3.129868,3.047943,0.000626,0.000000,-22.570800,1.633266,44.844920,355.895000,197.125800,2.135439,104.047200,98.172010,0.300000,1000.000000,0.900730,2468,2740,50.000000,off
1767081136220,2025-12-30 15:52:16.220,1029.777000,7.651550,23,10,2,-0.000731,0.007930,-0.046151,0.082474,0.058090,0.994888,-22.556130,1.637830,44.889710,-0.375072,0.132111,-0.917522,-23.710350,2.044381,42.066190,3.077306,Target25,Target,3.148499,3.043381,0.161355,0.000000,-22.571190,1.633254,44.845600,355.898400,197.589600,2.125275,104.047200,98.172010,0.300000,1000.000000,0.900730,2468,2740,50.000000,off
1767081136231,2025-12-30 15:52:16.231,1029.788000,7.662659,23,10,2,-0.000731,0.007930,-0.046151,0.082474,0.058090,0.994888,-22.556150,1.637847,44.890210,-0.381242,0.132079,-0.914980,-23.728330,2.043940,42.076990,3.074590,Target25,Target,3.148499,3.043381,0.161355,0.000000,-22.571500,1.633269,44.846200,355.900400,197.975400,2.126498,104.047200,98.172010,0.300000,1000.000000,0.900730,2468,2740,50.000000,off
1767081136242,2025-12-30 15:52:16.242,1029.799000,7.673767,23,10,2,-0.018784,0.007490,-0.046454,0.033737,0.060928,0.997559,-22.538920,1.636669,44.885290,-0.341336,0.133539,-0.930393,-23.597950,2.050987,41.998650,3.102566,Target25,Target,3.150452,3.016800,0.641498,0.000000,-22.571720,1.633237,44.846840,355.886900,198.329200,2.145722,104.047200,98.172010,0.300000,1000.000000,0.900730,2468,2740,50.000000,off
1767081136253,2025-12-30 15:52:16.253,1029.810000,7.684875,23,10,2,-0.023828,0.008034,-0.048632,0.110336,0.027603,0.993500,-22.533370,1.636886,44.886130,-0.418867,0.103356,-0.902134,-23.813820,1.952839,42.128360,3.056909,Target25,Target,3.129868,3.047943,0.010084,0.000000,-22.571870,1.633289,44.847370,355.863300,198.602100,2.175291,104.047200,98.172010,0.300000,1000.000000,0.900730,2468,2740,50.000000,off
1767081136264,2025-12-30 15:52:16.264,1029.821000,7.695984,23,10,2,-0.023828,0.008034,-0.048632,0.110336,0.027603,0.993500,-22.533340,1.636911,44.886500,-0.422656,0.103739,-0.900321,-23.825000,1.953943,42.135070,3.056013,Target25,Target,3.129868,3.047943,0.010084,0.000000,-22.572000,1.633339,44.847890,355.843200,198.844400,2.194735,104.047200,98.172010,0.300000,1000.000000,0.900730,2468,2740,50.000000,off
1767081136275,2025-12-30 15:52:16.275,1029.833000,7.707092,23,10,2,-0.000731,0.007930,-0.046151,0.082474,0.058090,0.994888,-22.555910,1.637910,44.892030,-0.398031,0.133843,-0.907544,-23.777560,2.048703,42.106570,3.069194,Target25,Target,3.148499,3.043381,0.010146,0.000000,-22.572100,1.633410,44.848310,355.806400,199.042100,2.228797,104.047200,98.172010,0.300000,1000.000000,0.900730,2468,2740,50.000000,off
1767081136286,2025-12-30 15:52:16.286,1029.844000,7.718079,23,10,2,-0.017046,0.007552,-0.046525,0.021133,0.063309,0.997757,-22.540330,1.636911,44.887320,-0.342960,0.137515,-0.929216,-23.604950,2.063783,42.002850,3.104151,Target25,Target,3.179993,2.996231,0.162328,0.000000,-22.572110,1.633485,44.848710,355.769700,199.180500,2.249529,104.047200,98.172010,0.300000,1000.000000,0.900730,2468,2740,50.000000,off
1767081136298,2025-12-30 15:52:16.298,1029.855000,7.729309,23,10,2,-0.004308,0.007727,-0.045919,-0.014938,0.060577,0.998047,-22.552390,1.637616,44.891340,-0.311635,0.133969,-0.940705,-23.525170,2.055802,41.954920,3.121501,Target25,Target,3.017776,2.949448,0.000623,0.000000,-22.572080,1.633499,44.849130,355.736900,199.329600,2.251659,104.047200,98.172010,0.300000,1000.000000,0.900730,2468,2740,50.000000,off
1767081136309,2025-12-30 15:52:16.309,1029.866000,7.740417,23,10,2,-0.004308,0.007727,-0.045919,-0.014938,0.060577,0.998047,-22.552250,1.637790,44.891580,-0.313510,0.134864,-0.939954,-23.530640,2.058669,41.958210,3.120745,Target25,Target,3.017776,2.949448,0.000623,0.000000,-22.572030,1.633713,44.849400,355.685400,199.445300,2.235653,104.047200,98.172010,0.300000,1000.000000,0.900730,2468,2740,50.000000,off
1767081136320,2025-12-30 15:52:16.320,1029.877000,7.751526,23,10,2,-0.001480,0.007717,-0.045698,-0.043549,0.082047,0.995667,-22.554830,1.638030,44.892670,-0.286824,0.156032,-0.945180,-23.458480,2.129613,41.914850,3.150498,Target25,Target,3.032639,2.949829,0.159379,0.000000,-22.571980,1.633886,44.849780,355.623900,199.591000,2.226347,104.047200,98.172010,0.300000,1000.000000,0.900730,2468,2740,50.000000,off
1767081136331,2025-12-30 15:52:16.331,1029.888000,7.762634,23,10,2,-0.003144,0.007511,-0.045280,-0.051651,0.099823,0.993652,-22.553410,1.638120,44.891960,-0.280066,0.174623,-0.943953,-23.440000,2.190913,41.903740,3.165603,Target25,Target,3.047852,2.985794,0.009962,0.000000,-22.572090,1.634274,44.850090,355.546200,199.754500,2.211086,104.047200,98.172010,0.300000,1000.000000,0.900730,2468,2740,50.000000,off
1767081136341,2025-12-30 15:52:16.341,1029.899000,7.773743,23,10,2,-0.003144,0.007511,-0.045280,-0.051651,0.099823,0.993652,-22.553390,1.638432,44.892190,-0.283212,0.176328,-0.942697,-23.449490,2.196341,41.909450,3.164013,Target25,Target,3.047852,2.985794,0.009962,0.000000,-22.572220,1.634665,44.850380,355.447100,199.951400,2.206578,104.047200,98.172010,0.300000,1000.000000,0.900730,2468,2740,50.000000,off
1767081136353,2025-12-30 15:52:16.353,1029.910000,7.784851,23,10,2,-0.009305,0.007283,-0.045429,-0.081802,0.102264,0.991379,-22.547630,1.638291,44.890380,-0.257417,0.179156,-0.949537,-23.368880,2.209864,41.861010,3.190329,Target25,Target,3.049957,2.884338,0.010084,0.000000,-22.572420,1.635077,44.850650,355.346700,200.163100,2.194440,104.047200,98.172010,0.300000,1000.000000,0.900730,2468,2740,50.000000,off
1767081136364,2025-12-30 15:52:16.364,1029.921000,7.795959,23,10,2,-0.001480,0.007717,-0.045698,-0.043549,0.082047,0.995667,-22.554940,1.639351,44.893570,-0.299917,0.163147,-0.939901,-23.497880,2.152283,41.938520,3.143964,Target25,Target,3.032639,2.949829,0.641482,0.000000,-22.572710,1.635537,44.850900,355.212700,200.407000,2.179287,104.047200,98.172010,0.300000,1000.000000,0.900730,2468,2740,50.000000,off
1767081136375,2025-12-30 15:52:16.375,1029.932000,7.807068,23,10,2,-0.003144,0.007511,-0.045280,-0.051651,0.099823,0.993652,-22.553570,1.639368,44.892900,-0.294336,0.182776,-0.938050,-23.483330,2.216724,41.929780,3.158777,Target25,Target,3.047852,2.985794,0.649280,0.000000,-22.572910,1.635895,44.851300,355.074200,200.648300,2.148371,104.047200,98.172010,0.300000,1000.000000,0.900730,2468,2740,50.000000,off
1767081136386,2025-12-30 15:52:16.386,1029.943000,7.818054,23,10,2,-0.003144,0.007511,-0.045280,-0.051651,0.099823,0.993652,-22.553600,1.639639,44.893100,-0.298570,0.185312,-0.936212,-23.496170,2.224663,41.937500,3.156942,Target25,Target,3.047852,2.985794,0.649280,0.000000,-22.573120,1.636280,44.851570,354.928700,200.913000,2.103263,104.047200,98.172010,0.300000,1000.000000,0.900730,2468,2740,50.000000,off
1767081136397,2025-12-30 15:52:16.397,1029.955000,7.829163,23,10,2,-0.006695,0.007362,-0.045481,-0.096695,0.107590,0.989471,-22.550180,1.639580,44.892320,-0.258736,0.194036,-0.946248,-23.377610,2.260100,41.866260,3.197932,Target25,Target,3.058609,2.869141,0.637576,0.000000,-22.573260,1.636646,44.851990,354.758200,201.171200,2.043436,104.047200,98.172010,0.300000,1000.000000,0.900730,2468,2740,50.000000,off
1767081136408,2025-12-30 15:52:16.408,1029.966000,7.840393,23,10,2,0.016402,0.007764,-0.044578,-0.139999,0.102112,0.984863,-22.571880,1.641144,44.900180,-0.221398,0.189971,-0.956492,-23.286770,2.254560,41.811680,3.228964,Target25,Target,3.028641,2.766617,0.160378,0.000000,-22.573380,1.637071,44.852250,354.568500,201.435200,1.991829,104.047200,98.172010,0.300000,1000.000000,0.900730,2468,2740,50.000000,off
1767081136419,2025-12-30 15:52:16.419,1029.977000,7.851379,23,10,2,0.016402,0.007764,-0.044578,-0.139999,0.102112,0.984863,-22.571850,1.641378,44.900440,-0.225143,0.193239,-0.954962,-23.298410,2.264983,41.818670,3.227092,Target25,Target,3.028641,2.766617,0.160378,0.000000,-22.573540,1.637461,44.852500,354.379000,201.671600,1.969205,104.047200,98.172010,0.300000,1000.000000,0.900730,2468,2740,50.000000,off
1767081136430,2025-12-30 15:52:16.430,1029.988000,7.862488,23,10,2,-0.023549,0.007827,-0.047871,0.048492,0.129013,0.990448,-22.533600,1.640045,44.888730,-0.403791,0.230243,-0.885395,-23.797080,2.360484,42.118300,3.129007,Target25,Target,3.063522,2.881454,0.160378,0.000000,-22.573740,1.637930,44.852780,354.188800,201.927400,2.006197,104.047200,98.172010,0.300000,1000.000000,0.900730,2468,2740,50.000000,off
1767081136442,2025-12-30 15:52:16.442,1029.999000,7.873718,23,10,2,-0.030064,0.008303,-0.049449,0.179504,0.211166,0.960815,-22.526910,1.640333,44.887960,-0.510392,0.317537,-0.799156,-24.157490,2.654785,42.334850,3.194721,Target25,Target,3.040863,2.886108,0.161347,0.000000,-22.573830,1.638376,44.853140,353.953800,202.131400,2.080502,104.047200,98.172010,0.300000,1000.000000,0.900730,2468,2740,50.000000,off
1767081136453,2025-12-30 15:52:16.453,1030.010000,7.884705,23,10,2,-0.030064,0.008303,-0.049449,0.179504,0.211166,0.960815,-22.526830,1.640668,44.888090,-0.511957,0.321496,-0.796567,-24.164930,2.669352,42.339330,3.199648,Target25,Target,3.040863,2.886108,0.161347,0.000000,-22.573870,1.638961,44.853410,353.729500,202.305100,2.184936,104.047200,98.172010,0.300000,1000.000000,0.900730,2468,2740,50.000000,off
1767081136464,2025-12-30 15:52:16.464,1030.021000,7.895935,23,10,2,0.000990,0.008993,-0.048826,0.186554,0.275681,0.942963,-22.555710,1.642959,44.899670,-0.507526,0.388082,-0.769279,-24.222180,2.917234,42.373730,3.283490,Target25,Target,3.076752,3.056870,0.160367,0.000000,-22.574020,1.639537,44.853640,353.479100,202.434500,2.260178,104.047200,98.172010,0.300000,1000.000000,0.900730,2468,2740,50.000000,off
1767081136475,2025-12-30 15:52:16.475,1030.032000,7.906921,23,10,2,-0.026943,0.008488,-0.049598,0.141342,0.214035,0.966538,-22.529550,1.641583,44.889770,-0.480413,0.331724,-0.811878,-24.071830,2.706524,42.283390,3.210294,Target25,Target,3.065811,2.738495,0.039605,0.000000,-22.573940,1.640075,44.853930,353.246000,202.535700,2.318008,104.047200,98.172010,0.300000,1000.000000,0.900730,2468,2740,50.000000,off
1767081136486,2025-12-30 15:52:16.486,1030.043000,7.918030,23,10,2,-0.029033,0.008437,-0.049533,0.151733,0.209656,0.965912,-22.527450,1.641751,44.889090,-0.490174,0.331685,-0.806027,-24.101300,2.706728,42.301090,3.210750,Target25,Target,3.084183,2.835464,0.039605,0.000000,-22.573780,1.640602,44.854160,353.010300,202.590100,2.367704,104.047200,98.172010,0.300000,1000.000000,0.900730,2468,2740,50.000000,off
1767081136497,2025-12-30 15:52:16.497,1030.055000,7.929260,23,10,2,-0.029033,0.008437,-0.049533,0.151733,0.209656,0.965912,-22.527240,1.641988,44.889310,-0.489949,0.334988,-0.804797,-24.102480,2.719011,42.301800,3.215046,Target25,Target,3.084183,2.835464,0.039605,0.000000,-22.573590,1.641028,44.854400,352.811600,202.613100,2.396812,104.047200,98.172010,0.300000,1000.000000,0.900730,2468,2740,50.000000,off
1767081136508,2025-12-30 15:52:16.508,1030.066000,7.940369,23,10,2,0.000990,0.008993,-0.048826,0.186554,0.275681,0.942963,-22.554920,1.644150,44.900550,-0.506983,0.402830,-0.762022,-24.232090,2.976764,42.379680,3.308100,Target25,Target,3.076752,3.056870,0.040336,0.000000,-22.573440,1.641509,44.854550,352.574300,202.632100,2.428197,104.047200,98.172010,0.300000,1000.000000,0.900730,2468,2740,50.000000,off
1767081136519,2025-12-30 15:52:16.519,1030.077000,7.951477,23,10,2,-0.026943,0.008488,-0.049598,0.141342,0.214035,0.966538,-22.528780,1.642541,44.890530,-0.479499,0.346800,-0.806098,-24.077560,2.762707,42.286830,3.229982,Target25,Target,3.065811,2.738495,10.263230,0.000000,-22.573270,1.641900,44.854780,352.340800,202.657600,2.475737,104.047200,98.172010,0.300000,1000.000000,0.900730,2468,2740,50.000000,off
1767081136530,2025-12-30 15:52:16.530,1030.088000,7.962463,23,10,2,-0.026943,0.008488,-0.049598,0.141342,0.214035,0.966538,-22.528570,1.642817,44.890710,-0.478766,0.350674,-0.804857,-24.077500,2.777335,42.286790,3.235226,Target25,Target,3.065811,2.738495,10.263230,0.000000,-22.573060,1.642406,44.854960,352.109900,202.659500,2.535313,104.047200,98.172010,0.300000,1000.000000,0.900730,2468,2740,50.000000,off
1767081136541,2025-12-30 15:52:16.541,1030.099000,7.973572,23,10,2,-0.028635,0.008509,-0.049701,0.143921,0.216034,0.965714,-22.526710,1.642962,44.890380,-0.479736,0.356341,-0.801786,-24.082670,2.798707,42.289900,3.243343,Target25,Target,2.947464,2.768585,2.566113,0.000000,-22.572810,1.642847,44.855210,351.892000,202.651700,2.608588,104.047200,98.172010,0.300000,1000.000000,0.900730,2468,2740,50.000000,off
1767081136553,2025-12-30 15:52:16.553,1030.110000,7.984680,23,10,2,-0.026309,0.008252,-0.048781,0.134460,0.226776,0.964615,-22.528970,1.643123,44.890600,-0.468283,0.370341,-0.802214,-24.056340,2.851041,42.274080,3.261614,Target25,Target,2.915710,2.830643,10.201220,0.000000,-22.572540,1.643270,44.855370,351.657700,202.624700,2.697255,104.047200,98.172010,0.300000,1000.000000,0.900730,2468,2740,50.000000,off
1767081136564,2025-12-30 15:52:16.564,1030.121000,7.995911,23,10,2,-0.026744,0.008533,-0.049915,0.119995,0.188446,0.974716,-22.527890,1.643419,44.891630,-0.461664,0.336832,-0.820605,-24.014610,2.728135,42.249000,3.220313,Target25,Target,3.022400,2.760925,0.649295,0.000000,-22.572320,1.643696,44.855500,351.448100,202.608800,2.779711,104.047200,98.172010,0.300000,1000.000000,0.900730,2468,2740,50.000000,off
1767081136575,2025-12-30 15:52:16.575,1030.132000,8.006775,23,10,2,-0.026744,0.008533,-0.049915,0.119995,0.188446,0.974716,-22.527600,1.643656,44.891890,-0.460506,0.339858,-0.820008,-24.012520,2.739539,42.247750,3.224502,Target25,Target,3.022400,2.760925,0.649295,0.000000,-22.572020,1.644125,44.855740,351.271800,202.573800,2.859184,104.047200,98.172010,0.300000,1000.000000,0.900730,2468,2740,50.000000,off
1767081136586,2025-12-30 15:52:16.586,1030.143000,8.018005,23,10,2,-0.026616,0.008198,-0.049126,0.120606,0.190949,0.974152,-22.527870,1.643708,44.891350,-0.459542,0.345877,-0.818028,-24.012850,2.761386,42.247950,3.231400,Target25,Target,2.892044,2.728333,0.002475,0.000000,-22.571830,1.644597,44.855900,351.058100,202.549900,2.925186,104.047200,98.172010,0.300000,1000.000000,0.900730,2468,2740,50.000000,off
1767081136597,2025-12-30 15:52:16.597,1030.155000,8.029114,23,10,2,-0.026309,0.008252,-0.048781,0.134460,0.226776,0.964615,-22.527930,1.644017,44.891450,-0.463476,0.384554,-0.798309,-24.049790,2.906727,42.270150,3.283555,Target25,Target,2.915710,2.830643,0.010023,0.000000,-22.571460,1.645031,44.856180,350.810700,202.518400,3.001191,104.047200,98.172010,0.300000,1000.000000,0.900730,2468,2740,50.000000,off
1767081136608,2025-12-30 15:52:16.608,1030.166000,8.040222,23,10,2,-0.026744,0.008533,-0.049915,0.119995,0.188446,0.974716,-22.526780,1.644338,44.892520,-0.457021,0.351812,-0.816910,-24.007940,2.784527,42.245000,3.240872,Target25,Target,3.022400,2.760925,0.158410,0.000000,-22.571160,1.645537,44.856350,350.563100,202.496000,3.084848,104.047200,98.172010,0.300000,1000.000000,0.900730,2468,2740,50.000000,off
1767081136619,2025-12-30 15:52:16.619,1030.177000,8.051331,23,10,2,-0.026744,0.008533,-0.049915,0.119995,0.188446,0.974716,-22.526410,1.644540,44.892780,-0.455848,0.355946,-0.815774,-24.006470,2.800229,42.244110,3.246783,Target25,Target,3.022400,2.760925,0.158410,0.000000,-22.570790,1.645989,44.856600,350.316600,202.471100,3.157527,104.047200,98.172010,0.300000,1000.000000,0.900730,2468,2740,50.000000,off
1767081136630,2025-12-30 15:52:16.630,1030.188000,8.062439,23,10,2,-0.025910,0.008154,-0.048987,0.122833,0.189514,0.974152,-22.527170,1.644599,44.892380,-0.456647,0.361641,-0.812812,-24.012840,2.821177,42.247940,3.253398,Target25,Target,2.821152,2.740250,0.040581,0.000000,-22.570360,1.646497,44.856760,350.043900,202.434600,3.249078,104.047200,98.172010,0.300000,1000.000000,0.900730,2468,2740,50.000000,off
1767081136642,2025-12-30 15:52:16.642,1030.199000,8.073547,23,10,2,-0.023144,0.008079,-0.048636,0.108643,0.164459,0.980377,-22.529410,1.644983,44.893400,-0.447619,0.341580,-0.826408,-23.974720,2.747900,42.225030,3.228854,Target25,Target,2.834381,2.726517,0.641467,0.000000,-22.569900,1.646991,44.857030,349.789800,202.401700,3.333284,104.047200,98.172010,0.300000,1000.000000,0.900730,2468,2740,50.000000,off
1767081136653,2025-12-30 15:52:16.653,1030.210000,8.084656,23,10,2,-0.023144,0.008079,-0.048636,0.108643,0.164459,0.980377,-22.529010,1.645192,44.893560,-0.445973,0.346268,-0.825346,-23.971870,2.765471,42.223320,3.235276,Target25,Target,2.834381,2.726517,0.641467,0.000000,-22.569480,1.647472,44.857170,349.510700,202.348100,3.415441,104.047200,98.172010,0.300000,1000.000000,0.900730,2468,2740,50.000000,off
1767081136664,2025-12-30 15:52:16.664,1030.221000,8.095764,23,10,2,-0.004597,0.008005,-0.047119,0.098389,0.175873,0.979477,-22.546220,1.646780,44.899600,-0.433250,0.361687,-0.825508,-23.955860,2.823576,42.213700,3.253614,Target25,Target,2.801468,2.807373,0.641467,0.000000,-22.569030,1.648026,44.857380,349.211200,202.307800,3.497330,104.047200,98.172010,0.300000,1000.000000,0.900730,2468,2740,50.000000,off
1767081136675,2025-12-30 15:52:16.675,1030.232000,8.106873,23,10,2,0.005594,0.008127,-0.046885,0.084076,0.151321,0.984894,-22.555150,1.647823,44.903720,-0.423908,0.342768,-0.838329,-23.924810,2.755320,42.195050,3.231015,Target25,Target,2.690918,2.739151,0.040093,0.000000,-22.568510,1.648535,44.857720,348.913100,202.279600,3.592876,104.047200,98.172010,0.300000,1000.000000,0.900730,2468,2740,50.000000,off
1767081136686,2025-12-30 15:52:16.686,1030.243000,8.117981,23,10,2,0.005313,0.007964,-0.046380,0.058456,0.153961,0.986343,-22.554620,1.648062,44.903390,-0.399413,0.348835,-0.847808,-23.851350,2.780583,42.150910,3.246574,Target25,Target,2.845734,2.720428,0.040093,0.000000,-22.568040,1.649080,44.857980,348.626600,202.266400,3.705551,104.047200,98.172010,0.300000,1000.000000,0.900730,2468,2740,50.000000,off
1767081136697,2025-12-30 15:52:16.697,1030.255000,8.129089,23,10,2,0.005313,0.007964,-0.046380,0.058456,0.153961,0.986343,-22.554140,1.648257,44.903690,-0.397980,0.353527,-0.846537,-23.848970,2.798460,42.149480,3.253501,Target25,Target,2.845734,2.720428,0.040093,0.000000,-22.567540,1.649498,44.858290,348.344900,202.233900,3.820088,104.047200,98.172010,0.300000,1000.000000,0.900730,2468,2740,50.000000,off
1767081136708,2025-12-30 15:52:16.708,1030.266000,8.140198,23,10,2,-0.004597,0.008005,-0.047119,0.098389,0.175873,0.979477,-22.544290,1.647740,44.900810,-0.427647,0.380462,-0.819972,-23.948140,2.896696,42.209060,3.282710,Target25,Target,2.801468,2.807373,10.326220,0.000000,-22.567070,1.649960,44.858600,348.088500,202.203900,3.942433,104.047200,98.172010,0.300000,1000.000000,0.900730,2468,2740,50.000000,off
1767081136719,2025-12-30 15:52:16.719,1030.277000,8.151184,23,10,2,0.005594,0.008127,-0.046885,0.084076,0.151321,0.984894,-22.553300,1.648848,44.904920,-0.418509,0.360901,-0.833417,-23.916570,2.824469,42.190100,3.257432,Target25,Target,2.690918,2.739151,664.878100,0.000000,-22.566630,1.650414,44.858920,347.836500,202.166500,4.068270,104.047200,98.172010,0.300000,1000.000000,0.900730,2468,2740,50.000000,off
1767081136730,2025-12-30 15:52:16.730,1030.288000,8.162415,23,10,2,0.005594,0.008127,-0.046885,0.084076,0.151321,0.984894,-22.552850,1.649024,44.905280,-0.417167,0.364969,-0.832318,-23.914390,2.840198,42.188780,3.263744,Target25,Target,2.690918,2.739151,664.878100,0.000000,-22.566170,1.650781,44.859290,347.594600,202.135200,4.184647,104.047200,98.172010,0.300000,1000.000000,0.900730,2468,2740,50.000000,off
1767081136741,2025-12-30 15:52:16.741,1030.299000,8.173523,23,10,2,0.008264,0.007951,-0.046167,0.033020,0.159943,0.986557,-22.555170,1.649380,44.906010,-0.368090,0.373546,-0.851434,-23.767920,2.880107,42.100780,3.294659,Target25,Target,2.874069,2.857910,0.645419,0.000000,-22.565740,1.651118,44.859660,347.384000,202.091100,4.326655,104.047200,98.172010,0.300000,1000.000000,0.900730,2468,2740,50.000000,off
1767081136753,2025-12-30 15:52:16.753,1030.310000,8.184631,23,10,2,0.005678,0.007683,-0.045670,0.005325,0.168884,0.985611,-22.552540,1.649186,44.904920,-0.339063,0.383191,-0.859174,-23.680010,2.923390,42.047950,3.325209,Target25,Target,2.882584,2.766815,10.201950,0.000000,-22.565230,1.651414,44.860070,347.185100,202.025600,4.483103,104.047200,98.172010,0.300000,1000.000000,0.900730,2468,2740,50.000000,off
1767081136764,2025-12-30 15:52:16.764,1030.321000,8.195740,23,10,2,-0.009965,0.007562,-0.046597,0.035797,0.162521,0.986054,-22.537420,1.647807,44.900020,-0.366404,0.382452,-0.848218,-23.751000,2.914538,42.090610,3.312121,Target25,Target,2.901596,2.731598,0.002521,0.000000,-22.564740,1.651727,44.860450,347.000900,201.963300,4.627786,104.047200,98.172010,0.300000,1000.000000,0.900730,2468,2740,50.000000,off
1767081136775,2025-12-30 15:52:16.775,1030.332000,8.206848,23,10,2,-0.009965,0.007562,-0.046597,0.035797,0.162521,0.986054,-22.536990,1.647876,44.900440,-0.364504,0.385634,-0.847597,-23.746500,2.927503,42.087910,3.318233,Target25,Target,2.901596,2.731598,0.002521,0.000000,-22.564280,1.651985,44.860860,346.807300,201.897800,4.793050,104.047200,98.172010,0.300000,1000.000000,0.900730,2468,2740,50.000000,off
1767081136786,2025-12-30 15:52:16.786,1030.343000,8.217957,23,10,2,-0.021649,0.007489,-0.047385,0.057785,0.143860,0.987900,-22.525560,1.646763,44.896890,-0.387081,0.373183,-0.843139,-23.800310,2.875741,42.120240,3.293202,Target25,Target,2.844482,2.771225,0.657153,0.000000,-22.563830,1.652306,44.861190,346.602700,201.872000,4.963930,104.047200,98.172010,0.300000,1000.000000,0.900730,2468,2740,50.000000,off
1767081136797,2025-12-30 15:52:16.797,1030.354000,8.229065,23,10,2,0.006269,0.007611,-0.046244,0.016617,0.114105,0.993317,-22.551100,1.649609,44.907220,-0.354886,0.344686,-0.869035,-23.711100,2.776269,42.066640,3.268615,Target25,Target,2.868805,2.801193,0.040582,0.000000,-22.563370,1.652529,44.861640,346.448400,201.828400,5.148550,104.047200,98.172010,0.300000,1000.000000,0.900730,2468,2740,50.000000,off
1767081136808,2025-12-30 15:52:16.808,1030.366000,8.240173,23,10,2,-0.009965,0.007562,-0.046597,0.035797,0.162521,0.986054,-22.535630,1.648240,44.901540,-0.360391,0.394177,-0.845422,-23.737380,2.962651,42.082420,3.334562,Target25,Target,2.901596,2.731598,2.534618,0.000000,-22.562880,1.652866,44.862000,346.287200,201.802800,5.307245,104.047200,98.172010,0.300000,1000.000000,0.900730,2468,2740,50.000000,off
1767081136819,2025-12-30 15:52:16.819,1030.377000,8.251282,23,10,2,-0.009965,0.007562,-0.046597,0.035797,0.162521,0.986054,-22.535270,1.648397,44.901870,-0.359429,0.396451,-0.844768,-23.735380,2.972128,42.081230,3.338943,Target25,Target,2.901596,2.731598,2.534618,0.000000,-22.562530,1.653165,44.862350,346.148800,201.790900,5.466876,104.047200,98.172010,0.300000,1000.000000,0.900730,2468,2740,50.000000,off
1767081136831,2025-12-30 15:52:16.831,1030.388000,8.262390,23,10,2,-0.021649,0.007489,-0.047385,0.057785,0.143860,0.987900,-22.523930,1.647124,44.898400,-0.382269,0.383472,-0.840714,-23.789970,2.917150,42.114030,3.311881,Target25,Target,2.844482,2.771225,0.159386,0.000000,-22.562140,1.653411,44.862750,345.994900,201.754000,5.605103,104.047200,98.172010,0.300000,1000.000000,0.900730,2468,2740,50.000000,off
1767081136842,2025-12-30 15:52:16.842,1030.399000,8.273499,23,10,2,0.017314,0.007646,-0.045545,0.019592,0.118073,0.992798,-22.559830,1.651632,44.912320,-0.352977,0.358116,-0.864369,-23.719780,2.828464,42.071850,3.286133,Target25,Target,2.831451,2.818573,0.039849,0.000000,-22.561740,1.653697,44.863080,345.874500,201.739100,5.719261,104.047200,98.172010,0.300000,1000.000000,0.900730,2468,2740,50.000000,off
1767081136852,2025-12-30 15:52:16.852,1030.410000,8.284607,23,10,2,0.017314,0.007646,-0.045545,0.019592,0.118073,0.992798,-22.559350,1.651718,44.912770,-0.352064,0.361127,-0.863488,-23.718080,2.840271,42.070830,3.291185,Target25,Target,2.831451,2.818573,0.039849,0.000000,-22.561270,1.653898,44.863530,345.690500,201.722200,5.838311,104.047200,98.172010,0.300000,1000.000000,0.900730,2468,2740,50.000000,off
1767081136863,2025-12-30 15:52:16.863,1030.421000,8.295593,23,10,2,0.022811,0.007669,-0.045082,0.013504,0.114517,0.993317,-22.564160,1.652616,44.914820,-0.346778,0.360062,-0.866069,-23.705850,2.838038,42.063480,3.292232,Target25,Target,2.987946,2.823547,0.039849,0.000000,-22.560900,1.654222,44.863850,345.516700,201.723600,5.934159,104.047200,98.172010,0.300000,1000.000000,0.900730,2468,2740,50.000000,off
1767081136875,2025-12-30 15:52:16.875,1030.432000,8.306824,23,10,2,-0.000129,0.007643,-0.046441,0.043839,0.069061,0.996643,-22.542350,1.650064,44.907460,-0.383607,0.323433,-0.865000,-23.783020,2.696121,42.109850,3.234208,Target25,Target,2.970123,2.805862,10.263960,0.000000,-22.560540,1.654492,44.864280,345.321700,201.715100,6.030160,104.047200,98.172010,0.300000,1000.000000,0.900730,2468,2740,50.000000,off
1767081136886,2025-12-30 15:52:16.886,1030.443000,8.317932,23,10,2,0.017314,0.007646,-0.045545,0.019592,0.118073,0.992798,-22.558240,1.652277,44.913850,-0.350773,0.370420,-0.860070,-23.717810,2.876792,42.070670,3.305707,Target25,Target,2.831451,2.818573,0.641467,0.000000,-22.560240,1.654835,44.864640,345.120600,201.765200,6.140852,104.047200,98.172010,0.300000,1000.000000,0.900730,2468,2740,50.000000,off
1767081136897,2025-12-30 15:52:16.897,1030.454000,8.328918,23,10,2,0.017314,0.007646,-0.045545,0.019592,0.118073,0.992798,-22.557910,1.652502,44.914280,-0.350610,0.374004,-0.858584,-23.718860,2.890920,42.071300,3.311195,Target25,Target,2.831451,2.818573,0.641467,0.000000,-22.559960,1.655202,44.865070,344.900300,201.807100,6.273980,104.047200,98.172010,0.300000,1000.000000,0.900730,2468,2740,50.000000,off
1767081136908,2025-12-30 15:52:16.908,1030.466000,8.340149,23,10,2,0.022811,0.007669,-0.045082,0.013504,0.114517,0.993317,-22.562690,1.653445,44.916450,-0.346207,0.374152,-0.860306,-23.709830,2.893180,42.065880,3.313408,Target25,Target,2.987946,2.823547,0.645373,0.000000,-22.559660,1.655568,44.865480,344.649300,201.884100,6.428542,104.047200,98.172010,0.300000,1000.000000,0.900730,2468,2740,50.000000,off
1767081136919,2025-12-30 15:52:16.919,1030.477000,8.351257,23,10,2,0.004091,0.007703,-0.046278,0.037888,0.062851,0.997299,-22.544870,1.651353,44.910530,-0.380771,0.332380,-0.862860,-23.781250,2.730608,42.108790,3.247032,Target25,Target,2.965515,2.834335,2.565990,0.000000,-22.559400,1.655970,44.865980,344.408100,201.962200,6.581673,104.047200,98.172010,0.300000,1000.000000,0.900730,2468,2740,50.000000,off
1767081136930,2025-12-30 15:52:16.930,1030.488000,8.362366,23,10,2,0.004091,0.007703,-0.046278,0.037888,0.062851,0.997299,-22.544550,1.651483,44.911000,-0.381341,0.336904,-0.860852,-23.784900,2.747300,42.110980,3.252594,Target25,Target,2.965515,2.834335,2.565990,0.000000,-22.559170,1.656310,44.866490,344.138200,202.052300,6.753228,104.047200,98.172010,0.300000,1000.000000,0.900730,2468,2740,50.000000,off
1767081136941,2025-12-30 15:52:16.941,1030.499000,8.373474,23,10,2,0.005762,0.007677,-0.045968,0.039764,0.060150,0.997391,-22.545840,1.651965,44.911830,-0.384927,0.339108,-0.858385,-23.798240,2.755285,42.119000,3.253573,Target25,Target,3.004410,2.744019,10.326220,0.000000,-22.558960,1.656748,44.866990,343.867400,202.190900,6.935810,104.047200,98.172010,0.300000,1000.000000,0.900730,2468,2740,50.000000,off
1767081136953,2025-12-30 15:52:16.953,1030.510000,8.384460,23,10,2,0.004872,0.007629,-0.045846,0.038528,0.066147,0.997055,-22.544790,1.652101,44.911760,-0.383372,0.348675,-0.855237,-23.797020,2.790994,42.118260,3.266310,Target25,Target,2.905930,2.865082,2.581432,0.000000,-22.558760,1.657188,44.867450,343.622200,202.305800,7.081638,104.047200,98.172010,0.300000,1000.000000,0.900730,2468,2740,50.000000,off
1767081136964,2025-12-30 15:52:16.964,1030.521000,8.395691,23,10,2,0.001326,0.007525,-0.045751,0.043488,0.059937,0.997253,-22.541220,1.651891,44.910700,-0.390346,0.347391,-0.852612,-23.814780,2.785300,42.128940,3.262632,Target25,Target,3.058807,2.889679,0.040823,0.000000,-22.558440,1.657660,44.868020,343.384500,202.424500,7.239817,104.047200,98.172010,0.300000,1000.000000,0.900730,2468,2740,50.000000,off
1767081136974,2025-12-30 15:52:16.974,1030.532000,8.406677,23,10,2,0.001326,0.007525,-0.045751,0.043488,0.059937,0.997253,-22.540900,1.652054,44.911160,-0.391462,0.351450,-0.850435,-23.820110,2.800511,42.132140,3.267770,Target25,Target,3.058807,2.889679,0.040823,0.000000,-22.558220,1.658017,44.868550,343.141100,202.548200,7.378967,104.047200,98.172010,0.300000,1000.000000,0.900730,2468,2740,50.000000,off
1767081136986,2025-12-30 15:52:16.986,1030.543000,8.418030,23,10,2,0.001048,0.007678,-0.046271,0.036453,0.044067,0.998352,-22.539960,1.652210,44.912040,-0.390579,0.339987,-0.855473,-23.811520,2.759068,42.126980,3.255551,Target25,Target,2.968735,2.811310,10.326710,0.000000,-22.557870,1.658414,44.869130,342.892900,202.688800,7.516616,104.047200,98.172010,0.300000,1000.000000,0.900730,2468,2740,50.000000,off
1767081136997,2025-12-30 15:52:16.997,1030.554000,8.429016,23,10,2,0.001817,0.007604,-0.045938,0.032272,0.043045,0.998550,-22.540430,1.652495,44.912640,-0.388694,0.342640,-0.855285,-23.807500,2.769443,42.124560,3.259823,Target25,Target,3.005051,2.908951,0.162324,0.000000,-22.557620,1.658772,44.869790,342.647100,202.838000,7.638703,104.047200,98.172010,0.300000,1000.000000,0.900730,2468,2740,50.000000,off
1767081137008,2025-12-30 15:52:17.008,1030.565000,8.440002,23,10,2,0.001817,0.007604,-0.045938,0.032272,0.043045,0.998550,-22.540070,1.652609,44.913130,-0.390623,0.347039,-0.852628,-23.815440,2.785679,42.129330,3.264959,Target25,Target,3.005051,2.908951,0.162324,0.000000,-22.557400,1.659098,44.870370,342.381700,203.015700,7.759220,104.047200,98.172010,0.300000,1000.000000,0.900730,2468,2740,50.000000,off
1767081137019,2025-12-30 15:52:17.019,1030.577000,8.451233,23,10,2,-0.009813,0.007354,-0.046411,0.033630,0.008087,0.999390,-22.529270,1.650909,44.909110,-0.402489,0.318777,-0.858114,-23.829220,2.680484,42.137610,3.229726,Target25,Target,3.035202,2.906174,10.326210,0.000000,-22.557240,1.659503,44.871060,342.124500,203.181300,7.882941,104.047200,98.172010,0.300000,1000.000000,0.900730,2468,2740,50.000000,off
1767081137030,2025-12-30 15:52:17.030,1030.588000,8.462219,23,10,2,0.001048,0.007678,-0.046271,0.036453,0.044067,0.998352,-22.538650,1.652943,44.914250,-0.398041,0.356782,-0.845132,-23.842610,2.821736,42.145650,3.275895,Target25,Target,2.968735,2.811310,0.161343,0.000000,-22.557090,1.659969,44.871680,341.880200,203.380600,7.986702,104.047200,98.172010,0.300000,1000.000000,0.900730,2468,2740,50.000000,off
1767081137041,2025-12-30 15:52:17.041,1030.599000,8.473328,23,10,2,0.001817,0.007604,-0.045938,0.032272,0.043045,0.998550,-22.539190,1.653337,44.914850,-0.396893,0.359724,-0.844436,-23.841150,2.833367,42.144780,3.280372,Target25,Target,3.005051,2.908951,0.162328,0.000000,-22.556950,1.660442,44.872350,341.612600,203.582600,8.068647,104.047200,98.172010,0.300000,1000.000000,0.900730,2468,2740,50.000000,off
1767081137053,2025-12-30 15:52:17.053,1030.610000,8.484436,23,10,2,0.001817,0.007604,-0.045938,0.032272,0.043045,0.998550,-22.538860,1.653471,44.915570,-0.399143,0.364108,-0.841492,-23.850460,2.849952,42.150380,3.286058,Target25,Target,3.005051,2.908951,0.162328,0.000000,-22.556760,1.660789,44.873170,341.345000,203.785600,8.139808,104.047200,98.172010,0.300000,1000.000000,0.900730,2468,2740,50.000000,off
1767081137064,2025-12-30 15:52:17.064,1030.621000,8.495544,23,10,2,-0.008411,0.007279,-0.046164,0.033157,-0.007248,0.999420,-22.529510,1.651944,44.911730,-0.415606,0.321604,-0.850785,-23.872080,2.690848,42.163360,3.230377,Target25,Target,3.057968,2.897705,0.040093,0.000000,-22.556610,1.661226,44.873860,341.089000,203.986500,8.207650,104.047200,98.172010,0.300000,1000.000000,0.900730,2468,2740,50.000000,off
1767081137074,2025-12-30 15:52:17.074,1030.632000,8.506653,23,10,2,-0.004731,0.007431,-0.045982,0.080872,0.034653,0.996109,-22.532490,1.652685,44.913920,-0.447527,0.370360,-0.813958,-24.001900,2.868728,42.241370,3.283364,Target25,Target,3.031754,2.905487,0.040093,0.000000,-22.556410,1.661476,44.874650,340.836900,204.168500,8.269030,104.047200,98.172010,0.300000,1000.000000,0.900730,2468,2740,50.000000,off
1767081137086,2025-12-30 15:52:17.086,1030.643000,8.517883,23,10,2,-0.004731,0.007431,-0.045982,0.080872,0.034653,0.996109,-22.532230,1.652823,44.914510,-0.449369,0.373994,-0.811277,-24.010150,2.882842,42.246320,3.288828,Target25,Target,3.031754,2.905487,0.040093,0.000000,-22.556270,1.661794,44.875350,340.614300,204.342300,8.300997,104.047200,98.172010,0.300000,1000.000000,0.900730,2468,2740,50.000000,off
1767081137097,2025-12-30 15:52:17.097,1030.654000,8.528992,23,10,2,-0.007005,0.008095,-0.047763,0.223709,0.094818,0.970017,-22.529060,1.652631,44.915850,-0.550123,0.444574,-0.706885,-24.416550,3.177973,42.490510,3.430966,Target25,Target,2.961456,2.852676,0.010084,0.000000,-22.556060,1.662078,44.876130,340.385800,204.491500,8.344918,104.047200,98.172010,0.300000,1000.000000,0.900730,2468,2740,50.000000,off
1767081137108,2025-12-30 15:52:17.108,1030.666000,8.540100,23,10,2,-0.015989,0.008599,-0.050115,0.308395,0.141907,0.940598,-22.519780,1.651225,44.914490,-0.600979,0.493051,-0.629042,-24.682780,3.425786,42.650480,3.599083,Target25,Target,3.081100,2.921600,0.010083,0.000000,-22.555810,1.662392,44.876830,340.196400,204.610700,8.380763,104.047200,98.172010,0.300000,1000.000000,0.900730,2468,2740,50.000000,off
1767081137119,2025-12-30 15:52:17.119,1030.677000,8.551208,23,10,2,-0.024339,0.007942,-0.049109,0.266830,0.106064,0.957886,-22.512740,1.649903,44.910290,-0.581637,0.462724,-0.669013,-24.547880,3.268964,42.569420,3.498966,Target25,Target,3.166763,2.912369,0.010328,0.000000,-22.555590,1.662652,44.877590,340.009200,204.726900,8.404094,104.047200,98.172010,0.300000,1000.000000,0.900730,2468,2740,50.000000,off
1767081137130,2025-12-30 15:52:17.130,1030.688000,8.562317,23,10,2,-0.024339,0.007942,-0.049109,0.266830,0.106064,0.957886,-22.512390,1.649865,44.910950,-0.581907,0.465512,-0.666840,-24.553000,3.282305,42.572500,3.506753,Target25,Target,3.166763,2.912369,0.010328,0.000000,-22.555270,1.662779,44.878360,339.834700,204.813100,8.453181,104.047200,98.172010,0.300000,1000.000000,0.900730,2468,2740,50.000000,off
1767081137141,2025-12-30 15:52:17.142,1030.699000,8.573425,23,10,2,-0.007005,0.008095,-0.047763,0.223709,0.094818,0.970017,-22.527750,1.652930,44.918490,-0.552511,0.455715,-0.697871,-24.439210,3.229522,42.504130,3.459546,Target25,Target,2.961456,2.852676,10.263720,0.000000,-22.554990,1.662975,44.879090,339.683800,204.904500,8.491958,104.047200,98.172010,0.300000,1000.000000,0.900730,2468,2740,50.000000,off
1767081137153,2025-12-30 15:52:17.153,1030.710000,8.584534,23,10,2,-0.015989,0.008599,-0.050115,0.308395,0.141907,0.940598,-22.518510,1.651360,44.917140,-0.601707,0.503380,-0.620102,-24.704980,3.480537,42.663820,3.633730,Target25,Target,3.081100,2.921600,0.160359,0.000000,-22.554710,1.663147,44.879840,339.528700,204.957300,8.549069,104.047200,98.172010,0.300000,1000.000000,0.900730,2468,2740,50.000000,off
1767081137164,2025-12-30 15:52:17.164,1030.721000,8.595520,23,10,2,-0.016013,0.007934,-0.048517,0.253372,0.098709,0.962311,-22.518990,1.651368,44.916260,-0.573828,0.465698,-0.673669,-24.528120,3.281908,42.557550,3.501250,Target25,Target,3.168564,2.795227,2.565808,0.000000,-22.554400,1.663352,44.880540,339.377100,204.970900,8.587740,104.047200,98.172010,0.300000,1000.000000,0.900730,2468,2740,50.000000,off
1767081137175,2025-12-30 15:52:17.175,1030.732000,8.606628,23,10,2,-0.016013,0.007934,-0.048517,0.253372,0.098709,0.962311,-22.518560,1.651423,44.916980,-0.573643,0.468137,-0.672135,-24.530850,3.293608,42.559190,3.507886,Target25,Target,3.168564,2.795227,2.565808,0.000000,-22.553980,1.663544,44.881320,339.218800,205.006700,8.609310,104.047200,98.172010,0.300000,1000.000000,0.900730,2468,2740,50.000000,off
1767081137186,2025-12-30 15:52:17.186,1030.743000,8.617737,23,10,2,0.003534,0.007719,-0.046429,0.224381,0.085236,0.970749,-22.536220,1.654806,44.924910,-0.554861,0.457671,-0.694717,-24.459790,3.241441,42.516490,3.466693,Target25,Target,3.072128,2.716766,0.162316,0.000000,-22.553670,1.663811,44.881990,339.018400,205.013100,8.617429,104.047200,98.172010,0.300000,1000.000000,0.900730,2468,2740,50.000000,off
1767081137197,2025-12-30 15:52:17.197,1030.755000,8.629089,23,10,2,0.005646,0.007777,-0.046495,0.230438,0.093857,0.968536,-22.537630,1.655232,44.926620,-0.556028,0.468664,-0.686411,-24.480080,3.292481,42.528690,3.493391,Target25,Target,3.088882,2.862671,10.264200,0.000000,-22.553260,1.664071,44.882670,338.820800,205.005500,8.623171,104.047200,98.172010,0.300000,1000.000000,0.900730,2468,2740,50.000000,off
1767081137208,2025-12-30 15:52:17.208,1030.766000,8.640076,23,10,2,0.005646,0.007777,-0.046495,0.230438,0.093857,0.968536,-22.537180,1.655292,44.927200,-0.554762,0.472151,-0.685045,-24.479720,3.308560,42.528470,3.501522,Target25,Target,3.088882,2.862671,10.264200,0.000000,-22.552780,1.664310,44.883270,338.596000,204.972800,8.660049,104.047200,98.172010,0.300000,1000.000000,0.900730,2468,2740,50.000000,off
1767081137219,2025-12-30 15:52:17.219,1030.776000,8.651062,23,10,2,0.001924,0.007585,-0.046123,0.205032,0.077438,0.975678,-22.533690,1.654848,44.925720,-0.538840,0.459426,-0.706089,-24.399770,3.245908,42.480430,3.463113,Target25,Target,2.987610,2.873871,0.040584,0.000000,-22.552290,1.664599,44.883910,338.382900,204.932800,8.696540,104.047200,98.172010,0.300000,1000.000000,0.900730,2468,2740,50.000000,off
1767081137230,2025-12-30 15:52:17.230,1030.788000,8.662170,23,10,2,-0.000537,0.007668,-0.046288,0.205368,0.054199,0.977173,-22.531010,1.654650,44.925320,-0.544516,0.442438,-0.712553,-24.399480,3.172838,42.480260,3.431383,Target25,Target,3.062286,2.892090,0.633670,0.000000,-22.551780,1.664917,44.884520,338.151700,204.846800,8.770471,104.047200,98.172010,0.300000,1000.000000,0.900730,2468,2740,50.000000,off
1767081137241,2025-12-30 15:52:17.241,1030.799000,8.673279,23,10,2,-0.000537,0.007668,-0.046288,0.205368,0.054199,0.977173,-22.530510,1.654794,44.925920,-0.542158,0.446531,-0.711797,-24.386580,3.183486,42.489090,3.423449,ActiveHitMarker,Untagged,3.062286,2.892090,0.633670,0.000000,-22.551190,1.665265,44.885120,337.899400,204.734800,8.847833,104.047200,98.172010,0.300000,1000.000000,0.900730,2468,2740,50.000000,off
1767081137253,2025-12-30 15:52:17.253,1030.810000,8.684387,23,10,2,0.005646,0.007777,-0.046495,0.230438,0.093857,0.968536,-22.535220,1.655797,44.929660,-0.546224,0.487599,-0.681073,-24.467080,3.380315,42.520880,3.536707,Target25,Target,3.088882,2.862671,2.581615,0.000000,-22.550510,1.665582,44.885800,337.623100,204.606500,8.948857,104.047200,98.172010,0.300000,1000.000000,0.900730,2468,2740,50.000000,off
1767081137264,2025-12-30 15:52:17.264,1030.821000,8.695496,23,10,2,0.001924,0.007585,-0.046123,0.205032,0.077438,0.975678,-22.531480,1.655461,44.928040,-0.528641,0.476760,-0.702297,-24.381940,3.324316,42.469720,3.500380,Target25,Target,2.987610,2.873871,10.201220,0.000000,-22.549700,1.666070,44.886280,337.301200,204.465100,9.035153,104.047200,98.172010,0.300000,1000.000000,0.900730,2468,2740,50.000000,off
1767081137275,2025-12-30 15:52:17.275,1030.832000,8.706604,23,10,2,-0.002440,0.007749,-0.046691,0.218247,0.064789,0.973740,-22.526690,1.654988,44.927010,-0.539384,0.472335,-0.697110,-24.413380,3.307156,42.488610,3.497869,Target25,Target,3.054382,2.798325,0.010207,0.000000,-22.548830,1.666604,44.886750,336.926300,204.268300,9.130657,104.047200,98.172010,0.300000,1000.000000,0.900730,2468,2740,50.000000,off
1767081137286,2025-12-30 15:52:17.286,1030.844000,8.718079,23,10,2,-0.002440,0.007749,-0.046691,0.218247,0.064789,0.973740,-22.525770,1.655266,44.927410,-0.534759,0.478854,-0.696225,-24.403520,3.336712,42.482690,3.511393,Target25,Target,3.054382,2.798325,0.010207,0.000000,-22.547720,1.667220,44.887140,336.511400,204.021200,9.228856,104.047200,98.172010,0.300000,1000.000000,0.900730,2468,2740,50.000000,off
1767081137297,2025-12-30 15:52:17.297,1030.854000,8.728821,23,10,2,0.004011,0.007729,-0.046034,0.206329,0.045334,0.977417,-22.530780,1.656758,44.930230,-0.525155,0.468463,-0.710441,-24.359530,3.288093,42.456250,3.482266,Target25,Target,3.042801,2.774078,0.010207,0.000000,-22.546510,1.667890,44.887540,336.037400,203.638500,9.345288,104.047200,98.172010,0.300000,1000.000000,0.900730,2468,2740,50.000000,off
1767081137308,2025-12-30 15:52:17.308,1030.865000,8.739807,23,10,2,0.010320,0.007998,-0.046397,0.203430,0.043930,0.978088,-22.535150,1.658081,44.933780,-0.516187,0.474722,-0.712854,-24.338370,3.316450,42.443540,3.493294,Target25,Target,3.081161,2.738373,10.200970,0.000000,-22.545210,1.668556,44.887820,335.551400,203.212800,9.469504,104.047200,98.172010,0.300000,1000.000000,0.900730,2468,2740,50.000000,off
1767081137319,2025-12-30 15:52:17.319,1030.876000,8.751038,23,10,2,-0.005402,0.007460,-0.045837,0.188232,0.025162,0.981796,-22.520650,1.655796,44.926390,-0.500530,0.465868,-0.729675,-24.257240,3.272123,42.394790,3.469474,Target25,Target,3.134613,2.983368,166.219500,0.000000,-22.543750,1.669317,44.888060,335.003800,202.620200,9.622457,104.047200,98.172010,0.300000,1000.000000,0.900730,2468,2740,50.000000,off
1767081137330,2025-12-30 15:52:17.330,1030.888000,8.762146,23,10,2,-0.005402,0.007460,-0.045837,0.188232,0.025162,0.981796,-22.519580,1.656020,44.926850,-0.490231,0.474306,-0.731230,-24.228640,3.309565,42.377610,3.486222,Target25,Target,3.134613,2.983368,166.219500,0.000000,-22.542200,1.669964,44.888380,334.485300,201.963200,9.839494,104.047200,98.172010,0.300000,1000.000000,0.900730,2468,2740,50.000000,off
1767081137341,2025-12-30 15:52:17.341,1030.899000,8.773376,23,10,2,0.004011,0.007729,-0.046034,0.206329,0.045334,0.977417,-22.526640,1.657969,44.931500,-0.488457,0.500874,-0.714497,-24.259780,3.435176,42.396320,3.548157,Target25,Target,3.042801,2.774078,0.641528,0.000000,-22.540580,1.670680,44.888620,334.000500,201.317900,10.026210,104.047200,98.172010,0.300000,1000.000000,0.900730,2468,2740,50.000000,off
1767081137352,2025-12-30 15:52:17.352,1030.910000,8.784485,23,10,2,0.010320,0.007998,-0.046397,0.203430,0.043930,0.978088,-22.531090,1.659333,44.934910,-0.475702,0.506235,-0.719309,-24.224110,3.461025,42.374890,3.558950,Target25,Target,3.081161,2.738373,0.040093,0.000000,-22.539050,1.671274,44.888890,333.589700,200.590300,10.265600,104.047200,98.172010,0.300000,1000.000000,0.900730,2468,2740,50.000000,off
1767081137363,2025-12-30 15:52:17.363,1030.921000,8.795471,23,10,2,0.010320,0.007998,-0.046397,0.203430,0.043930,0.978088,-22.530080,1.659591,44.935170,-0.465132,0.512189,-0.722001,-24.191930,3.489576,42.355550,3.572815,Target25,Target,3.081161,2.738373,0.040093,0.000000,-22.537480,1.671788,44.889130,333.230700,199.871400,10.498330,104.047200,98.172010,0.300000,1000.000000,0.900730,2468,2740,50.000000,off
1767081137375,2025-12-30 15:52:17.375,1030.932000,8.806458,23,10,2,-0.026643,0.007292,-0.046831,0.163803,0.005249,0.986466,-22.495970,1.652824,44.920700,-0.433749,0.480455,-0.762232,-24.015870,3.336387,42.249760,3.504053,Target25,Target,2.941467,2.926239,0.649325,0.000000,-22.535980,1.672161,44.889370,332.943200,199.132500,10.724410,104.047200,98.172010,0.300000,1000.000000,0.900730,2468,2740,50.000000,off
1767081137386,2025-12-30 15:52:17.386,1030.943000,8.817688,23,10,2,-0.030466,0.007404,-0.047691,0.166855,0.024170,0.985672,-22.491060,1.651851,44.920590,-0.419537,0.501673,-0.756497,-23.983150,3.436057,42.230100,3.556465,Target25,Target,3.063614,2.939178,0.160375,0.000000,-22.534370,1.672426,44.889630,332.677400,198.405300,10.953410,104.047200,98.172010,0.300000,1000.000000,0.900730,2468,2740,50.000000,off
1767081137397,2025-12-30 15:52:17.397,1030.954000,8.828796,23,10,2,-0.030601,0.007195,-0.047216,0.161041,-0.004715,0.986923,-22.490060,1.651872,44.920680,-0.413233,0.480368,-0.773601,-23.940850,3.338369,42.204690,3.510795,Target25,Target,2.917007,2.900543,0.649310,0.000000,-22.532850,1.672725,44.889840,332.428200,197.671300,11.173150,104.047200,98.172010,0.300000,1000.000000,0.900730,2468,2740,50.000000,off
1767081137408,2025-12-30 15:52:17.408,1030.965000,8.839783,23,10,2,-0.030601,0.007195,-0.047216,0.161041,-0.004715,0.986923,-22.488950,1.651853,44.921210,-0.401922,0.485206,-0.776536,-23.905850,3.362366,42.183660,3.525290,Target25,Target,2.917007,2.900543,0.649310,0.000000,-22.531280,1.673028,44.889950,332.143900,196.901900,11.402870,104.047200,98.172010,0.300000,1000.000000,0.900730,2468,2740,50.000000,off
1767081137419,2025-12-30 15:52:17.419,1030.976000,8.851013,23,10,2,-0.030662,0.007181,-0.047570,0.187241,-0.048386,0.981110,-22.487610,1.651650,44.922040,-0.426635,0.454741,-0.781774,-23.963210,3.224462,42.218120,3.458656,Target25,Target,2.903152,2.862503,0.040583,0.000000,-22.529590,1.673370,44.890100,331.830700,196.096600,11.658000,104.047200,98.172010,0.300000,1000.000000,0.900730,2468,2740,50.000000,off
1767081137430,2025-12-30 15:52:17.430,1030.988000,8.862122,23,10,2,-0.030925,0.006324,-0.046988,0.231903,-0.074295,0.969894,-22.486560,1.651083,44.921690,-0.460777,0.440760,-0.770331,-24.066560,3.162450,42.280220,3.428995,Target25,Target,2.868469,2.826843,0.010024,0.000000,-22.527840,1.673660,44.890220,331.510100,195.229700,11.895390,104.047200,98.172010,0.300000,1000.000000,0.900730,2468,2740,50.000000,off
1767081137441,2025-12-30 15:52:17.441,1030.999000,8.873108,23,10,2,-0.030925,0.006324,-0.046988,0.231903,-0.074295,0.969894,-22.485160,1.651127,44.922210,-0.448080,0.447243,-0.774075,-24.027930,3.191022,42.257010,3.443070,Target25,Target,2.868469,2.826843,0.010024,0.000000,-22.525890,1.674090,44.890310,331.141400,194.343700,12.146580,104.047200,98.172010,0.300000,1000.000000,0.900730,2468,2740,50.000000,off
1767081137452,2025-12-30 15:52:17.452,1031.010000,8.884338,23,10,2,-0.030894,0.006485,-0.047536,0.250076,-0.074890,0.965317,-22.483710,1.651116,44.923260,-0.451363,0.454800,-0.767732,-24.045160,3.224456,42.267360,3.459379,Target25,Target,2.721008,2.855148,0.010024,0.000000,-22.524020,1.674617,44.890410,330.750900,193.455300,12.426220,104.047200,98.172010,0.300000,1000.000000,0.900730,2468,2740,50.000000,off
1767081137463,2025-12-30 15:52:17.463,1031.021000,8.895447,23,10,2,-0.030662,0.007181,-0.047570,0.187241,-0.048386,0.981110,-22.482190,1.651845,44.924190,-0.374384,0.480632,-0.792973,-23.804750,3.349741,42.122910,3.532590,Target25,Target,2.903152,2.862503,0.649295,0.000000,-22.521920,1.675177,44.890560,330.316700,192.538900,12.709000,104.047200,98.172010,0.300000,1000.000000,0.900730,2468,2740,50.000000,off
1767081137475,2025-12-30 15:52:17.475,1031.032000,8.906555,23,10,2,-0.030925,0.006324,-0.046988,0.231903,-0.074295,0.969894,-22.480890,1.651533,44.923720,-0.408383,0.469662,-0.782710,-23.909420,3.294413,42.185800,3.497993,Target25,Target,2.868469,2.826843,2.534557,0.000000,-22.519890,1.675817,44.890650,329.846800,191.599200,12.988790,104.047200,98.172010,0.300000,1000.000000,0.900730,2468,2740,50.000000,off
1767081137486,2025-12-30 15:52:17.486,1031.043000,8.917542,23,10,2,-0.030925,0.006324,-0.046988,0.231903,-0.074295,0.969894,-22.479320,1.651707,44.924330,-0.394468,0.478124,-0.784721,-23.868350,3.335311,42.161120,3.521256,Target25,Target,2.868469,2.826843,2.534557,0.000000,-22.517710,1.676471,44.890900,329.338500,190.642600,13.249510,104.047200,98.172010,0.300000,1000.000000,0.900730,2468,2740,50.000000,off
1767081137497,2025-12-30 15:52:17.497,1031.054000,8.928650,23,10,2,-0.030762,0.006618,-0.047949,0.271713,-0.100266,0.957123,-22.477810,1.651631,44.925900,-0.424054,0.466624,-0.776148,-23.958700,3.281188,42.215410,3.492167,Target25,Target,2.808884,2.816376,163.231200,0.000000,-22.515640,1.677118,44.891140,328.817600,189.671100,13.547400,104.047200,98.172010,0.300000,1000.000000,0.900730,2468,2740,50.000000,off
1767081137508,2025-12-30 15:52:17.508,1031.065000,8.939758,23,10,2,-0.027343,0.006577,-0.047232,0.310623,-0.123093,0.942520,-22.479640,1.652799,44.926780,-0.452394,0.456623,-0.766040,-24.048880,3.236703,42.269600,3.468700,Target25,Target,2.970627,2.820755,163.231200,0.000000,-22.513520,1.677737,44.891400,328.303100,188.720000,13.813530,104.047200,98.172010,0.300000,1000.000000,0.900730,2468,2740,50.000000,off
1767081137519,2025-12-30 15:52:17.519,1031.077000,8.951111,23,10,2,-0.027343,0.006577,-0.047232,0.310623,-0.123093,0.942520,-22.478130,1.652914,44.927380,-0.440100,0.464944,-0.768194,-24.013100,3.274535,42.248100,3.487746,Target25,Target,2.970627,2.820755,163.231200,0.000000,-22.511420,1.678304,44.891760,327.818900,187.836800,14.091260,104.047200,98.172010,0.300000,1000.000000,0.900730,2468,2740,50.000000,off
1767081137530,2025-12-30 15:52:17.530,1031.088000,8.962097,23,10,2,-0.029385,0.007020,-0.047389,0.217178,-0.028290,0.975708,-22.474660,1.653014,44.927810,-0.314044,0.548301,-0.775059,-23.649070,3.703468,42.029370,3.739600,Target25,Target,2.952957,2.957748,0.645373,0.000000,-22.509470,1.678974,44.892140,327.377300,186.988600,14.362810,104.047200,98.172010,0.300000,1000.000000,0.900730,2468,2740,50.000000,off
1767081137541,2025-12-30 15:52:17.541,1031.099000,8.973206,23,10,2,-0.005958,0.007427,-0.045683,0.058640,0.173264,0.983124,-22.495470,1.659451,44.932870,-0.090757,0.689287,-0.718775,0.000000,0.000000,0.000000,0.000000,0,0,2.953293,3.085587,2.612988,0.000000,-22.507510,1.679614,44.892550,326.935400,186.171700,14.636090,104.047200,98.172010,0.300000,1000.000000,0.900730,2468,2740,50.000000,off
1767081137552,2025-12-30 15:52:17.552,1031.109000,8.984070,23,10,2,0.002303,0.009004,-0.048550,-0.227310,0.411820,0.882446,-22.501240,1.661150,44.938480,0.271831,0.770223,-0.576923,0.000000,0.000000,0.000000,0.000000,0,0,3.199142,3.196213,0.159390,0.000000,-22.505670,1.680193,44.893070,326.504600,185.455300,14.881140,104.047200,98.172010,0.300000,1000.000000,0.900730,2468,2740,50.000000,off
1767081137563,2025-12-30 15:52:17.563,1031.121000,8.995178,23,10,2,0.002303,0.009004,-0.048550,-0.227310,0.411820,0.882446,-22.499980,1.661244,44.938970,0.280808,0.772999,-0.568855,0.000000,0.000000,0.000000,0.000000,0,0,3.199142,3.196213,0.159390,0.000000,-22.503870,1.680614,44.893660,326.094500,184.740900,15.120370,104.047200,98.172010,0.300000,1000.000000,0.900730,2468,2740,50.000000,off
1767081137575,2025-12-30 15:52:17.575,1031.132000,9.006287,23,10,2,-0.029385,0.007020,-0.047389,0.217178,-0.028290,0.975708,-22.469330,1.653535,44.930540,-0.272536,0.574018,-0.772140,0.000000,0.000000,0.000000,0.000000,0,0,2.952957,2.957748,10.451210,0.000000,-22.502190,1.681035,44.894180,325.755200,184.079000,15.345220,104.047200,98.172010,0.300000,1000.000000,0.900730,2468,2740,50.000000,off
1767081137586,2025-12-30 15:52:17.586,1031.143000,9.017395,23,10,2,-0.005958,0.007427,-0.045683,0.058640,0.173264,0.983124,-22.490490,1.659994,44.935020,-0.053483,0.706588,-0.705595,0.000000,0.000000,0.000000,0.000000,0,0,2.953293,3.085587,10.513960,0.000000,-22.500700,1.681241,44.894750,325.562700,183.513100,15.518190,104.047200,98.172010,0.300000,1000.000000,0.900730,2468,2740,50.000000,off
1767081137597,2025-12-30 15:52:17.597,1031.154000,9.028992,23,10,2,-0.005958,0.007427,-0.045683,0.058640,0.173264,0.983124,-22.489440,1.659994,44.935580,-0.047313,0.707949,-0.704671,0.000000,0.000000,0.000000,0.000000,0,0,2.953293,3.085587,10.513960,0.000000,-22.499340,1.681332,44.895280,325.453900,183.049900,15.641550,104.047200,98.172010,0.300000,1000.000000,0.900730,2468,2740,50.000000,off
1767081137607,2025-12-30 15:52:17.607,1031.165000,9.039612,23,10,2,0.002304,0.008975,-0.048713,-0.252335,0.405838,0.878403,-22.495860,1.661368,44.941050,0.327806,0.764252,-0.555365,0.000000,0.000000,0.000000,0.000000,0,0,3.258636,3.138702,41.555840,0.000000,-22.498160,1.681428,44.895760,325.369300,182.634700,15.744210,104.047200,98.172010,0.300000,1000.000000,0.900730,2468,2740,50.000000,off
1767081137618,2025-12-30 15:52:17.618,1031.176000,9.050720,23,10,2,-0.024821,0.008401,-0.049026,-0.195572,0.361557,0.911591,-22.469290,1.654570,44.936300,0.262685,0.760402,-0.593931,0.000000,0.000000,0.000000,0.000000,0,0,3.242508,3.103928,2.550427,0.000000,-22.497110,1.681332,44.896300,325.379200,182.329400,15.796180,104.047200,98.172010,0.300000,1000.000000,0.900730,2468,2740,50.000000,off
1767081137630,2025-12-30 15:52:17.630,1031.187000,9.061951,23,10,2,-0.020179,0.008188,-0.048483,-0.185440,0.339462,0.922150,-22.473030,1.655624,44.937240,0.249002,0.750651,-0.611967,0.000000,0.000000,0.000000,0.000000,0,0,3.256607,3.115662,41.554870,0.000000,-22.496160,1.681194,44.896800,325.413700,182.079600,15.837840,104.047200,98.172010,0.300000,1000.000000,0.900730,2468,2740,50.000000,off
1767081137641,2025-12-30 15:52:17.641,1031.198000,9.072937,23,10,2,-0.020179,0.008188,-0.048483,-0.185440,0.339462,0.922150,-22.472250,1.655486,44.937770,0.252216,0.750307,-0.611073,0.000000,0.000000,0.000000,0.000000,0,0,3.256607,3.115662,41.554870,0.000000,-22.495190,1.681065,44.897220,325.425500,181.802800,15.894150,104.047200,98.172010,0.300000,1000.000000,0.900730,2468,2740,50.000000,off
1767081137652,2025-12-30 15:52:17.652,1031.209000,9.084045,23,10,2,0.001228,0.007912,-0.046931,-0.188309,0.330780,0.924713,-22.492120,1.660857,44.940770,0.255430,0.743936,-0.617483,0.000000,0.000000,0.000000,0.000000,0,0,3.197861,3.130814,2.565809,0.000000,-22.494270,1.680941,44.897650,325.434500,181.541100,15.947130,104.047200,98.172010,0.300000,1000.000000,0.900730,2468,2740,50.000000,off
1767081137663,2025-12-30 15:52:17.663,1031.221000,9.095276,23,10,2,0.026240,0.007448,-0.045706,-0.138519,0.284561,0.948593,-22.515470,1.666681,44.944320,0.197568,0.732128,-0.651880,0.000000,0.000000,0.000000,0.000000,0,0,3.161926,3.058807,0.645435,0.000000,-22.493310,1.680768,44.898030,325.418200,181.242400,16.016300,104.047200,98.172010,0.300000,1000.000000,0.900730,2468,2740,50.000000,off
1767081137674,2025-12-30 15:52:17.674,1031.232000,9.106140,23,10,2,0.026240,0.007448,-0.045706,-0.138519,0.284561,0.948593,-22.514750,1.666623,44.944620,0.201810,0.731767,-0.650985,0.000000,0.000000,0.000000,0.000000,0,0,3.161926,3.058807,0.645435,0.000000,-22.492340,1.680672,44.898430,325.420800,180.908100,16.125120,104.047200,98.172010,0.300000,1000.000000,0.900730,2468,2740,50.000000,off
1767081137685,2025-12-30 15:52:17.685,1031.243000,9.117371,23,10,2,-0.020179,0.008188,-0.048483,-0.185440,0.339462,0.922150,-22.469190,1.654831,44.939820,0.267208,0.749195,-0.606045,0.000000,0.000000,0.000000,0.000000,0,0,3.256607,3.115662,2643.450000,0.000000,-22.491240,1.680520,44.898850,325.411500,180.535600,16.216250,104.047200,98.172010,0.300000,1000.000000,0.900730,2468,2740,50.000000,off
1767081137696,2025-12-30 15:52:17.696,1031.254000,9.128479,23,10,2,0.001228,0.007912,-0.046931,-0.188309,0.330780,0.924713,-22.489090,1.660313,44.942330,0.272740,0.742829,-0.611383,0.000000,0.000000,0.000000,0.000000,0,0,3.197861,3.130814,0.162335,0.000000,-22.490210,1.680435,44.899200,325.392500,180.097600,16.343790,104.047200,98.172010,0.300000,1000.000000,0.900730,2468,2740,50.000000,off
1767081137707,2025-12-30 15:52:17.707,1031.265000,9.139465,23,10,2,0.028439,0.007254,-0.045016,-0.124756,0.271317,0.954361,-22.514630,1.667160,44.944990,0.200654,0.727490,-0.656108,0.000000,0.000000,0.000000,0.000000,0,0,2.985184,2.987595,10.389210,0.000000,-22.489140,1.680394,44.899570,325.354600,179.644100,16.474080,104.047200,98.172010,0.300000,1000.000000,0.900730,2468,2740,50.000000,off
1767081137718,2025-12-30 15:52:17.718,1031.276000,9.150574,23,10,2,0.028439,0.007254,-0.045016,-0.124756,0.271317,0.954361,-22.513840,1.667091,44.945140,0.206173,0.727667,-0.654199,0.000000,0.000000,0.000000,0.000000,0,0,2.985184,2.987595,10.389210,0.000000,-22.488020,1.680319,44.899910,325.311200,179.200100,16.587640,104.047200,98.172010,0.300000,1000.000000,0.900730,2468,2740,50.000000,off
1767081137730,2025-12-30 15:52:17.730,1031.287000,9.161682,23,10,2,0.030245,0.007509,-0.045634,-0.119904,0.268997,0.955643,-22.514730,1.667272,44.946210,0.206557,0.728186,-0.653505,0.000000,0.000000,0.000000,0.000000,0,0,3.106003,2.978989,0.159398,0.000000,-22.486900,1.680242,44.900260,325.245800,178.736300,16.686720,104.047200,98.172010,0.300000,1000.000000,0.900730,2468,2740,50.000000,off
1767081137740,2025-12-30 15:52:17.740,1031.298000,9.172913,23,10,2,0.025932,0.007672,-0.046094,-0.105850,0.261429,0.959396,-22.509660,1.665932,44.946290,0.197030,0.727756,-0.656918,0.000000,0.000000,0.000000,0.000000,0,0,3.034225,2.920334,0.159398,0.000000,-22.485640,1.680042,44.900680,325.216800,178.248600,16.791340,104.047200,98.172010,0.300000,1000.000000,0.900730,2468,2740,50.000000,off
1767081137752,2025-12-30 15:52:17.752,1031.309000,9.184021,23,10,2,0.025932,0.007672,-0.046094,-0.105850,0.261429,0.959396,-22.508830,1.665763,44.946480,0.203565,0.727116,-0.655632,0.000000,0.000000,0.000000,0.000000,0,0,3.034225,2.920334,0.159398,0.000000,-22.484430,1.679809,44.901050,325.243000,177.724100,16.923940,104.047200,98.172010,0.300000,1000.000000,0.900730,2468,2740,50.000000,off
1767081137764,2025-12-30 15:52:17.764,1031.321000,9.195129,23,10,2,-0.005658,0.007412,-0.046913,-0.081833,0.232849,0.969055,-22.477590,1.657196,44.943450,0.180636,0.715036,-0.675335,0.000000,0.000000,0.000000,0.000000,0,0,3.026337,3.047836,0.163308,0.000000,-22.483090,1.679458,44.901470,325.283700,177.139000,17.105760,104.047200,98.172010,0.300000,1000.000000,0.900730,2468,2740,50.000000,off
1767081137774,2025-12-30 15:52:17.774,1031.332000,9.206238,23,10,2,-0.004455,0.007544,-0.046932,-0.033981,0.208954,0.977325,-22.477810,1.657362,44.944080,0.137268,0.711141,-0.689505,0.000000,0.000000,0.000000,0.000000,0,0,2.963089,2.850723,0.645434,0.000000,-22.481740,1.679202,44.901800,325.370200,176.489800,17.364460,104.047200,98.172010,0.300000,1000.000000,0.900730,2468,2740,50.000000,off
1767081137785,2025-12-30 15:52:17.785,1031.343000,9.217346,23,10,2,0.025932,0.007672,-0.046094,-0.105850,0.261429,0.959396,-22.505940,1.665231,44.946960,0.228948,0.722307,-0.652569,0.000000,0.000000,0.000000,0.000000,0,0,3.034225,2.920334,2.612988,0.000000,-22.480190,1.678833,44.902160,325.491400,175.772600,17.673270,104.047200,98.172010,0.300000,1000.000000,0.900730,2468,2740,50.000000,off
1767081137796,2025-12-30 15:52:17.796,1031.354000,9.228455,23,10,2,0.025932,0.007672,-0.046094,-0.105850,0.261429,0.959396,-22.504950,1.665142,44.947040,0.238369,0.719970,-0.651778,0.000000,0.000000,0.000000,0.000000,0,0,3.034225,2.920334,2.612988,0.000000,-22.478710,1.678539,44.902450,325.624800,175.059700,17.973200,104.047200,98.172010,0.300000,1000.000000,0.900730,2468,2740,50.000000,off
1767081137808,2025-12-30 15:52:17.808,1031.365000,9.239563,23,10,2,-0.005658,0.007412,-0.046913,-0.081833,0.232849,0.969055,-22.473760,1.656203,44.945050,0.218589,0.706381,-0.673222,0.000000,0.000000,0.000000,0.000000,0,0,3.026337,3.047836,10.389700,0.000000,-22.477280,1.678226,44.902730,325.792700,174.312300,18.295530,104.047200,98.172010,0.300000,1000.000000,0.900730,2468,2740,50.000000,off
1767081137819,2025-12-30 15:52:17.819,1031.376000,9.250671,23,10,2,-0.001299,0.007544,-0.046748,-0.035797,0.205383,0.978012,-22.476940,1.657314,44.945670,0.177611,0.699309,-0.692383,0.000000,0.000000,0.000000,0.000000,0,0,2.919540,2.899170,10638.300000,0.000000,-22.475810,1.677897,44.903020,325.963300,173.600700,18.567750,104.047200,98.172010,0.300000,1000.000000,0.900730,2468,2740,50.000000,off
1767081137830,2025-12-30 15:52:17.830,1031.387000,9.261658,23,10,2,0.010433,0.007612,-0.046323,-0.041504,0.206741,0.977509,-22.487300,1.660551,44.946340,0.192755,0.695638,-0.692041,0.000000,0.000000,0.000000,0.000000,0,0,2.922256,2.927429,10703.050000,0.000000,-22.474470,1.677559,44.903230,326.168700,172.922900,18.834070,104.047200,98.172010,0.300000,1000.000000,0.900730,2468,2740,50.000000,off
1767081137841,2025-12-30 15:52:17.841,1031.398000,9.272766,23,10,2,0.010433,0.007612,-0.046323,-0.041504,0.206741,0.977509,-22.486410,1.660276,44.946380,0.200894,0.692671,-0.692702,0.000000,0.000000,0.000000,0.000000,0,0,2.922256,2.927429,10703.050000,0.000000,-22.473160,1.677097,44.903320,326.383400,172.329900,19.028490,104.047200,98.172010,0.300000,1000.000000,0.900730,2468,2740,50.000000,off
1767081137852,2025-12-30 15:52:17.852,1031.409000,9.283997,23,10,2,0.002844,0.007524,-0.046576,-0.032822,0.209412,0.977264,-22.478380,1.657718,44.946330,0.201174,0.693624,-0.691659,0.000000,0.000000,0.000000,0.000000,0,0,2.973221,2.839050,10.576950,0.000000,-22.471960,1.676620,44.903480,326.632700,171.756300,19.217890,104.047200,98.172010,0.300000,1000.000000,0.900730,2468,2740,50.000000,off
1767081137863,2025-12-30 15:52:17.863,1031.421000,9.295105,23,10,2,0.005752,0.007440,-0.046047,-0.013031,0.207596,0.978119,-22.480330,1.658293,44.946080,0.188995,0.694378,-0.694336,0.000000,0.000000,0.000000,0.000000,0,0,2.899338,2.948959,41.804870,0.000000,-22.470780,1.675947,44.903580,326.920600,171.239100,19.336570,104.047200,98.172010,0.300000,1000.000000,0.900730,2468,2740,50.000000,off
1767081137874,2025-12-30 15:52:17.874,1031.432000,9.306213,23,10,2,0.005752,0.007440,-0.046047,-0.013031,0.207596,0.978119,-22.479630,1.657932,44.946140,0.195999,0.690180,-0.696576,0.000000,0.000000,0.000000,0.000000,0,0,2.899338,2.948959,41.804870,0.000000,-22.469710,1.675334,44.903630,327.246400,170.741400,19.437690,104.047200,98.172010,0.300000,1000.000000,0.900730,2468,2740,50.000000,off
1767081137885,2025-12-30 15:52:17.885,1031.443000,9.317200,23,10,2,0.032846,0.008087,-0.046809,-0.221664,0.112534,0.968597,-22.504990,1.665255,44.947620,0.377905,0.545925,-0.747752,0.000000,0.000000,0.000000,0.000000,0,0,2.792191,2.806549,0.649295,0.000000,-22.468800,1.674633,44.903610,327.612100,170.300000,19.499380,104.047200,98.172010,0.300000,1000.000000,0.900730,2468,2740,50.000000,off
1767081137896,2025-12-30 15:52:17.896,1031.454000,9.328430,23,10,2,0.002844,0.007524,-0.046576,-0.032822,0.209412,0.977264,-22.475700,1.656092,44.946610,0.227731,0.675811,-0.700995,0.000000,0.000000,0.000000,0.000000,0,0,2.973221,2.839050,0.010084,0.000000,-22.467840,1.673945,44.903560,328.010600,169.872900,19.525650,104.047200,98.172010,0.300000,1000.000000,0.900730,2468,2740,50.000000,off
1767081137907,2025-12-30 15:52:17.907,1031.465000,9.339539,23,10,2,0.005752,0.007440,-0.046047,-0.013031,0.207596,0.978119,-22.477790,1.656824,44.946140,0.213935,0.675478,-0.705651,0.000000,0.000000,0.000000,0.000000,0,0,2.899338,2.948959,0.010206,0.000000,-22.466900,1.673343,44.903510,328.397300,169.495800,19.537030,104.047200,98.172010,0.300000,1000.000000,0.900730,2468,2740,50.000000,off
1767081137918,2025-12-30 15:52:17.918,1031.476000,9.350525,23,10,2,0.005752,0.007440,-0.046047,-0.013031,0.207596,0.978119,-22.477170,1.656536,44.945990,0.219605,0.670551,-0.708603,0.000000,0.000000,0.000000,0.000000,0,0,2.899338,2.948959,0.010206,0.000000,-22.465980,1.672762,44.903320,328.778000,169.113400,19.572410,104.047200,98.172010,0.300000,1000.000000,0.900730,2468,2740,50.000000,off
1767081137930,2025-12-30 15:52:17.930,1031.487000,9.361755,23,10,2,0.033474,0.007720,-0.045843,-0.350784,0.093262,0.931793,-22.502980,1.664526,44.945410,0.513718,0.452617,-0.728847,0.000000,0.000000,0.000000,0.000000,0,0,2.871460,2.841156,0.649295,0.000000,-22.465070,1.672175,44.903160,329.126400,168.756600,19.588960,104.047200,98.172010,0.300000,1000.000000,0.900730,2468,2740,50.000000,off
1767081137941,2025-12-30 15:52:17.941,1031.499000,9.373474,23,10,2,0.033906,0.007520,-0.045691,-0.478287,0.067474,0.875595,-22.502850,1.664294,44.944740,0.625978,0.360017,-0.691750,0.000000,0.000000,0.000000,0.000000,0,0,2.917847,3.112732,10.450730,0.000000,-22.464200,1.671523,44.902940,329.517500,168.325400,19.693210,104.047200,98.172010,0.300000,1000.000000,0.900730,2468,2740,50.000000,off
1767081137952,2025-12-30 15:52:17.952,1031.509000,9.383850,23,10,2,0.033906,0.007520,-0.045691,-0.478287,0.067474,0.875595,-22.502390,1.663949,44.944460,0.631183,0.353524,-0.690367,0.000000,0.000000,0.000000,0.000000,0,0,2.917847,3.112732,10.450730,0.000000,-22.463460,1.670784,44.902840,329.945800,167.934800,19.759330,104.047200,98.172010,0.300000,1000.000000,0.900730,2468,2740,50.000000,off
1767081137963,2025-12-30 15:52:17.963,1031.520000,9.394958,23,10,2,0.034086,0.007444,-0.045777,-0.555450,-0.002182,0.831528,-22.502080,1.663467,44.943950,0.685362,0.246629,-0.685143,0.000000,0.000000,0.000000,0.000000,0,0,2.979065,3.023422,10.450730,0.000000,-22.462690,1.670025,44.902500,330.339700,167.586100,19.746290,104.047200,98.172010,0.300000,1000.000000,0.900730,2468,2740,50.000000,off
1767081137975,2025-12-30 15:52:17.975,1031.532000,9.406189,23,10,2,0.002722,0.006449,-0.045721,-0.525681,-0.049652,0.849213,-22.471810,1.652998,44.944390,0.654259,0.219224,-0.723777,0.000000,0.000000,0.000000,0.000000,0,0,2.878464,3.110107,2.612743,0.000000,-22.461860,1.669228,44.902240,330.765700,167.232200,19.712330,104.047200,98.172010,0.300000,1000.000000,0.900730,2468,2740,50.000000,off
1767081137985,2025-12-30 15:52:17.985,1031.543000,9.417419,23,10,2,0.033751,0.008047,-0.047871,-0.433182,-0.019180,0.901093,-22.500990,1.661991,44.945130,0.588375,0.290312,-0.754663,0.000000,0.000000,0.000000,0.000000,0,0,2.799393,2.951416,41.556820,0.000000,-22.461070,1.668446,44.901990,331.210000,166.861200,19.676400,104.047200,98.172010,0.300000,1000.000000,0.900730,2468,2740,50.000000,off
1767081137996,2025-12-30 15:52:17.996,1031.554000,9.428284,23,10,2,0.033751,0.008047,-0.047871,-0.433182,-0.019180,0.901093,-22.500410,1.661453,44.944730,0.593897,0.284076,-0.752708,0.000000,0.000000,0.000000,0.000000,0,0,2.799393,2.951416,41.556820,0.000000,-22.460180,1.667548,44.901840,331.654100,166.492900,19.594700,104.047200,98.172010,0.300000,1000.000000,0.900730,2468,2740,50.000000,off
1767081138007,2025-12-30 15:52:18.007,1031.565000,9.439392,23,10,2,0.034086,0.007444,-0.045777,-0.555450,-0.002182,0.831528,-22.499890,1.661616,44.942180,0.705637,0.222398,-0.672744,0.000000,0.000000,0.000000,0.000000,0,0,2.979065,3.023422,0.653201,0.000000,-22.459310,1.666719,44.901690,332.152400,166.057700,19.533050,104.047200,98.172010,0.300000,1000.000000,0.900730,2468,2740,50.000000,off
1767081138019,2025-12-30 15:52:18.019,1031.576000,9.450500,23,10,2,0.002722,0.006449,-0.045721,-0.525681,-0.049652,0.849213,-22.469650,1.651179,44.943870,0.677571,0.192812,-0.709710,0.000000,0.000000,0.000000,0.000000,0,0,2.878464,3.110107,0.653186,0.000000,-22.458310,1.665980,44.901540,332.647800,165.546500,19.491620,104.047200,98.172010,0.300000,1000.000000,0.900730,2468,2740,50.000000,off
1767081138030,2025-12-30 15:52:18.030,1031.587000,9.461609,23,10,2,0.002722,0.006449,-0.045721,-0.525681,-0.049652,0.849213,-22.469020,1.650832,44.943720,0.684744,0.186988,-0.704365,0.000000,0.000000,0.000000,0.000000,0,0,2.878464,3.110107,0.653186,0.000000,-22.457250,1.665307,44.901390,333.072300,165.010100,19.421120,104.047200,98.172010,0.300000,1000.000000,0.900730,2468,2740,50.000000,off
1767081138041,2025-12-30 15:52:18.041,1031.598000,9.472717,23,10,2,0.033398,0.008015,-0.047782,-0.430084,-0.012024,0.902695,-22.497660,1.659964,44.942740,0.622441,0.265770,-0.736145,0.000000,0.000000,0.000000,0.000000,0,0,2.729462,2.959885,2.597179,0.000000,-22.456150,1.664652,44.901300,333.451800,164.415100,19.360260,104.047200,98.172010,0.300000,1000.000000,0.900730,2468,2740,50.000000,off
1767081138052,2025-12-30 15:52:18.052,1031.609000,9.483948,23,10,2,0.023342,0.007745,-0.047748,-0.417313,-0.031509,0.908203,-22.487510,1.656442,44.943380,0.615673,0.250102,-0.747243,0.000000,0.000000,0.000000,0.000000,0,0,2.749283,2.900330,41.305850,0.000000,-22.455040,1.664017,44.901270,333.831700,163.846500,19.290500,104.047200,98.172010,0.300000,1000.000000,0.900730,2468,2740,50.000000,off
1767081138063,2025-12-30 15:52:18.063,1031.620000,9.494934,23,10,2,0.011831,0.007219,-0.046960,-0.399429,-0.032104,0.916184,-22.475910,1.652539,44.943700,0.609302,0.252361,-0.751686,0.000000,0.000000,0.000000,0.000000,0,0,2.764389,2.876022,2.550365,0.000000,-22.453950,1.663300,44.901280,334.236800,163.231600,19.244160,104.047200,98.172010,0.300000,1000.000000,0.900730,2468,2740,50.000000,off
1767081138074,2025-12-30 15:52:18.074,1031.631000,9.506042,23,10,2,0.011831,0.007219,-0.046960,-0.399429,-0.032104,0.916184,-22.475290,1.652073,44.943520,0.617631,0.244978,-0.747318,0.000000,0.000000,0.000000,0.000000,0,0,2.764389,2.876022,2.550365,0.000000,-22.452860,1.662446,44.901250,334.712600,162.642700,19.233390,104.047200,98.172010,0.300000,1000.000000,0.900730,2468,2740,50.000000,off
1767081138085,2025-12-30 15:52:18.085,1031.643000,9.517151,23,10,2,0.017200,0.007597,-0.047689,-0.378922,-0.014893,0.925293,-22.479850,1.653141,44.943280,0.612910,0.260916,-0.745811,0.000000,0.000000,0.000000,0.000000,0,0,2.747803,2.704758,41.300960,0.000000,-22.451760,1.661433,44.901210,335.250600,162.017800,19.292400,104.047200,98.172010,0.300000,1000.000000,0.900730,2468,2740,50.000000,off
1767081138096,2025-12-30 15:52:18.096,1031.654000,9.528259,23,10,2,-0.016009,0.006813,-0.048011,-0.294754,-0.020905,0.955338,-22.448410,1.641753,44.948710,0.550972,0.283585,-0.784855,0.000000,0.000000,0.000000,0.000000,0,0,2.559418,2.723465,0.041066,0.000000,-22.450700,1.660378,44.901210,335.851200,161.353600,19.381930,104.047200,98.172010,0.300000,1000.000000,0.900730,2468,2740,50.000000,off
1767081138107,2025-12-30 15:52:18.107,1031.665000,9.539368,23,10,2,-0.016009,0.006813,-0.048011,-0.294754,-0.020905,0.955338,-22.447890,1.641161,44.949010,0.561632,0.273466,-0.780880,0.000000,0.000000,0.000000,0.000000,0,0,2.559418,2.723465,0.041066,0.000000,-22.449540,1.659351,44.901320,336.451500,160.632600,19.489100,104.047200,98.172010,0.300000,1000.000000,0.900730,2468,2740,50.000000,off
1767081138118,2025-12-30 15:52:18.118,1031.676000,9.550476,23,10,2,0.011831,0.007219,-0.046960,-0.399429,-0.032104,0.916184,-22.472760,1.650011,44.943000,0.656682,0.205104,-0.725719,0.000000,0.000000,0.000000,0.000000,0,0,2.764389,2.876022,0.649279,0.000000,-22.448190,1.658365,44.901490,337.091200,159.780300,19.643490,104.047200,98.172010,0.300000,1000.000000,0.900730,2468,2740,50.000000,off
1767081138129,2025-12-30 15:52:18.129,1031.687000,9.561584,23,10,2,0.017200,0.007597,-0.047689,-0.378922,-0.014893,0.925293,-22.477150,1.651332,44.942520,0.655957,0.219935,-0.722024,0.000000,0.000000,0.000000,0.000000,0,0,2.747803,2.704758,0.641467,0.000000,-22.446770,1.657451,44.901690,337.675900,158.868300,19.771100,104.047200,98.172010,0.300000,1000.000000,0.900730,2468,2740,50.000000,off
1767081138141,2025-12-30 15:52:18.141,1031.698000,9.572815,23,10,2,-0.022820,0.006593,-0.048097,-0.277496,-0.006287,0.960693,-22.439810,1.637348,44.951760,0.589988,0.263504,-0.763188,0.000000,0.000000,0.000000,0.000000,0,0,2.591080,2.777588,10.325980,0.000000,-22.445150,1.656665,44.902000,338.203800,157.854900,19.904030,104.047200,98.172010,0.300000,1000.000000,0.900730,2468,2740,50.000000,off
1767081138152,2025-12-30 15:52:18.152,1031.709000,9.583801,23,10,2,-0.022820,0.006593,-0.048097,-0.277496,-0.006287,0.960693,-22.439220,1.637030,44.952300,0.603870,0.255759,-0.754921,0.000000,0.000000,0.000000,0.000000,0,0,2.591080,2.777588,10.325980,0.000000,-22.443640,1.656015,44.902320,338.665200,156.863400,19.964360,104.047200,98.172010,0.300000,1000.000000,0.900730,2468,2740,50.000000,off
1767081138163,2025-12-30 15:52:18.163,1031.720000,9.594910,23,10,2,-0.017772,0.006583,-0.047699,-0.267029,0.022324,0.963425,-22.443090,1.638511,44.951110,0.613898,0.277198,-0.739108,0.000000,0.000000,0.000000,0.000000,0,0,2.791901,2.788162,10.325980,0.000000,-22.442170,1.655397,44.902650,339.143800,155.897200,20.014680,104.047200,98.172010,0.300000,1000.000000,0.900730,2468,2740,50.000000,off
1767081138174,2025-12-30 15:52:18.174,1031.731000,9.606018,23,10,2,0.008172,0.006868,-0.046044,-0.265854,0.022598,0.963745,-22.465280,1.647499,44.942700,0.625699,0.270502,-0.731658,0.000000,0.000000,0.000000,0.000000,0,0,2.789001,2.687943,0.633624,0.000000,-22.440830,1.654875,44.902920,339.606500,154.980500,20.001460,104.047200,98.172010,0.300000,1000.000000,0.900730,2468,2740,50.000000,off
1767081138185,2025-12-30 15:52:18.185,1031.743000,9.617126,23,10,2,0.029901,0.008028,-0.047843,-0.317963,-0.012421,0.948013,-22.484750,1.654801,44.938090,0.671341,0.210367,-0.710656,0.000000,0.000000,0.000000,0.000000,0,0,2.702301,2.904099,0.010083,0.000000,-22.439680,1.654433,44.903210,340.058300,154.170500,19.951580,104.047200,98.172010,0.300000,1000.000000,0.900730,2468,2740,50.000000,off
1767081138196,2025-12-30 15:52:18.196,1031.754000,9.628235,23,10,2,0.029901,0.008028,-0.047843,-0.317963,-0.012421,0.948013,-22.484220,1.654671,44.937720,0.681206,0.204100,-0.703054,0.000000,0.000000,0.000000,0.000000,0,0,2.702301,2.904099,0.010083,0.000000,-22.438680,1.653980,44.903460,340.480000,153.436500,19.827900,104.047200,98.172010,0.300000,1000.000000,0.900730,2468,2740,50.000000,off
1767081138207,2025-12-30 15:52:18.207,1031.765000,9.639343,23,10,2,0.033307,0.007714,-0.046090,-0.384552,-0.181213,0.905136,-22.486150,1.655829,44.934640,0.703716,0.014496,-0.710327,0.000000,0.000000,0.000000,0.000000,0,0,2.748978,2.897125,0.002475,0.000000,-22.437890,1.653565,44.903670,340.807600,152.816100,19.601160,104.047200,98.172010,0.300000,1000.000000,0.900730,2468,2740,50.000000,off
1767081138219,2025-12-30 15:52:18.219,1031.776000,9.650574,23,10,2,0.008172,0.006868,-0.046044,-0.265854,0.022598,0.963745,-22.463650,1.646922,44.942480,0.663223,0.248436,-0.705981,0.000000,0.000000,0.000000,0.000000,0,0,2.789001,2.687943,40.801930,0.000000,-22.437170,1.653111,44.903820,341.146900,152.259000,19.305000,104.047200,98.172010,0.300000,1000.000000,0.900730,2468,2740,50.000000,off
1767081138230,2025-12-30 15:52:18.230,1031.787000,9.661560,23,10,2,0.008172,0.006868,-0.046044,-0.265854,0.022598,0.963745,-22.463420,1.646656,44.942410,0.669403,0.245437,-0.701181,0.000000,0.000000,0.000000,0.000000,0,0,2.789001,2.687943,40.801930,0.000000,-22.436580,1.652653,44.903970,341.420400,151.810100,18.963630,104.047200,98.172010,0.300000,1000.000000,0.900730,2468,2740,50.000000,off
1767081138241,2025-12-30 15:52:18.241,1031.798000,9.672668,23,10,2,0.029901,0.008028,-0.047843,-0.317963,-0.012421,0.948013,-22.483140,1.653535,44.936270,0.708723,0.189675,-0.679500,0.000000,0.000000,0.000000,0.000000,0,0,2.702301,2.904099,10508.540000,0.000000,-22.436200,1.652245,44.903980,341.722500,151.421600,18.632800,104.047200,98.172010,0.300000,1000.000000,0.900730,2468,2740,50.000000,off
1767081138252,2025-12-30 15:52:18.252,1031.809000,9.683899,23,10,2,0.033243,0.007468,-0.045398,-0.371140,-0.165756,0.913651,-22.485070,1.654512,44.932420,0.723312,0.021070,-0.690183,0.000000,0.000000,0.000000,0.000000,0,0,2.782913,2.813126,2.596996,0.000000,-22.436020,1.651828,44.903970,342.041300,151.134300,18.314900,104.047200,98.172010,0.300000,1000.000000,0.900730,2468,2740,50.000000,off
1767081138263,2025-12-30 15:52:18.263,1031.820000,9.694885,23,10,2,0.032978,0.007244,-0.044930,-0.340302,-0.166718,0.925415,-22.484760,1.654133,44.931690,0.705102,0.028633,-0.708523,0.000000,0.000000,0.000000,0.000000,0,0,2.753448,2.904953,10.388230,0.000000,-22.435990,1.651433,44.903880,342.373700,150.920800,18.056250,104.047200,98.172010,0.300000,1000.000000,0.900730,2468,2740,50.000000,off
1767081138274,2025-12-30 15:52:18.274,1031.831000,9.705994,23,10,2,0.032978,0.007244,-0.044930,-0.340302,-0.166718,0.925415,-22.484870,1.653812,44.931270,0.708392,0.024801,-0.705378,0.000000,0.000000,0.000000,0.000000,0,0,2.753448,2.904953,10.388230,0.000000,-22.435970,1.650985,44.903720,342.669700,150.727000,17.805520,104.047200,98.172010,0.300000,1000.000000,0.900730,2468,2740,50.000000,off
1767081138285,2025-12-30 15:52:18.285,1031.843000,9.717102,23,10,2,0.032804,0.006932,-0.044102,-0.301102,-0.141373,0.943039,-22.484600,1.653456,44.930090,0.687874,0.060213,-0.723309,0.000000,0.000000,0.000000,0.000000,0,0,2.794952,2.892151,41.304860,0.000000,-22.436110,1.650578,44.903460,342.984000,150.612100,17.561050,104.047200,98.172010,0.300000,1000.000000,0.900730,2468,2740,50.000000,off
1767081138296,2025-12-30 15:52:18.296,1031.854000,9.728210,23,10,2,0.028735,0.006707,-0.044130,-0.274933,-0.133469,0.952148,-22.481370,1.651853,44.931110,0.672624,0.072731,-0.736393,0.000000,0.000000,0.000000,0.000000,0,0,2.799423,2.868271,0.645327,0.000000,-22.436300,1.650189,44.903110,343.327800,150.497600,17.311290,104.047200,98.172010,0.300000,1000.000000,0.900730,2468,2740,50.000000,off
1767081138307,2025-12-30 15:52:18.307,1031.865000,9.739197,23,10,2,0.028735,0.006707,-0.044130,-0.274933,-0.133469,0.952148,-22.481670,1.651515,44.930700,0.673932,0.068044,-0.735645,0.000000,0.000000,0.000000,0.000000,0,0,2.799423,2.868271,0.645327,0.000000,-22.436540,1.649702,44.902800,343.671500,150.474600,17.004750,104.047200,98.172010,0.300000,1000.000000,0.900730,2468,2740,50.000000,off
1767081138318,2025-12-30 15:52:18.318,1031.876000,9.750427,23,10,2,0.026204,0.007088,-0.045699,-0.178467,-0.140228,0.973892,-22.480500,1.650301,44.932630,0.600591,0.089700,-0.794497,0.000000,0.000000,0.000000,0.000000,0,0,2.880966,2.807983,0.010083,0.000000,-22.436830,1.649130,44.902360,344.025100,150.458900,16.654540,104.047200,98.172010,0.300000,1000.000000,0.900730,2468,2740,50.000000,off
1767081138329,2025-12-30 15:52:18.329,1031.887000,9.761536,23,10,2,0.032804,0.006932,-0.044102,-0.301102,-0.141373,0.943039,-22.485830,1.652029,44.928040,0.694269,0.041081,-0.718522,0.000000,0.000000,0.000000,0.000000,0,0,2.794952,2.892151,10.451220,0.000000,-22.437070,1.648590,44.901970,344.423900,150.431800,16.307070,104.047200,98.172010,0.300000,1000.000000,0.900730,2468,2740,50.000000,off
1767081138340,2025-12-30 15:52:18.340,1031.898000,9.772644,23,10,2,0.028735,0.006707,-0.044130,-0.274933,-0.133469,0.952148,-22.482680,1.650300,44.929040,0.677751,0.052796,-0.733386,0.000000,0.000000,0.000000,0.000000,0,0,2.799423,2.868271,0.160355,0.000000,-22.437390,1.648021,44.901450,344.804300,150.435200,15.956480,104.047200,98.172010,0.300000,1000.000000,0.900730,2468,2740,50.000000,off
1767081138352,2025-12-30 15:52:18.352,1031.909000,9.783752,23,10,2,0.028735,0.006707,-0.044130,-0.274933,-0.133469,0.952148,-22.483080,1.649867,44.928440,0.678694,0.047678,-0.732864,0.000000,0.000000,0.000000,0.000000,0,0,2.799423,2.868271,0.160355,0.000000,-22.437740,1.647426,44.900930,345.179300,150.439400,15.632930,104.047200,98.172010,0.300000,1000.000000,0.900730,2468,2740,50.000000,off
1767081138363,2025-12-30 15:52:18.363,1031.920000,9.794861,23,10,2,0.029948,0.006858,-0.044212,-0.177124,-0.138626,0.974365,-22.484450,1.649868,44.927470,0.604510,0.068120,-0.793666,-13.561890,2.655315,33.212970,14.759830,Node16,NodeMarker,2.893143,2.737106,2643.324000,0.000000,-22.438000,1.646815,44.900430,345.560800,150.431800,15.339640,104.047200,98.172010,0.300000,1000.000000,0.900730,2468,2740,50.000000,off
1767081138374,2025-12-30 15:52:18.374,1031.931000,9.805969,23,10,2,0.026402,0.007112,-0.045219,-0.149231,-0.110321,0.982620,-22.482130,1.648519,44.929290,0.588318,0.097142,-0.802763,0.000000,0.000000,0.000000,0.000000,0,0,2.868317,2.872971,2643.324000,0.000000,-22.438270,1.646144,44.899910,345.970600,150.417400,15.106980,104.047200,98.172010,0.300000,1000.000000,0.900730,2468,2740,50.000000,off
1767081138385,2025-12-30 15:52:18.385,1031.943000,9.817200,23,10,2,0.026402,0.007112,-0.045219,-0.149231,-0.110321,0.982620,-22.482350,1.648155,44.928650,0.589462,0.090635,-0.802685,0.000000,0.000000,0.000000,0.000000,0,0,2.868317,2.872971,2643.324000,0.000000,-22.438450,1.645530,44.899350,346.370000,150.386400,14.910600,104.047200,98.172010,0.300000,1000.000000,0.900730,2468,2740,50.000000,off
1767081138396,2025-12-30 15:52:18.396,1031.953000,9.828064,23,10,2,-0.014050,0.006179,-0.046984,-0.108002,-0.135574,0.984848,-22.448450,1.636572,44.946540,0.553439,0.070258,-0.829904,0.000000,0.000000,0.000000,0.000000,0,0,2.856949,2.856430,0.160355,0.000000,-22.438700,1.644942,44.898810,346.815700,150.328700,14.705080,104.047200,98.172010,0.300000,1000.000000,0.900730,2468,2740,50.000000,off
1767081138407,2025-12-30 15:52:18.407,1031.965000,9.839294,23,10,2,-0.029431,0.005722,-0.047230,-0.082611,-0.115143,0.989899,-22.435570,1.632143,44.952820,0.538096,0.089938,-0.838061,-18.617240,2.270345,39.005940,7.095942,Target25,Target,2.934006,2.940964,0.645328,0.000000,-22.438880,1.644352,44.898330,347.230100,150.244300,14.471800,104.047200,98.172010,0.300000,1000.000000,0.900730,2468,2740,50.000000,off
1767081138418,2025-12-30 15:52:18.418,1031.976000,9.850525,23,10,2,-0.003870,0.006852,-0.046221,-0.078873,-0.070831,0.994354,-22.457450,1.639395,44.940780,0.544095,0.126989,-0.829345,0.000000,0.000000,0.000000,0.000000,0,0,3.035751,2.912094,0.641437,0.000000,-22.439090,1.643730,44.897870,347.634600,150.150400,14.174280,104.047200,98.172010,0.300000,1000.000000,0.900730,2468,2740,50.000000,off
1767081138430,2025-12-30 15:52:18.430,1031.987000,9.861389,23,10,2,-0.003870,0.006852,-0.046221,-0.078873,-0.070831,0.994354,-22.457750,1.639112,44.940350,0.546569,0.120930,-0.828623,0.000000,0.000000,0.000000,0.000000,0,0,3.035751,2.912094,0.641437,0.000000,-22.439250,1.643120,44.897450,348.002900,150.032400,13.870630,104.047200,98.172010,0.300000,1000.000000,0.900730,2468,2740,50.000000,off
1767081138440,2025-12-30 15:52:18.440,1031.998000,9.872498,23,10,2,-0.014050,0.006179,-0.046984,-0.108002,-0.135574,0.984848,-22.449710,1.635731,44.944930,0.562526,0.044337,-0.825572,0.000000,0.000000,0.000000,0.000000,0,0,2.856949,2.856430,2.565685,0.000000,-22.439460,1.642529,44.897050,348.388200,149.933900,13.551960,104.047200,98.172010,0.300000,1000.000000,0.900730,2468,2740,50.000000,off
1767081138451,2025-12-30 15:52:18.451,1032.009000,9.883728,23,10,2,-0.029431,0.005722,-0.047230,-0.082611,-0.115143,0.989899,-22.436920,1.631585,44.951550,0.547389,0.064282,-0.834395,0.000000,0.000000,0.000000,0.000000,0,0,2.934006,2.940964,41.053880,0.000000,-22.439670,1.641922,44.896640,348.771100,149.840500,13.223960,104.047200,98.172010,0.300000,1000.000000,0.900730,2468,2740,50.000000,off
1767081138463,2025-12-30 15:52:18.463,1032.020000,9.894836,23,10,2,-0.029431,0.005722,-0.047230,-0.082611,-0.115143,0.989899,-22.437290,1.631402,44.951300,0.549517,0.057818,-0.833469,0.000000,0.000000,0.000000,0.000000,0,0,2.934006,2.940964,41.053880,0.000000,-22.439890,1.641284,44.896300,349.157700,149.744700,12.943910,104.047200,98.172010,0.300000,1000.000000,0.900730,2468,2740,50.000000,off
1767081138474,2025-12-30 15:52:18.474,1032.031000,9.905945,23,10,2,0.016734,0.007334,-0.044807,-0.098785,-0.050842,0.993805,-22.476060,1.643047,44.928230,0.573949,0.110431,-0.811406,0.000000,0.000000,0.000000,0.000000,0,0,3.107834,2.911743,2643.762000,0.000000,-22.440100,1.640536,44.895950,349.532500,149.643900,12.694170,104.047200,98.172010,0.300000,1000.000000,0.900730,2468,2740,50.000000,off
1767081138485,2025-12-30 15:52:18.485,1032.042000,9.916931,23,10,2,0.008864,0.007305,-0.045954,-0.057571,-0.092361,0.994049,-22.470200,1.640773,44.932460,0.536551,0.072822,-0.840707,-18.731700,2.148172,39.074710,6.967570,Target25,Target,3.005798,2.890533,2.550182,0.000000,-22.440360,1.639903,44.895690,349.927600,149.538000,12.465940,104.047200,98.172010,0.300000,1000.000000,0.900730,2468,2740,50.000000,off
1767081138496,2025-12-30 15:52:18.496,1032.054000,9.928284,23,10,2,-0.013410,0.006517,-0.046860,0.004807,-0.187622,0.982224,-22.451970,1.634867,44.943030,0.470119,-0.014085,-0.882484,-19.605460,1.549586,39.599720,6.054813,Target25,Target,3.021393,2.834518,10.263470,0.000000,-22.440620,1.639306,44.895390,350.293900,149.394400,12.300420,104.047200,98.172010,0.300000,1000.000000,0.900730,2468,2740,50.000000,off
1767081138507,2025-12-30 15:52:18.507,1032.065000,9.939392,23,10,2,-0.013410,0.006517,-0.046860,0.004807,-0.187622,0.982224,-22.452300,1.634660,44.942800,0.472715,-0.020324,-0.880974,-19.575710,1.510985,39.581840,6.085226,Target25,Target,3.021393,2.834518,10.263470,0.000000,-22.440810,1.638768,44.895160,350.643800,149.255600,12.117190,104.047200,98.172010,0.300000,1000.000000,0.900730,2468,2740,50.000000,off
1767081138519,2025-12-30 15:52:18.519,1032.076000,9.950500,23,10,2,0.022677,0.007546,-0.045068,-0.013306,-0.197372,0.980225,-22.482520,1.643201,44.924170,0.489035,-0.039584,-0.871350,-19.437650,1.396736,39.498890,6.226213,Target25,Target,3.086838,2.992157,41.302910,0.000000,-22.441000,1.638336,44.894950,350.971300,149.094800,11.976640,104.047200,98.172010,0.300000,1000.000000,0.900730,2468,2740,50.000000,off
1767081138530,2025-12-30 15:52:18.530,1032.087000,9.961609,23,10,2,0.026307,0.007582,-0.044560,-0.005615,-0.173035,0.984894,-22.485620,1.643743,44.921640,0.490148,-0.019050,-0.871424,-19.434400,1.525157,39.496940,6.225058,Target25,Target,3.085693,3.082245,41.302910,0.000000,-22.441160,1.637844,44.894740,351.269800,148.926800,11.822260,104.047200,98.172010,0.300000,1000.000000,0.900730,2468,2740,50.000000,off
1767081138541,2025-12-30 15:52:18.541,1032.098000,9.972717,23,10,2,0.026307,0.007582,-0.044560,-0.005615,-0.173035,0.984894,-22.485850,1.643523,44.921330,0.492962,-0.024025,-0.869713,-19.399290,1.493094,39.475840,6.261217,Target25,Target,3.085693,3.082245,41.302910,0.000000,-22.441310,1.637448,44.894610,351.551500,148.758300,11.703420,104.047200,98.172010,0.300000,1000.000000,0.900730,2468,2740,50.000000,off
1767081138552,2025-12-30 15:52:18.552,1032.109000,9.983826,23,10,2,-0.013410,0.006517,-0.046860,0.004807,-0.187622,0.982224,-22.453580,1.634021,44.942040,0.484228,-0.041308,-0.873960,-19.437770,1.376755,39.498970,6.228021,Target25,Target,3.021393,2.834518,41.302930,0.000000,-22.441450,1.637035,44.894470,351.826000,148.575000,11.608810,104.047200,98.172010,0.300000,1000.000000,0.900730,2468,2740,50.000000,off
1767081138563,2025-12-30 15:52:18.563,1032.120000,9.994934,23,10,2,0.022677,0.007546,-0.045068,-0.013306,-0.197372,0.980225,-22.483530,1.642173,44.922940,0.500506,-0.059676,-0.863658,-19.288120,1.261181,39.409050,6.384265,Target25,Target,3.086838,2.992157,10.388720,0.000000,-22.441640,1.636542,44.894390,352.112400,148.389500,11.535750,104.047200,98.172010,0.300000,1000.000000,0.900730,2468,2740,50.000000,off
1767081138574,2025-12-30 15:52:18.574,1032.131000,10.006040,23,10,2,0.029380,0.007700,-0.044329,-0.003967,-0.162872,0.986633,-22.489110,1.643484,44.918770,0.502325,-0.028987,-0.864186,-19.285590,1.458626,39.407520,6.377347,Target25,Target,3.112503,2.991272,10.326210,0.000000,-22.441860,1.636033,44.894290,352.428500,148.191000,11.513690,104.047200,98.172010,0.300000,1000.000000,0.900730,2468,2740,50.000000,off
1767081138585,2025-12-30 15:52:18.585,1032.143000,10.017150,23,10,2,0.029380,0.007700,-0.044329,-0.003967,-0.162872,0.986633,-22.489340,1.643284,44.918540,0.505687,-0.034307,-0.862028,-19.240570,1.422881,39.380470,6.424431,Target25,Target,3.112503,2.991272,10.326210,0.000000,-22.442020,1.635574,44.894280,352.734600,147.956600,11.546720,104.047200,98.172010,0.300000,1000.000000,0.900730,2468,2740,50.000000,off
1767081138596,2025-12-30 15:52:18.596,1032.154000,10.028260,23,10,2,0.028081,0.007718,-0.044265,-0.002258,-0.132965,0.991104,-22.488420,1.642933,44.918900,0.513505,-0.009955,-0.858013,-19.136270,1.577946,39.317800,6.527901,Target25,Target,3.098892,2.919785,0.633593,0.000000,-22.442150,1.635184,44.894280,353.057400,147.698100,11.575360,104.047200,98.172010,0.300000,1000.000000,0.900730,2468,2740,50.000000,off
1767081138607,2025-12-30 15:52:18.607,1032.165000,10.039250,23,10,2,0.020261,0.007665,-0.044947,0.007721,-0.125183,0.992096,-22.482340,1.641182,44.923180,0.511447,-0.005021,-0.859292,-19.151490,1.608483,39.326950,6.512564,Target25,Target,3.103348,2.967636,0.633593,0.000000,-22.442120,1.634900,44.894330,353.329800,147.363700,11.595360,104.047200,98.172010,0.300000,1000.000000,0.900730,2468,2740,50.000000,off
1767081138619,2025-12-30 15:52:18.619,1032.176000,10.050480,23,10,2,0.020261,0.007665,-0.044947,0.007721,-0.125183,0.992096,-22.482390,1.641144,44.923020,0.516519,-0.008751,-0.856222,-19.080990,1.583518,39.284590,6.585197,Target25,Target,3.103348,2.967636,0.633593,0.000000,-22.442020,1.634687,44.894430,353.543900,147.022900,11.604150,104.047200,98.172010,0.300000,1000.000000,0.900730,2468,2740,50.000000,off
1767081138630,2025-12-30 15:52:18.630,1032.187000,10.061580,23,10,2,0.001104,0.007162,-0.045854,0.037506,-0.139114,0.989563,-22.466920,1.636678,44.933390,0.494051,-0.018126,-0.869241,-19.347230,1.522224,39.444560,6.314492,Target25,Target,3.114471,2.925461,164.207800,0.000000,-22.441740,1.634573,44.894440,353.629300,146.675400,11.607590,104.047200,98.172010,0.300000,1000.000000,0.900730,2468,2740,50.000000,off
1767081138641,2025-12-30 15:52:18.641,1032.198000,10.072690,23,10,2,0.021904,0.007703,-0.044902,0.044922,-0.094025,0.994553,-22.483540,1.641418,44.921700,0.500870,0.025696,-0.865137,-19.294050,1.805049,39.412610,6.367864,Target25,Target,3.126785,3.036423,0.160355,0.000000,-22.441500,1.634426,44.894520,353.750200,146.323000,11.603250,104.047200,98.172010,0.300000,1000.000000,0.900730,2468,2740,50.000000,off
1767081138652,2025-12-30 15:52:18.652,1032.209000,10.083800,23,10,2,0.020261,0.007665,-0.044947,0.007721,-0.125183,0.992096,-22.482230,1.640973,44.922550,0.532950,-0.016133,-0.845984,-18.838750,1.530681,39.139030,6.836385,Target25,Target,3.103348,2.967636,0.161332,0.000000,-22.441330,1.634189,44.894790,353.966000,145.917700,11.568710,104.047200,98.172010,0.300000,1000.000000,0.900730,2468,2740,50.000000,off
1767081138663,2025-12-30 15:52:18.663,1032.220000,10.094910,23,10,2,0.020261,0.007665,-0.044947,0.007721,-0.125183,0.992096,-22.482000,1.640733,44.922520,0.538084,-0.018230,-0.842685,-18.758110,1.514572,39.090580,6.920609,Target25,Target,3.103348,2.967636,0.161332,0.000000,-22.440940,1.633896,44.895020,354.082100,145.583200,11.442380,104.047200,98.172010,0.300000,1000.000000,0.900730,2468,2740,50.000000,off
1767081138674,2025-12-30 15:52:18.674,1032.231000,10.106020,23,10,2,0.001104,0.007162,-0.045854,0.037506,-0.139114,0.989563,-22.466840,1.636201,44.933440,0.516931,-0.028715,-0.855542,-19.038170,1.445745,39.258860,6.632712,Target25,Target,3.114471,2.925461,41.299990,0.000000,-22.440640,1.633616,44.895200,354.222300,145.176600,11.372080,104.047200,98.172010,0.300000,1000.000000,0.900730,2468,2740,50.000000,off
1767081138685,2025-12-30 15:52:18.685,1032.243000,10.117250,23,10,2,0.026096,0.007625,-0.044012,0.040756,-0.076431,0.996231,-22.485930,1.641585,44.918350,0.530074,0.030357,-0.847396,-18.890070,1.847516,39.169870,6.783633,Target25,Target,3.190552,2.919540,162.207800,0.000000,-22.440290,1.633348,44.895440,354.411300,144.822800,11.282640,104.047200,98.172010,0.300000,1000.000000,0.900730,2468,2740,50.000000,off
1767081138696,2025-12-30 15:52:18.696,1032.254000,10.128230,23,10,2,0.026096,0.007625,-0.044012,0.040756,-0.076431,0.996231,-22.485710,1.641359,44.918260,0.535539,0.027062,-0.844064,-18.806720,1.827265,39.119790,6.869629,Target25,Target,3.190552,2.919540,162.207800,0.000000,-22.439930,1.633019,44.895660,354.595000,144.463000,11.181930,104.047200,98.172010,0.300000,1000.000000,0.900730,2468,2740,50.000000,off
1767081138707,2025-12-30 15:52:18.707,1032.265000,10.139220,23,10,2,0.029859,0.007809,-0.043935,0.048111,-0.068466,0.996491,-22.488570,1.642084,44.916090,0.536062,0.032458,-0.843552,-18.804130,1.865172,39.118240,6.873127,Target25,Target,3.124374,3.106369,0.040576,0.000000,-22.439690,1.632682,44.895960,354.812100,144.098400,11.137420,104.047200,98.172010,0.300000,1000.000000,0.900730,2468,2740,50.000000,off
1767081138718,2025-12-30 15:52:18.718,1032.276000,10.150330,23,10,2,0.030547,0.007856,-0.043787,0.055420,-0.068451,0.996109,-22.488900,1.641997,44.915480,0.535995,0.029792,-0.843690,-18.807010,1.846645,39.119960,6.869222,Target25,Target,3.167648,3.046982,0.637530,0.000000,-22.439440,1.632214,44.896220,355.045800,143.693800,11.149720,104.047200,98.172010,0.300000,1000.000000,0.900730,2468,2740,50.000000,off
1767081138729,2025-12-30 15:52:18.729,1032.287000,10.161440,23,10,2,0.030126,0.008022,-0.044307,0.043060,-0.096863,0.994354,-22.488660,1.641796,44.916080,0.547320,-0.004775,-0.836896,-18.627540,1.608113,39.012130,7.054503,Target25,Target,3.121780,3.082184,0.641436,0.000000,-22.439150,1.631785,44.896500,355.290300,143.319900,11.147530,104.047200,98.172010,0.300000,1000.000000,0.900730,2468,2740,50.000000,off
1767081138740,2025-12-30 15:52:18.740,1032.298000,10.172550,23,10,2,0.030126,0.008022,-0.044307,0.043060,-0.096863,0.994354,-22.488520,1.641585,44.915980,0.552955,-0.009682,-0.833141,0.000000,0.000000,0.000000,0.000000,0,0,3.121780,3.082184,0.641436,0.000000,-22.438910,1.631355,44.896770,355.571600,142.932400,11.140850,104.047200,98.172010,0.300000,1000.000000,0.900730,2468,2740,50.000000,off
1767081138752,2025-12-30 15:52:18.752,1032.309000,10.183530,23,10,2,0.032810,0.008003,-0.044473,-0.175034,-0.114914,0.977829,-22.490660,1.641855,44.914390,0.718232,-0.074459,-0.691802,0.000000,0.000000,0.000000,0.000000,0,0,3.104111,3.108261,0.161340,0.000000,-22.438720,1.630989,44.896990,355.803700,142.559500,11.077240,104.047200,98.172010,0.300000,1000.000000,0.900730,2468,2740,50.000000,off
1767081138763,2025-12-30 15:52:18.763,1032.320000,10.194640,23,10,2,0.030547,0.007856,-0.043787,0.055420,-0.068451,0.996109,-22.488330,1.641039,44.915040,0.557121,0.013149,-0.830322,0.000000,0.000000,0.000000,0.000000,0,0,3.167648,3.046982,0.040085,0.000000,-22.438490,1.630597,44.897170,355.991100,142.271400,10.991690,104.047200,98.172010,0.300000,1000.000000,0.900730,2468,2740,50.000000,off
1767081138774,2025-12-30 15:52:18.774,1032.331000,10.205750,23,10,2,0.030126,0.008022,-0.044307,0.043060,-0.096863,0.994354,-22.488290,1.640839,44.915550,0.566617,-0.020688,-0.823708,-14.151800,1.336465,32.796550,14.712570,Node16,NodeMarker,3.121780,3.082184,10.137740,0.000000,-22.438400,1.630247,44.897280,356.188100,142.002600,10.887160,104.047200,98.172010,0.300000,1000.000000,0.900730,2468,2740,50.000000,off
1767081138785,2025-12-30 15:52:18.785,1032.343000,10.217100,23,10,2,0.030126,0.008022,-0.044307,0.043060,-0.096863,0.994354,-22.488310,1.640630,44.915430,0.569514,-0.024421,-0.821605,-14.190010,1.284800,32.943960,14.570680,Node16,NodeMarker,3.121780,3.082184,10.137740,0.000000,-22.438370,1.629923,44.897380,356.396400,141.805800,10.787620,104.047200,98.172010,0.300000,1000.000000,0.900730,2468,2740,50.000000,off
1767081138796,2025-12-30 15:52:18.796,1032.354000,10.228210,23,10,2,0.032838,0.007923,-0.044317,-0.207993,-0.092316,0.973755,-22.490540,1.640811,44.913680,0.754435,-0.071195,-0.652489,0.000000,0.000000,0.000000,0.000000,0,0,3.205338,3.083481,0.009840,0.000000,-22.438430,1.629600,44.897430,356.596000,141.678500,10.673260,104.047200,98.172010,0.300000,1000.000000,0.900730,2468,2740,50.000000,off
1767081138807,2025-12-30 15:52:18.807,1032.365000,10.239070,23,10,2,0.032691,0.007933,-0.044484,-0.161453,-0.082901,0.983383,-22.490660,1.640586,44.913720,0.726485,-0.055868,-0.684895,0.000000,0.000000,0.000000,0.000000,0,0,3.152359,2.995850,0.040091,0.000000,-22.438540,1.629310,44.897390,356.791800,141.577500,10.556360,104.047200,98.172010,0.300000,1000.000000,0.900730,2468,2740,50.000000,off
1767081138819,2025-12-30 15:52:18.819,1032.376000,10.250310,23,10,2,0.032691,0.007933,-0.044484,-0.161453,-0.082901,0.983383,-22.490860,1.640431,44.913510,0.727423,-0.058610,-0.683669,0.000000,0.000000,0.000000,0.000000,0,0,3.152359,2.995850,0.040091,0.000000,-22.438720,1.629083,44.897290,356.969400,141.505100,10.428040,104.047200,98.172010,0.300000,1000.000000,0.900730,2468,2740,50.000000,off
1767081138829,2025-12-30 15:52:18.829,1032.387000,10.261290,23,10,2,0.023344,0.007808,-0.045345,-0.141907,-0.077744,0.986816,-22.484390,1.638375,44.919630,0.715244,-0.052095,-0.696922,0.000000,0.000000,0.000000,0.000000,0,0,3.153198,3.018829,0.040091,0.000000,-22.438940,1.628814,44.897160,357.116300,141.488600,10.302250,104.047200,98.172010,0.300000,1000.000000,0.900730,2468,2740,50.000000,off
1767081138841,2025-12-30 15:52:18.841,1032.398000,10.272400,23,10,2,0.001789,0.007204,-0.046095,-0.100464,-0.102020,0.989685,-22.468420,1.633773,44.933020,0.682152,-0.071079,-0.727733,0.000000,0.000000,0.000000,0.000000,0,0,3.179688,3.033401,0.157429,0.000000,-22.439160,1.628561,44.897010,357.280100,141.500600,10.183360,104.047200,98.172010,0.300000,1000.000000,0.900730,2468,2740,50.000000,off
1767081138851,2025-12-30 15:52:18.851,1032.409000,10.283630,23,10,2,0.026395,0.007810,-0.044652,-0.095276,-0.059647,0.993652,-22.486880,1.638617,44.916870,0.684395,-0.030997,-0.728439,0.000000,0.000000,0.000000,0.000000,0,0,3.239655,3.043152,0.641406,0.000000,-22.439520,1.628329,44.896800,357.447100,141.573700,10.030890,104.047200,98.172010,0.300000,1000.000000,0.900730,2468,2740,50.000000,off
1767081138862,2025-12-30 15:52:18.862,1032.420000,10.294620,23,10,2,0.026395,0.007810,-0.044652,-0.095276,-0.059647,0.993652,-22.487270,1.638360,44.916690,0.683045,-0.033477,-0.729595,0.000000,0.000000,0.000000,0.000000,0,0,3.239655,3.043152,0.641406,0.000000,-22.439950,1.628008,44.896580,357.600800,141.685700,9.899862,104.047200,98.172010,0.300000,1000.000000,0.900730,2468,2740,50.000000,off
1767081138874,2025-12-30 15:52:18.874,1032.431000,10.305730,23,10,2,0.023344,0.007808,-0.045345,-0.141907,-0.077744,0.986816,-22.485750,1.637544,44.918900,0.711512,-0.062193,-0.699908,0.000000,0.000000,0.000000,0.000000,0,0,3.153198,3.018829,2.565745,0.000000,-22.440420,1.627664,44.896330,357.769000,141.820200,9.764297,104.047200,98.172010,0.300000,1000.000000,0.900730,2468,2740,50.000000,off
1767081138885,2025-12-30 15:52:18.885,1032.442000,10.316830,23,10,2,0.001789,0.007204,-0.046095,-0.100464,-0.102020,0.989685,-22.469940,1.633111,44.932240,0.676275,-0.081617,-0.732099,0.000000,0.000000,0.000000,0.000000,0,0,3.179688,3.033401,0.641391,0.000000,-22.440970,1.627377,44.896080,357.932700,141.987700,9.634433,104.047200,98.172010,0.300000,1000.000000,0.900730,2468,2740,50.000000,off
1767081138896,2025-12-30 15:52:18.896,1032.453000,10.327940,23,10,2,0.001789,0.007204,-0.046095,-0.100464,-0.102020,0.989685,-22.470390,1.632998,44.932000,0.674247,-0.083805,-0.733720,0.000000,0.000000,0.000000,0.000000,0,0,3.179688,3.033401,0.641391,0.000000,-22.441520,1.627155,44.895780,358.068600,142.151200,9.517307,104.047200,98.172010,0.300000,1000.000000,0.900730,2468,2740,50.000000,off
1767081138907,2025-12-30 15:52:18.907,1032.464000,10.339050,23,10,2,0.025223,0.007741,-0.044524,-0.089828,-0.051453,0.994614,-22.488190,1.637271,44.916580,0.672479,-0.033720,-0.739330,0.000000,0.000000,0.000000,0.000000,0,0,3.269699,3.067429,0.010083,0.000000,-22.442060,1.626933,44.895500,358.173400,142.313700,9.416487,104.047200,98.172010,0.300000,1000.000000,0.900730,2468,2740,50.000000,off
1767081138918,2025-12-30 15:52:18.918,1032.475000,10.350040,23,10,2,0.018824,0.007637,-0.045111,-0.069427,-0.043411,0.996628,-22.484020,1.636003,44.920670,0.656764,-0.024049,-0.753694,0.000000,0.000000,0.000000,0.000000,0,0,3.238297,3.049774,10.262500,0.000000,-22.442600,1.626775,44.895220,358.273100,142.455900,9.343389,104.047200,98.172010,0.300000,1000.000000,0.900730,2468,2740,50.000000,off
1767081138929,2025-12-30 15:52:18.929,1032.487000,10.361270,23,10,2,0.011661,0.007494,-0.045686,-0.061874,-0.033905,0.997498,-22.479230,1.634554,44.925200,0.650850,-0.014788,-0.759049,0.000000,0.000000,0.000000,0.000000,0,0,3.288589,3.101883,0.161340,0.000000,-22.443140,1.626592,44.894980,358.354700,142.575700,9.286035,104.047200,98.172010,0.300000,1000.000000,0.900730,2468,2740,50.000000,off
1767081138940,2025-12-30 15:52:18.940,1032.498000,10.372380,23,10,2,0.011661,0.007494,-0.045686,-0.061874,-0.033905,0.997498,-22.479630,1.634472,44.924990,0.649087,-0.015859,-0.760535,-12.882610,1.399983,33.680170,14.785260,Node16,NodeMarker,3.288589,3.101883,0.161340,0.000000,-22.443610,1.626470,44.894700,358.420100,142.710900,9.216276,104.047200,98.172010,0.300000,1000.000000,0.900730,2468,2740,50.000000,off
1767081138952,2025-12-30 15:52:18.952,1032.509000,10.383610,23,10,2,0.005718,0.007399,-0.046308,-0.053955,-0.040360,0.997726,-22.475740,1.633424,44.928780,0.640823,-0.021623,-0.767384,-13.224580,1.321260,33.850530,14.436370,Node16,NodeMarker,3.207581,3.043793,0.009962,0.000000,-22.444070,1.626456,44.894410,358.461000,142.820900,9.163241,104.047200,98.172010,0.300000,1000.000000,0.900730,2468,2740,50.000000,off
1767081138963,2025-12-30 15:52:18.963,1032.520000,10.394710,23,10,2,-0.002768,0.006977,-0.046008,-0.039566,-0.042160,0.998322,-22.469270,1.631640,44.933280,0.628207,-0.021809,-0.777733,-13.525050,1.321131,33.860160,14.237600,Node16,NodeMarker,3.249908,3.072342,0.040338,0.000000,-22.444510,1.626394,44.894130,358.503500,142.927000,9.119245,104.047200,98.172010,0.300000,1000.000000,0.900730,2468,2740,50.000000,off
1767081138974,2025-12-30 15:52:18.974,1032.531000,10.405820,23,10,2,-0.002768,0.006977,-0.046008,-0.039566,-0.042160,0.998322,-22.469660,1.631622,44.933030,0.627193,-0.022218,-0.778540,-13.546380,1.315524,33.856490,14.227240,Node16,NodeMarker,3.249908,3.072342,0.040338,0.000000,-22.444940,1.626352,44.893850,358.528500,143.003600,9.069958,104.047200,98.172010,0.300000,1000.000000,0.900730,2468,2740,50.000000,off
1767081138985,2025-12-30 15:52:18.985,1032.542000,10.416930,23,10,2,0.028129,0.007977,-0.044824,-0.068619,-0.016006,0.997513,-22.493610,1.637484,44.913770,0.651854,-0.001414,-0.758341,0.000000,0.000000,0.000000,0.000000,0,0,3.171982,3.060745,0.009900,0.000000,-22.445290,1.626331,44.893650,358.555800,143.060300,9.016307,104.047200,98.172010,0.300000,1000.000000,0.900730,2468,2740,50.000000,off
1767081138996,2025-12-30 15:52:18.996,1032.553000,10.427920,23,10,2,0.005718,0.007399,-0.046308,-0.053955,-0.040360,0.997726,-22.477050,1.633319,44.927960,0.637355,-0.023176,-0.770221,-13.323600,1.300481,33.866340,14.361610,Node16,NodeMarker,3.207581,3.043793,0.040824,0.000000,-22.445530,1.626287,44.893480,358.559400,143.087400,8.964039,104.047200,98.172010,0.300000,1000.000000,0.900730,2468,2740,50.000000,off
1767081139007,2025-12-30 15:52:19.007,1032.565000,10.439150,23,10,2,-0.002768,0.006977,-0.046008,-0.039566,-0.042160,0.998322,-22.470420,1.631611,44.932490,0.626286,-0.023026,-0.779246,-13.565510,1.304217,33.852690,14.218530,Node16,NodeMarker,3.249908,3.072342,0.000159,0.000000,-22.445750,1.626291,44.893300,358.579800,143.076800,8.918457,104.047200,98.172010,0.300000,1000.000000,0.900730,2468,2740,50.000000,off
1767081139018,2025-12-30 15:52:19.018,1032.576000,10.450260,23,10,2,-0.002768,0.006977,-0.046008,-0.039566,-0.042160,0.998322,-22.470630,1.631584,44.932370,0.626563,-0.023113,-0.779021,-13.560190,1.302888,33.853800,14.221070,Node16,NodeMarker,3.249908,3.072342,0.000159,0.000000,-22.445940,1.626254,44.893200,358.586500,143.058800,8.866982,104.047200,98.172010,0.300000,1000.000000,0.900730,2468,2740,50.000000,off
1767081139029,2025-12-30 15:52:19.029,1032.587000,10.461360,23,10,2,0.024648,0.007918,-0.044983,-0.076950,-0.000900,0.997025,-22.491780,1.636793,44.915320,0.660615,0.011649,-0.750621,0.000000,0.000000,0.000000,0.000000,0,0,3.237625,2.975815,0.649280,0.000000,-22.446070,1.626282,44.893100,358.599700,143.002400,8.843331,104.047200,98.172010,0.300000,1000.000000,0.900730,2468,2740,50.000000,off
1767081139040,2025-12-30 15:52:19.040,1032.598000,10.472230,23,10,2,0.004718,0.007570,-0.046118,-0.057632,-0.014862,0.998215,-22.476880,1.633358,44.927820,0.645857,0.001059,-0.763441,-13.056670,1.648811,33.792580,14.585410,Node16,NodeMarker,3.144943,3.077408,0.649280,0.000000,-22.446160,1.626292,44.892990,358.588500,142.903100,8.834295,104.047200,98.172010,0.300000,1000.000000,0.900730,2468,2740,50.000000,off
1767081139051,2025-12-30 15:52:19.051,1032.609000,10.483580,23,10,2,0.004718,0.007570,-0.046118,-0.057632,-0.014862,0.998215,-22.477020,1.633431,44.927670,0.647238,0.001131,-0.762271,-12.994130,1.649998,33.759390,14.651140,Node16,NodeMarker,3.144943,3.077408,0.649280,0.000000,-22.446240,1.626368,44.892900,358.584400,142.799400,8.834050,104.047200,98.172010,0.300000,1000.000000,0.900730,2468,2740,50.000000,off
1767081139063,2025-12-30 15:52:19.063,1032.620000,10.494690,23,10,2,-0.019184,0.006946,-0.046967,-0.028305,-0.018738,0.999420,-22.458890,1.629148,44.942380,0.626232,0.002158,-0.779630,-13.553200,1.659838,33.855200,14.221030,Node16,NodeMarker,3.116318,3.046051,10.388230,0.000000,-22.446270,1.626406,44.892820,358.566000,142.665000,8.828966,104.047200,98.172010,0.300000,1000.000000,0.900730,2468,2740,50.000000,off
1767081139074,2025-12-30 15:52:19.074,1032.631000,10.505800,23,10,2,0.027758,0.008426,-0.044057,-0.045380,0.066605,0.996735,-22.493990,1.637936,44.912090,0.648882,0.084073,-0.756214,0.000000,0.000000,0.000000,0.000000,0,0,3.242996,3.054199,2.581432,0.000000,-22.446260,1.626472,44.892770,358.549200,142.535700,8.822320,104.047200,98.172010,0.300000,1000.000000,0.900730,2468,2740,50.000000,off
1767081139084,2025-12-30 15:52:19.084,1032.642000,10.516660,23,10,2,0.027006,0.008546,-0.044463,-0.029282,0.137146,0.990112,-22.493720,1.637965,44.912650,0.641888,0.156229,-0.750707,0.000000,0.000000,0.000000,0.000000,0,0,3.279755,3.019608,660.893600,0.000000,-22.446290,1.626519,44.892700,358.539700,142.366800,8.813427,104.047200,98.172010,0.300000,1000.000000,0.900730,2468,2740,50.000000,off
1767081139096,2025-12-30 15:52:19.096,1032.653000,10.527890,23,10,2,0.027006,0.008546,-0.044463,-0.029282,0.137146,0.990112,-22.493720,1.637955,44.912520,0.643943,0.156199,-0.748951,0.000000,0.000000,0.000000,0.000000,0,0,3.279755,3.019608,660.893600,0.000000,-22.446240,1.626507,44.892690,358.541500,142.210100,8.814677,104.047200,98.172010,0.300000,1000.000000,0.900730,2468,2740,50.000000,off
1767081139107,2025-12-30 15:52:19.107,1032.664000,10.538880,23,10,2,-0.019184,0.006946,-0.046967,-0.028305,-0.018738,0.999420,-22.459390,1.629297,44.942030,0.634420,0.002356,-0.772980,-13.371660,1.663044,33.869500,14.324420,Node16,NodeMarker,3.116318,3.046051,0.653186,0.000000,-22.446250,1.626559,44.892610,358.555000,142.060900,8.816652,104.047200,98.172010,0.300000,1000.000000,0.900730,2468,2740,50.000000,off
1767081139118,2025-12-30 15:52:19.118,1032.676000,10.550230,23,10,2,0.027758,0.008426,-0.044057,-0.045380,0.066605,0.996735,-22.494180,1.638012,44.911300,0.657252,0.084179,-0.748939,0.000000,0.000000,0.000000,0.000000,0,0,3.242996,3.054199,41.055850,0.000000,-22.446240,1.626548,44.892520,358.542500,141.898700,8.833678,104.047200,98.172010,0.300000,1000.000000,0.900730,2468,2740,50.000000,off
1767081139129,2025-12-30 15:52:19.129,1032.687000,10.561100,23,10,2,0.027758,0.008426,-0.044057,-0.045380,0.066605,0.996735,-22.494200,1.637987,44.911080,0.659451,0.084440,-0.746973,0.000000,0.000000,0.000000,0.000000,0,0,3.242996,3.054199,41.055850,0.000000,-22.446210,1.626521,44.892430,358.525700,141.731100,8.866435,104.047200,98.172010,0.300000,1000.000000,0.900730,2468,2740,50.000000,off
1767081139140,2025-12-30 15:52:19.140,1032.698000,10.572200,23,10,2,0.015168,0.008322,-0.045286,-0.010010,0.149735,0.988663,-22.485240,1.635889,44.919480,0.638013,0.172036,-0.750545,0.000000,0.000000,0.000000,0.000000,0,0,3.295868,3.051117,40.550970,0.000000,-22.446190,1.626500,44.892320,358.510100,141.557400,8.907558,104.047200,98.172010,0.300000,1000.000000,0.900730,2468,2740,50.000000,off
1767081139152,2025-12-30 15:52:19.152,1032.709000,10.583440,23,10,2,-0.000628,0.008027,-0.046413,0.022247,0.139786,0.989929,-22.473800,1.633102,44.929810,0.614967,0.167172,-0.770626,0.000000,0.000000,0.000000,0.000000,0,0,3.300873,3.014832,10.262740,0.000000,-22.446190,1.626477,44.892230,358.513800,141.396500,8.950129,104.047200,98.172010,0.300000,1000.000000,0.900730,2468,2740,50.000000,off
1767081139163,2025-12-30 15:52:19.163,1032.720000,10.594670,23,10,2,-0.014800,0.007564,-0.046803,0.027023,0.132172,0.990845,-22.463200,1.630419,44.938580,0.613390,0.160325,-0.773318,0.000000,0.000000,0.000000,0.000000,0,0,3.180008,3.074875,10.325730,0.000000,-22.446140,1.626473,44.892110,358.519600,141.229100,8.995576,104.047200,98.172010,0.300000,1000.000000,0.900730,2468,2740,50.000000,off
1767081139174,2025-12-30 15:52:19.174,1032.731000,10.605650,23,10,2,-0.014800,0.007564,-0.046803,0.027023,0.132172,0.990845,-22.463310,1.630363,44.938380,0.615680,0.160366,-0.771488,0.000000,0.000000,0.000000,0.000000,0,0,3.180008,3.074875,10.325730,0.000000,-22.446120,1.626426,44.891950,358.517400,141.063200,9.026898,104.047200,98.172010,0.300000,1000.000000,0.900730,2468,2740,50.000000,off
1767081139185,2025-12-30 15:52:19.185,1032.742000,10.616760,23,10,2,-0.007461,0.007752,-0.046509,0.019852,0.135529,0.990570,-22.468840,1.631704,44.933430,0.623464,0.162173,-0.764843,0.000000,0.000000,0.000000,0.000000,0,0,3.351501,3.205902,10.325730,0.000000,-22.446080,1.626410,44.891800,358.539200,140.914500,9.052177,104.047200,98.172010,0.300000,1000.000000,0.900730,2468,2740,50.000000,off
1767081139196,2025-12-30 15:52:19.196,1032.753000,10.627990,23,10,2,-0.004361,0.007948,-0.046730,0.036346,0.115875,0.992584,-22.471330,1.632369,44.931480,0.611937,0.144998,-0.777484,0.000000,0.000000,0.000000,0.000000,0,0,3.084183,3.137253,166.211700,0.000000,-22.445990,1.626381,44.891640,358.563800,140.774600,9.075498,104.047200,98.172010,0.300000,1000.000000,0.900730,2468,2740,50.000000,off
1767081139207,2025-12-30 15:52:19.207,1032.764000,10.638850,23,10,2,-0.004361,0.007948,-0.046730,0.036346,0.115875,0.992584,-22.471400,1.632318,44.931310,0.613526,0.144668,-0.776292,0.000000,0.000000,0.000000,0.000000,0,0,3.084183,3.137253,166.211700,0.000000,-22.445970,1.626314,44.891520,358.582800,140.658900,9.069387,104.047200,98.172010,0.300000,1000.000000,0.900730,2468,2740,50.000000,off
1767081139218,2025-12-30 15:52:19.218,1032.775000,10.649960,23,10,2,-0.014800,0.007564,-0.046803,0.027023,0.132172,0.990845,-22.463570,1.630246,44.937600,0.622814,0.158725,-0.766082,0.000000,0.000000,0.000000,0.000000,0,0,3.180008,3.074875,2.565807,0.000000,-22.445970,1.626242,44.891330,358.612800,140.548900,9.062638,104.047200,98.172010,0.300000,1000.000000,0.900730,2468,2740,50.000000,off
1767081139229,2025-12-30 15:52:19.229,1032.786000,10.661070,23,10,2,-0.007461,0.007752,-0.046509,0.019852,0.135529,0.990570,-22.469090,1.631620,44.932530,0.629775,0.160351,-0.760041,0.000000,0.000000,0.000000,0.000000,0,0,3.351501,3.205902,2.565807,0.000000,-22.446010,1.626241,44.891090,358.644900,140.454800,9.055227,104.047200,98.172010,0.300000,1000.000000,0.900730,2468,2740,50.000000,off
1767081139240,2025-12-30 15:52:19.240,1032.798000,10.672180,23,10,2,-0.007536,0.007869,-0.046884,0.051819,0.108353,0.992752,-22.469360,1.631688,44.932640,0.604878,0.138161,-0.784230,0.000000,0.000000,0.000000,0.000000,0,0,3.221695,3.110123,656.862200,0.000000,-22.446060,1.626192,44.890880,358.670400,140.382400,9.053041,104.047200,98.172010,0.300000,1000.000000,0.900730,2468,2740,50.000000,off
1767081139251,2025-12-30 15:52:19.251,1032.809000,10.683290,23,10,2,-0.007536,0.007869,-0.046884,0.051819,0.108353,0.992752,-22.469510,1.631707,44.932350,0.606006,0.137789,-0.783424,0.000000,0.000000,0.000000,0.000000,0,0,3.221695,3.110123,656.862200,0.000000,-22.446150,1.626193,44.890620,358.691800,140.301900,9.049077,104.047200,98.172010,0.300000,1000.000000,0.900730,2468,2740,50.000000,off
1767081139262,2025-12-30 15:52:19.262,1032.820000,10.694520,23,10,2,-0.012814,0.007784,-0.047312,0.055573,0.109360,0.992447,-22.465860,1.630765,44.935710,0.603714,0.139128,-0.784966,0.000000,0.000000,0.000000,0.000000,0,0,3.192169,3.150558,0.161332,0.000000,-22.446210,1.626163,44.890370,358.705600,140.255400,9.047499,104.047200,98.172010,0.300000,1000.000000,0.900730,2468,2740,50.000000,off
1767081139274,2025-12-30 15:52:19.274,1032.831000,10.705510,23,10,2,-0.008366,0.007843,-0.046943,0.051590,0.105576,0.993057,-22.469080,1.631458,44.932450,0.607330,0.134720,-0.782925,0.000000,0.000000,0.000000,0.000000,0,0,3.122620,3.077133,0.161332,0.000000,-22.446250,1.626084,44.890200,358.708400,140.210000,9.028666,104.047200,98.172010,0.300000,1000.000000,0.900730,2468,2740,50.000000,off
1767081139284,2025-12-30 15:52:19.284,1032.842000,10.716610,23,10,2,-0.008366,0.007843,-0.046943,0.051590,0.105576,0.993057,-22.469260,1.631472,44.932240,0.607667,0.134260,-0.782742,0.000000,0.000000,0.000000,0.000000,0,0,3.122620,3.077133,0.161332,0.000000,-22.446410,1.626074,44.890000,358.734400,140.186600,9.013675,104.047200,98.172010,0.300000,1000.000000,0.900730,2468,2740,50.000000,off
1767081139296,2025-12-30 15:52:19.296,1032.853000,10.727840,23,10,2,-0.007228,0.007852,-0.046898,0.050125,0.118698,0.991653,-22.470250,1.631594,44.931210,0.609354,0.146934,-0.779151,0.000000,0.000000,0.000000,0.000000,0,0,3.231216,3.159470,165.219500,0.000000,-22.446550,1.626004,44.889730,358.734800,140.177300,8.982596,104.047200,98.172010,0.300000,1000.000000,0.900730,2468,2740,50.000000,off
1767081139307,2025-12-30 15:52:19.307,1032.864000,10.738950,23,10,2,-0.008588,0.007974,-0.047595,0.063995,0.104935,0.992416,-22.469750,1.631481,44.932310,0.597750,0.135433,-0.790158,0.000000,0.000000,0.000000,0.000000,0,0,3.339249,3.092667,10.325730,0.000000,-22.446660,1.625991,44.889420,358.738900,140.180900,8.957573,104.047200,98.172010,0.300000,1000.000000,0.900730,2468,2740,50.000000,off
1767081139319,2025-12-30 15:52:19.319,1032.875000,10.749940,23,10,2,-0.008366,0.007843,-0.046943,0.051590,0.105576,0.993057,-22.469640,1.631399,44.931350,0.607273,0.134457,-0.783015,0.000000,0.000000,0.000000,0.000000,0,0,3.122620,3.077133,10.262250,0.000000,-22.446790,1.625998,44.889110,358.719700,140.203400,8.918284,104.047200,98.172010,0.300000,1000.000000,0.900730,2468,2740,50.000000,off
1767081139329,2025-12-30 15:52:19.329,1032.886000,10.761050,23,10,2,-0.008366,0.007843,-0.046943,0.051590,0.105576,0.993057,-22.469720,1.631404,44.931040,0.606732,0.134985,-0.783343,0.000000,0.000000,0.000000,0.000000,0,0,3.122620,3.077133,10.262250,0.000000,-22.446890,1.626024,44.888790,358.688300,140.236600,8.892521,104.047200,98.172010,0.300000,1000.000000,0.900730,2468,2740,50.000000,off
1767081139340,2025-12-30 15:52:19.340,1032.898000,10.772160,23,10,2,-0.007228,0.007852,-0.046898,0.050125,0.118698,0.991653,-22.470670,1.631642,44.929960,0.607973,0.148612,-0.779912,0.000000,0.000000,0.000000,0.000000,0,0,3.231216,3.159470,2.581371,0.000000,-22.447010,1.626115,44.888450,358.633300,140.250100,8.848966,104.047200,98.172010,0.300000,1000.000000,0.900730,2468,2740,50.000000,off
1767081139351,2025-12-30 15:52:19.351,1032.909000,10.783260,23,10,2,-0.004383,0.008021,-0.047178,0.053925,0.102997,0.993210,-22.473100,1.632345,44.928120,0.604042,0.134783,-0.785461,0.000000,0.000000,0.000000,0.000000,0,0,3.311691,3.091461,2.597119,0.000000,-22.447110,1.626270,44.888160,358.570900,140.270000,8.819493,104.047200,98.172010,0.300000,1000.000000,0.900730,2468,2740,50.000000,off
1767081139362,2025-12-30 15:52:19.362,1032.920000,10.794370,23,10,2,-0.000705,0.007887,-0.046266,0.054306,0.119690,0.991318,-22.475410,1.632832,44.924790,0.603936,0.152685,-0.782262,0.000000,0.000000,0.000000,0.000000,0,0,3.347229,3.106857,656.846700,0.000000,-22.447190,1.626368,44.887850,358.488300,140.277700,8.779932,104.047200,98.172010,0.300000,1000.000000,0.900730,2468,2740,50.000000,off
1767081139373,2025-12-30 15:52:19.373,1032.931000,10.805360,23,10,2,-0.000705,0.007887,-0.046266,0.054306,0.119690,0.991318,-22.475470,1.632942,44.924480,0.603806,0.153730,-0.782158,0.000000,0.000000,0.000000,0.000000,0,0,3.347229,3.106857,656.846700,0.000000,-22.447240,1.626528,44.887540,358.427000,140.277500,8.762850,104.047200,98.172010,0.300000,1000.000000,0.900730,2468,2740,50.000000,off
1767081139384,2025-12-30 15:52:19.384,1032.942000,10.816590,23,10,2,0.005521,0.007973,-0.045678,0.055710,0.115402,0.991745,-22.479920,1.634032,44.919890,0.602554,0.150701,-0.783708,0.000000,0.000000,0.000000,0.000000,0,0,3.293594,3.160843,10.451220,0.000000,-22.447310,1.626615,44.887290,358.369700,140.270800,8.750134,104.047200,98.172010,0.300000,1000.000000,0.900730,2468,2740,50.000000,off
1767081139395,2025-12-30 15:52:19.395,1032.953000,10.827700,23,10,2,-0.024286,0.008305,-0.049582,0.127136,0.209534,0.969498,-22.459770,1.629775,44.941420,0.543077,0.254598,-0.800151,0.000000,0.000000,0.000000,0.000000,0,0,3.281982,3.102188,0.649295,0.000000,-22.447420,1.626692,44.887050,358.325300,140.258700,8.704362,104.047200,98.172010,0.300000,1000.000000,0.900730,2468,2740,50.000000,off
1767081139407,2025-12-30 15:52:19.407,1032.964000,10.838810,23,10,2,-0.024286,0.008305,-0.049582,0.127136,0.209534,0.969498,-22.459840,1.629865,44.941250,0.542846,0.255068,-0.800158,0.000000,0.000000,0.000000,0.000000,0,0,3.281982,3.102188,0.649295,0.000000,-22.447500,1.626796,44.886890,358.294400,140.262500,8.674664,104.047200,98.172010,0.300000,1000.000000,0.900730,2468,2740,50.000000,off
1767081139418,2025-12-30 15:52:19.418,1032.975000,10.849910,23,10,2,-0.000705,0.007887,-0.046266,0.054306,0.119690,0.991318,-22.475820,1.633154,44.923630,0.603451,0.156336,-0.781915,0.000000,0.000000,0.000000,0.000000,0,0,3.347229,3.106857,41.306840,0.000000,-22.447560,1.626862,44.886690,358.271100,140.267300,8.630815,104.047200,98.172010,0.300000,1000.000000,0.900730,2468,2740,50.000000,off
1767081139429,2025-12-30 15:52:19.429,1032.986000,10.861020,23,10,2,0.005521,0.007973,-0.045678,0.055710,0.115402,0.991745,-22.480190,1.634221,44.919140,0.602050,0.152817,-0.783685,0.000000,0.000000,0.000000,0.000000,0,0,3.293594,3.160843,0.637561,0.000000,-22.447560,1.626920,44.886540,358.240400,140.271400,8.580598,104.047200,98.172010,0.300000,1000.000000,0.900730,2468,2740,50.000000,off
1767081139440,2025-12-30 15:52:19.440,1032.998000,10.872130,23,10,2,-0.028200,0.008577,-0.050822,0.129044,0.224228,0.965942,-22.457740,1.629676,44.944160,0.539692,0.270969,-0.797047,0.000000,0.000000,0.000000,0.000000,0,0,3.306137,3.179001,40.804890,0.000000,-22.447610,1.626974,44.886360,358.210000,140.275900,8.545596,104.047200,98.172010,0.300000,1000.000000,0.900730,2468,2740,50.000000,off
1767081139451,2025-12-30 15:52:19.451,1033.009000,10.883240,23,10,2,-0.028200,0.008577,-0.050822,0.129044,0.224228,0.965942,-22.457800,1.629690,44.943970,0.539385,0.271268,-0.797153,0.000000,0.000000,0.000000,0.000000,0,0,3.306137,3.179001,40.804890,0.000000,-22.447690,1.626988,44.886160,358.188300,140.284400,8.506872,104.047200,98.172010,0.300000,1000.000000,0.900730,2468,2740,50.000000,off
1767081139462,2025-12-30 15:52:19.462,1033.020000,10.894350,23,10,2,-0.029514,0.008362,-0.050367,0.131073,0.260880,0.956421,-22.456530,1.629324,44.944200,0.534974,0.307642,-0.786854,0.000000,0.000000,0.000000,0.000000,0,0,3.318939,3.267426,0.641498,0.000000,-22.447690,1.627009,44.885940,358.176600,140.289300,8.476784,104.047200,98.172010,0.300000,1000.000000,0.900730,2468,2740,50.000000,off
1767081139473,2025-12-30 15:52:19.473,1033.031000,10.905460,23,10,2,-0.028493,0.008440,-0.050516,0.128540,0.248612,0.960022,-22.457420,1.629552,44.943490,0.537852,0.295579,-0.789507,0.000000,0.000000,0.000000,0.000000,0,0,3.329620,3.225006,0.641498,0.000000,-22.447710,1.627019,44.885750,358.154500,140.292200,8.448762,104.047200,98.172010,0.300000,1000.000000,0.900730,2468,2740,50.000000,off
1767081139485,2025-12-30 15:52:19.485,1033.042000,10.916560,23,10,2,-0.028493,0.008440,-0.050516,0.128540,0.248612,0.960022,-22.457440,1.629573,44.943370,0.537795,0.295739,-0.789486,0.000000,0.000000,0.000000,0.000000,0,0,3.329620,3.225006,0.641498,0.000000,-22.447730,1.627041,44.885640,358.143200,140.289200,8.431221,104.047200,98.172010,0.300000,1000.000000,0.900730,2468,2740,50.000000,off
1767081139496,2025-12-30 15:52:19.496,1033.053000,10.927550,23,10,2,-0.024129,0.008491,-0.050057,0.121887,0.241104,0.962799,-22.460480,1.630290,44.940120,0.543975,0.287489,-0.788296,0.000000,0.000000,0.000000,0.000000,0,0,3.350677,3.217056,2.612806,0.000000,-22.447720,1.627050,44.885460,358.138200,140.282300,8.413543,104.047200,98.172010,0.300000,1000.000000,0.900730,2468,2740,50.000000,off
1767081139507,2025-12-30 15:52:19.507,1033.064000,10.938660,23,10,2,-0.017607,0.008607,-0.049501,0.115555,0.240921,0.963638,-22.465090,1.631407,44.935470,0.549474,0.286503,-0.784850,0.000000,0.000000,0.000000,0.000000,0,0,3.391434,3.227585,2.565991,0.000000,-22.447700,1.627082,44.885340,358.131400,140.267000,8.399541,104.047200,98.172010,0.300000,1000.000000,0.900730,2468,2740,50.000000,off
1767081139518,2025-12-30 15:52:19.518,1033.075000,10.949770,23,10,2,-0.008133,0.008823,-0.048861,0.102753,0.235931,0.966309,-22.471860,1.633013,44.928870,0.560650,0.280012,-0.779256,0.000000,0.000000,0.000000,0.000000,0,0,3.332932,3.178925,2.550305,0.000000,-22.447640,1.627079,44.885170,358.116400,140.247200,8.377451,104.047200,98.172010,0.300000,1000.000000,0.900730,2468,2740,50.000000,off
1767081139529,2025-12-30 15:52:19.529,1033.087000,10.961120,23,10,2,-0.008133,0.008823,-0.048861,0.102753,0.235931,0.966309,-22.471860,1.633029,44.928690,0.560777,0.280080,-0.779139,0.000000,0.000000,0.000000,0.000000,0,0,3.332932,3.178925,2.550305,0.000000,-22.447640,1.627096,44.885000,358.110800,140.231300,8.356084,104.047200,98.172010,0.300000,1000.000000,0.900730,2468,2740,50.000000,off
1767081139540,2025-12-30 15:52:19.540,1033.098000,10.972110,23,10,2,-0.024129,0.008491,-0.050057,0.121887,0.241104,0.962799,-22.460440,1.630358,44.939470,0.544346,0.288256,-0.787760,0.000000,0.000000,0.000000,0.000000,0,0,3.350677,3.217056,2.597303,0.000000,-22.447610,1.627128,44.884830,358.084800,140.222700,8.332093,104.047200,98.172010,0.300000,1000.000000,0.900730,2468,2740,50.000000,off
1767081139551,2025-12-30 15:52:19.551,1033.109000,10.983340,23,10,2,-0.017607,0.008607,-0.049501,0.115555,0.240921,0.963638,-22.465040,1.631453,44.934800,0.549788,0.287329,-0.784328,0.000000,0.000000,0.000000,0.000000,0,0,3.391434,3.227585,10.389940,0.000000,-22.447590,1.627148,44.884690,358.074500,140.209000,8.311749,104.047200,98.172010,0.300000,1000.000000,0.900730,2468,2740,50.000000,off
1767081139562,2025-12-30 15:52:19.562,1033.120000,10.994450,23,10,2,-0.005144,0.008883,-0.048636,0.100815,0.240006,0.965515,-22.473960,1.633590,44.926110,0.562333,0.284678,-0.776354,0.000000,0.000000,0.000000,0.000000,0,0,3.344528,3.182831,0.163304,0.000000,-22.447560,1.627197,44.884480,358.053000,140.182600,8.277884,104.047200,98.172010,0.300000,1000.000000,0.900730,2468,2740,50.000000,off
1767081139573,2025-12-30 15:52:19.573,1033.131000,11.005430,23,10,2,-0.005144,0.008883,-0.048636,0.100815,0.240006,0.965515,-22.473880,1.633580,44.925960,0.562284,0.284769,-0.776356,0.000000,0.000000,0.000000,0.000000,0,0,3.344528,3.182831,0.163304,0.000000,-22.447460,1.627190,44.884350,358.045000,140.175300,8.241017,104.047200,98.172010,0.300000,1000.000000,0.900730,2468,2740,50.000000,off
1767081139585,2025-12-30 15:52:19.585,1033.142000,11.016540,23,10,2,-0.003143,0.008909,-0.048440,0.095093,0.242203,0.965546,-22.475230,1.633944,44.924420,0.567282,0.285924,-0.772284,0.000000,0.000000,0.000000,0.000000,0,0,3.322815,3.188934,41.306850,0.000000,-22.447380,1.627224,44.884240,358.055000,140.138800,8.209376,104.047200,98.172010,0.300000,1000.000000,0.900730,2468,2740,50.000000,off
1767081139596,2025-12-30 15:52:19.596,1033.153000,11.027650,23,10,2,-0.000161,0.008956,-0.048168,0.098022,0.242813,0.965103,-22.477270,1.634398,44.922190,0.564936,0.286902,-0.773644,0.000000,0.000000,0.000000,0.000000,0,0,3.342636,3.220642,10.263480,0.000000,-22.447310,1.627196,44.884100,358.055400,140.124800,8.188162,104.047200,98.172010,0.300000,1000.000000,0.900730,2468,2740,50.000000,off
1767081139607,2025-12-30 15:52:19.607,1033.164000,11.038760,23,10,2,-0.000161,0.008956,-0.048168,0.098022,0.242813,0.965103,-22.477210,1.634361,44.922080,0.565201,0.286639,-0.773548,0.000000,0.000000,0.000000,0.000000,0,0,3.342636,3.220642,10.263480,0.000000,-22.447250,1.627146,44.884000,358.070300,140.105500,8.175183,104.047200,98.172010,0.300000,1000.000000,0.900730,2468,2740,50.000000,off
1767081139618,2025-12-30 15:52:19.618,1033.175000,11.049870,23,10,2,-0.004246,0.008783,-0.048254,0.097122,0.238098,0.966370,-22.474110,1.633577,44.924550,0.566446,0.281912,-0.774376,0.000000,0.000000,0.000000,0.000000,0,0,3.249680,3.179749,0.160378,0.000000,-22.447170,1.627117,44.883850,358.068400,140.091200,8.167056,104.047200,98.172010,0.300000,1000.000000,0.900730,2468,2740,50.000000,off
1767081139629,2025-12-30 15:52:19.629,1033.186000,11.060970,23,10,2,-0.003143,0.008909,-0.048440,0.095093,0.242203,0.965546,-22.475020,1.633835,44.923850,0.568292,0.285588,-0.771665,0.000000,0.000000,0.000000,0.000000,0,0,3.322815,3.188934,165.203900,0.000000,-22.447110,1.627096,44.883710,358.072100,140.055900,8.161513,104.047200,98.172010,0.300000,1000.000000,0.900730,2468,2740,50.000000,off
1767081139640,2025-12-30 15:52:19.640,1033.198000,11.072080,23,10,2,-0.000161,0.008956,-0.048168,0.098022,0.242813,0.965103,-22.477040,1.634296,44.921610,0.566235,0.286563,-0.772820,0.000000,0.000000,0.000000,0.000000,0,0,3.342636,3.220642,10.325490,0.000000,-22.447020,1.627077,44.883560,358.074800,140.029900,8.175030,104.047200,98.172010,0.300000,1000.000000,0.900730,2468,2740,50.000000,off
1767081139651,2025-12-30 15:52:19.651,1033.209000,11.083310,23,10,2,-0.000161,0.008956,-0.048168,0.098022,0.242813,0.965103,-22.476940,1.634276,44.921480,0.566719,0.286662,-0.772428,0.000000,0.000000,0.000000,0.000000,0,0,3.342636,3.220642,10.325490,0.000000,-22.446900,1.627061,44.883450,358.069900,139.996700,8.190700,104.047200,98.172010,0.300000,1000.000000,0.900730,2468,2740,50.000000,off
1767081139662,2025-12-30 15:52:19.662,1033.220000,11.094300,23,10,2,-0.005656,0.008774,-0.048447,0.095901,0.241669,0.965607,-22.472880,1.633289,44.924990,0.568725,0.285383,-0.771431,0.000000,0.000000,0.000000,0.000000,0,0,3.285355,3.234390,10.326460,0.000000,-22.446820,1.627054,44.883300,358.061900,139.983700,8.195763,104.047200,98.172010,0.300000,1000.000000,0.900730,2468,2740,50.000000,off
1767081139673,2025-12-30 15:52:19.674,1033.231000,11.105410,23,10,2,-0.006387,0.008725,-0.048442,0.097214,0.224869,0.969513,-22.472260,1.633113,44.925250,0.569098,0.269014,-0.777001,0.000000,0.000000,0.000000,0.000000,0,0,3.187973,3.107010,10.387990,0.000000,-22.446740,1.627027,44.883110,358.066000,139.959800,8.195427,104.047200,98.172010,0.300000,1000.000000,0.900730,2468,2740,50.000000,off
1767081139685,2025-12-30 15:52:19.685,1033.242000,11.116520,23,10,2,-0.006387,0.008725,-0.048442,0.097214,0.224869,0.969513,-22.472240,1.633106,44.925110,0.569067,0.268750,-0.777116,0.000000,0.000000,0.000000,0.000000,0,0,3.187973,3.107010,10.387990,0.000000,-22.446730,1.627006,44.882980,358.082000,139.966500,8.198817,104.047200,98.172010,0.300000,1000.000000,0.900730,2468,2740,50.000000,off
1767081139696,2025-12-30 15:52:19.696,1033.253000,11.127620,23,10,2,-0.005793,0.008730,-0.048394,0.098724,0.236832,0.966507,-22.472600,1.633162,44.924510,0.567033,0.280790,-0.774340,0.000000,0.000000,0.000000,0.000000,0,0,3.215363,3.218155,10.387990,0.000000,-22.446660,1.626976,44.882790,358.076100,139.963600,8.191741,104.047200,98.172010,0.300000,1000.000000,0.900730,2468,2740,50.000000,off
1767081139707,2025-12-30 15:52:19.707,1033.264000,11.138730,23,10,2,0.001680,0.008912,-0.048023,0.095291,0.237030,0.966812,-22.478000,1.634402,44.919400,0.569787,0.280462,-0.772447,0.000000,0.000000,0.000000,0.000000,0,0,3.239410,3.175461,2.534680,0.000000,-22.446630,1.626957,44.882660,358.078700,139.969100,8.189776,104.047200,98.172010,0.300000,1000.000000,0.900730,2468,2740,50.000000,off
1767081139718,2025-12-30 15:52:19.718,1033.275000,11.149840,23,10,2,0.001350,0.008887,-0.047980,0.094315,0.236404,0.967056,-22.477650,1.634318,44.919400,0.570503,0.279682,-0.772195,0.000000,0.000000,0.000000,0.000000,0,0,3.230560,3.175171,2.534680,0.000000,-22.446560,1.626942,44.882490,358.079700,139.975700,8.176584,104.047200,98.172010,0.300000,1000.000000,0.900730,2468,2740,50.000000,off
1767081139729,2025-12-30 15:52:19.729,1033.286000,11.160830,23,10,2,0.001350,0.008887,-0.047980,0.094315,0.236404,0.967056,-22.477580,1.634326,44.919170,0.570649,0.279539,-0.772138,0.000000,0.000000,0.000000,0.000000,0,0,3.230560,3.175171,2.534680,0.000000,-22.446490,1.626942,44.882270,358.088400,139.967800,8.180290,104.047200,98.172010,0.300000,1000.000000,0.900730,2468,2740,50.000000,off
1767081139740,2025-12-30 15:52:19.740,1033.297000,11.172060,23,10,2,-0.005793,0.008730,-0.048394,0.098724,0.236832,0.966507,-22.472340,1.633163,44.923780,0.566787,0.280484,-0.774631,0.000000,0.000000,0.000000,0.000000,0,0,3.215363,3.218155,0.161340,0.000000,-22.446410,1.626960,44.882060,358.093000,139.980500,8.170155,104.047200,98.172010,0.300000,1000.000000,0.900730,2468,2740,50.000000,off
1767081139751,2025-12-30 15:52:19.751,1033.309000,11.183290,23,10,2,0.001680,0.008912,-0.048023,0.095291,0.237030,0.966812,-22.477740,1.634416,44.918570,0.569339,0.280188,-0.772876,0.000000,0.000000,0.000000,0.000000,0,0,3.239410,3.175461,0.649249,0.000000,-22.446390,1.626959,44.881830,358.093400,139.999500,8.164183,104.047200,98.172010,0.300000,1000.000000,0.900730,2468,2740,50.000000,off
1767081139762,2025-12-30 15:52:19.762,1033.320000,11.194270,23,10,2,0.001680,0.008912,-0.048023,0.095291,0.237030,0.966812,-22.477640,1.634407,44.918420,0.569026,0.280152,-0.773119,0.000000,0.000000,0.000000,0.000000,0,0,3.239410,3.175461,0.649249,0.000000,-22.446300,1.626948,44.881660,358.094900,140.020600,8.154021,104.047200,98.172010,0.300000,1000.000000,0.900730,2468,2740,50.000000,off
1767081139773,2025-12-30 15:52:19.773,1033.331000,11.205380,23,10,2,0.002555,0.008891,-0.047821,0.092438,0.237595,0.966950,-22.478080,1.634496,44.917510,0.570935,0.280004,-0.771763,0.000000,0.000000,0.000000,0.000000,0,0,3.248795,3.172073,656.831100,0.000000,-22.446220,1.626913,44.881460,358.112400,140.050700,8.138690,104.047200,98.172010,0.300000,1000.000000,0.900730,2468,2740,50.000000,off
1767081139785,2025-12-30 15:52:19.785,1033.342000,11.216490,23,10,2,0.002213,0.008893,-0.047876,0.092422,0.236923,0.967117,-22.477760,1.634407,44.917560,0.570915,0.279015,-0.772138,0.000000,0.000000,0.000000,0.000000,0,0,3.247635,3.173798,0.637561,0.000000,-22.446130,1.626856,44.881240,358.130900,140.056500,8.120651,104.047200,98.172010,0.300000,1000.000000,0.900730,2468,2740,50.000000,off
1767081139796,2025-12-30 15:52:19.796,1033.353000,11.227720,23,10,2,0.001368,0.008879,-0.047956,0.093506,0.236557,0.967102,-22.477080,1.634216,44.917970,0.569540,0.278716,-0.773260,0.000000,0.000000,0.000000,0.000000,0,0,3.226105,3.174774,10.263970,0.000000,-22.446070,1.626798,44.881040,358.135100,140.090700,8.102440,104.047200,98.172010,0.300000,1000.000000,0.900730,2468,2740,50.000000,off
1767081139807,2025-12-30 15:52:19.807,1033.364000,11.238950,23,10,2,0.001368,0.008879,-0.047956,0.093506,0.236557,0.967102,-22.477010,1.634230,44.917740,0.569279,0.278102,-0.773673,0.000000,0.000000,0.000000,0.000000,0,0,3.226105,3.174774,10.263970,0.000000,-22.446000,1.626782,44.880810,358.169900,140.110500,8.071386,104.047200,98.172010,0.300000,1000.000000,0.900730,2468,2740,50.000000,off
1767081139817,2025-12-30 15:52:19.817,1033.375000,11.249820,23,10,2,0.001847,0.008894,-0.047948,0.093445,0.236557,0.967102,-22.477300,1.634302,44.917180,0.569159,0.277808,-0.773859,0.000000,0.000000,0.000000,0.000000,0,0,3.218674,3.174774,41.554890,0.000000,-22.445950,1.626759,44.880550,358.186200,140.123500,8.058825,104.047200,98.172010,0.300000,1000.000000,0.900730,2468,2740,50.000000,off
1767081139829,2025-12-30 15:52:19.829,1033.386000,11.260930,23,10,2,-0.000959,0.008880,-0.048347,0.091736,0.229065,0.969070,-22.475350,1.633831,44.919040,0.570858,0.270139,-0.775326,0.000000,0.000000,0.000000,0.000000,0,0,3.132813,3.182388,0.653186,0.000000,-22.445890,1.626704,44.880340,358.190600,140.139400,8.055744,104.047200,98.172010,0.300000,1000.000000,0.900730,2468,2740,50.000000,off
1767081139840,2025-12-30 15:52:19.840,1033.397000,11.272030,23,10,2,-0.000959,0.008880,-0.048347,0.091736,0.229065,0.969070,-22.475280,1.633806,44.918810,0.570957,0.269923,-0.775328,0.000000,0.000000,0.000000,0.000000,0,0,3.132813,3.182388,0.653186,0.000000,-22.445810,1.626669,44.880110,358.202800,140.132300,8.045350,104.047200,98.172010,0.300000,1000.000000,0.900730,2468,2740,50.000000,off
1767081139851,2025-12-30 15:52:19.851,1033.409000,11.283260,23,10,2,0.001368,0.008879,-0.047956,0.093506,0.236557,0.967102,-22.476640,1.634143,44.916860,0.569041,0.277195,-0.774174,0.000000,0.000000,0.000000,0.000000,0,0,3.226105,3.174774,10510.040000,0.000000,-22.445640,1.626652,44.879930,358.221100,140.128200,8.023161,104.047200,98.172010,0.300000,1000.000000,0.900730,2468,2740,50.000000,off
1767081139862,2025-12-30 15:52:19.862,1033.420000,11.294250,23,10,2,0.001847,0.008894,-0.047948,0.093445,0.236557,0.967102,-22.476840,1.634203,44.916350,0.569565,0.276914,-0.773881,0.000000,0.000000,0.000000,0.000000,0,0,3.218674,3.174774,41.304870,0.000000,-22.445460,1.626617,44.879750,358.236700,140.093800,8.012560,104.047200,98.172010,0.300000,1000.000000,0.900730,2468,2740,50.000000,off
1767081139873,2025-12-30 15:52:19.873,1033.431000,11.305360,23,10,2,-0.000183,0.008901,-0.048316,0.091446,0.230698,0.968704,-22.475350,1.633859,44.917750,0.572118,0.270595,-0.774229,0.000000,0.000000,0.000000,0.000000,0,0,3.190048,3.182816,0.645389,0.000000,-22.445260,1.626547,44.879600,358.253000,140.055400,7.995554,104.047200,98.172010,0.300000,1000.000000,0.900730,2468,2740,50.000000,off
1767081139884,2025-12-30 15:52:19.884,1033.442000,11.316470,23,10,2,-0.000183,0.008901,-0.048316,0.091446,0.230698,0.968704,-22.475170,1.633852,44.917570,0.573027,0.270167,-0.773706,0.000000,0.000000,0.000000,0.000000,0,0,3.190048,3.182816,0.645389,0.000000,-22.445040,1.626519,44.879470,358.277600,139.990400,7.981971,104.047200,98.172010,0.300000,1000.000000,0.900730,2468,2740,50.000000,off
1767081139896,2025-12-30 15:52:19.896,1033.453000,11.327450,23,10,2,-0.002207,0.008630,-0.047821,0.070572,0.233414,0.969803,-22.473160,1.633311,44.918200,0.590878,0.269953,-0.760243,0.000000,0.000000,0.000000,0.000000,0,0,3.082123,3.256195,0.645404,0.000000,-22.444810,1.626510,44.879260,358.279400,139.910800,7.968177,104.047200,98.172010,0.300000,1000.000000,0.900730,2468,2740,50.000000,off
1767081139907,2025-12-30 15:52:19.907,1033.465000,11.339290,23,10,2,0.011560,0.008825,-0.047097,-0.057526,0.204971,0.977066,-22.482820,1.635431,44.908730,0.691679,0.224403,-0.686443,0.000000,0.000000,0.000000,0.000000,0,0,3.221451,2.959869,0.645404,0.000000,-22.444430,1.626514,44.879130,358.272300,139.806900,7.957856,104.047200,98.172010,0.300000,1000.000000,0.900730,2468,2740,50.000000,off
1767081139918,2025-12-30 15:52:19.918,1033.475000,11.350040,23,10,2,0.011560,0.008825,-0.047097,-0.057526,0.204971,0.977066,-22.482600,1.635400,44.908520,0.693147,0.224576,-0.684904,0.000000,0.000000,0.000000,0.000000,0,0,3.221451,2.959869,0.645404,0.000000,-22.444140,1.626492,44.879010,358.262000,139.682200,7.958393,104.047200,98.172010,0.300000,1000.000000,0.900730,2468,2740,50.000000,off
1767081139928,2025-12-30 15:52:19.928,1033.486000,11.360780,23,10,2,0.029380,0.009438,-0.047254,-0.274689,0.160858,0.947968,-22.495900,1.638415,44.897140,0.836412,0.150156,-0.527106,0.000000,0.000000,0.000000,0.000000,0,0,3.290100,3.308334,0.645404,0.000000,-22.443840,1.626454,44.878940,358.258600,139.535100,7.933712,104.047200,98.172010,0.300000,1000.000000,0.900730,2468,2740,50.000000,off
1767081139940,2025-12-30 15:52:19.940,1033.497000,11.371890,23,10,2,-0.026916,0.007518,-0.048295,-0.201401,0.151016,0.967789,-22.454020,1.628753,44.933630,0.794828,0.151109,-0.587706,0.000000,0.000000,0.000000,0.000000,0,0,3.365906,3.211090,0.645358,0.000000,-22.443520,1.626476,44.878880,358.264600,139.355000,7.911688,104.047200,98.172010,0.300000,1000.000000,0.900730,2468,2740,50.000000,off
1767081139951,2025-12-30 15:52:19.951,1033.509000,11.383120,23,10,2,-0.021588,0.007695,-0.048166,-0.219849,0.155365,0.963074,-22.457770,1.629697,44.930000,0.807740,0.153169,-0.569278,0.000000,0.000000,0.000000,0.000000,0,0,3.359497,3.265045,0.645358,0.000000,-22.443190,1.626517,44.878790,358.244000,139.177100,7.889924,104.047200,98.172010,0.300000,1000.000000,0.900730,2468,2740,50.000000,off
1767081139962,2025-12-30 15:52:19.962,1033.520000,11.394230,23,10,2,-0.021588,0.007695,-0.048166,-0.219849,0.155365,0.963074,-22.457530,1.629728,44.929910,0.809754,0.153422,-0.566341,0.000000,0.000000,0.000000,0.000000,0,0,3.359497,3.265045,0.645358,0.000000,-22.442760,1.626556,44.878750,358.230600,138.970300,7.883060,104.047200,98.172010,0.300000,1000.000000,0.900730,2468,2740,50.000000,off
1767081139973,2025-12-30 15:52:19.973,1033.531000,11.405210,23,10,2,0.029380,0.009438,-0.047254,-0.274689,0.160858,0.947968,-22.494660,1.638472,44.896230,0.843179,0.151064,-0.515947,0.000000,0.000000,0.000000,0.000000,0,0,3.290100,3.308334,0.010084,0.000000,-22.442340,1.626571,44.878720,358.222600,138.773300,7.872245,104.047200,98.172010,0.300000,1000.000000,0.900730,2468,2740,50.000000,off
1767081139985,2025-12-30 15:52:19.985,1033.542000,11.416320,23,10,2,-0.026916,0.007518,-0.048295,-0.201401,0.151016,0.967789,-22.453230,1.628805,44.933270,0.802924,0.152060,-0.576346,0.000000,0.000000,0.000000,0.000000,0,0,3.365906,3.211090,41.555840,0.000000,-22.441950,1.626557,44.878670,358.214500,138.544900,7.883570,104.047200,98.172010,0.300000,1000.000000,0.900730,2468,2740,50.000000,off
1767081139996,2025-12-30 15:52:19.996,1033.553000,11.427550,23,10,2,-0.026916,0.007518,-0.048295,-0.201401,0.151016,0.967789,-22.453050,1.628763,44.933170,0.805223,0.152201,-0.573092,0.000000,0.000000,0.000000,0.000000,0,0,3.365906,3.211090,41.555840,0.000000,-22.441560,1.626539,44.878620,358.200300,138.317500,7.909153,104.047200,98.172010,0.300000,1000.000000,0.900730,2468,2740,50.000000,off
1767081140007,2025-12-30 15:52:20.007,1033.564000,11.438540,23,10,2,0.015992,0.008897,-0.047259,-0.266968,0.164825,0.949493,-22.483760,1.636081,44.904250,0.844961,0.155920,-0.511573,0.000000,0.000000,0.000000,0.000000,0,0,3.330750,3.274796,0.641544,0.000000,-22.441110,1.626539,44.878600,358.217700,138.092200,7.923608,104.047200,98.172010,0.300000,1000.000000,0.900730,2468,2740,50.000000,off
1767081140017,2025-12-30 15:52:20.017,1033.575000,11.449650,23,10,2,0.023747,0.009301,-0.047697,-0.280365,0.177200,0.943390,-22.489400,1.637560,44.899280,0.853956,0.165526,-0.493305,0.000000,0.000000,0.000000,0.000000,0,0,3.306107,3.281906,0.161347,0.000000,-22.440670,1.626531,44.878560,358.249400,137.855200,7.940595,104.047200,98.172010,0.300000,1000.000000,0.900730,2468,2740,50.000000,off
1767081140028,2025-12-30 15:52:20.029,1033.586000,11.460750,23,10,2,0.023747,0.009301,-0.047697,-0.280365,0.177200,0.943390,-22.489070,1.637579,44.899100,0.855925,0.165191,-0.489994,0.000000,0.000000,0.000000,0.000000,0,0,3.306107,3.281906,0.161347,0.000000,-22.440250,1.626532,44.878580,358.269500,137.630500,7.941615,104.047200,98.172010,0.300000,1000.000000,0.900730,2468,2740,50.000000,off
1767081140040,2025-12-30 15:52:20.040,1033.597000,11.471860,23,10,2,0.016807,0.008933,-0.047415,-0.260544,0.159958,0.952103,-22.483570,1.636261,44.903340,0.847611,0.150882,-0.508685,0.000000,0.000000,0.000000,0.000000,0,0,3.322235,3.347794,0.641467,0.000000,-22.439930,1.626517,44.878620,358.285200,137.432000,7.937718,104.047200,98.172010,0.300000,1000.000000,0.900730,2468,2740,50.000000,off
1767081140051,2025-12-30 15:52:20.051,1033.609000,11.483220,23,10,2,0.003077,0.008403,-0.047460,-0.242004,0.161942,0.956650,-22.473350,1.633828,44.912290,0.839213,0.155106,-0.521185,0.000000,0.000000,0.000000,0.000000,0,0,3.281784,3.284409,0.653216,0.000000,-22.439570,1.626484,44.878560,358.310600,137.224900,7.940361,104.047200,98.172010,0.300000,1000.000000,0.900730,2468,2740,50.000000,off
1767081140062,2025-12-30 15:52:20.062,1033.620000,11.494080,23,10,2,0.007510,0.008391,-0.046868,-0.223068,0.164993,0.960724,-22.475910,1.634399,44.908730,0.830385,0.160435,-0.533567,0.000000,0.000000,0.000000,0.000000,0,0,3.314041,3.047043,0.162320,0.000000,-22.439200,1.626416,44.878540,358.336200,137.018500,7.940102,104.047200,98.172010,0.300000,1000.000000,0.900730,2468,2740,50.000000,off
1767081140073,2025-12-30 15:52:20.073,1033.631000,11.505190,23,10,2,0.007510,0.008391,-0.046868,-0.223068,0.164993,0.960724,-22.475690,1.634345,44.908570,0.832316,0.159617,-0.530798,0.000000,0.000000,0.000000,0.000000,0,0,3.314041,3.047043,0.162320,0.000000,-22.438880,1.626323,44.878510,358.382800,136.822000,7.949596,104.047200,98.172010,0.300000,1000.000000,0.900730,2468,2740,50.000000,off
1767081140084,2025-12-30 15:52:20.084,1033.642000,11.516420,23,10,2,0.001751,0.008258,-0.047360,-0.202179,0.161133,0.965988,-22.471650,1.633345,44.912710,0.822261,0.157927,-0.546735,0.000000,0.000000,0.000000,0.000000,0,0,3.274353,3.232208,0.010085,0.000000,-22.438570,1.626222,44.878520,358.431700,136.647100,7.971175,104.047200,98.172010,0.300000,1000.000000,0.900730,2468,2740,50.000000,off
1767081140095,2025-12-30 15:52:20.095,1033.653000,11.527400,23,10,2,0.003077,0.008403,-0.047460,-0.242004,0.161942,0.956650,-22.472530,1.633635,44.911720,0.846596,0.152094,-0.510012,0.000000,0.000000,0.000000,0.000000,0,0,3.281784,3.284409,0.641513,0.000000,-22.438320,1.626148,44.878470,358.480200,136.447000,7.982399,104.047200,98.172010,0.300000,1000.000000,0.900730,2468,2740,50.000000,off
1767081140106,2025-12-30 15:52:20.106,1033.664000,11.538510,23,10,2,0.007510,0.008391,-0.046868,-0.223068,0.164993,0.960724,-22.475110,1.634198,44.908180,0.837906,0.156738,-0.522801,0.000000,0.000000,0.000000,0.000000,0,0,3.314041,3.047043,10.264940,0.000000,-22.438020,1.626040,44.878490,358.538800,136.258600,8.014274,104.047200,98.172010,0.300000,1000.000000,0.900730,2468,2740,50.000000,off
1767081140118,2025-12-30 15:52:20.118,1033.675000,11.549620,23,10,2,0.007510,0.008391,-0.046868,-0.223068,0.164993,0.960724,-22.474940,1.634168,44.908050,0.839887,0.155690,-0.519926,0.000000,0.000000,0.000000,0.000000,0,0,3.314041,3.047043,10.264940,0.000000,-22.437760,1.625961,44.878490,358.594100,136.057900,8.043268,104.047200,98.172010,0.300000,1000.000000,0.900730,2468,2740,50.000000,off
1767081140129,2025-12-30 15:52:20.129,1033.686000,11.560730,23,10,2,-0.002316,0.008212,-0.047752,-0.191635,0.158890,0.968506,-22.468400,1.632504,44.915320,0.824218,0.153604,-0.545017,0.000000,0.000000,0.000000,0.000000,0,0,3.302017,3.150711,0.641528,0.000000,-22.437490,1.625840,44.878520,358.630600,135.863400,8.047738,104.047200,98.172010,0.300000,1000.000000,0.900730,2468,2740,50.000000,off
1767081140140,2025-12-30 15:52:20.140,1033.697000,11.571840,23,10,2,0.003298,0.008337,-0.047416,-0.204941,0.161438,0.965363,-22.472000,1.633329,44.911160,0.833545,0.153630,-0.530649,0.000000,0.000000,0.000000,0.000000,0,0,3.352737,3.264511,0.641528,0.000000,-22.437230,1.625721,44.878570,358.663000,135.675200,8.051588,104.047200,98.172010,0.300000,1000.000000,0.900730,2468,2740,50.000000,off
1767081140151,2025-12-30 15:52:20.151,1033.708000,11.582950,23,10,2,0.003298,0.008337,-0.047416,-0.204941,0.161438,0.965363,-22.471850,1.633303,44.911030,0.835344,0.152870,-0.528033,0.000000,0.000000,0.000000,0.000000,0,0,3.352737,3.264511,0.641528,0.000000,-22.436990,1.625656,44.878560,358.709700,135.488800,8.045815,104.047200,98.172010,0.300000,1000.000000,0.900730,2468,2740,50.000000,off
1767081140162,2025-12-30 15:52:20.162,1033.720000,11.594180,23,10,2,0.013384,0.008604,-0.047025,-0.201981,0.169357,0.964630,-22.478550,1.634962,44.903720,0.835184,0.160519,-0.526014,0.000000,0.000000,0.000000,0.000000,0,0,3.289520,3.146454,0.161351,0.000000,-22.436760,1.625602,44.878620,358.743900,135.303100,8.049386,104.047200,98.172010,0.300000,1000.000000,0.900730,2468,2740,50.000000,off
1767081140173,2025-12-30 15:52:20.173,1033.731000,11.605290,23,10,2,0.010247,0.008448,-0.046897,-0.189987,0.160904,0.968506,-22.476120,1.634347,44.905650,0.830464,0.153354,-0.535539,0.000000,0.000000,0.000000,0.000000,0,0,3.333740,3.186356,2.612804,0.000000,-22.436540,1.625550,44.878610,358.779300,135.123400,8.039550,104.047200,98.172010,0.300000,1000.000000,0.900730,2468,2740,50.000000,off
1767081140184,2025-12-30 15:52:20.184,1033.742000,11.616270,23,10,2,0.003298,0.008337,-0.047416,-0.204941,0.161438,0.965363,-22.471520,1.633189,44.910790,0.840497,0.151311,-0.520248,0.000000,0.000000,0.000000,0.000000,0,0,3.352737,3.264511,0.649280,0.000000,-22.436350,1.625463,44.878650,358.806600,134.942100,8.028279,104.047200,98.172010,0.300000,1000.000000,0.900730,2468,2740,50.000000,off
1767081140195,2025-12-30 15:52:20.195,1033.753000,11.627380,23,10,2,0.003298,0.008337,-0.047416,-0.204941,0.161438,0.965363,-22.471450,1.633129,44.910760,0.842131,0.150919,-0.517713,0.000000,0.000000,0.000000,0.000000,0,0,3.352737,3.264511,0.649280,0.000000,-22.436180,1.625383,44.878730,358.829200,134.767000,8.031324,104.047200,98.172010,0.300000,1000.000000,0.900730,2468,2740,50.000000,off
1767081140206,2025-12-30 15:52:20.206,1033.764000,11.638490,23,10,2,0.013384,0.008604,-0.047025,-0.201981,0.169357,0.964630,-22.478100,1.634772,44.903400,0.841711,0.158843,-0.516023,0.000000,0.000000,0.000000,0.000000,0,0,3.289520,3.146454,10.388720,0.000000,-22.436010,1.625329,44.878810,358.849000,134.603700,8.026828,104.047200,98.172010,0.300000,1000.000000,0.900730,2468,2740,50.000000,off
1767081140218,2025-12-30 15:52:20.218,1033.775000,11.649600,23,10,2,0.013583,0.008617,-0.047028,-0.191727,0.165299,0.967423,-22.478190,1.634784,44.903200,0.837708,0.156201,-0.523293,0.000000,0.000000,0.000000,0.000000,0,0,3.318222,3.149078,10.389210,0.000000,-22.435900,1.625296,44.878880,358.856300,134.440800,8.023527,104.047200,98.172010,0.300000,1000.000000,0.900730,2468,2740,50.000000,off
1767081140229,2025-12-30 15:52:20.229,1033.786000,11.660710,23,10,2,0.013510,0.008562,-0.046820,-0.147797,0.155075,0.976776,-22.478000,1.634737,44.903010,0.814292,0.152070,-0.560167,0.000000,0.000000,0.000000,0.000000,0,0,3.147537,3.052078,41.301950,0.000000,-22.435850,1.625294,44.878880,358.877400,134.309600,8.012809,104.047200,98.172010,0.300000,1000.000000,0.900730,2468,2740,50.000000,off
1767081140240,2025-12-30 15:52:20.240,1033.797000,11.671810,23,10,2,0.013510,0.008562,-0.046820,-0.147797,0.155075,0.976776,-22.478030,1.634725,44.902930,0.815378,0.151782,-0.558664,0.000000,0.000000,0.000000,0.000000,0,0,3.147537,3.052078,41.301950,0.000000,-22.435830,1.625269,44.878890,358.894100,134.201900,8.014176,104.047200,98.172010,0.300000,1000.000000,0.900730,2468,2740,50.000000,off
1767081140251,2025-12-30 15:52:20.251,1033.808000,11.682920,23,10,2,0.014235,0.008559,-0.046711,-0.159821,0.168304,0.972687,-22.478500,1.634798,44.902260,0.822737,0.162700,-0.544630,0.000000,0.000000,0.000000,0.000000,0,0,3.277954,3.046921,165.227300,0.000000,-22.435850,1.625221,44.878880,358.921500,134.115000,8.001848,104.047200,98.172010,0.300000,1000.000000,0.900730,2468,2740,50.000000,off
1767081140262,2025-12-30 15:52:20.262,1033.820000,11.694150,23,10,2,-0.019341,0.007699,-0.048257,-0.095901,0.145248,0.984726,-22.456550,1.629211,44.927040,0.786007,0.148603,-0.600075,0.000000,0.000000,0.000000,0.000000,0,0,3.179596,3.156860,41.055850,0.000000,-22.435870,1.625164,44.878890,358.945600,134.047500,7.991314,104.047200,98.172010,0.300000,1000.000000,0.900730,2468,2740,50.000000,off
1767081140273,2025-12-30 15:52:20.273,1033.831000,11.705140,23,10,2,-0.019341,0.007699,-0.048257,-0.095901,0.145248,0.984726,-22.456710,1.629219,44.926960,0.786727,0.147799,-0.599330,0.000000,0.000000,0.000000,0.000000,0,0,3.179596,3.156860,41.055850,0.000000,-22.435970,1.625123,44.878850,358.995100,133.984200,7.969988,104.047200,98.172010,0.300000,1000.000000,0.900730,2468,2740,50.000000,off
1767081140284,2025-12-30 15:52:20.284,1033.842000,11.716250,23,10,2,0.013510,0.008562,-0.046820,-0.147797,0.155075,0.976776,-22.478430,1.634596,44.902660,0.818281,0.149698,-0.554969,0.000000,0.000000,0.000000,0.000000,0,0,3.147537,3.052078,0.010084,0.000000,-22.436120,1.625041,44.878850,359.024400,133.920900,7.969456,104.047200,98.172010,0.300000,1000.000000,0.900730,2468,2740,50.000000,off
1767081140295,2025-12-30 15:52:20.295,1033.853000,11.727360,23,10,2,0.014235,0.008559,-0.046711,-0.159821,0.168304,0.972687,-22.478970,1.634642,44.902000,0.825151,0.160643,-0.541580,0.000000,0.000000,0.000000,0.000000,0,0,3.277954,3.046921,0.159371,0.000000,-22.436230,1.624968,44.878810,359.049400,133.881200,7.967825,104.047200,98.172010,0.300000,1000.000000,0.900730,2468,2740,50.000000,off
1767081140307,2025-12-30 15:52:20.307,1033.864000,11.738590,23,10,2,-0.015653,0.007794,-0.048098,-0.101410,0.154495,0.982773,-22.459640,1.629707,44.924140,0.791633,0.154812,-0.591056,0.000000,0.000000,0.000000,0.000000,0,0,3.138977,3.159103,0.039844,0.000000,-22.436360,1.624937,44.878810,359.073800,133.830800,7.969055,104.047200,98.172010,0.300000,1000.000000,0.900730,2468,2740,50.000000,off
1767081140318,2025-12-30 15:52:20.318,1033.875000,11.749820,23,10,2,-0.015653,0.007794,-0.048098,-0.101410,0.154495,0.982773,-22.459790,1.629727,44.924120,0.792226,0.154524,-0.590335,0.000000,0.000000,0.000000,0.000000,0,0,3.138977,3.159103,0.039844,0.000000,-22.436470,1.624940,44.878810,359.091700,133.775200,7.960668,104.047200,98.172010,0.300000,1000.000000,0.900730,2468,2740,50.000000,off
1767081140329,2025-12-30 15:52:20.329,1033.886000,11.761050,23,10,2,-0.006296,0.007919,-0.047278,-0.104706,0.160049,0.981537,-22.465800,1.631186,44.916790,0.794464,0.159455,-0.585999,0.000000,0.000000,0.000000,0.000000,0,0,3.034958,3.190811,0.010023,0.000000,-22.436630,1.624956,44.878730,359.100000,133.734100,7.938230,104.047200,98.172010,0.300000,1000.000000,0.900730,2468,2740,50.000000,off
1767081140340,2025-12-30 15:52:20.340,1033.897000,11.771790,23,10,2,0.006919,0.008269,-0.046729,-0.098724,0.142517,0.984848,-22.474580,1.633344,44.906960,0.791594,0.142904,-0.594088,0.000000,0.000000,0.000000,0.000000,0,0,2.978043,3.209351,0.010023,0.000000,-22.436750,1.624930,44.878720,359.107300,133.700300,7.909702,104.047200,98.172010,0.300000,1000.000000,0.900730,2468,2740,50.000000,off
1767081140351,2025-12-30 15:52:20.351,1033.908000,11.782900,23,10,2,0.006919,0.008269,-0.046729,-0.098724,0.142517,0.984848,-22.474760,1.633354,44.906880,0.792028,0.142795,-0.593536,0.000000,0.000000,0.000000,0.000000,0,0,2.978043,3.209351,0.010023,0.000000,-22.436910,1.624935,44.878670,359.116700,133.656200,7.884033,104.047200,98.172010,0.300000,1000.000000,0.900730,2468,2740,50.000000,off
1767081140362,2025-12-30 15:52:20.362,1033.919000,11.794010,23,10,2,0.027399,0.009379,-0.047731,-0.138306,0.097305,0.985580,-22.489520,1.637215,44.892980,0.816400,0.092515,-0.569998,0.000000,0.000000,0.000000,0.000000,0,0,2.977722,2.948746,0.002475,0.000000,-22.436990,1.624912,44.878660,359.127000,133.604100,7.848973,104.047200,98.172010,0.300000,1000.000000,0.900730,2468,2740,50.000000,off
1767081140373,2025-12-30 15:52:20.373,1033.930000,11.804990,23,10,0,0.033447,0.011155,-0.052987,-0.132797,0.011917,0.991058,-22.497530,1.639678,44.892400,0.810115,0.008521,-0.586187,0.000000,0.000000,0.000000,0.000000,0,0,2.696014,2.584549,0.000615,0.000000,-22.437180,1.624868,44.878660,359.145000,133.542900,7.822735,104.047200,98.172010,0.300000,1000.000000,0.900730,2468,2740,50.000000,off
1767081140384,2025-12-30 15:52:20.384,1033.942000,11.816220,23,10,1,0.000000,0.000000,0.000000,0.000000,0.000000,1.000000,0.000000,0.000000,0.000000,0.000000,0.000000,0.000000,0.000000,0.000000,0.000000,0.000000,0,0,0.000000,0.000000,0.000000,0.000000,-22.437330,1.624833,44.878660,359.154600,133.488200,7.808491,104.047200,98.172010,0.300000,1000.000000,0.900730,2468,2740,50.000000,off
1767081140395,2025-12-30 15:52:20.395,1033.953000,11.827330,23,10,1,0.000000,0.000000,0.000000,0.000000,0.000000,1.000000,0.000000,0.000000,0.000000,0.000000,0.000000,0.000000,0.000000,0.000000,0.000000,0.000000,0,0,0.000000,0.000000,0.000000,0.000000,-22.437530,1.624849,44.878650,359.171500,133.431700,7.783590,104.047200,98.172010,0.300000,1000.000000,0.900730,2468,2740,50.000000,off
1767081140406,2025-12-30 15:52:20.406,1033.964000,11.838320,23,10,2,0.027399,0.009379,-0.047731,-0.138306,0.097305,0.985580,-22.490350,1.637174,44.892750,0.818586,0.091771,-0.566975,0.000000,0.000000,0.000000,0.000000,0,0,2.977722,2.948746,0.002490,0.000000,-22.437750,1.624858,44.878650,359.181500,133.383000,7.775335,104.047200,98.172010,0.300000,1000.000000,0.900730,2468,2740,50.000000,off
1767081140418,2025-12-30 15:52:20.418,1033.975000,11.849550,23,10,0,0.033447,0.011155,-0.052987,-0.132797,0.011917,0.991058,-22.498350,1.639654,44.892140,0.812591,0.007943,-0.582757,0.000000,0.000000,0.000000,0.000000,0,0,2.696014,2.584549,0.002490,0.000000,-22.437940,1.624843,44.878680,359.187800,133.300900,7.752667,104.047200,98.172010,0.300000,1000.000000,0.900730,2468,2740,50.000000,off
1767081140429,2025-12-30 15:52:20.429,1033.986000,11.860530,23,10,0,0.033447,0.011155,-0.052987,-0.132797,0.011917,0.991058,-22.498560,1.639635,44.892120,0.813249,0.007736,-0.581842,0.000000,0.000000,0.000000,0.000000,0,0,2.696014,2.584549,0.002490,0.000000,-22.438130,1.624821,44.878730,359.202700,133.236400,7.730875,104.047200,98.172010,0.300000,1000.000000,0.900730,2468,2740,50.000000,off
1767081140440,2025-12-30 15:52:20.440,1033.997000,11.871640,23,10,0,0.032836,0.018784,-0.084886,-0.138062,-0.234345,0.962296,-22.520990,1.646652,44.915170,0.776583,-0.237239,-0.583634,0.000000,0.000000,0.000000,0.000000,0,0,1.464203,-1.000000,0.159386,0.000000,-22.438300,1.624823,44.878800,359.196500,133.152100,7.715425,104.047200,98.172010,0.300000,1000.000000,0.900730,2468,2740,50.000000,off
1767081140451,2025-12-30 15:52:20.451,1034.008000,11.882750,23,10,0,0.033374,0.009647,-0.047318,-0.105499,-0.060318,0.992584,-22.494930,1.638163,44.888070,0.791560,-0.059969,-0.608135,0.000000,0.000000,0.000000,0.000000,0,0,2.603561,2.476898,0.039601,0.000000,-22.438520,1.624801,44.878830,359.196400,133.080400,7.693125,104.047200,98.172010,0.300000,1000.000000,0.900730,2468,2740,50.000000,off
1767081140462,2025-12-30 15:52:20.462,1034.019000,11.893980,23,10,0,0.033289,0.009920,-0.048671,-0.106964,0.050888,0.992950,-22.496110,1.638413,44.889130,0.802608,0.049866,-0.594404,0.000000,0.000000,0.000000,0.000000,0,0,3.052414,2.729553,10.263960,0.000000,-22.438780,1.624809,44.878950,359.207900,133.008400,7.677301,104.047200,98.172010,0.300000,1000.000000,0.900730,2468,2740,50.000000,off
1767081140473,2025-12-30 15:52:20.473,1034.030000,11.904970,23,10,0,0.033289,0.009920,-0.048671,-0.106964,0.050888,0.992950,-22.496400,1.638430,44.889090,0.803273,0.049924,-0.593499,0.000000,0.000000,0.000000,0.000000,0,0,3.052414,2.729553,10.263960,0.000000,-22.439060,1.624834,44.878980,359.205900,132.943600,7.665255,104.047200,98.172010,0.300000,1000.000000,0.900730,2468,2740,50.000000,off
1767081140484,2025-12-30 15:52:20.484,1034.042000,11.916080,23,10,2,0.032870,0.008677,-0.045082,-0.011795,0.047211,0.998810,-22.493820,1.637205,44.886820,0.743535,0.058922,-0.666088,0.000000,0.000000,0.000000,0.000000,0,0,3.203445,3.359268,2.565624,0.000000,-22.439280,1.624845,44.879040,359.213600,132.887400,7.658132,104.047200,98.172010,0.300000,1000.000000,0.900730,2468,2740,50.000000,off
1767081140495,2025-12-30 15:52:20.495,1034.053000,11.927190,23,10,0,0.033374,0.009647,-0.047318,-0.105499,-0.060318,0.992584,-22.496040,1.638192,44.888130,0.794269,-0.060114,-0.604579,0.000000,0.000000,0.000000,0.000000,0,0,2.603561,2.476898,0.162316,0.000000,-22.439590,1.624841,44.879150,359.208500,132.826800,7.653842,104.047200,98.172010,0.300000,1000.000000,0.900730,2468,2740,50.000000,off
1767081140506,2025-12-30 15:52:20.506,1034.064000,11.938290,23,10,0,0.033374,0.009647,-0.047318,-0.105499,-0.060318,0.992584,-22.496340,1.638179,44.888150,0.794755,-0.059981,-0.603953,0.000000,0.000000,0.000000,0.000000,0,0,2.603561,2.476898,0.162316,0.000000,-22.439880,1.624837,44.879220,359.201400,132.781600,7.648730,104.047200,98.172010,0.300000,1000.000000,0.900730,2468,2740,50.000000,off
1767081140518,2025-12-30 15:52:20.518,1034.075000,11.949400,23,10,0,0.033289,0.009920,-0.048671,-0.106964,0.050888,0.992950,-22.497600,1.638406,44.889190,0.805318,0.049995,-0.590717,0.000000,0.000000,0.000000,0.000000,0,0,3.052414,2.729553,2.565746,0.000000,-22.440220,1.624816,44.879280,359.202500,132.745300,7.658545,104.047200,98.172010,0.300000,1000.000000,0.900730,2468,2740,50.000000,off
1767081140528,2025-12-30 15:52:20.528,1034.086000,11.960510,23,10,2,-0.030131,0.007372,-0.048643,0.084473,0.058746,0.994690,-22.455390,1.627394,44.935080,0.678608,0.083373,-0.729750,0.000000,0.000000,0.000000,0.000000,0,0,3.416534,3.348648,2.612682,0.000000,-22.440540,1.624784,44.879390,359.199300,132.712100,7.659263,104.047200,98.172010,0.300000,1000.000000,0.900730,2468,2740,50.000000,off
1767081140539,2025-12-30 15:52:20.539,1034.097000,11.971620,23,16,2,-0.030132,0.007207,-0.048226,0.085403,0.065918,0.994156,-13.355470,1.627264,33.304860,0.678503,0.090381,-0.729006,0.000000,0.000000,0.000000,0.000000,0,0,3.298706,3.403229,0.161355,0.000000,-13.340890,1.624801,33.249470,359.211800,132.686600,7.658548,104.047200,98.172010,0.300000,1000.000000,0.900730,2468,2740,50.000000,off
1767081140551,2025-12-30 15:52:20.551,1034.108000,11.982600,23,16,2,-0.030132,0.007207,-0.048226,0.085403,0.065918,0.994156,-13.355840,1.627268,33.304920,0.678725,0.090560,-0.728777,0.000000,0.000000,0.000000,0.000000,0,0,3.298706,3.403229,0.161355,0.000000,-13.341240,1.624810,33.249550,359.200800,132.667600,7.650913,104.047200,98.172010,0.300000,1000.000000,0.900730,2468,2740,50.000000,off
1767081140562,2025-12-30 15:52:20.562,1034.119000,11.993840,23,16,2,-0.025910,0.007254,-0.047838,0.065598,0.063843,0.995789,-13.358750,1.627917,33.301690,0.693242,0.086007,-0.715537,0.000000,0.000000,0.000000,0.000000,0,0,3.337463,3.395752,0.161355,0.000000,-13.341590,1.624849,33.249650,359.193900,132.654600,7.648434,104.047200,98.172010,0.300000,1000.000000,0.900730,2468,2740,50.000000,off
1767081140573,2025-12-30 15:52:20.573,1034.130000,12.004940,23,16,2,-0.000375,0.007740,-0.046261,0.030762,0.066437,0.997315,-13.375110,1.631848,33.282140,0.718131,0.084218,-0.690791,0.000000,0.000000,0.000000,0.000000,0,0,3.313126,3.412170,2.550305,0.000000,-13.341950,1.624890,33.249700,359.179100,132.643000,7.639612,104.047200,98.172010,0.300000,1000.000000,0.900730,2468,2740,50.000000,off
1767081140584,2025-12-30 15:52:20.584,1034.141000,12.016050,23,16,2,-0.000375,0.007740,-0.046261,0.030762,0.066437,0.997315,-13.375520,1.631848,33.282250,0.718352,0.084683,-0.690504,0.000000,0.000000,0.000000,0.000000,0,0,3.313126,3.412170,2.550305,0.000000,-13.342350,1.624911,33.249820,359.152400,132.622500,7.643619,104.047200,98.172010,0.300000,1000.000000,0.900730,2468,2740,50.000000,off
1767081140595,2025-12-30 15:52:20.595,1034.153000,12.027160,23,16,2,-0.006256,0.007684,-0.046898,0.036789,0.059280,0.997559,-13.372430,1.631039,33.287050,0.713968,0.078647,-0.695741,0.000000,0.000000,0.000000,0.000000,0,0,3.189072,3.412643,652.909300,0.000000,-13.342740,1.624962,33.249920,359.138200,132.617000,7.649807,104.047200,98.172010,0.300000,1000.000000,0.900730,2468,2740,50.000000,off
1767081140606,2025-12-30 15:52:20.606,1034.164000,12.038270,23,16,2,-0.002893,0.007622,-0.046222,0.042465,0.079224,0.995941,-13.374590,1.631457,33.284210,0.710560,0.099427,-0.696561,0.000000,0.000000,0.000000,0.000000,0,0,3.419083,3.389450,2.534740,0.000000,-13.343130,1.624998,33.249980,359.122300,132.614900,7.666178,104.047200,98.172010,0.300000,1000.000000,0.900730,2468,2740,50.000000,off
1767081140617,2025-12-30 15:52:20.617,1034.175000,12.049380,23,16,2,-0.000375,0.007740,-0.046261,0.030762,0.066437,0.997315,-13.376750,1.631943,33.282530,0.718590,0.085151,-0.690198,0.000000,0.000000,0.000000,0.000000,0,0,3.313126,3.412170,0.653186,0.000000,-13.343570,1.625029,33.250110,359.126300,132.602800,7.679391,104.047200,98.172010,0.300000,1000.000000,0.900730,2468,2740,50.000000,off
1767081140628,2025-12-30 15:52:20.628,1034.186000,12.060730,23,16,2,-0.000375,0.007740,-0.046261,0.030762,0.066437,0.997315,-13.377130,1.631942,33.282690,0.718427,0.085169,-0.690366,0.000000,0.000000,0.000000,0.000000,0,0,3.313126,3.412170,0.653186,0.000000,-13.343960,1.625028,33.250260,359.125700,132.617700,7.700057,104.047200,98.172010,0.300000,1000.000000,0.900730,2468,2740,50.000000,off
1767081140639,2025-12-30 15:52:20.639,1034.197000,12.071590,23,16,2,-0.006256,0.007684,-0.046898,0.036789,0.059280,0.997559,-13.374040,1.631156,33.287480,0.713914,0.078637,-0.695798,0.000000,0.000000,0.000000,0.000000,0,0,3.189072,3.412643,10.389450,0.000000,-13.344360,1.625085,33.250340,359.140400,132.625000,7.705440,104.047200,98.172010,0.300000,1000.000000,0.900730,2468,2740,50.000000,off
1767081140650,2025-12-30 15:52:20.650,1034.208000,12.082820,23,16,2,-0.002574,0.007677,-0.046361,0.048279,0.073853,0.996094,-13.376520,1.631658,33.284600,0.706008,0.094862,-0.701813,0.000000,0.000000,0.000000,0.000000,0,0,3.370712,3.442612,2.550244,0.000000,-13.344770,1.625104,33.250490,359.125200,132.645500,7.711689,104.047200,98.172010,0.300000,1000.000000,0.900730,2468,2740,50.000000,off
1767081140661,2025-12-30 15:52:20.661,1034.219000,12.093810,23,16,2,-0.002574,0.007677,-0.046361,0.048279,0.073853,0.996094,-13.376860,1.631696,33.284760,0.705551,0.095359,-0.702205,0.000000,0.000000,0.000000,0.000000,0,0,3.370712,3.442612,2.550244,0.000000,-13.345130,1.625165,33.250630,359.096300,132.679400,7.704307,104.047200,98.172010,0.300000,1000.000000,0.900730,2468,2740,50.000000,off
1767081140673,2025-12-30 15:52:20.673,1034.230000,12.104920,23,16,2,-0.003482,0.007622,-0.046277,0.045685,0.079727,0.995758,-13.376590,1.631557,33.285470,0.707036,0.101339,-0.699863,0.000000,0.000000,0.000000,0.000000,0,0,3.459839,3.414429,0.160386,0.000000,-13.345540,1.625225,33.250720,359.066700,132.715500,7.702229,104.047200,98.172010,0.300000,1000.000000,0.900730,2468,2740,50.000000,off
1767081140684,2025-12-30 15:52:20.684,1034.241000,12.116030,23,16,2,0.001444,0.007702,-0.045876,0.048508,0.081177,0.995514,-13.379980,1.632311,33.281800,0.704772,0.103266,-0.701872,0.000000,0.000000,0.000000,0.000000,0,0,3.360687,3.461090,0.040335,0.000000,-13.345930,1.625239,33.250870,359.059700,132.738300,7.693064,104.047200,98.172010,0.300000,1000.000000,0.900730,2468,2740,50.000000,off
1767081140695,2025-12-30 15:52:20.695,1034.253000,12.127140,23,16,2,-0.003475,0.007645,-0.046346,0.042511,0.083817,0.995560,-13.377400,1.631592,33.285850,0.708673,0.105365,-0.697605,0.000000,0.000000,0.000000,0.000000,0,0,3.475632,3.464630,10.388960,0.000000,-13.346330,1.625257,33.251020,359.043500,132.768900,7.703309,104.047200,98.172010,0.300000,1000.000000,0.900730,2468,2740,50.000000,off
1767081140706,2025-12-30 15:52:20.706,1034.264000,12.138240,23,16,2,-0.003475,0.007645,-0.046346,0.042511,0.083817,0.995560,-13.377800,1.631567,33.286010,0.708138,0.105545,-0.698121,0.000000,0.000000,0.000000,0.000000,0,0,3.475632,3.464630,10.388960,0.000000,-13.346750,1.625240,33.251160,359.033200,132.811800,7.705079,104.047200,98.172010,0.300000,1000.000000,0.900730,2468,2740,50.000000,off
1767081140717,2025-12-30 15:52:20.717,1034.275000,12.149350,23,16,2,-0.005895,0.007541,-0.046242,0.049301,0.073639,0.996063,-13.376540,1.631114,33.287900,0.702634,0.096534,-0.704969,0.000000,0.000000,0.000000,0.000000,0,0,3.312531,3.482376,0.160374,0.000000,-13.347230,1.625221,33.251350,359.024700,132.851400,7.716964,104.047200,98.172010,0.300000,1000.000000,0.900730,2468,2740,50.000000,off
1767081140728,2025-12-30 15:52:20.728,1034.286000,12.160460,23,16,2,0.001444,0.007702,-0.045876,0.048508,0.081177,0.995514,-13.381650,1.632278,33.282520,0.702953,0.103968,-0.703590,0.000000,0.000000,0.000000,0.000000,0,0,3.360687,3.461090,2.566113,0.000000,-13.347680,1.625236,33.251510,359.020900,132.886200,7.739192,104.047200,98.172010,0.300000,1000.000000,0.900730,2468,2740,50.000000,off
1767081140739,2025-12-30 15:52:20.739,1034.297000,12.171570,23,16,2,0.001444,0.007702,-0.045876,0.048508,0.081177,0.995514,-13.382050,1.632256,33.282700,0.702597,0.104277,-0.703899,0.000000,0.000000,0.000000,0.000000,0,0,3.360687,3.461090,2.566113,0.000000,-13.348090,1.625228,33.251660,359.003700,132.914700,7.756000,104.047200,98.172010,0.300000,1000.000000,0.900730,2468,2740,50.000000,off
1767081140751,2025-12-30 15:52:20.751,1034.308000,12.182680,23,16,2,-0.003475,0.007645,-0.046346,0.042511,0.083817,0.995560,-13.379510,1.631541,33.286710,0.706540,0.106477,-0.699597,0.000000,0.000000,0.000000,0.000000,0,0,3.475632,3.464630,165.231200,0.000000,-13.348540,1.625260,33.251770,358.981400,132.942500,7.768161,104.047200,98.172010,0.300000,1000.000000,0.900730,2468,2740,50.000000,off
1767081140762,2025-12-30 15:52:20.762,1034.319000,12.193790,23,16,2,-0.006156,0.007531,-0.046246,0.050491,0.084610,0.995117,-13.378030,1.631055,33.288730,0.700560,0.108523,-0.705269,0.000000,0.000000,0.000000,0.000000,0,0,3.459152,3.485291,668.940600,0.000000,-13.348960,1.625258,33.251920,358.970800,132.967700,7.775852,104.047200,98.172010,0.300000,1000.000000,0.900730,2468,2740,50.000000,off
1767081140773,2025-12-30 15:52:20.773,1034.330000,12.204900,23,16,2,-0.001456,0.007553,-0.045710,0.050476,0.082703,0.995285,-13.381230,1.631736,33.285130,0.700353,0.106601,-0.705778,0.000000,0.000000,0.000000,0.000000,0,0,3.470734,3.483582,664.956200,0.000000,-13.349380,1.625270,33.252070,358.972700,132.983400,7.776114,104.047200,98.172010,0.300000,1000.000000,0.900730,2468,2740,50.000000,off
1767081140784,2025-12-30 15:52:20.784,1034.342000,12.216130,23,16,2,-0.001456,0.007553,-0.045710,0.050476,0.082703,0.995285,-13.381650,1.631738,33.285300,0.700006,0.106800,-0.706092,0.000000,0.000000,0.000000,0.000000,0,0,3.470734,3.483582,664.956200,0.000000,-13.349820,1.625282,33.252230,358.961700,133.011400,7.788124,104.047200,98.172010,0.300000,1000.000000,0.900730,2468,2740,50.000000,off
1767081140795,2025-12-30 15:52:20.795,1034.353000,12.227110,23,16,2,-0.001683,0.007586,-0.045865,0.043411,0.081848,0.995697,-13.382000,1.631745,33.285750,0.704867,0.105223,-0.701490,0.000000,0.000000,0.000000,0.000000,0,0,3.533005,3.442917,664.956200,0.000000,-13.350220,1.625300,33.252400,358.949400,133.023800,7.797125,104.047200,98.172010,0.300000,1000.000000,0.900730,2468,2740,50.000000,off
1767081140806,2025-12-30 15:52:20.806,1034.364000,12.238220,23,16,2,0.000689,0.007656,-0.045826,0.047821,0.083817,0.995331,-13.384000,1.632150,33.284230,0.701301,0.108045,-0.704627,0.000000,0.000000,0.000000,0.000000,0,0,3.376556,3.453217,167144.800000,0.000000,-13.350670,1.625326,33.252590,358.933300,133.060100,7.800306,104.047200,98.172010,0.300000,1000.000000,0.900730,2468,2740,50.000000,off
1767081140817,2025-12-30 15:52:20.817,1034.375000,12.249330,23,16,2,0.000689,0.007656,-0.045826,0.047821,0.083817,0.995331,-13.384350,1.632200,33.284420,0.701123,0.108209,-0.704779,0.000000,0.000000,0.000000,0.000000,0,0,3.376556,3.453217,167144.800000,0.000000,-13.351020,1.625382,33.252760,358.924200,133.074400,7.810193,104.047200,98.172010,0.300000,1000.000000,0.900730,2468,2740,50.000000,off
1767081140828,2025-12-30 15:52:20.828,1034.386000,12.260440,23,16,2,0.003057,0.007682,-0.045584,0.041855,0.085129,0.995483,-13.386170,1.632543,33.282760,0.705150,0.109098,-0.700605,0.000000,0.000000,0.000000,0.000000,0,0,3.459991,3.494446,42043.200000,0.000000,-13.351420,1.625393,33.252960,358.901300,133.091100,7.809477,104.047200,98.172010,0.300000,1000.000000,0.900730,2468,2740,50.000000,off
1767081140839,2025-12-30 15:52:20.839,1034.397000,12.271550,23,16,2,0.004264,0.007806,-0.045818,0.026352,0.080429,0.996399,-13.387520,1.632843,33.282310,0.715624,0.102702,-0.690876,0.000000,0.000000,0.000000,0.000000,0,0,3.503326,3.404953,10.576220,0.000000,-13.351800,1.625425,33.253200,358.881300,133.117900,7.813193,104.047200,98.172010,0.300000,1000.000000,0.900730,2468,2740,50.000000,off
1767081140851,2025-12-30 15:52:20.851,1034.408000,12.282650,23,16,2,0.000689,0.007656,-0.045826,0.047821,0.083817,0.995331,-13.385520,1.632243,33.285080,0.700485,0.109530,-0.705209,0.000000,0.000000,0.000000,0.000000,0,0,3.376556,3.453217,2627.512000,0.000000,-13.352210,1.625486,33.253400,358.848200,133.118200,7.815764,104.047200,98.172010,0.300000,1000.000000,0.900730,2468,2740,50.000000,off
1767081140862,2025-12-30 15:52:20.862,1034.419000,12.293760,23,16,2,0.000689,0.007656,-0.045826,0.047821,0.083817,0.995331,-13.385920,1.632307,33.285300,0.700271,0.109957,-0.705355,0.000000,0.000000,0.000000,0.000000,0,0,3.376556,3.453217,2627.512000,0.000000,-13.352620,1.625570,33.253610,358.823600,133.132800,7.815845,104.047200,98.172010,0.300000,1000.000000,0.900730,2468,2740,50.000000,off
1767081140873,2025-12-30 15:52:20.873,1034.430000,12.304750,23,16,2,0.003057,0.007682,-0.045584,0.041855,0.085129,0.995483,-13.387720,1.632702,33.283660,0.704377,0.111155,-0.701058,0.000000,0.000000,0.000000,0.000000,0,0,3.459991,3.494446,169188.800000,0.000000,-13.352990,1.625645,33.253830,358.782900,133.141400,7.818609,104.047200,98.172010,0.300000,1000.000000,0.900730,2468,2740,50.000000,off
1767081140884,2025-12-30 15:52:20.884,1034.441000,12.315860,23,16,2,0.002117,0.007673,-0.045638,0.035538,0.083313,0.995880,-13.387480,1.632584,33.284660,0.708547,0.109210,-0.697148,0.000000,0.000000,0.000000,0.000000,0,0,3.484100,3.491226,41.305850,0.000000,-13.353350,1.625697,33.254100,358.742600,133.160300,7.831861,104.047200,98.172010,0.300000,1000.000000,0.900730,2468,2740,50.000000,off
1767081140895,2025-12-30 15:52:20.895,1034.452000,12.326970,23,16,2,0.002117,0.007673,-0.045638,0.035538,0.083313,0.995880,-13.387780,1.632638,33.284900,0.708650,0.110007,-0.696919,0.000000,0.000000,0.000000,0.000000,0,0,3.484100,3.491226,41.305850,0.000000,-13.353640,1.625788,33.254330,358.697200,133.148500,7.852702,104.047200,98.172010,0.300000,1000.000000,0.900730,2468,2740,50.000000,off
1767081140906,2025-12-30 15:52:20.906,1034.464000,12.338070,23,16,2,0.002405,0.007738,-0.045792,0.027740,0.084961,0.995987,-13.388430,1.632734,33.285060,0.714118,0.111366,-0.691094,0.000000,0.000000,0.000000,0.000000,0,0,3.491257,3.480728,10.263960,0.000000,-13.353980,1.625819,33.254590,358.652000,133.148200,7.875095,104.047200,98.172010,0.300000,1000.000000,0.900730,2468,2740,50.000000,off
1767081140917,2025-12-30 15:52:20.917,1034.475000,12.349300,23,16,2,0.001036,0.007762,-0.046006,0.027206,0.067764,0.997330,-13.388030,1.632569,33.286440,0.714318,0.095038,-0.693337,0.000000,0.000000,0.000000,0.000000,0,0,3.443542,3.397598,0.649325,0.000000,-13.354360,1.625857,33.254830,358.610000,133.132100,7.914841,104.047200,98.172010,0.300000,1000.000000,0.900730,2468,2740,50.000000,off
1767081140928,2025-12-30 15:52:20.928,1034.486000,12.360410,23,16,2,-0.000784,0.007654,-0.045825,0.043488,0.069366,0.996628,-13.386990,1.632244,33.287830,0.702763,0.099698,-0.704382,0.000000,0.000000,0.000000,0.000000,0,0,3.461151,3.492844,0.161359,0.000000,-13.354680,1.625924,33.255040,358.562100,133.137700,7.947379,104.047200,98.172010,0.300000,1000.000000,0.900730,2468,2740,50.000000,off
1767081140939,2025-12-30 15:52:20.939,1034.497000,12.371400,23,16,2,-0.000784,0.007654,-0.045825,0.043488,0.069366,0.996628,-13.387330,1.632315,33.288050,0.702921,0.100331,-0.704135,0.000000,0.000000,0.000000,0.000000,0,0,3.461151,3.492844,0.161359,0.000000,-13.355010,1.626025,33.255260,358.526800,133.123700,7.982611,104.047200,98.172010,0.300000,1000.000000,0.900730,2468,2740,50.000000,off
1767081140950,2025-12-30 15:52:20.950,1034.508000,12.382630,23,16,2,0.002405,0.007738,-0.045792,0.027740,0.084961,0.995987,-13.389800,1.632882,33.285970,0.714425,0.114179,-0.690318,0.000000,0.000000,0.000000,0.000000,0,0,3.491257,3.480728,2.628491,0.000000,-13.355340,1.626092,33.255490,358.492000,133.115400,8.010740,104.047200,98.172010,0.300000,1000.000000,0.900730,2468,2740,50.000000,off
1767081140962,2025-12-30 15:52:20.962,1034.519000,12.393740,23,16,2,0.001036,0.007762,-0.046006,0.027206,0.067764,0.997330,-13.389310,1.632753,33.287320,0.714496,0.097770,-0.692774,0.000000,0.000000,0.000000,0.000000,0,0,3.443542,3.397598,10.326950,0.000000,-13.355630,1.626166,33.255710,358.455000,133.110800,8.045723,104.047200,98.172010,0.300000,1000.000000,0.900730,2468,2740,50.000000,off
1767081140973,2025-12-30 15:52:20.973,1034.530000,12.404720,23,16,2,-0.002953,0.007752,-0.046325,0.042725,0.067856,0.996765,-13.387160,1.632194,33.290640,0.703734,0.100396,-0.703314,0.000000,0.000000,0.000000,0.000000,0,0,3.448929,3.408676,656.940600,0.000000,-13.355940,1.626202,33.255940,358.433700,133.094700,8.064930,104.047200,98.172010,0.300000,1000.000000,0.900730,2468,2740,50.000000,off
1767081140984,2025-12-30 15:52:20.984,1034.541000,12.415830,23,16,2,-0.002953,0.007752,-0.046325,0.042725,0.067856,0.996765,-13.387450,1.632191,33.290890,0.703669,0.100808,-0.703320,0.000000,0.000000,0.000000,0.000000,0,0,3.448929,3.408676,656.940600,0.000000,-13.356230,1.626219,33.256180,358.410400,133.098400,8.077197,104.047200,98.172010,0.300000,1000.000000,0.900730,2468,2740,50.000000,off
1767081140995,2025-12-30 15:52:20.995,1034.552000,12.426940,23,16,2,-0.028713,0.007729,-0.048729,0.151779,0.155548,0.976090,-13.372030,1.628480,33.311330,0.621440,0.202685,-0.756779,0.000000,0.000000,0.000000,0.000000,0,0,3.641968,3.591278,0.657077,0.000000,-13.356530,1.626240,33.256430,358.392400,133.076000,8.095063,104.047200,98.172010,0.300000,1000.000000,0.900730,2468,2740,50.000000,off
1767081141006,2025-12-30 15:52:21.006,1034.563000,12.438050,23,16,2,-0.030599,0.009321,-0.053514,0.223267,0.201477,0.953690,-13.374430,1.629665,33.316360,0.560224,0.257925,-0.787140,0.000000,0.000000,0.000000,0.000000,0,0,3.621445,3.462067,0.657077,0.000000,-13.356830,1.626278,33.256650,358.376700,133.063300,8.122555,104.047200,98.172010,0.300000,1000.000000,0.900730,2468,2740,50.000000,off
1767081141017,2025-12-30 15:52:21.017,1034.575000,12.449280,23,16,2,-0.030599,0.009321,-0.053514,0.223267,0.201477,0.953690,-13.374740,1.629660,33.316610,0.560552,0.258276,-0.786791,0.000000,0.000000,0.000000,0.000000,0,0,3.621445,3.462067,0.657077,0.000000,-13.357110,1.626299,33.256900,358.358600,133.038100,8.137780,104.047200,98.172010,0.300000,1000.000000,0.900730,2468,2740,50.000000,off
1767081141028,2025-12-30 15:52:21.028,1034.586000,12.460270,23,16,2,-0.029374,0.009320,-0.053079,0.244629,0.234436,0.940842,-13.375560,1.629851,33.315660,0.539540,0.293875,-0.789000,0.000000,0.000000,0.000000,0.000000,0,0,3.694443,3.535934,0.649265,0.000000,-13.357390,1.626330,33.257140,358.342500,133.011200,8.156944,104.047200,98.172010,0.300000,1000.000000,0.900730,2468,2740,50.000000,off
1767081141039,2025-12-30 15:52:21.039,1034.597000,12.471500,23,16,2,-0.030336,0.009241,-0.053087,0.233444,0.235916,0.943314,-13.375190,1.629549,33.316520,0.549384,0.294507,-0.781944,0.000000,0.000000,0.000000,0.000000,0,0,3.741364,3.544159,10.264210,0.000000,-13.357630,1.626288,33.257310,358.304500,132.979900,8.175012,104.047200,98.172010,0.300000,1000.000000,0.900730,2468,2740,50.000000,off
1767081141051,2025-12-30 15:52:21.051,1034.608000,12.482480,23,16,2,-0.011175,0.009524,-0.051461,0.213959,0.245895,0.945374,-13.387170,1.632619,33.301850,0.565099,0.301752,-0.767843,0.000000,0.000000,0.000000,0.000000,0,0,3.687485,3.481842,10.264210,0.000000,-13.357820,1.626312,33.257550,358.301900,132.963700,8.186904,104.047200,98.172010,0.300000,1000.000000,0.900730,2468,2740,50.000000,off
1767081141061,2025-12-30 15:52:21.061,1034.619000,12.493590,23,16,2,-0.011175,0.009524,-0.051461,0.213959,0.245895,0.945374,-13.387520,1.632627,33.301990,0.565620,0.301962,-0.767377,0.000000,0.000000,0.000000,0.000000,0,0,3.687485,3.481842,10.264210,0.000000,-13.358140,1.626333,33.257710,358.294300,132.929300,8.214819,104.047200,98.172010,0.300000,1000.000000,0.900730,2468,2740,50.000000,off
1767081141072,2025-12-30 15:52:21.072,1034.630000,12.504700,23,16,2,-0.029374,0.009320,-0.053079,0.244629,0.234436,0.940842,-13.376600,1.629771,33.316410,0.541030,0.295137,-0.787507,0.000000,0.000000,0.000000,0.000000,0,0,3.694443,3.535934,0.645419,0.000000,-13.358330,1.626348,33.257920,358.282300,132.903800,8.234416,104.047200,98.172010,0.300000,1000.000000,0.900730,2468,2740,50.000000,off
1767081141084,2025-12-30 15:52:21.084,1034.641000,12.515810,23,16,2,-0.030336,0.009241,-0.053087,0.233444,0.235916,0.943314,-13.376240,1.629552,33.317290,0.550768,0.295107,-0.780743,0.000000,0.000000,0.000000,0.000000,0,0,3.741364,3.544159,10574.550000,0.000000,-13.358590,1.626351,33.258110,358.282800,132.888600,8.246196,104.047200,98.172010,0.300000,1000.000000,0.900730,2468,2740,50.000000,off
1767081141095,2025-12-30 15:52:21.095,1034.652000,12.527040,23,16,2,-0.030336,0.009241,-0.053087,0.233444,0.235916,0.943314,-13.376560,1.629531,33.317490,0.550915,0.295264,-0.780580,0.000000,0.000000,0.000000,0.000000,0,0,3.741364,3.544159,10574.550000,0.000000,-13.358900,1.626339,33.258310,358.273800,132.875900,8.248885,104.047200,98.172010,0.300000,1000.000000,0.900730,2468,2740,50.000000,off
1767081141106,2025-12-30 15:52:21.106,1034.663000,12.538020,23,16,2,-0.013745,0.009344,-0.051178,0.221054,0.242096,0.944717,-13.386640,1.632062,33.304410,0.560961,0.299852,-0.771607,0.000000,0.000000,0.000000,0.000000,0,0,3.671814,3.482300,10.326950,0.000000,-13.359150,1.626343,33.258510,358.261000,132.860000,8.249272,104.047200,98.172010,0.300000,1000.000000,0.900730,2468,2740,50.000000,off
1767081141117,2025-12-30 15:52:21.117,1034.675000,12.549130,23,16,2,-0.011441,0.009343,-0.050866,0.211197,0.244553,0.946350,-13.388250,1.632419,33.302720,0.568989,0.301029,-0.765259,0.000000,0.000000,0.000000,0.000000,0,0,3.562241,3.477188,41.305870,0.000000,-13.359420,1.626366,33.258690,358.251300,132.855000,8.233484,104.047200,98.172010,0.300000,1000.000000,0.900730,2468,2740,50.000000,off
1767081141128,2025-12-30 15:52:21.128,1034.686000,12.560240,23,16,2,-0.004694,0.009612,-0.050852,0.205917,0.245697,0.947205,-13.393060,1.633644,33.298070,0.573433,0.301452,-0.761752,0.000000,0.000000,0.000000,0.000000,0,0,3.637589,3.444397,0.649326,0.000000,-13.359690,1.626360,33.258910,358.249400,132.841400,8.229696,104.047200,98.172010,0.300000,1000.000000,0.900730,2468,2740,50.000000,off
1767081141139,2025-12-30 15:52:21.139,1034.697000,12.571350,23,16,2,-0.004694,0.009612,-0.050852,0.205917,0.245697,0.947205,-13.393340,1.633627,33.298250,0.573505,0.301790,-0.761565,0.000000,0.000000,0.000000,0.000000,0,0,3.637589,3.444397,0.649326,0.000000,-13.359950,1.626362,33.259100,358.227100,132.827500,8.220693,104.047200,98.172010,0.300000,1000.000000,0.900730,2468,2740,50.000000,off
1767081141150,2025-12-30 15:52:21.150,1034.708000,12.582460,23,16,2,-0.002929,0.009505,-0.050101,0.209732,0.248230,0.945709,-13.394340,1.633737,33.296670,0.569744,0.305051,-0.763091,0.000000,0.000000,0.000000,0.000000,0,0,3.669830,3.454544,2.565869,0.000000,-13.360310,1.626319,33.259310,358.205700,132.834500,8.190015,104.047200,98.172010,0.300000,1000.000000,0.900730,2468,2740,50.000000,off
1767081141161,2025-12-30 15:52:21.161,1034.719000,12.593690,23,16,2,-0.011441,0.009343,-0.050866,0.211197,0.244553,0.946350,-13.389460,1.632314,33.303520,0.568882,0.301728,-0.765064,0.000000,0.000000,0.000000,0.000000,0,0,3.562241,3.477188,2.581922,0.000000,-13.360610,1.626297,33.259510,358.199000,132.835700,8.181687,104.047200,98.172010,0.300000,1000.000000,0.900730,2468,2740,50.000000,off
1767081141172,2025-12-30 15:52:21.172,1034.730000,12.604800,23,16,2,-0.011441,0.009343,-0.050866,0.211197,0.244553,0.946350,-13.389750,1.632316,33.303690,0.568620,0.301889,-0.765195,9.500606,13.785160,2.500000,40.255770,BlockImage,Untagged,3.562241,3.477188,2.581922,0.000000,-13.360900,1.626306,33.259670,358.185200,132.846300,8.160329,104.047200,98.172010,0.300000,1000.000000,0.900730,2468,2740,50.000000,on
1767081141211,2025-12-30 15:52:21.211,1034.768000,12.642880,23,16,2,-0.020952,0.010039,-0.053909,0.222443,0.271484,0.936371,-13.385780,1.631545,33.312890,0.555359,0.330180,-0.763238,-12.760400,2.003356,32.453420,1.126074,HintPanel,Untagged,3.533371,3.249222,0.649295,0.000000,-13.361190,1.626309,33.259850,358.158300,132.856100,8.138481,104.047200,98.172010,0.300000,1000.000000,0.900730,2468,2740,50.000000,on
1767081141223,2025-12-30 15:52:21.223,1034.780000,12.654970,23,16,2,-0.026487,0.009741,-0.053790,0.230331,0.280273,0.931870,-13.382910,1.630544,33.317170,0.546613,0.340407,-0.765065,-12.778100,2.007192,32.470660,1.106456,ActiveHitMarker,Untagged,3.686096,3.335373,668.940700,0.000000,-13.362170,1.626414,33.260230,358.122700,132.899800,8.134741,104.047200,98.172010,0.300000,1000.000000,0.900730,2468,2740,50.000000,on
1767081141235,2025-12-30 15:52:21.235,1034.792000,12.666560,23,16,2,-0.026487,0.009741,-0.053790,0.230331,0.280273,0.931870,-13.383540,1.630568,33.317490,0.545726,0.340485,-0.765663,-12.779200,2.007628,32.469580,1.107410,ActiveHitMarker,Untagged,3.686096,3.335373,668.940700,0.000000,-13.362860,1.626438,33.260520,358.114000,132.958500,8.116368,104.047200,98.172010,0.300000,1000.000000,0.900730,2468,2740,50.000000,on
1767081141245,2025-12-30 15:52:21.245,1034.803000,12.677670,23,16,2,-0.026728,0.009686,-0.053659,0.223450,0.284912,0.932129,-13.383570,1.630546,33.317740,0.550001,0.344132,-0.760947,-12.773410,2.012319,32.473560,1.109362,ActiveHitMarker,Untagged,3.570206,3.265594,668.940700,0.000000,-13.363210,1.626494,33.260670,358.108500,133.019500,8.094201,104.047200,98.172010,0.300000,1000.000000,0.900730,2468,2740,50.000000,on
1767081141257,2025-12-30 15:52:21.257,1034.814000,12.688660,23,16,2,-0.019876,0.009781,-0.052999,0.218262,0.288834,0.932159,-13.388020,1.631696,33.312570,0.552807,0.347468,-0.757400,-12.774210,2.017509,32.471590,1.110346,ActiveHitMarker,Untagged,3.595291,3.275009,0.653247,0.000000,-13.363540,1.626569,33.260860,358.090900,133.082100,8.062493,104.047200,98.172010,0.300000,1000.000000,0.900730,2468,2740,50.000000,on
1767081141268,2025-12-30 15:52:21.268,1034.825000,12.699770,23,16,2,-0.019876,0.009781,-0.052999,0.218262,0.288834,0.932159,-13.388300,1.631736,33.312720,0.551502,0.348184,-0.758022,-12.776640,2.017899,32.472020,1.109069,ActiveHitMarker,Untagged,3.587296,3.278351,162.219600,0.000000,-13.363880,1.626644,33.260980,358.040400,133.155000,8.031116,104.047200,98.172010,0.300000,1000.000000,0.900730,2468,2740,50.000000,on
1767081141279,2025-12-30 15:52:21.279,1034.836000,12.711000,23,16,2,-0.001244,0.010122,-0.051524,0.208679,0.303345,0.929733,-13.400190,1.634782,33.298530,0.556060,0.361809,-0.748239,-12.770770,2.044325,32.451570,1.131915,HintPanel,Untagged,3.587296,3.278351,162.219600,0.000000,-13.364240,1.626740,33.261090,357.997000,133.232600,8.027702,104.047200,98.172010,0.300000,1000.000000,0.900730,2468,2740,50.000000,on
1767081141290,2025-12-30 15:52:21.290,1034.848000,12.722110,23,16,2,-0.001040,0.010132,-0.051529,0.211304,0.298142,0.930832,-13.400680,1.634862,33.298530,0.553591,0.357488,-0.752147,-12.774850,2.039000,32.448240,1.130484,HintPanel,Untagged,3.556030,3.261856,10.326220,0.000000,-13.364620,1.626807,33.261200,357.969000,133.305200,8.018970,104.047200,98.172010,0.300000,1000.000000,0.900730,2468,2740,50.000000,on
1767081141301,2025-12-30 15:52:21.301,1034.859000,12.733090,23,16,2,-0.019876,0.009781,-0.052999,0.218262,0.288834,0.932159,-13.389220,1.631900,33.313170,0.547738,0.349447,-0.760167,-12.784490,2.017702,32.473920,1.104027,ActiveHitMarker,Untagged,3.595291,3.275009,10.326710,0.000000,-13.365030,1.626881,33.261310,357.962000,133.413200,8.032215,104.047200,98.172010,0.300000,1000.000000,0.900730,2468,2740,50.000000,on
1767081141313,2025-12-30 15:52:21.313,1034.870000,12.744320,23,16,2,-0.019876,0.009781,-0.052999,0.218262,0.288834,0.932159,-13.389590,1.631899,33.313320,0.546402,0.349963,-0.760891,-12.786750,2.018007,32.473840,1.103273,ActiveHitMarker,Untagged,3.595291,3.275009,10.326710,0.000000,-13.365490,1.626914,33.261420,357.933200,133.509200,8.049722,104.047200,98.172010,0.300000,1000.000000,0.900730,2468,2740,50.000000,on
1767081141324,2025-12-30 15:52:21.324,1034.881000,12.755430,23,16,2,-0.001244,0.010122,-0.051524,0.208679,0.303345,0.929733,-13.401620,1.634920,33.299210,0.550646,0.363392,-0.751468,-12.778280,2.046281,32.448540,1.131984,HintPanel,Untagged,3.587296,3.278351,163.215600,0.000000,-13.365910,1.626964,33.261510,357.904600,133.624400,8.063829,104.047200,98.172010,0.300000,1000.000000,0.900730,2468,2740,50.000000,on
1767081141335,2025-12-30 15:52:21.335,1034.892000,12.766540,23,16,2,-0.001057,0.010142,-0.051563,0.211151,0.297501,0.931076,-13.402100,1.635063,33.299280,0.548163,0.358663,-0.755561,-12.782460,2.040490,32.445210,1.130381,HintPanel,Untagged,3.551178,3.255768,0.649249,0.000000,-13.366300,1.627096,33.261620,357.868300,133.721600,8.089788,104.047200,98.172010,0.300000,1000.000000,0.900730,2468,2740,50.000000,on
1767081141345,2025-12-30 15:52:21.345,1034.903000,12.777650,23,16,2,-0.001057,0.010142,-0.051563,0.211151,0.297501,0.931076,-13.402430,1.635106,33.299450,0.546407,0.359675,-0.756351,-12.784660,2.041762,32.444300,1.130616,HintPanel,Untagged,3.551178,3.255768,0.649249,0.000000,-13.366710,1.627195,33.261710,357.806900,133.836500,8.099829,104.047200,98.172010,0.300000,1000.000000,0.900730,2468,2740,50.000000,on
1767081141356,2025-12-30 15:52:21.356,1034.914000,12.788640,23,16,2,-0.000724,0.010145,-0.051538,0.209869,0.300674,0.930344,-13.402970,1.635224,33.299390,0.545432,0.363529,-0.755209,-12.785870,2.046525,32.444940,1.131405,HintPanel,Untagged,3.563354,3.244431,2.550244,0.000000,-13.367110,1.627311,33.261830,357.753800,133.943400,8.124712,104.047200,98.172010,0.300000,1000.000000,0.900730,2468,2740,50.000000,on
1767081141368,2025-12-30 15:52:21.368,1034.925000,12.799870,23,16,2,-0.000520,0.010192,-0.051716,0.209686,0.297180,0.931503,-13.403530,1.635390,33.299510,0.544310,0.360907,-0.757269,-12.788370,2.043271,32.443680,1.130146,HintPanel,Untagged,3.507751,3.240128,2.565931,0.000000,-13.367470,1.627455,33.261890,357.702200,134.063600,8.120603,104.047200,98.172010,0.300000,1000.000000,0.900730,2468,2740,50.000000,on
1767081141379,2025-12-30 15:52:21.379,1034.936000,12.810970,23,16,2,0.000178,0.010240,-0.051840,0.209595,0.297302,0.931488,-13.404420,1.635600,33.299300,0.542497,0.361710,-0.758190,-12.791220,2.044452,32.442290,1.130324,HintPanel,Untagged,3.493637,3.225357,0.161359,0.000000,-13.367870,1.627563,33.261990,357.660700,134.194300,8.131536,104.047200,98.172010,0.300000,1000.000000,0.900730,2468,2740,50.000000,on
1767081141390,2025-12-30 15:52:21.390,1034.947000,12.821960,23,16,2,0.000178,0.010240,-0.051840,0.209595,0.297302,0.931488,-13.404750,1.635658,33.299440,0.540599,0.362442,-0.759195,-12.793700,2.045337,32.441300,1.130322,HintPanel,Untagged,3.493637,3.225357,0.161359,0.000000,-13.368280,1.627662,33.262040,357.614900,134.321900,8.131202,104.047200,98.172010,0.300000,1000.000000,0.900730,2468,2740,50.000000,on
1767081141401,2025-12-30 15:52:21.401,1034.958000,12.833070,23,16,2,0.000672,0.010238,-0.051776,0.206070,0.295960,0.932694,-13.405400,1.635720,33.299150,0.541790,0.361592,-0.758742,-12.802140,2.038338,32.454320,1.113445,ActiveHitMarker,Untagged,3.484329,3.195831,41.307810,0.000000,-13.368710,1.627706,33.262060,357.556800,134.454900,8.128968,104.047200,98.172010,0.300000,1000.000000,0.900730,2468,2740,50.000000,on
1767081141412,2025-12-30 15:52:21.412,1034.970000,12.844180,23,16,2,-0.000640,0.009967,-0.050924,0.198334,0.295898,0.934387,-13.404190,1.635351,33.299550,0.546542,0.361030,-0.755593,-12.801650,2.033373,32.466540,1.102445,ActiveHitMarker,Untagged,3.408142,3.158569,2.565930,0.000000,-13.369090,1.627783,33.262080,357.526500,134.588500,8.141257,104.047200,98.172010,0.300000,1000.000000,0.900730,2468,2740,50.000000,on
1767081141423,2025-12-30 15:52:21.423,1034.981000,12.855410,23,16,2,-0.000640,0.009967,-0.050924,0.198334,0.295898,0.934387,-13.404510,1.635357,33.299630,0.544635,0.361556,-0.756718,-12.804080,2.033951,32.465400,1.102422,ActiveHitMarker,Untagged,3.408142,3.158569,2.565930,0.000000,-13.369500,1.627818,33.262080,357.494600,134.723600,8.146491,104.047200,98.172010,0.300000,1000.000000,0.900730,2468,2740,50.000000,on
1767081141434,2025-12-30 15:52:21.434,1034.992000,12.866390,23,16,2,0.000178,0.010240,-0.051840,0.209595,0.297302,0.931488,-13.406020,1.635693,33.299920,0.532798,0.364946,-0.763498,-12.803810,2.048187,32.436950,1.130283,HintPanel,Untagged,3.493637,3.225357,689027.600000,0.000000,-13.369890,1.627838,33.262170,357.460900,134.860700,8.145203,104.047200,98.172010,0.300000,1000.000000,0.900730,2468,2740,50.000000,on
1767081141445,2025-12-30 15:52:21.445,1035.003000,12.877500,23,16,2,0.000672,0.010238,-0.051776,0.206070,0.295960,0.932694,-13.406640,1.635777,33.299620,0.534403,0.363551,-0.763032,-12.810010,2.041664,32.447730,1.116437,ActiveHitMarker,Untagged,3.484329,3.195831,656.893700,0.000000,-13.370290,1.627871,33.262180,357.438300,134.977500,8.151114,104.047200,98.172010,0.300000,1000.000000,0.900730,2468,2740,50.000000,on
1767081141456,2025-12-30 15:52:21.456,1035.014000,12.888730,23,16,2,-0.001115,0.009815,-0.050468,0.196610,0.302277,0.932709,-13.404770,1.635172,33.300020,0.539677,0.368657,-0.756844,-12.809540,2.041778,32.465270,1.102924,ActiveHitMarker,Untagged,3.400589,3.183975,41.307820,0.000000,-13.370650,1.627892,33.262250,357.422800,135.105300,8.131673,104.047200,98.172010,0.300000,1000.000000,0.900730,2468,2740,50.000000,on
1767081141468,2025-12-30 15:52:21.468,1035.025000,12.899840,23,16,2,-0.001115,0.009815,-0.050468,0.196610,0.302277,0.932709,-13.405020,1.635193,33.300090,0.538165,0.368864,-0.757819,-12.812090,2.041594,32.465160,1.101750,ActiveHitMarker,Untagged,3.400589,3.183975,41.307820,0.000000,-13.370960,1.627925,33.262250,357.408400,135.212100,8.122928,104.047200,98.172010,0.300000,1000.000000,0.900730,2468,2740,50.000000,on
1767081141479,2025-12-30 15:52:21.479,1035.036000,12.910950,23,16,2,-0.002336,0.009840,-0.050801,0.190384,0.292984,0.936966,-13.404690,1.635015,33.301260,0.543752,0.359455,-0.758365,-12.809050,2.028770,32.470530,1.095417,ActiveHitMarker,Untagged,3.295105,3.113571,668.925000,0.000000,-13.371320,1.627937,33.262280,357.379600,135.291500,8.124539,104.047200,98.172010,0.300000,1000.000000,0.900730,2468,2740,50.000000,on
1767081141490,2025-12-30 15:52:21.490,1035.047000,12.921940,23,16,2,0.028920,0.009637,-0.046455,0.104416,0.283905,0.953140,-13.424000,1.639423,33.276650,0.613790,0.339292,-0.712828,-12.749810,2.012098,32.493690,1.098382,HintPanel,Untagged,3.385147,3.236389,668.925000,0.000000,-13.371550,1.627966,33.262310,357.363800,135.401200,8.082967,104.047200,98.172010,0.300000,1000.000000,0.900730,2468,2740,50.000000,on
1767081141501,2025-12-30 15:52:21.501,1035.058000,12.933040,23,16,2,0.028920,0.009637,-0.046455,0.104416,0.283905,0.953140,-13.424220,1.639354,33.276810,0.612717,0.339652,-0.713579,-12.751200,2.012436,32.493000,1.098416,HintPanel,Untagged,3.385147,3.236389,668.925000,0.000000,-13.371790,1.627928,33.262410,357.340100,135.472000,8.057171,104.047200,98.172010,0.300000,1000.000000,0.900730,2468,2740,50.000000,on
1767081141512,2025-12-30 15:52:21.512,1035.070000,12.944150,23,16,2,0.032105,0.009194,-0.045056,0.044922,0.212845,0.976044,-13.425780,1.639404,33.273680,0.665215,0.262293,-0.699052,-12.713310,1.920330,32.524960,1.071031,HintPanel,Untagged,3.202881,3.036041,10.451220,0.000000,-13.372040,1.627930,33.262460,357.328400,135.545100,8.030441,104.047200,98.172010,0.300000,1000.000000,0.900730,2468,2740,50.000000,on
1767081141523,2025-12-30 15:52:21.523,1035.081000,12.955260,23,16,2,0.032432,0.009134,-0.045170,0.038391,0.174088,0.983978,-13.426330,1.639331,33.273610,0.671952,0.223690,-0.706000,-12.712380,1.877000,32.523490,1.062489,HintPanel,Untagged,3.222549,3.041641,42297.200000,0.000000,-13.372280,1.627899,33.262490,357.312000,135.606900,8.011149,104.047200,98.172010,0.300000,1000.000000,0.900730,2468,2740,50.000000,on
1767081141534,2025-12-30 15:52:21.534,1035.092000,12.966250,23,16,2,0.025682,0.008481,-0.044691,-0.089462,0.069824,0.993530,-13.421530,1.637744,33.277930,0.762193,0.103094,-0.639074,-12.619940,1.746166,32.605820,1.051680,HintPanel,Untagged,3.181412,3.034897,10.451710,0.000000,-13.372590,1.627873,33.262560,357.319200,135.651200,8.004396,104.047200,98.172010,0.300000,1000.000000,0.900730,2468,2740,50.000000,on
1767081141545,2025-12-30 15:52:21.545,1035.103000,12.977600,23,16,2,0.025682,0.008481,-0.044691,-0.089462,0.069824,0.993530,-13.421800,1.637666,33.278050,0.761703,0.103360,-0.639614,-12.620700,1.746372,32.605360,1.051710,HintPanel,Untagged,3.181412,3.034897,10.451710,0.000000,-13.372870,1.627815,33.262650,357.305800,135.692200,7.984619,104.047200,98.172010,0.300000,1000.000000,0.900730,2468,2740,50.000000,on
1767081141556,2025-12-30 15:52:21.556,1035.114000,12.988590,23,16,2,0.032105,0.009194,-0.045056,0.044922,0.212845,0.976044,-13.426770,1.639212,33.274120,0.662617,0.262561,-0.701414,-12.717160,1.920394,32.522960,1.070912,HintPanel,Untagged,3.202881,3.036041,656.878100,0.000000,-13.373060,1.627784,33.262730,357.311400,135.739500,7.968251,104.047200,98.172010,0.300000,1000.000000,0.900730,2468,2740,50.000000,on
1767081141568,2025-12-30 15:52:21.568,1035.125000,12.999690,23,16,2,0.032432,0.009134,-0.045170,0.038391,0.174088,0.983978,-13.427320,1.639165,33.274080,0.669724,0.223559,-0.708157,-12.715800,1.876679,32.521720,1.062416,HintPanel,Untagged,3.222549,3.041641,0.165246,0.000000,-13.373300,1.627757,33.262810,357.318900,135.779400,7.957869,104.047200,98.172010,0.300000,1000.000000,0.900730,2468,2740,50.000000,on
1767081141579,2025-12-30 15:52:21.579,1035.136000,13.010930,23,16,2,0.019057,0.008333,-0.045115,-0.084030,0.070053,0.993988,-13.417960,1.636515,33.283250,0.756722,0.104087,-0.645382,-12.622210,1.745970,32.604580,1.051563,HintPanel,Untagged,3.085617,2.981628,2.597241,0.000000,-13.373490,1.627745,33.262910,357.325500,135.819700,7.942942,104.047200,98.172010,0.300000,1000.000000,0.900730,2468,2740,50.000000,on
1767081141590,2025-12-30 15:52:21.590,1035.147000,13.022030,23,16,2,0.019057,0.008333,-0.045115,-0.084030,0.070053,0.993988,-13.418110,1.636482,33.283360,0.756269,0.104454,-0.645855,-12.622830,1.746325,32.604190,1.051577,HintPanel,Untagged,3.085617,2.981628,2.597241,0.000000,-13.373650,1.627732,33.263000,357.305100,135.857000,7.933709,104.047200,98.172010,0.300000,1000.000000,0.900730,2468,2740,50.000000,on
1767081141601,2025-12-30 15:52:21.601,1035.158000,13.033020,23,16,2,-0.016836,0.007375,-0.046871,-0.059891,0.070557,0.995697,-13.393910,1.630506,33.309130,0.739809,0.108257,-0.664034,-12.616000,1.744339,32.610890,1.051497,HintPanel,Untagged,3.147217,3.030075,10.326710,0.000000,-13.373870,1.627725,33.263030,357.312000,135.892900,7.921538,104.047200,98.172010,0.300000,1000.000000,0.900730,2468,2740,50.000000,on
1767081141612,2025-12-30 15:52:21.612,1035.170000,13.044250,23,16,2,-0.023842,0.007037,-0.046698,-0.051971,0.087509,0.994797,-13.388960,1.629205,33.313850,0.734187,0.125987,-0.667141,-12.616380,1.761780,32.611820,1.052284,HintPanel,Untagged,3.137299,2.967545,2.566174,0.000000,-13.374060,1.627703,33.263110,357.318200,135.931700,7.906403,104.047200,98.172010,0.300000,1000.000000,0.900730,2468,2740,50.000000,on
1767081141623,2025-12-30 15:52:21.623,1035.181000,13.055110,23,16,2,-0.023842,0.007037,-0.046698,-0.051971,0.087509,0.994797,-13.389100,1.629202,33.313940,0.733729,0.125588,-0.667720,-12.617030,1.761352,32.611330,1.052243,HintPanel,Untagged,3.137299,2.967545,2.566174,0.000000,-13.374240,1.627678,33.263200,357.341800,135.973500,7.899363,104.047200,98.172010,0.300000,1000.000000,0.900730,2468,2740,50.000000,on
1767081141634,2025-12-30 15:52:21.634,1035.192000,13.066220,23,16,2,-0.003210,0.007638,-0.045917,-0.070908,0.093811,0.993057,-13.403450,1.632652,33.299430,0.746159,0.129043,-0.653136,-12.617490,1.768577,32.611470,1.053326,HintPanel,Untagged,3.200439,3.038574,164.227400,0.000000,-13.374400,1.627656,33.263260,357.349600,136.003300,7.874911,104.047200,98.172010,0.300000,1000.000000,0.900730,2468,2740,50.000000,on
1767081141645,2025-12-30 15:52:21.645,1035.203000,13.077450,23,16,2,-0.016836,0.007375,-0.046871,-0.059891,0.070557,0.995697,-13.394510,1.630456,33.309480,0.738217,0.107573,-0.665914,-12.618260,1.743573,32.609260,1.051515,HintPanel,Untagged,3.147217,3.030075,2.597363,0.000000,-13.374570,1.627614,33.263340,357.357000,136.029500,7.841922,104.047200,98.172010,0.300000,1000.000000,0.900730,2468,2740,50.000000,on
1767081141656,2025-12-30 15:52:21.656,1035.214000,13.088560,23,16,2,-0.016836,0.007375,-0.046871,-0.059891,0.070557,0.995697,-13.394600,1.630415,33.309640,0.737685,0.107567,-0.666504,-12.618910,1.743522,32.608800,1.051497,HintPanel,Untagged,3.147217,3.030075,2.597363,0.000000,-13.374690,1.627567,33.263480,357.358400,136.074400,7.828247,104.047200,98.172010,0.300000,1000.000000,0.900730,2468,2740,50.000000,on
1767081141667,2025-12-30 15:52:21.667,1035.225000,13.099550,23,16,2,-0.023842,0.007037,-0.046698,-0.051971,0.087509,0.994797,-13.389540,1.629127,33.314330,0.732430,0.125287,-0.669201,-12.618830,1.760962,32.610160,1.052249,HintPanel,Untagged,3.137299,2.967545,10.452200,0.000000,-13.374770,1.627552,33.263560,357.364100,136.080900,7.821984,104.047200,98.172010,0.300000,1000.000000,0.900730,2468,2740,50.000000,on
1767081141679,2025-12-30 15:52:21.679,1035.236000,13.110780,23,16,2,-0.003234,0.007634,-0.045905,-0.070847,0.089874,0.993424,-13.403830,1.632549,33.299890,0.745022,0.124597,-0.655290,-12.619380,1.763740,32.609920,1.052915,HintPanel,Untagged,3.191605,3.034241,0.641544,0.000000,-13.374870,1.627525,33.263680,357.388500,136.097300,7.808711,104.047200,98.172010,0.300000,1000.000000,0.900730,2468,2740,50.000000,on
1767081141690,2025-12-30 15:52:21.690,1035.247000,13.121770,23,16,2,-0.001366,0.007678,-0.045804,-0.072891,0.088837,0.993362,-13.405140,1.632799,33.298670,0.746310,0.123596,-0.654002,-12.619330,1.762937,32.610050,1.052916,HintPanel,Untagged,3.180328,3.041214,41.557810,0.000000,-13.374900,1.627490,33.263790,357.369000,136.102600,7.829298,104.047200,98.172010,0.300000,1000.000000,0.900730,2468,2740,50.000000,on
1767081141701,2025-12-30 15:52:21.701,1035.258000,13.133000,23,16,2,-0.001366,0.007678,-0.045804,-0.072891,0.088837,0.993362,-13.405230,1.632767,33.298760,0.746536,0.123504,-0.653762,-12.619170,1.762810,32.610390,1.052930,HintPanel,Untagged,3.180328,3.041214,41.557810,0.000000,-13.374990,1.627456,33.263890,357.372100,136.085600,7.855961,104.047200,98.172010,0.300000,1000.000000,0.900730,2468,2740,50.000000,on
1767081141712,2025-12-30 15:52:21.712,1035.269000,13.143980,23,16,2,-0.000394,0.007684,-0.045700,-0.072891,0.090210,0.993240,-13.405860,1.632932,33.298180,0.746669,0.124729,-0.653380,-12.619660,1.764265,32.610210,1.052928,HintPanel,Untagged,3.165009,3.045135,41.557810,0.000000,-13.374990,1.627473,33.264050,357.378300,136.076700,7.869665,104.047200,98.172010,0.300000,1000.000000,0.900730,2468,2740,50.000000,on
1767081141723,2025-12-30 15:52:21.723,1035.281000,13.155330,23,16,2,0.001123,0.007726,-0.045647,-0.072052,0.090347,0.993286,-13.406960,1.633137,33.297250,0.746353,0.125222,-0.653642,-12.621120,1.764985,32.609020,1.052896,HintPanel,Untagged,3.139053,3.043350,10.389700,0.000000,-13.375030,1.627439,33.264190,357.362100,136.055500,7.896704,104.047200,98.172010,0.300000,1000.000000,0.900730,2468,2740,50.000000,on
1767081141734,2025-12-30 15:52:21.734,1035.292000,13.166320,23,16,2,-0.003005,0.007623,-0.045831,-0.072510,0.085800,0.993668,-13.404230,1.632455,33.300340,0.746713,0.120627,-0.654113,-12.618180,1.759437,32.611770,1.052682,HintPanel,Untagged,3.155396,3.088150,10.264940,0.000000,-13.375130,1.627436,33.264350,357.362700,136.051600,7.924420,104.047200,98.172010,0.300000,1000.000000,0.900730,2468,2740,50.000000,on
1767081141745,2025-12-30 15:52:21.745,1035.303000,13.177310,23,16,2,-0.003005,0.007623,-0.045831,-0.072510,0.085800,0.993668,-13.404300,1.632420,33.300470,0.747075,0.120810,-0.653666,-12.617850,1.759596,32.612350,1.052698,HintPanel,Untagged,3.155396,3.088150,10.264940,0.000000,-13.375180,1.627414,33.264480,357.349300,136.021100,7.957934,104.047200,98.172010,0.300000,1000.000000,0.900730,2468,2740,50.000000,on
1767081141756,2025-12-30 15:52:21.756,1035.314000,13.188420,23,16,2,-0.000394,0.007684,-0.045700,-0.072891,0.090210,0.993240,-13.406110,1.632848,33.298760,0.747761,0.125085,-0.652062,-12.624230,1.763641,32.616940,1.045619,ActiveHitMarker,Untagged,3.165009,3.045135,42.058790,0.000000,-13.375200,1.627416,33.264660,357.348000,135.987200,7.983295,104.047200,98.172010,0.300000,1000.000000,0.900730,2468,2740,50.000000,on
1767081141767,2025-12-30 15:52:21.767,1035.325000,13.199520,23,16,2,0.001123,0.007726,-0.045647,-0.072052,0.090347,0.993286,-13.407190,1.633100,33.297850,0.747423,0.125494,-0.652367,-12.632900,1.763103,32.622040,1.035925,ActiveHitMarker,Untagged,3.139053,3.043350,10.326460,0.000000,-13.375220,1.627421,33.264830,357.337600,135.967900,8.000065,104.047200,98.172010,0.300000,1000.000000,0.900730,2468,2740,50.000000,on
1767081141779,2025-12-30 15:52:21.779,1035.336000,13.210630,23,16,2,0.001123,0.007726,-0.045647,-0.072052,0.090347,0.993286,-13.407170,1.633118,33.297950,0.747675,0.125664,-0.652044,-12.634990,1.762900,32.624540,1.032764,ActiveHitMarker,Untagged,3.139053,3.043350,10.326460,0.000000,-13.375190,1.627448,33.264950,357.326500,135.945500,8.014487,104.047200,98.172010,0.300000,1000.000000,0.900730,2468,2740,50.000000,on
1767081141790,2025-12-30 15:52:21.790,1035.347000,13.221740,23,16,2,-0.002588,0.007640,-0.045822,-0.071121,0.083588,0.993958,-13.404620,1.632449,33.300720,0.747278,0.119704,-0.653638,-12.631490,1.756293,32.624470,1.034593,ActiveHitMarker,Untagged,3.153137,3.079193,656.893700,0.000000,-13.375150,1.627416,33.265080,357.293400,135.918600,8.018783,104.047200,98.172010,0.300000,1000.000000,0.900730,2468,2740,50.000000,on
1767081141801,2025-12-30 15:52:21.801,1035.358000,13.232970,23,16,2,-0.001910,0.007666,-0.045804,-0.071182,0.082291,0.994049,-13.405070,1.632545,33.300380,0.747604,0.118509,-0.653465,-12.633770,1.754810,32.626210,1.031682,ActiveHitMarker,Untagged,3.153046,3.077805,10.326950,0.000000,-13.375110,1.627398,33.265220,357.286600,135.892300,8.036175,104.047200,98.172010,0.300000,1000.000000,0.900730,2468,2740,50.000000,on
1767081141812,2025-12-30 15:52:21.812,1035.369000,13.243960,23,16,2,-0.001945,0.007670,-0.045836,-0.070923,0.081680,0.994125,-13.404990,1.632546,33.300600,0.747854,0.117763,-0.653325,-12.635360,1.753737,32.628250,1.029108,ActiveHitMarker,Untagged,3.154037,3.087021,2675.701000,0.000000,-13.375020,1.627396,33.265400,357.294600,135.858700,8.067113,104.047200,98.172010,0.300000,1000.000000,0.900730,2468,2740,50.000000,on
1767081141823,2025-12-30 15:52:21.823,1035.381000,13.255190,23,16,2,-0.001945,0.007670,-0.045836,-0.070923,0.081680,0.994125,-13.404970,1.632527,33.300740,0.748285,0.117155,-0.652940,-12.636700,1.752811,32.630360,1.026702,ActiveHitMarker,Untagged,3.154037,3.087021,2675.701000,0.000000,-13.374990,1.627354,33.265550,357.326200,135.828400,8.111343,104.047200,98.172010,0.300000,1000.000000,0.900730,2468,2740,50.000000,on
1767081141835,2025-12-30 15:52:21.835,1035.392000,13.266780,23,16,2,-0.002486,0.007663,-0.045877,-0.070328,0.080643,0.994247,-13.404620,1.632455,33.301250,0.748209,0.116013,-0.653224,-12.638110,1.751307,32.632050,1.024456,ActiveHitMarker,Untagged,3.170334,3.089294,10702.800000,0.000000,-13.374980,1.627361,33.265680,357.336000,135.802300,8.136730,104.047200,98.172010,0.300000,1000.000000,0.900730,2468,2740,50.000000,on
1767081141847,2025-12-30 15:52:21.847,1035.404000,13.278870,23,16,2,-0.001592,0.007861,-0.046294,-0.061478,0.076065,0.995194,-13.405520,1.632756,33.301060,0.742671,0.112116,-0.660187,-12.645740,1.747454,32.625670,1.023022,ActiveHitMarker,Untagged,3.329010,3.089127,10638.550000,0.000000,-13.374940,1.627329,33.265800,357.373900,135.769100,8.145243,104.047200,98.172010,0.300000,1000.000000,0.900730,2468,2740,50.000000,on
1767081141859,2025-12-30 15:52:21.859,1035.416000,13.290830,23,16,2,-0.001945,0.007670,-0.045836,-0.070923,0.081680,0.994125,-13.404950,1.632496,33.301060,0.749383,0.116028,-0.651882,-12.641500,1.750702,32.636940,1.018764,ActiveHitMarker,Untagged,3.154037,3.087021,41.056850,0.000000,-13.374920,1.627275,33.265930,357.388200,135.743000,8.150155,104.047200,98.172010,0.300000,1000.000000,0.900730,2468,2740,50.000000,on
1767081141871,2025-12-30 15:52:21.871,1035.428000,13.302920,23,16,2,-0.001945,0.007670,-0.045836,-0.070923,0.081680,0.994125,-13.404940,1.632426,33.301120,0.749794,0.116077,-0.651400,-12.643100,1.750367,32.639260,1.016054,ActiveHitMarker,Untagged,3.154037,3.087021,41.056850,0.000000,-13.374880,1.627206,33.266010,357.386400,135.705600,8.138103,104.047200,98.172010,0.300000,1000.000000,0.900730,2468,2740,50.000000,on
1767081141883,2025-12-30 15:52:21.883,1035.440000,13.314880,23,16,2,-0.002486,0.007663,-0.045877,-0.070328,0.080643,0.994247,-13.404540,1.632301,33.301630,0.749704,0.114773,-0.651727,-12.644590,1.748643,32.641000,1.013662,ActiveHitMarker,Untagged,3.170334,3.089294,0.653217,0.000000,-13.374830,1.627148,33.266130,357.408800,135.679000,8.124378,104.047200,98.172010,0.300000,1000.000000,0.900730,2468,2740,50.000000,on
1767081141895,2025-12-30 15:52:21.895,1035.452000,13.326720,23,16,2,-0.000533,0.007743,-0.045933,-0.074326,0.067459,0.994934,-13.405940,1.632620,33.300420,0.752382,0.100621,-0.650973,-12.636950,1.735461,32.635080,1.022048,ActiveHitMarker,Untagged,3.346130,3.133072,0.645358,0.000000,-13.374790,1.627088,33.266220,357.441600,135.659400,8.132723,104.047200,98.172010,0.300000,1000.000000,0.900730,2468,2740,50.000000,on
1767081141906,2025-12-30 15:52:21.906,1035.463000,13.337950,23,16,2,0.024879,0.008258,-0.044686,-0.101090,0.015076,0.994751,-13.423090,1.636743,33.282200,0.767859,0.044493,-0.639054,-12.616640,1.683473,32.611030,1.050251,HintPanel,Untagged,3.230347,3.222229,10.450490,0.000000,-13.374740,1.627030,33.266320,357.472100,135.641200,8.135027,104.047200,98.172010,0.300000,1000.000000,0.900730,2468,2740,50.000000,on
1767081141917,2025-12-30 15:52:21.917,1035.474000,13.348940,23,16,2,0.024879,0.008258,-0.044686,-0.101090,0.015076,0.994751,-13.423070,1.636777,33.282320,0.767874,0.043889,-0.639077,-12.616600,1.682872,32.611120,1.050256,HintPanel,Untagged,3.230347,3.222229,10.450490,0.000000,-13.374730,1.627032,33.266440,357.505600,135.641500,8.147816,104.047200,98.172010,0.300000,1000.000000,0.900730,2468,2740,50.000000,on
1767081141928,2025-12-30 15:52:21.928,1035.485000,13.360050,23,16,2,0.031521,0.008596,-0.045076,-0.139832,-0.026459,0.989807,-13.428000,1.637944,33.278160,0.789287,-0.003333,-0.613992,-12.594550,1.634425,32.629820,1.055934,HintPanel,Untagged,3.359756,3.128830,41.555850,0.000000,-13.374680,1.626919,33.266550,357.530700,135.619100,8.152276,104.047200,98.172010,0.300000,1000.000000,0.900730,2468,2740,50.000000,on
1767081141939,2025-12-30 15:52:21.939,1035.497000,13.371280,23,16,2,0.028065,0.008481,-0.045100,-0.135605,-0.044144,0.989777,-13.425540,1.637279,33.280640,0.785106,-0.020499,-0.619019,-12.596470,1.615632,32.626960,1.055990,HintPanel,Untagged,3.353180,3.237762,41.555850,0.000000,-13.374650,1.626850,33.266660,357.548000,135.609000,8.140965,104.047200,98.172010,0.300000,1000.000000,0.900730,2468,2740,50.000000,on
1767081141950,2025-12-30 15:52:21.950,1035.508000,13.382260,23,16,2,0.028065,0.008481,-0.045100,-0.135605,-0.044144,0.989777,-13.425500,1.637229,33.280700,0.785303,-0.020574,-0.618766,-12.596250,1.615503,32.627310,1.055957,HintPanel,Untagged,3.353180,3.237762,41.555850,0.000000,-13.374600,1.626803,33.266740,357.554700,135.591700,8.122988,104.047200,98.172010,0.300000,1000.000000,0.900730,2468,2740,50.000000,on
1767081141962,2025-12-30 15:52:21.962,1035.519000,13.393490,23,16,2,0.008797,0.007875,-0.045760,-0.122559,-0.032196,0.991928,-13.412280,1.633841,33.294440,0.778505,-0.006822,-0.627584,-12.591460,1.626648,32.632750,1.054333,HintPanel,Untagged,3.328461,3.231354,660.909400,0.000000,-13.374580,1.626763,33.266830,357.556100,135.580800,8.110020,104.047200,98.172010,0.300000,1000.000000,0.900730,2468,2740,50.000000,on
1767081141973,2025-12-30 15:52:21.973,1035.530000,13.404480,23,16,2,0.031521,0.008596,-0.045076,-0.139832,-0.026459,0.989807,-13.427920,1.637718,33.278550,0.789646,-0.003804,-0.613527,-12.594100,1.633702,32.630700,1.055935,HintPanel,Untagged,3.359756,3.128830,41.055870,0.000000,-13.374600,1.626691,33.266980,357.564300,135.587600,8.105360,104.047200,98.172010,0.300000,1000.000000,0.900730,2468,2740,50.000000,on
1767081141984,2025-12-30 15:52:21.984,1035.541000,13.415710,23,16,2,0.028065,0.008481,-0.045100,-0.135605,-0.044144,0.989777,-13.425540,1.637089,33.281060,0.785368,-0.020989,-0.618669,-12.596160,1.614923,32.627720,1.056041,HintPanel,Untagged,3.353180,3.237762,10.263240,0.000000,-13.374650,1.626652,33.267110,357.581300,135.586400,8.102681,104.047200,98.172010,0.300000,1000.000000,0.900730,2468,2740,50.000000,on
1767081141995,2025-12-30 15:52:21.995,1035.552000,13.426820,23,16,2,0.028065,0.008481,-0.045100,-0.135605,-0.044144,0.989777,-13.425550,1.637069,33.281170,0.785387,-0.021216,-0.618637,-12.596180,1.614665,32.627880,1.056002,HintPanel,Untagged,3.353180,3.237762,10.263240,0.000000,-13.374660,1.626619,33.267220,357.593800,135.584000,8.107311,104.047200,98.172010,0.300000,1000.000000,0.900730,2468,2740,50.000000,on
1767081142006,2025-12-30 15:52:22.006,1035.563000,13.438050,23,16,2,0.009362,0.007893,-0.045769,-0.114456,-0.031097,0.992935,-13.412740,1.633779,33.294540,0.773639,-0.005190,-0.633597,-12.597880,1.628313,32.627180,1.053278,HintPanel,Untagged,3.331970,3.207092,2.581434,0.000000,-13.374630,1.626575,33.267310,357.592700,135.570200,8.111681,104.047200,98.172010,0.300000,1000.000000,0.900730,2468,2740,50.000000,on
1767081142017,2025-12-30 15:52:22.017,1035.574000,13.448910,23,16,2,0.009547,0.007897,-0.045749,-0.114639,-0.033356,0.992844,-13.412880,1.633818,33.294490,0.773493,-0.007543,-0.633755,-12.598110,1.625872,32.626910,1.053371,HintPanel,Untagged,3.332123,3.183868,668.909400,0.000000,-13.374670,1.626579,33.267410,357.599100,135.575300,8.100963,104.047200,98.172010,0.300000,1000.000000,0.900730,2468,2740,50.000000,on
1767081142028,2025-12-30 15:52:22.028,1035.585000,13.460020,23,16,2,0.007777,0.007855,-0.045822,-0.111877,-0.036972,0.993027,-13.411610,1.633563,33.295910,0.771353,-0.010783,-0.636305,-12.599210,1.622207,32.625740,1.053211,HintPanel,Untagged,3.333405,3.182846,41.553910,0.000000,-13.374600,1.626615,33.267560,357.602900,135.579500,8.096893,104.047200,98.172010,0.300000,1000.000000,0.900730,2468,2740,50.000000,on
1767081142039,2025-12-30 15:52:22.039,1035.597000,13.471130,23,16,2,0.007777,0.007855,-0.045822,-0.111877,-0.036972,0.993027,-13.411620,1.633561,33.296060,0.771289,-0.010786,-0.636382,-12.599240,1.622200,32.625780,1.053262,HintPanel,Untagged,3.333405,3.182846,41.553910,0.000000,-13.374610,1.626612,33.267710,357.604200,135.585700,8.087066,104.047200,98.172010,0.300000,1000.000000,0.900730,2468,2740,50.000000,on
1767081142050,2025-12-30 15:52:22.050,1035.608000,13.482360,23,16,2,0.005563,0.007796,-0.045913,-0.105896,-0.040222,0.993561,-13.410100,1.633169,33.297820,0.767054,-0.013056,-0.641446,-12.602550,1.619424,32.622520,1.052789,HintPanel,Untagged,3.330811,3.176346,10.389210,0.000000,-13.374600,1.626598,33.267880,357.600000,135.597000,8.081191,104.047200,98.172010,0.300000,1000.000000,0.900730,2468,2740,50.000000,on
1767081142061,2025-12-30 15:52:22.061,1035.619000,13.493470,23,16,2,-0.028784,0.007256,-0.048795,0.217514,-0.070831,0.973480,-13.387710,1.627687,33.323600,0.520398,0.001559,-0.853918,-12.826950,1.629367,32.403460,1.077545,HintPanel,Untagged,3.382416,3.251022,0.649326,0.000000,-13.374610,1.626607,33.268020,357.579000,135.620100,8.069346,104.047200,98.172010,0.300000,1000.000000,0.900730,2468,2740,50.000000,on
1767081142073,2025-12-30 15:52:22.073,1035.630000,13.504580,23,16,2,-0.028784,0.007256,-0.048795,0.217514,-0.070831,0.973480,-13.387710,1.627698,33.323750,0.520468,0.001755,-0.853875,-12.826930,1.629589,32.403740,1.077444,HintPanel,Untagged,3.382416,3.251022,0.649326,0.000000,-13.374610,1.626627,33.268170,357.567000,135.615500,8.067003,104.047200,98.172010,0.300000,1000.000000,0.900730,2468,2740,50.000000,on
1767081142084,2025-12-30 15:52:22.084,1035.641000,13.515690,23,16,2,0.007777,0.007855,-0.045822,-0.111877,-0.036972,0.993027,-13.411620,1.633546,33.296680,0.770952,-0.009699,-0.636808,-12.599620,1.623330,32.625970,1.053240,HintPanel,Untagged,3.333405,3.182846,10.451470,0.000000,-13.374620,1.626649,33.268310,357.543200,135.617600,8.071196,104.047200,98.172010,0.300000,1000.000000,0.900730,2468,2740,50.000000,on
1767081142095,2025-12-30 15:52:22.095,1035.652000,13.526670,23,16,2,0.005563,0.007796,-0.045913,-0.105896,-0.040222,0.993561,-13.410110,1.633180,33.298430,0.766776,-0.011721,-0.641804,-12.602860,1.620841,32.622760,1.052774,HintPanel,Untagged,3.330811,3.176346,0.040093,0.000000,-13.374620,1.626671,33.268470,357.523000,135.622800,8.082314,104.047200,98.172010,0.300000,1000.000000,0.900730,2468,2740,50.000000,on
1767081142106,2025-12-30 15:52:22.106,1035.663000,13.537780,23,16,2,0.000833,0.007818,-0.046646,0.240662,-0.066574,0.968308,-13.407310,1.632524,33.302400,0.500774,0.010195,-0.865501,-12.865980,1.643544,32.366790,1.080985,HintPanel,Untagged,3.362350,3.249649,41.555870,0.000000,-13.374670,1.626705,33.268660,357.504700,135.607500,8.101686,104.047200,98.172010,0.300000,1000.000000,0.900730,2468,2740,50.000000,on
1767081142117,2025-12-30 15:52:22.117,1035.674000,13.549010,23,16,2,0.000833,0.007818,-0.046646,0.240662,-0.066574,0.968308,-13.407330,1.632564,33.302570,0.500962,0.010654,-0.865386,-12.865810,1.644080,32.367120,1.080943,HintPanel,Untagged,3.362350,3.249649,41.555870,0.000000,-13.374680,1.626759,33.268830,357.487000,135.593700,8.138686,104.047200,98.172010,0.300000,1000.000000,0.900730,2468,2740,50.000000,on
1767081142128,2025-12-30 15:52:22.128,1035.685000,13.560000,23,16,2,0.000841,0.007834,-0.046720,0.227264,-0.070343,0.971283,-13.407410,1.632585,33.302780,0.512671,0.005800,-0.858559,-12.854920,1.638836,32.377540,1.077657,HintPanel,Untagged,3.344604,3.351852,165.227400,0.000000,-13.374690,1.626789,33.269000,357.460200,135.567600,8.183264,104.047200,98.172010,0.300000,1000.000000,0.900730,2468,2740,50.000000,on
1767081142139,2025-12-30 15:52:22.139,1035.697000,13.571110,23,16,2,-0.017201,0.007317,-0.047486,0.232742,-0.061798,0.970566,-13.395120,1.629472,33.315890,0.509153,0.015672,-0.860525,-12.845600,1.646386,32.387140,1.079273,HintPanel,Untagged,3.358932,3.318222,165.227400,0.000000,-13.374650,1.626825,33.269210,357.431800,135.547500,8.229830,104.047200,98.172010,0.300000,1000.000000,0.900730,2468,2740,50.000000,on
1767081142150,2025-12-30 15:52:22.150,1035.708000,13.582340,23,16,2,-0.017201,0.007317,-0.047486,0.232742,-0.061798,0.970566,-13.395070,1.629475,33.316110,0.509270,0.016350,-0.860443,-12.845410,1.647122,32.387420,1.079314,HintPanel,Untagged,3.358932,3.318222,165.227400,0.000000,-13.374600,1.626866,33.269440,357.401500,135.538100,8.269508,104.047200,98.172010,0.300000,1000.000000,0.900730,2468,2740,50.000000,on
1767081142162,2025-12-30 15:52:22.162,1035.719000,13.593320,23,16,2,0.009332,0.008046,-0.046286,0.205948,-0.075089,0.975662,-13.413030,1.634095,33.297260,0.531275,0.000167,-0.847182,-12.843300,1.634274,32.388760,1.072358,HintPanel,Untagged,3.240829,3.260559,40.802930,0.000000,-13.374570,1.626918,33.269630,357.373500,135.514000,8.295266,104.047200,98.172010,0.300000,1000.000000,0.900730,2468,2740,50.000000,on
1767081142173,2025-12-30 15:52:22.173,1035.730000,13.604430,23,16,2,0.004187,0.007904,-0.046536,0.206955,-0.072266,0.975662,-13.409570,1.633222,33.301110,0.531041,0.003720,-0.847320,-12.839950,1.637212,32.392230,1.072629,HintPanel,Untagged,3.212448,3.242935,40.802930,0.000000,-13.374570,1.626964,33.269780,357.340500,135.494300,8.310214,104.047200,98.172010,0.300000,1000.000000,0.900730,2468,2740,50.000000,on
1767081142184,2025-12-30 15:52:22.184,1035.741000,13.615540,23,16,2,0.004556,0.007904,-0.046469,0.200287,-0.073929,0.976929,-13.409740,1.633271,33.301000,0.536709,0.001657,-0.843748,-12.834800,1.635047,32.397160,1.071211,HintPanel,Untagged,3.250900,3.242401,10.264210,0.000000,-13.374520,1.626976,33.269980,357.315700,135.482500,8.326902,104.047200,98.172010,0.300000,1000.000000,0.900730,2468,2740,50.000000,on
1767081142195,2025-12-30 15:52:22.195,1035.752000,13.626650,23,16,2,0.004556,0.007904,-0.046469,0.200287,-0.073929,0.976929,-13.409760,1.633296,33.301120,0.536974,0.002186,-0.843578,-12.834560,1.635637,32.397500,1.071168,HintPanel,Untagged,3.250900,3.242401,10.264210,0.000000,-13.374530,1.627021,33.270110,357.288800,135.463500,8.345961,104.047200,98.172010,0.300000,1000.000000,0.900730,2468,2740,50.000000,on
1767081142206,2025-12-30 15:52:22.206,1035.764000,13.638240,23,16,2,0.009332,0.008046,-0.046286,0.205948,-0.075089,0.975662,-13.413020,1.634142,33.297880,0.532075,0.002113,-0.846676,-12.842380,1.636408,32.389850,1.072448,HintPanel,Untagged,3.240829,3.260559,2659.451000,0.000000,-13.374530,1.627038,33.270270,357.273000,135.456900,8.357533,104.047200,98.172010,0.300000,1000.000000,0.900730,2468,2740,50.000000,on
1767081142217,2025-12-30 15:52:22.217,1035.774000,13.648860,23,16,2,0.004187,0.007904,-0.046536,0.206955,-0.072266,0.975662,-13.409550,1.633203,33.301730,0.531535,0.005896,-0.846998,-12.839370,1.639528,32.393140,1.072698,HintPanel,Untagged,3.212448,3.242935,10.452200,0.000000,-13.374530,1.627033,33.270400,357.228900,135.457300,8.382958,104.047200,98.172010,0.300000,1000.000000,0.900730,2468,2740,50.000000,on
1767081142228,2025-12-30 15:52:22.228,1035.785000,13.659970,23,16,2,0.004187,0.007904,-0.046536,0.206955,-0.072266,0.975662,-13.409540,1.633233,33.301850,0.531536,0.006275,-0.846994,-12.839370,1.639964,32.393280,1.072683,HintPanel,Untagged,3.212448,3.242935,10.452200,0.000000,-13.374520,1.627079,33.270520,357.208300,135.456800,8.390596,104.047200,98.172010,0.300000,1000.000000,0.900730,2468,2740,50.000000,on
1767081142239,2025-12-30 15:52:22.239,1035.797000,13.671080,23,16,2,0.004936,0.007915,-0.046455,0.199173,-0.074249,0.977142,-13.410040,1.633299,33.301420,0.537696,0.003777,-0.843124,-12.834110,1.637344,32.398340,1.071100,HintPanel,Untagged,3.252090,3.238586,10702.300000,0.000000,-13.374560,1.627043,33.270650,357.180100,135.474100,8.402049,104.047200,98.172010,0.300000,1000.000000,0.900730,2468,2740,50.000000,on
1767081142250,2025-12-30 15:52:22.250,1035.808000,13.682310,23,16,2,0.001198,0.007804,-0.046600,0.199570,-0.073349,0.977127,-13.407610,1.632585,33.304280,0.537082,0.005146,-0.843506,-12.832180,1.638098,32.400540,1.071400,HintPanel,Untagged,3.252731,3.234894,10702.050000,0.000000,-13.374680,1.627009,33.270830,357.159400,135.499300,8.421444,104.047200,98.172010,0.300000,1000.000000,0.900730,2468,2740,50.000000,on
1767081142261,2025-12-30 15:52:22.261,1035.819000,13.693300,23,16,2,0.001198,0.007804,-0.046600,0.199570,-0.073349,0.977127,-13.407640,1.632509,33.304420,0.536565,0.005404,-0.843833,-12.832790,1.638299,32.400380,1.071346,HintPanel,Untagged,3.252731,3.234894,10702.050000,0.000000,-13.374730,1.626948,33.270950,357.141800,135.534900,8.409236,104.047200,98.172010,0.300000,1000.000000,0.900730,2468,2740,50.000000,on
1767081142272,2025-12-30 15:52:22.272,1035.830000,13.704410,23,16,2,-0.001317,0.007724,-0.046651,0.199829,-0.075287,0.976929,-13.405930,1.631982,33.306300,0.535549,0.003853,-0.844490,-12.832020,1.636111,32.401330,1.071620,HintPanel,Untagged,3.253235,3.233963,668.925200,0.000000,-13.374790,1.626884,33.271060,357.123900,135.572200,8.417717,104.047200,98.172010,0.300000,1000.000000,0.900730,2468,2740,50.000000,on
1767081142284,2025-12-30 15:52:22.284,1035.841000,13.715640,23,16,2,-0.005553,0.008014,-0.047886,0.220642,-0.067245,0.973023,-13.403840,1.631477,33.310230,0.517927,0.014840,-0.855284,-12.845900,1.647463,32.388870,1.077240,HintPanel,Untagged,3.343338,3.292419,2691.701000,0.000000,-13.374900,1.626783,33.271130,357.113700,135.614900,8.423298,104.047200,98.172010,0.300000,1000.000000,0.900730,2468,2740,50.000000,on
1767081142295,2025-12-30 15:52:22.295,1035.852000,13.726620,23,16,2,-0.023064,0.007891,-0.049409,0.297760,-0.001617,0.954636,-13.392500,1.628602,33.323410,0.454136,0.090072,-0.886364,-12.893120,1.727647,32.348740,1.099623,HintPanel,Untagged,3.508865,3.325241,171232.800000,0.000000,-13.374990,1.626673,33.271200,357.117300,135.655300,8.442204,104.047200,98.172010,0.300000,1000.000000,0.900730,2468,2740,50.000000,on
1767081142306,2025-12-30 15:52:22.306,1035.863000,13.737730,23,16,2,-0.023064,0.007891,-0.049409,0.297760,-0.001617,0.954636,-13.392550,1.628474,33.323520,0.453388,0.089932,-0.886760,-12.893970,1.727371,32.348360,1.099685,HintPanel,Untagged,3.508865,3.325241,171232.800000,0.000000,-13.375100,1.626541,33.271290,357.133000,135.705200,8.465742,104.047200,98.172010,0.300000,1000.000000,0.900730,2468,2740,50.000000,on
1767081142317,2025-12-30 15:52:22.317,1035.874000,13.748960,23,16,2,-0.029766,0.007910,-0.050546,0.298859,0.022659,0.954010,-13.388630,1.627332,33.328990,0.453303,0.113845,-0.884037,-12.889320,1.752733,32.355210,1.101488,HintPanel,Untagged,3.515991,3.231842,10.513970,0.000000,-13.375210,1.626421,33.271350,357.154800,135.746500,8.497419,104.047200,98.172010,0.300000,1000.000000,0.900730,2468,2740,50.000000,on
1767081142328,2025-12-30 15:52:22.328,1035.885000,13.760070,23,16,2,-0.005553,0.008014,-0.047886,0.220642,-0.067245,0.973023,-13.404070,1.631050,33.310570,0.515089,0.014005,-0.857009,-12.858580,1.645882,32.402980,1.059001,ActiveHitMarker,Untagged,3.343338,3.292419,10511.050000,0.000000,-13.375270,1.626307,33.271370,357.188300,135.801600,8.532130,104.047200,98.172010,0.300000,1000.000000,0.900730,2468,2740,50.000000,on
1767081142339,2025-12-30 15:52:22.339,1035.896000,13.771060,23,16,2,-0.023064,0.007891,-0.049409,0.297760,-0.001617,0.954636,-13.392700,1.628119,33.323700,0.451063,0.089109,-0.888029,-12.896650,1.726115,32.347100,1.099728,HintPanel,Untagged,3.508865,3.325241,42550.200000,0.000000,-13.375390,1.626155,33.271430,357.206600,135.862300,8.543446,104.047200,98.172010,0.300000,1000.000000,0.900730,2468,2740,50.000000,on
1767081142350,2025-12-30 15:52:22.350,1035.908000,13.782170,23,16,2,-0.023064,0.007891,-0.049409,0.297760,-0.001617,0.954636,-13.392760,1.627967,33.323760,0.450428,0.088607,-0.888401,-12.897470,1.725400,32.346870,1.099598,HintPanel,Untagged,3.508865,3.325241,42550.200000,0.000000,-13.375500,1.625981,33.271470,357.243900,135.906400,8.566362,104.047200,98.172010,0.300000,1000.000000,0.900730,2468,2740,50.000000,on
1767081142362,2025-12-30 15:52:22.362,1035.919000,13.793520,23,16,2,-0.027363,0.007926,-0.050254,0.301529,0.020966,0.953217,-13.390340,1.627221,33.327340,0.447705,0.110739,-0.887287,-12.896920,1.749269,32.349430,1.102113,HintPanel,Untagged,3.539825,3.227295,42554.210000,0.000000,-13.375620,1.625845,33.271490,357.284000,135.955700,8.565886,104.047200,98.172010,0.300000,1000.000000,0.900730,2468,2740,50.000000,on
1767081142372,2025-12-30 15:52:22.372,1035.930000,13.804380,23,16,2,-0.012931,0.008231,-0.049230,0.295029,0.022125,0.955216,-13.400020,1.629655,33.316860,0.452927,0.110488,-0.884657,-12.902320,1.751064,32.344750,1.098832,HintPanel,Untagged,3.481613,3.217453,165.246900,0.000000,-13.375750,1.625754,33.271530,357.314100,136.016800,8.561276,104.047200,98.172010,0.300000,1000.000000,0.900730,2468,2740,50.000000,on
1767081142383,2025-12-30 15:52:22.383,1035.941000,13.815370,23,16,2,-0.012931,0.008231,-0.049230,0.295029,0.022125,0.955216,-13.400050,1.629561,33.316940,0.452196,0.109764,-0.885121,-12.903200,1.750164,32.344420,1.098730,HintPanel,Untagged,3.481613,3.217453,165.246900,0.000000,-13.375810,1.625623,33.271600,357.350100,136.066100,8.536058,104.047200,98.172010,0.300000,1000.000000,0.900730,2468,2740,50.000000,on
1767081142395,2025-12-30 15:52:22.395,1035.952000,13.826600,23,16,2,-0.012070,0.008284,-0.049271,0.293320,0.019623,0.955795,-13.400770,1.629632,33.316460,0.452984,0.106587,-0.885105,-12.903340,1.746679,32.344490,1.098116,HintPanel,Untagged,3.513199,3.226089,165.246900,0.000000,-13.375930,1.625492,33.271650,357.372900,136.109400,8.516196,104.047200,98.172010,0.300000,1000.000000,0.900730,2468,2740,50.000000,on
1767081142406,2025-12-30 15:52:22.406,1035.963000,13.837710,23,16,2,-0.006183,0.008542,-0.049205,0.282364,0.020935,0.959076,-13.405000,1.630638,33.312490,0.462728,0.105894,-0.880150,-12.898670,1.746510,32.349410,1.094219,HintPanel,Untagged,3.533585,3.236191,40.806840,0.000000,-13.376030,1.625344,33.271690,357.399800,136.142700,8.501449,104.047200,98.172010,0.300000,1000.000000,0.900730,2468,2740,50.000000,on
1767081142417,2025-12-30 15:52:22.417,1035.974000,13.848690,23,16,2,-0.012931,0.008231,-0.049230,0.295029,0.022125,0.955216,-13.400320,1.629249,33.317100,0.450739,0.107896,-0.886093,-12.905130,1.747786,32.343620,1.098608,HintPanel,Untagged,3.481613,3.217453,668.956400,0.000000,-13.376170,1.625215,33.271730,357.447400,136.166500,8.486009,104.047200,98.172010,0.300000,1000.000000,0.900730,2468,2740,50.000000,on
1767081142428,2025-12-30 15:52:22.428,1035.985000,13.859920,23,16,2,-0.012931,0.008231,-0.049230,0.295029,0.022125,0.955216,-13.400440,1.629167,33.317130,0.450470,0.107028,-0.886335,-12.905560,1.746747,32.343410,1.098577,HintPanel,Untagged,3.481613,3.217453,668.956400,0.000000,-13.376310,1.625088,33.271760,357.496400,136.187500,8.474865,104.047200,98.172010,0.300000,1000.000000,0.900730,2468,2740,50.000000,on
1767081142439,2025-12-30 15:52:22.439,1035.996000,13.871030,23,16,2,-0.012070,0.008284,-0.049271,0.293320,0.019623,0.955795,-13.401230,1.629256,33.316660,0.451440,0.103344,-0.886278,-12.905510,1.742737,32.343440,1.098071,HintPanel,Untagged,3.513199,3.226089,660.956500,0.000000,-13.376480,1.624950,33.271810,357.547400,136.220800,8.447741,104.047200,98.172010,0.300000,1000.000000,0.900730,2468,2740,50.000000,on
1767081142450,2025-12-30 15:52:22.450,1036.007000,13.882020,23,16,2,-0.001412,0.008552,-0.048487,0.279221,0.016205,0.960083,-13.408440,1.631077,33.308900,0.463981,0.096970,-0.880514,-12.901660,1.736991,32.347170,1.092225,HintPanel,Untagged,3.517700,3.243958,10.263970,0.000000,-13.376600,1.624861,33.271830,357.598700,136.241700,8.394466,104.047200,98.172010,0.300000,1000.000000,0.900730,2468,2740,50.000000,on
1767081142462,2025-12-30 15:52:22.462,1036.019000,13.893250,23,16,2,-0.001412,0.008552,-0.048487,0.279221,0.016205,0.960083,-13.408530,1.631003,33.308950,0.463510,0.096174,-0.880849,-12.909470,1.734553,32.360550,1.076689,ActiveHitMarker,Untagged,3.517700,3.243958,10.263970,0.000000,-13.376710,1.624758,33.271870,357.630000,136.272500,8.337230,104.047200,98.172010,0.300000,1000.000000,0.900730,2468,2740,50.000000,on
1767081142472,2025-12-30 15:52:22.472,1036.030000,13.904360,23,16,2,0.004285,0.008684,-0.048016,0.273727,0.024155,0.961502,-13.412410,1.631932,33.304810,0.468530,0.102552,-0.877473,-12.908260,1.742279,32.360630,1.076013,ActiveHitMarker,Untagged,3.365234,3.248611,41.555870,0.000000,-13.376840,1.624695,33.271910,357.654600,136.305200,8.265903,104.047200,98.172010,0.300000,1000.000000,0.900730,2468,2740,50.000000,on
1767081142484,2025-12-30 15:52:22.484,1036.041000,13.915470,23,16,2,-0.001312,0.008613,-0.048532,0.278061,0.030197,0.960083,-13.408900,1.630975,33.309060,0.464460,0.108398,-0.878929,-12.906870,1.748141,32.359040,1.080882,ActiveHitMarker,Untagged,3.493484,3.221268,10.264700,0.000000,-13.377020,1.624609,33.271990,357.679200,136.332600,8.206012,104.047200,98.172010,0.300000,1000.000000,0.900730,2468,2740,50.000000,on
1767081142495,2025-12-30 15:52:22.495,1036.052000,13.926570,23,16,2,-0.012356,0.008492,-0.049711,0.268189,0.023331,0.963074,-13.401930,1.629141,33.317450,0.472864,0.099609,-0.875476,-12.895200,1.735886,32.379260,1.071622,ActiveHitMarker,Untagged,3.485886,3.253265,41.307810,0.000000,-13.377180,1.624481,33.272050,357.707000,136.348700,8.152482,104.047200,98.172010,0.300000,1000.000000,0.900730,2468,2740,50.000000,on
1767081142506,2025-12-30 15:52:22.506,1036.063000,13.937560,23,16,2,-0.012356,0.008492,-0.049711,0.268189,0.023331,0.963074,-13.402090,1.629042,33.317580,0.472307,0.098845,-0.875863,-12.896570,1.734837,32.380140,1.070299,ActiveHitMarker,Untagged,3.485886,3.253265,41.307810,0.000000,-13.377370,1.624343,33.272160,357.744800,136.386900,8.123668,104.047200,98.172010,0.300000,1000.000000,0.900730,2468,2740,50.000000,on
1767081142517,2025-12-30 15:52:22.517,1036.075000,13.949160,23,16,2,-0.012472,0.008530,-0.049864,0.267670,0.027481,0.963104,-13.402300,1.628978,33.317860,0.472612,0.101878,-0.875346,-12.896500,1.738010,32.381050,1.070204,ActiveHitMarker,Untagged,3.503693,3.228012,41.058800,0.000000,-13.377580,1.624212,33.272240,357.794700,136.415600,8.087609,104.047200,98.172010,0.300000,1000.000000,0.900730,2468,2740,50.000000,on
1767081142528,2025-12-30 15:52:22.528,1036.086000,13.960140,23,16,2,-0.003049,0.008422,-0.048101,0.277390,0.035675,0.960083,-13.408040,1.630203,33.310300,0.463561,0.110378,-0.879150,-12.913480,1.747960,32.372380,1.066841,ActiveHitMarker,Untagged,3.438766,3.288864,43068.210000,0.000000,-13.377760,1.624111,33.272350,357.838900,136.456100,8.062205,104.047200,98.172010,0.300000,1000.000000,0.900730,2468,2740,50.000000,on
1767081142539,2025-12-30 15:52:22.539,1036.096000,13.971010,23,16,2,-0.003049,0.008422,-0.048101,0.277390,0.035675,0.960083,-13.408160,1.630129,33.310380,0.463178,0.109798,-0.879425,-12.915310,1.746961,32.374620,1.064047,ActiveHitMarker,Untagged,3.438766,3.288864,43068.210000,0.000000,-13.377900,1.624009,33.272420,357.870900,136.483400,8.052796,104.047200,98.172010,0.300000,1000.000000,0.900730,2468,2740,50.000000,on
1767081142550,2025-12-30 15:52:22.550,1036.108000,13.982120,23,16,2,-0.012356,0.008492,-0.049711,0.268189,0.023331,0.963074,-13.402720,1.628749,33.317950,0.470410,0.095899,-0.877211,-12.902880,1.730648,32.385860,1.062551,ActiveHitMarker,Untagged,3.485886,3.253265,0.649310,0.000000,-13.378110,1.623897,33.272490,357.893600,136.518100,8.025055,104.047200,98.172010,0.300000,1000.000000,0.900730,2468,2740,50.000000,on
1767081142561,2025-12-30 15:52:22.561,1036.119000,13.993100,23,16,2,-0.012472,0.008530,-0.049864,0.267670,0.027481,0.963104,-13.402940,1.628717,33.318210,0.470880,0.099394,-0.876564,-12.903390,1.734163,32.388280,1.060876,ActiveHitMarker,Untagged,3.503693,3.228012,10.451710,0.000000,-13.378320,1.623820,33.272560,357.920400,136.535100,8.004756,104.047200,98.172010,0.300000,1000.000000,0.900730,2468,2740,50.000000,on
1767081142572,2025-12-30 15:52:22.572,1036.130000,14.004330,23,16,2,-0.001664,0.008429,-0.047923,0.274567,0.033295,0.960983,-13.409590,1.630145,33.309570,0.464574,0.105596,-0.879207,-12.919650,1.741508,32.382350,1.054603,ActiveHitMarker,Untagged,3.434708,3.270905,0.010023,0.000000,-13.378510,1.623758,33.272650,357.938300,136.555400,7.975776,104.047200,98.172010,0.300000,1000.000000,0.900730,2468,2740,50.000000,on
1767081142583,2025-12-30 15:52:22.583,1036.141000,14.015440,23,16,2,-0.001664,0.008429,-0.047923,0.274567,0.033295,0.960983,-13.409770,1.630048,33.309680,0.464281,0.105400,-0.879385,-12.921090,1.740986,32.384080,1.052537,ActiveHitMarker,Untagged,3.434708,3.270905,0.010023,0.000000,-13.378690,1.623653,33.272750,357.945900,136.574300,7.960865,104.047200,98.172010,0.300000,1000.000000,0.900730,2468,2740,50.000000,on
1767081142594,2025-12-30 15:52:22.594,1036.152000,14.026670,23,16,2,-0.001171,0.008408,-0.047831,0.281006,0.034592,0.959076,-13.410250,1.630096,33.309360,0.458219,0.106994,-0.882369,-12.926680,1.743010,32.378170,1.055325,ActiveHitMarker,Untagged,3.352402,3.343246,0.010207,0.000000,-13.378890,1.623626,33.272830,357.973600,136.588900,7.950376,104.047200,98.172010,0.300000,1000.000000,0.900730,2468,2740,50.000000,on
1767081142605,2025-12-30 15:52:22.605,1036.163000,14.037660,23,16,2,0.004041,0.007871,-0.045845,0.118973,-0.021057,0.992661,-13.412890,1.630337,33.304400,0.593836,0.030660,-0.803985,-12.787100,1.662648,32.457150,1.053805,HintPanel,Untagged,3.220734,3.305328,0.010207,0.000000,-13.379100,1.623607,33.272890,357.976400,136.611500,7.952346,104.047200,98.172010,0.300000,1000.000000,0.900730,2468,2740,50.000000,on
1767081142616,2025-12-30 15:52:22.616,1036.174000,14.048770,23,16,2,0.004041,0.007871,-0.045845,0.118973,-0.021057,0.992661,-13.413070,1.630312,33.304520,0.593349,0.030772,-0.804340,-12.787760,1.662741,32.456850,1.053851,HintPanel,Untagged,3.220734,3.305328,0.010207,0.000000,-13.379300,1.623587,33.272990,357.969600,136.646100,7.949373,104.047200,98.172010,0.300000,1000.000000,0.900730,2468,2740,50.000000,on
1767081142628,2025-12-30 15:52:22.628,1036.185000,14.059750,23,16,2,0.027389,0.008414,-0.045101,-0.067856,-0.099655,0.992691,-13.429570,1.634123,33.288360,0.722299,-0.072898,-0.687707,-12.669010,1.557363,32.564230,1.052958,HintPanel,Untagged,3.340576,3.317123,0.160386,0.000000,-13.379460,1.623600,33.273080,357.972200,136.664000,7.959930,104.047200,98.172010,0.300000,1000.000000,0.900730,2468,2740,50.000000,on
1767081142639,2025-12-30 15:52:22.639,1036.196000,14.070860,23,16,2,0.002522,0.007386,-0.045753,-0.266510,-0.165482,0.949509,-13.412270,1.629620,33.305640,0.831142,-0.166685,-0.530470,-12.496920,1.446048,32.721430,1.101305,HintPanel,Untagged,3.363861,3.340393,0.000160,0.000000,-13.379650,1.623597,33.273180,357.950900,136.698500,7.952698,104.047200,98.172010,0.300000,1000.000000,0.900730,2468,2740,50.000000,on
1767081142650,2025-12-30 15:52:22.650,1036.207000,14.081970,23,16,2,0.004041,0.007871,-0.045845,0.118973,-0.021057,0.992661,-13.413640,1.630393,33.304840,0.592169,0.031048,-0.805199,-12.789570,1.663114,32.456250,1.053869,HintPanel,Untagged,3.220734,3.305328,0.039855,0.000000,-13.379910,1.623679,33.273250,357.954900,136.729600,7.959722,104.047200,98.172010,0.300000,1000.000000,0.900730,2468,2740,50.000000,on
1767081142661,2025-12-30 15:52:22.661,1036.219000,14.093080,23,16,2,0.004041,0.007871,-0.045845,0.118973,-0.021057,0.992661,-13.413910,1.630445,33.304930,0.591907,0.031333,-0.805380,-12.790120,1.663466,32.456170,1.053856,HintPanel,Untagged,3.220734,3.305328,0.039855,0.000000,-13.380190,1.623746,33.273340,357.937500,136.747800,7.951915,104.047200,98.172010,0.300000,1000.000000,0.900730,2468,2740,50.000000,on
1767081142672,2025-12-30 15:52:22.672,1036.230000,14.104190,23,16,2,0.027389,0.008414,-0.045101,-0.067856,-0.099655,0.992691,-13.430480,1.634296,33.288820,0.721032,-0.072190,-0.689110,-12.671240,1.558282,32.563200,1.052966,HintPanel,Untagged,3.340576,3.317123,0.000155,0.000000,-13.380390,1.623813,33.273440,357.932300,136.774100,7.944212,104.047200,98.172010,0.300000,1000.000000,0.900730,2468,2740,50.000000,on
1767081142683,2025-12-30 15:52:22.683,1036.241000,14.115300,23,16,2,-0.014712,0.006765,-0.046104,-0.238037,-0.165131,0.957108,-13.400960,1.626888,33.317860,0.814837,-0.161463,-0.556736,-12.510330,1.450408,32.709340,1.093000,HintPanel,Untagged,3.251801,3.331390,0.641528,0.000000,-13.380600,1.623903,33.273540,357.913200,136.803100,7.944108,104.047200,98.172010,0.300000,1000.000000,0.900730,2468,2740,50.000000,on
1767081142694,2025-12-30 15:52:22.694,1036.252000,14.126400,23,16,2,-0.014712,0.006765,-0.046104,-0.238037,-0.165131,0.957108,-13.401110,1.626935,33.317960,0.814790,-0.160889,-0.556971,-12.510560,1.451086,32.709190,1.092973,HintPanel,Untagged,3.251801,3.331390,0.641528,0.000000,-13.380760,1.623974,33.273620,357.881000,136.816500,7.935626,104.047200,98.172010,0.300000,1000.000000,0.900730,2468,2740,50.000000,on
1767081142705,2025-12-30 15:52:22.705,1036.263000,14.137630,23,16,2,-0.028761,0.006237,-0.046310,-0.223389,-0.161545,0.961243,-13.391220,1.624534,33.327630,0.807224,-0.154750,-0.569587,-12.512510,1.456079,32.707610,1.088550,HintPanel,Untagged,3.298676,3.243683,0.161370,0.000000,-13.380900,1.624059,33.273740,357.856900,136.825000,7.933130,104.047200,98.172010,0.300000,1000.000000,0.900730,2468,2740,50.000000,on
1767081142717,2025-12-30 15:52:22.717,1036.274000,14.148620,23,16,2,-0.002134,0.007112,-0.045553,-0.248566,-0.150314,0.956863,-13.410110,1.629162,33.309330,0.823347,-0.146824,-0.548187,-12.510410,1.468721,32.710300,1.092721,HintPanel,Untagged,3.344803,3.333649,0.160371,0.000000,-13.381050,1.624142,33.273830,357.829400,136.829400,7.936815,104.047200,98.172010,0.300000,1000.000000,0.900730,2468,2740,50.000000,on
1767081142728,2025-12-30 15:52:22.728,1036.285000,14.159730,23,16,2,-0.002134,0.007112,-0.045553,-0.248566,-0.150314,0.956863,-13.410220,1.629251,33.309400,0.823341,-0.146546,-0.548271,-12.510520,1.469115,32.710290,1.092715,HintPanel,Untagged,3.344803,3.333649,0.160371,0.000000,-13.381160,1.624248,33.273890,357.809900,136.830700,7.949609,104.047200,98.172010,0.300000,1000.000000,0.900730,2468,2740,50.000000,on
1767081142739,2025-12-30 15:52:22.739,1036.296000,14.170960,23,16,2,0.016433,0.007751,-0.045141,-0.256653,-0.146057,0.955399,-13.423490,1.632513,33.296740,0.828577,-0.143216,-0.541239,-12.517010,1.475831,32.704610,1.094019,HintPanel,Untagged,3.315643,3.249420,0.040093,0.000000,-13.381280,1.624308,33.273960,357.787800,136.825100,7.969131,104.047200,98.172010,0.300000,1000.000000,0.900730,2468,2740,50.000000,on
1767081142750,2025-12-30 15:52:22.750,1036.308000,14.182190,23,16,2,0.007233,0.007425,-0.045328,-0.245255,-0.144775,0.958572,-13.417080,1.630925,33.303120,0.822620,-0.139948,-0.551073,-12.519930,1.478298,32.702120,1.090580,HintPanel,Untagged,3.292496,3.255508,0.649341,0.000000,-13.381390,1.624340,33.274050,357.767200,136.820600,7.981991,104.047200,98.172010,0.300000,1000.000000,0.900730,2468,2740,50.000000,on
1767081142761,2025-12-30 15:52:22.761,1036.319000,14.193180,23,16,2,0.001405,0.007240,-0.045505,-0.236786,-0.135742,0.962021,-13.413080,1.629943,33.307220,0.819608,-0.129737,-0.558022,-12.522200,1.488926,32.700680,1.086937,HintPanel,Untagged,3.222229,3.254333,0.002491,0.000000,-13.381480,1.624356,33.274120,357.767700,136.808500,7.989568,104.047200,98.172010,0.300000,1000.000000,0.900730,2468,2740,50.000000,on
1767081142772,2025-12-30 15:52:22.772,1036.330000,14.204160,23,16,2,0.001405,0.007240,-0.045505,-0.236786,-0.135742,0.962021,-13.413150,1.629956,33.307290,0.819712,-0.129644,-0.557891,-12.522200,1.489046,32.700910,1.086893,HintPanel,Untagged,3.222229,3.254333,0.002491,0.000000,-13.381540,1.624376,33.274190,357.758600,136.796000,8.005357,104.047200,98.172010,0.300000,1000.000000,0.900730,2468,2740,50.000000,on
1767081142784,2025-12-30 15:52:22.784,1036.341000,14.215390,23,16,2,-0.011652,0.006831,-0.045921,-0.221298,-0.151901,0.963287,-13.404060,1.627756,33.316380,0.808193,-0.143489,-0.571144,-12.526440,1.471940,32.696170,1.085891,HintPanel,Untagged,3.234787,3.256775,0.161355,0.000000,-13.381610,1.624411,33.274240,357.762700,136.789500,8.002858,104.047200,98.172010,0.300000,1000.000000,0.900730,2468,2740,50.000000,on
1767081142794,2025-12-30 15:52:22.794,1036.352000,14.226380,23,16,2,0.007233,0.007425,-0.045328,-0.245255,-0.144775,0.958572,-13.417340,1.631012,33.303340,0.822963,-0.139886,-0.550576,-12.519830,1.478456,32.702890,1.090559,HintPanel,Untagged,3.292496,3.255508,0.161355,0.000000,-13.381630,1.624431,33.274290,357.759800,136.782500,7.998115,104.047200,98.172010,0.300000,1000.000000,0.900730,2468,2740,50.000000,on
1767081142805,2025-12-30 15:52:22.805,1036.363000,14.237490,23,16,2,0.007233,0.007425,-0.045328,-0.245255,-0.144775,0.958572,-13.417450,1.630988,33.303400,0.822964,-0.139856,-0.550582,-12.519900,1.478457,32.702920,1.090610,HintPanel,Untagged,3.292496,3.255508,0.161355,0.000000,-13.381740,1.624408,33.274350,357.760300,136.784500,7.988161,104.047200,98.172010,0.300000,1000.000000,0.900730,2468,2740,50.000000,on
1767081142817,2025-12-30 15:52:22.817,1036.374000,14.248600,23,16,2,0.001405,0.007240,-0.045505,-0.236786,-0.135742,0.962021,-13.413390,1.629985,33.307470,0.819873,-0.129575,-0.557671,-12.522330,1.489159,32.701370,1.086817,HintPanel,Untagged,3.222229,3.254333,2.597363,0.000000,-13.381780,1.624406,33.274380,357.758100,136.782900,7.989660,104.047200,98.172010,0.300000,1000.000000,0.900730,2468,2740,50.000000,on
1767081142828,2025-12-30 15:52:22.828,1036.385000,14.259830,23,16,2,-0.011732,0.006857,-0.046009,-0.221726,-0.154709,0.962738,-13.404300,1.627728,33.316700,0.808134,-0.146493,-0.570457,-12.526100,1.468535,32.696790,1.086674,HintPanel,Untagged,3.227112,3.253235,10.326220,0.000000,-13.381830,1.624355,33.274450,357.776400,136.770900,7.977887,104.047200,98.172010,0.300000,1000.000000,0.900730,2468,2740,50.000000,on
1767081142839,2025-12-30 15:52:22.839,1036.396000,14.270810,23,16,2,-0.010911,0.006916,-0.046084,-0.222992,-0.156265,0.962204,-13.404930,1.627874,33.316300,0.808515,-0.148415,-0.569436,-12.525860,1.466507,32.697170,1.087255,HintPanel,Untagged,3.227158,3.239182,10.326220,0.000000,-13.381830,1.624324,33.274540,357.786400,136.773600,7.982421,104.047200,98.172010,0.300000,1000.000000,0.900730,2468,2740,50.000000,on
1767081142850,2025-12-30 15:52:22.850,1036.407000,14.281920,23,16,2,-0.010911,0.006916,-0.046084,-0.222992,-0.156265,0.962204,-13.404930,1.627829,33.316320,0.808613,-0.148602,-0.569249,-12.525740,1.466257,32.697390,1.087268,HintPanel,Untagged,3.227158,3.239182,10.326220,0.000000,-13.381820,1.624265,33.274560,357.800500,136.764600,7.967919,104.047200,98.172010,0.300000,1000.000000,0.900730,2468,2740,50.000000,on
1767081142861,2025-12-30 15:52:22.861,1036.418000,14.293030,23,16,2,-0.006526,0.007100,-0.046093,-0.228622,-0.156937,0.960770,-13.408110,1.628604,33.313470,0.811549,-0.150513,-0.564544,-12.524380,1.464705,32.698720,1.088921,HintPanel,Untagged,3.227570,3.227020,10.388720,0.000000,-13.381820,1.624232,33.274640,357.823500,136.770500,7.974601,104.047200,98.172010,0.300000,1000.000000,0.900730,2468,2740,50.000000,on
1767081142872,2025-12-30 15:52:22.872,1036.429000,14.304020,23,16,2,-0.004839,0.007192,-0.046102,-0.234665,-0.149307,0.960526,-13.409310,1.628905,33.312360,0.816248,-0.144138,-0.559405,-12.520310,1.471921,32.703090,1.089112,HintPanel,Untagged,3.258240,3.206299,2.581860,0.000000,-13.381810,1.624195,33.274650,357.842100,136.775700,7.978250,104.047200,98.172010,0.300000,1000.000000,0.900730,2468,2740,50.000000,on
1767081142883,2025-12-30 15:52:22.883,1036.441000,14.315370,23,16,2,-0.010911,0.006916,-0.046084,-0.222992,-0.156265,0.962204,-13.404870,1.627792,33.316400,0.808371,-0.149594,-0.569332,-12.526010,1.465156,32.697430,1.087179,HintPanel,Untagged,3.227158,3.239182,10.388470,0.000000,-13.381760,1.624186,33.274640,357.856800,136.776200,7.979561,104.047200,98.172010,0.300000,1000.000000,0.900730,2468,2740,50.000000,on
1767081142894,2025-12-30 15:52:22.894,1036.452000,14.326230,23,16,2,-0.010911,0.006916,-0.046084,-0.222992,-0.156265,0.962204,-13.404820,1.627781,33.316390,0.808258,-0.150269,-0.569315,-12.526030,1.464398,32.697390,1.087257,HintPanel,Untagged,3.227158,3.239182,10.388470,0.000000,-13.381730,1.624139,33.274630,357.898400,136.782000,7.971240,104.047200,98.172010,0.300000,1000.000000,0.900730,2468,2740,50.000000,on
1767081142906,2025-12-30 15:52:22.906,1036.463000,14.337460,23,16,2,-0.006526,0.007100,-0.046093,-0.228622,-0.156937,0.960770,-13.408010,1.628516,33.313490,0.811237,-0.152365,-0.564495,-12.524600,1.462596,32.698770,1.088955,HintPanel,Untagged,3.227570,3.227020,0.657138,0.000000,-13.381740,1.624058,33.274660,357.932300,136.781200,7.978847,104.047200,98.172010,0.300000,1000.000000,0.900730,2468,2740,50.000000,on
1767081142917,2025-12-30 15:52:22.917,1036.474000,14.348450,23,16,2,-0.001344,0.007355,-0.046150,-0.239731,-0.152115,0.958832,-13.411770,1.629451,33.310070,0.818096,-0.149972,-0.555154,-12.519100,1.465807,32.704310,1.091143,HintPanel,Untagged,3.249207,3.204941,0.162339,0.000000,-13.381740,1.623986,33.274660,357.978600,136.798100,7.975679,104.047200,98.172010,0.300000,1000.000000,0.900730,2468,2740,50.000000,on
1767081142927,2025-12-30 15:52:22.927,1036.485000,14.359680,23,16,2,-0.001344,0.007355,-0.046150,-0.239731,-0.152115,0.958832,-13.411770,1.629402,33.310060,0.817948,-0.150729,-0.555167,-12.532440,1.467363,32.713240,1.075021,ActiveHitMarker,Untagged,3.249207,3.204941,0.162339,0.000000,-13.381740,1.623897,33.274650,358.027300,136.808300,7.958812,104.047200,98.172010,0.300000,1000.000000,0.900730,2468,2740,50.000000,on
1767081142939,2025-12-30 15:52:22.939,1036.496000,14.370790,23,16,2,-0.003399,0.007290,-0.046216,-0.239166,-0.157593,0.958099,-13.410270,1.629080,33.311470,0.816288,-0.157082,-0.555868,-12.527820,1.459265,32.710540,1.081048,ActiveHitMarker,Untagged,3.239960,3.198410,0.040092,0.000000,-13.381710,1.623876,33.274620,358.088100,136.832400,7.948874,104.047200,98.172010,0.300000,1000.000000,0.900730,2468,2740,50.000000,on
1767081142950,2025-12-30 15:52:22.950,1036.507000,14.381900,23,16,2,-0.001540,0.007344,-0.046053,-0.233688,-0.159638,0.959106,-13.411460,1.629335,33.310060,0.812543,-0.158890,-0.560810,-12.542880,1.459488,32.710570,1.068954,ActiveHitMarker,Untagged,3.173721,3.198029,0.040095,0.000000,-13.381690,1.623785,33.274570,358.125300,136.859300,7.934287,104.047200,98.172010,0.300000,1000.000000,0.900730,2468,2740,50.000000,on
1767081142961,2025-12-30 15:52:22.961,1036.518000,14.393010,23,16,2,-0.004981,0.007397,-0.046663,-0.118195,-0.165878,0.979034,-13.409290,1.628881,33.312800,0.741377,-0.149430,-0.654236,-12.616660,1.469121,32.613340,1.069128,HintPanel,Untagged,3.045486,3.224289,10.388480,0.000000,-13.381630,1.623724,33.274530,358.182300,136.895200,7.916719,104.047200,98.172010,0.300000,1000.000000,0.900730,2468,2740,50.000000,on
1767081142972,2025-12-30 15:52:22.972,1036.530000,14.404110,23,16,2,-0.004981,0.007397,-0.046663,-0.118195,-0.165878,0.979034,-13.409240,1.628833,33.312770,0.740959,-0.150029,-0.654573,-12.617090,1.468440,32.612980,1.069081,HintPanel,Untagged,3.045486,3.224289,10.388480,0.000000,-13.381600,1.623646,33.274490,358.218400,136.928900,7.903361,104.047200,98.172010,0.300000,1000.000000,0.900730,2468,2740,50.000000,on
1767081142983,2025-12-30 15:52:22.983,1036.541000,14.415220,23,16,2,-0.027932,0.006574,-0.046922,0.080658,-0.178177,0.980682,-13.392780,1.624802,33.328310,0.596271,-0.135533,-0.791254,-12.756150,1.480095,32.483490,1.067691,HintPanel,Untagged,3.198608,3.061356,0.649341,0.000000,-13.381590,1.623550,33.274480,358.257600,136.954200,7.884496,104.047200,98.172010,0.300000,1000.000000,0.900730,2468,2740,50.000000,on
1767081142995,2025-12-30 15:52:22.995,1036.552000,14.426330,23,16,2,0.001023,0.007547,-0.046314,0.238907,-0.179047,0.954376,-13.413290,1.629694,33.308450,0.462856,-0.116058,-0.878785,-12.905770,1.502438,32.344880,1.096469,HintPanel,Untagged,3.259338,3.231598,0.039607,0.000000,-13.381560,1.623469,33.274430,358.283600,136.980900,7.856531,104.047200,98.172010,0.300000,1000.000000,0.900730,2468,2740,50.000000,on
1767081143006,2025-12-30 15:52:23.006,1036.563000,14.437320,23,16,2,0.001023,0.007547,-0.046314,0.238907,-0.179047,0.954376,-13.413240,1.629670,33.308450,0.462377,-0.116736,-0.878947,-12.906220,1.501662,32.344630,1.096543,HintPanel,Untagged,3.259338,3.231598,0.039607,0.000000,-13.381540,1.623412,33.274410,358.324300,137.008300,7.857023,104.047200,98.172010,0.300000,1000.000000,0.900730,2468,2740,50.000000,on
1767081143016,2025-12-30 15:52:23.016,1036.574000,14.448550,23,16,2,0.007063,0.007656,-0.045864,0.220459,-0.181137,0.958420,-13.417300,1.630577,33.304060,0.477745,-0.121703,-0.870017,-12.895840,1.497739,32.354440,1.091484,HintPanel,Untagged,3.331970,3.125427,10.138720,0.000000,-13.381530,1.623349,33.274380,358.353100,137.047900,7.854768,104.047200,98.172010,0.300000,1000.000000,0.900730,2468,2740,50.000000,on
1767081143028,2025-12-30 15:52:23.028,1036.585000,14.459660,23,16,2,-0.027932,0.006574,-0.046922,0.080658,-0.178177,0.980682,-13.392580,1.624666,33.328190,0.594439,-0.137734,-0.792252,-12.757940,1.477618,32.482360,1.067619,HintPanel,Untagged,3.198608,3.061356,0.009902,0.000000,-13.381510,1.623293,33.274330,358.381600,137.078000,7.846570,104.047200,98.172010,0.300000,1000.000000,0.900730,2468,2740,50.000000,on
1767081143039,2025-12-30 15:52:23.039,1036.596000,14.470640,23,16,2,0.001023,0.007547,-0.046314,0.238907,-0.179047,0.954376,-13.413100,1.629586,33.308330,0.460680,-0.118516,-0.879600,-12.907950,1.499629,32.343820,1.096513,HintPanel,Untagged,3.259338,3.231598,10.201950,0.000000,-13.381460,1.623245,33.274250,358.426100,137.111800,7.839956,104.047200,98.172010,0.300000,1000.000000,0.900730,2468,2740,50.000000,on
1767081143050,2025-12-30 15:52:23.050,1036.607000,14.481870,23,16,2,0.001023,0.007547,-0.046314,0.238907,-0.179047,0.954376,-13.413030,1.629555,33.308310,0.460035,-0.119299,-0.879832,-12.908560,1.498731,32.343480,1.096590,HintPanel,Untagged,3.259338,3.231598,10.201950,0.000000,-13.381420,1.623183,33.274210,358.464100,137.154300,7.808026,104.047200,98.172010,0.300000,1000.000000,0.900730,2468,2740,50.000000,on
1767081143061,2025-12-30 15:52:23.061,1036.618000,14.492980,23,16,2,0.023275,0.008165,-0.045324,0.201645,-0.183060,0.962189,-13.428420,1.633172,33.292760,0.491608,-0.128834,-0.861221,-12.894220,1.493176,32.356930,1.086628,HintPanel,Untagged,3.266388,3.130066,0.040341,0.000000,-13.381330,1.623132,33.274230,358.495600,137.195300,7.762135,104.047200,98.172010,0.300000,1000.000000,0.900730,2468,2740,50.000000,on
1767081143072,2025-12-30 15:52:23.072,1036.630000,14.504090,23,16,2,-0.006114,0.007281,-0.046405,0.217667,-0.195404,0.956253,-13.407700,1.628283,33.313160,0.474275,-0.139514,-0.869241,-12.888620,1.475589,32.361800,1.094459,HintPanel,Untagged,3.230194,3.140060,0.040340,0.000000,-13.381260,1.623094,33.274200,358.517600,137.236200,7.740448,104.047200,98.172010,0.300000,1000.000000,0.900730,2468,2740,50.000000,on
1767081143083,2025-12-30 15:52:23.083,1036.641000,14.515200,23,16,2,-0.006114,0.007281,-0.046405,0.217667,-0.195404,0.956253,-13.407570,1.628206,33.313160,0.473719,-0.139904,-0.869482,-12.889120,1.475091,32.361570,1.094422,HintPanel,Untagged,3.230194,3.140060,0.040340,0.000000,-13.381160,1.623001,33.274180,358.533300,137.275500,7.710357,104.047200,98.172010,0.300000,1000.000000,0.900730,2468,2740,50.000000,on
1767081143094,2025-12-30 15:52:23.094,1036.652000,14.526180,23,16,2,-0.001986,0.007428,-0.046311,0.216995,-0.192810,0.956924,-13.410430,1.628886,33.310340,0.474241,-0.138128,-0.869473,-12.891760,1.477819,32.359420,1.093654,HintPanel,Untagged,3.251953,3.152771,0.040340,0.000000,-13.381100,1.622945,33.274170,358.574700,137.313800,7.703802,104.047200,98.172010,0.300000,1000.000000,0.900730,2468,2740,50.000000,on
1767081143105,2025-12-30 15:52:23.105,1036.663000,14.537410,23,16,2,0.001782,0.007729,-0.046803,0.205048,-0.197830,0.958542,-13.413360,1.629624,33.308210,0.482948,-0.145360,-0.863491,-12.885830,1.470845,32.365000,1.092309,HintPanel,Untagged,3.256927,3.151611,0.010268,0.000000,-13.381000,1.622858,33.274150,358.616100,137.356200,7.703194,104.047200,98.172010,0.300000,1000.000000,0.900730,2468,2740,50.000000,on
1767081143116,2025-12-30 15:52:23.116,1036.674000,14.548400,23,16,2,-0.006114,0.007281,-0.046405,0.217667,-0.195404,0.956253,-13.407260,1.628123,33.313160,0.471761,-0.142163,-0.870180,-12.890900,1.472518,32.360700,1.094540,HintPanel,Untagged,3.230194,3.140060,0.010023,0.000000,-13.380930,1.622810,33.274140,358.663800,137.392600,7.693336,104.047200,98.172010,0.300000,1000.000000,0.900730,2468,2740,50.000000,on
1767081143127,2025-12-30 15:52:23.127,1036.685000,14.559510,23,16,2,-0.006114,0.007281,-0.046405,0.217667,-0.195404,0.956253,-13.407160,1.628091,33.313170,0.471124,-0.142649,-0.870445,-12.891520,1.471962,32.360470,1.094485,HintPanel,Untagged,3.230194,3.140060,0.010023,0.000000,-13.380860,1.622755,33.274140,358.691300,137.432400,7.687122,104.047200,98.172010,0.300000,1000.000000,0.900730,2468,2740,50.000000,on
1767081143139,2025-12-30 15:52:23.139,1036.696000,14.570620,23,16,2,-0.001986,0.007428,-0.046311,0.216995,-0.192810,0.956924,-13.409990,1.628804,33.310410,0.471776,-0.140601,-0.870417,-12.894060,1.475042,32.358520,1.093580,HintPanel,Untagged,3.251953,3.152771,163.223400,0.000000,-13.380760,1.622750,33.274170,358.710300,137.468200,7.656203,104.047200,98.172010,0.300000,1000.000000,0.900730,2468,2740,50.000000,on
1767081143150,2025-12-30 15:52:23.150,1036.707000,14.581850,23,16,2,0.002751,0.007758,-0.046742,0.208481,-0.191422,0.959106,-13.413620,1.629749,33.307620,0.479345,-0.140718,-0.866267,-12.890430,1.476161,32.362120,1.091458,HintPanel,Untagged,3.260788,3.151581,10.326470,0.000000,-13.380670,1.622730,33.274190,358.731800,137.484400,7.644755,104.047200,98.172010,0.300000,1000.000000,0.900730,2468,2740,50.000000,on
1767081143161,2025-12-30 15:52:23.161,1036.718000,14.592960,23,16,2,0.002751,0.007758,-0.046742,0.208481,-0.191422,0.959106,-13.413510,1.629702,33.307720,0.479064,-0.140922,-0.866389,-12.890620,1.475887,32.362060,1.091491,HintPanel,Untagged,3.260788,3.151581,10.326470,0.000000,-13.380570,1.622679,33.274280,358.738200,137.505700,7.621010,104.047200,98.172010,0.300000,1000.000000,0.900730,2468,2740,50.000000,on
1767081143172,2025-12-30 15:52:23.172,1036.729000,14.603940,23,16,2,0.000540,0.007665,-0.046752,0.206101,-0.188751,0.960144,-13.411810,1.629303,33.309250,0.481510,-0.138808,-0.865368,-12.886830,1.477962,32.365750,1.090280,HintPanel,Untagged,3.268280,3.148697,0.649341,0.000000,-13.380490,1.622658,33.274330,358.747500,137.522200,7.600501,104.047200,98.172010,0.300000,1000.000000,0.900730,2468,2740,50.000000,on
1767081143183,2025-12-30 15:52:23.183,1036.740000,14.615050,23,16,2,0.001245,0.007993,-0.047317,0.217499,-0.187393,0.957886,-13.412520,1.629742,33.309320,0.471288,-0.136236,-0.871375,-12.897170,1.480770,32.356480,1.093470,HintPanel,Untagged,3.261078,3.166061,10.263960,0.000000,-13.380340,1.622679,33.274400,358.762100,137.550100,7.603676,104.047200,98.172010,0.300000,1000.000000,0.900730,2468,2740,50.000000,on
1767081143195,2025-12-30 15:52:23.195,1036.752000,14.626280,23,16,2,0.011772,0.008717,-0.047097,0.254425,-0.034256,0.966476,-13.419890,1.631826,33.302260,0.462586,0.020445,-0.886329,-12.918720,1.653977,32.342000,1.083404,HintPanel,Untagged,3.399155,3.191376,0.162328,0.000000,-13.380210,1.622643,33.274450,358.769700,137.560500,7.599974,104.047200,98.172010,0.300000,1000.000000,0.900730,2468,2740,50.000000,on
1767081143205,2025-12-30 15:52:23.205,1036.763000,14.637270,23,16,2,0.011772,0.008717,-0.047097,0.254425,-0.034256,0.966476,-13.419800,1.631840,33.302320,0.462579,0.020297,-0.886336,-12.918640,1.653830,32.342060,1.083394,HintPanel,Untagged,3.399155,3.191376,0.162328,0.000000,-13.380130,1.622642,33.274510,358.783600,137.561100,7.619115,104.047200,98.172010,0.300000,1000.000000,0.900730,2468,2740,50.000000,on
1767081143216,2025-12-30 15:52:23.216,1036.774000,14.648500,23,16,2,-0.022021,0.008239,-0.049091,0.297287,0.191345,0.935410,-13.396260,1.626861,33.326360,0.428927,0.248811,-0.868389,0.000000,0.000000,0.000000,0.000000,0,0,3.442078,3.414154,10.327200,0.000000,-13.379990,1.622653,33.274590,358.786800,137.569700,7.615963,104.047200,98.172010,0.300000,1000.000000,0.900730,2468,2740,50.000000,off
1767081143227,2025-12-30 15:52:23.227,1036.785000,14.659360,23,16,2,0.001245,0.007993,-0.047317,0.217499,-0.187393,0.957886,-13.412030,1.629746,33.309610,0.470773,-0.136783,-0.871568,0.000000,0.000000,0.000000,0.000000,0,0,3.261078,3.166061,41.309760,0.000000,-13.379870,1.622651,33.274680,358.800600,137.576700,7.627012,104.047200,98.172010,0.300000,1000.000000,0.900730,2468,2740,50.000000,off
1767081143238,2025-12-30 15:52:23.238,1036.796000,14.670470,23,16,2,0.001245,0.007993,-0.047317,0.217499,-0.187393,0.957886,-13.411880,1.629733,33.309700,0.470759,-0.136740,-0.871582,0.000000,0.000000,0.000000,0.000000,0,0,3.261078,3.166061,41.309760,0.000000,-13.379720,1.622639,33.274770,358.798500,137.577600,7.628955,104.047200,98.172010,0.300000,1000.000000,0.900730,2468,2740,50.000000,off
1767081143250,2025-12-30 15:52:23.250,1036.807000,14.681460,23,16,2,0.011772,0.008717,-0.047097,0.254425,-0.034256,0.966476,-13.419280,1.631872,33.302670,0.462279,0.020024,-0.886499,0.000000,0.000000,0.000000,0.000000,0,0,3.399155,3.191376,10.451710,0.000000,-13.379610,1.622654,33.274850,358.803600,137.580700,7.633409,104.047200,98.172010,0.300000,1000.000000,0.900730,2468,2740,50.000000,off
1767081143261,2025-12-30 15:52:23.261,1036.818000,14.692690,23,16,2,-0.029586,0.008048,-0.049542,0.301743,0.163513,0.939255,-13.390510,1.625696,33.332080,0.425659,0.221843,-0.877260,0.000000,0.000000,0.000000,0.000000,0,0,3.447220,3.346588,664.940500,0.000000,-13.379480,1.622689,33.274940,358.793100,137.589500,7.624833,104.047200,98.172010,0.300000,1000.000000,0.900730,2468,2740,50.000000,off
1767081143272,2025-12-30 15:52:23.272,1036.829000,14.703670,23,16,2,-0.029938,0.008144,-0.049965,0.295853,0.164444,0.940964,-13.390410,1.625757,33.332730,0.431084,0.222111,-0.874538,0.000000,0.000000,0.000000,0.000000,0,0,3.445221,3.335938,0.645434,0.000000,-13.379380,1.622714,33.275040,358.786400,137.596100,7.621069,104.047200,98.172010,0.300000,1000.000000,0.900730,2468,2740,50.000000,off
1767081143283,2025-12-30 15:52:23.283,1036.840000,14.714780,23,16,2,-0.029938,0.008144,-0.049965,0.295853,0.164444,0.940964,-13.390220,1.625775,33.332810,0.430969,0.222245,-0.874561,0.000000,0.000000,0.000000,0.000000,0,0,3.445221,3.335938,0.645434,0.000000,-13.379190,1.622740,33.275110,358.779400,137.603100,7.625174,104.047200,98.172010,0.300000,1000.000000,0.900730,2468,2740,50.000000,off
1767081143294,2025-12-30 15:52:23.294,1036.851000,14.725890,23,16,2,-0.026752,0.008276,-0.050003,0.299530,0.161346,0.940338,-13.392460,1.626304,33.330850,0.427505,0.219692,-0.876905,0.000000,0.000000,0.000000,0.000000,0,0,3.311768,3.312057,0.653217,0.000000,-13.379080,1.622719,33.275240,358.776800,137.608200,7.625126,104.047200,98.172010,0.300000,1000.000000,0.900730,2468,2740,50.000000,off
1767081143305,2025-12-30 15:52:23.305,1036.863000,14.737120,23,16,2,-0.018882,0.008413,-0.049348,0.289993,0.158600,0.943787,-13.397670,1.627490,33.325200,0.436672,0.215888,-0.873324,0.000000,0.000000,0.000000,0.000000,0,0,3.380630,3.296478,0.653217,0.000000,-13.378970,1.622718,33.275300,358.772700,137.604100,7.634013,104.047200,98.172010,0.300000,1000.000000,0.900730,2468,2740,50.000000,off
1767081143316,2025-12-30 15:52:23.316,1036.874000,14.748230,23,16,2,-0.018882,0.008413,-0.049348,0.289993,0.158600,0.943787,-13.397570,1.627530,33.325290,0.436659,0.215816,-0.873348,0.000000,0.000000,0.000000,0.000000,0,0,3.380630,3.296478,0.653217,0.000000,-13.378870,1.622756,33.275390,358.784400,137.611100,7.659839,104.047200,98.172010,0.300000,1000.000000,0.900730,2468,2740,50.000000,off
1767081143327,2025-12-30 15:52:23.327,1036.885000,14.759220,23,16,2,-0.012186,0.008547,-0.048839,0.285843,0.162766,0.944336,-13.401990,1.628572,33.320570,0.440371,0.219458,-0.870564,0.000000,0.000000,0.000000,0.000000,0,0,3.402420,3.302551,0.040338,0.000000,-13.378740,1.622766,33.275490,358.784900,137.617100,7.673739,104.047200,98.172010,0.300000,1000.000000,0.900730,2468,2740,50.000000,off
1767081143338,2025-12-30 15:52:23.338,1036.896000,14.770320,23,16,2,-0.000105,0.008839,-0.048091,0.274246,0.170105,0.946487,-13.410210,1.630486,33.312090,0.451047,0.225300,-0.863587,0.000000,0.000000,0.000000,0.000000,0,0,3.397125,3.309097,10.326460,0.000000,-13.378620,1.622761,33.275570,358.787400,137.615700,7.699993,104.047200,98.172010,0.300000,1000.000000,0.900730,2468,2740,50.000000,off
1767081143349,2025-12-30 15:52:23.349,1036.907000,14.781560,23,16,2,-0.018882,0.008413,-0.049348,0.289993,0.158600,0.943787,-13.397170,1.627529,33.325580,0.436662,0.215897,-0.873326,0.000000,0.000000,0.000000,0.000000,0,0,3.380630,3.296478,660.893600,0.000000,-13.378490,1.622765,33.275670,358.795500,137.621900,7.716430,104.047200,98.172010,0.300000,1000.000000,0.900730,2468,2740,50.000000,off
1767081143361,2025-12-30 15:52:23.361,1036.918000,14.792540,23,16,2,-0.018882,0.008413,-0.049348,0.289993,0.158600,0.943787,-13.397040,1.627521,33.325640,0.436548,0.216127,-0.873326,0.000000,0.000000,0.000000,0.000000,0,0,3.380630,3.296478,660.893600,0.000000,-13.378360,1.622770,33.275730,358.782700,137.627800,7.720448,104.047200,98.172010,0.300000,1000.000000,0.900730,2468,2740,50.000000,off
1767081143372,2025-12-30 15:52:23.372,1036.929000,14.803770,23,16,2,-0.012186,0.008547,-0.048839,0.285843,0.162766,0.944336,-13.401480,1.628564,33.320900,0.440389,0.219794,-0.870470,0.000000,0.000000,0.000000,0.000000,0,0,3.402420,3.302551,41.056840,0.000000,-13.378240,1.622774,33.275810,358.777800,137.622600,7.721747,104.047200,98.172010,0.300000,1000.000000,0.900730,2468,2740,50.000000,off
1767081143383,2025-12-30 15:52:23.383,1036.940000,14.814760,23,16,2,-0.001399,0.008819,-0.048209,0.274948,0.167999,0.946655,-13.408800,1.630301,33.313400,0.450290,0.223870,-0.864348,0.000000,0.000000,0.000000,0.000000,0,0,3.391541,3.303299,0.645389,0.000000,-13.378090,1.622795,33.275920,358.760800,137.627500,7.727786,104.047200,98.172010,0.300000,1000.000000,0.900730,2468,2740,50.000000,off
1767081143394,2025-12-30 15:52:23.394,1036.951000,14.825870,23,16,2,-0.001399,0.008819,-0.048209,0.274948,0.167999,0.946655,-13.408640,1.630338,33.313520,0.450017,0.224249,-0.864392,0.000000,0.000000,0.000000,0.000000,0,0,3.391541,3.303299,0.645389,0.000000,-13.377940,1.622849,33.276030,358.739700,137.643100,7.735081,104.047200,98.172010,0.300000,1000.000000,0.900730,2468,2740,50.000000,off
1767081143405,2025-12-30 15:52:23.405,1036.963000,14.837100,23,16,2,-0.003113,0.008794,-0.048369,0.275284,0.165649,0.946976,-13.407350,1.630122,33.314830,0.449632,0.222430,-0.865067,0.000000,0.000000,0.000000,0.000000,0,0,3.374100,3.299698,41.054880,0.000000,-13.377800,1.622914,33.276080,358.717200,137.652800,7.754664,104.047200,98.172010,0.300000,1000.000000,0.900730,2468,2740,50.000000,off
1767081143416,2025-12-30 15:52:23.416,1036.974000,14.848080,23,16,2,-0.003492,0.008807,-0.048478,0.273834,0.163315,0.947800,-13.407040,1.630123,33.315170,0.450888,0.220612,-0.864877,0.000000,0.000000,0.000000,0.000000,0,0,3.368790,3.298676,10.388720,0.000000,-13.377710,1.622988,33.276070,358.679200,137.659000,7.765559,104.047200,98.172010,0.300000,1000.000000,0.900730,2468,2740,50.000000,off
1767081143427,2025-12-30 15:52:23.427,1036.985000,14.859310,23,16,2,-0.003797,0.008818,-0.048568,0.272827,0.163498,0.948059,-13.406730,1.630139,33.315520,0.451457,0.221294,-0.864406,0.000000,0.000000,0.000000,0.000000,0,0,3.373413,3.297729,2.581677,0.000000,-13.377580,1.623067,33.276140,358.645700,137.680300,7.784107,104.047200,98.172010,0.300000,1000.000000,0.900730,2468,2740,50.000000,off
1767081143438,2025-12-30 15:52:23.438,1036.996000,14.870300,23,16,2,-0.003797,0.008818,-0.048568,0.272827,0.163498,0.948059,-13.406560,1.630193,33.315570,0.451326,0.222112,-0.864265,0.000000,0.000000,0.000000,0.000000,0,0,3.373413,3.297729,2.581677,0.000000,-13.377400,1.623161,33.276190,358.600900,137.684300,7.802314,104.047200,98.172010,0.300000,1000.000000,0.900730,2468,2740,50.000000,off
1767081143450,2025-12-30 15:52:23.450,1037.007000,14.881530,23,16,2,-0.001884,0.008892,-0.048562,0.269150,0.163742,0.949066,-13.407820,1.630574,33.314380,0.454490,0.223179,-0.862328,0.000000,0.000000,0.000000,0.000000,0,0,3.346252,3.303802,42807.220000,0.000000,-13.377270,1.623273,33.276250,358.526300,137.689700,7.818955,104.047200,98.172010,0.300000,1000.000000,0.900730,2468,2740,50.000000,off
1767081143460,2025-12-30 15:52:23.460,1037.018000,14.892520,23,16,2,0.023441,0.010389,-0.048324,0.068115,0.343323,0.936737,-13.425960,1.635605,33.297580,0.608955,0.374429,-0.699259,0.000000,0.000000,0.000000,0.000000,0,0,3.464844,3.335876,10.264700,0.000000,-13.377070,1.623416,33.276280,358.461600,137.674400,7.844115,104.047200,98.172010,0.300000,1000.000000,0.900730,2468,2740,50.000000,off
1767081143471,2025-12-30 15:52:23.471,1037.029000,14.903630,23,16,2,0.023441,0.010389,-0.048324,0.068115,0.343323,0.936737,-13.425860,1.635673,33.297740,0.608157,0.375995,-0.699114,0.000000,0.000000,0.000000,0.000000,0,0,3.464844,3.335876,10.264700,0.000000,-13.376970,1.623567,33.276400,358.364700,137.704300,7.842584,104.047200,98.172010,0.300000,1000.000000,0.900730,2468,2740,50.000000,off
1767081143483,2025-12-30 15:52:23.483,1037.040000,14.914860,23,16,2,-0.003797,0.008818,-0.048568,0.272827,0.163498,0.948059,-13.405970,1.630523,33.315910,0.450251,0.227597,-0.863398,0.000000,0.000000,0.000000,0.000000,0,0,3.373413,3.297729,10.264210,0.000000,-13.376820,1.623765,33.276470,358.283900,137.710400,7.865221,104.047200,98.172010,0.300000,1000.000000,0.900730,2468,2740,50.000000,off
1767081143494,2025-12-30 15:52:23.494,1037.051000,14.925840,23,16,2,-0.001884,0.008892,-0.048562,0.269150,0.163742,0.949066,-13.407210,1.630978,33.314750,0.452967,0.229581,-0.861449,0.000000,0.000000,0.000000,0.000000,0,0,3.346252,3.303802,2.519116,0.000000,-13.376660,1.624000,33.276550,358.149300,137.732100,7.865640,104.047200,98.172010,0.300000,1000.000000,0.900730,2468,2740,50.000000,off
1767081143505,2025-12-30 15:52:23.505,1037.062000,14.936950,23,16,2,0.022629,0.010432,-0.048526,0.072037,0.349442,0.934174,-13.424940,1.636047,33.298730,0.601978,0.388563,-0.697582,0.000000,0.000000,0.000000,0.000000,0,0,3.506577,3.343307,0.641498,0.000000,-13.376480,1.624328,33.276610,357.989600,137.741600,7.860274,104.047200,98.172010,0.300000,1000.000000,0.900730,2468,2740,50.000000,off
1767081143516,2025-12-30 15:52:23.516,1037.073000,14.948060,23,16,2,0.022629,0.010432,-0.048526,0.072037,0.349442,0.934174,-13.424770,1.636260,33.298810,0.600662,0.391852,-0.696876,0.000000,0.000000,0.000000,0.000000,0,0,3.506577,3.343307,0.641498,0.000000,-13.376290,1.624725,33.276630,357.784300,137.764500,7.839270,104.047200,98.172010,0.300000,1000.000000,0.900730,2468,2740,50.000000,off
1767081143527,2025-12-30 15:52:23.527,1037.085000,14.959170,23,16,2,0.017834,0.010142,-0.048222,0.086243,0.343277,0.935257,-13.420910,1.635659,33.301820,0.588433,0.392472,-0.706892,0.000000,0.000000,0.000000,0.000000,0,0,3.502335,3.309174,0.641498,0.000000,-13.376110,1.625315,33.276660,357.487200,137.804700,7.802069,104.047200,98.172010,0.300000,1000.000000,0.900730,2468,2740,50.000000,off
1767081143538,2025-12-30 15:52:23.538,1037.096000,14.970150,23,16,2,-0.009756,0.009607,-0.050340,0.121811,0.318131,0.940170,-13.401790,1.631680,33.321550,0.561203,0.378398,-0.736092,0.000000,0.000000,0.000000,0.000000,0,0,3.581085,3.285980,0.641513,0.000000,-13.375910,1.626013,33.276610,357.125400,137.860000,7.760020,104.047200,98.172010,0.300000,1000.000000,0.900730,2468,2740,50.000000,off
1767081143549,2025-12-30 15:52:23.549,1037.107000,14.981260,23,16,2,-0.009756,0.009607,-0.050340,0.121811,0.318131,0.940170,-13.401620,1.632097,33.321620,0.558375,0.384191,-0.735241,0.000000,0.000000,0.000000,0.000000,0,0,3.581085,3.285980,0.641513,0.000000,-13.375780,1.626745,33.276620,356.762200,137.943200,7.727110,104.047200,98.172010,0.300000,1000.000000,0.900730,2468,2740,50.000000,off
1767081143561,2025-12-30 15:52:23.561,1037.118000,14.992490,23,16,2,-0.018031,0.009427,-0.050933,0.139847,0.301498,0.943146,-13.395710,1.631216,33.327540,0.542361,0.377161,-0.750717,0.000000,0.000000,0.000000,0.000000,0,0,3.507172,3.282288,0.653140,0.000000,-13.375680,1.627555,33.276610,356.332600,138.060700,7.680106,104.047200,98.172010,0.300000,1000.000000,0.900730,2468,2740,50.000000,off
1767081143572,2025-12-30 15:52:23.572,1037.129000,15.003720,23,16,2,0.000212,0.009871,-0.049729,0.114563,0.300766,0.946777,-13.408310,1.634624,33.314860,0.560051,0.379831,-0.736236,0.000000,0.000000,0.000000,0.000000,0,0,3.455750,3.262634,0.164273,0.000000,-13.375590,1.628372,33.276630,355.924800,138.182300,7.649802,104.047200,98.172010,0.300000,1000.000000,0.900730,2468,2740,50.000000,off
1767081143583,2025-12-30 15:52:23.583,1037.140000,15.014950,23,16,2,-0.011015,0.009640,-0.049925,0.115738,0.322205,0.939560,-13.399940,1.633421,33.322410,0.551460,0.407426,-0.727929,0.000000,0.000000,0.000000,0.000000,0,0,3.358337,3.065826,2.597179,0.000000,-13.375530,1.629268,33.276650,355.496500,138.325600,7.602663,104.047200,98.172010,0.300000,1000.000000,0.900730,2468,2740,50.000000,off
1767081143594,2025-12-30 15:52:23.594,1037.151000,15.025820,23,16,2,-0.011015,0.009640,-0.049925,0.115738,0.322205,0.939560,-13.399790,1.633886,33.322520,0.547307,0.414444,-0.727100,0.000000,0.000000,0.000000,0.000000,0,0,3.358337,3.065826,2.597179,0.000000,-13.375470,1.630117,33.276680,355.050800,138.472100,7.562844,104.047200,98.172010,0.300000,1000.000000,0.900730,2468,2740,50.000000,off
1767081143605,2025-12-30 15:52:23.605,1037.162000,15.037050,23,16,2,-0.018031,0.009427,-0.050933,0.139847,0.301498,0.943146,-13.395050,1.633144,33.327870,0.526356,0.404353,-0.747951,0.000000,0.000000,0.000000,0.000000,0,0,3.507172,3.282288,0.657046,0.000000,-13.375460,1.630973,33.276680,354.613900,138.642300,7.529678,104.047200,98.172010,0.300000,1000.000000,0.900730,2468,2740,50.000000,off
1767081143616,2025-12-30 15:52:23.616,1037.173000,15.048030,23,16,2,0.000212,0.009871,-0.049729,0.114563,0.300766,0.946777,-13.407930,1.636591,33.315350,0.543190,0.407394,-0.734130,0.000000,0.000000,0.000000,0.000000,0,0,3.455750,3.262634,0.010022,0.000000,-13.375510,1.631863,33.276660,354.187700,138.827700,7.482694,104.047200,98.172010,0.300000,1000.000000,0.900730,2468,2740,50.000000,off
1767081143627,2025-12-30 15:52:23.627,1037.185000,15.059140,23,16,2,0.000212,0.009871,-0.049729,0.114563,0.300766,0.946777,-13.407970,1.637128,33.315420,0.538163,0.414026,-0.734122,0.000000,0.000000,0.000000,0.000000,0,0,3.455750,3.262634,0.010022,0.000000,-13.375680,1.632770,33.276580,353.766100,139.051900,7.440849,104.047200,98.172010,0.300000,1000.000000,0.900730,2468,2740,50.000000,off
1767081143638,2025-12-30 15:52:23.638,1037.196000,15.070250,23,16,2,-0.016733,0.009567,-0.050586,0.116623,0.315888,0.941589,-13.395780,1.635154,33.326790,0.527555,0.435429,-0.729427,0.000000,0.000000,0.000000,0.000000,0,0,3.357513,3.086304,0.162305,0.000000,-13.376000,1.633742,33.276420,353.327500,139.338000,7.375661,104.047200,98.172010,0.300000,1000.000000,0.900730,2468,2740,50.000000,off
1767081143649,2025-12-30 15:52:23.649,1037.207000,15.081360,23,16,2,-0.013709,0.009530,-0.050272,0.107620,0.306854,0.945648,-13.397920,1.636105,33.324550,0.529920,0.432600,-0.729407,0.000000,0.000000,0.000000,0.000000,0,0,3.088318,2.948471,165.215600,0.000000,-13.376310,1.634670,33.276210,352.891400,139.684800,7.281744,104.047200,98.172010,0.300000,1000.000000,0.900730,2468,2740,50.000000,off
1767081143661,2025-12-30 15:52:23.661,1037.218000,15.092470,23,16,2,-0.013709,0.009530,-0.050272,0.107620,0.306854,0.945648,-13.398070,1.636661,33.324460,0.522648,0.439291,-0.730653,0.000000,0.000000,0.000000,0.000000,0,0,3.088318,2.948471,165.215600,0.000000,-13.376750,1.635582,33.275980,352.454800,140.046900,7.157322,104.047200,98.172010,0.300000,1000.000000,0.900730,2468,2740,50.000000,off
1767081143672,2025-12-30 15:52:23.672,1037.229000,15.103580,23,16,2,-0.010932,0.009703,-0.050634,0.106506,0.284378,0.952759,-13.400610,1.637648,33.322910,0.519340,0.424824,-0.741469,0.000000,0.000000,0.000000,0.000000,0,0,3.151566,2.836365,0.645419,0.000000,-13.377250,1.636468,33.275680,352.008300,140.487500,6.992644,104.047200,98.172010,0.300000,1000.000000,0.900730,2468,2740,50.000000,off
1767081143683,2025-12-30 15:52:23.683,1037.240000,15.114690,23,16,2,-0.014815,0.009227,-0.049839,0.115479,0.282593,0.952255,-13.397280,1.637339,33.324410,0.503260,0.430674,-0.749155,0.000000,0.000000,0.000000,0.000000,0,0,3.160721,2.842834,10510.300000,0.000000,-13.377810,1.637321,33.275320,351.573600,140.952700,6.821673,104.047200,98.172010,0.300000,1000.000000,0.900730,2468,2740,50.000000,off
1767081143694,2025-12-30 15:52:23.694,1037.251000,15.125790,23,16,2,-0.022579,0.008722,-0.049542,0.105377,0.263931,0.958756,-13.391230,1.636476,33.328620,0.506891,0.417999,-0.753866,0.000000,0.000000,0.000000,0.000000,0,0,3.172409,2.838516,10638.050000,0.000000,-13.378420,1.638079,33.275010,351.185500,141.396200,6.622468,104.047200,98.172010,0.300000,1000.000000,0.900730,2468,2740,50.000000,off
1767081143705,2025-12-30 15:52:23.705,1037.262000,15.136900,23,16,2,-0.022579,0.008722,-0.049542,0.105377,0.263931,0.958756,-13.391500,1.636989,33.328290,0.498087,0.423930,-0.756419,0.000000,0.000000,0.000000,0.000000,0,0,3.172409,2.838516,10638.050000,0.000000,-13.379110,1.638851,33.274590,350.792800,141.871700,6.416655,104.047200,98.172010,0.300000,1000.000000,0.900730,2468,2740,50.000000,off
1767081143716,2025-12-30 15:52:23.716,1037.273000,15.148010,23,16,2,-0.029925,0.008044,-0.049229,0.102264,0.236969,0.966110,-13.385740,1.636002,33.331900,0.496834,0.404078,-0.768023,0.000000,0.000000,0.000000,0.000000,0,0,2.914932,2.796188,166.207800,0.000000,-13.379840,1.639521,33.274140,350.416900,142.342200,6.243134,104.047200,98.172010,0.300000,1000.000000,0.900730,2468,2740,50.000000,off
1767081143727,2025-12-30 15:52:23.727,1037.285000,15.159120,23,16,2,-0.014815,0.009227,-0.049839,0.115479,0.282593,0.952255,-13.398550,1.639030,33.323300,0.468630,0.452902,-0.758452,0.000000,0.000000,0.000000,0.000000,0,0,3.160721,2.842834,2.581616,0.000000,-13.380620,1.640130,33.273640,350.082700,142.835200,6.111452,104.047200,98.172010,0.300000,1000.000000,0.900730,2468,2740,50.000000,off
1767081143738,2025-12-30 15:52:23.738,1037.296000,15.170230,23,16,2,-0.014815,0.009227,-0.049839,0.115479,0.282593,0.952255,-13.398920,1.639363,33.322950,0.460522,0.457032,-0.760938,0.000000,0.000000,0.000000,0.000000,0,0,3.160721,2.842834,2.581616,0.000000,-13.381400,1.640675,33.273160,349.804600,143.311500,5.993022,104.047200,98.172010,0.300000,1000.000000,0.900730,2468,2740,50.000000,off
1767081143749,2025-12-30 15:52:23.749,1037.307000,15.181210,23,16,2,-0.022579,0.008722,-0.049542,0.105377,0.263931,0.958756,-13.392820,1.638446,33.326680,0.465001,0.442847,-0.766575,0.000000,0.000000,0.000000,0.000000,0,0,3.172409,2.838516,10.202200,0.000000,-13.382200,1.641189,33.272640,349.542200,143.787500,5.897551,104.047200,98.172010,0.300000,1000.000000,0.900730,2468,2740,50.000000,off
1767081143761,2025-12-30 15:52:23.761,1037.318000,15.192440,23,16,2,-0.030027,0.007964,-0.049166,0.096329,0.241379,0.965622,-13.386940,1.637277,33.330030,0.469356,0.424751,-0.774120,0.000000,0.000000,0.000000,0.000000,0,0,2.835968,2.653671,2.565991,0.000000,-13.383080,1.641599,33.272160,349.304400,144.245400,5.801926,104.047200,98.172010,0.300000,1000.000000,0.900730,2468,2740,50.000000,off
1767081143771,2025-12-30 15:52:23.771,1037.329000,15.203430,23,16,2,-0.029920,0.007596,-0.048234,0.079712,0.227158,0.970581,-13.386890,1.637245,33.328670,0.479220,0.412526,-0.774696,0.000000,0.000000,0.000000,0.000000,0,0,2.754166,2.744720,0.010023,0.000000,-13.383930,1.641843,33.271670,349.149100,144.698100,5.742197,104.047200,98.172010,0.300000,1000.000000,0.900730,2468,2740,50.000000,off
1767081143783,2025-12-30 15:52:23.783,1037.340000,15.214660,23,16,2,-0.029920,0.007596,-0.048234,0.079712,0.227158,0.970581,-13.387220,1.637419,33.328240,0.472933,0.414105,-0.777711,0.000000,0.000000,0.000000,0.000000,0,0,2.754166,2.744720,0.010023,0.000000,-13.384680,1.642075,33.271220,349.046300,145.118100,5.689419,104.047200,98.172010,0.300000,1000.000000,0.900730,2468,2740,50.000000,off
1767081143794,2025-12-30 15:52:23.794,1037.351000,15.225770,23,16,2,-0.029768,0.007510,-0.048207,0.063583,0.211762,0.975235,-13.387720,1.637355,33.327690,0.484306,0.399207,-0.778493,0.000000,0.000000,0.000000,0.000000,0,0,2.727722,2.776947,0.010023,0.000000,-13.385410,1.642108,33.270780,348.993400,145.465700,5.666726,104.047200,98.172010,0.300000,1000.000000,0.900730,2468,2740,50.000000,off
1767081143805,2025-12-30 15:52:23.805,1037.362000,15.236760,23,16,2,-0.029629,0.007531,-0.048387,0.059555,0.206085,0.976715,-13.388230,1.637309,33.327370,0.484737,0.393906,-0.780935,0.000000,0.000000,0.000000,0.000000,0,0,2.699707,2.705368,0.645389,0.000000,-13.385990,1.642082,33.270380,348.971600,145.745400,5.668205,104.047200,98.172010,0.300000,1000.000000,0.900730,2468,2740,50.000000,off
1767081143816,2025-12-30 15:52:23.816,1037.373000,15.247860,23,16,2,-0.029629,0.007531,-0.048387,0.059555,0.206085,0.976715,-13.388490,1.637215,33.327010,0.481891,0.394020,-0.782636,0.000000,0.000000,0.000000,0.000000,0,0,2.699707,2.705368,0.645389,0.000000,-13.386460,1.641996,33.270010,348.964600,145.952800,5.671808,104.047200,98.172010,0.300000,1000.000000,0.900730,2468,2740,50.000000,off
1767081143827,2025-12-30 15:52:23.827,1037.385000,15.259090,23,16,2,-0.028917,0.007030,-0.047132,0.009811,0.177506,0.984055,-13.388590,1.636945,33.325170,0.526336,0.362217,-0.769245,0.000000,0.000000,0.000000,0.000000,0,0,2.697250,2.728287,165.219500,0.000000,-13.386810,1.641893,33.269680,348.993200,146.101500,5.693904,104.047200,98.172010,0.300000,1000.000000,0.900730,2468,2740,50.000000,off
1767081143838,2025-12-30 15:52:23.838,1037.396000,15.270200,23,16,2,-0.029768,0.007510,-0.048207,0.063583,0.211762,0.975235,-13.388630,1.636982,33.326350,0.474862,0.398762,-0.784515,0.000000,0.000000,0.000000,0.000000,0,0,2.727722,2.776947,656.847000,0.000000,-13.387040,1.641745,33.269420,349.024300,146.181900,5.733933,104.047200,98.172010,0.300000,1000.000000,0.900730,2468,2740,50.000000,off
1767081143849,2025-12-30 15:52:23.849,1037.407000,15.281310,23,16,2,-0.029629,0.007531,-0.048387,0.059555,0.206085,0.976715,-13.388950,1.636904,33.326130,0.478096,0.392812,-0.785566,0.000000,0.000000,0.000000,0.000000,0,0,2.699707,2.705368,0.641452,0.000000,-13.387240,1.641663,33.269120,349.043500,146.271300,5.759236,104.047200,98.172010,0.300000,1000.000000,0.900730,2468,2740,50.000000,off
1767081143860,2025-12-30 15:52:23.860,1037.418000,15.292300,23,16,2,-0.029629,0.007531,-0.048387,0.059555,0.206085,0.976715,-13.389010,1.636789,33.325840,0.478148,0.392372,-0.785754,0.000000,0.000000,0.000000,0.000000,0,0,2.699707,2.705368,0.641452,0.000000,-13.387310,1.641540,33.268830,349.072200,146.281800,5.788548,104.047200,98.172010,0.300000,1000.000000,0.900730,2468,2740,50.000000,off
1767081143871,2025-12-30 15:52:23.871,1037.429000,15.303530,23,16,2,-0.028105,0.007103,-0.047296,0.006500,0.181122,0.983429,-13.389750,1.636649,33.323790,0.526927,0.363383,-0.768298,0.000000,0.000000,0.000000,0.000000,0,0,2.657669,2.724167,10.450970,0.000000,-13.387380,1.641430,33.268570,349.110400,146.283000,5.793847,104.047200,98.172010,0.300000,1000.000000,0.900730,2468,2740,50.000000,off
1767081143883,2025-12-30 15:52:23.883,1037.440000,15.314510,23,16,2,-0.019438,0.007080,-0.046400,-0.022385,0.186798,0.982132,-13.396510,1.637644,33.318180,0.551173,0.365223,-0.750199,0.000000,0.000000,0.000000,0.000000,0,0,2.622101,2.742615,0.637576,0.000000,-13.387310,1.641388,33.268360,349.147400,146.226500,5.789589,104.047200,98.172010,0.300000,1000.000000,0.900730,2468,2740,50.000000,off
1767081143894,2025-12-30 15:52:23.894,1037.451000,15.325620,23,16,2,-0.005004,0.007517,-0.046351,-0.037613,0.184280,0.982147,-13.408520,1.639453,33.310270,0.564804,0.361155,-0.741991,0.000000,0.000000,0.000000,0.000000,0,0,2.778717,2.704468,0.010023,0.000000,-13.387200,1.641322,33.268170,349.155300,146.159700,5.761580,104.047200,98.172010,0.300000,1000.000000,0.900730,2468,2740,50.000000,off
1767081143904,2025-12-30 15:52:23.904,1037.462000,15.336730,23,16,2,-0.005004,0.007517,-0.046351,-0.037613,0.184280,0.982147,-13.408450,1.639421,33.310050,0.566068,0.360750,-0.741224,0.000000,0.000000,0.000000,0.000000,0,0,2.778717,2.704468,0.010023,0.000000,-13.387060,1.641267,33.267990,349.181300,146.065400,5.743654,104.047200,98.172010,0.300000,1000.000000,0.900730,2468,2740,50.000000,off
1767081143916,2025-12-30 15:52:23.916,1037.473000,15.347840,23,16,2,-0.008836,0.007404,-0.045815,-0.042145,0.167664,0.984940,-13.404810,1.638880,33.311500,0.573548,0.343802,-0.743529,0.000000,0.000000,0.000000,0.000000,0,0,2.652191,2.628754,2.581493,0.000000,-13.386820,1.641074,33.267870,349.229400,145.938600,5.743708,104.047200,98.172010,0.300000,1000.000000,0.900730,2468,2740,50.000000,off
1767081143927,2025-12-30 15:52:23.927,1037.484000,15.358950,23,16,2,-0.027608,0.007505,-0.047179,-0.084091,0.188416,0.978470,-13.389840,1.636758,33.322660,0.606589,0.357687,-0.709990,0.000000,0.000000,0.000000,0.000000,0,0,2.642624,2.599060,0.649219,0.000000,-13.386630,1.640909,33.267740,349.293300,145.797400,5.761583,104.047200,98.172010,0.300000,1000.000000,0.900730,2468,2740,50.000000,off
1767081143938,2025-12-30 15:52:23.938,1037.496000,15.370180,23,16,2,-0.027608,0.007505,-0.047179,-0.084091,0.188416,0.978470,-13.389730,1.636661,33.322530,0.608744,0.356583,-0.708699,0.000000,0.000000,0.000000,0.000000,0,0,2.642624,2.599060,0.649219,0.000000,-13.386380,1.640763,33.267600,349.360100,145.644900,5.774049,104.047200,98.172010,0.300000,1000.000000,0.900730,2468,2740,50.000000,off
1767081143949,2025-12-30 15:52:23.949,1037.507000,15.381160,23,16,2,-0.005004,0.007517,-0.046351,-0.037613,0.184280,0.982147,-13.407990,1.638985,33.309330,0.574440,0.356698,-0.736731,0.000000,0.000000,0.000000,0.000000,0,0,2.778717,2.704468,10.388230,0.000000,-13.386190,1.640635,33.267480,349.427000,145.495400,5.801517,104.047200,98.172010,0.300000,1000.000000,0.900730,2468,2740,50.000000,off
1767081143961,2025-12-30 15:52:23.961,1037.518000,15.392270,23,16,2,-0.008836,0.007404,-0.045815,-0.042145,0.167664,0.984940,-13.404380,1.638502,33.310820,0.582466,0.339204,-0.738693,0.000000,0.000000,0.000000,0.000000,0,0,2.652191,2.628754,0.040094,0.000000,-13.385950,1.640496,33.267360,349.502500,145.343900,5.868926,104.047200,98.172010,0.300000,1000.000000,0.900730,2468,2740,50.000000,off
1767081143972,2025-12-30 15:52:23.972,1037.529000,15.403380,23,16,2,-0.008836,0.007404,-0.045815,-0.042145,0.167664,0.984940,-13.404310,1.638391,33.310680,0.584551,0.338034,-0.737582,0.000000,0.000000,0.000000,0.000000,0,0,2.652191,2.628754,0.040094,0.000000,-13.385780,1.640340,33.267260,349.570300,145.210900,5.927491,104.047200,98.172010,0.300000,1000.000000,0.900730,2468,2740,50.000000,off
1767081143983,2025-12-30 15:52:23.983,1037.540000,15.414610,23,16,2,-0.026881,0.007520,-0.047122,-0.076965,0.191284,0.978500,-13.390020,1.636332,33.321600,0.611048,0.355183,-0.707419,0.000000,0.000000,0.000000,0.000000,0,0,2.678650,2.610031,0.040825,0.000000,-13.385580,1.640198,33.267140,349.643200,145.102500,5.970839,104.047200,98.172010,0.300000,1000.000000,0.900730,2468,2740,50.000000,off
1767081143994,2025-12-30 15:52:23.994,1037.551000,15.425600,23,16,2,-0.025594,0.007476,-0.046852,-0.095490,0.189697,0.977173,-13.390840,1.636373,33.320510,0.627102,0.350229,-0.695739,0.000000,0.000000,0.000000,0.000000,0,0,2.645370,2.746475,0.649310,0.000000,-13.385420,1.640059,33.267010,349.716400,145.012300,6.011876,104.047200,98.172010,0.300000,1000.000000,0.900730,2468,2740,50.000000,off
1767081144005,2025-12-30 15:52:24.005,1037.562000,15.436710,23,16,2,-0.005449,0.008071,-0.046801,-0.118149,0.205261,0.971542,-13.407330,1.638951,33.309260,0.643174,0.360871,-0.675341,0.000000,0.000000,0.000000,0.000000,0,0,2.653015,2.682770,0.649310,0.000000,-13.385260,1.639911,33.266860,349.790400,144.973800,6.035104,104.047200,98.172010,0.300000,1000.000000,0.900730,2468,2740,50.000000,off
1767081144016,2025-12-30 15:52:24.016,1037.573000,15.447810,23,16,2,-0.005449,0.008071,-0.046801,-0.118149,0.205261,0.971542,-13.407210,1.638833,33.309150,0.643829,0.359300,-0.675555,0.000000,0.000000,0.000000,0.000000,0,0,2.653015,2.682770,0.649310,0.000000,-13.385130,1.639715,33.266770,349.886400,144.950300,6.046113,104.047200,98.172010,0.300000,1000.000000,0.900730,2468,2740,50.000000,off
1767081144027,2025-12-30 15:52:24.027,1037.584000,15.458920,23,16,2,0.010692,0.008425,-0.046292,-0.131241,0.208084,0.969254,-13.420130,1.640834,33.299700,0.653240,0.358605,-0.666826,0.000000,0.000000,0.000000,0.000000,0,0,2.635361,2.562073,660.893600,0.000000,-13.385040,1.639519,33.266610,349.994800,144.984100,6.029537,104.047200,98.172010,0.300000,1000.000000,0.900730,2468,2740,50.000000,off
1767081144038,2025-12-30 15:52:24.038,1037.595000,15.470030,23,16,2,-0.009340,0.007978,-0.046930,-0.100891,0.207703,0.972961,-13.403820,1.638155,33.311080,0.629942,0.360149,-0.688069,0.000000,0.000000,0.000000,0.000000,0,0,2.680618,2.549164,41.556830,0.000000,-13.384940,1.639359,33.266410,350.113600,145.044000,6.005424,104.047200,98.172010,0.300000,1000.000000,0.900730,2468,2740,50.000000,off
1767081144049,2025-12-30 15:52:24.049,1037.607000,15.481140,23,16,2,-0.010518,0.007863,-0.046626,-0.095749,0.209549,0.973084,-13.402430,1.637835,33.311290,0.625211,0.361220,-0.691810,0.000000,0.000000,0.000000,0.000000,0,0,2.620316,2.649704,664.987600,0.000000,-13.384750,1.639151,33.266210,350.195100,145.109300,5.992382,104.047200,98.172010,0.300000,1000.000000,0.900730,2468,2740,50.000000,off
1767081144061,2025-12-30 15:52:24.061,1037.618000,15.492370,23,16,2,-0.010518,0.007863,-0.046626,-0.095749,0.209549,0.973084,-13.402250,1.637785,33.311080,0.623320,0.359962,-0.694169,0.000000,0.000000,0.000000,0.000000,0,0,2.620316,2.649704,664.987600,0.000000,-13.384700,1.639029,33.265950,350.276800,145.282300,5.961982,104.047200,98.172010,0.300000,1000.000000,0.900730,2468,2740,50.000000,off
1767081144071,2025-12-30 15:52:24.071,1037.629000,15.503360,23,16,2,0.010692,0.008425,-0.046292,-0.131241,0.208084,0.969254,-13.419540,1.640499,33.299050,0.648672,0.353162,-0.674149,0.000000,0.000000,0.000000,0.000000,0,0,2.635361,2.562073,0.637576,0.000000,-13.384720,1.638908,33.265680,350.348300,145.457200,5.935988,104.047200,98.172010,0.300000,1000.000000,0.900730,2468,2740,50.000000,off
1767081144083,2025-12-30 15:52:24.083,1037.640000,15.514470,23,16,2,-0.009340,0.007978,-0.046930,-0.100891,0.207703,0.972961,-13.403150,1.637858,33.310270,0.623412,0.355433,-0.696418,0.000000,0.000000,0.000000,0.000000,0,0,2.680618,2.549164,41.058790,0.000000,-13.384730,1.638792,33.265400,350.418700,145.648800,5.903939,104.047200,98.172010,0.300000,1000.000000,0.900730,2468,2740,50.000000,off
1767081144094,2025-12-30 15:52:24.094,1037.651000,15.525570,23,16,2,-0.009340,0.007978,-0.046930,-0.100891,0.207703,0.972961,-13.403020,1.637809,33.310030,0.620832,0.354318,-0.699285,0.000000,0.000000,0.000000,0.000000,0,0,2.680618,2.549164,41.058790,0.000000,-13.384770,1.638674,33.265090,350.492700,145.871900,5.864484,104.047200,98.172010,0.300000,1000.000000,0.900730,2468,2740,50.000000,off
1767081144104,2025-12-30 15:52:24.104,1037.662000,15.536680,23,16,2,-0.007238,0.008065,-0.046938,-0.091156,0.215195,0.972305,-13.404620,1.638083,33.308670,0.609099,0.361876,-0.705720,0.000000,0.000000,0.000000,0.000000,0,0,2.654922,2.628296,164.227300,0.000000,-13.384810,1.638608,33.264760,350.539500,146.134200,5.817852,104.047200,98.172010,0.300000,1000.000000,0.900730,2468,2740,50.000000,off
1767081144116,2025-12-30 15:52:24.116,1037.673000,15.547790,23,16,2,-0.000123,0.008388,-0.047171,-0.098175,0.203537,0.974121,-13.410670,1.638983,33.304830,0.612675,0.349252,-0.708964,0.000000,0.000000,0.000000,0.000000,0,0,2.622253,2.527054,0.645404,0.000000,-13.384970,1.638470,33.264400,350.595100,146.407700,5.757655,104.047200,98.172010,0.300000,1000.000000,0.900730,2468,2740,50.000000,off
1767081144127,2025-12-30 15:52:24.127,1037.684000,15.558900,23,16,2,-0.000123,0.008388,-0.047171,-0.098175,0.203537,0.974121,-13.410590,1.638980,33.304620,0.608200,0.348266,-0.713289,0.000000,0.000000,0.000000,0.000000,0,0,2.622253,2.527054,0.645404,0.000000,-13.385140,1.638407,33.264030,350.664400,146.770400,5.689502,104.047200,98.172010,0.300000,1000.000000,0.900730,2468,2740,50.000000,off
1767081144138,2025-12-30 15:52:24.138,1037.695000,15.570010,23,16,2,0.004212,0.008638,-0.047412,-0.110001,0.205338,0.972488,-13.414360,1.639534,33.302390,0.612139,0.347790,-0.710159,0.000000,0.000000,0.000000,0.000000,0,0,2.674454,2.490448,165.223400,0.000000,-13.385400,1.638284,33.263660,350.726200,147.181600,5.609663,104.047200,98.172010,0.300000,1000.000000,0.900730,2468,2740,50.000000,off
1767081144149,2025-12-30 15:52:24.149,1037.707000,15.581120,23,16,2,0.000181,0.008629,-0.047843,-0.109512,0.206650,0.972260,-13.411170,1.639015,33.304670,0.606038,0.347883,-0.715319,0.000000,0.000000,0.000000,0.000000,0,0,2.653091,2.554703,2.566113,0.000000,-13.385700,1.638160,33.263260,350.810000,147.633800,5.541445,104.047200,98.172010,0.300000,1000.000000,0.900730,2468,2740,50.000000,off
1767081144160,2025-12-30 15:52:24.160,1037.718000,15.592220,23,16,2,-0.011331,0.008326,-0.048206,-0.095459,0.198395,0.975449,-13.401580,1.637513,33.310590,0.588948,0.340390,-0.732972,0.000000,0.000000,0.000000,0.000000,0,0,2.749146,2.516159,165.235100,0.000000,-13.386140,1.638022,33.262820,350.895000,148.176400,5.463207,104.047200,98.172010,0.300000,1000.000000,0.900730,2468,2740,50.000000,off
1767081144171,2025-12-30 15:52:24.171,1037.729000,15.603330,23,16,2,-0.011331,0.008326,-0.048206,-0.095459,0.198395,0.975449,-13.401580,1.637478,33.310330,0.581667,0.338832,-0.739479,0.000000,0.000000,0.000000,0.000000,0,0,2.749146,2.516159,165.235100,0.000000,-13.386600,1.637883,33.262400,350.999900,148.750600,5.386447,104.047200,98.172010,0.300000,1000.000000,0.900730,2468,2740,50.000000,off
1767081144183,2025-12-30 15:52:24.183,1037.740000,15.615050,23,16,2,0.009364,0.008693,-0.046716,-0.134430,0.221314,0.965881,-13.418760,1.639931,33.298630,0.601498,0.354997,-0.715650,0.000000,0.000000,0.000000,0.000000,0,0,2.763718,2.589600,10573.800000,0.000000,-13.387210,1.637759,33.261940,351.095700,149.449100,5.281271,104.047200,98.172010,0.300000,1000.000000,0.900730,2468,2740,50.000000,off
1767081144193,2025-12-30 15:52:24.193,1037.751000,15.625550,23,16,2,0.000181,0.008629,-0.047843,-0.109512,0.206650,0.972260,-13.411550,1.638889,33.303860,0.573797,0.342738,-0.743823,0.000000,0.000000,0.000000,0.000000,0,0,2.653091,2.554703,2.565992,0.000000,-13.387890,1.637720,33.261400,351.175800,150.167800,5.184390,104.047200,98.172010,0.300000,1000.000000,0.900730,2468,2740,50.000000,off
1767081144205,2025-12-30 15:52:24.205,1037.762000,15.636660,23,16,2,0.000181,0.008629,-0.047843,-0.109512,0.206650,0.972260,-13.411710,1.638929,33.303680,0.562325,0.342008,-0.752866,0.000000,0.000000,0.000000,0.000000,0,0,2.653091,2.554703,2.565992,0.000000,-13.388680,1.637705,33.260880,351.238500,151.028500,5.052878,104.047200,98.172010,0.300000,1000.000000,0.900730,2468,2740,50.000000,off
1767081144216,2025-12-30 15:52:24.216,1037.773000,15.647770,23,16,2,-0.011331,0.008326,-0.048206,-0.095459,0.198395,0.975449,-13.402040,1.637672,33.309040,0.538491,0.334919,-0.773194,0.000000,0.000000,0.000000,0.000000,0,0,2.749146,2.516159,0.165273,0.000000,-13.389740,1.637739,33.260360,351.291300,151.986000,4.954842,104.047200,98.172010,0.300000,1000.000000,0.900730,2468,2740,50.000000,off
1767081144227,2025-12-30 15:52:24.227,1037.784000,15.658870,23,16,2,0.011428,0.008816,-0.046854,-0.129730,0.226013,0.965439,-13.422090,1.640418,33.297440,0.550811,0.357270,-0.754288,0.000000,0.000000,0.000000,0.000000,0,0,2.680862,2.664352,2.565930,0.000000,-13.390930,1.637838,33.259680,351.328300,153.009400,4.880383,104.047200,98.172010,0.300000,1000.000000,0.900730,2468,2740,50.000000,off
1767081144238,2025-12-30 15:52:24.238,1037.795000,15.669980,23,16,2,0.013382,0.009007,-0.047212,-0.150162,0.216812,0.964584,-13.424570,1.640734,33.296980,0.552717,0.346264,-0.758013,0.000000,0.000000,0.000000,0.000000,0,0,2.685837,2.746185,2.565930,0.000000,-13.392280,1.637854,33.259060,351.343500,154.210500,4.828875,104.047200,98.172010,0.300000,1000.000000,0.900730,2468,2740,50.000000,off
1767081144249,2025-12-30 15:52:24.249,1037.807000,15.681090,23,16,2,0.013382,0.009007,-0.047212,-0.150162,0.216812,0.964584,-13.425180,1.640773,33.297050,0.536597,0.345943,-0.769654,0.000000,0.000000,0.000000,0.000000,0,0,2.685837,2.746185,2.565930,0.000000,-13.393690,1.637878,33.258460,351.368700,155.417100,4.799683,104.047200,98.172010,0.300000,1000.000000,0.900730,2468,2740,50.000000,off
1767081144260,2025-12-30 15:52:24.260,1037.818000,15.692200,23,16,2,-0.009667,0.008223,-0.047469,-0.118530,0.220825,0.968079,-13.404790,1.638125,33.306110,0.490274,0.353013,-0.796871,0.000000,0.000000,0.000000,0.000000,0,0,2.769897,2.526962,0.000630,0.000000,-13.395360,1.637954,33.257880,351.366000,156.799400,4.828760,104.047200,98.172010,0.300000,1000.000000,0.900730,2468,2740,50.000000,off
1767081144271,2025-12-30 15:52:24.272,1037.829000,15.703310,23,16,2,-0.022708,0.008085,-0.048626,-0.149994,0.232773,0.960877,-13.393760,1.636749,33.311460,0.498046,0.361211,-0.788316,0.000000,0.000000,0.000000,0.000000,0,0,2.740601,2.706619,0.000039,0.000000,-13.397190,1.638017,33.257310,351.346100,158.177100,4.894384,104.047200,98.172010,0.300000,1000.000000,0.900730,2468,2740,50.000000,off
1767081144283,2025-12-30 15:52:24.283,1037.840000,15.714420,23,16,2,0.028834,0.009620,-0.046855,-0.140793,0.246231,0.958923,-13.442050,1.642949,33.292230,0.468521,0.375547,-0.799649,0.000000,0.000000,0.000000,0.000000,0,0,2.804413,2.678253,0.002521,0.000000,-13.399180,1.638089,33.256760,351.291500,159.680600,4.991848,104.047200,98.172010,0.300000,1000.000000,0.900730,2468,2740,50.000000,off
1767081144294,2025-12-30 15:52:24.294,1037.851000,15.725520,23,16,2,0.028834,0.009620,-0.046855,-0.140793,0.246231,0.958923,-13.443240,1.642973,33.292860,0.446638,0.376156,-0.811793,0.000000,0.000000,0.000000,0.000000,0,0,2.804413,2.678253,0.002521,0.000000,-13.401380,1.638112,33.256210,351.235700,161.256200,5.092063,104.047200,98.172010,0.300000,1000.000000,0.900730,2468,2740,50.000000,off
1767081144305,2025-12-30 15:52:24.305,1037.862000,15.736630,23,16,0,0.032379,0.011254,-0.051768,-0.010864,0.079041,0.996811,-13.449100,1.644183,33.297350,0.304508,0.229544,-0.924436,0.000000,0.000000,0.000000,0.000000,0,0,2.415634,2.406418,0.010083,0.000000,-13.403510,1.638150,33.255630,351.186800,162.825300,5.179608,104.047200,98.172010,0.300000,1000.000000,0.900730,2468,2740,50.000000,off
1767081144316,2025-12-30 15:52:24.316,1037.873000,15.747620,23,16,1,0.000000,0.000000,0.000000,0.000000,0.000000,1.000000,0.000000,0.000000,0.000000,0.000000,0.000000,0.000000,0.000000,0.000000,0.000000,0.000000,0,0,0.000000,0.000000,0.000000,0.000000,-13.406040,1.638224,33.255060,351.158800,164.555200,5.260262,104.047200,98.172010,0.300000,1000.000000,0.900730,2468,2740,50.000000,off
1767081144327,2025-12-30 15:52:24.327,1037.884000,15.758970,23,16,1,0.000000,0.000000,0.000000,0.000000,0.000000,1.000000,0.000000,0.000000,0.000000,0.000000,0.000000,0.000000,0.000000,0.000000,0.000000,0.000000,0,0,0.000000,0.000000,0.000000,0.000000,-13.408740,1.638257,33.254530,351.143600,166.343200,5.294760,104.047200,98.172010,0.300000,1000.000000,0.900730,2468,2740,50.000000,off
1767081144338,2025-12-30 15:52:24.338,1037.896000,15.770080,23,16,2,0.028834,0.009620,-0.046855,-0.140793,0.246231,0.958923,-13.448560,1.643108,33.295550,0.346359,0.377279,-0.858885,0.000000,0.000000,0.000000,0.000000,0,0,2.804413,2.678253,0.645327,0.000000,-13.411440,1.638242,33.254100,351.131100,168.167100,5.285505,104.047200,98.172010,0.300000,1000.000000,0.900730,2468,2740,50.000000,off
1767081144349,2025-12-30 15:52:24.349,1037.906000,15.781070,23,16,0,0.032379,0.011254,-0.051768,-0.010864,0.079041,0.996811,-13.454270,1.644210,33.300880,0.185704,0.230400,-0.955211,0.000000,0.000000,0.000000,0.000000,0,0,2.415634,2.406418,0.161343,0.000000,-13.414300,1.638221,33.253740,351.136300,170.056000,5.185184,104.047200,98.172010,0.300000,1000.000000,0.900730,2468,2740,50.000000,off
1767081144360,2025-12-30 15:52:24.360,1037.918000,15.792180,23,16,0,0.032386,0.011605,-0.064566,0.066360,-0.355866,0.932159,-13.457220,1.642518,33.314410,0.040439,-0.201277,-0.978682,0.000000,0.000000,0.000000,0.000000,0,0,1.973679,-1.000000,2.581555,0.000000,-13.417020,1.638209,33.253440,351.160200,171.930600,5.035846,104.047200,98.172010,0.300000,1000.000000,0.900730,2468,2740,50.000000,off
1767081144371,2025-12-30 15:52:24.371,1037.929000,15.803280,23,16,0,0.032386,0.011605,-0.064566,0.066360,-0.355866,0.932159,-13.458080,1.642356,33.315520,0.009091,-0.201638,-0.979400,0.000000,0.000000,0.000000,0.000000,0,0,1.973679,-1.000000,2.581555,0.000000,-13.419880,1.638177,33.253260,351.158100,173.849600,4.797799,104.047200,98.172010,0.300000,1000.000000,0.900730,2468,2740,50.000000,off
1767081144382,2025-12-30 15:52:24.382,1037.940000,15.814270,23,16,0,0.030349,0.009016,-0.044397,0.668167,0.196640,0.717529,-13.455490,1.642622,33.296410,-0.598640,0.356456,-0.717309,0.000000,0.000000,0.000000,0.000000,0,0,3.337448,2.164459,656.940600,0.000000,-13.422640,1.638176,33.253120,351.162400,175.728500,4.563295,104.047200,98.172010,0.300000,1000.000000,0.900730,2468,2740,50.000000,off
1767081144393,2025-12-30 15:52:24.393,1037.951000,15.825380,23,16,0,0.032379,0.011254,-0.051768,-0.010864,0.079041,0.996811,-13.459050,1.643641,33.305000,0.057114,0.230037,-0.971503,0.000000,0.000000,0.000000,0.000000,0,0,2.415634,2.406418,0.645434,0.000000,-13.425420,1.638105,33.253110,351.173600,177.620900,4.282608,104.047200,98.172010,0.300000,1000.000000,0.900730,2468,2740,50.000000,off
1767081144405,2025-12-30 15:52:24.405,1037.962000,15.836730,23,16,0,0.032379,0.011254,-0.051768,-0.010864,0.079041,0.996811,-13.460110,1.643430,33.306060,0.025964,0.229913,-0.972864,0.000000,0.000000,0.000000,0.000000,0,0,2.415634,2.406418,0.645434,0.000000,-13.428080,1.638024,33.253150,351.185200,179.435800,4.023243,104.047200,98.172010,0.300000,1000.000000,0.900730,2468,2740,50.000000,off
1767081144415,2025-12-30 15:52:24.415,1037.973000,15.847720,23,16,0,0.032386,0.011605,-0.064566,0.066360,-0.355866,0.932159,-13.460890,1.641625,33.319810,-0.109881,-0.204693,-0.972621,0.000000,0.000000,0.000000,0.000000,0,0,1.973679,-1.000000,40.559770,0.000000,-13.430710,1.637883,33.253270,351.244400,181.179000,3.807585,104.047200,98.172010,0.300000,1000.000000,0.900730,2468,2740,50.000000,off
1767081144427,2025-12-30 15:52:24.427,1037.984000,15.858830,23,16,0,0.030281,0.012252,-0.057039,0.516953,0.102310,0.849854,-13.459710,1.643014,33.313350,-0.549792,0.261758,-0.793202,0.000000,0.000000,0.000000,0.000000,0,0,2.643356,2.516190,42.306830,0.000000,-13.433230,1.637643,33.253430,351.311400,182.868100,3.640043,104.047200,98.172010,0.300000,1000.000000,0.900730,2468,2740,50.000000,off
1767081144438,2025-12-30 15:52:24.438,1037.995000,15.869810,23,16,0,0.030313,0.011045,-0.052428,0.652191,0.134872,0.745956,-13.460910,1.642237,33.309710,-0.695644,0.284955,-0.659450,0.000000,0.000000,0.000000,0.000000,0,0,3.160507,2.281860,42.306830,0.000000,-13.435580,1.637352,33.253810,351.368200,184.432900,3.548543,104.047200,98.172010,0.300000,1000.000000,0.900730,2468,2740,50.000000,off
1767081144449,2025-12-30 15:52:24.449,1038.007000,15.881160,23,16,0,0.030313,0.011045,-0.052428,0.652191,0.134872,0.745956,-13.461680,1.642032,33.310570,-0.712642,0.283420,-0.641724,0.000000,0.000000,0.000000,0.000000,0,0,3.160507,2.281860,42.306830,0.000000,-13.437800,1.637078,33.254060,351.460500,185.916300,3.513468,104.047200,98.172010,0.300000,1000.000000,0.900730,2468,2740,50.000000,off
1767081144460,2025-12-30 15:52:24.460,1038.017000,15.892030,23,16,2,-0.001417,0.007665,-0.044949,0.653809,0.181015,0.734665,-13.432130,1.637647,33.299500,-0.723753,0.326697,-0.607796,0.000000,0.000000,0.000000,0.000000,0,0,3.218796,3.498215,41.806820,0.000000,-13.439750,1.636769,33.254530,351.552900,187.243900,3.552291,104.047200,98.172010,0.300000,1000.000000,0.900730,2468,2740,50.000000,off
1767081144471,2025-12-30 15:52:24.471,1038.029000,15.903260,23,16,2,-0.031210,0.019739,-0.091890,0.367569,-0.125458,0.921478,-13.395830,1.640632,33.342640,-0.507191,0.033130,-0.861179,0.000000,0.000000,0.000000,0.000000,0,0,3.445908,1.569763,0.163308,0.000000,-13.441650,1.636455,33.254940,351.651100,188.469400,3.658425,104.047200,98.172010,0.300000,1000.000000,0.900730,2468,2740,50.000000,off
1767081144482,2025-12-30 15:52:24.482,1038.040000,15.914250,23,16,2,-0.030544,0.008224,-0.051428,0.707794,0.021606,0.706070,-13.404170,1.634891,33.301220,-0.810591,0.168732,-0.560755,0.000000,0.000000,0.000000,0.000000,0,0,3.449799,3.155243,0.641482,0.000000,-13.443440,1.636147,33.255370,351.725300,189.671100,3.747460,104.047200,98.172010,0.300000,1000.000000,0.900730,2468,2740,50.000000,off
1767081144493,2025-12-30 15:52:24.493,1038.051000,15.925350,23,16,2,-0.030544,0.008224,-0.051428,0.707794,0.021606,0.706070,-13.404990,1.634606,33.300930,-0.820979,0.169250,-0.545273,0.000000,0.000000,0.000000,0.000000,0,0,3.449799,3.155243,0.641482,0.000000,-13.445140,1.635848,33.255860,351.823200,190.763500,3.886720,104.047200,98.172010,0.300000,1000.000000,0.900730,2468,2740,50.000000,off
1767081144504,2025-12-30 15:52:24.504,1038.062000,15.936460,23,16,2,-0.001417,0.007665,-0.044949,0.653809,0.181015,0.734665,-13.435550,1.636755,33.300620,-0.768502,0.327034,-0.549925,0.000000,0.000000,0.000000,0.000000,0,0,3.218796,3.498215,2.565991,0.000000,-13.446780,1.635591,33.256420,351.930400,191.816600,3.996593,104.047200,98.172010,0.300000,1000.000000,0.900730,2468,2740,50.000000,off
1767081144516,2025-12-30 15:52:24.516,1038.073000,15.947690,23,16,2,-0.031210,0.019739,-0.091890,0.367569,-0.125458,0.921478,-13.395720,1.639886,33.340600,-0.572885,0.030605,-0.819045,0.000000,0.000000,0.000000,0.000000,0,0,3.445908,1.569763,165.223400,0.000000,-13.448280,1.635418,33.256790,351.963600,192.904000,4.048470,104.047200,98.172010,0.300000,1000.000000,0.900730,2468,2740,50.000000,off
1767081144527,2025-12-30 15:52:24.527,1038.084000,15.958800,23,16,2,-0.031210,0.019739,-0.091890,0.367569,-0.125458,0.921478,-13.395680,1.639881,33.339800,-0.588545,0.030935,-0.807854,0.000000,0.000000,0.000000,0.000000,0,0,3.445908,1.569763,165.223400,0.000000,-13.449850,1.635444,33.257020,351.955100,194.004000,4.078271,104.047200,98.172010,0.300000,1000.000000,0.900730,2468,2740,50.000000,off
1767081144538,2025-12-30 15:52:24.538,1038.095000,15.969910,23,16,2,-0.031149,0.008061,-0.050732,0.685944,0.033249,0.726883,-13.407600,1.634255,33.298500,-0.842997,0.182296,-0.506070,0.000000,0.000000,0.000000,0.000000,0,0,3.339905,3.124817,0.653232,0.000000,-13.451440,1.635573,33.257460,351.915600,195.107000,3.988233,104.047200,98.172010,0.300000,1000.000000,0.900730,2468,2740,50.000000,off
1767081144549,2025-12-30 15:52:24.549,1038.107000,15.981140,23,16,2,-0.031055,0.008742,-0.052695,0.604172,0.029449,0.796295,-13.407790,1.634858,33.299980,-0.794741,0.182158,-0.578949,0.000000,0.000000,0.000000,0.000000,0,0,3.452393,2.876862,0.161355,0.000000,-13.452970,1.635760,33.257840,351.851300,196.261700,3.854374,104.047200,98.172010,0.300000,1000.000000,0.900730,2468,2740,50.000000,off
1767081144560,2025-12-30 15:52:24.560,1038.118000,15.992130,23,16,2,-0.028474,0.007505,-0.047682,0.620483,0.075546,0.780548,-13.412470,1.634788,33.295510,-0.812468,0.225465,-0.537610,0.000000,0.000000,0.000000,0.000000,0,0,3.301453,2.982773,0.040094,0.000000,-13.454390,1.636005,33.258330,351.726400,197.400200,3.597880,104.047200,98.172010,0.300000,1000.000000,0.900730,2468,2740,50.000000,off
1767081144571,2025-12-30 15:52:24.571,1038.129000,16.003110,23,16,2,-0.028474,0.007505,-0.047682,0.620483,0.075546,0.780548,-13.413250,1.635068,33.295130,-0.823396,0.224316,-0.521215,0.000000,0.000000,0.000000,0.000000,0,0,3.301453,2.982773,0.040094,0.000000,-13.455880,1.636249,33.258790,351.647300,198.540500,3.391220,104.047200,98.172010,0.300000,1000.000000,0.900730,2468,2740,50.000000,off
1767081144583,2025-12-30 15:52:24.583,1038.140000,16.014340,23,16,2,-0.030972,0.008595,-0.051263,0.439407,0.050400,0.896866,-13.410360,1.635697,33.297430,-0.705457,0.205810,-0.678204,0.000000,0.000000,0.000000,0.000000,0,0,3.012711,2.788437,0.641528,0.000000,-13.457330,1.636440,33.259290,351.499600,199.667500,3.095243,104.047200,98.172010,0.300000,1000.000000,0.900730,2468,2740,50.000000,off
1767081144594,2025-12-30 15:52:24.594,1038.151000,16.025330,23,16,2,-0.031055,0.008742,-0.052695,0.604172,0.029449,0.796295,-13.410550,1.635882,33.298540,-0.839147,0.177895,-0.513968,0.000000,0.000000,0.000000,0.000000,0,0,3.452393,2.876862,0.645465,0.000000,-13.458830,1.636654,33.260000,351.415200,200.800500,2.873260,104.047200,98.172010,0.300000,1000.000000,0.900730,2468,2740,50.000000,off
1767081144604,2025-12-30 15:52:24.604,1038.162000,16.036440,23,16,2,-0.031055,0.008742,-0.052695,0.604172,0.029449,0.796295,-13.411440,1.636118,33.298310,-0.849571,0.176970,-0.496877,0.000000,0.000000,0.000000,0.000000,0,0,3.452393,2.876862,0.645465,0.000000,-13.460470,1.636864,33.260720,351.317200,201.957100,2.656105,104.047200,98.172010,0.300000,1000.000000,0.900730,2468,2740,50.000000,off
1767081144615,2025-12-30 15:52:24.615,1038.173000,16.047550,23,16,2,-0.028474,0.007505,-0.047682,0.620483,0.075546,0.780548,-13.416610,1.635925,33.294570,-0.863902,0.220283,-0.452892,0.000000,0.000000,0.000000,0.000000,0,0,3.301453,2.982773,656.971800,0.000000,-13.461950,1.637010,33.261650,351.223300,203.124700,2.485520,104.047200,98.172010,0.300000,1000.000000,0.900730,2468,2740,50.000000,off
1767081144627,2025-12-30 15:52:24.627,1038.184000,16.058650,23,16,2,-0.031071,0.008373,-0.050538,0.425446,0.034866,0.904297,-13.413930,1.636380,33.296230,-0.750769,0.191076,-0.632304,0.000000,0.000000,0.000000,0.000000,0,0,2.995956,2.905411,42809.190000,0.000000,-13.463560,1.637165,33.262660,351.131800,204.325500,2.351531,104.047200,98.172010,0.300000,1000.000000,0.900730,2468,2740,50.000000,off
1767081144638,2025-12-30 15:52:24.638,1038.195000,16.069760,23,16,2,-0.031071,0.008373,-0.050538,0.425446,0.034866,0.904297,-13.414820,1.636559,33.296250,-0.763750,0.192301,-0.616181,0.000000,0.000000,0.000000,0.000000,0,0,2.995956,2.905411,42809.190000,0.000000,-13.465130,1.637404,33.263710,351.014000,205.522400,2.270067,104.047200,98.172010,0.300000,1000.000000,0.900730,2468,2740,50.000000,off
1767081144649,2025-12-30 15:52:24.649,1038.206000,16.080990,23,16,2,-0.030648,0.008511,-0.051159,0.393448,0.058380,0.917481,-13.415730,1.636789,33.296890,-0.751299,0.217572,-0.623051,0.000000,0.000000,0.000000,0.000000,0,0,3.056885,2.830765,10574.300000,0.000000,-13.466610,1.637642,33.264660,350.906000,206.721200,2.206161,104.047200,98.172010,0.300000,1000.000000,0.900730,2468,2740,50.000000,off
1767081144661,2025-12-30 15:52:24.661,1038.218000,16.092710,23,16,2,-0.028373,0.007975,-0.049208,0.363953,0.073563,0.928497,-13.419410,1.636672,33.296450,-0.741167,0.234617,-0.628973,0.000000,0.000000,0.000000,0.000000,0,0,3.039063,2.831573,41.554890,0.000000,-13.467980,1.637732,33.265950,350.797200,207.886400,2.162977,104.047200,98.172010,0.300000,1000.000000,0.900730,2468,2740,50.000000,off
1767081144671,2025-12-30 15:52:24.671,1038.229000,16.103090,23,16,2,-0.019804,0.008065,-0.048722,0.321655,0.071747,0.944122,-13.427940,1.637305,33.300300,-0.724292,0.235027,-0.648182,0.000000,0.000000,0.000000,0.000000,0,0,2.945984,2.816055,41.554890,0.000000,-13.469410,1.637946,33.266980,350.698000,209.027100,2.106237,104.047200,98.172010,0.300000,1000.000000,0.900730,2468,2740,50.000000,off
1767081144682,2025-12-30 15:52:24.682,1038.240000,16.114200,23,16,2,-0.019804,0.008065,-0.048722,0.321655,0.071747,0.944122,-13.428600,1.637453,33.300570,-0.736409,0.236143,-0.633968,0.000000,0.000000,0.000000,0.000000,0,0,2.945984,2.816055,41.554890,0.000000,-13.470690,1.638150,33.268030,350.606800,210.116900,2.043213,104.047200,98.172010,0.300000,1000.000000,0.900730,2468,2740,50.000000,off
1767081144693,2025-12-30 15:52:24.693,1038.251000,16.125310,23,16,2,-0.021174,0.007970,-0.048626,0.273346,0.063629,0.959793,-13.428060,1.637538,33.299940,-0.715290,0.230238,-0.659789,0.000000,0.000000,0.000000,0.000000,0,0,3.020813,2.812210,41.304880,0.000000,-13.471830,1.638417,33.268960,350.509800,211.141600,1.969641,104.047200,98.172010,0.300000,1000.000000,0.900730,2468,2740,50.000000,off
1767081144705,2025-12-30 15:52:24.705,1038.262000,16.136540,23,16,2,-0.026373,0.007652,-0.047575,0.190704,0.085114,0.977936,-13.424790,1.637508,33.296440,-0.663400,0.253200,-0.704103,0.000000,0.000000,0.000000,0.000000,0,0,2.971313,2.934570,664.862600,0.000000,-13.472870,1.638759,33.269890,350.397200,212.101300,1.886348,104.047200,98.172010,0.300000,1000.000000,0.900730,2468,2740,50.000000,off
1767081144716,2025-12-30 15:52:24.716,1038.273000,16.147520,23,16,2,-0.019804,0.008065,-0.048722,0.321655,0.071747,0.944122,-13.430000,1.638092,33.301320,-0.766500,0.240212,-0.595611,0.000000,0.000000,0.000000,0.000000,0,0,2.945984,2.816055,0.166234,0.000000,-13.473630,1.638995,33.270870,350.269100,212.950300,1.799511,104.047200,98.172010,0.300000,1000.000000,0.900730,2468,2740,50.000000,off
1767081144727,2025-12-30 15:52:24.727,1038.284000,16.159000,23,16,2,-0.019804,0.008065,-0.048722,0.321655,0.071747,0.944122,-13.430410,1.638298,33.301470,-0.774222,0.241987,-0.584806,0.000000,0.000000,0.000000,0.000000,0,0,2.945984,2.816055,0.166234,0.000000,-13.474430,1.639293,33.271600,350.133900,213.718600,1.729018,104.047200,98.172010,0.300000,1000.000000,0.900730,2468,2740,50.000000,off
1767081144737,2025-12-30 15:52:24.737,1038.295000,16.169740,23,16,2,-0.021174,0.007970,-0.048626,0.273346,0.063629,0.959793,-13.429510,1.638316,33.300870,-0.751221,0.236929,-0.616037,0.000000,0.000000,0.000000,0.000000,0,0,3.020813,2.812210,10.200970,0.000000,-13.474950,1.639504,33.272400,349.999300,214.422400,1.620632,104.047200,98.172010,0.300000,1000.000000,0.900730,2468,2740,50.000000,off
1767081144748,2025-12-30 15:52:24.748,1038.306000,16.180850,23,16,2,-0.014510,0.008348,-0.048191,0.202057,0.129761,0.970734,-13.435360,1.639128,33.304430,-0.697416,0.303595,-0.649176,0.000000,0.000000,0.000000,0.000000,0,0,3.046921,2.988373,2.534741,0.000000,-13.475450,1.639764,33.272900,349.880600,215.027000,1.538992,104.047200,98.172010,0.300000,1000.000000,0.900730,2468,2740,50.000000,off
1767081144760,2025-12-30 15:52:24.760,1038.317000,16.191960,23,16,2,-0.014510,0.008348,-0.048191,0.202057,0.129761,0.970734,-13.435280,1.639242,33.304660,-0.702934,0.304633,-0.642707,0.000000,0.000000,0.000000,0.000000,0,0,3.046921,2.988373,2.534741,0.000000,-13.475640,1.639925,33.273460,349.798800,215.521300,1.453081,104.047200,98.172010,0.300000,1000.000000,0.900730,2468,2740,50.000000,off
1767081144771,2025-12-30 15:52:24.771,1038.328000,16.203060,23,16,2,0.020178,0.009260,-0.046717,0.118790,0.255661,0.959427,-13.463880,1.641290,33.324160,-0.617705,0.425039,-0.661631,0.000000,0.000000,0.000000,0.000000,0,0,3.072876,3.007736,0.645343,0.000000,-13.475690,1.640006,33.273820,349.753100,215.893700,1.400771,104.047200,98.172010,0.300000,1000.000000,0.900730,2468,2740,50.000000,off
1767081144783,2025-12-30 15:52:24.783,1038.340000,16.214290,23,16,2,0.025422,0.009452,-0.046370,0.059418,0.276352,0.959213,-13.467930,1.641617,33.327450,-0.570583,0.444374,-0.690622,0.000000,0.000000,0.000000,0.000000,0,0,3.083008,2.888519,656.815400,0.000000,-13.475600,1.639989,33.274310,349.723300,216.187800,1.380202,104.047200,98.172010,0.300000,1000.000000,0.900730,2468,2740,50.000000,off
1767081144793,2025-12-30 15:52:24.794,1038.351000,16.225280,23,16,2,0.025422,0.009452,-0.046370,0.059418,0.276352,0.959213,-13.467700,1.641588,33.327610,-0.572109,0.444572,-0.689230,0.000000,0.000000,0.000000,0.000000,0,0,3.083008,2.888519,656.815400,0.000000,-13.475500,1.639957,33.274490,349.712200,216.328000,1.408203,104.047200,98.172010,0.300000,1000.000000,0.900730,2468,2740,50.000000,off
1767081144804,2025-12-30 15:52:24.804,1038.362000,16.236390,23,16,2,0.005743,0.008895,-0.046420,0.025543,0.262360,0.964615,-13.451750,1.640505,33.315990,-0.550721,0.431055,-0.714748,0.000000,0.000000,0.000000,0.000000,0,0,3.115326,2.927826,41.304880,0.000000,-13.475380,1.639908,33.274670,349.706700,216.414500,1.449512,104.047200,98.172010,0.300000,1000.000000,0.900730,2468,2740,50.000000,off
1767081144815,2025-12-30 15:52:24.815,1038.373000,16.247500,23,16,2,-0.019244,0.008186,-0.046794,0.013763,0.230774,0.972900,-13.431150,1.639017,33.301460,-0.549299,0.401172,-0.733016,0.000000,0.000000,0.000000,0.000000,0,0,3.007889,3.039230,0.637561,0.000000,-13.474930,1.639828,33.274810,349.707400,216.368100,1.516523,104.047200,98.172010,0.300000,1000.000000,0.900730,2468,2740,50.000000,off
1767081144826,2025-12-30 15:52:24.826,1038.384000,16.258610,23,16,2,-0.026759,0.007496,-0.045397,-0.028839,0.212662,0.976685,-13.425720,1.638435,33.295750,-0.518121,0.382633,-0.764927,0.000000,0.000000,0.000000,0.000000,0,0,3.128952,2.985611,2.565869,0.000000,-13.474590,1.639893,33.274720,349.722800,216.265900,1.590012,104.047200,98.172010,0.300000,1000.000000,0.900730,2468,2740,50.000000,off
1767081144838,2025-12-30 15:52:24.838,1038.395000,16.269710,23,16,2,-0.026759,0.007496,-0.045397,-0.028839,0.212662,0.976685,-13.425250,1.638437,33.295850,-0.516742,0.382715,-0.765818,0.000000,0.000000,0.000000,0.000000,0,0,3.128952,2.985611,2.565869,0.000000,-13.474090,1.639920,33.274730,349.716000,216.174400,1.634563,104.047200,98.172010,0.300000,1000.000000,0.900730,2468,2740,50.000000,off
1767081144849,2025-12-30 15:52:24.849,1038.406000,16.280820,23,16,2,0.005743,0.008895,-0.046420,0.025543,0.262360,0.964615,-13.450290,1.640678,33.315890,-0.545215,0.431286,-0.718818,0.000000,0.000000,0.000000,0.000000,0,0,3.115326,2.927826,0.161359,0.000000,-13.473670,1.640071,33.274420,349.695800,216.035400,1.640937,104.047200,98.172010,0.300000,1000.000000,0.900730,2468,2740,50.000000,off
1767081144860,2025-12-30 15:52:24.860,1038.417000,16.291930,23,16,2,-0.019244,0.008186,-0.046794,0.013763,0.230774,0.972900,-13.429580,1.639282,33.301250,-0.542350,0.401897,-0.737778,0.000000,0.000000,0.000000,0.000000,0,0,3.007889,3.039230,0.641482,0.000000,-13.473130,1.640160,33.274240,349.662800,215.864700,1.609229,104.047200,98.172010,0.300000,1000.000000,0.900730,2468,2740,50.000000,off
1767081144871,2025-12-30 15:52:24.871,1038.429000,16.303160,23,16,2,-0.023780,0.007826,-0.046012,-0.048172,0.231293,0.971680,-13.425950,1.639045,33.297790,-0.489348,0.400879,-0.774476,0.000000,0.000000,0.000000,0.000000,0,0,3.053635,2.980743,2.597301,0.000000,-13.472590,1.640275,33.273990,349.638600,215.702000,1.591882,104.047200,98.172010,0.300000,1000.000000,0.900730,2468,2740,50.000000,off
1767081144882,2025-12-30 15:52:24.882,1038.440000,16.314150,23,16,2,-0.023780,0.007826,-0.046012,-0.048172,0.231293,0.971680,-13.425650,1.639094,33.297660,-0.486854,0.401159,-0.775901,0.000000,0.000000,0.000000,0.000000,0,0,3.053635,2.980743,2.597301,0.000000,-13.472220,1.640327,33.273700,349.622500,215.517100,1.568590,104.047200,98.172010,0.300000,1000.000000,0.900730,2468,2740,50.000000,off
1767081144893,2025-12-30 15:52:24.893,1038.451000,16.325130,23,16,2,-0.009900,0.008647,-0.046940,-0.188660,0.260193,0.946930,-13.435800,1.640012,33.306630,-0.352800,0.421530,-0.835352,0.000000,0.000000,0.000000,0.000000,0,0,3.082916,2.935699,2.597301,0.000000,-13.471650,1.640236,33.273610,349.613500,215.355300,1.551656,104.047200,98.172010,0.300000,1000.000000,0.900730,2468,2740,50.000000,off
1767081144904,2025-12-30 15:52:24.904,1038.462000,16.336360,23,16,2,-0.020849,0.008404,-0.047391,-0.221787,0.249741,0.942551,-13.426300,1.639458,33.300480,-0.322275,0.409511,-0.853464,0.000000,0.000000,0.000000,0.000000,0,0,3.088852,3.083115,0.641452,0.000000,-13.471190,1.640289,33.273370,349.618400,215.189800,1.550142,104.047200,98.172010,0.300000,1000.000000,0.900730,2468,2740,50.000000,off
1767081144915,2025-12-30 15:52:24.915,1038.473000,16.347470,23,16,2,-0.020849,0.008404,-0.047391,-0.221787,0.249741,0.942551,-13.425800,1.639419,33.300500,-0.319770,0.409710,-0.854310,0.000000,0.000000,0.000000,0.000000,0,0,3.088852,3.083115,0.641452,0.000000,-13.470620,1.640268,33.273270,349.602500,215.028500,1.561784,104.047200,98.172010,0.300000,1000.000000,0.900730,2468,2740,50.000000,off
1767081144926,2025-12-30 15:52:24.926,1038.484000,16.358460,23,16,2,-0.004466,0.008948,-0.047575,-0.246079,0.257217,0.934479,-13.438610,1.640438,33.310060,-0.291892,0.415069,-0.861675,0.000000,0.000000,0.000000,0.000000,0,0,2.984116,2.862030,0.159383,0.000000,-13.470140,1.640357,33.273050,349.591100,214.863800,1.575350,104.047200,98.172010,0.300000,1000.000000,0.900730,2468,2740,50.000000,off
1767081144937,2025-12-30 15:52:24.937,1038.495000,16.369690,23,16,2,-0.009900,0.008647,-0.046940,-0.188660,0.260193,0.946930,-13.434020,1.640084,33.306410,-0.342263,0.422309,-0.839333,0.000000,0.000000,0.000000,0.000000,0,0,3.082916,2.935699,0.162324,0.000000,-13.469480,1.640369,33.272960,349.551800,214.663800,1.603637,104.047200,98.172010,0.300000,1000.000000,0.900730,2468,2740,50.000000,off
1767081144949,2025-12-30 15:52:24.949,1038.506000,16.380680,23,16,2,-0.020849,0.008404,-0.047391,-0.221787,0.249741,0.942551,-13.424410,1.639515,33.300410,-0.310448,0.410932,-0.857157,0.000000,0.000000,0.000000,0.000000,0,0,3.088852,3.083115,0.637546,0.000000,-13.468960,1.640473,33.272740,349.504200,214.446600,1.636598,104.047200,98.172010,0.300000,1000.000000,0.900730,2468,2740,50.000000,off
1767081144960,2025-12-30 15:52:24.960,1038.517000,16.391910,23,16,2,-0.020849,0.008404,-0.047391,-0.221787,0.249741,0.942551,-13.423840,1.639515,33.300470,-0.306853,0.411785,-0.858042,0.000000,0.000000,0.000000,0.000000,0,0,3.088852,3.083115,0.637546,0.000000,-13.468280,1.640538,33.272630,349.440800,214.230000,1.668039,104.047200,98.172010,0.300000,1000.000000,0.900730,2468,2740,50.000000,off
1767081144971,2025-12-30 15:52:24.971,1038.528000,16.402890,23,16,2,0.009055,0.009395,-0.047450,-0.268372,0.263199,0.926651,-13.447930,1.641480,33.317390,-0.254054,0.421526,-0.870489,0.000000,0.000000,0.000000,0.000000,0,0,2.975662,2.845764,0.633639,0.000000,-13.467730,1.640732,33.272350,349.375200,213.998700,1.715634,104.047200,98.172010,0.300000,1000.000000,0.900730,2468,2740,50.000000,off
1767081144982,2025-12-30 15:52:24.982,1038.540000,16.414120,23,16,2,0.027443,0.010154,-0.047921,-0.283646,0.267441,0.920868,-13.462340,1.642850,33.327950,-0.233597,0.424873,-0.874582,0.000000,0.000000,0.000000,0.000000,0,0,2.919830,2.661041,0.161351,0.000000,-13.467090,1.640937,33.272030,349.318900,213.749800,1.745273,104.047200,98.172010,0.300000,1000.000000,0.900730,2468,2740,50.000000,off
1767081144993,2025-12-30 15:52:24.993,1038.551000,16.425110,23,16,2,0.027443,0.010154,-0.047921,-0.283646,0.267441,0.920868,-13.461780,1.642891,33.327790,-0.228318,0.425731,-0.875558,0.000000,0.000000,0.000000,0.000000,0,0,2.919830,2.661041,0.161351,0.000000,-13.466230,1.641017,33.271850,349.241000,213.438000,1.806417,104.047200,98.172010,0.300000,1000.000000,0.900730,2468,2740,50.000000,off
1767081145004,2025-12-30 15:52:25.004,1038.562000,16.436340,23,16,2,0.014037,0.009480,-0.047339,-0.257904,0.259903,0.930542,-13.450580,1.642052,33.319490,-0.250358,0.421407,-0.871614,0.000000,0.000000,0.000000,0.000000,0,0,2.942413,2.835022,10.388480,0.000000,-13.465500,1.641174,33.271480,349.187200,213.102400,1.880924,104.047200,98.172010,0.300000,1000.000000,0.900730,2468,2740,50.000000,off
1767081145015,2025-12-30 15:52:25.015,1038.573000,16.447330,23,16,2,0.021274,0.009669,-0.047021,-0.267365,0.254410,0.929398,-13.456040,1.642565,33.323030,-0.235868,0.416018,-0.878228,0.000000,0.000000,0.000000,0.000000,0,0,2.862213,2.752716,0.649265,0.000000,-13.464440,1.641227,33.271220,349.120000,212.703200,1.984989,104.047200,98.172010,0.300000,1000.000000,0.900730,2468,2740,50.000000,off
1767081145026,2025-12-30 15:52:25.026,1038.584000,16.458440,23,16,2,0.000478,0.008776,-0.046692,-0.218079,0.267304,0.938599,-13.438180,1.641162,33.311010,-0.272877,0.432812,-0.859180,0.000000,0.000000,0.000000,0.000000,0,0,2.862030,2.817749,0.159394,0.000000,-13.463400,1.641407,33.270740,349.046600,212.248000,2.085350,104.047200,98.172010,0.300000,1000.000000,0.900730,2468,2740,50.000000,off
1767081145037,2025-12-30 15:52:25.037,1038.595000,16.469670,23,16,2,0.000478,0.008776,-0.046692,-0.218079,0.267304,0.938599,-13.437410,1.641269,33.310870,-0.265444,0.433924,-0.860945,0.000000,0.000000,0.000000,0.000000,0,0,2.862030,2.817749,0.159394,0.000000,-13.462320,1.641592,33.270410,348.952500,211.796800,2.167532,104.047200,98.172010,0.300000,1000.000000,0.900730,2468,2740,50.000000,off
1767081145048,2025-12-30 15:52:25.048,1038.606000,16.480770,23,16,2,0.014037,0.009480,-0.047339,-0.257904,0.259903,0.930542,-13.447780,1.642589,33.318390,-0.220917,0.425176,-0.877721,0.000000,0.000000,0.000000,0.000000,0,0,2.942413,2.835022,10.263230,0.000000,-13.461280,1.641929,33.269970,348.828300,211.342900,2.242445,104.047200,98.172010,0.300000,1000.000000,0.900730,2468,2740,50.000000,off
1767081145060,2025-12-30 15:52:25.060,1038.617000,16.491880,23,16,2,0.021274,0.009669,-0.047021,-0.267365,0.254410,0.929398,-13.453360,1.643283,33.321710,-0.205318,0.420899,-0.883559,0.000000,0.000000,0.000000,0.000000,0,0,2.862213,2.752716,0.157437,0.000000,-13.460190,1.642185,33.269660,348.687400,210.895500,2.333292,104.047200,98.172010,0.300000,1000.000000,0.900730,2468,2740,50.000000,off
1767081145071,2025-12-30 15:52:25.071,1038.628000,16.502870,23,16,2,0.021274,0.009669,-0.047021,-0.267365,0.254410,0.929398,-13.452770,1.643560,33.321290,-0.197809,0.421922,-0.884783,0.000000,0.000000,0.000000,0.000000,0,0,2.862213,2.752716,0.157437,0.000000,-13.459230,1.642509,33.269190,348.584900,210.456300,2.442930,104.047200,98.172010,0.300000,1000.000000,0.900730,2468,2740,50.000000,off
1767081145082,2025-12-30 15:52:25.082,1038.640000,16.514100,23,16,2,-0.008634,0.008397,-0.046627,-0.197327,0.256867,0.946075,-13.426790,1.641303,33.305200,-0.258493,0.432003,-0.864021,0.000000,0.000000,0.000000,0.000000,0,0,2.912125,2.711472,2.566113,0.000000,-13.458240,1.642781,33.268760,348.467500,210.024400,2.541470,104.047200,98.172010,0.300000,1000.000000,0.900730,2468,2740,50.000000,off
1767081145093,2025-12-30 15:52:25.093,1038.651000,16.525090,23,16,2,-0.013389,0.008426,-0.047369,-0.186646,0.249420,0.950226,-13.421480,1.641108,33.303290,-0.264137,0.427222,-0.864690,0.000000,0.000000,0.000000,0.000000,0,0,2.881317,2.716293,0.645404,0.000000,-13.457160,1.643016,33.268390,348.368400,209.630400,2.633895,104.047200,98.172010,0.300000,1000.000000,0.900730,2468,2740,50.000000,off
1767081145104,2025-12-30 15:52:25.104,1038.662000,16.536190,23,16,2,-0.007777,0.008641,-0.047312,-0.185516,0.233734,0.954422,-13.425520,1.641765,33.305930,-0.262707,0.413850,-0.871598,0.000000,0.000000,0.000000,0.000000,0,0,2.888901,2.677338,0.645404,0.000000,-13.456100,1.643284,33.268030,348.280800,209.231900,2.717408,104.047200,98.172010,0.300000,1000.000000,0.900730,2468,2740,50.000000,off
1767081145115,2025-12-30 15:52:25.115,1038.673000,16.547300,23,16,2,-0.007777,0.008641,-0.047312,-0.185516,0.233734,0.954422,-13.424870,1.641973,33.305740,-0.257172,0.415001,-0.872701,0.000000,0.000000,0.000000,0.000000,0,0,2.888901,2.677338,0.645404,0.000000,-13.455240,1.643581,33.267680,348.188700,208.906300,2.800264,104.047200,98.172010,0.300000,1000.000000,0.900730,2468,2740,50.000000,off
1767081145126,2025-12-30 15:52:25.126,1038.684000,16.558410,23,16,2,-0.004325,0.008679,-0.046906,-0.189453,0.236603,0.952942,-13.427510,1.642494,33.306840,-0.247867,0.418388,-0.873777,0.000000,0.000000,0.000000,0.000000,0,0,2.876266,2.748184,0.645358,0.000000,-13.454500,1.643887,33.267300,348.108800,208.621000,2.847240,104.047200,98.172010,0.300000,1000.000000,0.900730,2468,2740,50.000000,off
1767081145137,2025-12-30 15:52:25.137,1038.695000,16.569520,23,16,2,-0.013654,0.008599,-0.047933,-0.153748,0.228531,0.961304,-13.418290,1.641889,33.303040,-0.279546,0.415185,-0.865705,0.000000,0.000000,0.000000,0.000000,0,0,2.806961,2.590042,41.305840,0.000000,-13.453730,1.644120,33.267020,348.017500,208.357300,2.917687,104.047200,98.172010,0.300000,1000.000000,0.900730,2468,2740,50.000000,off
1767081145149,2025-12-30 15:52:25.149,1038.706000,16.580630,23,16,2,-0.013654,0.008599,-0.047933,-0.153748,0.228531,0.961304,-13.417810,1.642103,33.302780,-0.275921,0.416042,-0.866456,0.000000,0.000000,0.000000,0.000000,0,0,2.806961,2.590042,41.305840,0.000000,-13.453110,1.644402,33.266640,347.952700,208.143500,2.972826,104.047200,98.172010,0.300000,1000.000000,0.900730,2468,2740,50.000000,off
1767081145160,2025-12-30 15:52:25.160,1038.717000,16.591860,23,16,2,-0.014691,0.008403,-0.047920,-0.113968,0.223114,0.968094,-13.416480,1.641994,33.302010,-0.311613,0.415535,-0.854519,0.000000,0.000000,0.000000,0.000000,0,0,2.759109,2.542450,0.158418,0.000000,-13.452540,1.644616,33.266300,347.863800,207.964300,2.995944,104.047200,98.172010,0.300000,1000.000000,0.900730,2468,2740,50.000000,off
1767081145171,2025-12-30 15:52:25.171,1038.728000,16.602970,23,16,2,-0.004325,0.008679,-0.046906,-0.189453,0.236603,0.952942,-13.425530,1.643170,33.305890,-0.233282,0.422866,-0.875635,0.000000,0.000000,0.000000,0.000000,0,0,2.876266,2.748184,0.010084,0.000000,-13.451950,1.644850,33.265970,347.781300,207.774800,3.015884,104.047200,98.172010,0.300000,1000.000000,0.900730,2468,2740,50.000000,off
1767081145182,2025-12-30 15:52:25.182,1038.740000,16.614070,23,16,2,-0.013654,0.008599,-0.047933,-0.153748,0.228531,0.961304,-13.416480,1.642558,33.302010,-0.266995,0.419526,-0.867572,0.000000,0.000000,0.000000,0.000000,0,0,2.806961,2.590042,10.263480,0.000000,-13.451440,1.645058,33.265550,347.723800,207.611500,3.003015,104.047200,98.172010,0.300000,1000.000000,0.900730,2468,2740,50.000000,off
1767081145193,2025-12-30 15:52:25.193,1038.750000,16.625060,23,16,2,-0.013654,0.008599,-0.047933,-0.153748,0.228531,0.961304,-13.416060,1.642695,33.301720,-0.263832,0.420765,-0.867940,0.000000,0.000000,0.000000,0.000000,0,0,2.806961,2.590042,10.263480,0.000000,-13.450900,1.645251,33.265140,347.649200,207.413500,2.975162,104.047200,98.172010,0.300000,1000.000000,0.900730,2468,2740,50.000000,off
1767081145204,2025-12-30 15:52:25.204,1038.762000,16.636170,23,16,2,-0.006891,0.008624,-0.047674,-0.118851,0.214920,0.969360,-13.421670,1.643244,33.304340,-0.296388,0.412287,-0.861481,0.000000,0.000000,0.000000,0.000000,0,0,2.755997,2.499573,10.327440,0.000000,-13.450260,1.645437,33.264690,347.572300,207.169400,2.931346,104.047200,98.172010,0.300000,1000.000000,0.900730,2468,2740,50.000000,off
1767081145215,2025-12-30 15:52:25.215,1038.773000,16.647400,23,16,2,0.004861,0.008613,-0.046231,-0.114517,0.234009,0.965454,-13.432310,1.644276,33.308090,-0.291552,0.431555,-0.853659,0.000000,0.000000,0.000000,0.000000,0,0,2.783203,2.483002,0.163300,0.000000,-13.449660,1.645649,33.264130,347.494700,206.899800,2.901793,104.047200,98.172010,0.300000,1000.000000,0.900730,2468,2740,50.000000,off
1767081145226,2025-12-30 15:52:25.226,1038.784000,16.658510,23,16,2,0.004861,0.008613,-0.046231,-0.114517,0.234009,0.965454,-13.431920,1.644433,33.307660,-0.286671,0.432394,-0.854887,0.000000,0.000000,0.000000,0.000000,0,0,2.783203,2.483002,0.163300,0.000000,-13.449020,1.645849,33.263600,347.440500,206.585300,2.904192,104.047200,98.172010,0.300000,1000.000000,0.900730,2468,2740,50.000000,off
1767081145237,2025-12-30 15:52:25.237,1038.795000,16.669490,23,16,2,0.016574,0.008784,-0.045375,-0.129425,0.244949,0.960846,-13.442220,1.645484,33.311860,-0.264797,0.442455,-0.856792,0.000000,0.000000,0.000000,0.000000,0,0,2.700027,2.543854,10.138230,0.000000,-13.448300,1.646028,33.263140,347.367000,206.263600,2.904409,104.047200,98.172010,0.300000,1000.000000,0.900730,2468,2740,50.000000,off
1767081145248,2025-12-30 15:52:25.248,1038.806000,16.680600,23,16,2,-0.021458,0.008303,-0.048902,0.005203,0.175629,0.984436,-13.406420,1.642582,33.297290,-0.399514,0.387976,-0.830572,0.000000,0.000000,0.000000,0.000000,0,0,2.612000,2.521500,0.649325,0.000000,-13.447630,1.646320,33.262520,347.288600,205.921600,2.922410,104.047200,98.172010,0.300000,1000.000000,0.900730,2468,2740,50.000000,off
1767081145260,2025-12-30 15:52:25.260,1038.817000,16.691710,23,16,2,-0.026674,0.007745,-0.047620,0.070679,0.181229,0.980881,-13.401970,1.642292,33.293450,-0.450554,0.397629,-0.799286,0.000000,0.000000,0.000000,0.000000,0,0,2.685608,2.490753,0.649325,0.000000,-13.447020,1.646659,33.261970,347.183400,205.584200,2.962983,104.047200,98.172010,0.300000,1000.000000,0.900730,2468,2740,50.000000,off
1767081145271,2025-12-30 15:52:25.271,1038.828000,16.702820,23,16,2,-0.026674,0.007745,-0.047620,0.070679,0.181229,0.980881,-13.401510,1.642490,33.293160,-0.445390,0.400161,-0.800916,0.000000,0.000000,0.000000,0.000000,0,0,2.685608,2.490753,0.649325,0.000000,-13.446370,1.647001,33.261440,347.026900,205.254600,2.994101,104.047200,98.172010,0.300000,1000.000000,0.900730,2468,2740,50.000000,off
1767081145282,2025-12-30 15:52:25.282,1038.839000,16.713930,23,16,2,0.016574,0.008784,-0.045375,-0.129425,0.244949,0.960846,-13.440830,1.646426,33.309760,-0.243138,0.449742,-0.859414,0.000000,0.000000,0.000000,0.000000,0,0,2.700027,2.543854,0.040093,0.000000,-13.445810,1.647339,33.260920,346.880600,204.947700,2.993667,104.047200,98.172010,0.300000,1000.000000,0.900730,2468,2740,50.000000,off
1767081145293,2025-12-30 15:52:25.293,1038.850000,16.725040,23,16,2,-0.021458,0.008303,-0.048902,0.005203,0.175629,0.984436,-13.404790,1.643451,33.296050,-0.379133,0.396948,-0.835869,0.000000,0.000000,0.000000,0.000000,0,0,2.612000,2.521500,10.389210,0.000000,-13.445190,1.647692,33.260410,346.729400,204.643900,2.981266,104.047200,98.172010,0.300000,1000.000000,0.900730,2468,2740,50.000000,off
1767081145304,2025-12-30 15:52:25.304,1038.862000,16.736150,23,16,2,-0.028019,0.007705,-0.047602,0.104889,0.196930,0.974777,-13.399180,1.643030,33.291690,-0.457833,0.422857,-0.782020,0.000000,0.000000,0.000000,0.000000,0,0,2.611847,2.485443,668.893600,0.000000,-13.444720,1.647995,33.259890,346.574100,204.350900,2.938066,104.047200,98.172010,0.300000,1000.000000,0.900730,2468,2740,50.000000,off
1767081145315,2025-12-30 15:52:25.316,1038.873000,16.747380,23,16,2,-0.028019,0.007705,-0.047602,0.104889,0.196930,0.974777,-13.398800,1.643213,33.291520,-0.453648,0.425205,-0.783185,0.000000,0.000000,0.000000,0.000000,0,0,2.611847,2.485443,668.893600,0.000000,-13.444180,1.648276,33.259480,346.417900,204.062700,2.871029,104.047200,98.172010,0.300000,1000.000000,0.900730,2468,2740,50.000000,off
1767081145327,2025-12-30 15:52:25.327,1038.884000,16.758610,23,16,2,-0.027436,0.007955,-0.048179,0.108337,0.177353,0.978149,-13.398750,1.643525,33.292090,-0.457446,0.409072,-0.789538,0.000000,0.000000,0.000000,0.000000,0,0,2.630829,2.474823,668.893600,0.000000,-13.443710,1.648518,33.259060,346.286900,203.819400,2.775337,104.047200,98.172010,0.300000,1000.000000,0.900730,2468,2740,50.000000,off
1767081145338,2025-12-30 15:52:25.338,1038.895000,16.769590,23,16,2,-0.026637,0.007996,-0.048066,0.108505,0.165726,0.980179,-13.399210,1.643851,33.292140,-0.456338,0.400276,-0.794685,0.000000,0.000000,0.000000,0.000000,0,0,2.732376,2.488678,2.566113,0.000000,-13.443240,1.648815,33.258670,346.152600,203.563700,2.693696,104.047200,98.172010,0.300000,1000.000000,0.900730,2468,2740,50.000000,off
1767081145349,2025-12-30 15:52:25.349,1038.906000,16.780580,23,16,2,-0.026637,0.007996,-0.048066,0.108505,0.165726,0.980179,-13.398940,1.644084,33.291920,-0.453306,0.401828,-0.795636,0.000000,0.000000,0.000000,0.000000,0,0,2.732376,2.488678,2.566113,0.000000,-13.442840,1.649091,33.258270,346.043500,203.344900,2.587180,104.047200,98.172010,0.300000,1000.000000,0.900730,2468,2740,50.000000,off
1767081145360,2025-12-30 15:52:25.360,1038.917000,16.791690,23,16,2,-0.011278,0.008467,-0.047686,0.095276,0.161163,0.982315,-13.412840,1.645537,33.297650,-0.439955,0.399331,-0.804344,0.000000,0.000000,0.000000,0.000000,0,0,2.637924,2.471100,2.612866,0.000000,-13.442490,1.649418,33.257920,345.909600,203.158200,2.492134,104.047200,98.172010,0.300000,1000.000000,0.900730,2468,2740,50.000000,off
1767081145371,2025-12-30 15:52:25.371,1038.928000,16.802920,23,16,2,-0.013863,0.008289,-0.047809,0.126007,0.163345,0.978485,-13.410230,1.645416,33.296450,-0.463462,0.404188,-0.788561,0.000000,0.000000,0.000000,0.000000,0,0,2.620239,2.496719,660.940600,0.000000,-13.442130,1.649726,33.257580,345.751400,202.970500,2.429044,104.047200,98.172010,0.300000,1000.000000,0.900730,2468,2740,50.000000,off
1767081145382,2025-12-30 15:52:25.382,1038.939000,16.813900,23,16,2,-0.026637,0.007996,-0.048066,0.108505,0.165726,0.980179,-13.398250,1.644770,33.291320,-0.444864,0.408948,-0.796772,0.000000,0.000000,0.000000,0.000000,0,0,2.732376,2.488678,10.389940,0.000000,-13.441790,1.650082,33.257260,345.572900,202.789700,2.388011,104.047200,98.172010,0.300000,1000.000000,0.900730,2468,2740,50.000000,off
1767081145393,2025-12-30 15:52:25.393,1038.951000,16.825130,23,16,2,-0.026637,0.007996,-0.048066,0.108505,0.165726,0.980179,-13.398140,1.645039,33.291070,-0.441883,0.411240,-0.797252,0.000000,0.000000,0.000000,0.000000,0,0,2.732376,2.488678,10.389940,0.000000,-13.441560,1.650471,33.256890,345.427100,202.602500,2.379344,104.047200,98.172010,0.300000,1000.000000,0.900730,2468,2740,50.000000,off
1767081145404,2025-12-30 15:52:25.404,1038.962000,16.836120,23,16,2,-0.011278,0.008467,-0.047686,0.095276,0.161163,0.982315,-13.412190,1.646425,33.296600,-0.428490,0.409089,-0.805628,0.000000,0.000000,0.000000,0.000000,0,0,2.637924,2.471100,41.304870,0.000000,-13.441300,1.650805,33.256520,345.282100,202.435900,2.349517,104.047200,98.172010,0.300000,1000.000000,0.900730,2468,2740,50.000000,off
1767081145415,2025-12-30 15:52:25.415,1038.973000,16.847230,23,16,2,-0.017533,0.008260,-0.048227,0.133926,0.147690,0.979919,-13.406160,1.646103,33.294360,-0.462252,0.399387,-0.791709,0.000000,0.000000,0.000000,0.000000,0,0,2.607773,2.445450,40.807810,0.000000,-13.441070,1.651191,33.256200,345.127000,202.263500,2.319603,104.047200,98.172010,0.300000,1000.000000,0.900730,2468,2740,50.000000,off
1767081145426,2025-12-30 15:52:25.426,1038.984000,16.858340,23,16,2,-0.017533,0.008260,-0.048227,0.133926,0.147690,0.979919,-13.406060,1.646362,33.294130,-0.459957,0.401987,-0.791730,0.000000,0.000000,0.000000,0.000000,0,0,2.607773,2.445450,40.807810,0.000000,-13.440860,1.651575,33.255880,344.952900,202.116600,2.247072,104.047200,98.172010,0.300000,1000.000000,0.900730,2468,2740,50.000000,off
1767081145437,2025-12-30 15:52:25.437,1038.995000,16.869450,23,16,2,-0.013395,0.008361,-0.048242,0.131744,0.137528,0.981690,-13.409750,1.646860,33.295510,-0.457921,0.395716,-0.796054,0.000000,0.000000,0.000000,0.000000,0,0,2.615982,2.516510,166.215600,0.000000,-13.440650,1.651981,33.255570,344.741600,201.992900,2.153867,104.047200,98.172010,0.300000,1000.000000,0.900730,2468,2740,50.000000,off
1767081145449,2025-12-30 15:52:25.449,1039.006000,16.880550,23,16,2,-0.012319,0.008195,-0.047683,0.142654,0.131149,0.981033,-13.410950,1.647214,33.295060,-0.467124,0.392986,-0.792044,0.000000,0.000000,0.000000,0.000000,0,0,2.663757,2.492355,10.326710,0.000000,-13.440560,1.652468,33.255210,344.526100,201.908500,2.056337,104.047200,98.172010,0.300000,1000.000000,0.900730,2468,2740,50.000000,off
1767081145460,2025-12-30 15:52:25.460,1039.017000,16.891660,23,16,2,-0.027978,0.007979,-0.049055,0.172791,0.095856,0.980270,-13.396070,1.646411,33.290010,-0.498347,0.363397,-0.787127,0.000000,0.000000,0.000000,0.000000,0,0,2.689041,2.479141,10.451220,0.000000,-13.440560,1.652938,33.254930,344.284300,201.860300,1.949074,104.047200,98.172010,0.300000,1000.000000,0.900730,2468,2740,50.000000,off
1767081145471,2025-12-30 15:52:25.471,1039.028000,16.902770,23,16,2,-0.027978,0.007979,-0.049055,0.172791,0.095856,0.980270,-13.396110,1.646757,33.289700,-0.497657,0.367339,-0.785732,0.000000,0.000000,0.000000,0.000000,0,0,2.689041,2.479141,10.451220,0.000000,-13.440590,1.653479,33.254630,344.028200,201.846900,1.897163,104.047200,98.172010,0.300000,1000.000000,0.900730,2468,2740,50.000000,off
1767081145482,2025-12-30 15:52:25.482,1039.039000,16.913880,23,16,2,-0.028936,0.007958,-0.049148,0.170151,0.113754,0.978821,-13.395210,1.646946,33.289080,-0.492113,0.388227,-0.779157,0.000000,0.000000,0.000000,0.000000,0,0,2.687546,2.529938,10.451220,0.000000,-13.440600,1.653957,33.254340,343.757800,201.875400,1.857714,104.047200,98.172010,0.300000,1000.000000,0.900730,2468,2740,50.000000,off
1767081145494,2025-12-30 15:52:25.494,1039.050000,16.924870,23,16,2,-0.012319,0.008195,-0.047683,0.142654,0.131149,0.981033,-13.411130,1.648493,33.293890,-0.464638,0.407752,-0.786020,0.000000,0.000000,0.000000,0.000000,0,0,2.663757,2.492355,0.649264,0.000000,-13.440660,1.654512,33.254090,343.563600,201.875500,1.861498,104.047200,98.172010,0.300000,1000.000000,0.900730,2468,2740,50.000000,off
1767081145504,2025-12-30 15:52:25.504,1039.061000,16.935970,23,16,2,-0.012319,0.008195,-0.047683,0.142654,0.131149,0.981033,-13.411240,1.648716,33.293560,-0.464447,0.411698,-0.784073,0.000000,0.000000,0.000000,0.000000,0,0,2.663757,2.492355,0.649264,0.000000,-13.440790,1.654948,33.253810,343.317400,201.915000,1.892540,104.047200,98.172010,0.300000,1000.000000,0.900730,2468,2740,50.000000,off
1767081145515,2025-12-30 15:52:25.515,1039.073000,16.947200,23,16,2,-0.027978,0.007979,-0.049055,0.172791,0.095856,0.980270,-13.396300,1.647753,33.288550,-0.496729,0.382452,-0.779080,0.000000,0.000000,0.000000,0.000000,0,0,2.689041,2.479141,0.649264,0.000000,-13.440790,1.655297,33.253680,343.083300,201.952000,1.925641,104.047200,98.172010,0.300000,1000.000000,0.900730,2468,2740,50.000000,off
1767081145526,2025-12-30 15:52:25.526,1039.084000,16.958310,23,16,2,-0.029427,0.007936,-0.049182,0.186096,0.098007,0.977615,-13.394960,1.647846,33.287780,-0.507607,0.387665,-0.769428,0.000000,0.000000,0.000000,0.000000,0,0,2.690521,2.522125,0.649264,0.000000,-13.440840,1.655716,33.253410,342.867400,201.985500,1.956731,104.047200,98.172010,0.300000,1000.000000,0.900730,2468,2740,50.000000,off
1767081145537,2025-12-30 15:52:25.537,1039.095000,16.969300,23,16,2,-0.029648,0.007775,-0.048827,0.181046,0.096878,0.978684,-13.395010,1.647892,33.287040,-0.503269,0.389893,-0.771161,0.000000,0.000000,0.000000,0.000000,0,0,2.651566,2.456818,0.641482,0.000000,-13.440960,1.656015,33.253180,342.682800,202.016200,2.038252,104.047200,98.172010,0.300000,1000.000000,0.900730,2468,2740,50.000000,off
1767081145548,2025-12-30 15:52:25.548,1039.106000,16.980530,23,16,2,-0.029648,0.007775,-0.048827,0.181046,0.096878,0.978684,-13.395140,1.647940,33.286790,-0.503011,0.392509,-0.770001,0.000000,0.000000,0.000000,0.000000,0,0,2.651566,2.456818,0.641482,0.000000,-13.441100,1.656233,33.252990,342.532700,202.038300,2.122988,104.047200,98.172010,0.300000,1000.000000,0.900730,2468,2740,50.000000,off
1767081145560,2025-12-30 15:52:25.560,1039.117000,16.991640,23,16,2,-0.030574,0.007654,-0.048657,0.177658,0.110519,0.977860,-13.394520,1.647888,33.285960,-0.498139,0.406621,-0.765835,0.000000,0.000000,0.000000,0.000000,0,0,2.715973,2.431946,0.641482,0.000000,-13.441300,1.656398,33.252790,342.459600,202.113200,2.237829,104.047200,98.172010,0.300000,1000.000000,0.900730,2468,2740,50.000000,off
1767081145571,2025-12-30 15:52:25.571,1039.128000,17.002870,23,16,2,-0.030723,0.007714,-0.049080,0.193832,0.101456,0.975769,-13.394410,1.647838,33.286020,-0.513984,0.399849,-0.758902,0.000000,0.000000,0.000000,0.000000,0,0,2.690643,2.429581,0.637561,0.000000,-13.441520,1.656566,33.252610,342.362400,202.176900,2.355179,104.047200,98.172010,0.300000,1000.000000,0.900730,2468,2740,50.000000,off
1767081145582,2025-12-30 15:52:25.582,1039.139000,17.013850,23,16,2,-0.030723,0.007714,-0.049080,0.193832,0.101456,0.975769,-13.394750,1.647786,33.285700,-0.515120,0.400831,-0.757612,0.000000,0.000000,0.000000,0.000000,0,0,2.690643,2.429581,0.637561,0.000000,-13.441930,1.656621,33.252420,342.330100,202.293900,2.506611,104.047200,98.172010,0.300000,1000.000000,0.900730,2468,2740,50.000000,off
1767081145593,2025-12-30 15:52:25.593,1039.150000,17.024840,23,16,2,-0.030404,0.007053,-0.047696,0.197540,0.074554,0.977448,-13.395980,1.647479,33.284190,-0.524975,0.376530,-0.763290,0.000000,0.000000,0.000000,0.000000,0,0,2.660355,2.471802,2.613049,0.000000,-13.442360,1.656597,33.252330,342.322100,202.440400,2.666615,104.047200,98.172010,0.300000,1000.000000,0.900730,2468,2740,50.000000,off
1767081145604,2025-12-30 15:52:25.604,1039.161000,17.036070,23,16,2,-0.030574,0.007654,-0.048657,0.177658,0.110519,0.977860,-13.395700,1.647575,33.284910,-0.502857,0.410567,-0.760629,0.000000,0.000000,0.000000,0.000000,0,0,2.715973,2.431946,10.325980,0.000000,-13.442760,1.656495,33.252260,342.308100,202.591200,2.787135,104.047200,98.172010,0.300000,1000.000000,0.900730,2468,2740,50.000000,off
1767081145615,2025-12-30 15:52:25.615,1039.172000,17.047060,23,16,2,-0.030723,0.007714,-0.049080,0.193832,0.101456,0.975769,-13.395780,1.647421,33.284920,-0.520939,0.401799,-0.753107,0.000000,0.000000,0.000000,0.000000,0,0,2.690643,2.429581,0.010145,0.000000,-13.443270,1.656433,33.252110,342.341400,202.792700,2.870934,104.047200,98.172010,0.300000,1000.000000,0.900730,2468,2740,50.000000,off
1767081145626,2025-12-30 15:52:25.626,1039.184000,17.058170,23,16,2,-0.030723,0.007714,-0.049080,0.193832,0.101456,0.975769,-13.396140,1.647306,33.284650,-0.523401,0.401447,-0.751585,0.000000,0.000000,0.000000,0.000000,0,0,2.690643,2.429581,0.010145,0.000000,-13.443740,1.656321,33.252010,342.376300,202.983300,2.933032,104.047200,98.172010,0.300000,1000.000000,0.900730,2468,2740,50.000000,off
1767081145637,2025-12-30 15:52:25.637,1039.195000,17.069400,23,16,2,-0.029914,0.007055,-0.047788,0.200638,0.075714,0.976730,-13.397880,1.647076,33.283290,-0.537466,0.376212,-0.754709,0.000000,0.000000,0.000000,0.000000,0,0,2.686188,2.524216,0.637576,0.000000,-13.444280,1.656222,33.251800,342.465000,203.213400,2.946259,104.047200,98.172010,0.300000,1000.000000,0.900730,2468,2740,50.000000,off
1767081145649,2025-12-30 15:52:25.649,1039.206000,17.080630,23,16,2,-0.027227,0.006940,-0.047405,0.187805,0.071121,0.979614,-13.400870,1.647154,33.283820,-0.530423,0.370941,-0.762252,0.000000,0.000000,0.000000,0.000000,0,0,2.623932,2.416260,0.166234,0.000000,-13.444770,1.656101,33.251740,342.534600,203.409700,2.935700,104.047200,98.172010,0.300000,1000.000000,0.900730,2468,2740,50.000000,off
1767081145659,2025-12-30 15:52:25.659,1039.217000,17.091610,23,16,2,-0.027227,0.006940,-0.047405,0.187805,0.071121,0.979614,-13.401270,1.647152,33.283510,-0.533644,0.369501,-0.760701,0.000000,0.000000,0.000000,0.000000,0,0,2.623932,2.416260,0.166234,0.000000,-13.445300,1.656011,33.251580,342.616500,203.630600,2.890987,104.047200,98.172010,0.300000,1000.000000,0.900730,2468,2740,50.000000,off
1767081145670,2025-12-30 15:52:25.670,1039.228000,17.102600,23,16,2,-0.018367,0.006879,-0.046724,0.181732,0.076172,0.980377,-13.410010,1.647688,33.286360,-0.530594,0.372876,-0.761185,0.000000,0.000000,0.000000,0.000000,0,0,2.658661,2.483963,0.645419,0.000000,-13.445840,1.655899,33.251490,342.696400,203.836900,2.855318,104.047200,98.172010,0.300000,1000.000000,0.900730,2468,2740,50.000000,off
1767081145681,2025-12-30 15:52:25.681,1039.239000,17.113710,23,16,2,-0.005751,0.007053,-0.046478,0.167984,0.075714,0.982864,-13.421960,1.648532,33.291220,-0.522269,0.371093,-0.767789,0.000000,0.000000,0.000000,0.000000,0,0,2.643829,2.464844,2611.826000,0.000000,-13.446430,1.655834,33.251330,342.777200,204.046900,2.802828,104.047200,98.172010,0.300000,1000.000000,0.900730,2468,2740,50.000000,off
1767081145693,2025-12-30 15:52:25.693,1039.250000,17.124820,23,16,2,0.000731,0.007042,-0.045873,0.160629,0.070114,0.984512,-13.428580,1.649003,33.293190,-0.519937,0.364860,-0.772350,0.000000,0.000000,0.000000,0.000000,0,0,2.578339,2.448441,41.310760,0.000000,-13.447080,1.655786,33.251160,342.835400,204.236200,2.764024,104.047200,98.172010,0.300000,1000.000000,0.900730,2468,2740,50.000000,off
1767081145704,2025-12-30 15:52:25.704,1039.261000,17.135930,23,16,2,0.000731,0.007042,-0.045873,0.160629,0.070114,0.984512,-13.429060,1.648889,33.293010,-0.523019,0.364013,-0.770667,0.000000,0.000000,0.000000,0.000000,0,0,2.578339,2.448441,41.310760,0.000000,-13.447700,1.655641,33.251040,342.875400,204.448000,2.684626,104.047200,98.172010,0.300000,1000.000000,0.900730,2468,2740,50.000000,off
1767081145715,2025-12-30 15:52:25.715,1039.272000,17.147030,23,16,2,-0.025785,0.007013,-0.047553,0.177185,0.063004,0.982147,-13.404930,1.647254,33.282900,-0.541256,0.356384,-0.761583,0.000000,0.000000,0.000000,0.000000,0,0,2.577042,2.434021,41.057850,0.000000,-13.448300,1.655642,33.250910,342.912900,204.658400,2.586619,104.047200,98.172010,0.300000,1000.000000,0.900730,2468,2740,50.000000,off
1767081145726,2025-12-30 15:52:25.726,1039.284000,17.158140,23,16,2,-0.005751,0.007053,-0.046478,0.167984,0.075714,0.982864,-13.423990,1.648509,33.290310,-0.534288,0.367568,-0.761186,0.000000,0.000000,0.000000,0.000000,0,0,2.643829,2.464844,164.235200,0.000000,-13.449000,1.655645,33.250730,342.941000,204.873300,2.470973,104.047200,98.172010,0.300000,1000.000000,0.900730,2468,2740,50.000000,off
1767081145737,2025-12-30 15:52:25.737,1039.295000,17.169370,23,16,2,-0.005751,0.007053,-0.046478,0.167984,0.075714,0.982864,-13.424560,1.648555,33.290090,-0.537823,0.367172,-0.758884,0.000000,0.000000,0.000000,0.000000,0,0,2.643829,2.464844,164.235200,0.000000,-13.449740,1.655676,33.250610,342.941400,205.121900,2.328881,104.047200,98.172010,0.300000,1000.000000,0.900730,2468,2740,50.000000,off
1767081145748,2025-12-30 15:52:25.748,1039.306000,17.180480,23,16,2,0.000731,0.007042,-0.045873,0.160629,0.070114,0.984512,-13.431250,1.648982,33.292260,-0.536459,0.361381,-0.762626,0.000000,0.000000,0.000000,0.000000,0,0,2.578339,2.448441,164.239100,0.000000,-13.450520,1.655671,33.250570,342.958600,205.378400,2.190382,104.047200,98.172010,0.300000,1000.000000,0.900730,2468,2740,50.000000,off
1767081145760,2025-12-30 15:52:25.760,1039.317000,17.191470,23,16,2,-0.026341,0.007057,-0.047702,0.173920,0.061142,0.982849,-13.406900,1.647647,33.281740,-0.553954,0.351919,-0.754498,0.000000,0.000000,0.000000,0.000000,0,0,2.599319,2.418182,41.561740,0.000000,-13.451410,1.655750,33.250560,342.982700,205.718600,2.015511,104.047200,98.172010,0.300000,1000.000000,0.900730,2468,2740,50.000000,off
1767081145771,2025-12-30 15:52:25.771,1039.328000,17.202580,23,16,2,-0.022877,0.007009,-0.047168,0.167297,0.065018,0.983749,-13.410980,1.647927,33.282660,-0.553217,0.355005,-0.753593,0.000000,0.000000,0.000000,0.000000,0,0,2.595245,2.477173,41.561740,0.000000,-13.452380,1.655734,33.250680,342.999100,206.111500,1.871883,104.047200,98.172010,0.300000,1000.000000,0.900730,2468,2740,50.000000,off
1767081145782,2025-12-30 15:52:25.782,1039.339000,17.213680,23,16,2,-0.022877,0.007009,-0.047168,0.167297,0.065018,0.983749,-13.411760,1.648017,33.282460,-0.559454,0.354103,-0.749401,0.000000,0.000000,0.000000,0.000000,0,0,2.595245,2.477173,41.561740,0.000000,-13.453400,1.655746,33.250780,343.032500,206.565200,1.739632,104.047200,98.172010,0.300000,1000.000000,0.900730,2468,2740,50.000000,off
1767081145793,2025-12-30 15:52:25.793,1039.350000,17.224790,23,16,2,-0.018184,0.007001,-0.046692,0.160996,0.065735,0.984757,-13.417080,1.648339,33.284090,-0.561599,0.353708,-0.747986,0.000000,0.000000,0.000000,0.000000,0,0,2.502319,2.478394,10.640190,0.000000,-13.454650,1.655722,33.251020,343.089300,207.109100,1.634968,104.047200,98.172010,0.300000,1000.000000,0.900730,2468,2740,50.000000,off
1767081145804,2025-12-30 15:52:25.804,1039.361000,17.235900,23,16,2,-0.006217,0.007179,-0.046492,0.123978,0.065903,0.990082,-13.428660,1.648887,33.289490,-0.539673,0.352731,-0.764402,0.000000,0.000000,0.000000,0.000000,0,0,2.568436,2.506882,166.223500,0.000000,-13.455980,1.655630,33.251290,343.181500,207.721000,1.544576,104.047200,98.172010,0.300000,1000.000000,0.900730,2468,2740,50.000000,off
1767081145815,2025-12-30 15:52:25.815,1039.372000,17.247010,23,16,2,-0.022877,0.007009,-0.047168,0.167297,0.065018,0.983749,-13.414950,1.648067,33.281990,-0.585687,0.348836,-0.731617,0.000000,0.000000,0.000000,0.000000,0,0,2.595245,2.477173,2.581556,0.000000,-13.457640,1.655462,33.251670,343.314400,208.502800,1.473832,104.047200,98.172010,0.300000,1000.000000,0.900730,2468,2740,50.000000,off
1767081145826,2025-12-30 15:52:25.826,1039.384000,17.258120,23,16,2,-0.022877,0.007009,-0.047168,0.167297,0.065018,0.983749,-13.416110,1.647943,33.281870,-0.596558,0.345950,-0.724166,0.000000,0.000000,0.000000,0.000000,0,0,2.595245,2.477173,2.581556,0.000000,-13.459240,1.655172,33.252120,343.480200,209.311300,1.396295,104.047200,98.172010,0.300000,1000.000000,0.900730,2468,2740,50.000000,off
1767081145837,2025-12-30 15:52:25.837,1039.395000,17.269350,23,16,2,-0.018184,0.007001,-0.046692,0.160996,0.065735,0.984757,-13.421800,1.648035,33.283680,-0.604597,0.343157,-0.718813,0.000000,0.000000,0.000000,0.000000,0,0,2.502319,2.478394,0.010145,0.000000,-13.461170,1.654825,33.252640,343.686600,210.291800,1.288460,104.047200,98.172010,0.300000,1000.000000,0.900730,2468,2740,50.000000,off
1767081145848,2025-12-30 15:52:25.848,1039.406000,17.280330,23,16,2,-0.008353,0.007160,-0.046669,0.118073,0.069611,0.990555,-13.431530,1.648197,33.288900,-0.583266,0.343993,-0.735837,0.000000,0.000000,0.000000,0.000000,0,0,2.596664,2.491547,10.326710,0.000000,-13.463060,1.654429,33.253330,343.890200,211.265600,1.147182,104.047200,98.172010,0.300000,1000.000000,0.900730,2468,2740,50.000000,off
1767081145860,2025-12-30 15:52:25.860,1039.417000,17.291560,23,16,2,-0.008353,0.007160,-0.046669,0.118073,0.069611,0.990555,-13.432980,1.648054,33.289070,-0.600002,0.339165,-0.724535,0.000000,0.000000,0.000000,0.000000,0,0,2.596664,2.491547,10.326710,0.000000,-13.465270,1.654035,33.254130,344.161100,212.489000,0.933220,104.047200,98.172010,0.300000,1000.000000,0.900730,2468,2740,50.000000,off
1767081145871,2025-12-30 15:52:25.871,1039.428000,17.302550,23,16,2,-0.015736,0.007163,-0.047353,0.113373,0.062668,0.991562,-13.427990,1.647527,33.285610,-0.616131,0.327742,-0.716200,0.000000,0.000000,0.000000,0.000000,0,0,2.535156,2.472168,2.565869,0.000000,-13.467580,1.653514,33.254990,344.434400,213.858500,0.681461,104.047200,98.172010,0.300000,1000.000000,0.900730,2468,2740,50.000000,off
1767081145882,2025-12-30 15:52:25.882,1039.439000,17.313660,23,16,2,-0.022546,0.007100,-0.047739,0.115631,0.067169,0.991013,-13.423930,1.647056,33.281920,-0.635531,0.326877,-0.699457,0.000000,0.000000,0.000000,0.000000,0,0,2.559219,2.369507,10.388480,0.000000,-13.470030,1.652965,33.255870,344.719100,215.264000,0.463711,104.047200,98.172010,0.300000,1000.000000,0.900730,2468,2740,50.000000,off
1767081145893,2025-12-30 15:52:25.893,1039.450000,17.324770,23,16,2,-0.022189,0.007022,-0.047585,0.101059,0.075134,0.992035,-13.426230,1.646826,33.281810,-0.643336,0.328681,-0.691433,0.000000,0.000000,0.000000,0.000000,0,0,2.573395,2.496231,10.451220,0.000000,-13.472640,1.652397,33.256890,345.065300,216.813500,0.247275,104.047200,98.172010,0.300000,1000.000000,0.900730,2468,2740,50.000000,off
1767081145904,2025-12-30 15:52:25.904,1039.461000,17.335880,23,16,2,-0.022189,0.007022,-0.047585,0.101059,0.075134,0.992035,-13.428200,1.646575,33.281630,-0.663058,0.322986,-0.675296,0.000000,0.000000,0.000000,0.000000,0,0,2.573395,2.496231,10.451220,0.000000,-13.475270,1.651795,33.257900,345.390300,218.348900,0.033013,104.047200,98.172010,0.300000,1000.000000,0.900730,2468,2740,50.000000,off
1767081145915,2025-12-30 15:52:25.915,1039.472000,17.346980,23,16,2,-0.000093,0.007772,-0.048869,0.507217,0.038284,0.860947,-13.446150,1.646662,33.296820,-0.919093,0.248046,-0.306114,0.000000,0.000000,0.000000,0.000000,0,0,2.791306,2.468369,165.219500,0.000000,-13.477870,1.651208,33.259110,345.691400,219.996100,359.786700,104.047200,98.172010,0.300000,1000.000000,0.900730,2468,2740,50.000000,off
1767081145926,2025-12-30 15:52:25.926,1039.484000,17.358090,23,16,2,-0.022546,0.007100,-0.047739,0.115631,0.067169,0.991013,-13.431720,1.646086,33.281440,-0.714639,0.304819,-0.629575,0.000000,0.000000,0.000000,0.000000,0,0,2.559219,2.369507,2.612744,0.000000,-13.480460,1.650611,33.260430,345.951400,221.614900,359.538600,104.047200,98.172010,0.300000,1000.000000,0.900730,2468,2740,50.000000,off
1767081145937,2025-12-30 15:52:25.937,1039.495000,17.369200,23,16,2,-0.022546,0.007100,-0.047739,0.115631,0.067169,0.991013,-13.433790,1.645947,33.281360,-0.732891,0.300358,-0.610447,0.000000,0.000000,0.000000,0.000000,0,0,2.559219,2.369507,2.612744,0.000000,-13.483100,1.650184,33.261660,346.195500,223.197300,359.320300,104.047200,98.172010,0.300000,1000.000000,0.900730,2468,2740,50.000000,off
1767081145948,2025-12-30 15:52:25.948,1039.506000,17.380310,23,16,2,-0.022189,0.007022,-0.047585,0.101059,0.075134,0.992035,-13.436060,1.645638,33.281570,-0.739307,0.305058,-0.600296,0.000000,0.000000,0.000000,0.000000,0,0,2.573395,2.496231,41.555850,0.000000,-13.485530,1.649688,33.263050,346.383800,224.764200,359.125800,104.047200,98.172010,0.300000,1000.000000,0.900730,2468,2740,50.000000,off
1767081145959,2025-12-30 15:52:25.959,1039.517000,17.391420,23,16,2,-0.000230,0.007568,-0.048220,0.571610,0.040543,0.819519,-13.452710,1.645472,33.297910,-0.966479,0.219820,-0.132631,0.000000,0.000000,0.000000,0.000000,0,0,2.742645,2.599548,676.893600,0.000000,-13.487930,1.649316,33.264340,346.559800,226.269800,358.960300,104.047200,98.172010,0.300000,1000.000000,0.900730,2468,2740,50.000000,off
1767081145970,2025-12-30 15:52:25.970,1039.528000,17.402530,23,16,2,-0.000230,0.007568,-0.048220,0.571610,0.040543,0.819519,-13.454020,1.645169,33.298420,-0.970213,0.216658,-0.108345,0.000000,0.000000,0.000000,0.000000,0,0,2.742645,2.599548,676.893600,0.000000,-13.490090,1.648896,33.265750,346.697100,227.737100,358.830000,104.047200,98.172010,0.300000,1000.000000,0.900730,2468,2740,50.000000,off
1767081145982,2025-12-30 15:52:25.982,1039.539000,17.413640,23,16,2,-0.000531,0.008997,-0.053173,0.612412,-0.024429,0.790146,-13.451480,1.645273,33.302020,-0.988513,0.143700,-0.046567,-20.075280,2.608172,32.989990,6.700694,Target24,Target,2.782196,2.425354,0.641498,0.000000,-13.492400,1.648635,33.267050,346.813300,229.120200,358.772600,104.047200,98.172010,0.300000,1000.000000,0.900730,2468,2740,50.000000,off
1767081145993,2025-12-30 15:52:25.993,1039.550000,17.424740,23,16,0,0.030500,0.011500,-0.059175,0.536240,-0.075455,0.840683,-13.467750,1.645681,33.330240,-0.986964,0.105457,-0.121551,0.000000,0.000000,0.000000,0.000000,0,0,2.494232,1.739548,0.645404,0.000000,-13.494520,1.648522,33.268280,346.917500,230.467400,358.754300,104.047200,98.172010,0.300000,1000.000000,0.900730,2468,2740,50.000000,off
1767081146004,2025-12-30 15:52:26.004,1039.561000,17.435730,23,16,0,0.031444,0.006618,-0.044426,0.741882,-0.002853,0.670502,-13.481030,1.644206,33.322060,-0.975620,0.132279,0.175037,-19.050100,2.399285,34.321210,5.708154,Target24,Target,3.214127,1.456314,0.645404,0.000000,-13.496510,1.648403,33.269620,347.015000,231.733600,358.763500,104.047200,98.172010,0.300000,1000.000000,0.900730,2468,2740,50.000000,off
1767081146015,2025-12-30 15:52:26.015,1039.572000,17.446960,23,16,0,0.031444,0.006618,-0.044426,0.741882,-0.002853,0.670502,-13.481970,1.644264,33.322960,-0.971791,0.132130,0.195278,-18.969640,2.390399,34.425690,5.646883,Target24,Target,3.214127,1.456314,0.645404,0.000000,-13.498550,1.648381,33.270870,347.082400,232.924300,358.813000,104.047200,98.172010,0.300000,1000.000000,0.900730,2468,2740,50.000000,off
1767081146026,2025-12-30 15:52:26.026,1039.584000,17.458190,23,16,0,0.029688,0.019590,-0.088321,-0.144882,-0.333939,0.931381,-13.444800,1.647111,33.349650,-0.706236,-0.115124,-0.698537,0.000000,0.000000,0.000000,0.000000,0,0,1.424927,1.141235,10.451220,0.000000,-13.500320,1.648278,33.272310,347.126900,234.092200,358.843300,104.047200,98.172010,0.300000,1000.000000,0.900730,2468,2740,50.000000,off
1767081146037,2025-12-30 15:52:26.037,1039.595000,17.469180,23,16,2,-0.031458,0.008099,-0.051763,0.662750,-0.048080,0.747284,-13.441530,1.645325,33.277710,-0.987118,0.106025,0.119746,-19.305860,2.275205,33.989100,5.940811,Target24,Target,3.022629,2.578094,2.565929,0.000000,-13.502420,1.648306,33.273490,347.166900,235.203900,358.839600,104.047200,98.172010,0.300000,1000.000000,0.900730,2468,2740,50.000000,off
1767081146049,2025-12-30 15:52:26.049,1039.606000,17.480410,23,16,2,-0.031458,0.008099,-0.051763,0.662750,-0.048080,0.747284,-13.443010,1.645327,33.277890,-0.984905,0.105032,0.137524,-19.231160,2.262585,34.086100,5.876811,Target24,Target,3.022629,2.578094,2.565929,0.000000,-13.503980,1.648251,33.274770,347.201600,236.245600,358.791400,104.047200,98.172010,0.300000,1000.000000,0.900730,2468,2740,50.000000,off
1767081146060,2025-12-30 15:52:26.060,1039.617000,17.491520,23,16,0,0.031444,0.006618,-0.044426,0.741882,-0.002853,0.670502,-13.485290,1.644226,33.326540,-0.955031,0.129084,0.266876,-18.694980,2.348378,34.782350,5.454914,Target24,Target,3.214127,1.456314,10.514210,0.000000,-13.505700,1.648279,33.275820,347.236100,237.203900,358.711500,104.047200,98.172010,0.300000,1000.000000,0.900730,2468,2740,50.000000,off
1767081146071,2025-12-30 15:52:26.071,1039.628000,17.502750,23,16,0,0.029688,0.019590,-0.088321,-0.144882,-0.333939,0.931381,-13.446360,1.647197,33.350260,-0.751565,-0.117276,-0.649133,0.000000,0.000000,0.000000,0.000000,0,0,1.424927,1.141235,2.581678,0.000000,-13.507020,1.648226,33.276870,347.284900,238.035100,358.629300,104.047200,98.172010,0.300000,1000.000000,0.900730,2468,2740,50.000000,off
1767081146081,2025-12-30 15:52:26.081,1039.639000,17.513490,23,16,2,-0.031335,0.007738,-0.050551,0.659164,-0.060349,0.749558,-13.448530,1.645429,33.277610,-0.980699,0.089751,0.173638,-19.085220,2.161286,34.275620,5.747552,Target24,Target,2.875336,2.588623,0.633655,0.000000,-13.508440,1.648220,33.277650,347.321900,238.729700,358.583500,104.047200,98.172010,0.300000,1000.000000,0.900730,2468,2740,50.000000,off
1767081146093,2025-12-30 15:52:26.093,1039.650000,17.524840,23,16,2,-0.031335,0.007738,-0.050551,0.659164,-0.060349,0.749558,-13.449790,1.645434,33.277760,-0.978607,0.088897,0.185479,-19.038010,2.153069,34.336910,5.710314,Target24,Target,2.875336,2.588623,0.633655,0.000000,-13.509700,1.648173,33.278530,347.365100,239.427900,358.557600,104.047200,98.172010,0.300000,1000.000000,0.900730,2468,2740,50.000000,off
1767081146105,2025-12-30 15:52:26.105,1039.662000,17.536560,23,16,2,-0.031001,0.006860,-0.047585,0.653595,-0.083420,0.752213,-13.453940,1.645270,33.276600,-0.980328,0.067062,0.185552,-19.040290,2.027420,34.333960,5.698361,Target24,Target,2.877365,2.609299,0.163297,0.000000,-13.511010,1.648219,33.279200,347.387800,239.964300,358.580400,104.047200,98.172010,0.300000,1000.000000,0.900730,2468,2740,50.000000,off
1767081146115,2025-12-30 15:52:26.115,1039.672000,17.547060,23,16,2,-0.030733,0.006986,-0.048167,0.603729,-0.083725,0.792755,-13.454690,1.645320,33.277170,-0.988221,0.076872,0.132171,-19.256540,2.096633,34.053150,5.870886,Target24,Target,2.784393,2.575516,0.160367,0.000000,-13.512110,1.648279,33.279800,347.400900,240.510800,358.602900,104.047200,98.172010,0.300000,1000.000000,0.900730,2468,2740,50.000000,off
1767081146126,2025-12-30 15:52:26.126,1039.684000,17.558170,23,16,2,-0.030733,0.006986,-0.048167,0.603729,-0.083725,0.792755,-13.455720,1.645306,33.277420,-0.987100,0.076543,0.140482,-19.221950,2.092437,34.098060,5.841470,Target24,Target,2.784393,2.575516,0.160367,0.000000,-13.513120,1.648244,33.280530,347.428500,240.993200,358.608200,104.047200,98.172010,0.300000,1000.000000,0.900730,2468,2740,50.000000,off
1767081146137,2025-12-30 15:52:26.137,1039.695000,17.569150,23,16,2,-0.013112,0.007325,-0.048063,0.548386,-0.059662,0.834091,-13.465350,1.645342,33.292880,-0.990507,0.110197,0.082143,-19.459230,2.312181,33.789960,6.051309,Target24,Target,2.791901,2.323227,0.645419,0.000000,-13.514180,1.648332,33.280950,347.446400,241.363900,358.621500,104.047200,98.172010,0.300000,1000.000000,0.900730,2468,2740,50.000000,off
1767081146148,2025-12-30 15:52:26.148,1039.706000,17.580380,23,16,2,-0.027393,0.007573,-0.050291,0.480713,-0.100159,0.871124,-13.457510,1.645539,33.281440,-0.996775,0.079855,0.006044,-19.821120,2.155347,33.320030,6.384118,Target24,Target,2.715225,2.323120,0.002521,0.000000,-13.515200,1.648410,33.281250,347.474100,241.682100,358.616600,104.047200,98.172010,0.300000,1000.000000,0.900730,2468,2740,50.000000,off
1767081146159,2025-12-30 15:52:26.159,1039.717000,17.591490,23,16,2,-0.011797,0.007400,-0.048379,0.452271,-0.085480,0.887772,-13.467520,1.645503,33.294270,-0.994983,0.098058,-0.019654,-19.939400,2.283325,33.166430,6.504497,Target24,Target,2.646667,2.327698,0.002521,0.000000,-13.516140,1.648477,33.281550,347.491400,241.981800,358.599100,104.047200,98.172010,0.300000,1000.000000,0.900730,2468,2740,50.000000,off
1767081146171,2025-12-30 15:52:26.171,1039.728000,17.602600,23,16,2,-0.011797,0.007400,-0.048379,0.452271,-0.085480,0.887772,-13.468360,1.645450,33.294480,-0.995140,0.097276,-0.015066,-19.915970,2.275712,33.196870,6.479071,Target24,Target,2.646667,2.327698,0.002521,0.000000,-13.517040,1.648392,33.281990,347.517700,242.253600,358.550200,104.047200,98.172010,0.300000,1000.000000,0.900730,2468,2740,50.000000,off
1767081146181,2025-12-30 15:52:26.181,1039.739000,17.613710,23,16,2,-0.007326,0.007586,-0.048602,0.425598,-0.076767,0.901642,-13.470940,1.645493,33.298650,-0.993305,0.108448,-0.039616,-20.039330,2.362620,33.036670,6.612609,Target24,Target,2.630493,2.295425,0.010145,0.000000,-13.517820,1.648375,33.282280,347.552600,242.505800,358.489100,104.047200,98.172010,0.300000,1000.000000,0.900730,2468,2740,50.000000,off
1767081146193,2025-12-30 15:52:26.193,1039.750000,17.624820,23,16,2,-0.015621,0.007018,-0.047441,0.353394,-0.067825,0.932999,-13.468910,1.645482,33.290700,-0.985838,0.124648,-0.112070,0.000000,0.000000,0.000000,0.000000,0,0,2.276749,2.466751,0.000634,0.000000,-13.518580,1.648401,33.282480,347.577500,242.777300,358.365100,104.047200,98.172010,0.300000,1000.000000,0.900730,2468,2740,50.000000,off
1767081146204,2025-12-30 15:52:26.204,1039.761000,17.635800,23,16,2,-0.015621,0.007018,-0.047441,0.353394,-0.067825,0.932999,-13.469710,1.645469,33.291060,-0.986328,0.124072,-0.108344,0.000000,0.000000,0.000000,0.000000,0,0,2.276749,2.466751,0.000634,0.000000,-13.519410,1.648362,33.283020,347.583700,243.002600,358.285600,104.047200,98.172010,0.300000,1000.000000,0.900730,2468,2740,50.000000,off
1767081146215,2025-12-30 15:52:26.215,1039.772000,17.646910,23,16,2,-0.011797,0.007400,-0.048379,0.452271,-0.085480,0.887772,-13.471420,1.645566,33.294910,-0.995607,0.093588,0.001404,-19.833550,2.243614,33.303880,6.390182,Target24,Target,2.646667,2.327698,2.550121,0.000000,-13.520310,1.648390,33.283210,347.569400,243.253800,358.173500,104.047200,98.172010,0.300000,1000.000000,0.900730,2468,2740,50.000000,off
1767081146226,2025-12-30 15:52:26.226,1039.784000,17.658140,23,16,2,-0.007326,0.007586,-0.048602,0.425598,-0.076767,0.901642,-13.474070,1.645522,33.299080,-0.994081,0.106075,-0.023171,-19.953560,2.336926,33.148050,6.518020,Target24,Target,2.630493,2.295425,2.550305,0.000000,-13.521210,1.648371,33.283490,347.541000,243.496600,358.134800,104.047200,98.172010,0.300000,1000.000000,0.900730,2468,2740,50.000000,off
1767081146237,2025-12-30 15:52:26.237,1039.795000,17.669250,23,16,2,-0.007326,0.007586,-0.048602,0.425598,-0.076767,0.901642,-13.475030,1.645507,33.299250,-0.994215,0.105304,-0.020813,-19.941370,2.330399,33.163880,6.503915,Target24,Target,2.630493,2.295425,2.550305,0.000000,-13.522210,1.648320,33.283760,347.579900,243.637100,358.112500,104.047200,98.172010,0.300000,1000.000000,0.900730,2468,2740,50.000000,off
1767081146248,2025-12-30 15:52:26.248,1039.806000,17.680360,23,16,2,-0.021379,0.006860,-0.047379,0.355713,-0.077209,0.931397,-13.470650,1.645403,33.286220,-0.989231,0.112703,-0.093341,-20.346810,2.428805,32.637410,6.950982,Target24,Target,2.405670,2.448318,10.326460,0.000000,-13.522970,1.648166,33.284040,347.615900,243.805100,358.074000,104.047200,98.172010,0.300000,1000.000000,0.900730,2468,2740,50.000000,off
1767081146260,2025-12-30 15:52:26.260,1039.817000,17.691590,23,16,2,-0.027234,0.006769,-0.047606,0.358307,-0.078537,0.930283,-13.468800,1.645462,33.281120,-0.989954,0.110292,-0.088350,-20.322100,2.408998,32.669480,6.922775,Target24,Target,2.372223,2.490021,41.554890,0.000000,-13.523910,1.648123,33.284210,347.648200,243.948400,358.029600,104.047200,98.172010,0.300000,1000.000000,0.900730,2468,2740,50.000000,off
1767081146271,2025-12-30 15:52:26.271,1039.828000,17.702580,23,16,2,-0.027721,0.006872,-0.048111,0.328400,-0.089478,0.940277,-13.469050,1.645481,33.280970,-0.987647,0.102108,-0.118751,0.000000,0.000000,0.000000,0.000000,0,0,2.402527,2.410934,41.554890,0.000000,-13.524830,1.648093,33.284390,347.676300,244.070300,357.996300,104.047200,98.172010,0.300000,1000.000000,0.900730,2468,2740,50.000000,off
1767081146282,2025-12-30 15:52:26.282,1039.839000,17.713560,23,16,2,-0.027721,0.006872,-0.048111,0.328400,-0.089478,0.940277,-13.469840,1.645411,33.281110,-0.987985,0.101739,-0.116229,0.000000,0.000000,0.000000,0.000000,0,0,2.402527,2.410934,41.554890,0.000000,-13.525610,1.647998,33.284660,347.687400,244.221100,357.962800,104.047200,98.172010,0.300000,1000.000000,0.900730,2468,2740,50.000000,off
1767081146293,2025-12-30 15:52:26.293,1039.850000,17.724670,23,16,2,-0.014232,0.007131,-0.048020,0.302033,-0.090729,0.948959,-13.476740,1.645203,33.293210,-0.984609,0.103231,-0.140956,0.000000,0.000000,0.000000,0.000000,0,0,2.544785,2.487457,166.223400,0.000000,-13.526560,1.647985,33.284810,347.681900,244.385000,357.934300,104.047200,98.172010,0.300000,1000.000000,0.900730,2468,2740,50.000000,off
1767081146304,2025-12-30 15:52:26.304,1039.861000,17.735660,23,16,2,-0.009534,0.007167,-0.047864,0.263321,-0.078354,0.961502,-13.479630,1.645082,33.297560,-0.976945,0.119384,-0.176889,0.000000,0.000000,0.000000,0.000000,0,0,2.514160,2.488342,164.227300,0.000000,-13.527280,1.647963,33.285140,347.674500,244.538000,357.913300,104.047200,98.172010,0.300000,1000.000000,0.900730,2468,2740,50.000000,off
1767081146315,2025-12-30 15:52:26.315,1039.872000,17.746770,23,16,2,-0.027721,0.006872,-0.048111,0.328400,-0.089478,0.940277,-13.472290,1.645428,33.281250,-0.988874,0.102067,-0.108092,0.000000,0.000000,0.000000,0.000000,0,0,2.402527,2.410934,165.235200,0.000000,-13.528040,1.648017,33.285260,347.638900,244.701100,357.878000,104.047200,98.172010,0.300000,1000.000000,0.900730,2468,2740,50.000000,off
1767081146326,2025-12-30 15:52:26.326,1039.883000,17.757870,23,16,2,-0.027721,0.006872,-0.048111,0.328400,-0.089478,0.940277,-13.473000,1.645345,33.281430,-0.989104,0.102931,-0.105127,0.000000,0.000000,0.000000,0.000000,0,0,2.402527,2.410934,165.235200,0.000000,-13.528730,1.647974,33.285610,347.577000,244.873500,357.850900,104.047200,98.172010,0.300000,1000.000000,0.900730,2468,2740,50.000000,off
1767081146337,2025-12-30 15:52:26.337,1039.894000,17.768980,23,16,2,-0.014232,0.007131,-0.048020,0.302033,-0.090729,0.948959,-13.479650,1.645157,33.293670,-0.985956,0.104919,-0.129852,0.000000,0.000000,0.000000,0.000000,0,0,2.544785,2.487457,664.924900,0.000000,-13.529550,1.648027,33.285830,347.542200,245.039300,357.811300,104.047200,98.172010,0.300000,1000.000000,0.900730,2468,2740,50.000000,off
1767081146348,2025-12-30 15:52:26.348,1039.906000,17.780210,23,16,2,-0.002634,0.007183,-0.047363,0.270706,-0.077133,0.959564,-13.485870,1.644859,33.304040,-0.979921,0.122015,-0.157680,0.000000,0.000000,0.000000,0.000000,0,0,2.550278,2.506058,173280.800000,0.000000,-13.530270,1.647992,33.286130,347.514700,245.221400,357.792900,104.047200,98.172010,0.300000,1000.000000,0.900730,2468,2740,50.000000,off
1767081146359,2025-12-30 15:52:26.359,1039.917000,17.791200,23,16,2,-0.002634,0.007183,-0.047363,0.270706,-0.077133,0.959564,-13.486670,1.644742,33.304280,-0.980400,0.121714,-0.154909,0.000000,0.000000,0.000000,0.000000,0,0,2.550278,2.506058,173280.800000,0.000000,-13.531120,1.647860,33.286500,347.531300,245.384800,357.787600,104.047200,98.172010,0.300000,1000.000000,0.900730,2468,2740,50.000000,off
1767081146371,2025-12-30 15:52:26.371,1039.928000,17.802310,23,16,2,0.007517,0.007408,-0.047282,0.244431,-0.083801,0.966034,-13.491650,1.644461,33.313610,-0.976821,0.117263,-0.179053,0.000000,0.000000,0.000000,0.000000,0,0,2.524033,2.456940,2.643994,0.000000,-13.531860,1.647706,33.286770,347.553300,245.566700,357.796700,104.047200,98.172010,0.300000,1000.000000,0.900730,2468,2740,50.000000,off
1767081146381,2025-12-30 15:52:26.381,1039.939000,17.813420,23,16,2,0.002640,0.007400,-0.047513,0.234161,-0.078079,0.969040,-13.490010,1.644449,33.309510,-0.974838,0.122728,-0.185998,0.000000,0.000000,0.000000,0.000000,0,0,2.490051,2.401443,2643.636000,0.000000,-13.532540,1.647508,33.287130,347.623900,245.738000,357.806200,104.047200,98.172010,0.300000,1000.000000,0.900730,2468,2740,50.000000,off
1767081146393,2025-12-30 15:52:26.393,1039.950000,17.824650,23,16,2,-0.000774,0.007428,-0.047807,0.225327,-0.082352,0.970779,-13.488990,1.644456,33.306640,-0.974145,0.118351,-0.192358,0.000000,0.000000,0.000000,0.000000,0,0,2.498672,2.409866,10638.300000,0.000000,-13.533290,1.647377,33.287380,347.678700,245.909900,357.810400,104.047200,98.172010,0.300000,1000.000000,0.900730,2468,2740,50.000000,off
1767081146404,2025-12-30 15:52:26.404,1039.961000,17.835630,23,16,2,-0.000774,0.007428,-0.047807,0.225327,-0.082352,0.970779,-13.489590,1.644305,33.306880,-0.974752,0.117687,-0.189670,0.000000,0.000000,0.000000,0.000000,0,0,2.498672,2.409866,10638.300000,0.000000,-13.533940,1.647192,33.287730,347.719400,246.069300,357.816700,104.047200,98.172010,0.300000,1000.000000,0.900730,2468,2740,50.000000,off
1767081146414,2025-12-30 15:52:26.414,1039.972000,17.846740,23,16,2,-0.004825,0.007354,-0.047901,0.231628,-0.082703,0.969269,-13.488520,1.644359,33.303280,-0.976612,0.116130,-0.180877,0.000000,0.000000,0.000000,0.000000,0,0,2.632233,2.397690,166.207800,0.000000,-13.534650,1.647153,33.287920,347.760600,246.217000,357.825900,104.047200,98.172010,0.300000,1000.000000,0.900730,2468,2740,50.000000,off
1767081146426,2025-12-30 15:52:26.426,1039.983000,17.857850,23,16,2,0.012378,0.007493,-0.047255,0.198837,-0.090149,0.975861,-13.496730,1.643883,33.318940,-0.970872,0.111343,-0.212078,0.000000,0.000000,0.000000,0.000000,0,0,2.561539,2.420746,2691.512000,0.000000,-13.535320,1.647030,33.288220,347.771500,246.343800,357.842800,104.047200,98.172010,0.300000,1000.000000,0.900730,2468,2740,50.000000,off
1767081146437,2025-12-30 15:52:26.437,1039.994000,17.868960,23,16,2,0.012378,0.007493,-0.047255,0.198837,-0.090149,0.975861,-13.497450,1.643856,33.319090,-0.971433,0.110904,-0.209725,0.000000,0.000000,0.000000,0.000000,0,0,2.561539,2.420746,2691.512000,0.000000,-13.536120,1.646972,33.288470,347.802100,246.481400,357.867100,104.047200,98.172010,0.300000,1000.000000,0.900730,2468,2740,50.000000,off
1767081146448,2025-12-30 15:52:26.448,1040.005000,17.880070,23,16,2,-0.000774,0.007428,-0.047807,0.225327,-0.082352,0.970779,-13.492290,1.644067,33.307400,-0.976690,0.115638,-0.180752,0.000000,0.000000,0.000000,0.000000,0,0,2.498672,2.409866,10.575730,0.000000,-13.536820,1.646838,33.288670,347.857100,246.591900,357.889400,104.047200,98.172010,0.300000,1000.000000,0.900730,2468,2740,50.000000,off
1767081146459,2025-12-30 15:52:26.459,1040.017000,17.891170,23,16,2,-0.004825,0.007354,-0.047901,0.231628,-0.082703,0.969269,-13.491230,1.644047,33.303850,-0.978354,0.113804,-0.172759,0.000000,0.000000,0.000000,0.000000,0,0,2.632233,2.397690,2739.574000,0.000000,-13.537490,1.646718,33.288870,347.913100,246.693400,357.889100,104.047200,98.172010,0.300000,1000.000000,0.900730,2468,2740,50.000000,off
1767081146470,2025-12-30 15:52:26.470,1040.028000,17.902280,23,16,2,-0.004825,0.007354,-0.047901,0.231628,-0.082703,0.969269,-13.491890,1.643944,33.303920,-0.978719,0.112860,-0.171303,0.000000,0.000000,0.000000,0.000000,0,0,2.632233,2.397690,2739.574000,0.000000,-13.538180,1.646569,33.289020,347.965600,246.782600,357.874300,104.047200,98.172010,0.300000,1000.000000,0.900730,2468,2740,50.000000,off
1767081146481,2025-12-30 15:52:26.481,1040.039000,17.913390,23,16,2,0.013004,0.007497,-0.047137,0.208984,-0.092606,0.973511,-13.500390,1.643436,33.320100,-0.975459,0.104094,-0.193955,0.000000,0.000000,0.000000,0.000000,0,0,2.640915,2.498245,10.388720,0.000000,-13.538890,1.646380,33.289180,348.006800,246.837900,357.847800,104.047200,98.172010,0.300000,1000.000000,0.900730,2468,2740,50.000000,off
1767081146492,2025-12-30 15:52:26.492,1040.050000,17.924620,23,16,2,0.003970,0.007423,-0.047373,0.199966,-0.079910,0.976532,-13.497250,1.643532,33.311940,-0.972584,0.116540,-0.201209,0.000000,0.000000,0.000000,0.000000,0,0,2.519043,2.548767,165.219500,0.000000,-13.539590,1.646228,33.289250,348.055000,246.883900,357.816800,104.047200,98.172010,0.300000,1000.000000,0.900730,2468,2740,50.000000,off
1767081146504,2025-12-30 15:52:26.504,1040.061000,17.935610,23,16,2,-0.017940,0.007149,-0.047969,0.208527,-0.068649,0.975601,-13.488560,1.643890,33.292160,-0.973317,0.125872,-0.191847,0.000000,0.000000,0.000000,0.000000,0,0,2.553955,2.410843,165.219500,0.000000,-13.540140,1.646098,33.289330,348.116000,246.881900,357.779400,104.047200,98.172010,0.300000,1000.000000,0.900730,2468,2740,50.000000,off
1767081146515,2025-12-30 15:52:26.515,1040.072000,17.946840,23,16,2,-0.017940,0.007149,-0.047969,0.208527,-0.068649,0.975601,-13.489180,1.643716,33.292230,-0.973408,0.124766,-0.192106,0.000000,0.000000,0.000000,0.000000,0,0,2.553955,2.410843,165.219500,0.000000,-13.540770,1.645864,33.289380,348.174300,246.872600,357.745700,104.047200,98.172010,0.300000,1000.000000,0.900730,2468,2740,50.000000,off
1767081146526,2025-12-30 15:52:26.526,1040.083000,17.958070,23,16,2,-0.026911,0.007114,-0.048473,0.220932,-0.060028,0.973434,-13.485680,1.643872,33.284230,-0.974953,0.131356,-0.179450,0.000000,0.000000,0.000000,0.000000,0,0,2.563904,2.571350,10.263230,0.000000,-13.541300,1.645749,33.289380,348.215400,246.847900,357.684700,104.047200,98.172010,0.300000,1000.000000,0.900730,2468,2740,50.000000,off
1767081146537,2025-12-30 15:52:26.537,1040.094000,17.968930,23,16,2,-0.003128,0.007108,-0.045659,0.046860,-0.015991,0.998764,-13.498300,1.643515,33.305050,-0.920346,0.185790,-0.344131,0.000000,0.000000,0.000000,0.000000,0,0,2.701233,2.735733,0.637561,0.000000,-13.541860,1.645731,33.289470,348.253800,246.805800,357.635900,104.047200,98.172010,0.300000,1000.000000,0.900730,2468,2740,50.000000,off
1767081146548,2025-12-30 15:52:26.548,1040.105000,17.979920,23,16,2,-0.003128,0.007108,-0.045659,0.046860,-0.015991,0.998764,-13.498820,1.643468,33.305100,-0.920094,0.185487,-0.344969,0.000000,0.000000,0.000000,0.000000,0,0,2.701233,2.735733,0.637561,0.000000,-13.542360,1.645669,33.289470,348.268700,246.756200,357.575900,104.047200,98.172010,0.300000,1000.000000,0.900730,2468,2740,50.000000,off
1767081146559,2025-12-30 15:52:26.559,1040.116000,17.991030,23,16,2,-0.017940,0.007149,-0.047969,0.208527,-0.068649,0.975601,-13.491370,1.643747,33.292480,-0.973020,0.122298,-0.195627,0.000000,0.000000,0.000000,0.000000,0,0,2.553955,2.410843,2.565991,0.000000,-13.542950,1.645747,33.289430,348.279400,246.688100,357.550100,104.047200,98.172010,0.300000,1000.000000,0.900730,2468,2740,50.000000,off
1767081146570,2025-12-30 15:52:26.570,1040.128000,18.002260,23,16,2,-0.026911,0.007114,-0.048473,0.220932,-0.060028,0.973434,-13.487850,1.643955,33.284510,-0.974407,0.129475,-0.183731,0.000000,0.000000,0.000000,0.000000,0,0,2.563904,2.571350,2.565930,0.000000,-13.543510,1.645699,33.289400,348.294700,246.612500,357.539700,104.047200,98.172010,0.300000,1000.000000,0.900730,2468,2740,50.000000,off
1767081146581,2025-12-30 15:52:26.581,1040.139000,18.013370,23,16,2,-0.001834,0.007128,-0.045573,0.047455,-0.008606,0.998825,-13.501020,1.643423,33.306430,-0.917909,0.191681,-0.347390,0.000000,0.000000,0.000000,0.000000,0,0,2.684891,2.661118,41.804870,0.000000,-13.543900,1.645593,33.289470,348.326200,246.523200,357.531900,104.047200,98.172010,0.300000,1000.000000,0.900730,2468,2740,50.000000,off
1767081146593,2025-12-30 15:52:26.593,1040.150000,18.024350,23,16,2,-0.001834,0.007128,-0.045573,0.047455,-0.008606,0.998825,-13.501540,1.643394,33.306510,-0.917375,0.191418,-0.348942,0.000000,0.000000,0.000000,0.000000,0,0,2.684891,2.661118,41.804870,0.000000,-13.544390,1.645551,33.289470,348.341700,246.427600,357.535200,104.047200,98.172010,0.300000,1000.000000,0.900730,2468,2740,50.000000,off
1767081146604,2025-12-30 15:52:26.604,1040.161000,18.035580,23,16,2,0.001041,0.007217,-0.045506,0.053070,-0.008316,0.998550,-13.503080,1.643249,33.309440,-0.918837,0.190953,-0.345348,0.000000,0.000000,0.000000,0.000000,0,0,2.782166,2.696289,41.805850,0.000000,-13.544680,1.645405,33.289720,348.368600,246.325700,357.538100,104.047200,98.172010,0.300000,1000.000000,0.900730,2468,2740,50.000000,off
1767081146615,2025-12-30 15:52:26.615,1040.172000,18.046690,23,16,2,-0.014091,0.006961,-0.045901,0.072159,-0.017624,0.997223,-13.496960,1.643538,33.295890,-0.926393,0.180386,-0.330497,0.000000,0.000000,0.000000,0.000000,0,0,2.819077,2.662338,0.649295,0.000000,-13.545050,1.645368,33.289740,348.390500,246.206900,357.529100,104.047200,98.172010,0.300000,1000.000000,0.900730,2468,2740,50.000000,off
1767081146626,2025-12-30 15:52:26.626,1040.183000,18.058040,23,16,2,-0.004143,0.007126,-0.045541,0.058594,-0.006882,0.998245,-13.501610,1.643220,33.305090,-0.919243,0.191357,-0.344021,0.000000,0.000000,0.000000,0.000000,0,0,2.744949,2.714920,0.653216,0.000000,-13.545280,1.645221,33.289910,348.408100,246.080200,357.507900,104.047200,98.172010,0.300000,1000.000000,0.900730,2468,2740,50.000000,off
1767081146637,2025-12-30 15:52:26.637,1040.194000,18.068910,23,16,2,-0.004143,0.007126,-0.045541,0.058594,-0.006882,0.998245,-13.501970,1.643139,33.305260,-0.918557,0.190914,-0.346092,0.000000,0.000000,0.000000,0.000000,0,0,2.744949,2.714920,0.653216,0.000000,-13.545610,1.645119,33.289980,348.433100,245.953400,357.493200,104.047200,98.172010,0.300000,1000.000000,0.900730,2468,2740,50.000000,off
1767081146648,2025-12-30 15:52:26.648,1040.205000,18.080020,23,16,2,0.011292,0.007329,-0.044860,0.044464,0.002747,0.998993,-13.509310,1.642737,33.319170,-0.911202,0.200919,-0.359602,0.000000,0.000000,0.000000,0.000000,0,0,2.767166,2.685440,2.613049,0.000000,-13.545910,1.645042,33.290040,348.441800,245.857400,357.459400,104.047200,98.172010,0.300000,1000.000000,0.900730,2468,2740,50.000000,off
1767081146659,2025-12-30 15:52:26.659,1040.217000,18.091130,23,16,2,0.004585,0.007197,-0.044809,0.060532,0.014984,0.998047,-13.506880,1.642884,33.313320,-0.914517,0.211547,-0.344807,0.000000,0.000000,0.000000,0.000000,0,0,2.701523,2.671783,41.805850,0.000000,-13.546170,1.645001,33.290240,348.466000,245.754700,357.411700,104.047200,98.172010,0.300000,1000.000000,0.900730,2468,2740,50.000000,off
1767081146670,2025-12-30 15:52:26.670,1040.228000,18.102230,23,16,2,0.004585,0.007197,-0.044809,0.060532,0.014984,0.998047,-13.507200,1.642825,33.313470,-0.914141,0.211329,-0.345938,0.000000,0.000000,0.000000,0.000000,0,0,2.701523,2.671783,41.805850,0.000000,-13.546460,1.644940,33.290340,348.475400,245.684400,357.356600,104.047200,98.172010,0.300000,1000.000000,0.900730,2468,2740,50.000000,off
1767081146681,2025-12-30 15:52:26.681,1040.239000,18.113340,23,16,2,-0.004143,0.007126,-0.045541,0.058594,-0.006882,0.998245,-13.503100,1.642921,33.306140,-0.916548,0.189866,-0.351944,0.000000,0.000000,0.000000,0.000000,0,0,2.744949,2.714920,10.388230,0.000000,-13.546640,1.644847,33.290560,348.482100,245.595300,357.282600,104.047200,98.172010,0.300000,1000.000000,0.900730,2468,2740,50.000000,off
1767081146692,2025-12-30 15:52:26.692,1040.250000,18.124450,23,16,2,0.011292,0.007329,-0.044860,0.044464,0.002747,0.998993,-13.510490,1.642490,33.320140,-0.909094,0.199952,-0.365429,0.000000,0.000000,0.000000,0.000000,0,0,2.767166,2.685440,10.200980,0.000000,-13.546900,1.644799,33.290770,348.489200,245.495500,357.254000,104.047200,98.172010,0.300000,1000.000000,0.900730,2468,2740,50.000000,off
1767081146703,2025-12-30 15:52:26.703,1040.261000,18.135440,23,16,2,0.011292,0.007329,-0.044860,0.044464,0.002747,0.998993,-13.510750,1.642413,33.320330,-0.908322,0.199864,-0.367394,0.000000,0.000000,0.000000,0.000000,0,0,2.767166,2.685440,10.200980,0.000000,-13.547090,1.644725,33.290870,348.493200,245.372200,357.226000,104.047200,98.172010,0.300000,1000.000000,0.900730,2468,2740,50.000000,off
1767081146714,2025-12-30 15:52:26.714,1040.272000,18.146550,23,16,2,0.001074,0.007252,-0.045305,0.064713,0.009323,0.997849,-13.506190,1.642588,33.311580,-0.914102,0.205068,-0.349772,0.000000,0.000000,0.000000,0.000000,0,0,2.788483,2.585251,10.325730,0.000000,-13.547210,1.644578,33.291100,348.494900,245.248000,357.212600,104.047200,98.172010,0.300000,1000.000000,0.900730,2468,2740,50.000000,off
1767081146726,2025-12-30 15:52:26.726,1040.283000,18.157780,23,16,2,0.002975,0.007336,-0.045394,0.064072,0.007751,0.997910,-13.507120,1.642521,33.313590,-0.913335,0.203112,-0.352921,0.000000,0.000000,0.000000,0.000000,0,0,2.814163,2.690063,10.325730,0.000000,-13.547360,1.644516,33.291240,348.521400,245.103400,357.205000,104.047200,98.172010,0.300000,1000.000000,0.900730,2468,2740,50.000000,off
1767081146737,2025-12-30 15:52:26.737,1040.294000,18.168880,23,16,2,0.002803,0.007311,-0.045304,0.064468,0.002640,0.997910,-13.507350,1.642493,33.313720,-0.913486,0.197713,-0.355584,0.000000,0.000000,0.000000,0.000000,0,0,2.806870,2.720932,10.263720,0.000000,-13.547530,1.644467,33.291460,348.544000,244.957100,357.214200,104.047200,98.172010,0.300000,1000.000000,0.900730,2468,2740,50.000000,off
1767081146748,2025-12-30 15:52:26.748,1040.305000,18.179990,23,16,2,0.002803,0.007311,-0.045304,0.064468,0.002640,0.997910,-13.507620,1.642467,33.313960,-0.912832,0.197022,-0.357643,0.000000,0.000000,0.000000,0.000000,0,0,2.806870,2.720932,10.263720,0.000000,-13.547750,1.644409,33.291620,348.584400,244.831600,357.212700,104.047200,98.172010,0.300000,1000.000000,0.900730,2468,2740,50.000000,off
1767081146759,2025-12-30 15:52:26.759,1040.317000,18.191100,23,16,2,-0.002157,0.007486,-0.046341,0.070282,0.004868,0.997513,-13.504670,1.642638,33.310220,-0.914084,0.198118,-0.353829,0.000000,0.000000,0.000000,0.000000,0,0,2.827103,2.633911,0.040094,0.000000,-13.547860,1.644343,33.291800,348.627400,244.718400,357.216200,104.047200,98.172010,0.300000,1000.000000,0.900730,2468,2740,50.000000,off
1767081146770,2025-12-30 15:52:26.770,1040.328000,18.202090,23,16,2,0.000901,0.007493,-0.046069,0.081268,0.013000,0.996597,-13.506440,1.642481,33.313100,-0.916191,0.204931,-0.344352,0.000000,0.000000,0.000000,0.000000,0,0,2.753174,2.635620,0.160374,0.000000,-13.548020,1.644250,33.291970,348.653000,244.606800,357.208200,104.047200,98.172010,0.300000,1000.000000,0.900730,2468,2740,50.000000,off
1767081146781,2025-12-30 15:52:26.781,1040.339000,18.213320,23,16,2,0.002803,0.007311,-0.045304,0.064468,0.002640,0.997910,-13.508070,1.642323,33.314770,-0.911218,0.194952,-0.362855,0.000000,0.000000,0.000000,0.000000,0,0,2.806870,2.720932,0.160371,0.000000,-13.548080,1.644172,33.292200,348.703200,244.515300,357.175800,104.047200,98.172010,0.300000,1000.000000,0.900730,2468,2740,50.000000,off
1767081146792,2025-12-30 15:52:26.792,1040.350000,18.224300,23,16,2,0.002803,0.007311,-0.045304,0.064468,0.002640,0.997910,-13.508230,1.642320,33.315080,-0.910665,0.194234,-0.364621,0.000000,0.000000,0.000000,0.000000,0,0,2.806870,2.720932,0.160371,0.000000,-13.548190,1.644141,33.292430,348.742200,244.408100,357.127200,104.047200,98.172010,0.300000,1000.000000,0.900730,2468,2740,50.000000,off
1767081146804,2025-12-30 15:52:26.804,1040.361000,18.235530,23,16,2,-0.001198,0.007468,-0.046179,0.074753,0.009628,0.997147,-13.505800,1.642429,33.312100,-0.912852,0.199704,-0.356094,0.000000,0.000000,0.000000,0.000000,0,0,2.780563,2.716507,0.633655,0.000000,-13.548280,1.644038,33.292550,348.781100,244.291400,357.083800,104.047200,98.172010,0.300000,1000.000000,0.900730,2468,2740,50.000000,off
1767081146815,2025-12-30 15:52:26.815,1040.372000,18.246520,23,16,2,0.003554,0.007516,-0.045887,0.077301,0.021500,0.996765,-13.508260,1.642231,33.316490,-0.911123,0.210433,-0.354332,0.000000,0.000000,0.000000,0.000000,0,0,2.699524,2.618622,0.040583,0.000000,-13.548340,1.643944,33.292710,348.819300,244.154800,357.046800,104.047200,98.172010,0.300000,1000.000000,0.900730,2468,2740,50.000000,off
1767081146826,2025-12-30 15:52:26.826,1040.383000,18.258000,23,16,2,0.003554,0.007516,-0.045887,0.077301,0.021500,0.996765,-13.508330,1.642175,33.316670,-0.910471,0.209036,-0.356827,0.000000,0.000000,0.000000,0.000000,0,0,2.699524,2.618622,0.040583,0.000000,-13.548340,1.643825,33.292780,348.899900,244.005800,357.027300,104.047200,98.172010,0.300000,1000.000000,0.900730,2468,2740,50.000000,off
1767081146837,2025-12-30 15:52:26.837,1040.394000,18.268860,23,16,2,0.003830,0.007484,-0.045711,0.075226,0.013794,0.997070,-13.508700,1.642083,33.317080,-0.910227,0.200529,-0.362318,0.000000,0.000000,0.000000,0.000000,0,0,2.803314,2.722260,2.566174,0.000000,-13.548370,1.643694,33.292910,348.964700,243.854900,357.015700,104.047200,98.172010,0.300000,1000.000000,0.900730,2468,2740,50.000000,off
1767081146849,2025-12-30 15:52:26.849,1040.405000,18.279970,23,16,2,-0.000070,0.007455,-0.045921,0.080948,0.016113,0.996582,-13.506840,1.642176,33.313870,-0.911276,0.201449,-0.359141,0.000000,0.000000,0.000000,0.000000,0,0,2.687622,2.698151,0.649295,0.000000,-13.548380,1.643610,33.292980,349.020300,243.706800,357.001200,104.047200,98.172010,0.300000,1000.000000,0.900730,2468,2740,50.000000,off
1767081146859,2025-12-30 15:52:26.859,1040.417000,18.291080,23,16,2,-0.006368,0.007331,-0.045897,0.105591,0.016281,0.994263,-13.504030,1.642315,33.308460,-0.919844,0.199213,-0.337897,0.000000,0.000000,0.000000,0.000000,0,0,2.818588,2.692429,2.565870,0.000000,-13.548350,1.643508,33.293130,349.057300,243.601900,356.966000,104.047200,98.172010,0.300000,1000.000000,0.900730,2468,2740,50.000000,off
1767081146870,2025-12-30 15:52:26.870,1040.427000,18.302060,23,16,2,-0.006368,0.007331,-0.045897,0.105591,0.016281,0.994263,-13.504060,1.642258,33.308660,-0.919228,0.198787,-0.339818,0.000000,0.000000,0.000000,0.000000,0,0,2.818588,2.692429,2.565870,0.000000,-13.548350,1.643430,33.293240,349.078100,243.484100,356.925400,104.047200,98.172010,0.300000,1000.000000,0.900730,2468,2740,50.000000,off
1767081146881,2025-12-30 15:52:26.881,1040.439000,18.313170,23,16,2,-0.004917,0.007128,-0.044987,0.114395,0.018097,0.993256,-13.505540,1.642058,33.309630,-0.921729,0.199362,-0.332629,0.000000,0.000000,0.000000,0.000000,0,0,2.799820,2.731110,2.565870,0.000000,-13.548320,1.643309,33.293270,349.104700,243.404700,356.875700,104.047200,98.172010,0.300000,1000.000000,0.900730,2468,2740,50.000000,off
1767081146892,2025-12-30 15:52:26.892,1040.450000,18.324280,23,16,2,-0.000070,0.007455,-0.045921,0.080948,0.016113,0.996582,-13.506890,1.641837,33.314560,-0.909337,0.199017,-0.365359,0.000000,0.000000,0.000000,0.000000,0,0,2.687622,2.698151,0.641483,0.000000,-13.548290,1.643168,33.293380,349.147300,243.327100,356.808800,104.047200,98.172010,0.300000,1000.000000,0.900730,2468,2740,50.000000,off
1767081146903,2025-12-30 15:52:26.903,1040.461000,18.335390,23,16,2,-0.000070,0.007455,-0.045921,0.080948,0.016113,0.996582,-13.506810,1.641712,33.314720,-0.909023,0.198321,-0.366517,0.000000,0.000000,0.000000,0.000000,0,0,2.687622,2.698151,0.641483,0.000000,-13.548180,1.643014,33.293480,349.184400,243.257600,356.763900,104.047200,98.172010,0.300000,1000.000000,0.900730,2468,2740,50.000000,off
1767081146914,2025-12-30 15:52:26.914,1040.472000,18.346500,23,16,2,-0.006368,0.007331,-0.045897,0.105591,0.016281,0.994263,-13.503850,1.641802,33.309440,-0.917987,0.195874,-0.344828,0.000000,0.000000,0.000000,0.000000,0,0,2.818588,2.692429,10.201710,0.000000,-13.548050,1.642832,33.293750,349.226800,243.186000,356.715400,104.047200,98.172010,0.300000,1000.000000,0.900730,2468,2740,50.000000,off
1767081146926,2025-12-30 15:52:26.926,1040.483000,18.357600,23,16,2,-0.004550,0.007089,-0.044774,0.114807,0.015198,0.993256,-13.505610,1.641564,33.310710,-0.921260,0.193533,-0.337332,0.000000,0.000000,0.000000,0.000000,0,0,2.791641,2.671005,0.641498,0.000000,-13.547940,1.642699,33.293900,349.258200,243.128600,356.696800,104.047200,98.172010,0.300000,1000.000000,0.900730,2468,2740,50.000000,off
1767081146937,2025-12-30 15:52:26.937,1040.494000,18.368840,23,16,2,-0.004964,0.007222,-0.045199,0.128754,0.029739,0.991226,-13.504830,1.641520,33.310890,-0.923751,0.205992,-0.322868,0.000000,0.000000,0.000000,0.000000,0,0,2.881958,2.759872,41.306830,0.000000,-13.547720,1.642550,33.294210,349.293600,243.084900,356.680200,104.047200,98.172010,0.300000,1000.000000,0.900730,2468,2740,50.000000,off
1767081146948,2025-12-30 15:52:26.948,1040.505000,18.379820,23,16,2,-0.004964,0.007222,-0.045199,0.128754,0.029739,0.991226,-13.504730,1.641458,33.311130,-0.923674,0.205619,-0.323325,0.000000,0.000000,0.000000,0.000000,0,0,2.881958,2.759872,41.306830,0.000000,-13.547620,1.642470,33.294420,349.318200,243.059200,356.698900,104.047200,98.172010,0.300000,1000.000000,0.900730,2468,2740,50.000000,off
1767081146959,2025-12-30 15:52:26.959,1040.516000,18.390930,23,16,2,-0.004504,0.007084,-0.044672,0.134476,0.023453,0.990631,-13.505260,1.641374,33.311530,-0.926657,0.198745,-0.319048,0.000000,0.000000,0.000000,0.000000,0,0,2.804581,2.733139,41.306830,0.000000,-13.547450,1.642436,33.294670,349.335700,243.048400,356.709500,104.047200,98.172010,0.300000,1000.000000,0.900730,2468,2740,50.000000,off
1767081146970,2025-12-30 15:52:26.970,1040.528000,18.402160,23,16,2,-0.000857,0.007692,-0.046532,0.109955,0.021225,0.993698,-13.505050,1.641346,33.315990,-0.918347,0.198296,-0.342483,0.000000,0.000000,0.000000,0.000000,0,0,2.800323,2.581451,10.451470,0.000000,-13.547270,1.642352,33.294990,349.347900,243.045500,356.706400,104.047200,98.172010,0.300000,1000.000000,0.900730,2468,2740,50.000000,off
1767081146981,2025-12-30 15:52:26.981,1040.539000,18.413150,23,16,2,-0.000857,0.007692,-0.046532,0.109955,0.021225,0.993698,-13.504880,1.641302,33.316250,-0.918397,0.198181,-0.342414,0.000000,0.000000,0.000000,0.000000,0,0,2.800323,2.581451,10.451470,0.000000,-13.547110,1.642302,33.295240,349.355700,243.050600,356.715800,104.047200,98.172010,0.300000,1000.000000,0.900730,2468,2740,50.000000,off
1767081146992,2025-12-30 15:52:26.992,1040.550000,18.424260,23,16,2,0.005101,0.007488,-0.045277,0.119522,0.032974,0.992279,-13.508620,1.640943,33.321230,-0.920023,0.208682,-0.331662,0.000000,0.000000,0.000000,0.000000,0,0,2.859024,2.669327,0.653262,0.000000,-13.546970,1.642235,33.295550,349.369700,243.056500,356.720600,104.047200,98.172010,0.300000,1000.000000,0.900730,2468,2740,50.000000,off
1767081147004,2025-12-30 15:52:27.004,1040.561000,18.435360,23,16,2,-0.004504,0.007084,-0.044672,0.134476,0.023453,0.990631,-13.504570,1.641162,33.312660,-0.926945,0.197625,-0.318907,0.000000,0.000000,0.000000,0.000000,0,0,2.804581,2.733139,0.162339,0.000000,-13.546770,1.642172,33.295800,349.402900,243.063600,356.717400,104.047200,98.172010,0.300000,1000.000000,0.900730,2468,2740,50.000000,off
1767081147015,2025-12-30 15:52:27.015,1040.572000,18.446590,23,16,2,-0.000857,0.007692,-0.046532,0.109955,0.021225,0.993698,-13.504380,1.641114,33.317020,-0.918746,0.197070,-0.342119,0.000000,0.000000,0.000000,0.000000,0,0,2.800323,2.581451,0.661106,0.000000,-13.546610,1.642057,33.296040,349.424300,243.075800,356.743500,104.047200,98.172010,0.300000,1000.000000,0.900730,2468,2740,50.000000,off
1767081147026,2025-12-30 15:52:27.026,1040.583000,18.458070,23,16,2,-0.000857,0.007692,-0.046532,0.109955,0.021225,0.993698,-13.504180,1.641100,33.317300,-0.919005,0.196216,-0.341914,0.000000,0.000000,0.000000,0.000000,0,0,2.800323,2.581451,0.661106,0.000000,-13.546420,1.641999,33.296330,349.478600,243.094100,356.780500,104.047200,98.172010,0.300000,1000.000000,0.900730,2468,2740,50.000000,off
1767081147036,2025-12-30 15:52:27.036,1040.594000,18.468690,23,16,2,0.006432,0.007729,-0.046003,0.110352,0.022232,0.993637,-13.507740,1.640730,33.323890,-0.919255,0.196587,-0.341044,0.000000,0.000000,0.000000,0.000000,0,0,2.778305,2.672043,0.664920,0.000000,-13.546180,1.641867,33.296710,349.515100,243.120000,356.799600,104.047200,98.172010,0.300000,1000.000000,0.900730,2468,2740,50.000000,off
1767081147048,2025-12-30 15:52:27.048,1040.605000,18.479920,23,16,2,0.005008,0.007721,-0.046114,0.113083,0.020462,0.993362,-13.506830,1.640740,33.322980,-0.920678,0.194308,-0.338486,0.000000,0.000000,0.000000,0.000000,0,0,2.779465,2.778961,2.581616,0.000000,-13.546030,1.641809,33.297040,349.536100,243.137500,356.807300,104.047200,98.172010,0.300000,1000.000000,0.900730,2468,2740,50.000000,off
1767081147059,2025-12-30 15:52:27.059,1040.616000,18.490910,23,16,2,0.005008,0.007721,-0.046114,0.113083,0.020462,0.993362,-13.506620,1.640678,33.323240,-0.920932,0.193935,-0.338008,0.000000,0.000000,0.000000,0.000000,0,0,2.779465,2.778961,2.581616,0.000000,-13.545830,1.641729,33.297320,349.557600,243.169300,356.803900,104.047200,98.172010,0.300000,1000.000000,0.900730,2468,2740,50.000000,off
1767081147070,2025-12-30 15:52:27.070,1040.628000,18.502140,23,16,2,0.002809,0.007664,-0.046148,0.113998,0.023163,0.993210,-13.505320,1.640638,33.321690,-0.921126,0.196077,-0.336271,0.000000,0.000000,0.000000,0.000000,0,0,2.780746,2.652466,0.040579,0.000000,-13.545580,1.641614,33.297730,349.579900,243.202600,356.776600,104.047200,98.172010,0.300000,1000.000000,0.900730,2468,2740,50.000000,off
1767081147081,2025-12-30 15:52:27.081,1040.639000,18.513120,23,16,2,0.001007,0.007261,-0.045217,0.121735,0.023285,0.992279,-13.505170,1.640442,33.319870,-0.923944,0.195165,-0.328965,0.000000,0.000000,0.000000,0.000000,0,0,2.863464,2.734421,0.649325,0.000000,-13.545390,1.641531,33.297970,349.601000,243.205600,356.740100,104.047200,98.172010,0.300000,1000.000000,0.900730,2468,2740,50.000000,off
1767081147092,2025-12-30 15:52:27.092,1040.650000,18.524230,23,16,2,0.019819,0.006869,-0.044700,0.010300,-0.277298,0.960724,-13.514040,1.639003,33.336560,-0.885714,-0.099956,-0.453333,-25.150800,0.325753,27.380540,13.138230,Node15,NodeMarker,2.792618,2.794724,0.645374,0.000000,-13.545120,1.641421,33.298270,349.629400,243.218400,356.714400,104.047200,98.172010,0.300000,1000.000000,0.900730,2468,2740,50.000000,off
1767081147104,2025-12-30 15:52:27.104,1040.661000,18.535580,23,16,2,0.019819,0.006869,-0.044700,0.010300,-0.277298,0.960724,-13.513850,1.638948,33.336770,-0.885409,-0.100491,-0.453808,-25.148270,0.318479,27.373650,13.140090,Node15,NodeMarker,2.792618,2.794724,0.645374,0.000000,-13.544910,1.641351,33.298460,349.660400,243.193500,356.687900,104.047200,98.172010,0.300000,1000.000000,0.900730,2468,2740,50.000000,off
1767081147115,2025-12-30 15:52:27.115,1040.672000,18.546570,23,16,2,0.002809,0.007664,-0.046148,0.113998,0.023163,0.993210,-13.504450,1.640354,33.322650,-0.921301,0.194068,-0.336957,0.000000,0.000000,0.000000,0.000000,0,0,2.780746,2.652466,10.389210,0.000000,-13.544690,1.641250,33.298660,349.685500,243.169400,356.668900,104.047200,98.172010,0.300000,1000.000000,0.900730,2468,2740,50.000000,off
1767081147126,2025-12-30 15:52:27.126,1040.683000,18.557560,23,16,2,0.001007,0.007261,-0.045217,0.121735,0.023285,0.992279,-13.504280,1.640196,33.320740,-0.923963,0.193240,-0.330046,0.000000,0.000000,0.000000,0.000000,0,0,2.863464,2.734421,41.058790,0.000000,-13.544480,1.641203,33.298790,349.705100,243.148000,356.665600,104.047200,98.172010,0.300000,1000.000000,0.900730,2468,2740,50.000000,off
1767081147137,2025-12-30 15:52:27.137,1040.694000,18.569030,23,16,2,0.001007,0.007261,-0.045217,0.121735,0.023285,0.992279,-13.504070,1.640142,33.320960,-0.923710,0.193253,-0.330747,0.000000,0.000000,0.000000,0.000000,0,0,2.863464,2.734421,41.058790,0.000000,-13.544250,1.641150,33.298980,349.703900,243.104500,356.662800,104.047200,98.172010,0.300000,1000.000000,0.900730,2468,2740,50.000000,off
1767081147148,2025-12-30 15:52:27.148,1040.705000,18.579900,23,16,2,0.014790,0.006807,-0.044952,0.012772,-0.284119,0.958695,-13.510580,1.638971,33.333090,-0.884598,-0.108543,-0.453526,-25.146090,0.211256,27.367660,13.153320,Node15,NodeMarker,2.872452,2.810547,0.160378,0.000000,-13.544100,1.641164,33.299060,349.709400,243.076800,356.655100,104.047200,98.172010,0.300000,1000.000000,0.900730,2468,2740,50.000000,off
1767081147159,2025-12-30 15:52:27.159,1040.717000,18.591130,23,16,2,-0.002325,0.006517,-0.045416,0.029800,-0.279541,0.959656,-13.502130,1.639602,33.318170,-0.892421,-0.105111,-0.438757,-25.237530,0.257384,27.548480,13.149880,Node15,NodeMarker,2.863983,2.773666,10.326470,0.000000,-13.543900,1.641168,33.299100,349.724300,243.044000,356.657500,104.047200,98.172010,0.300000,1000.000000,0.900730,2468,2740,50.000000,off
1767081147170,2025-12-30 15:52:27.170,1040.728000,18.602360,23,16,2,-0.016537,0.006283,-0.045794,0.046616,-0.265152,0.963074,-13.495030,1.640114,33.305850,-0.900938,-0.091742,-0.424127,-25.382190,0.429652,27.709830,13.194140,Node15,NodeMarker,2.870300,2.827148,10.326470,0.000000,-13.543650,1.641144,33.299200,349.748000,243.001900,356.658900,104.047200,98.172010,0.300000,1000.000000,0.900730,2468,2740,50.000000,off
1767081147181,2025-12-30 15:52:27.181,1040.739000,18.613340,23,16,2,-0.016537,0.006283,-0.045794,0.046616,-0.265152,0.963074,-13.494820,1.640074,33.305890,-0.900370,-0.092326,-0.425206,-25.368890,0.422481,27.698270,13.187930,Node15,NodeMarker,2.870300,2.827148,10.326470,0.000000,-13.543440,1.641077,33.299180,349.781600,242.931300,356.660600,104.047200,98.172010,0.300000,1000.000000,0.900730,2468,2740,50.000000,off
1767081147192,2025-12-30 15:52:27.192,1040.750000,18.624330,23,16,2,-0.011736,0.006290,-0.045322,0.050262,-0.264023,0.963196,-13.497280,1.639836,33.309960,-0.901516,-0.092103,-0.422808,-25.402470,0.423544,27.726470,13.205620,Node15,NodeMarker,2.858337,2.804489,0.163312,0.000000,-13.543250,1.640994,33.299150,349.822500,242.865900,356.679400,104.047200,98.172010,0.300000,1000.000000,0.900730,2468,2740,50.000000,off
1767081147203,2025-12-30 15:52:27.203,1040.761000,18.635440,23,16,2,-0.004701,0.006374,-0.044929,0.039215,-0.259872,0.964844,-13.500670,1.639513,33.316000,-0.896781,-0.087673,-0.433695,-25.288170,0.487121,27.615410,13.144200,Node15,NodeMarker,2.871323,2.815598,41.804870,0.000000,-13.543020,1.640895,33.299100,349.855700,242.799400,356.700200,104.047200,98.172010,0.300000,1000.000000,0.900730,2468,2740,50.000000,off
1767081147215,2025-12-30 15:52:27.215,1040.772000,18.646550,23,16,2,-0.004701,0.006374,-0.044929,0.039215,-0.259872,0.964844,-13.500490,1.639437,33.315990,-0.896352,-0.088075,-0.434502,-25.280200,0.481963,27.605830,13.141810,Node15,NodeMarker,2.871323,2.815598,41.804870,0.000000,-13.542830,1.640803,33.299050,349.879500,242.740700,356.723300,104.047200,98.172010,0.300000,1000.000000,0.900730,2468,2740,50.000000,off
1767081147226,2025-12-30 15:52:27.226,1040.783000,18.657650,23,16,2,0.005462,0.006507,-0.044373,0.034287,-0.258942,0.965271,-13.505530,1.639075,33.324680,-0.893987,-0.087364,-0.439464,-25.242140,0.492123,27.555220,13.128220,Node15,NodeMarker,2.911316,2.802567,0.653232,0.000000,-13.542640,1.640757,33.298980,349.911900,242.699300,356.743900,104.047200,98.172010,0.300000,1000.000000,0.900730,2468,2740,50.000000,off
1767081147237,2025-12-30 15:52:27.237,1040.794000,18.668880,23,16,2,-0.011736,0.006290,-0.045322,0.050262,-0.264023,0.963196,-13.496500,1.639603,33.309890,-0.899940,-0.093965,-0.425747,-25.365220,0.400356,27.694990,13.188230,Node15,NodeMarker,2.858337,2.804489,41.557810,0.000000,-13.542430,1.640689,33.298920,349.932600,242.651900,356.761400,104.047200,98.172010,0.300000,1000.000000,0.900730,2468,2740,50.000000,off
1767081147248,2025-12-30 15:52:27.248,1040.805000,18.679870,23,16,2,-0.004701,0.006374,-0.044929,0.039215,-0.259872,0.964844,-13.499920,1.639266,33.315930,-0.895547,-0.089327,-0.435904,-25.266510,0.465591,27.588580,13.138980,Node15,NodeMarker,2.871323,2.815598,164.223500,0.000000,-13.542220,1.640576,33.298910,349.952200,242.640500,356.751100,104.047200,98.172010,0.300000,1000.000000,0.900730,2468,2740,50.000000,off
1767081147259,2025-12-30 15:52:27.259,1040.816000,18.690980,23,16,2,-0.004701,0.006374,-0.044929,0.039215,-0.259872,0.964844,-13.499750,1.639190,33.315890,-0.895166,-0.089859,-0.436576,-25.260200,0.458646,27.580270,13.137710,Node15,NodeMarker,2.871323,2.815598,164.223500,0.000000,-13.542050,1.640476,33.298840,349.982900,242.594100,356.758600,104.047200,98.172010,0.300000,1000.000000,0.900730,2468,2740,50.000000,off
1767081147270,2025-12-30 15:52:27.270,1040.828000,18.702210,23,16,2,0.008384,0.006545,-0.044236,0.028687,-0.259827,0.965210,-13.506350,1.638660,33.327100,-0.890246,-0.089626,-0.446535,-25.189220,0.462477,27.467140,13.122960,Node15,NodeMarker,2.919174,2.807983,10.263720,0.000000,-13.541910,1.640364,33.298780,350.009600,242.558300,356.764500,104.047200,98.172010,0.300000,1000.000000,0.900730,2468,2740,50.000000,off
1767081147281,2025-12-30 15:52:27.281,1040.839000,18.713200,23,16,2,0.015303,0.006653,-0.043997,0.017090,-0.261932,0.964920,-13.509630,1.638335,33.333010,-0.884352,-0.091731,-0.457688,-25.130500,0.432936,27.318750,13.140350,Node15,NodeMarker,2.882065,2.828903,0.645450,0.000000,-13.541730,1.640245,33.298660,350.045800,242.502500,356.775800,104.047200,98.172010,0.300000,1000.000000,0.900730,2468,2740,50.000000,off
1767081147292,2025-12-30 15:52:27.292,1040.850000,18.724300,23,16,2,0.015303,0.006653,-0.043997,0.017090,-0.261932,0.964920,-13.509520,1.638257,33.332910,-0.883948,-0.092275,-0.458358,-25.127640,0.425445,27.308510,13.143260,Node15,NodeMarker,2.882065,2.828903,0.645450,0.000000,-13.541590,1.640133,33.298520,350.077200,242.448000,356.812300,104.047200,98.172010,0.300000,1000.000000,0.900730,2468,2740,50.000000,off
1767081147304,2025-12-30 15:52:27.304,1040.861000,18.735530,23,16,2,0.013136,0.006631,-0.044120,0.020538,-0.254135,0.966934,-13.508260,1.638281,33.330930,-0.885835,-0.085023,-0.456109,-25.137790,0.522071,27.342970,13.128120,Node15,NodeMarker,2.873611,2.782227,10.326470,0.000000,-13.541420,1.640050,33.298370,350.110400,242.384000,356.835100,104.047200,98.172010,0.300000,1000.000000,0.900730,2468,2740,50.000000,off
1767081147315,2025-12-30 15:52:27.315,1040.872000,18.746520,23,16,2,0.010747,0.006653,-0.044468,0.037643,-0.261108,0.964569,-13.506680,1.638353,33.328950,-0.892111,-0.093962,-0.441925,-25.222420,0.404387,27.525320,13.132530,Node15,NodeMarker,2.854935,2.766357,0.649326,0.000000,-13.541230,1.639987,33.298280,350.154300,242.301700,356.881700,104.047200,98.172010,0.300000,1000.000000,0.900730,2468,2740,50.000000,off
1767081147326,2025-12-30 15:52:27.326,1040.883000,18.757750,23,16,2,-0.001456,0.006504,-0.045158,0.053299,-0.248657,0.967117,-13.500150,1.638700,33.318340,-0.899594,-0.082693,-0.428813,-25.342260,0.550143,27.673520,13.163760,Node15,NodeMarker,2.837463,2.753189,0.010329,0.000000,-13.541020,1.639917,33.298060,350.189000,242.221400,356.921200,104.047200,98.172010,0.300000,1000.000000,0.900730,2468,2740,50.000000,off
1767081147337,2025-12-30 15:52:27.337,1040.895000,18.769100,23,16,2,-0.001456,0.006504,-0.045158,0.053299,-0.248657,0.967117,-13.499950,1.638566,33.318270,-0.898760,-0.083437,-0.430414,-25.324390,0.540839,27.655580,13.156300,Node15,NodeMarker,2.837463,2.753189,0.010329,0.000000,-13.540790,1.639749,33.297910,350.233300,242.108100,356.958800,104.047200,98.172010,0.300000,1000.000000,0.900730,2468,2740,50.000000,off
1767081147348,2025-12-30 15:52:27.348,1040.905000,18.779850,23,16,2,0.013136,0.006631,-0.044120,0.020538,-0.254135,0.966934,-13.507640,1.638026,33.330420,-0.882623,-0.087784,-0.461778,-25.115620,0.483523,27.257270,13.151470,Node15,NodeMarker,2.873611,2.782227,0.641483,0.000000,-13.540590,1.639637,33.297630,350.270200,241.971100,356.985000,104.047200,98.172010,0.300000,1000.000000,0.900730,2468,2740,50.000000,off
1767081147359,2025-12-30 15:52:27.359,1040.916000,18.790950,23,16,2,0.010747,0.006653,-0.044468,0.037643,-0.261108,0.964569,-13.506090,1.638038,33.328240,-0.888251,-0.096787,-0.449033,-25.171690,0.366913,27.430980,13.133150,Node15,NodeMarker,2.854935,2.766357,10.451220,0.000000,-13.540380,1.639515,33.297280,350.320300,241.798400,357.024000,104.047200,98.172010,0.300000,1000.000000,0.900730,2468,2740,50.000000,off
1767081147370,2025-12-30 15:52:27.370,1040.927000,18.802060,23,16,2,0.010747,0.006653,-0.044468,0.037643,-0.261108,0.964569,-13.505990,1.637925,33.327950,-0.886673,-0.097543,-0.451979,-25.154470,0.356477,27.390160,13.137220,Node15,NodeMarker,2.854935,2.766357,10.451220,0.000000,-13.540180,1.639361,33.296870,350.364500,241.597600,357.055600,104.047200,98.172010,0.300000,1000.000000,0.900730,2468,2740,50.000000,off
1767081147381,2025-12-30 15:52:27.381,1040.939000,18.813170,23,16,2,-0.000473,0.006493,-0.044988,0.050690,-0.256088,0.965317,-13.500020,1.638191,33.318070,-0.891174,-0.094007,-0.443801,-25.201830,0.403805,27.490600,13.130710,Node15,NodeMarker,2.822525,2.833252,10.263480,0.000000,-13.539970,1.639264,33.296410,350.416400,241.358600,357.099400,104.047200,98.172010,0.300000,1000.000000,0.900730,2468,2740,50.000000,off
1767081147393,2025-12-30 15:52:27.393,1040.950000,18.824400,23,16,2,0.000068,0.006506,-0.044937,0.047821,-0.249497,0.967178,-13.500230,1.638218,33.318310,-0.888383,-0.087944,-0.450567,-25.160260,0.483953,27.404620,13.124800,Node15,NodeMarker,2.917175,2.828796,41.554880,0.000000,-13.539770,1.639254,33.296010,350.468700,241.074200,357.144800,104.047200,98.172010,0.300000,1000.000000,0.900730,2468,2740,50.000000,off
1767081147404,2025-12-30 15:52:27.404,1040.961000,18.835510,23,16,2,0.003600,0.006545,-0.044744,0.055618,-0.244446,0.968063,-13.502050,1.638102,33.320950,-0.890086,-0.083899,-0.447999,-25.177870,0.537543,27.444270,13.117600,Node15,NodeMarker,2.864075,2.823837,41.554880,0.000000,-13.539570,1.639205,33.295480,350.510700,240.776100,357.193900,104.047200,98.172010,0.300000,1000.000000,0.900730,2468,2740,50.000000,off
1767081147415,2025-12-30 15:52:27.415,1040.972000,18.846500,23,16,2,0.003600,0.006545,-0.044744,0.055618,-0.244446,0.968063,-13.502010,1.638063,33.320660,-0.887556,-0.084601,-0.452858,-25.149720,0.527818,27.377660,13.123300,Node15,NodeMarker,2.864075,2.823837,41.554880,0.000000,-13.539390,1.639132,33.294980,350.551800,240.456600,357.211500,104.047200,98.172010,0.300000,1000.000000,0.900730,2468,2740,50.000000,off
1767081147425,2025-12-30 15:52:27.425,1040.983000,18.857480,23,16,2,0.006258,0.006671,-0.044991,0.053467,-0.244385,0.968185,-13.503110,1.637913,33.322750,-0.883954,-0.084518,-0.459834,-25.120390,0.527148,27.279430,13.142170,Node15,NodeMarker,2.851776,2.786285,10.388720,0.000000,-13.539220,1.639020,33.294430,350.557900,240.127100,357.217700,104.047200,98.172010,0.300000,1000.000000,0.900730,2468,2740,50.000000,off
1767081147437,2025-12-30 15:52:27.437,1040.994000,18.868710,23,16,2,0.004685,0.006706,-0.045260,0.050858,-0.247208,0.967621,-13.502040,1.637984,33.321100,-0.879972,-0.087605,-0.466865,-25.102760,0.483089,27.166390,13.182980,Node15,NodeMarker,2.834106,2.756561,2.628430,0.000000,-13.539030,1.639012,33.293790,350.577000,239.822100,357.209200,104.047200,98.172010,0.300000,1000.000000,0.900730,2468,2740,50.000000,off
1767081147448,2025-12-30 15:52:27.448,1041.005000,18.879700,23,16,2,0.004685,0.006706,-0.045260,0.050858,-0.247208,0.967621,-13.501990,1.638025,33.320700,-0.877275,-0.088173,-0.471808,-25.100170,0.472315,27.083070,13.220620,Node15,NodeMarker,2.834106,2.756561,2.628430,0.000000,-13.538840,1.639027,33.293180,350.609600,239.498900,357.205800,104.047200,98.172010,0.300000,1000.000000,0.900730,2468,2740,50.000000,off
1767081147459,2025-12-30 15:52:27.459,1041.016000,18.890930,23,16,2,0.002411,0.006680,-0.045353,0.057922,-0.246674,0.967362,-13.500620,1.638051,33.318460,-0.878151,-0.088506,-0.470115,-25.100040,0.468980,27.108750,13.208850,Node15,NodeMarker,2.819855,2.790604,10.450980,0.000000,-13.538580,1.638965,33.292650,350.635700,239.208300,357.175400,104.047200,98.172010,0.300000,1000.000000,0.900730,2468,2740,50.000000,off
1767081147470,2025-12-30 15:52:27.470,1041.027000,18.902040,23,16,2,-0.012609,0.006477,-0.045640,0.106598,-0.181580,0.977570,-13.492460,1.638504,33.305370,-0.902581,-0.025427,-0.429741,-25.335320,1.304873,27.666690,13.120950,Node15,NodeMarker,2.862091,2.721725,0.162328,0.000000,-13.538360,1.638915,33.292060,350.654900,238.944900,357.157200,104.047200,98.172010,0.300000,1000.000000,0.900730,2468,2740,50.000000,off
1767081147481,2025-12-30 15:52:27.481,1041.039000,18.913150,23,16,2,0.004685,0.006706,-0.045260,0.050858,-0.247208,0.967621,-13.501680,1.637923,33.319550,-0.870334,-0.089290,-0.484288,-25.142750,0.443626,26.842010,13.375330,Node15,NodeMarker,2.834106,2.756561,41.303910,0.000000,-13.538130,1.638883,33.291520,350.670700,238.698300,357.121900,104.047200,98.172010,0.300000,1000.000000,0.900730,2468,2740,50.000000,off
1767081147492,2025-12-30 15:52:27.492,1041.050000,18.924130,23,16,2,0.004685,0.006706,-0.045260,0.050858,-0.247208,0.967621,-13.501630,1.637903,33.319240,-0.868046,-0.089578,-0.488323,-25.181190,0.432626,26.748850,13.454920,Node15,NodeMarker,2.834106,2.756561,41.303910,0.000000,-13.537950,1.638852,33.291030,350.686700,238.435100,357.107000,104.047200,98.172010,0.300000,1000.000000,0.900730,2468,2740,50.000000,off
1767081147503,2025-12-30 15:52:27.503,1041.061000,18.935360,23,16,2,0.002411,0.006680,-0.045353,0.057922,-0.246674,0.967362,-13.500250,1.638009,33.317020,-0.869840,-0.090185,-0.485012,-25.150150,0.430143,26.821170,13.393110,Node15,NodeMarker,2.819855,2.790604,10.325980,0.000000,-13.537760,1.638850,33.290570,350.729900,238.240200,357.121300,104.047200,98.172010,0.300000,1000.000000,0.900730,2468,2740,50.000000,off
1767081147515,2025-12-30 15:52:27.515,1041.072000,18.946470,23,16,2,-0.010337,0.006447,-0.045404,0.111191,-0.184769,0.976456,-13.493320,1.638429,33.305950,-0.897444,-0.030787,-0.440018,-25.237160,1.235556,27.547930,13.085680,Node15,NodeMarker,2.838089,2.806641,0.010145,0.000000,-13.537580,1.638856,33.290120,350.755800,238.036800,357.123600,104.047200,98.172010,0.300000,1000.000000,0.900730,2468,2740,50.000000,off
1767081147526,2025-12-30 15:52:27.526,1041.083000,18.957460,23,16,2,-0.010337,0.006447,-0.045404,0.111191,-0.184769,0.976456,-13.493230,1.638393,33.305710,-0.896350,-0.031359,-0.442201,-25.219550,1.228141,27.520710,13.082090,Node15,NodeMarker,2.838089,2.806641,0.010145,0.000000,-13.537450,1.638798,33.289760,350.793900,237.887200,357.173600,104.047200,98.172010,0.300000,1000.000000,0.900730,2468,2740,50.000000,off
1767081147537,2025-12-30 15:52:27.537,1041.094000,18.968570,23,16,2,-0.006276,0.006611,-0.045657,0.114090,-0.194016,0.974335,-13.495120,1.638328,33.309030,-0.896138,-0.041399,-0.441826,-25.223280,1.096526,27.526650,13.087370,Node15,NodeMarker,2.855560,2.752914,0.161347,0.000000,-13.537340,1.638790,33.289420,350.824700,237.748000,357.225000,104.047200,98.172010,0.300000,1000.000000,0.900730,2468,2740,50.000000,off
1767081147548,2025-12-30 15:52:27.548,1041.106000,18.980290,23,16,2,0.008540,0.006875,-0.045421,0.101028,-0.200867,0.974381,-13.503280,1.637979,33.321220,-0.889081,-0.048237,-0.455170,-25.144010,1.006410,27.361680,13.092810,Node15,NodeMarker,2.799454,2.740936,0.160378,0.000000,-13.537280,1.638807,33.289190,350.870500,237.641200,357.275500,104.047200,98.172010,0.300000,1000.000000,0.900730,2468,2740,50.000000,off
1767081147559,2025-12-30 15:52:27.559,1041.116000,18.990910,23,16,2,-0.022499,0.006318,-0.046462,0.168900,-0.189728,0.967194,-13.485600,1.638736,33.295430,-0.918068,-0.042397,-0.394134,-26.136800,1.054501,27.864160,13.780170,Node15,NodeMarker,2.798248,2.710526,0.040336,0.000000,-13.537200,1.638793,33.288910,350.925400,237.559300,357.321200,104.047200,98.172010,0.300000,1000.000000,0.900730,2468,2740,50.000000,off
1767081147570,2025-12-30 15:52:27.570,1041.127000,19.001890,23,16,2,-0.022499,0.006318,-0.046462,0.168900,-0.189728,0.967194,-13.485500,1.638698,33.295220,-0.917755,-0.043000,-0.394796,-26.069760,1.049081,27.881770,13.711920,Node15,NodeMarker,2.798248,2.710526,0.040336,0.000000,-13.537100,1.638734,33.288670,350.965100,237.511200,357.350400,104.047200,98.172010,0.300000,1000.000000,0.900730,2468,2740,50.000000,off
1767081147581,2025-12-30 15:52:27.581,1041.139000,19.013120,23,16,2,-0.006276,0.006611,-0.045657,0.114090,-0.194016,0.974335,-13.494870,1.638325,33.308230,-0.894009,-0.044297,-0.445840,-25.193020,1.058699,27.474390,13.084970,Node15,NodeMarker,2.855560,2.752914,0.040092,0.000000,-13.537000,1.638655,33.288420,351.008900,237.453900,357.388500,104.047200,98.172010,0.300000,1000.000000,0.900730,2468,2740,50.000000,off
1767081147592,2025-12-30 15:52:27.592,1041.150000,19.024110,23,16,2,0.008540,0.006875,-0.045421,0.101028,-0.200867,0.974381,-13.503070,1.637930,33.320270,-0.887571,-0.051392,-0.457765,-25.131660,0.964610,27.322820,13.101400,Node15,NodeMarker,2.799454,2.740936,2.581554,0.000000,-13.536980,1.638584,33.288130,351.063800,237.442200,357.402100,104.047200,98.172010,0.300000,1000.000000,0.900730,2468,2740,50.000000,off
1767081147603,2025-12-30 15:52:27.603,1041.161000,19.035340,23,16,2,0.008540,0.006875,-0.045421,0.101028,-0.200867,0.974381,-13.503030,1.637856,33.320100,-0.887527,-0.052211,-0.457757,-25.131560,0.953775,27.322480,13.101980,Node15,NodeMarker,2.799454,2.740936,2.581554,0.000000,-13.536940,1.638465,33.287950,351.114000,237.434300,357.435300,104.047200,98.172010,0.300000,1000.000000,0.900730,2468,2740,50.000000,off
1767081147615,2025-12-30 15:52:27.615,1041.172000,19.046450,23,16,2,-0.022485,0.006327,-0.046500,0.180649,-0.189774,0.965057,-13.485240,1.638447,33.294370,-0.921874,-0.047342,-0.384566,0.000000,0.000000,0.000000,0.000000,0,0,2.784027,2.747513,0.009901,0.000000,-13.536850,1.638345,33.287730,351.184900,237.435500,357.468800,104.047200,98.172010,0.300000,1000.000000,0.900730,2468,2740,50.000000,off
1767081147625,2025-12-30 15:52:27.625,1041.183000,19.057310,23,16,2,-0.025191,0.006619,-0.047312,0.161224,-0.167572,0.972580,-13.483040,1.638647,33.292340,-0.915418,-0.024537,-0.401737,-25.788200,1.308817,27.892140,13.442010,Node15,NodeMarker,2.822189,2.652420,0.040338,0.000000,-13.536830,1.638226,33.287520,351.257400,237.454200,357.519900,104.047200,98.172010,0.300000,1000.000000,0.900730,2468,2740,50.000000,off
1767081147636,2025-12-30 15:52:27.636,1041.194000,19.068660,23,16,2,-0.022784,0.006852,-0.047266,0.216354,-0.101196,0.971039,-13.484350,1.638711,33.294090,-0.937317,0.037857,-0.346368,0.000000,0.000000,0.000000,0.000000,0,0,2.769806,2.741531,0.040338,0.000000,-13.536820,1.638140,33.287290,351.302900,237.477100,357.579600,104.047200,98.172010,0.300000,1000.000000,0.900730,2468,2740,50.000000,off
1767081147647,2025-12-30 15:52:27.647,1041.205000,19.079530,23,16,2,-0.022784,0.006852,-0.047266,0.216354,-0.101196,0.971039,-13.484340,1.638571,33.293870,-0.937484,0.037253,-0.345982,0.000000,0.000000,0.000000,0.000000,0,0,2.769806,2.741531,0.040338,0.000000,-13.536820,1.637982,33.287090,351.350500,237.495000,357.636600,104.047200,98.172010,0.300000,1000.000000,0.900730,2468,2740,50.000000,off
1767081147658,2025-12-30 15:52:27.658,1041.216000,19.090640,23,16,2,-0.013452,0.007023,-0.047169,0.197403,-0.060196,0.978455,-13.489460,1.638294,33.301390,-0.929317,0.079104,-0.360663,0.000000,0.000000,0.000000,0.000000,0,0,2.854462,2.531067,165.215600,0.000000,-13.536820,1.637878,33.286840,351.390000,237.519900,357.677400,104.047200,98.172010,0.300000,1000.000000,0.900730,2468,2740,50.000000,off
1767081147669,2025-12-30 15:52:27.669,1041.227000,19.101750,23,16,2,-0.009867,0.006945,-0.046661,0.196503,-0.070618,0.977951,-13.491840,1.638127,33.303810,-0.929815,0.068061,-0.361665,0.000000,0.000000,0.000000,0.000000,0,0,2.779755,2.609940,2.612683,0.000000,-13.536850,1.637822,33.286560,351.438400,237.560700,357.713000,104.047200,98.172010,0.300000,1000.000000,0.900730,2468,2740,50.000000,off
1767081147681,2025-12-30 15:52:27.681,1041.238000,19.112980,23,16,2,-0.009867,0.006945,-0.046661,0.196503,-0.070618,0.977951,-13.491840,1.638083,33.303520,-0.930211,0.067464,-0.360755,0.000000,0.000000,0.000000,0.000000,0,0,2.779755,2.609940,2.612683,0.000000,-13.536860,1.637749,33.286320,351.476600,237.616700,357.729500,104.047200,98.172010,0.300000,1000.000000,0.900730,2468,2740,50.000000,off
1767081147692,2025-12-30 15:52:27.692,1041.250000,19.124080,23,16,2,-0.001543,0.007165,-0.046245,0.189072,-0.058716,0.980194,-13.496600,1.638033,33.310000,-0.927363,0.079070,-0.365681,0.000000,0.000000,0.000000,0.000000,0,0,2.728271,2.619476,10.388720,0.000000,-13.536830,1.637708,33.286050,351.523500,237.690500,357.736400,104.047200,98.172010,0.300000,1000.000000,0.900730,2468,2740,50.000000,off
1767081147703,2025-12-30 15:52:27.703,1041.260000,19.135070,23,16,2,-0.013452,0.007023,-0.047169,0.197403,-0.060196,0.978455,-13.489350,1.638127,33.300210,-0.931006,0.076493,-0.356849,0.000000,0.000000,0.000000,0.000000,0,0,2.854462,2.531067,10830.550000,0.000000,-13.536770,1.637589,33.285860,351.558600,237.756300,357.756400,104.047200,98.172010,0.300000,1000.000000,0.900730,2468,2740,50.000000,off
1767081147714,2025-12-30 15:52:27.714,1041.272000,19.146180,23,16,2,-0.009867,0.006945,-0.046661,0.196503,-0.070618,0.977951,-13.491700,1.637949,33.302620,-0.931666,0.065410,-0.357364,0.000000,0.000000,0.000000,0.000000,0,0,2.779755,2.609940,171232.900000,0.000000,-13.536780,1.637516,33.285580,351.606600,237.826000,357.779700,104.047200,98.172010,0.300000,1000.000000,0.900730,2468,2740,50.000000,off
1767081147725,2025-12-30 15:52:27.725,1041.283000,19.157290,23,16,2,-0.009867,0.006945,-0.046661,0.196503,-0.070618,0.977951,-13.491810,1.637947,33.302320,-0.932154,0.064632,-0.356230,0.000000,0.000000,0.000000,0.000000,0,0,2.779755,2.609940,171232.900000,0.000000,-13.536910,1.637476,33.285350,351.659400,237.894500,357.816600,104.047200,98.172010,0.300000,1000.000000,0.900730,2468,2740,50.000000,off
1767081147736,2025-12-30 15:52:27.736,1041.294000,19.168640,23,16,2,-0.011399,0.007418,-0.047631,0.200989,-0.055450,0.978012,-13.490200,1.638332,33.301240,-0.933732,0.079294,-0.349050,0.000000,0.000000,0.000000,0.000000,0,0,2.665512,2.546539,10703.060000,0.000000,-13.537020,1.637470,33.285080,351.675700,238.001600,357.847000,104.047200,98.172010,0.300000,1000.000000,0.900730,2468,2740,50.000000,off
1767081147747,2025-12-30 15:52:27.747,1041.305000,19.179630,23,16,2,-0.015111,0.007750,-0.048544,0.302277,-0.007721,0.953186,-13.487460,1.638688,33.298280,-0.962529,0.118869,-0.243726,0.000000,0.000000,0.000000,0.000000,0,0,2.427719,2.568985,167.215700,0.000000,-13.537080,1.637477,33.284840,351.706700,238.095800,357.895600,104.047200,98.172010,0.300000,1000.000000,0.900730,2468,2740,50.000000,off
1767081147758,2025-12-30 15:52:27.758,1041.316000,19.190730,23,16,2,-0.015111,0.007750,-0.048544,0.302277,-0.007721,0.953186,-13.487520,1.638726,33.297920,-0.963112,0.118267,-0.241710,0.000000,0.000000,0.000000,0.000000,0,0,2.427719,2.568985,167.215700,0.000000,-13.537170,1.637483,33.284590,351.752900,238.217600,357.926300,104.047200,98.172010,0.300000,1000.000000,0.900730,2468,2740,50.000000,off
1767081147770,2025-12-30 15:52:27.770,1041.327000,19.201840,23,16,2,-0.025853,0.008041,-0.050232,0.406296,0.011414,0.913666,-13.480420,1.639104,33.289430,-0.983491,0.127011,-0.128862,0.000000,0.000000,0.000000,0.000000,0,0,2.875183,2.644913,163.219600,0.000000,-13.537240,1.637388,33.284420,351.814100,238.345300,357.952000,104.047200,98.172010,0.300000,1000.000000,0.900730,2468,2740,50.000000,off
1767081147781,2025-12-30 15:52:27.781,1041.338000,19.212830,23,16,2,-0.026570,0.008142,-0.050626,0.403137,0.025406,0.914780,-13.479770,1.639075,33.288750,-0.981747,0.140300,-0.128356,0.000000,0.000000,0.000000,0.000000,0,0,2.805298,2.580841,668.941000,0.000000,-13.537320,1.637245,33.284270,351.880900,238.483500,357.985300,104.047200,98.172010,0.300000,1000.000000,0.900730,2468,2740,50.000000,off
1767081147792,2025-12-30 15:52:27.792,1041.349000,19.223940,23,16,2,-0.005473,0.008042,-0.048230,0.378677,0.045013,0.924423,-13.492920,1.638514,33.305070,-0.975527,0.160995,-0.149698,0.000000,0.000000,0.000000,0.000000,0,0,2.895844,2.669464,2660.013000,0.000000,-13.537380,1.637121,33.284040,351.950300,238.629800,358.013500,104.047200,98.172010,0.300000,1000.000000,0.900730,2468,2740,50.000000,off
1767081147803,2025-12-30 15:52:27.803,1041.360000,19.235050,23,16,2,-0.005473,0.008042,-0.048230,0.378677,0.045013,0.924423,-13.492970,1.638350,33.304780,-0.976019,0.159961,-0.147584,0.000000,0.000000,0.000000,0.000000,0,0,2.895844,2.669464,2660.013000,0.000000,-13.537470,1.636892,33.283860,352.030700,238.760800,358.050700,104.047200,98.172010,0.300000,1000.000000,0.900730,2468,2740,50.000000,off
1767081147814,2025-12-30 15:52:27.814,1041.372000,19.246150,23,16,2,-0.025853,0.008041,-0.050232,0.406296,0.011414,0.913666,-13.480710,1.638682,33.288010,-0.985204,0.123256,-0.119052,0.000000,0.000000,0.000000,0.000000,0,0,2.875183,2.644913,171248.800000,0.000000,-13.537570,1.636760,33.283610,352.112000,238.931600,358.087200,104.047200,98.172010,0.300000,1000.000000,0.900730,2468,2740,50.000000,off
1767081147825,2025-12-30 15:52:27.825,1041.383000,19.257260,23,16,2,-0.026570,0.008142,-0.050626,0.403137,0.025406,0.914780,-13.480110,1.638699,33.287220,-0.983572,0.136505,-0.118067,0.000000,0.000000,0.000000,0.000000,0,0,2.805298,2.580841,10574.300000,0.000000,-13.537700,1.636661,33.283390,352.186600,239.102800,358.132700,104.047200,98.172010,0.300000,1000.000000,0.900730,2468,2740,50.000000,off
1767081147836,2025-12-30 15:52:27.836,1041.394000,19.268370,23,16,2,-0.026570,0.008142,-0.050626,0.403137,0.025406,0.914780,-13.480250,1.638661,33.286810,-0.983994,0.135909,-0.115203,0.000000,0.000000,0.000000,0.000000,0,0,2.805298,2.580841,10574.300000,0.000000,-13.537850,1.636592,33.283160,352.242200,239.272800,358.173200,104.047200,98.172010,0.300000,1000.000000,0.900730,2468,2740,50.000000,off
1767081147847,2025-12-30 15:52:27.847,1041.405000,19.279600,23,16,2,-0.007050,0.008042,-0.048374,0.366730,0.037155,0.929565,-13.492390,1.638253,33.302050,-0.977192,0.150248,-0.149947,0.000000,0.000000,0.000000,0.000000,0,0,2.891846,2.654816,10.451470,0.000000,-13.538080,1.636561,33.282970,352.290300,239.441300,358.224600,104.047200,98.172010,0.300000,1000.000000,0.900730,2468,2740,50.000000,off
1767081147858,2025-12-30 15:52:27.858,1041.416000,19.290710,23,16,2,-0.012912,0.007942,-0.048627,0.362274,0.035004,0.931397,-13.489310,1.638257,33.296770,-0.977247,0.147731,-0.152090,0.000000,0.000000,0.000000,0.000000,0,0,2.624130,2.619263,668.940800,0.000000,-13.538250,1.636471,33.282750,352.356100,239.610900,358.270500,104.047200,98.172010,0.300000,1000.000000,0.900730,2468,2740,50.000000,off
1767081147870,2025-12-30 15:52:27.870,1041.427000,19.301820,23,16,2,-0.006891,0.007994,-0.048382,0.367554,0.038406,0.929199,-13.492750,1.638085,33.301510,-0.978200,0.150089,-0.143459,0.000000,0.000000,0.000000,0.000000,0,0,2.839462,2.570282,668.940800,0.000000,-13.538470,1.636352,33.282570,352.416200,239.772000,358.333300,104.047200,98.172010,0.300000,1000.000000,0.900730,2468,2740,50.000000,off
1767081147881,2025-12-30 15:52:27.881,1041.438000,19.312930,23,16,2,-0.006891,0.007994,-0.048382,0.367554,0.038406,0.929199,-13.492920,1.638031,33.301120,-0.978683,0.149466,-0.140792,0.000000,0.000000,0.000000,0.000000,0,0,2.839462,2.570282,668.940800,0.000000,-13.538700,1.636251,33.282310,352.478000,239.932800,358.390800,104.047200,98.172010,0.300000,1000.000000,0.900730,2468,2740,50.000000,off
1767081147892,2025-12-30 15:52:27.892,1041.449000,19.324040,23,16,2,0.000373,0.008233,-0.048660,0.346573,0.023270,0.937729,-13.496420,1.637925,33.307190,-0.977537,0.135428,-0.161462,0.000000,0.000000,0.000000,0.000000,0,0,2.882217,2.614243,2.612804,0.000000,-13.538880,1.636089,33.282100,352.543500,240.115000,358.444200,104.047200,98.172010,0.300000,1000.000000,0.900730,2468,2740,50.000000,off
1767081147903,2025-12-30 15:52:27.903,1041.460000,19.335020,23,16,2,0.003765,0.008039,-0.047928,0.308319,0.025085,0.950943,-13.498860,1.637594,33.309460,-0.970263,0.138722,-0.198318,0.000000,0.000000,0.000000,0.000000,0,0,2.688690,2.446381,10.388480,0.000000,-13.539050,1.635868,33.281940,352.633700,240.274800,358.487600,104.047200,98.172010,0.300000,1000.000000,0.900730,2468,2740,50.000000,off
1767081147915,2025-12-30 15:52:27.915,1041.472000,19.346250,23,16,2,0.003765,0.008039,-0.047928,0.308319,0.025085,0.950943,-13.498970,1.637470,33.309180,-0.970957,0.137579,-0.195699,0.000000,0.000000,0.000000,0.000000,0,0,2.688690,2.446381,10.388480,0.000000,-13.539240,1.635669,33.281780,352.717700,240.435100,358.531900,104.047200,98.172010,0.300000,1000.000000,0.900730,2468,2740,50.000000,off
1767081147925,2025-12-30 15:52:27.925,1041.483000,19.357240,23,16,2,-0.006891,0.007994,-0.048382,0.367554,0.038406,0.929199,-13.493430,1.637470,33.299890,-0.980848,0.145300,-0.129644,0.000000,0.000000,0.000000,0.000000,0,0,2.839462,2.570282,0.165250,0.000000,-13.539420,1.635426,33.281660,352.810300,240.609800,358.572300,104.047200,98.172010,0.300000,1000.000000,0.900730,2468,2740,50.000000,off
1767081147936,2025-12-30 15:52:27.936,1041.494000,19.368350,23,16,2,0.000373,0.008233,-0.048660,0.346573,0.023270,0.937729,-13.496890,1.637372,33.306130,-0.979919,0.130489,-0.150739,0.000000,0.000000,0.000000,0.000000,0,0,2.882217,2.614243,2.566113,0.000000,-13.539630,1.635215,33.281550,352.913800,240.765900,358.621100,104.047200,98.172010,0.300000,1000.000000,0.900730,2468,2740,50.000000,off
1767081147947,2025-12-30 15:52:27.947,1041.505000,19.379460,23,16,2,0.029071,0.008134,-0.046448,0.290985,0.049789,0.955414,-13.512960,1.636747,33.329850,-0.966193,0.158921,-0.202931,0.000000,0.000000,0.000000,0.000000,0,0,2.784195,2.207962,0.162324,0.000000,-13.539840,1.635006,33.281440,353.008600,240.930700,358.655400,104.047200,98.172010,0.300000,1000.000000,0.900730,2468,2740,50.000000,off
1767081147959,2025-12-30 15:52:27.959,1041.516000,19.390560,23,16,2,0.029071,0.008134,-0.046448,0.290985,0.049789,0.955414,-13.513090,1.636668,33.329640,-0.966951,0.157735,-0.200232,0.000000,0.000000,0.000000,0.000000,0,0,2.784195,2.207962,0.162324,0.000000,-13.540110,1.634850,33.281310,353.088400,241.097500,358.680500,104.047200,98.172010,0.300000,1000.000000,0.900730,2468,2740,50.000000,off
1767081147970,2025-12-30 15:52:27.970,1041.527000,19.401670,23,16,2,0.030402,0.007990,-0.046022,0.299088,0.045227,0.953140,-13.514250,1.636417,33.330380,-0.970017,0.151582,-0.189911,0.000000,0.000000,0.000000,0.000000,0,0,2.761856,2.645248,648.878100,0.000000,-13.540360,1.634647,33.281180,353.165700,241.251900,358.700500,104.047200,98.172010,0.300000,1000.000000,0.900730,2468,2740,50.000000,off
1767081147981,2025-12-30 15:52:27.981,1041.538000,19.412900,23,16,2,0.022560,0.007891,-0.046391,0.227402,0.040039,0.972961,-13.510300,1.636297,33.323540,-0.953952,0.149196,-0.260165,0.000000,0.000000,0.000000,0.000000,0,0,2.529739,2.277008,2.581494,0.000000,-13.540620,1.634430,33.281110,353.239300,241.398900,358.707500,104.047200,98.172010,0.300000,1000.000000,0.900730,2468,2740,50.000000,off
1767081147992,2025-12-30 15:52:27.992,1041.549000,19.423890,23,16,2,0.022560,0.007891,-0.046391,0.227402,0.040039,0.972961,-13.510440,1.636182,33.323320,-0.954823,0.147834,-0.257735,0.000000,0.000000,0.000000,0.000000,0,0,2.529739,2.277008,2.581494,0.000000,-13.540870,1.634254,33.280970,353.318000,241.550400,358.697200,104.047200,98.172010,0.300000,1000.000000,0.900730,2468,2740,50.000000,off
1767081148003,2025-12-30 15:52:28.003,1041.560000,19.435000,23,16,2,-0.026746,0.007245,-0.047711,0.346802,0.054138,0.936371,-13.486050,1.636450,33.280310,-0.979295,0.153274,-0.132216,0.000000,0.000000,0.000000,0.000000,0,0,2.334625,2.689438,0.041071,0.000000,-13.541170,1.634118,33.280800,353.412100,241.694100,358.682700,104.047200,98.172010,0.300000,1000.000000,0.900730,2468,2740,50.000000,off
1767081148014,2025-12-30 15:52:28.014,1041.572000,19.446110,23,16,2,-0.021246,0.007311,-0.047560,0.326981,0.053894,0.943481,-13.489030,1.636286,33.284800,-0.976655,0.152830,-0.150884,0.000000,0.000000,0.000000,0.000000,0,0,2.667328,2.645065,0.163304,0.000000,-13.541410,1.633919,33.280650,353.499300,241.824900,358.673700,104.047200,98.172010,0.300000,1000.000000,0.900730,2468,2740,50.000000,off
1767081148025,2025-12-30 15:52:28.025,1041.583000,19.457210,23,16,2,-0.018499,0.007903,-0.049292,0.313034,0.048721,0.948486,-13.488940,1.636526,33.287920,-0.975438,0.147019,-0.164001,0.000000,0.000000,0.000000,0.000000,0,0,2.754242,2.573944,0.649325,0.000000,-13.541600,1.633747,33.280600,353.588300,241.941700,358.654700,104.047200,98.172010,0.300000,1000.000000,0.900730,2468,2740,50.000000,off
1767081148037,2025-12-30 15:52:28.037,1041.594000,19.468320,23,16,2,-0.018499,0.007903,-0.049292,0.313034,0.048721,0.948486,-13.489160,1.636414,33.287650,-0.975993,0.145573,-0.161979,0.000000,0.000000,0.000000,0.000000,0,0,2.754242,2.573944,0.649325,0.000000,-13.541830,1.633559,33.280450,353.674700,242.066400,358.648800,104.047200,98.172010,0.300000,1000.000000,0.900730,2468,2740,50.000000,off
1767081148047,2025-12-30 15:52:28.047,1041.605000,19.479430,23,16,2,-0.018633,0.007938,-0.049272,0.281769,0.037415,0.958740,-13.489320,1.636365,33.287310,-0.971862,0.134675,-0.193194,0.000000,0.000000,0.000000,0.000000,0,0,2.552704,2.608749,0.641452,0.000000,-13.542050,1.633389,33.280340,353.766600,242.187700,358.648500,104.047200,98.172010,0.300000,1000.000000,0.900730,2468,2740,50.000000,off
1767081148058,2025-12-30 15:52:28.058,1041.616000,19.490540,23,16,2,-0.021246,0.007311,-0.047560,0.326981,0.053894,0.943481,-13.489910,1.635893,33.283940,-0.978679,0.146958,-0.143422,0.000000,0.000000,0.000000,0.000000,0,0,2.667328,2.645065,10.263720,0.000000,-13.542310,1.633222,33.280220,353.849500,242.286600,358.643700,104.047200,98.172010,0.300000,1000.000000,0.900730,2468,2740,50.000000,off
1767081148069,2025-12-30 15:52:28.069,1041.627000,19.501650,23,16,2,-0.021246,0.007311,-0.047560,0.326981,0.053894,0.943481,-13.490150,1.635795,33.283680,-0.979115,0.145781,-0.141635,0.000000,0.000000,0.000000,0.000000,0,0,2.667328,2.645065,10.263720,0.000000,-13.542560,1.633063,33.280050,353.924400,242.396600,358.651100,104.047200,98.172010,0.300000,1000.000000,0.900730,2468,2740,50.000000,off
1767081148081,2025-12-30 15:52:28.081,1041.638000,19.512760,23,16,2,-0.018499,0.007903,-0.049292,0.313034,0.048721,0.948486,-13.490020,1.636054,33.286720,-0.977838,0.140178,-0.155482,0.000000,0.000000,0.000000,0.000000,0,0,2.754242,2.573944,2.581677,0.000000,-13.542720,1.632912,33.279890,354.001300,242.469500,358.640800,104.047200,98.172010,0.300000,1000.000000,0.900730,2468,2740,50.000000,off
1767081148092,2025-12-30 15:52:28.092,1041.649000,19.523860,23,16,2,-0.020128,0.007965,-0.049461,0.296570,0.053391,0.953507,-13.489330,1.636052,33.285110,-0.974623,0.144374,-0.171014,0.000000,0.000000,0.000000,0.000000,0,0,2.784836,2.627502,164.223400,0.000000,-13.542950,1.632754,33.279700,354.082300,242.535400,358.635600,104.047200,98.172010,0.300000,1000.000000,0.900730,2468,2740,50.000000,off
1767081148104,2025-12-30 15:52:28.104,1041.661000,19.535100,23,16,2,-0.014659,0.008015,-0.049168,0.266327,0.050781,0.962540,-13.492300,1.635878,33.289530,-0.969132,0.142483,-0.201182,0.000000,0.000000,0.000000,0.000000,0,0,2.640091,2.495590,164.223400,0.000000,-13.543130,1.632581,33.279460,354.134800,242.594600,358.620600,104.047200,98.172010,0.300000,1000.000000,0.900730,2468,2740,50.000000,off
1767081148114,2025-12-30 15:52:28.114,1041.672000,19.546080,23,16,2,-0.014659,0.008015,-0.049168,0.266327,0.050781,0.962540,-13.492520,1.635823,33.289240,-0.969364,0.141355,-0.200861,0.000000,0.000000,0.000000,0.000000,0,0,2.640091,2.495590,164.223400,0.000000,-13.543360,1.632467,33.279200,354.203400,242.618300,358.623200,104.047200,98.172010,0.300000,1000.000000,0.900730,2468,2740,50.000000,off
1767081148125,2025-12-30 15:52:28.125,1041.682000,19.557070,23,16,2,-0.015531,0.007347,-0.046816,0.311997,0.062286,0.948029,-13.494540,1.635376,33.287090,-0.976942,0.149223,-0.152629,0.000000,0.000000,0.000000,0.000000,0,0,2.854523,2.776840,0.649295,0.000000,-13.543650,1.632375,33.278960,354.260300,242.640600,358.607500,104.047200,98.172010,0.300000,1000.000000,0.900730,2468,2740,50.000000,off
1767081148136,2025-12-30 15:52:28.136,1041.694000,19.568300,23,16,2,-0.010045,0.007516,-0.046960,0.277741,0.055725,0.959030,-13.497160,1.635346,33.291760,-0.971467,0.144064,-0.188366,0.000000,0.000000,0.000000,0.000000,0,0,2.730560,2.702118,2.597241,0.000000,-13.543880,1.632296,33.278700,354.295000,242.649800,358.610100,104.047200,98.172010,0.300000,1000.000000,0.900730,2468,2740,50.000000,off
1767081148147,2025-12-30 15:52:28.147,1041.705000,19.579410,23,16,2,-0.010045,0.007516,-0.046960,0.277741,0.055725,0.959030,-13.497370,1.635283,33.291470,-0.971631,0.143166,-0.188204,0.000000,0.000000,0.000000,0.000000,0,0,2.730560,2.702118,2.597241,0.000000,-13.544090,1.632188,33.278410,354.346300,242.662500,358.600300,104.047200,98.172010,0.300000,1000.000000,0.900730,2468,2740,50.000000,off
1767081148159,2025-12-30 15:52:28.159,1041.716000,19.590520,23,16,2,0.000810,0.008027,-0.047835,0.254700,0.082184,0.963516,-13.501810,1.635408,33.301240,-0.963033,0.169945,-0.208987,0.000000,0.000000,0.000000,0.000000,0,0,2.936813,2.727463,2.612805,0.000000,-13.544330,1.632127,33.278120,354.378300,242.660900,358.597300,104.047200,98.172010,0.300000,1000.000000,0.900730,2468,2740,50.000000,off
1767081148170,2025-12-30 15:52:28.170,1041.727000,19.601620,23,16,2,-0.015531,0.007347,-0.046816,0.311997,0.062286,0.948029,-13.495370,1.635198,33.285910,-0.977388,0.146589,-0.152331,0.000000,0.000000,0.000000,0.000000,0,0,2.854523,2.776840,10.389210,0.000000,-13.544480,1.632064,33.277800,354.407800,242.666900,358.567200,104.047200,98.172010,0.300000,1000.000000,0.900730,2468,2740,50.000000,off
1767081148181,2025-12-30 15:52:28.181,1041.738000,19.612730,23,16,2,-0.010045,0.007516,-0.046960,0.277741,0.055725,0.959030,-13.497860,1.635134,33.290650,-0.971898,0.141302,-0.188234,0.000000,0.000000,0.000000,0.000000,0,0,2.730560,2.702118,2675.575000,0.000000,-13.544570,1.631950,33.277600,354.438700,242.664700,358.531600,104.047200,98.172010,0.300000,1000.000000,0.900730,2468,2740,50.000000,off
1767081148192,2025-12-30 15:52:28.192,1041.749000,19.623720,23,16,2,-0.010045,0.007516,-0.046960,0.277741,0.055725,0.959030,-13.498040,1.635092,33.290360,-0.971919,0.140928,-0.188404,0.000000,0.000000,0.000000,0.000000,0,0,2.730560,2.702118,2675.575000,0.000000,-13.544750,1.631891,33.277300,354.455300,242.655200,358.511500,104.047200,98.172010,0.300000,1000.000000,0.900730,2468,2740,50.000000,off
1767081148203,2025-12-30 15:52:28.203,1041.760000,19.634830,23,16,2,0.000331,0.008081,-0.048006,0.250000,0.073608,0.965439,-13.501960,1.635216,33.299850,-0.963578,0.159512,-0.214628,0.000000,0.000000,0.000000,0.000000,0,0,2.907822,2.717621,0.649280,0.000000,-13.544840,1.631802,33.277070,354.479400,242.661300,358.478100,104.047200,98.172010,0.300000,1000.000000,0.900730,2468,2740,50.000000,off
1767081148214,2025-12-30 15:52:28.214,1041.771000,19.645940,23,16,2,-0.003958,0.008116,-0.048347,0.253479,0.080399,0.963989,-13.499850,1.635296,33.295920,-0.963426,0.165718,-0.210570,0.000000,0.000000,0.000000,0.000000,0,0,2.892731,2.795670,42.302930,0.000000,-13.545010,1.631753,33.276770,354.493600,242.652500,358.459600,104.047200,98.172010,0.300000,1000.000000,0.900730,2468,2740,50.000000,off
1767081148225,2025-12-30 15:52:28.225,1041.782000,19.657040,23,16,2,-0.003958,0.008116,-0.048347,0.253479,0.080399,0.963989,-13.500040,1.635321,33.295650,-0.963472,0.165457,-0.210564,0.000000,0.000000,0.000000,0.000000,0,0,2.892731,2.795670,42.302930,0.000000,-13.545200,1.631768,33.276500,354.505200,242.652900,358.444400,104.047200,98.172010,0.300000,1000.000000,0.900730,2468,2740,50.000000,off
1767081148236,2025-12-30 15:52:28.236,1041.794000,19.668400,23,16,2,-0.009402,0.008244,-0.049164,0.239792,0.065338,0.968613,-13.496950,1.635500,33.290930,-0.962364,0.151204,-0.225772,0.000000,0.000000,0.000000,0.000000,0,0,2.762192,2.668030,668.940600,0.000000,-13.545350,1.631747,33.276220,354.506600,242.656500,358.430800,104.047200,98.172010,0.300000,1000.000000,0.900730,2468,2740,50.000000,off
1767081148247,2025-12-30 15:52:28.247,1041.805000,19.679260,23,16,2,-0.013266,0.007643,-0.047369,0.265060,0.069916,0.961685,-13.496920,1.635153,33.286450,-0.967611,0.154292,-0.199768,0.000000,0.000000,0.000000,0.000000,0,0,2.780914,2.818985,10767.800000,0.000000,-13.545480,1.631715,33.276040,354.513200,242.663900,358.430000,104.047200,98.172010,0.300000,1000.000000,0.900730,2468,2740,50.000000,off
1767081148258,2025-12-30 15:52:28.258,1041.816000,19.690490,23,16,2,0.012310,0.007875,-0.045827,0.080994,0.120224,0.989426,-13.510170,1.634799,33.308190,-0.903726,0.212008,-0.371900,0.000000,0.000000,0.000000,0.000000,0,0,2.994492,2.813187,41.555870,0.000000,-13.545600,1.631680,33.275800,354.514200,242.685900,358.429800,104.047200,98.172010,0.300000,1000.000000,0.900730,2468,2740,50.000000,off
1767081148269,2025-12-30 15:52:28.269,1041.827000,19.701480,23,16,2,0.012310,0.007875,-0.045827,0.080994,0.120224,0.989426,-13.510310,1.634799,33.307900,-0.903886,0.211925,-0.371557,0.000000,0.000000,0.000000,0.000000,0,0,2.994492,2.813187,41.555870,0.000000,-13.545750,1.631678,33.275530,354.518200,242.707000,358.420600,104.047200,98.172010,0.300000,1000.000000,0.900730,2468,2740,50.000000,off
1767081148280,2025-12-30 15:52:28.280,1041.838000,19.712710,23,16,2,-0.009402,0.008244,-0.049164,0.239792,0.065338,0.968613,-13.497410,1.635393,33.289930,-0.962692,0.150942,-0.224547,0.000000,0.000000,0.000000,0.000000,0,0,2.762192,2.668030,164.227400,0.000000,-13.545830,1.631628,33.275280,354.516500,242.729200,358.408000,104.047200,98.172010,0.300000,1000.000000,0.900730,2468,2740,50.000000,off
1767081148292,2025-12-30 15:52:28.292,1041.849000,19.723690,23,16,2,-0.013266,0.007643,-0.047369,0.265060,0.069916,0.961685,-13.497420,1.635076,33.285320,-0.968043,0.154281,-0.197670,0.000000,0.000000,0.000000,0.000000,0,0,2.780914,2.818985,2659.887000,0.000000,-13.546000,1.631637,33.275010,354.502900,242.785600,358.390400,104.047200,98.172010,0.300000,1000.000000,0.900730,2468,2740,50.000000,off
1767081148303,2025-12-30 15:52:28.303,1041.860000,19.734800,23,16,2,-0.013266,0.007643,-0.047369,0.265060,0.069916,0.961685,-13.497670,1.635234,33.284810,-0.968274,0.154326,-0.196501,0.000000,0.000000,0.000000,0.000000,0,0,2.780914,2.818985,2659.887000,0.000000,-13.546260,1.631798,33.274560,354.492300,242.852700,358.362400,104.047200,98.172010,0.300000,1000.000000,0.900730,2468,2740,50.000000,off
1767081148314,2025-12-30 15:52:28.314,1041.871000,19.745910,23,16,2,0.017898,0.007830,-0.045210,0.074173,0.133926,0.988205,-13.513940,1.634751,33.311210,-0.900159,0.226328,-0.372124,0.000000,0.000000,0.000000,0.000000,0,0,3.005875,2.817581,10895.050000,0.000000,-13.546390,1.631840,33.274280,354.469200,242.943100,358.322100,104.047200,98.172010,0.300000,1000.000000,0.900730,2468,2740,50.000000,off
1767081148325,2025-12-30 15:52:28.325,1041.883000,19.757140,23,16,2,0.023918,0.007801,-0.044558,0.079941,0.148605,0.985657,-13.517390,1.634668,33.315840,-0.900015,0.240720,-0.363347,0.000000,0.000000,0.000000,0.000000,0,0,2.950546,2.840637,689107.300000,0.000000,-13.546580,1.631927,33.273900,354.453800,243.029300,358.282400,104.047200,98.172010,0.300000,1000.000000,0.900730,2468,2740,50.000000,off
1767081148336,2025-12-30 15:52:28.336,1041.894000,19.768370,23,16,2,0.011239,0.007769,-0.045410,0.086685,0.128037,0.987961,-13.510940,1.634984,33.304580,-0.907084,0.220617,-0.358471,0.000000,0.000000,0.000000,0.000000,0,0,2.882385,2.804489,689107.300000,0.000000,-13.546710,1.632000,33.273580,354.432100,243.111100,358.263600,104.047200,98.172010,0.300000,1000.000000,0.900730,2468,2740,50.000000,off
1767081148347,2025-12-30 15:52:28.347,1041.905000,19.779360,23,16,2,0.011239,0.007769,-0.045410,0.086685,0.128037,0.987961,-13.511060,1.635149,33.304220,-0.907395,0.221109,-0.357379,0.000000,0.000000,0.000000,0.000000,0,0,2.882385,2.804489,689107.300000,0.000000,-13.546860,1.632191,33.273260,354.402600,243.176200,358.258300,104.047200,98.172010,0.300000,1000.000000,0.900730,2468,2740,50.000000,off
1767081148359,2025-12-30 15:52:28.359,1041.916000,19.790470,23,16,2,0.000515,0.007781,-0.046284,0.101028,0.119827,0.987625,-13.505520,1.635492,33.294640,-0.914321,0.213166,-0.344306,0.000000,0.000000,0.000000,0.000000,0,0,2.869583,2.839432,10639.800000,0.000000,-13.546990,1.632316,33.272870,354.361400,243.217200,358.254200,104.047200,98.172010,0.300000,1000.000000,0.900730,2468,2740,50.000000,off
1767081148370,2025-12-30 15:52:28.370,1041.927000,19.801450,23,16,2,0.005327,0.007833,-0.045987,0.094772,0.126526,0.987412,-13.507960,1.635601,33.298400,-0.910802,0.220635,-0.348901,0.000000,0.000000,0.000000,0.000000,0,0,2.958420,2.832916,2740045.000000,0.000000,-13.547000,1.632515,33.272490,354.326300,243.241700,358.279000,104.047200,98.172010,0.300000,1000.000000,0.900730,2468,2740,50.000000,off
1767081148381,2025-12-30 15:52:28.381,1041.938000,19.812560,23,16,2,0.005327,0.007833,-0.045987,0.094772,0.126526,0.987412,-13.508040,1.635692,33.298000,-0.910808,0.221370,-0.348421,0.000000,0.000000,0.000000,0.000000,0,0,2.958420,2.832916,2740045.000000,0.000000,-13.547100,1.632634,33.272120,354.286500,243.271800,358.314900,104.047200,98.172010,0.300000,1000.000000,0.900730,2468,2740,50.000000,off
1767081148392,2025-12-30 15:52:28.392,1041.949000,19.823790,23,16,2,-0.000583,0.007824,-0.046353,0.096985,0.126724,0.987183,-13.505080,1.635892,33.292470,-0.911382,0.222390,-0.346296,0.000000,0.000000,0.000000,0.000000,0,0,2.924393,2.824310,2659.825000,0.000000,-13.547130,1.632748,33.271690,354.237400,243.273900,358.359800,104.047200,98.172010,0.300000,1000.000000,0.900730,2468,2740,50.000000,off
1767081148403,2025-12-30 15:52:28.403,1041.960000,19.834780,23,16,2,0.000515,0.007781,-0.046284,0.101028,0.119827,0.987625,-13.505660,1.635897,33.292970,-0.913967,0.216258,-0.343316,0.000000,0.000000,0.000000,0.000000,0,0,2.869583,2.839432,2.597424,0.000000,-13.547160,1.632855,33.271260,354.195200,243.278200,358.405800,104.047200,98.172010,0.300000,1000.000000,0.900730,2468,2740,50.000000,off
1767081148414,2025-12-30 15:52:28.414,1041.971000,19.845890,23,16,2,0.005327,0.007833,-0.045987,0.094772,0.126526,0.987412,-13.508150,1.635933,33.296670,-0.910129,0.224448,-0.348225,0.000000,0.000000,0.000000,0.000000,0,0,2.958420,2.832916,43580620.000000,0.000000,-13.547220,1.632999,33.270810,354.118700,243.281800,358.453800,104.047200,98.172010,0.300000,1000.000000,0.900730,2468,2740,50.000000,off
1767081148425,2025-12-30 15:52:28.425,1041.983000,19.857120,23,16,2,0.005327,0.007833,-0.045987,0.094772,0.126526,0.987412,-13.508100,1.635978,33.296280,-0.909679,0.226176,-0.348283,0.000000,0.000000,0.000000,0.000000,0,0,2.958420,2.832916,43580620.000000,0.000000,-13.547190,1.633108,33.270430,354.027000,243.279900,358.556900,104.047200,98.172010,0.300000,1000.000000,0.900730,2468,2740,50.000000,off
1767081148437,2025-12-30 15:52:28.437,1041.994000,19.868100,23,16,2,0.002158,0.007765,-0.045906,0.088577,0.129135,0.987656,-13.506780,1.636098,33.292920,-0.906552,0.230859,-0.353346,0.000000,0.000000,0.000000,0.000000,0,0,2.936493,2.805939,2659.826000,0.000000,-13.547240,1.633286,33.269970,353.925400,243.307400,358.676500,104.047200,98.172010,0.300000,1000.000000,0.900730,2468,2740,50.000000,off
1767081148447,2025-12-30 15:52:28.447,1042.005000,19.879210,23,16,2,0.003281,0.007780,-0.045825,0.087967,0.119293,0.988937,-13.507350,1.636286,33.293340,-0.907735,0.223327,-0.355119,0.000000,0.000000,0.000000,0.000000,0,0,2.973328,2.899658,165.231300,0.000000,-13.547250,1.633559,33.269430,353.814500,243.312000,358.819200,104.047200,98.172010,0.300000,1000.000000,0.900730,2468,2740,50.000000,off
1767081148458,2025-12-30 15:52:28.458,1042.016000,19.890440,23,16,2,0.003281,0.007780,-0.045825,0.087967,0.119293,0.988937,-13.507280,1.636397,33.292800,-0.906872,0.225415,-0.356002,0.000000,0.000000,0.000000,0.000000,0,0,2.973328,2.899658,165.231300,0.000000,-13.547180,1.633742,33.268880,353.709500,243.266500,359.017200,104.047200,98.172010,0.300000,1000.000000,0.900730,2468,2740,50.000000,off
1767081148469,2025-12-30 15:52:28.469,1042.027000,19.901430,23,16,2,-0.000568,0.008007,-0.046832,0.085815,0.122589,0.988739,-13.504570,1.636667,33.289260,-0.904424,0.230997,-0.358685,0.000000,0.000000,0.000000,0.000000,0,0,2.920303,2.847778,41.555860,0.000000,-13.547120,1.633930,33.268290,353.591600,243.208100,359.213100,104.047200,98.172010,0.300000,1000.000000,0.900730,2468,2740,50.000000,off
1767081148480,2025-12-30 15:52:28.480,1042.038000,19.912540,23,16,2,0.001456,0.008044,-0.046176,0.107895,0.135727,0.984848,-13.505860,1.636869,33.290130,-0.908420,0.245750,-0.338184,0.000000,0.000000,0.000000,0.000000,0,0,3.037201,2.828827,0.649310,0.000000,-13.546890,1.634141,33.267600,353.472000,243.110900,359.435800,104.047200,98.172010,0.300000,1000.000000,0.900730,2468,2740,50.000000,off
1767081148492,2025-12-30 15:52:28.492,1042.049000,19.923650,23,16,2,0.003281,0.007780,-0.045825,0.087967,0.119293,0.988937,-13.506890,1.636825,33.290860,-0.903036,0.232795,-0.360970,0.000000,0.000000,0.000000,0.000000,0,0,2.973328,2.899658,0.657169,0.000000,-13.546730,1.634438,33.266810,353.332500,242.981000,359.663900,104.047200,98.172010,0.300000,1000.000000,0.900730,2468,2740,50.000000,off
1767081148503,2025-12-30 15:52:28.503,1042.060000,19.934880,23,16,2,0.003281,0.007780,-0.045825,0.087967,0.119293,0.988937,-13.506850,1.637052,33.290070,-0.901034,0.236373,-0.363637,0.000000,0.000000,0.000000,0.000000,0,0,2.973328,2.899658,0.657169,0.000000,-13.546640,1.634804,33.265930,353.142600,242.816100,359.905300,104.047200,98.172010,0.300000,1000.000000,0.900730,2468,2740,50.000000,off
1767081148516,2025-12-30 15:52:28.516,1042.073000,19.947690,23,16,2,-0.000568,0.008007,-0.046832,0.085815,0.122589,0.988739,-13.504070,1.637419,33.286300,-0.897355,0.243461,-0.368073,0.000000,0.000000,0.000000,0.000000,0,0,2.920303,2.847778,0.040583,0.000000,-13.546490,1.635232,33.265010,352.938000,242.642600,0.164505,104.047200,98.172010,0.300000,1000.000000,0.900730,2468,2740,50.000000,off
1767081148525,2025-12-30 15:52:28.525,1042.083000,19.957090,23,16,2,-0.008566,0.007963,-0.046694,0.106735,0.124878,0.986404,-13.500330,1.637631,33.278320,-0.902324,0.249744,-0.351312,0.000000,0.000000,0.000000,0.000000,0,0,2.967163,2.879517,10.325490,0.000000,-13.546280,1.635720,33.264100,352.720100,242.460700,0.477975,104.047200,98.172010,0.300000,1000.000000,0.900730,2468,2740,50.000000,off
1767081148536,2025-12-30 15:52:28.536,1042.094000,19.968080,23,16,2,-0.024829,0.007789,-0.047413,0.133164,0.122131,0.983536,-13.492050,1.637371,33.263390,-0.910091,0.251896,-0.329050,0.000000,0.000000,0.000000,0.000000,0,0,2.965286,2.895157,672.862400,0.000000,-13.546120,1.636188,33.263160,352.453800,242.306000,0.724149,104.047200,98.172010,0.300000,1000.000000,0.900730,2468,2740,50.000000,off
1767081148547,2025-12-30 15:52:28.547,1042.105000,19.979190,23,16,2,-0.024829,0.007789,-0.047413,0.133164,0.122131,0.983536,-13.492000,1.637536,33.262650,-0.908102,0.256462,-0.331014,0.000000,0.000000,0.000000,0.000000,0,0,2.965286,2.895157,672.862400,0.000000,-13.546080,1.636676,33.262340,352.220800,242.184800,1.018825,104.047200,98.172010,0.300000,1000.000000,0.900730,2468,2740,50.000000,off
1767081148559,2025-12-30 15:52:28.559,1042.116000,19.990300,23,16,2,-0.029360,0.008033,-0.048406,0.141159,0.097458,0.985169,-13.488860,1.637680,33.258420,-0.914786,0.237007,-0.327071,0.000000,0.000000,0.000000,0.000000,0,0,2.952499,2.919266,672.862400,0.000000,-13.545950,1.637137,33.261620,351.986000,242.105700,1.303085,104.047200,98.172010,0.300000,1000.000000,0.900730,2468,2740,50.000000,off
1767081148570,2025-12-30 15:52:28.570,1042.127000,20.001530,23,16,2,-0.030199,0.008408,-0.049411,0.134079,0.069000,0.988556,-13.487570,1.637887,33.257390,-0.917199,0.213391,-0.336439,0.000000,0.000000,0.000000,0.000000,0,0,2.974442,2.860489,10.388720,0.000000,-13.545980,1.637452,33.260860,351.768200,242.081500,1.548979,104.047200,98.172010,0.300000,1000.000000,0.900730,2468,2740,50.000000,off
1767081148581,2025-12-30 15:52:28.581,1042.138000,20.012510,23,16,2,-0.030199,0.008408,-0.049411,0.134079,0.069000,0.988556,-13.487630,1.637893,33.256770,-0.916439,0.216865,-0.336289,0.000000,0.000000,0.000000,0.000000,0,0,2.974442,2.860489,10.388720,0.000000,-13.546040,1.637713,33.260270,351.587900,242.082400,1.736871,104.047200,98.172010,0.300000,1000.000000,0.900730,2468,2740,50.000000,off
1767081148591,2025-12-30 15:52:28.591,1042.149000,20.023740,23,16,2,-0.029510,0.008336,-0.048555,0.136627,0.077576,0.987579,-13.488710,1.637979,33.256290,-0.915007,0.227880,-0.332914,0.000000,0.000000,0.000000,0.000000,0,0,2.963837,2.897659,166.227400,0.000000,-13.546040,1.637902,33.259610,351.448900,242.093400,1.850176,104.047200,98.172010,0.300000,1000.000000,0.900730,2468,2740,50.000000,off
1767081148602,2025-12-30 15:52:28.602,1042.160000,20.034730,23,16,2,-0.029360,0.008033,-0.048406,0.141159,0.097458,0.985169,-13.488910,1.637772,33.255630,-0.911495,0.249406,-0.327039,0.000000,0.000000,0.000000,0.000000,0,0,2.952499,2.919266,656.940700,0.000000,-13.545990,1.638112,33.258900,351.337600,242.083300,1.945344,104.047200,98.172010,0.300000,1000.000000,0.900730,2468,2740,50.000000,off
1767081148614,2025-12-30 15:52:28.614,1042.171000,20.045840,23,16,2,-0.030199,0.008408,-0.049411,0.134079,0.069000,0.988556,-13.487550,1.638025,33.254630,-0.914959,0.223648,-0.335877,0.000000,0.000000,0.000000,0.000000,0,0,2.974442,2.860489,2643.700000,0.000000,-13.545960,1.638306,33.258170,351.222200,242.083400,2.007503,104.047200,98.172010,0.300000,1000.000000,0.900730,2468,2740,50.000000,off
1767081148625,2025-12-30 15:52:28.625,1042.182000,20.056950,23,16,2,-0.030199,0.008408,-0.049411,0.134079,0.069000,0.988556,-13.487500,1.638113,33.254010,-0.914511,0.225068,-0.336147,0.000000,0.000000,0.000000,0.000000,0,0,2.974442,2.860489,2643.700000,0.000000,-13.545910,1.638493,33.257540,351.146000,242.061400,2.067166,104.047200,98.172010,0.300000,1000.000000,0.900730,2468,2740,50.000000,off
1767081148636,2025-12-30 15:52:28.636,1042.193000,20.068050,23,16,2,-0.027788,0.008164,-0.047767,0.142563,0.072281,0.987137,-13.490020,1.638233,33.254810,-0.916223,0.230071,-0.328011,0.000000,0.000000,0.000000,0.000000,0,0,3.023331,2.942276,10638.050000,0.000000,-13.545840,1.638624,33.256970,351.056100,242.044900,2.136983,104.047200,98.172010,0.300000,1000.000000,0.900730,2468,2740,50.000000,off
1767081148647,2025-12-30 15:52:28.647,1042.205000,20.079160,23,16,2,-0.014163,0.008332,-0.046872,0.138199,0.080719,0.987106,-13.497120,1.639210,33.265890,-0.912223,0.239891,-0.332107,0.000000,0.000000,0.000000,0.000000,0,0,3.090714,2.897110,10.139700,0.000000,-13.545860,1.638889,33.256370,350.971000,242.005000,2.234571,104.047200,98.172010,0.300000,1000.000000,0.900730,2468,2740,50.000000,off
1767081148658,2025-12-30 15:52:28.658,1042.216000,20.090390,23,16,2,-0.014163,0.008332,-0.046872,0.138199,0.080719,0.987106,-13.497010,1.639319,33.265340,-0.911699,0.242067,-0.331968,0.000000,0.000000,0.000000,0.000000,0,0,3.090714,2.897110,10.139700,0.000000,-13.545760,1.639117,33.255830,350.854000,242.005800,2.326639,104.047200,98.172010,0.300000,1000.000000,0.900730,2468,2740,50.000000,off
1767081148669,2025-12-30 15:52:28.669,1042.227000,20.101380,23,16,2,0.021293,0.008761,-0.043835,0.078598,0.073410,0.994186,-13.516070,1.641890,33.294720,-0.890890,0.235765,-0.388205,0.000000,0.000000,0.000000,0.000000,0,0,3.005386,2.866623,660.878100,0.000000,-13.545830,1.639427,33.255230,350.732000,242.002400,2.409665,104.047200,98.172010,0.300000,1000.000000,0.900730,2468,2740,50.000000,off
1767081148680,2025-12-30 15:52:28.680,1042.238000,20.112490,23,16,2,0.030424,0.008952,-0.043271,0.091965,0.071198,0.993210,-13.520780,1.642712,33.302060,-0.895991,0.236621,-0.375771,0.000000,0.000000,0.000000,0.000000,0,0,3.079025,2.888596,2659.388000,0.000000,-13.545860,1.639685,33.254730,350.579900,242.001600,2.455944,104.047200,98.172010,0.300000,1000.000000,0.900730,2468,2740,50.000000,off
1767081148691,2025-12-30 15:52:28.691,1042.249000,20.123470,23,16,2,0.030424,0.008952,-0.043271,0.091965,0.071198,0.993210,-13.520810,1.642898,33.301510,-0.895620,0.238820,-0.375265,0.000000,0.000000,0.000000,0.000000,0,0,3.079025,2.888596,2659.388000,0.000000,-13.545920,1.639965,33.254190,350.450800,242.018700,2.468683,104.047200,98.172010,0.300000,1000.000000,0.900730,2468,2740,50.000000,off
1767081148702,2025-12-30 15:52:28.702,1042.260000,20.134700,23,16,2,0.029422,0.009515,-0.045368,0.066086,0.038879,0.997055,-13.518360,1.643160,33.301240,-0.892291,0.208879,-0.400232,0.000000,0.000000,0.000000,0.000000,0,0,2.885483,2.928879,165.219500,0.000000,-13.545880,1.640204,33.253820,350.308800,242.066600,2.416048,104.047200,98.172010,0.300000,1000.000000,0.900730,2468,2740,50.000000,off
1767081148714,2025-12-30 15:52:28.714,1042.271000,20.145810,23,16,2,0.020104,0.009203,-0.045459,0.076248,0.059082,0.995331,-13.514080,1.642599,33.292500,-0.892015,0.231202,-0.388384,0.000000,0.000000,0.000000,0.000000,0,0,2.989883,2.885818,165.207800,0.000000,-13.545970,1.640494,33.253330,350.167400,242.122700,2.336551,104.047200,98.172010,0.300000,1000.000000,0.900730,2468,2740,50.000000,off
1767081148725,2025-12-30 15:52:28.725,1042.282000,20.156920,23,16,2,-0.009257,0.008091,-0.045533,0.127838,0.058945,0.990036,-13.500790,1.640612,33.265860,-0.911144,0.234293,-0.338988,0.000000,0.000000,0.000000,0.000000,0,0,3.059631,2.983337,0.645358,0.000000,-13.546100,1.640883,33.252760,350.027100,242.176100,2.196022,104.047200,98.172010,0.300000,1000.000000,0.900730,2468,2740,50.000000,off
1767081148736,2025-12-30 15:52:28.736,1042.293000,20.168030,23,15,2,-0.009257,0.008091,-0.045533,0.127838,0.058945,0.990036,-26.000920,1.640851,27.295410,-0.910864,0.236501,-0.338206,0.000000,0.000000,0.000000,0.000000,0,0,3.059631,2.983337,0.645358,0.000000,-26.046230,1.641222,27.282310,349.882000,242.202300,2.088351,104.047200,98.172010,0.300000,1000.000000,0.900730,2468,2740,50.000000,off
1767081148747,2025-12-30 15:52:28.747,1042.304000,20.179020,23,15,2,0.029422,0.009515,-0.045368,0.066086,0.038879,0.997055,-26.018800,1.643860,27.329270,-0.891805,0.219009,-0.395875,0.000000,0.000000,0.000000,0.000000,0,0,2.885483,2.928879,0.000630,0.000000,-26.046440,1.641623,27.281890,349.685400,242.261500,1.987385,104.047200,98.172010,0.300000,1000.000000,0.900730,2468,2740,50.000000,off
1767081148758,2025-12-30 15:52:28.758,1042.316000,20.190250,23,15,2,0.020104,0.009203,-0.045459,0.076248,0.059082,0.995331,-26.014450,1.643398,27.320780,-0.891200,0.242657,-0.383233,0.000000,0.000000,0.000000,0.000000,0,0,2.989883,2.885818,0.162324,0.000000,-26.046450,1.642030,27.281670,349.454600,242.339800,1.867785,104.047200,98.172010,0.300000,1000.000000,0.900730,2468,2740,50.000000,off
1767081148769,2025-12-30 15:52:28.769,1042.327000,20.201350,23,15,2,0.020104,0.009203,-0.045459,0.076248,0.059082,0.995331,-26.014580,1.643759,27.320340,-0.890892,0.246595,-0.381431,0.000000,0.000000,0.000000,0.000000,0,0,2.989883,2.885818,0.162324,0.000000,-26.046610,1.642641,27.281250,349.210000,242.416700,1.719921,104.047200,98.172010,0.300000,1000.000000,0.900730,2468,2740,50.000000,off
1767081148780,2025-12-30 15:52:28.780,1042.338000,20.212460,23,15,2,-0.008514,0.008031,-0.045258,0.141419,0.063660,0.987885,-26.002090,1.642331,27.294280,-0.912669,0.257028,-0.317710,0.000000,0.000000,0.000000,0.000000,0,0,3.166229,2.951294,0.633594,0.000000,-26.046840,1.643422,27.280820,348.860000,242.497200,1.538010,104.047200,98.172010,0.300000,1000.000000,0.900730,2468,2740,50.000000,off
1767081148791,2025-12-30 15:52:28.791,1042.349000,20.223570,23,15,2,-0.005787,0.008142,-0.045317,0.131012,0.054855,0.989853,-26.003340,1.643015,27.296310,-0.910767,0.254120,-0.325438,0.000000,0.000000,0.000000,0.000000,0,0,3.076248,3.011154,0.010146,0.000000,-26.046940,1.644208,27.280460,348.491200,242.627500,1.288747,104.047200,98.172010,0.300000,1000.000000,0.900730,2468,2740,50.000000,off
1767081148802,2025-12-30 15:52:28.803,1042.360000,20.234560,23,15,2,0.008104,0.008492,-0.044570,0.124054,0.053314,0.990830,-26.010410,1.644603,27.307800,-0.908340,0.258223,-0.328960,0.000000,0.000000,0.000000,0.000000,0,0,3.198746,2.976959,0.010146,0.000000,-26.047120,1.645346,27.279950,348.113300,242.766900,0.930419,104.047200,98.172010,0.300000,1000.000000,0.900730,2468,2740,50.000000,off
1767081148814,2025-12-30 15:52:28.814,1042.371000,20.245670,23,15,2,0.008104,0.008492,-0.044570,0.124054,0.053314,0.990830,-26.010540,1.645056,27.307580,-0.907310,0.266103,-0.325505,0.000000,0.000000,0.000000,0.000000,0,0,3.198746,2.976959,0.010146,0.000000,-26.047280,1.646264,27.279760,347.592300,242.900300,0.539511,104.047200,98.172010,0.300000,1000.000000,0.900730,2468,2740,50.000000,off
1767081148825,2025-12-30 15:52:28.825,1042.382000,20.256770,23,15,2,0.014612,0.008623,-0.044105,0.101044,0.035706,0.994232,-26.013800,1.645865,27.313110,-0.902834,0.256394,-0.345160,0.000000,0.000000,0.000000,0.000000,0,0,3.074295,3.011383,0.160371,0.000000,-26.047250,1.647242,27.279770,347.136600,243.082400,0.140148,104.047200,98.172010,0.300000,1000.000000,0.900730,2468,2740,50.000000,off
1767081148836,2025-12-30 15:52:28.836,1042.393000,20.268010,23,15,2,-0.015724,0.007743,-0.045354,0.141052,0.021912,0.989746,-25.999200,1.645321,27.286340,-0.919299,0.248903,-0.304810,0.000000,0.000000,0.000000,0.000000,0,0,3.104706,3.130539,0.010145,0.000000,-26.047290,1.648180,27.279700,346.675000,243.276900,359.779100,104.047200,98.172010,0.300000,1000.000000,0.900730,2468,2740,50.000000,off
1767081148847,2025-12-30 15:52:28.847,1042.404000,20.278990,23,15,2,-0.015724,0.007743,-0.045354,0.141052,0.021912,0.989746,-25.999270,1.645956,27.286070,-0.918713,0.255350,-0.301224,0.000000,0.000000,0.000000,0.000000,0,0,3.104706,3.130539,0.010145,0.000000,-26.047350,1.649081,27.279540,346.247400,243.446700,359.487800,104.047200,98.172010,0.300000,1000.000000,0.900730,2468,2740,50.000000,off
1767081148858,2025-12-30 15:52:28.858,1042.416000,20.290340,23,15,2,0.008104,0.008492,-0.044570,0.124054,0.053314,0.990830,-26.010450,1.647115,27.307030,-0.904558,0.292321,-0.310319,0.000000,0.000000,0.000000,0.000000,0,0,3.198746,2.976959,0.161332,0.000000,-26.047330,1.649868,27.279530,345.856800,243.572300,359.295800,104.047200,98.172010,0.300000,1000.000000,0.900730,2468,2740,50.000000,off
1767081148869,2025-12-30 15:52:28.869,1042.427000,20.301330,23,15,2,0.014612,0.008623,-0.044105,0.101044,0.035706,0.994232,-26.013790,1.647762,27.312370,-0.900106,0.281859,-0.332186,0.000000,0.000000,0.000000,0.000000,0,0,3.074295,3.011383,10.327190,0.000000,-26.047410,1.650660,27.279290,345.511100,243.666800,359.146800,104.047200,98.172010,0.300000,1000.000000,0.900730,2468,2740,50.000000,off
1767081148880,2025-12-30 15:52:28.880,1042.438000,20.312320,23,15,2,-0.015466,0.007917,-0.045947,0.139465,-0.000259,0.990219,-25.998870,1.647472,27.285990,-0.920844,0.250286,-0.298978,0.000000,0.000000,0.000000,0.000000,0,0,3.175262,3.052750,165.243000,0.000000,-26.047370,1.651294,27.279150,345.205600,243.731700,359.015000,104.047200,98.172010,0.300000,1000.000000,0.900730,2468,2740,50.000000,off
1767081148891,2025-12-30 15:52:28.891,1042.449000,20.323430,23,15,2,-0.015466,0.007917,-0.045947,0.139465,-0.000259,0.990219,-25.998990,1.647941,27.285680,-0.920128,0.253963,-0.298081,0.000000,0.000000,0.000000,0.000000,0,0,3.175262,3.052750,165.243000,0.000000,-26.047470,1.651932,27.278850,344.974900,243.761100,358.939500,104.047200,98.172010,0.300000,1000.000000,0.900730,2468,2740,50.000000,off
1767081148902,2025-12-30 15:52:28.902,1042.460000,20.334660,23,15,2,-0.000800,0.008052,-0.044481,0.120392,-0.000824,0.992722,-26.006790,1.648553,27.297960,-0.913406,0.257441,-0.315287,0.000000,0.000000,0.000000,0.000000,0,0,3.035797,3.074097,10.451950,0.000000,-26.047480,1.652446,27.278640,344.781400,243.801800,358.838100,104.047200,98.172010,0.300000,1000.000000,0.900730,2468,2740,50.000000,off
1767081148913,2025-12-30 15:52:28.913,1042.471000,20.345640,23,15,2,0.001380,0.007972,-0.044250,0.107117,0.007553,0.994217,-26.008090,1.648731,27.299440,-0.906611,0.268101,-0.325849,0.000000,0.000000,0.000000,0.000000,0,0,3.134506,3.046661,0.159398,0.000000,-26.047600,1.652781,27.278310,344.658100,243.838800,358.763300,104.047200,98.172010,0.300000,1000.000000,0.900730,2468,2740,50.000000,off
1767081148924,2025-12-30 15:52:28.924,1042.482000,20.356750,23,15,2,0.001380,0.007972,-0.044250,0.107117,0.007553,0.994217,-26.008240,1.648943,27.299080,-0.906386,0.269738,-0.325122,0.000000,0.000000,0.000000,0.000000,0,0,3.134506,3.046661,0.159398,0.000000,-26.047740,1.653076,27.277970,344.554000,243.871600,358.706900,104.047200,98.172010,0.300000,1000.000000,0.900730,2468,2740,50.000000,off
1767081148935,2025-12-30 15:52:28.935,1042.493000,20.367860,23,15,2,-0.016474,0.007454,-0.045340,0.119568,-0.014435,0.992706,-25.999650,1.648577,27.283050,-0.915732,0.248624,-0.315582,0.000000,0.000000,0.000000,0.000000,0,0,3.169830,3.071472,0.010024,0.000000,-26.047940,1.653149,27.277560,344.510600,243.914900,358.715900,104.047200,98.172010,0.300000,1000.000000,0.900730,2468,2740,50.000000,off
1767081148947,2025-12-30 15:52:28.947,1042.504000,20.378970,23,15,2,-0.029296,0.007152,-0.046271,0.144302,-0.017410,0.989365,-25.993470,1.648376,27.271460,-0.924592,0.244705,-0.291922,0.000000,0.000000,0.000000,0.000000,0,0,3.160217,3.053284,2.581556,0.000000,-26.048190,1.653239,27.277130,344.492200,243.943300,358.743700,104.047200,98.172010,0.300000,1000.000000,0.900730,2468,2740,50.000000,off
1767081148958,2025-12-30 15:52:28.958,1042.516000,20.390080,23,15,2,-0.029005,0.006808,-0.046144,0.125702,-0.075745,0.989166,-25.994080,1.648006,27.271150,-0.929872,0.188296,-0.316023,0.000000,0.000000,0.000000,0.000000,0,0,3.244629,3.118149,0.002506,0.000000,-26.048480,1.653180,27.276700,344.535600,243.968000,358.833300,104.047200,98.172010,0.300000,1000.000000,0.900730,2468,2740,50.000000,off
1767081148969,2025-12-30 15:52:28.969,1042.527000,20.401180,23,15,2,-0.029005,0.006808,-0.046144,0.125702,-0.075745,0.989166,-25.994370,1.647905,27.270710,-0.930371,0.186838,-0.315419,0.000000,0.000000,0.000000,0.000000,0,0,3.244629,3.118149,0.002506,0.000000,-26.048770,1.653043,27.276310,344.631900,244.005900,358.919000,104.047200,98.172010,0.300000,1000.000000,0.900730,2468,2740,50.000000,off
1767081148980,2025-12-30 15:52:28.980,1042.538000,20.412290,23,15,2,-0.016474,0.007454,-0.045340,0.119568,-0.014435,0.992706,-26.000660,1.648407,27.281340,-0.917393,0.245093,-0.313513,0.000000,0.000000,0.000000,0.000000,0,0,3.169830,3.071472,0.641421,0.000000,-26.048980,1.652865,27.276020,344.757600,244.063800,359.022400,104.047200,98.172010,0.300000,1000.000000,0.900730,2468,2740,50.000000,off
1767081148991,2025-12-30 15:52:28.991,1042.549000,20.423400,23,15,2,-0.029296,0.007152,-0.046271,0.144302,-0.017410,0.989365,-25.994520,1.647844,27.269810,-0.927362,0.237744,-0.288870,0.000000,0.000000,0.000000,0.000000,0,0,3.160217,3.053284,2.597301,0.000000,-26.049240,1.652499,27.275750,344.958200,244.172200,359.092200,104.047200,98.172010,0.300000,1000.000000,0.900730,2468,2740,50.000000,off
1767081149002,2025-12-30 15:52:29.002,1042.560000,20.434630,23,15,2,-0.029296,0.007152,-0.046271,0.144302,-0.017410,0.989365,-25.994830,1.647573,27.269470,-0.928702,0.234372,-0.287318,0.000000,0.000000,0.000000,0.000000,0,0,3.160217,3.053284,2.597301,0.000000,-26.049540,1.652089,27.275520,345.169200,244.288800,359.160700,104.047200,98.172010,0.300000,1000.000000,0.900730,2468,2740,50.000000,off
1767081149013,2025-12-30 15:52:29.013,1042.571000,20.445620,23,15,2,-0.027274,0.006820,-0.046156,0.130920,-0.078537,0.988266,-25.996230,1.646893,27.270940,-0.937282,0.170726,-0.303863,0.000000,0.000000,0.000000,0.000000,0,0,3.135681,3.022842,0.040825,0.000000,-26.049890,1.651547,27.275430,345.442400,244.463200,359.245500,104.047200,98.172010,0.300000,1000.000000,0.900730,2468,2740,50.000000,off
1767081149024,2025-12-30 15:52:29.024,1042.582000,20.456730,23,15,2,-0.019589,0.006978,-0.046115,0.123978,-0.085068,0.988617,-25.999890,1.646581,27.277580,-0.937799,0.160177,-0.307973,0.000000,0.000000,0.000000,0.000000,0,0,3.286087,3.113113,0.649280,0.000000,-26.050230,1.650983,27.275320,345.712000,244.662000,359.341900,104.047200,98.172010,0.300000,1000.000000,0.900730,2468,2740,50.000000,off
1767081149035,2025-12-30 15:52:29.035,1042.593000,20.467830,23,15,2,-0.006549,0.007199,-0.045521,0.103424,-0.098251,0.989761,-26.006260,1.646320,27.288910,-0.934917,0.143010,-0.324741,0.000000,0.000000,0.000000,0.000000,0,0,3.231750,3.118378,0.649280,0.000000,-26.050600,1.650281,27.275300,346.012200,244.898500,359.487900,104.047200,98.172010,0.300000,1000.000000,0.900730,2468,2740,50.000000,off
1767081149047,2025-12-30 15:52:29.047,1042.604000,20.478940,23,15,2,-0.006549,0.007199,-0.045521,0.103424,-0.098251,0.989761,-26.006550,1.645859,27.288760,-0.936952,0.138227,-0.320924,0.000000,0.000000,0.000000,0.000000,0,0,3.231750,3.118378,0.649280,0.000000,-26.050970,1.649601,27.275340,346.306300,245.134100,359.644500,104.047200,98.172010,0.300000,1000.000000,0.900730,2468,2740,50.000000,off
1767081149058,2025-12-30 15:52:29.058,1042.615000,20.490050,23,15,2,-0.003856,0.007225,-0.045432,0.112106,-0.098541,0.988785,-26.008000,1.645335,27.291110,-0.941922,0.132825,-0.308405,0.000000,0.000000,0.000000,0.000000,0,0,3.343979,3.136246,0.002475,0.000000,-26.051300,1.648818,27.275500,346.611500,245.389900,359.859300,104.047200,98.172010,0.300000,1000.000000,0.900730,2468,2740,50.000000,off
1767081149069,2025-12-30 15:52:29.069,1042.627000,20.501160,23,15,2,0.023410,0.008024,-0.045053,0.080414,-0.101334,0.991592,-26.019640,1.645676,27.315920,-0.934185,0.125462,-0.333988,0.000000,0.000000,0.000000,0.000000,0,0,3.336884,3.060135,0.010083,0.000000,-26.051650,1.648015,27.275770,346.939100,245.671400,0.063406,104.047200,98.172010,0.300000,1000.000000,0.900730,2468,2740,50.000000,off
1767081149080,2025-12-30 15:52:29.080,1042.638000,20.512270,23,15,2,0.023410,0.008024,-0.045053,0.080414,-0.101334,0.991592,-26.019720,1.645332,27.316020,-0.936653,0.119691,-0.329161,0.000000,0.000000,0.000000,0.000000,0,0,3.336884,3.060135,0.010083,0.000000,-26.051970,1.647344,27.276040,347.283800,245.971600,0.195553,104.047200,98.172010,0.300000,1000.000000,0.900730,2468,2740,50.000000,off
1767081149091,2025-12-30 15:52:29.091,1042.649000,20.523380,23,15,2,-0.006549,0.007199,-0.045521,0.103424,-0.098251,0.989761,-26.007560,1.643971,27.289000,-0.946551,0.118606,-0.299919,0.000000,0.000000,0.000000,0.000000,0,0,3.231750,3.118378,10.325970,0.000000,-26.052340,1.646814,27.276620,347.497700,246.425200,0.150192,104.047200,98.172010,0.300000,1000.000000,0.900730,2468,2740,50.000000,off
1767081149102,2025-12-30 15:52:29.102,1042.660000,20.534360,23,15,2,-0.003856,0.007225,-0.045432,0.112106,-0.098541,0.988785,-26.009040,1.643865,27.291680,-0.952448,0.117049,-0.281277,0.000000,0.000000,0.000000,0.000000,0,0,3.343979,3.136246,0.641422,0.000000,-26.052840,1.646612,27.277330,347.530700,247.077500,359.879700,104.047200,98.172010,0.300000,1000.000000,0.900730,2468,2740,50.000000,off
1767081149113,2025-12-30 15:52:29.113,1042.671000,20.545590,23,15,2,0.021202,0.008039,-0.045348,0.067062,-0.100159,0.992706,-26.018750,1.644199,27.315360,-0.941845,0.115913,-0.315415,0.000000,0.000000,0.000000,0.000000,0,0,3.258392,3.040527,660.878000,0.000000,-26.053220,1.646154,27.278230,347.560500,247.623700,359.897900,104.047200,98.172010,0.300000,1000.000000,0.900730,2468,2740,50.000000,off
1767081149124,2025-12-30 15:52:29.124,1042.682000,20.556580,23,15,2,0.021202,0.008039,-0.045348,0.067062,-0.100159,0.992706,-26.018480,1.643385,27.315970,-0.945737,0.114178,-0.304203,0.000000,0.000000,0.000000,0.000000,0,0,3.258392,3.040527,660.878000,0.000000,-26.053390,1.645302,27.279250,347.654100,248.319200,359.795700,104.047200,98.172010,0.300000,1000.000000,0.900730,2468,2740,50.000000,off
1767081149135,2025-12-30 15:52:29.135,1042.693000,20.567810,23,15,2,0.010070,0.007582,-0.045024,0.081833,-0.082947,0.993179,-26.014610,1.642299,27.306120,-0.951782,0.127853,-0.278830,0.000000,0.000000,0.000000,0.000000,0,0,3.285461,3.067459,2.581738,0.000000,-26.053540,1.644412,27.280320,347.837300,248.957800,359.775100,104.047200,98.172010,0.300000,1000.000000,0.900730,2468,2740,50.000000,off
1767081149147,2025-12-30 15:52:29.147,1042.704000,20.578920,23,15,2,0.004532,0.007534,-0.045381,0.084839,-0.075836,0.993500,-26.012160,1.641625,27.301830,-0.955039,0.131675,-0.265617,0.000000,0.000000,0.000000,0.000000,0,0,3.317932,3.194000,0.160375,0.000000,-26.053630,1.643701,27.281510,348.016000,249.570900,359.701900,104.047200,98.172010,0.300000,1000.000000,0.900730,2468,2740,50.000000,off
1767081149158,2025-12-30 15:52:29.158,1042.715000,20.589900,23,15,2,0.004532,0.007534,-0.045381,0.084839,-0.075836,0.993500,-26.012020,1.641071,27.302620,-0.958074,0.130366,-0.255127,0.000000,0.000000,0.000000,0.000000,0,0,3.317932,3.194000,0.160375,0.000000,-26.053710,1.643089,27.282750,348.090400,250.204200,359.683900,104.047200,98.172010,0.300000,1000.000000,0.900730,2468,2740,50.000000,off
1767081149169,2025-12-30 15:52:29.169,1042.727000,20.601140,23,15,2,-0.006895,0.007388,-0.045955,0.112412,-0.046310,0.992569,-26.007560,1.640419,27.292730,-0.963453,0.158750,-0.215711,0.000000,0.000000,0.000000,0.000000,0,0,3.233170,3.078232,167.223400,0.000000,-26.053730,1.642627,27.283960,348.095500,250.859300,359.643600,104.047200,98.172010,0.300000,1000.000000,0.900730,2468,2740,50.000000,off
1767081149180,2025-12-30 15:52:29.180,1042.738000,20.612120,23,15,2,-0.025862,0.007376,-0.047725,0.239319,-0.001297,0.970932,-25.999550,1.640027,27.276080,-0.977530,0.196753,-0.075541,0.000000,0.000000,0.000000,0.000000,0,0,3.390091,3.184113,0.161355,0.000000,-26.053510,1.642445,27.285200,348.132400,251.453800,359.596100,104.047200,98.172010,0.300000,1000.000000,0.900730,2468,2740,50.000000,off
1767081149191,2025-12-30 15:52:29.191,1042.749000,20.623350,23,15,2,-0.028304,0.007154,-0.047408,0.269562,0.091980,0.958572,-25.998990,1.639875,27.274300,-0.958106,0.285116,-0.026955,0.000000,0.000000,0.000000,0.000000,0,0,3.321732,3.103851,0.649295,0.000000,-26.053290,1.642386,27.286350,348.102300,252.000700,359.455100,104.047200,98.172010,0.300000,1000.000000,0.900730,2468,2740,50.000000,off
1767081149202,2025-12-30 15:52:29.202,1042.760000,20.634460,23,15,2,-0.028304,0.007154,-0.047408,0.269562,0.091980,0.958572,-25.998980,1.639886,27.274780,-0.958063,0.286011,-0.017280,0.000000,0.000000,0.000000,0.000000,0,0,3.321732,3.103851,0.649295,0.000000,-26.053160,1.642413,27.287340,348.009900,252.561900,359.327800,104.047200,98.172010,0.300000,1000.000000,0.900730,2468,2740,50.000000,off
1767081149213,2025-12-30 15:52:29.213,1042.771000,20.645450,23,15,2,-0.006895,0.007388,-0.045955,0.112412,-0.046310,0.992569,-26.006440,1.640193,27.295430,-0.970510,0.161246,-0.179121,0.000000,0.000000,0.000000,0.000000,0,0,3.233170,3.078232,10.262740,0.000000,-26.052900,1.642509,27.288360,347.902100,253.040200,359.217100,104.047200,98.172010,0.300000,1000.000000,0.900730,2468,2740,50.000000,off
1767081149224,2025-12-30 15:52:29.224,1042.782000,20.656680,23,15,2,-0.025862,0.007376,-0.047725,0.239319,-0.001297,0.970932,-25.998960,1.640209,27.278380,-0.979155,0.199016,-0.040415,0.000000,0.000000,0.000000,0.000000,0,0,3.390091,3.184113,10.201220,0.000000,-26.052580,1.642632,27.289350,347.879600,253.504400,359.123800,104.047200,98.172010,0.300000,1000.000000,0.900730,2468,2740,50.000000,off
1767081149236,2025-12-30 15:52:29.236,1042.793000,20.667660,23,15,2,-0.025862,0.007376,-0.047725,0.239319,-0.001297,0.970932,-25.998680,1.640493,27.278880,-0.979459,0.198892,-0.032969,0.000000,0.000000,0.000000,0.000000,0,0,3.390091,3.184113,10.201220,0.000000,-26.052210,1.642890,27.290250,347.866200,253.940900,359.038800,104.047200,98.172010,0.300000,1000.000000,0.900730,2468,2740,50.000000,off
1767081149247,2025-12-30 15:52:29.247,1042.804000,20.678770,23,15,2,-0.015551,0.007664,-0.047332,0.250870,0.103684,0.962448,-26.001470,1.640777,27.289260,-0.953825,0.300299,-0.005632,0.000000,0.000000,0.000000,0.000000,0,0,3.249557,3.163010,0.645374,0.000000,-26.051790,1.643019,27.291140,347.820400,254.307500,359.044400,104.047200,98.172010,0.300000,1000.000000,0.900730,2468,2740,50.000000,off
1767081149258,2025-12-30 15:52:29.258,1042.815000,20.689880,23,15,2,-0.013833,0.007693,-0.046672,0.243744,0.091614,0.965500,-26.002160,1.641057,27.291250,-0.957075,0.289728,-0.007773,0.000000,0.000000,0.000000,0.000000,0,0,3.342346,3.231125,0.645374,0.000000,-26.051390,1.643183,27.291980,347.791600,254.688300,359.044300,104.047200,98.172010,0.300000,1000.000000,0.900730,2468,2740,50.000000,off
1767081149269,2025-12-30 15:52:29.269,1042.827000,20.701230,23,15,2,-0.027919,0.007366,-0.046996,0.233200,0.075134,0.969513,-25.997850,1.640951,27.278170,-0.961273,0.275190,-0.014422,0.000000,0.000000,0.000000,0.000000,0,0,3.290939,3.230438,0.649295,0.000000,-26.051000,1.643273,27.292730,347.766600,255.030000,359.079000,104.047200,98.172010,0.300000,1000.000000,0.900730,2468,2740,50.000000,off
1767081149280,2025-12-30 15:52:29.280,1042.838000,20.712220,23,15,2,-0.027919,0.007366,-0.046996,0.233200,0.075134,0.969513,-25.997470,1.640994,27.278630,-0.961313,0.275286,-0.008767,0.000000,0.000000,0.000000,0.000000,0,0,3.290939,3.230438,0.649295,0.000000,-26.050540,1.643321,27.293500,347.760800,255.366600,359.079500,104.047200,98.172010,0.300000,1000.000000,0.900730,2468,2740,50.000000,off
1767081149291,2025-12-30 15:52:29.291,1042.849000,20.723330,23,15,2,-0.010726,0.007809,-0.046308,0.128876,0.075836,0.988754,-26.001980,1.641278,27.295570,-0.953081,0.282285,-0.109302,0.000000,0.000000,0.000000,0.000000,0,0,3.242737,3.109161,0.653155,0.000000,-26.050090,1.643325,27.294210,347.723000,255.663800,359.065300,104.047200,98.172010,0.300000,1000.000000,0.900730,2468,2740,50.000000,off
1767081149302,2025-12-30 15:52:29.302,1042.860000,20.734440,23,15,2,-0.013833,0.007693,-0.046672,0.243744,0.091614,0.965500,-26.000450,1.641121,27.293080,-0.956427,0.291643,0.013637,0.000000,0.000000,0.000000,0.000000,0,0,3.342346,3.231125,10.325730,0.000000,-26.049650,1.643345,27.294910,347.680100,255.963800,359.071500,104.047200,98.172010,0.300000,1000.000000,0.900730,2468,2740,50.000000,off
1767081149313,2025-12-30 15:52:29.313,1042.871000,20.745420,23,15,2,-0.013833,0.007693,-0.046672,0.243744,0.091614,0.965500,-25.999950,1.641117,27.293530,-0.956180,0.292191,0.018414,0.000000,0.000000,0.000000,0.000000,0,0,3.342346,3.231125,10.325730,0.000000,-26.049140,1.643369,27.295600,347.639300,256.245100,359.045500,104.047200,98.172010,0.300000,1000.000000,0.900730,2468,2740,50.000000,off
1767081149324,2025-12-30 15:52:29.324,1042.882000,20.756530,23,15,2,-0.027919,0.007366,-0.046996,0.233200,0.075134,0.969513,-25.996030,1.640957,27.280320,-0.960524,0.277962,0.010678,0.000000,0.000000,0.000000,0.000000,0,0,3.290939,3.230438,41.301940,0.000000,-26.048770,1.643413,27.296250,347.589600,256.512400,359.052400,104.047200,98.172010,0.300000,1000.000000,0.900730,2468,2740,50.000000,off
1767081149335,2025-12-30 15:52:29.335,1042.893000,20.767760,23,15,2,-0.005923,0.007864,-0.046011,0.124954,0.080048,0.988922,-26.001590,1.641233,27.302020,-0.952499,0.289655,-0.093985,0.000000,0.000000,0.000000,0.000000,0,0,3.163086,3.029251,656.862400,0.000000,-26.048330,1.643394,27.297000,347.531600,256.784900,359.058600,104.047200,98.172010,0.300000,1000.000000,0.900730,2468,2740,50.000000,off
1767081149346,2025-12-30 15:52:29.346,1042.904000,20.778750,23,15,2,-0.013926,0.007543,-0.046062,0.112259,0.080872,0.990372,-25.999380,1.640850,27.294860,-0.950949,0.291824,-0.102539,0.000000,0.000000,0.000000,0.000000,0,0,3.048218,3.089066,40.802900,0.000000,-26.047940,1.643251,27.297840,347.482000,257.027300,359.072400,104.047200,98.172010,0.300000,1000.000000,0.900730,2468,2740,50.000000,off
1767081149357,2025-12-30 15:52:29.357,1042.915000,20.789860,23,15,2,-0.013926,0.007543,-0.046062,0.112259,0.080872,0.990372,-25.998960,1.640682,27.295400,-0.951265,0.292269,-0.098251,0.000000,0.000000,0.000000,0.000000,0,0,3.048218,3.089066,40.802900,0.000000,-26.047510,1.643100,27.298590,347.451300,257.281000,359.039200,104.047200,98.172010,0.300000,1000.000000,0.900730,2468,2740,50.000000,off
1767081149369,2025-12-30 15:52:29.369,1042.927000,20.801090,23,15,2,-0.022575,0.007101,-0.045882,0.125992,0.080917,0.988709,-25.997030,1.640293,27.287380,-0.953181,0.291357,-0.080771,0.000000,0.000000,0.000000,0.000000,0,0,3.111099,3.033539,0.649310,0.000000,-26.047200,1.642935,27.299250,347.469700,257.504600,359.008500,104.047200,98.172010,0.300000,1000.000000,0.900730,2468,2740,50.000000,off
1767081149380,2025-12-30 15:52:29.380,1042.938000,20.812190,23,15,2,-0.023372,0.007063,-0.046024,0.097961,0.079498,0.992004,-25.996370,1.640085,27.287180,-0.950994,0.290592,-0.105623,0.000000,0.000000,0.000000,0.000000,0,0,3.112305,2.985001,0.040337,0.000000,-26.046800,1.642746,27.299970,347.501400,257.702300,358.984400,104.047200,98.172010,0.300000,1000.000000,0.900730,2468,2740,50.000000,off
1767081149391,2025-12-30 15:52:29.391,1042.949000,20.823300,23,15,2,-0.023372,0.007063,-0.046024,0.097961,0.079498,0.992004,-25.996020,1.639910,27.287780,-0.951521,0.290036,-0.102359,0.000000,0.000000,0.000000,0.000000,0,0,3.112305,2.985001,0.040337,0.000000,-26.046410,1.642543,27.300750,347.534700,257.900800,358.982100,104.047200,98.172010,0.300000,1000.000000,0.900730,2468,2740,50.000000,off
1767081149402,2025-12-30 15:52:29.402,1042.960000,20.834410,23,15,2,-0.022783,0.007075,-0.046155,0.078430,0.080612,0.993652,-25.995700,1.639720,27.288970,-0.949221,0.291406,-0.118566,0.000000,0.000000,0.000000,0.000000,0,0,3.089157,3.000244,0.641498,0.000000,-26.046050,1.642375,27.301520,347.563200,258.095700,359.028100,104.047200,98.172010,0.300000,1000.000000,0.900730,2468,2740,50.000000,off
1767081149413,2025-12-30 15:52:29.413,1042.971000,20.845520,23,15,2,-0.021501,0.006967,-0.045817,0.060562,0.074661,0.995361,-25.995860,1.639563,27.290780,-0.948957,0.285745,-0.133478,0.000000,0.000000,0.000000,0.000000,0,0,3.098373,3.009811,0.160374,0.000000,-26.045560,1.642263,27.302330,347.597200,258.298600,359.078600,104.047200,98.172010,0.300000,1000.000000,0.900730,2468,2740,50.000000,off
1767081149425,2025-12-30 15:52:29.425,1042.982000,20.856630,23,15,2,-0.018363,0.007162,-0.046429,0.028427,0.070511,0.997101,-25.995550,1.639431,27.294610,-0.945510,0.282232,-0.162318,0.000000,0.000000,0.000000,0.000000,0,0,3.067963,2.998962,0.002552,0.000000,-26.045190,1.642128,27.303140,347.619900,258.499300,359.160500,104.047200,98.172010,0.300000,1000.000000,0.900730,2468,2740,50.000000,off
1767081149436,2025-12-30 15:52:29.436,1042.993000,20.867860,23,15,2,-0.018363,0.007162,-0.046429,0.028427,0.070511,0.997101,-25.995260,1.639398,27.295260,-0.946289,0.281551,-0.158924,0.000000,0.000000,0.000000,0.000000,0,0,3.067963,2.998962,0.002552,0.000000,-26.044870,1.642071,27.303980,347.661600,258.709800,359.194900,104.047200,98.172010,0.300000,1000.000000,0.900730,2468,2740,50.000000,off
1767081149447,2025-12-30 15:52:29.447,1043.004000,20.878850,23,15,2,-0.022783,0.007075,-0.046155,0.078430,0.080612,0.993652,-25.994420,1.639397,27.291450,-0.951299,0.289708,-0.105331,0.000000,0.000000,0.000000,0.000000,0,0,3.089157,3.000244,0.163281,0.000000,-26.044580,1.642029,27.304740,347.680800,258.915900,359.218900,104.047200,98.172010,0.300000,1000.000000,0.900730,2468,2740,50.000000,off
1767081149458,2025-12-30 15:52:29.458,1043.015000,20.889830,23,15,2,-0.021501,0.006967,-0.045817,0.060562,0.074661,0.995361,-25.994750,1.639300,27.293290,-0.951189,0.284275,-0.120058,0.000000,0.000000,0.000000,0.000000,0,0,3.098373,3.009811,0.641513,0.000000,-26.044270,1.641966,27.305570,347.692800,259.122300,359.198300,104.047200,98.172010,0.300000,1000.000000,0.900730,2468,2740,50.000000,off
1767081149469,2025-12-30 15:52:29.469,1043.027000,20.901180,23,15,2,-0.012621,0.007213,-0.045986,0.011597,0.077042,0.996948,-25.995840,1.639381,27.302630,-0.943559,0.287612,-0.164172,0.000000,0.000000,0.000000,0.000000,0,0,3.147049,3.023468,10.388230,0.000000,-26.043850,1.641957,27.306350,347.692100,259.368500,359.160700,104.047200,98.172010,0.300000,1000.000000,0.900730,2468,2740,50.000000,off
1767081149480,2025-12-30 15:52:29.480,1043.038000,20.912170,23,15,2,-0.012621,0.007213,-0.045986,0.011597,0.077042,0.996948,-25.995570,1.639305,27.303220,-0.944308,0.287573,-0.159873,0.000000,0.000000,0.000000,0.000000,0,0,3.147049,3.023468,10.388230,0.000000,-26.043570,1.641866,27.307150,347.693500,259.624300,359.094400,104.047200,98.172010,0.300000,1000.000000,0.900730,2468,2740,50.000000,off
1767081149491,2025-12-30 15:52:29.491,1043.049000,20.923160,23,15,2,-0.006606,0.007415,-0.045852,0.014160,0.078049,0.996841,-25.996410,1.639407,27.309720,-0.945411,0.288036,-0.152373,0.000000,0.000000,0.000000,0.000000,0,0,3.106903,2.801422,10.388230,0.000000,-26.043230,1.641804,27.307970,347.719700,259.916900,359.014900,104.047200,98.172010,0.300000,1000.000000,0.900730,2468,2740,50.000000,off
1767081149502,2025-12-30 15:52:29.502,1043.060000,20.934270,23,15,2,-0.004501,0.007467,-0.045619,-0.015259,0.079269,0.996735,-25.996690,1.639411,27.312370,-0.940969,0.288997,-0.176225,0.000000,0.000000,0.000000,0.000000,0,0,3.067276,2.958954,10.201460,0.000000,-26.042940,1.641703,27.308820,347.763000,260.217200,358.931500,104.047200,98.172010,0.300000,1000.000000,0.900730,2468,2740,50.000000,off
1767081149513,2025-12-30 15:52:29.513,1043.071000,20.945370,23,15,2,-0.004501,0.007467,-0.045619,-0.015259,0.079269,0.996735,-25.996380,1.639324,27.313040,-0.942125,0.288326,-0.171071,0.000000,0.000000,0.000000,0.000000,0,0,3.067276,2.958954,10.201460,0.000000,-26.042650,1.641579,27.309730,347.803900,260.528700,358.881300,104.047200,98.172010,0.300000,1000.000000,0.900730,2468,2740,50.000000,off
1767081149524,2025-12-30 15:52:29.524,1043.082000,20.956480,23,15,2,-0.014062,0.007135,-0.045607,-0.020035,0.079697,0.996613,-25.994590,1.639089,27.304180,-0.942387,0.287873,-0.170370,0.000000,0.000000,0.000000,0.000000,0,0,3.073975,2.978333,0.040094,0.000000,-26.042360,1.641428,27.310580,347.860600,260.854700,358.844100,104.047200,98.172010,0.300000,1000.000000,0.900730,2468,2740,50.000000,off
1767081149535,2025-12-30 15:52:29.535,1043.093000,20.967590,23,15,2,-0.010634,0.007225,-0.045550,-0.030106,0.088333,0.995621,-25.994960,1.638979,27.308200,-0.939299,0.295147,-0.174860,0.000000,0.000000,0.000000,0.000000,0,0,3.053482,3.076263,0.040094,0.000000,-26.042130,1.641228,27.311480,347.930200,261.152400,358.838300,104.047200,98.172010,0.300000,1000.000000,0.900730,2468,2740,50.000000,off
1767081149547,2025-12-30 15:52:29.547,1043.104000,20.978700,23,15,2,-0.010634,0.007225,-0.045550,-0.030106,0.088333,0.995621,-25.994820,1.638960,27.308730,-0.940630,0.293777,-0.169942,0.000000,0.000000,0.000000,0.000000,0,0,3.053482,3.076263,0.040094,0.000000,-26.041970,1.641146,27.312250,348.012000,261.457200,358.850600,104.047200,98.172010,0.300000,1000.000000,0.900730,2468,2740,50.000000,off
1767081149558,2025-12-30 15:52:29.558,1043.115000,20.989930,23,15,2,-0.004501,0.007467,-0.045619,-0.015259,0.079269,0.996735,-25.995480,1.638981,27.315520,-0.947016,0.283337,-0.151257,0.000000,0.000000,0.000000,0.000000,0,0,3.067276,2.958954,0.645389,0.000000,-26.041820,1.640999,27.313200,348.101500,261.748300,358.928100,104.047200,98.172010,0.300000,1000.000000,0.900730,2468,2740,50.000000,off
1767081149569,2025-12-30 15:52:29.569,1043.126000,21.000920,23,15,2,-0.014062,0.007135,-0.045607,-0.020035,0.079697,0.996613,-25.994060,1.638787,27.306760,-0.947347,0.282251,-0.151189,0.000000,0.000000,0.000000,0.000000,0,0,3.073975,2.978333,0.160367,0.000000,-26.041700,1.640893,27.314170,348.193900,262.045200,358.991300,104.047200,98.172010,0.300000,1000.000000,0.900730,2468,2740,50.000000,off
1767081149580,2025-12-30 15:52:29.580,1043.137000,21.012020,23,15,2,-0.006240,0.007366,-0.045533,-0.041473,0.085205,0.995499,-25.995080,1.638818,27.315190,-0.943567,0.286065,-0.166869,0.000000,0.000000,0.000000,0.000000,0,0,3.066803,2.970581,2.581493,0.000000,-26.041590,1.640737,27.315120,348.296100,262.363000,359.008300,104.047200,98.172010,0.300000,1000.000000,0.900730,2468,2740,50.000000,off
1767081149591,2025-12-30 15:52:29.591,1043.149000,21.023130,23,15,2,-0.006240,0.007366,-0.045533,-0.041473,0.085205,0.995499,-25.994960,1.638684,27.315900,-0.945201,0.283798,-0.161405,0.000000,0.000000,0.000000,0.000000,0,0,3.066803,2.970581,2.581493,0.000000,-26.041460,1.640494,27.316110,348.431700,262.700000,359.009700,104.047200,98.172010,0.300000,1000.000000,0.900730,2468,2740,50.000000,off
1767081149602,2025-12-30 15:52:29.602,1043.160000,21.034360,23,15,2,0.011468,0.007826,-0.045055,-0.086334,0.096817,0.991547,-25.997430,1.638764,27.334080,-0.935270,0.292772,-0.198863,0.000000,0.000000,0.000000,0.000000,0,0,3.132416,2.963745,0.010023,0.000000,-26.041370,1.640219,27.317050,348.577900,263.070700,358.966900,104.047200,98.172010,0.300000,1000.000000,0.900730,2468,2740,50.000000,off
1767081149613,2025-12-30 15:52:29.613,1043.171000,21.045350,23,15,2,0.017823,0.008039,-0.045141,-0.094421,0.105820,0.989883,-25.997790,1.638622,27.341080,-0.933135,0.298933,-0.199700,0.000000,0.000000,0.000000,0.000000,0,0,3.044983,3.040634,0.161355,0.000000,-26.041220,1.639900,27.318020,348.736100,263.472400,358.874600,104.047200,98.172010,0.300000,1000.000000,0.900730,2468,2740,50.000000,off
1767081149625,2025-12-30 15:52:29.625,1043.182000,21.056460,23,15,2,0.017823,0.008039,-0.045141,-0.094421,0.105820,0.989883,-25.997560,1.638412,27.341700,-0.935423,0.296220,-0.192927,0.000000,0.000000,0.000000,0.000000,0,0,3.044983,3.040634,0.161355,0.000000,-26.041160,1.639578,27.318930,348.907600,263.884000,358.790900,104.047200,98.172010,0.300000,1000.000000,0.900730,2468,2740,50.000000,off
1767081149636,2025-12-30 15:52:29.636,1043.193000,21.068050,23,15,2,0.024075,0.008208,-0.044991,-0.102203,0.103073,0.989395,-25.998140,1.638325,27.348620,-0.936776,0.290894,-0.194430,0.000000,0.000000,0.000000,0.000000,0,0,2.992172,2.981079,0.010206,0.000000,-26.041130,1.639308,27.319940,349.073900,264.270600,358.755200,104.047200,98.172010,0.300000,1000.000000,0.900730,2468,2740,50.000000,off
1767081149647,2025-12-30 15:52:29.647,1043.204000,21.078800,23,15,2,0.001114,0.008287,-0.048763,0.294708,-0.057220,0.953857,-25.992040,1.638009,27.326760,-0.972060,0.115717,0.204159,0.000000,0.000000,0.000000,0.000000,0,0,3.001297,2.810577,2.581615,0.000000,-26.041150,1.639007,27.320880,349.228300,264.681500,358.742000,104.047200,98.172010,0.300000,1000.000000,0.900730,2468,2740,50.000000,off
1767081149658,2025-12-30 15:52:29.658,1043.215000,21.089780,23,15,2,0.017823,0.008039,-0.045141,-0.094421,0.105820,0.989883,-25.997090,1.637919,27.343690,-0.941511,0.288370,-0.174306,0.000000,0.000000,0.000000,0.000000,0,0,3.044983,3.040634,169.219500,0.000000,-26.041140,1.638717,27.321800,349.384100,265.030300,358.749300,104.047200,98.172010,0.300000,1000.000000,0.900730,2468,2740,50.000000,off
1767081149669,2025-12-30 15:52:29.669,1043.226000,21.100890,23,15,2,0.017823,0.008039,-0.045141,-0.094421,0.105820,0.989883,-25.996990,1.637772,27.344340,-0.943251,0.285935,-0.168826,0.000000,0.000000,0.000000,0.000000,0,0,3.044983,3.040634,169.219500,0.000000,-26.041160,1.638453,27.322710,349.530200,265.367500,358.751600,104.047200,98.172010,0.300000,1000.000000,0.900730,2468,2740,50.000000,off
1767081149680,2025-12-30 15:52:29.680,1043.237000,21.111880,23,15,2,0.024075,0.008208,-0.044991,-0.102203,0.103073,0.989395,-25.997480,1.637700,27.351170,-0.944213,0.280771,-0.172055,0.000000,0.000000,0.000000,0.000000,0,0,2.992172,2.981079,664.894000,0.000000,-26.041150,1.638189,27.323530,349.679400,265.653200,358.785000,104.047200,98.172010,0.300000,1000.000000,0.900730,2468,2740,50.000000,off
1767081149691,2025-12-30 15:52:29.691,1043.249000,21.123230,23,15,2,0.001040,0.008294,-0.048840,0.336472,-0.059738,0.939789,-25.991840,1.637413,27.329040,-0.958231,0.100116,0.267873,0.000000,0.000000,0.000000,0.000000,0,0,3.063965,2.823303,656.909300,0.000000,-26.041160,1.637891,27.324320,349.836000,265.933800,358.799900,104.047200,98.172010,0.300000,1000.000000,0.900730,2468,2740,50.000000,off
1767081149702,2025-12-30 15:52:29.702,1043.260000,21.134220,23,15,2,0.001040,0.008294,-0.048840,0.336472,-0.059738,0.939789,-25.991830,1.637272,27.329510,-0.957368,0.097960,0.271727,0.000000,0.000000,0.000000,0.000000,0,0,3.063965,2.823303,656.909300,0.000000,-26.041180,1.637628,27.324980,349.975800,266.163700,358.822200,104.047200,98.172010,0.300000,1000.000000,0.900730,2468,2740,50.000000,off
1767081149713,2025-12-30 15:52:29.713,1043.271000,21.145320,23,15,2,0.001059,0.008407,-0.049141,0.316864,-0.070938,0.945801,-25.991470,1.637200,27.330010,-0.963122,0.086176,0.254843,0.000000,0.000000,0.000000,0.000000,0,0,3.097015,2.750000,0.645404,0.000000,-26.041140,1.637380,27.325620,350.111800,266.367600,358.830100,104.047200,98.172010,0.300000,1000.000000,0.900730,2468,2740,50.000000,off
1767081149724,2025-12-30 15:52:29.724,1043.282000,21.156310,23,15,2,-0.019471,0.007927,-0.049461,0.314697,-0.063782,0.947037,-25.989870,1.636935,27.309980,-0.962338,0.091687,0.255892,0.000000,0.000000,0.000000,0.000000,0,0,3.078690,2.915680,0.645404,0.000000,-26.041090,1.637135,27.326230,350.229800,266.548500,358.858700,104.047200,98.172010,0.300000,1000.000000,0.900730,2468,2740,50.000000,off
1767081149735,2025-12-30 15:52:29.735,1043.293000,21.167540,23,15,2,0.017157,0.008716,-0.047907,0.260208,-0.067429,0.963181,-25.993450,1.637252,27.346790,-0.974909,0.090299,0.203398,0.000000,0.000000,0.000000,0.000000,0,0,2.967865,2.869049,41.304880,0.000000,-26.041020,1.637028,27.326710,350.336100,266.718800,358.899000,104.047200,98.172010,0.300000,1000.000000,0.900730,2468,2740,50.000000,off
1767081149746,2025-12-30 15:52:29.746,1043.304000,21.178650,23,15,2,0.017157,0.008716,-0.047907,0.260208,-0.067429,0.963181,-25.993390,1.637256,27.347130,-0.974553,0.089411,0.205486,0.000000,0.000000,0.000000,0.000000,0,0,2.967865,2.869049,41.304880,0.000000,-26.041000,1.636962,27.327160,350.401800,266.838200,358.947100,104.047200,98.172010,0.300000,1000.000000,0.900730,2468,2740,50.000000,off
1767081149757,2025-12-30 15:52:29.757,1043.315000,21.189640,23,15,2,-0.022078,0.008208,-0.050208,0.282669,-0.062912,0.957138,-25.988950,1.637142,27.308320,-0.968770,0.092265,0.230098,0.000000,0.000000,0.000000,0.000000,0,0,3.013123,2.841660,165.215600,0.000000,-26.040990,1.637015,27.327490,350.419300,266.939500,358.969500,104.047200,98.172010,0.300000,1000.000000,0.900730,2468,2740,50.000000,off
1767081149769,2025-12-30 15:52:29.769,1043.326000,21.200870,23,15,2,-0.012373,0.008122,-0.048195,0.241272,-0.043213,0.969482,-25.991470,1.637242,27.318170,-0.975035,0.114396,0.190250,0.000000,0.000000,0.000000,0.000000,0,0,2.960236,2.835434,10701.790000,0.000000,-26.040950,1.637033,27.327850,350.428700,267.032600,358.988500,104.047200,98.172010,0.300000,1000.000000,0.900730,2468,2740,50.000000,off
1767081149780,2025-12-30 15:52:29.780,1043.337000,21.211980,23,15,2,-0.012373,0.008122,-0.048195,0.241272,-0.043213,0.969482,-25.991420,1.637312,27.318390,-0.974755,0.115036,0.191300,0.000000,0.000000,0.000000,0.000000,0,0,2.960236,2.835434,10701.790000,0.000000,-26.040890,1.637135,27.328130,350.390800,267.094000,358.989300,104.047200,98.172010,0.300000,1000.000000,0.900730,2468,2740,50.000000,off
1767081149791,2025-12-30 15:52:29.791,1043.349000,21.223080,23,15,2,0.017157,0.008716,-0.047907,0.260208,-0.067429,0.963181,-25.993010,1.637485,27.348090,-0.973244,0.090462,0.211149,0.000000,0.000000,0.000000,0.000000,0,0,2.967865,2.869049,668.831200,0.000000,-26.040730,1.637240,27.328400,350.341600,267.170300,358.956500,104.047200,98.172010,0.300000,1000.000000,0.900730,2468,2740,50.000000,off
1767081149802,2025-12-30 15:52:29.802,1043.359000,21.234070,23,15,2,-0.022078,0.008208,-0.050208,0.282669,-0.062912,0.957138,-25.988680,1.637367,27.309240,-0.967343,0.094123,0.235292,0.000000,0.000000,0.000000,0.000000,0,0,3.013123,2.841660,2.612744,0.000000,-26.040620,1.637334,27.328690,350.297100,267.249100,358.932600,104.047200,98.172010,0.300000,1000.000000,0.900730,2468,2740,50.000000,off
1767081149813,2025-12-30 15:52:29.813,1043.371000,21.245180,23,15,2,-0.006200,0.008342,-0.048138,0.233292,-0.037231,0.971680,-25.991300,1.637624,27.325160,-0.974435,0.123638,0.187518,0.000000,0.000000,0.000000,0.000000,0,0,2.938309,2.879852,660.893900,0.000000,-26.040400,1.637448,27.328920,350.240400,267.340000,358.906200,104.047200,98.172010,0.300000,1000.000000,0.900730,2468,2740,50.000000,off
1767081149824,2025-12-30 15:52:29.824,1043.382000,21.256290,23,15,2,-0.006200,0.008342,-0.048138,0.233292,-0.037231,0.971680,-25.991190,1.637742,27.325320,-0.974033,0.124540,0.189004,0.000000,0.000000,0.000000,0.000000,0,0,2.938309,2.879852,660.893900,0.000000,-26.040290,1.637614,27.329150,350.181700,267.428000,358.884600,104.047200,98.172010,0.300000,1000.000000,0.900730,2468,2740,50.000000,off
1767081149835,2025-12-30 15:52:29.835,1043.393000,21.267400,23,15,2,0.008688,0.008677,-0.047429,0.190186,-0.036972,0.981049,-25.992360,1.638060,27.340320,-0.980757,0.128693,0.146794,0.000000,0.000000,0.000000,0.000000,0,0,2.856796,2.829361,41.054890,0.000000,-26.040120,1.637836,27.329370,350.096600,267.499900,358.892700,104.047200,98.172010,0.300000,1000.000000,0.900730,2468,2740,50.000000,off
1767081149846,2025-12-30 15:52:29.846,1043.404000,21.278500,23,15,2,0.007507,0.008358,-0.046290,0.195816,-0.013596,0.980530,-25.993270,1.638113,27.339250,-0.976132,0.152943,0.154083,0.000000,0.000000,0.000000,0.000000,0,0,2.942276,2.780090,664.862500,0.000000,-26.039910,1.638061,27.329580,350.007800,267.559400,358.869400,104.047200,98.172010,0.300000,1000.000000,0.900730,2468,2740,50.000000,off
1767081149857,2025-12-30 15:52:29.857,1043.415000,21.289610,23,15,2,0.007507,0.008358,-0.046290,0.195816,-0.013596,0.980530,-25.993080,1.638243,27.339370,-0.975761,0.154443,0.154938,0.000000,0.000000,0.000000,0.000000,0,0,2.942276,2.780090,664.862500,0.000000,-26.039730,1.638259,27.329750,349.922900,267.608700,358.888500,104.047200,98.172010,0.300000,1000.000000,0.900730,2468,2740,50.000000,off
1767081149869,2025-12-30 15:52:29.869,1043.426000,21.300840,23,15,2,-0.012040,0.008069,-0.047388,0.202042,-0.016907,0.979218,-25.990980,1.638220,27.320020,-0.975034,0.152237,0.161576,0.000000,0.000000,0.000000,0.000000,0,0,2.903122,2.848450,10.262990,0.000000,-26.039540,1.638408,27.329910,349.837500,267.635100,358.876700,104.047200,98.172010,0.300000,1000.000000,0.900730,2468,2740,50.000000,off
1767081149880,2025-12-30 15:52:29.880,1043.437000,21.311950,23,15,2,-0.000072,0.008069,-0.046004,0.191330,-0.013779,0.981415,-25.992620,1.638288,27.332030,-0.975868,0.157165,0.151505,0.000000,0.000000,0.000000,0.000000,0,0,2.867950,2.838028,0.649264,0.000000,-26.039280,1.638522,27.330050,349.765000,267.671600,358.885600,104.047200,98.172010,0.300000,1000.000000,0.900730,2468,2740,50.000000,off
1767081149891,2025-12-30 15:52:29.891,1043.448000,21.322940,23,15,2,0.007507,0.008358,-0.046290,0.195816,-0.013596,0.980530,-25.992360,1.638424,27.339700,-0.974856,0.158319,0.156709,0.000000,0.000000,0.000000,0.000000,0,0,2.942276,2.780090,0.641482,0.000000,-26.039030,1.638623,27.330160,349.696100,267.711000,358.901400,104.047200,98.172010,0.300000,1000.000000,0.900730,2468,2740,50.000000,off
1767081149902,2025-12-30 15:52:29.902,1043.459000,21.334050,23,15,2,0.007507,0.008358,-0.046290,0.195816,-0.013596,0.980530,-25.992100,1.638571,27.339780,-0.974506,0.159239,0.157954,0.000000,0.000000,0.000000,0.000000,0,0,2.942276,2.780090,0.641482,0.000000,-26.038780,1.638809,27.330300,349.646000,267.783400,358.923300,104.047200,98.172010,0.300000,1000.000000,0.900730,2468,2740,50.000000,off
1767081149913,2025-12-30 15:52:29.913,1043.471000,21.345280,23,15,2,-0.012040,0.008069,-0.047388,0.202042,-0.016907,0.979218,-25.990100,1.638582,27.320380,-0.973574,0.157144,0.165627,0.000000,0.000000,0.000000,0.000000,0,0,2.903122,2.848450,2.581432,0.000000,-26.038620,1.639016,27.330480,349.561800,267.870000,358.949700,104.047200,98.172010,0.300000,1000.000000,0.900730,2468,2740,50.000000,off
1767081149924,2025-12-30 15:52:29.924,1043.482000,21.356380,23,15,2,-0.001277,0.007995,-0.045966,0.201157,-0.014404,0.979446,-25.991700,1.638701,27.331150,-0.972767,0.160878,0.166825,0.000000,0.000000,0.000000,0.000000,0,0,2.936493,2.892258,2.550122,0.000000,-26.038370,1.639200,27.330640,349.494000,267.988600,358.970700,104.047200,98.172010,0.300000,1000.000000,0.900730,2468,2740,50.000000,off
1767081149936,2025-12-30 15:52:29.936,1043.494000,21.368100,23,15,2,-0.004637,0.007856,-0.045989,0.195770,-0.027542,0.980255,-25.991370,1.638684,27.327850,-0.975157,0.149663,0.163264,0.000000,0.000000,0.000000,0.000000,0,0,2.863983,2.888733,0.661060,0.000000,-26.038150,1.639332,27.330810,349.416400,268.114100,359.013900,104.047200,98.172010,0.300000,1000.000000,0.900730,2468,2740,50.000000,off
1767081149947,2025-12-30 15:52:29.947,1043.504000,21.378600,23,15,2,-0.004637,0.007856,-0.045989,0.195770,-0.027542,0.980255,-25.991150,1.638752,27.327960,-0.974664,0.151074,0.164901,0.000000,0.000000,0.000000,0.000000,0,0,2.863983,2.888733,0.661060,0.000000,-26.037930,1.639466,27.331010,349.338300,268.209000,359.041100,104.047200,98.172010,0.300000,1000.000000,0.900730,2468,2740,50.000000,off
1767081149958,2025-12-30 15:52:29.958,1043.515000,21.389590,23,15,2,-0.015279,0.007710,-0.046789,0.197983,-0.026123,0.979843,-25.989810,1.638684,27.317390,-0.973518,0.153282,0.169527,0.000000,0.000000,0.000000,0.000000,0,0,2.899994,2.825546,0.661060,0.000000,-26.037670,1.639562,27.331170,349.290300,268.347200,359.075000,104.047200,98.172010,0.300000,1000.000000,0.900730,2468,2740,50.000000,off
1767081149969,2025-12-30 15:52:29.969,1043.526000,21.400700,23,15,2,-0.016531,0.007665,-0.046859,0.190857,-0.040604,0.980774,-25.989520,1.638659,27.316270,-0.976360,0.140369,0.164351,0.000000,0.000000,0.000000,0.000000,0,0,2.891174,2.733810,10.388480,0.000000,-26.037450,1.639629,27.331420,349.237300,268.479100,359.114400,104.047200,98.172010,0.300000,1000.000000,0.900730,2468,2740,50.000000,off
1767081149980,2025-12-30 15:52:29.980,1043.537000,21.411930,23,15,2,-0.016531,0.007665,-0.046859,0.190857,-0.040604,0.980774,-25.989330,1.638692,27.316360,-0.975787,0.140905,0.167266,0.000000,0.000000,0.000000,0.000000,0,0,2.891174,2.733810,10.388480,0.000000,-26.037210,1.639691,27.331650,349.210700,268.649000,359.140400,104.047200,98.172010,0.300000,1000.000000,0.900730,2468,2740,50.000000,off
1767081149991,2025-12-30 15:52:29.991,1043.548000,21.422910,23,15,2,-0.022820,0.008183,-0.049716,0.279053,-0.057785,0.958527,-25.986080,1.638763,27.310280,-0.958562,0.118985,0.258813,0.000000,0.000000,0.000000,0.000000,0,0,2.858795,2.639587,2.597301,0.000000,-26.036960,1.639724,27.331950,349.198400,268.837800,359.185600,104.047200,98.172010,0.300000,1000.000000,0.900730,2468,2740,50.000000,off
1767081150002,2025-12-30 15:52:30.002,1043.559000,21.434020,23,15,2,-0.015279,0.007710,-0.046789,0.197983,-0.026123,0.979843,-25.989020,1.638766,27.317890,-0.971065,0.155307,0.181344,0.000000,0.000000,0.000000,0.000000,0,0,2.899994,2.825546,2.581738,0.000000,-26.036710,1.639759,27.332270,349.203900,269.038100,359.242000,104.047200,98.172010,0.300000,1000.000000,0.900730,2468,2740,50.000000,off
1767081150013,2025-12-30 15:52:30.013,1043.571000,21.445130,23,15,2,-0.015279,0.007710,-0.046789,0.197983,-0.026123,0.979843,-25.988760,1.638771,27.318070,-0.970360,0.155487,0.184927,0.000000,0.000000,0.000000,0.000000,0,0,2.899994,2.825546,2.581738,0.000000,-26.036400,1.639779,27.332630,349.206400,269.247600,359.307100,104.047200,98.172010,0.300000,1000.000000,0.900730,2468,2740,50.000000,off
1767081150024,2025-12-30 15:52:30.024,1043.582000,21.456240,23,15,2,-0.016531,0.007665,-0.046859,0.190857,-0.040604,0.980774,-25.988510,1.638685,27.316920,-0.973118,0.141346,0.181814,0.000000,0.000000,0.000000,0.000000,0,0,2.891174,2.733810,0.162335,0.000000,-26.036150,1.639736,27.332950,349.230500,269.493700,359.378400,104.047200,98.172010,0.300000,1000.000000,0.900730,2468,2740,50.000000,off
1767081150035,2025-12-30 15:52:30.035,1043.593000,21.467470,23,15,2,-0.027337,0.008148,-0.050126,0.352539,-0.077881,0.932541,-25.984970,1.638562,27.306290,-0.932911,0.094077,0.347574,-35.495450,2.597623,30.849600,10.194320,Target28,Target,2.796539,2.741074,0.010023,0.000000,-26.035910,1.639647,27.333310,349.249300,269.742400,359.443300,104.047200,98.172010,0.300000,1000.000000,0.900730,2468,2740,50.000000,off
1767081150046,2025-12-30 15:52:30.046,1043.604000,21.478450,23,15,2,-0.030255,0.008066,-0.050335,0.382950,-0.099869,0.918350,-25.984660,1.638419,27.303490,-0.921610,0.069387,0.381854,-34.586150,2.286018,30.867370,9.333069,Target28,Target,2.758041,2.748276,41.557810,0.000000,-26.035680,1.639596,27.333660,349.279200,269.987600,359.493700,104.047200,98.172010,0.300000,1000.000000,0.900730,2468,2740,50.000000,off
1767081150057,2025-12-30 15:52:30.057,1043.615000,21.489560,23,15,2,-0.030255,0.008066,-0.050335,0.382950,-0.099869,0.918350,-25.984540,1.638337,27.303610,-0.919948,0.069250,0.385866,-34.485630,2.278263,30.869340,9.240801,Target28,Target,2.758041,2.748276,41.557810,0.000000,-26.035430,1.639511,27.334010,349.302200,270.233300,359.529200,104.047200,98.172010,0.300000,1000.000000,0.900730,2468,2740,50.000000,off
1767081150069,2025-12-30 15:52:30.069,1043.626000,21.500790,23,15,2,-0.030250,0.008317,-0.051258,0.359192,-0.113846,0.926285,-25.983450,1.638316,27.303710,-0.928948,0.057055,0.365765,-35.013020,2.192903,30.859030,9.720132,Target28,Target,2.714859,2.645248,0.649325,0.000000,-26.035160,1.639416,27.334310,349.329000,270.456800,359.579500,104.047200,98.172010,0.300000,1000.000000,0.900730,2468,2740,50.000000,off
1767081150080,2025-12-30 15:52:30.080,1043.637000,21.511900,23,15,2,-0.028179,0.008091,-0.050340,0.353180,-0.126358,0.926971,-25.984280,1.638151,27.305840,-0.930552,0.044883,0.363370,-35.080250,2.076875,30.857720,9.774712,Target28,Target,2.937347,2.531158,10.263960,0.000000,-26.034940,1.639326,27.334570,349.356300,270.674400,359.645400,104.047200,98.172010,0.300000,1000.000000,0.900730,2468,2740,50.000000,off
1767081150091,2025-12-30 15:52:30.091,1043.648000,21.523010,23,15,2,-0.010679,0.008424,-0.049825,0.326553,-0.102264,0.939621,-25.984340,1.638369,27.323420,-0.937624,0.070790,0.340343,-35.688370,2.371013,30.845830,10.349510,Target28,Target,2.779358,2.674194,41.305850,0.000000,-26.034710,1.639200,27.334830,349.407300,270.868100,359.747100,104.047200,98.172010,0.300000,1000.000000,0.900730,2468,2740,50.000000,off
1767081150102,2025-12-30 15:52:30.102,1043.660000,21.534240,23,15,2,-0.010679,0.008424,-0.049825,0.326553,-0.102264,0.939621,-25.984210,1.638372,27.323450,-0.936461,0.070321,0.343626,-35.588850,2.359607,30.847780,10.256220,Target28,Target,2.779358,2.674194,41.305850,0.000000,-26.034540,1.639167,27.335030,349.469900,271.057700,359.847400,104.047200,98.172010,0.300000,1000.000000,0.900730,2468,2740,50.000000,off
1767081150113,2025-12-30 15:52:30.113,1043.671000,21.545230,23,15,2,-0.024866,0.007930,-0.049383,0.311874,-0.108139,0.943939,-25.984900,1.637965,27.309360,-0.940880,0.064980,0.332421,-35.978440,2.328151,30.840160,10.621380,Target28,Target,2.696671,2.623810,10.325970,0.000000,-26.034350,1.639121,27.335310,349.522200,271.253800,359.935900,104.047200,98.172010,0.300000,1000.000000,0.900730,2468,2740,50.000000,off
1767081150124,2025-12-30 15:52:30.124,1043.682000,21.556340,23,15,2,-0.028179,0.008091,-0.050340,0.353180,-0.126358,0.926971,-25.983910,1.637869,27.306080,-0.925236,0.043738,0.376834,-34.721420,2.050913,30.864730,9.443442,Target28,Target,2.937347,2.531158,2.597058,0.000000,-26.034150,1.639035,27.335550,349.557800,271.457500,-0.000639,104.047200,98.172010,0.300000,1000.000000,0.900730,2468,2740,50.000000,off
1767081150135,2025-12-30 15:52:30.135,1043.693000,21.567570,23,15,2,-0.028179,0.008091,-0.050340,0.353180,-0.126358,0.926971,-25.983780,1.637737,27.306170,-0.923935,0.043412,0.380051,-34.638840,2.044406,30.866340,9.367504,Target28,Target,2.937347,2.531158,2.597058,0.000000,-26.033920,1.638891,27.335810,349.590600,271.652200,0.033890,104.047200,98.172010,0.300000,1000.000000,0.900730,2468,2740,50.000000,off
1767081150146,2025-12-30 15:52:30.146,1043.704000,21.578550,23,15,2,-0.010679,0.008424,-0.049825,0.326553,-0.102264,0.939621,-25.983510,1.638054,27.323740,-0.931607,0.068981,0.356837,-35.203500,2.320750,30.855310,9.896776,Target28,Target,2.779358,2.674194,40.804870,0.000000,-26.033660,1.638754,27.336050,349.617100,271.847000,0.040432,104.047200,98.172010,0.300000,1000.000000,0.900730,2468,2740,50.000000,off
1767081150158,2025-12-30 15:52:30.158,1043.715000,21.589660,23,15,2,-0.013723,0.008182,-0.049075,0.290695,-0.106537,0.950851,-25.984230,1.637903,27.320750,-0.943471,0.066194,0.324735,-36.196980,2.354435,30.835890,10.824510,Target28,Target,2.831970,2.582535,164.215500,0.000000,-26.033450,1.638679,27.336250,349.656800,272.048700,0.056194,104.047200,98.172010,0.300000,1000.000000,0.900730,2468,2740,50.000000,off
1767081150169,2025-12-30 15:52:30.169,1043.726000,21.600770,23,15,2,-0.014053,0.008097,-0.048688,0.292465,-0.093414,0.951691,-25.984450,1.637829,27.320510,-0.940797,0.078806,0.329647,-36.026710,2.479021,30.839220,10.674070,Target28,Target,2.817795,2.569122,164.215500,0.000000,-26.033210,1.638595,27.336490,349.686000,272.243300,0.063399,104.047200,98.172010,0.300000,1000.000000,0.900730,2468,2740,50.000000,off
1767081150180,2025-12-30 15:52:30.180,1043.737000,21.611880,23,15,2,-0.014053,0.008097,-0.048688,0.292465,-0.093414,0.951691,-25.984260,1.637811,27.320590,-0.939781,0.078251,0.332664,-35.929800,2.465924,30.841110,10.582700,Target28,Target,2.817795,2.569122,164.215500,0.000000,-26.032960,1.638548,27.336730,349.731200,272.423200,0.102202,104.047200,98.172010,0.300000,1000.000000,0.900730,2468,2740,50.000000,off
1767081150191,2025-12-30 15:52:30.191,1043.748000,21.622990,23,15,2,-0.011398,0.008293,-0.048993,0.290115,-0.096924,0.952057,-25.983580,1.637961,27.323290,-0.939911,0.074382,0.333179,-35.908680,2.423404,30.841530,10.559470,Target28,Target,2.879715,2.601624,0.158425,0.000000,-26.032690,1.638528,27.336940,349.766700,272.592300,0.125329,104.047200,98.172010,0.300000,1000.000000,0.900730,2468,2740,50.000000,off
1767081150202,2025-12-30 15:52:30.202,1043.760000,21.634090,23,15,2,-0.004522,0.008305,-0.048280,0.267242,-0.108215,0.957520,-25.983720,1.638081,27.330260,-0.947498,0.064021,0.313245,-36.565720,2.353089,30.828690,11.168220,Target28,Target,2.744598,2.632111,2.597179,0.000000,-26.032430,1.638481,27.337140,349.786300,272.742900,0.159810,104.047200,98.172010,0.300000,1000.000000,0.900730,2468,2740,50.000000,off
1767081150213,2025-12-30 15:52:30.213,1043.771000,21.645200,23,15,2,-0.004522,0.008305,-0.048280,0.267242,-0.108215,0.957520,-25.983490,1.638003,27.330280,-0.946721,0.063929,0.315603,-36.482620,2.346974,30.830310,11.089840,Target28,Target,2.744598,2.632111,2.597179,0.000000,-26.032180,1.638393,27.337290,349.801800,272.881500,0.196314,104.047200,98.172010,0.300000,1000.000000,0.900730,2468,2740,50.000000,off
1767081150224,2025-12-30 15:52:30.224,1043.782000,21.656310,23,15,2,0.011726,0.008438,-0.046975,0.268173,-0.087082,0.959412,-25.983600,1.638429,27.346640,-0.944106,0.085222,0.318390,-36.322830,2.571720,30.833440,10.951180,Target28,Target,2.858582,2.676727,0.010084,0.000000,-26.031890,1.638392,27.337460,349.803900,273.000700,0.237496,104.047200,98.172010,0.300000,1000.000000,0.900730,2468,2740,50.000000,off
1767081150235,2025-12-30 15:52:30.235,1043.793000,21.667540,23,15,2,-0.011398,0.008293,-0.048993,0.290115,-0.096924,0.952057,-25.982630,1.637790,27.323480,-0.936641,0.074338,0.342272,-35.625060,2.403072,30.847070,10.294550,Target28,Target,2.879715,2.601624,2.597179,0.000000,-26.031610,1.638345,27.337620,349.811500,273.133500,0.265919,104.047200,98.172010,0.300000,1000.000000,0.900730,2468,2740,50.000000,off
1767081150246,2025-12-30 15:52:30.246,1043.804000,21.678650,23,15,2,-0.004522,0.008305,-0.048280,0.267242,-0.108215,0.957520,-25.982720,1.637913,27.330430,-0.944490,0.064031,0.322200,-36.255220,2.334328,30.834750,10.876100,Target28,Target,2.744598,2.632111,0.040094,0.000000,-26.031360,1.638295,27.337780,349.818900,273.271800,0.281048,104.047200,98.172010,0.300000,1000.000000,0.900730,2468,2740,50.000000,off
1767081150258,2025-12-30 15:52:30.258,1043.815000,21.689640,23,15,2,-0.004522,0.008305,-0.048280,0.267242,-0.108215,0.957520,-25.982450,1.637884,27.330460,-0.943660,0.063811,0.324663,-36.172680,2.326954,30.836370,10.798470,Target28,Target,2.744598,2.632111,0.040094,0.000000,-26.031070,1.638253,27.337940,349.834400,273.420300,0.289784,104.047200,98.172010,0.300000,1000.000000,0.900730,2468,2740,50.000000,off
1767081150269,2025-12-30 15:52:30.269,1043.826000,21.700870,23,15,2,0.014232,0.008534,-0.046994,0.250656,-0.084976,0.964325,-25.982270,1.638394,27.349310,-0.946576,0.087714,0.310277,-36.595210,2.621841,30.828110,11.211760,Target28,Target,2.771149,2.678207,2.612622,0.000000,-26.030830,1.638211,27.338110,349.840600,273.549000,0.293210,104.047200,98.172010,0.300000,1000.000000,0.900730,2468,2740,50.000000,off
1767081150280,2025-12-30 15:52:30.280,1043.837000,21.711850,23,15,2,0.003041,0.008319,-0.047367,0.251389,-0.094101,0.963287,-25.982420,1.638063,27.338050,-0.946360,0.078564,0.313377,-36.526050,2.513360,30.829460,11.141100,Target28,Target,2.832306,2.628662,0.645373,0.000000,-26.030610,1.638218,27.338150,349.837400,273.688300,0.283164,104.047200,98.172010,0.300000,1000.000000,0.900730,2468,2740,50.000000,off
1767081150291,2025-12-30 15:52:30.291,1043.848000,21.722960,23,15,2,0.003041,0.008319,-0.047367,0.251389,-0.094101,0.963287,-25.982190,1.638054,27.338010,-0.945699,0.078525,0.315376,-36.455920,2.507733,30.830830,11.074980,Target28,Target,2.832306,2.628662,0.645373,0.000000,-26.030380,1.638207,27.338210,349.839900,273.809200,0.284104,104.047200,98.172010,0.300000,1000.000000,0.900730,2468,2740,50.000000,off
1767081150302,2025-12-30 15:52:30.302,1043.859000,21.734070,23,15,2,-0.010779,0.008049,-0.047894,0.246964,-0.089584,0.964859,-25.982360,1.637548,27.324180,-0.946093,0.083579,0.312876,-36.578730,2.573641,30.828430,11.199960,Target28,Target,2.753662,2.638000,2.581677,0.000000,-26.030060,1.638144,27.338290,349.818400,273.923900,0.281458,104.047200,98.172010,0.300000,1000.000000,0.900730,2468,2740,50.000000,off
1767081150313,2025-12-30 15:52:30.313,1043.871000,21.745180,23,15,2,-0.014302,0.008049,-0.048268,0.252060,-0.091110,0.963409,-25.982030,1.637429,27.320630,-0.943989,0.081634,0.319709,-36.352420,2.534233,30.832860,10.985670,Target28,Target,2.648453,2.668854,0.645373,0.000000,-26.029820,1.638098,27.338380,349.829800,274.034700,0.276942,104.047200,98.172010,0.300000,1000.000000,0.900730,2468,2740,50.000000,off
1767081150324,2025-12-30 15:52:30.324,1043.882000,21.756290,23,15,2,0.011875,0.008387,-0.046360,0.192169,-0.077713,0.978272,-25.981650,1.638220,27.346860,-0.960043,0.096792,0.262551,0.000000,0.000000,0.000000,0.000000,0,0,2.826401,2.709671,0.641436,0.000000,-26.029500,1.638070,27.338460,349.854700,274.139500,0.294371,104.047200,98.172010,0.300000,1000.000000,0.900730,2468,2740,50.000000,off
1767081150335,2025-12-30 15:52:30.335,1043.893000,21.767150,23,15,2,0.011875,0.008387,-0.046360,0.192169,-0.077713,0.978272,-25.981410,1.638194,27.346850,-0.959620,0.096426,0.264227,0.000000,0.000000,0.000000,0.000000,0,0,2.826401,2.709671,0.641436,0.000000,-26.029280,1.638027,27.338530,349.876200,274.239300,0.294267,104.047200,98.172010,0.300000,1000.000000,0.900730,2468,2740,50.000000,off
1767081150346,2025-12-30 15:52:30.346,1043.904000,21.778260,23,15,2,-0.010779,0.008049,-0.047894,0.246964,-0.089584,0.964859,-25.981420,1.637436,27.324160,-0.943897,0.082584,0.319699,-36.341330,2.543855,30.833070,10.975500,Target28,Target,2.753662,2.638000,2.566051,0.000000,-26.029020,1.637981,27.338620,349.890500,274.332400,0.333490,104.047200,98.172010,0.300000,1000.000000,0.900730,2468,2740,50.000000,off
1767081150357,2025-12-30 15:52:30.357,1043.915000,21.789610,23,15,2,-0.014302,0.008049,-0.048268,0.252060,-0.091110,0.963409,-25.981130,1.637334,27.320590,-0.941915,0.080933,0.325944,-36.142720,2.510457,30.836950,10.788190,Target28,Target,2.648453,2.668854,41.306830,0.000000,-26.028800,1.637969,27.338660,349.892300,274.405800,0.357777,104.047200,98.172010,0.300000,1000.000000,0.900730,2468,2740,50.000000,off
1767081150369,2025-12-30 15:52:30.369,1043.926000,21.800720,23,15,2,-0.014302,0.008049,-0.048268,0.252060,-0.091110,0.963409,-25.980900,1.637336,27.320520,-0.941374,0.081116,0.327458,-36.092700,2.508650,30.837930,10.741500,Target28,Target,2.648453,2.668854,41.306830,0.000000,-26.028540,1.637981,27.338670,349.886800,274.496000,0.378970,104.047200,98.172010,0.300000,1000.000000,0.900730,2468,2740,50.000000,off
1767081150380,2025-12-30 15:52:30.380,1043.937000,21.811710,23,15,2,0.014478,0.008415,-0.046162,0.190277,-0.069595,0.979248,-25.980430,1.638283,27.349290,-0.957686,0.105098,0.267895,0.000000,0.000000,0.000000,0.000000,0,0,2.830551,2.667816,2.597179,0.000000,-26.028370,1.638028,27.338650,349.863700,274.569600,0.387721,104.047200,98.172010,0.300000,1000.000000,0.900730,2468,2740,50.000000,off
1767081150391,2025-12-30 15:52:30.391,1043.948000,21.822810,23,15,2,0.012586,0.008282,-0.045927,0.169190,-0.065155,0.983414,-25.980620,1.638195,27.347340,-0.962349,0.110339,0.248362,0.000000,0.000000,0.000000,0.000000,0,0,2.821777,2.578613,2.597179,0.000000,-26.028160,1.638049,27.338640,349.850300,274.643100,0.404166,104.047200,98.172010,0.300000,1000.000000,0.900730,2468,2740,50.000000,off
1767081150402,2025-12-30 15:52:30.402,1043.959000,21.833920,23,15,2,0.008507,0.008165,-0.045955,0.181747,-0.068329,0.980957,-25.980780,1.638060,27.343200,-0.959150,0.106936,0.261867,0.000000,0.000000,0.000000,0.000000,0,0,2.851120,2.659958,0.010145,0.000000,-26.028000,1.638070,27.338610,349.843600,274.711100,0.388834,104.047200,98.172010,0.300000,1000.000000,0.900730,2468,2740,50.000000,off
1767081150413,2025-12-30 15:52:30.413,1043.970000,21.845030,23,15,2,0.008507,0.008165,-0.045955,0.181747,-0.068329,0.980957,-25.980600,1.638112,27.343160,-0.958748,0.107049,0.263289,0.000000,0.000000,0.000000,0.000000,0,0,2.851120,2.659958,0.010145,0.000000,-26.027830,1.638129,27.338650,349.836400,274.796300,0.385571,104.047200,98.172010,0.300000,1000.000000,0.900730,2468,2740,50.000000,off
1767081150424,2025-12-30 15:52:30.424,1043.982000,21.856140,23,15,2,-0.005856,0.007837,-0.046206,0.190476,-0.065063,0.979523,-25.981470,1.637622,27.328770,-0.955712,0.110161,0.272872,0.000000,0.000000,0.000000,0.000000,0,0,2.873688,2.659973,0.010084,0.000000,-26.027660,1.638103,27.338620,349.838000,274.858300,0.422303,104.047200,98.172010,0.300000,1000.000000,0.900730,2468,2740,50.000000,off
1767081150435,2025-12-30 15:52:30.435,1043.993000,21.867130,23,15,2,0.012586,0.008282,-0.045927,0.169190,-0.065155,0.983414,-25.979930,1.638183,27.347060,-0.961046,0.110633,0.253227,0.000000,0.000000,0.000000,0.000000,0,0,2.821777,2.578613,0.649310,0.000000,-26.027520,1.638042,27.338590,349.837000,274.931700,0.427291,104.047200,98.172010,0.300000,1000.000000,0.900730,2468,2740,50.000000,off
1767081150446,2025-12-30 15:52:30.446,1044.004000,21.878230,23,15,2,0.012586,0.008282,-0.045927,0.169190,-0.065155,0.983414,-25.979750,1.638146,27.346990,-0.960837,0.110698,0.253991,0.000000,0.000000,0.000000,0.000000,0,0,2.821777,2.578613,0.649310,0.000000,-26.027350,1.637996,27.338570,349.839400,274.974900,0.463583,104.047200,98.172010,0.300000,1000.000000,0.900730,2468,2740,50.000000,off
1767081150457,2025-12-30 15:52:30.457,1044.015000,21.889470,23,15,2,0.008507,0.008165,-0.045955,0.181747,-0.068329,0.980957,-25.979920,1.637926,27.342870,-0.957738,0.106862,0.267014,0.000000,0.000000,0.000000,0.000000,0,0,2.851120,2.659958,0.009902,0.000000,-26.027170,1.637911,27.338540,349.860800,275.013900,0.459113,104.047200,98.172010,0.300000,1000.000000,0.900730,2468,2740,50.000000,off
1767081150468,2025-12-30 15:52:30.468,1044.026000,21.900450,23,15,2,-0.012985,0.007597,-0.046155,0.188782,-0.051498,0.980667,-25.981620,1.637145,27.321360,-0.953663,0.123301,0.274451,0.000000,0.000000,0.000000,0.000000,0,0,2.726898,2.658615,0.161343,0.000000,-26.027040,1.637890,27.338480,349.871400,275.064000,0.473623,104.047200,98.172010,0.300000,1000.000000,0.900730,2468,2740,50.000000,off
1767081150479,2025-12-30 15:52:30.479,1044.037000,21.911560,23,15,2,-0.018892,0.007506,-0.046514,0.191544,-0.059097,0.979691,-25.981710,1.636889,27.315390,-0.953633,0.115943,0.277699,0.000000,0.000000,0.000000,0.000000,0,0,2.761536,2.671417,0.000619,0.000000,-26.026920,1.637850,27.338440,349.858500,275.087400,0.489463,104.047200,98.172010,0.300000,1000.000000,0.900730,2468,2740,50.000000,off
1767081150490,2025-12-30 15:52:30.490,1044.048000,21.922790,23,15,2,-0.018892,0.007506,-0.046514,0.191544,-0.059097,0.979691,-25.981590,1.636911,27.315240,-0.953424,0.115749,0.278495,0.000000,0.000000,0.000000,0.000000,0,0,2.761536,2.671417,0.000619,0.000000,-26.026780,1.637864,27.338330,349.871400,275.134600,0.497139,104.047200,98.172010,0.300000,1000.000000,0.900730,2468,2740,50.000000,off
1767081150502,2025-12-30 15:52:30.502,1044.059000,21.933780,23,15,2,-0.014156,0.007613,-0.046357,0.186173,-0.059601,0.980698,-25.981190,1.637080,27.319840,-0.954721,0.115560,0.274106,0.000000,0.000000,0.000000,0.000000,0,0,2.757660,2.673203,10.201460,0.000000,-26.026670,1.637868,27.338240,349.860000,275.186600,0.491846,104.047200,98.172010,0.300000,1000.000000,0.900730,2468,2740,50.000000,off
1767081150513,2025-12-30 15:52:30.513,1044.070000,21.944890,23,15,2,-0.011410,0.007720,-0.046536,0.178726,-0.068329,0.981522,-25.980710,1.637196,27.322440,-0.957493,0.107254,0.267768,0.000000,0.000000,0.000000,0.000000,0,0,2.845276,2.644592,0.040090,0.000000,-26.026610,1.637897,27.338170,349.850600,275.233000,0.505198,104.047200,98.172010,0.300000,1000.000000,0.900730,2468,2740,50.000000,off
1767081150524,2025-12-30 15:52:30.524,1044.081000,21.955870,23,15,2,0.001910,0.007948,-0.045775,0.166519,-0.063278,0.983994,-25.980090,1.637697,27.335650,-0.959856,0.112758,0.256786,0.000000,0.000000,0.000000,0.000000,0,0,2.881317,2.702621,0.002521,0.000000,-26.026520,1.637935,27.338110,349.837600,275.297800,0.498411,104.047200,98.172010,0.300000,1000.000000,0.900730,2468,2740,50.000000,off
1767081150535,2025-12-30 15:52:30.535,1044.093000,21.967100,23,15,2,0.001910,0.007948,-0.045775,0.166519,-0.063278,0.983994,-25.979990,1.637701,27.335520,-0.959573,0.112445,0.257978,0.000000,0.000000,0.000000,0.000000,0,0,2.881317,2.702621,0.002521,0.000000,-26.026420,1.637923,27.338040,349.856200,275.368700,0.500622,104.047200,98.172010,0.300000,1000.000000,0.900730,2468,2740,50.000000,off
1767081150546,2025-12-30 15:52:30.546,1044.104000,21.978210,23,15,2,-0.014156,0.007613,-0.046357,0.186173,-0.059601,0.980698,-25.980930,1.637133,27.319370,-0.953560,0.115461,0.278160,0.000000,0.000000,0.000000,0.000000,0,0,2.757660,2.673203,0.160367,0.000000,-26.026330,1.637918,27.337970,349.869600,275.428800,0.511848,104.047200,98.172010,0.300000,1000.000000,0.900730,2468,2740,50.000000,off
1767081150557,2025-12-30 15:52:30.557,1044.115000,21.989200,23,15,2,-0.011410,0.007720,-0.046536,0.178726,-0.068329,0.981522,-25.980430,1.637183,27.321940,-0.956461,0.106625,0.271680,0.000000,0.000000,0.000000,0.000000,0,0,2.845276,2.644592,0.040093,0.000000,-26.026270,1.637854,27.337850,349.888500,275.466500,0.511144,104.047200,98.172010,0.300000,1000.000000,0.900730,2468,2740,50.000000,off
1767081150568,2025-12-30 15:52:30.568,1044.126000,22.000430,23,15,2,-0.011410,0.007720,-0.046536,0.178726,-0.068329,0.981522,-25.980340,1.637137,27.321810,-0.956210,0.106458,0.272629,0.000000,0.000000,0.000000,0.000000,0,0,2.845276,2.644592,0.040093,0.000000,-26.026170,1.637800,27.337770,349.900700,275.522300,0.524559,104.047200,98.172010,0.300000,1000.000000,0.900730,2468,2740,50.000000,off
1767081150579,2025-12-30 15:52:30.579,1044.137000,22.011660,23,15,2,0.003508,0.007993,-0.045725,0.159958,-0.063431,0.985077,-25.979550,1.637637,27.336570,-0.960428,0.111765,0.255094,0.000000,0.000000,0.000000,0.000000,0,0,2.819870,2.706604,2.597118,0.000000,-26.026090,1.637753,27.337670,349.901000,275.577100,0.537567,104.047200,98.172010,0.300000,1000.000000,0.900730,2468,2740,50.000000,off
1767081150590,2025-12-30 15:52:30.590,1044.148000,22.022640,23,15,2,-0.000190,0.007942,-0.045860,0.165634,-0.066696,0.983917,-25.979710,1.637480,27.332760,-0.959121,0.108199,0.261452,0.000000,0.000000,0.000000,0.000000,0,0,2.815247,2.658524,0.010023,0.000000,-26.026000,1.637693,27.337580,349.915600,275.619800,0.554841,104.047200,98.172010,0.300000,1000.000000,0.900730,2468,2740,50.000000,off
1767081150602,2025-12-30 15:52:30.602,1044.159000,22.033630,23,15,2,-0.005020,0.007815,-0.045947,0.169891,-0.056610,0.983826,-25.980090,1.637271,27.327820,-0.956594,0.118125,0.266373,0.000000,0.000000,0.000000,0.000000,0,0,2.838913,2.755936,0.010023,0.000000,-26.025950,1.637668,27.337500,349.921400,275.676100,0.578874,104.047200,98.172010,0.300000,1000.000000,0.900730,2468,2740,50.000000,off
1767081150613,2025-12-30 15:52:30.613,1044.170000,22.044860,23,15,2,-0.005020,0.007815,-0.045947,0.169891,-0.056610,0.983826,-25.980050,1.637273,27.327720,-0.956347,0.118222,0.267219,0.000000,0.000000,0.000000,0.000000,0,0,2.838913,2.755936,0.010023,0.000000,-26.025910,1.637673,27.337450,349.920700,275.725200,0.608263,104.047200,98.172010,0.300000,1000.000000,0.900730,2468,2740,50.000000,off
1767081150624,2025-12-30 15:52:30.624,1044.181000,22.055850,23,15,2,-0.003833,0.007814,-0.045810,0.167923,-0.058624,0.984055,-25.980070,1.637318,27.328760,-0.956769,0.116313,0.266577,0.000000,0.000000,0.000000,0.000000,0,0,2.838684,2.756180,0.645388,0.000000,-26.025900,1.637684,27.337360,349.920700,275.798300,0.626837,104.047200,98.172010,0.300000,1000.000000,0.900730,2468,2740,50.000000,off
1767081150635,2025-12-30 15:52:30.635,1044.192000,22.066960,23,15,2,-0.000652,0.007847,-0.045595,0.166382,-0.063354,0.984009,-25.979930,1.637436,27.331790,-0.957317,0.111937,0.266429,0.000000,0.000000,0.000000,0.000000,0,0,2.847961,2.762970,0.161347,0.000000,-26.025880,1.637708,27.337260,349.907000,275.872000,0.651347,104.047200,98.172010,0.300000,1000.000000,0.900730,2468,2740,50.000000,off
1767081150646,2025-12-30 15:52:30.646,1044.204000,22.078190,23,15,2,-0.000652,0.007847,-0.045595,0.166382,-0.063354,0.984009,-25.979930,1.637459,27.331650,-0.957011,0.111969,0.267514,0.000000,0.000000,0.000000,0.000000,0,0,2.847961,2.762970,0.161347,0.000000,-26.025860,1.637729,27.337170,349.909800,275.935200,0.679482,104.047200,98.172010,0.300000,1000.000000,0.900730,2468,2740,50.000000,off
1767081150657,2025-12-30 15:52:30.657,1044.215000,22.089290,23,15,2,0.002408,0.007941,-0.045480,0.148499,-0.062866,0.986908,-25.979690,1.637605,27.334510,-0.961305,0.112924,0.251262,0.000000,0.000000,0.000000,0.000000,0,0,2.829147,2.766205,0.633609,0.000000,-26.025850,1.637733,27.337050,349.901600,276.009000,0.692564,104.047200,98.172010,0.300000,1000.000000,0.900730,2468,2740,50.000000,off
1767081150668,2025-12-30 15:52:30.668,1044.226000,22.100400,23,15,2,-0.003833,0.007814,-0.045810,0.167923,-0.058624,0.984055,-25.980090,1.637319,27.328190,-0.955358,0.117217,0.271201,0.000000,0.000000,0.000000,0.000000,0,0,2.838684,2.756180,0.002506,0.000000,-26.025880,1.637721,27.337020,349.884400,276.070400,0.724877,104.047200,98.172010,0.300000,1000.000000,0.900730,2468,2740,50.000000,off
1767081150679,2025-12-30 15:52:30.679,1044.237000,22.111510,23,15,2,-0.003833,0.007814,-0.045810,0.167923,-0.058624,0.984055,-25.980110,1.637332,27.328060,-0.954995,0.117572,0.272325,0.000000,0.000000,0.000000,0.000000,0,0,2.838684,2.756180,0.002506,0.000000,-26.025890,1.637748,27.336940,349.870200,276.135800,0.763675,104.047200,98.172010,0.300000,1000.000000,0.900730,2468,2740,50.000000,off
1767081150691,2025-12-30 15:52:30.691,1044.248000,22.122620,23,15,2,-0.000652,0.007847,-0.045595,0.166382,-0.063354,0.984009,-25.979980,1.637460,27.331120,-0.955547,0.113357,0.272121,0.000000,0.000000,0.000000,0.000000,0,0,2.847961,2.762970,0.040335,0.000000,-26.025890,1.637780,27.336870,349.849200,276.204600,0.802420,104.047200,98.172010,0.300000,1000.000000,0.900730,2468,2740,50.000000,off
1767081150702,2025-12-30 15:52:30.702,1044.259000,22.133730,23,15,2,0.001523,0.007945,-0.045560,0.151657,-0.052917,0.987000,-25.979790,1.637577,27.333110,-0.957877,0.124511,0.258720,0.000000,0.000000,0.000000,0.000000,0,0,2.740799,2.751297,0.160363,0.000000,-26.025910,1.637785,27.336770,349.823800,276.277900,0.848981,104.047200,98.172010,0.300000,1000.000000,0.900730,2468,2740,50.000000,off
1767081150713,2025-12-30 15:52:30.713,1044.270000,22.144840,23,15,2,-0.003480,0.007833,-0.045714,0.154755,-0.058578,0.986206,-25.980230,1.637382,27.327970,-0.957473,0.118769,0.262910,0.000000,0.000000,0.000000,0.000000,0,0,2.783142,2.759140,656.878100,0.000000,-26.025920,1.637793,27.336670,349.837000,276.334700,0.904910,104.047200,98.172010,0.300000,1000.000000,0.900730,2468,2740,50.000000,off
1767081150724,2025-12-30 15:52:30.724,1044.281000,22.155820,23,15,2,-0.003480,0.007833,-0.045714,0.154755,-0.058578,0.986206,-25.980230,1.637377,27.327820,-0.957254,0.118697,0.263741,0.000000,0.000000,0.000000,0.000000,0,0,2.783142,2.759140,656.878100,0.000000,-26.025910,1.637781,27.336570,349.853300,276.379900,0.982020,104.047200,98.172010,0.300000,1000.000000,0.900730,2468,2740,50.000000,off
1767081150735,2025-12-30 15:52:30.735,1044.292000,22.166930,23,15,2,-0.005739,0.007728,-0.045556,0.160736,-0.051422,0.985642,-25.980700,1.637199,27.325400,-0.954486,0.125642,0.270444,0.000000,0.000000,0.000000,0.000000,0,0,2.740509,2.770203,0.649219,0.000000,-26.025930,1.637709,27.336430,349.867600,276.442400,1.034675,104.047200,98.172010,0.300000,1000.000000,0.900730,2468,2740,50.000000,off
1767081150746,2025-12-30 15:52:30.746,1044.304000,22.178160,23,15,2,-0.004849,0.008390,-0.046922,0.227295,-0.024078,0.973511,-25.979190,1.637593,27.325890,-0.930131,0.151524,0.334460,-35.764020,3.231600,30.844350,10.519660,Target28,Target,2.687668,2.721542,0.158421,0.000000,-26.025980,1.637663,27.336230,349.892200,276.457900,1.119395,104.047200,98.172010,0.300000,1000.000000,0.900730,2468,2740,50.000000,off
1767081150758,2025-12-30 15:52:30.758,1044.315000,22.189390,23,15,2,-0.004849,0.008390,-0.046922,0.227295,-0.024078,0.973511,-25.979300,1.637572,27.325690,-0.930089,0.151570,0.334555,-35.761610,3.231728,30.844400,10.517420,Target28,Target,2.687668,2.721542,0.158421,0.000000,-26.026080,1.637636,27.336040,349.906500,276.462400,1.192673,104.047200,98.172010,0.300000,1000.000000,0.900730,2468,2740,50.000000,off
1767081150769,2025-12-30 15:52:30.769,1044.326000,22.200620,23,15,2,-0.030260,0.008943,-0.050990,0.427246,0.069794,0.901428,-25.978320,1.636841,27.299740,-0.820235,0.235820,0.521139,-31.682810,3.276899,30.924110,6.954642,Target28,Target,3.016113,2.679657,41.054870,0.000000,-26.026220,1.637624,27.335800,349.912100,276.455700,1.257243,104.047200,98.172010,0.300000,1000.000000,0.900730,2468,2740,50.000000,off
1767081150780,2025-12-30 15:52:30.780,1044.337000,22.211610,23,15,2,-0.030822,0.008874,-0.050723,0.474747,0.096695,0.874786,-25.978770,1.636768,27.298980,-0.784034,0.259120,0.564033,-31.035460,3.307981,30.936760,6.449533,Target28,Target,3.057144,2.726990,2.612926,0.000000,-26.026330,1.637613,27.335570,349.906600,276.447600,1.304038,104.047200,98.172010,0.300000,1000.000000,0.900730,2468,2740,50.000000,off
1767081150791,2025-12-30 15:52:30.791,1044.348000,22.222720,23,15,2,-0.004849,0.008390,-0.046922,0.227295,-0.024078,0.973511,-25.979680,1.637538,27.324930,-0.930085,0.151619,0.334545,-35.764210,3.232581,30.844350,10.519860,Target28,Target,2.687668,2.721542,2.613050,0.000000,-26.026450,1.637593,27.335290,349.929300,276.459600,1.303231,104.047200,98.172010,0.300000,1000.000000,0.900730,2468,2740,50.000000,off
1767081150802,2025-12-30 15:52:30.802,1044.359000,22.233830,23,15,2,-0.004849,0.008390,-0.046922,0.227295,-0.024078,0.973511,-25.979800,1.637498,27.324680,-0.930164,0.151078,0.334569,-35.765090,3.226830,30.844330,10.519790,Target28,Target,2.687668,2.721542,2.613050,0.000000,-26.026570,1.637527,27.335050,349.959400,276.460700,1.294001,104.047200,98.172010,0.300000,1000.000000,0.900730,2468,2740,50.000000,off
1767081150813,2025-12-30 15:52:30.813,1044.370000,22.244930,23,15,2,-0.030260,0.008943,-0.050990,0.427246,0.069794,0.901428,-25.978800,1.636725,27.298690,-0.820400,0.234752,0.521362,-31.683630,3.269127,30.924090,6.953657,Target28,Target,3.016113,2.679657,41.804880,0.000000,-26.026680,1.637449,27.334770,350.005400,276.473400,1.305682,104.047200,98.172010,0.300000,1000.000000,0.900730,2468,2740,50.000000,off
1767081150824,2025-12-30 15:52:30.824,1044.381000,22.256040,23,15,2,-0.030012,0.008948,-0.050871,0.466080,0.092163,0.879913,-25.979000,1.636743,27.298650,-0.791026,0.253485,0.556773,-31.144750,3.292116,30.934620,6.530360,Target28,Target,3.112808,2.768692,10.702200,0.000000,-26.026790,1.637410,27.334480,350.042200,276.487500,1.320279,104.047200,98.172010,0.300000,1000.000000,0.900730,2468,2740,50.000000,off
1767081150835,2025-12-30 15:52:30.835,1044.393000,22.267270,23,15,2,-0.030012,0.008948,-0.050871,0.466080,0.092163,0.879913,-25.979110,1.636688,27.298400,-0.791004,0.253569,0.556766,-31.145120,3.292739,30.934610,6.530872,Target28,Target,3.112808,2.768692,10.702200,0.000000,-26.026890,1.637361,27.334240,350.051900,276.490700,1.348933,104.047200,98.172010,0.300000,1000.000000,0.900730,2468,2740,50.000000,off
1767081150846,2025-12-30 15:52:30.846,1044.404000,22.278380,23,15,2,-0.015132,0.009419,-0.050701,0.452942,0.081497,0.887787,-25.977590,1.637520,27.312890,-0.802119,0.244235,0.544902,-31.304330,3.259443,30.931500,6.640721,Target28,Target,3.048782,2.772400,10.450490,0.000000,-26.027030,1.637355,27.333960,350.058900,276.482900,1.376946,104.047200,98.172010,0.300000,1000.000000,0.900730,2468,2740,50.000000,off
1767081150857,2025-12-30 15:52:30.857,1044.415000,22.289370,23,15,2,-0.023785,0.009401,-0.051626,0.447784,0.083618,0.890213,-25.977810,1.637149,27.303920,-0.804762,0.246890,0.539802,-31.383670,3.295591,30.929950,6.717275,Target28,Target,3.055618,2.679855,10.450490,0.000000,-26.027140,1.637383,27.333680,350.054700,276.475300,1.403929,104.047200,98.172010,0.300000,1000.000000,0.900730,2468,2740,50.000000,off
1767081150868,2025-12-30 15:52:30.868,1044.426000,22.300480,23,15,2,-0.025069,0.009293,-0.051428,0.451675,0.073959,0.889099,-25.978280,1.637011,27.302420,-0.804895,0.237604,0.543752,-31.348980,3.222438,30.930630,6.672474,Target28,Target,3.073883,2.745239,167.219500,0.000000,-26.027250,1.637367,27.333420,350.045700,276.463300,1.428298,104.047200,98.172010,0.300000,1000.000000,0.900730,2468,2740,50.000000,off
1767081150880,2025-12-30 15:52:30.880,1044.437000,22.311710,23,15,2,-0.025069,0.009293,-0.051428,0.451675,0.073959,0.889099,-25.978420,1.637004,27.302160,-0.804946,0.237612,0.543674,-31.350560,3.222808,30.930600,6.673849,Target28,Target,3.073883,2.745239,167.219500,0.000000,-26.027390,1.637359,27.333160,350.055400,276.459700,1.448088,104.047200,98.172010,0.300000,1000.000000,0.900730,2468,2740,50.000000,off
1767081150891,2025-12-30 15:52:30.891,1044.448000,22.322690,23,15,2,0.002727,0.009432,-0.048522,0.452728,0.103653,0.885590,-25.978100,1.638301,27.329860,-0.796454,0.266228,0.542918,-31.262850,3.404819,30.932310,6.635277,Target28,Target,3.013306,2.762543,10638.300000,0.000000,-26.027490,1.637324,27.332940,350.056900,276.452800,1.445511,104.047200,98.172010,0.300000,1000.000000,0.900730,2468,2740,50.000000,off
1767081150902,2025-12-30 15:52:30.902,1044.459000,22.333800,23,15,2,-0.023785,0.009401,-0.051626,0.447784,0.083618,0.890213,-25.978240,1.637058,27.302930,-0.804999,0.247060,0.539370,-31.391280,3.298357,30.929800,6.724218,Target28,Target,3.055618,2.679855,2.612805,0.000000,-26.027580,1.637300,27.332670,350.064500,276.449500,1.445356,104.047200,98.172010,0.300000,1000.000000,0.900730,2468,2740,50.000000,off
1767081150913,2025-12-30 15:52:30.913,1044.470000,22.344910,23,15,2,-0.023785,0.009401,-0.051626,0.447784,0.083618,0.890213,-25.978350,1.636996,27.302640,-0.805143,0.246753,0.539295,-31.393480,3.296578,30.929760,6.725612,Target28,Target,3.055618,2.679855,2.612805,0.000000,-26.027690,1.637219,27.332380,350.080500,276.442500,1.436740,104.047200,98.172010,0.300000,1000.000000,0.900730,2468,2740,50.000000,off
1767081150924,2025-12-30 15:52:30.924,1044.482000,22.356140,23,15,2,-0.025069,0.009293,-0.051428,0.451675,0.073959,0.889099,-25.978650,1.636911,27.301070,-0.805372,0.236913,0.543347,-31.358260,3.219408,30.930450,6.679591,Target28,Target,3.073883,2.745239,2.628613,0.000000,-26.027640,1.637225,27.332050,350.091900,276.433000,1.428689,104.047200,98.172010,0.300000,1000.000000,0.900730,2468,2740,50.000000,off
1767081150935,2025-12-30 15:52:30.935,1044.493000,22.367250,23,15,2,0.001472,0.009438,-0.048693,0.452118,0.101410,0.886154,-25.978220,1.638203,27.327450,-0.797993,0.263322,0.542063,-31.284460,3.389158,30.931890,6.649360,Target28,Target,3.010437,2.760834,2.628491,0.000000,-26.027650,1.637248,27.331770,350.096300,276.418100,1.420683,104.047200,98.172010,0.300000,1000.000000,0.900730,2468,2740,50.000000,off
1767081150946,2025-12-30 15:52:30.946,1044.504000,22.378230,23,15,2,-0.000062,0.009440,-0.048890,0.452301,0.099258,0.886307,-25.978250,1.638100,27.325700,-0.798650,0.261219,0.542118,-31.290720,3.375679,30.931770,6.651709,Target28,Target,3.018188,2.758408,167.219500,0.000000,-26.027690,1.637212,27.331550,350.098500,276.401200,1.422931,104.047200,98.172010,0.300000,1000.000000,0.900730,2468,2740,50.000000,off
1767081150957,2025-12-30 15:52:30.957,1044.515000,22.389220,23,15,2,-0.000062,0.009440,-0.048890,0.452301,0.099258,0.886307,-25.978290,1.638084,27.325440,-0.798593,0.261605,0.542015,-31.291740,3.378677,30.931750,6.653409,Target28,Target,3.018188,2.758408,167.219500,0.000000,-26.027730,1.637207,27.331290,350.086000,276.398100,1.448787,104.047200,98.172010,0.300000,1000.000000,0.900730,2468,2740,50.000000,off
1767081150969,2025-12-30 15:52:30.969,1044.526000,22.400570,23,15,2,-0.000117,0.009433,-0.048879,0.451477,0.099747,0.886673,-25.978360,1.638096,27.325150,-0.798943,0.262358,0.541137,-31.302870,3.386566,30.931530,6.664355,Target28,Target,3.014587,2.762100,10.451460,0.000000,-26.027780,1.637220,27.331050,350.093100,276.398700,1.492135,104.047200,98.172010,0.300000,1000.000000,0.900730,2468,2740,50.000000,off
1767081150980,2025-12-30 15:52:30.980,1044.537000,22.411560,23,15,2,-0.000219,0.009422,-0.048856,0.451492,0.100433,0.886597,-25.978410,1.638096,27.324840,-0.798596,0.263173,0.541268,-31.299870,3.391755,30.931590,6.663473,Target28,Target,3.005264,2.760635,2.597119,0.000000,-26.027790,1.637223,27.330870,350.101300,276.414900,1.527786,104.047200,98.172010,0.300000,1000.000000,0.900730,2468,2740,50.000000,off
1767081150991,2025-12-30 15:52:30.991,1044.548000,22.422670,23,15,2,-0.000219,0.009422,-0.048856,0.451492,0.100433,0.886597,-25.978430,1.638105,27.324670,-0.798253,0.263238,0.541742,-31.293380,3.390809,30.931720,6.658191,Target28,Target,3.005264,2.760635,2.597119,0.000000,-26.027800,1.637219,27.330740,350.116100,276.453900,1.564895,104.047200,98.172010,0.300000,1000.000000,0.900730,2468,2740,50.000000,off
1767081151002,2025-12-30 15:52:31.002,1044.559000,22.433900,23,15,2,-0.000279,0.009554,-0.049368,0.448700,0.102066,0.887817,-25.977920,1.638154,27.324360,-0.799099,0.265074,0.539578,-31.319550,3.410060,30.931210,6.684456,Target28,Target,2.971466,2.755692,10.389700,0.000000,-26.027810,1.637216,27.330600,350.128600,276.498400,1.601431,104.047200,98.172010,0.300000,1000.000000,0.900730,2468,2740,50.000000,off
1767081151013,2025-12-30 15:52:31.013,1044.570000,22.445010,23,15,2,-0.000117,0.009433,-0.048879,0.451477,0.099747,0.886673,-25.978390,1.638043,27.324470,-0.797325,0.262652,0.543375,-31.272110,3.381884,30.932130,6.639256,Target28,Target,3.014587,2.762100,0.159394,0.000000,-26.027790,1.637127,27.330550,350.139400,276.576800,1.619889,104.047200,98.172010,0.300000,1000.000000,0.900730,2468,2740,50.000000,off
1767081151024,2025-12-30 15:52:31.024,1044.581000,22.455990,23,15,2,-0.000219,0.009422,-0.048856,0.451492,0.100433,0.886597,-25.978430,1.638065,27.324250,-0.796343,0.263064,0.544630,-31.254290,3.380890,30.932480,6.625062,Target28,Target,3.005264,2.760635,0.165257,0.000000,-26.027790,1.637140,27.330510,350.161000,276.669500,1.628941,104.047200,98.172010,0.300000,1000.000000,0.900730,2468,2740,50.000000,off
1767081151035,2025-12-30 15:52:31.035,1044.593000,22.467100,23,15,2,-0.000219,0.009422,-0.048856,0.451492,0.100433,0.886597,-25.978430,1.638078,27.324130,-0.795169,0.263033,0.546358,-31.230690,3.375468,30.932940,6.605178,Target28,Target,3.005264,2.760635,0.165257,0.000000,-26.027770,1.637150,27.330500,350.165200,276.794400,1.633079,104.047200,98.172010,0.300000,1000.000000,0.900730,2468,2740,50.000000,off
1767081151046,2025-12-30 15:52:31.046,1044.604000,22.478210,23,15,2,-0.001004,0.009582,-0.049555,0.443619,0.101364,0.890457,-25.977850,1.638165,27.323130,-0.797956,0.263941,0.541838,-31.292200,3.395997,30.931740,6.659906,Target28,Target,2.973724,2.744812,2.565868,0.000000,-26.027780,1.637206,27.330540,350.180700,276.996400,1.604606,104.047200,98.172010,0.300000,1000.000000,0.900730,2468,2740,50.000000,off
1767081151058,2025-12-30 15:52:31.058,1044.615000,22.489320,23,15,2,0.000284,0.009570,-0.049266,0.448883,0.105408,0.887344,-25.977940,1.638302,27.324360,-0.791953,0.267280,0.548962,-31.185090,3.395688,30.933830,6.575036,Target28,Target,2.959076,2.739395,41.054890,0.000000,-26.027720,1.637256,27.330610,350.196900,277.174300,1.602529,104.047200,98.172010,0.300000,1000.000000,0.900730,2468,2740,50.000000,off
1767081151069,2025-12-30 15:52:31.069,1044.626000,22.500310,23,15,2,0.000284,0.009570,-0.049266,0.448883,0.105408,0.887344,-25.977860,1.638351,27.324270,-0.789925,0.266903,0.552058,-31.143840,3.383857,30.934640,6.539795,Target28,Target,3.052353,2.755219,41.054890,0.000000,-26.027620,1.637292,27.330710,350.211900,277.394700,1.582497,104.047200,98.172010,0.300000,1000.000000,0.900730,2468,2740,50.000000,off
1767081151080,2025-12-30 15:52:31.080,1044.637000,22.511540,23,15,2,-0.012978,0.009843,-0.051648,0.460587,0.088547,0.883179,-25.977250,1.637880,27.310710,-0.785134,0.250118,0.566561,-31.003060,3.238938,30.937390,6.401164,Target28,Target,3.052353,2.755219,41.054890,0.000000,-26.027550,1.637328,27.330780,350.203600,277.586500,1.594049,104.047200,98.172010,0.300000,1000.000000,0.900730,2468,2740,50.000000,off
1767081151090,2025-12-30 15:52:31.090,1044.648000,22.522520,23,15,2,-0.028933,0.010563,-0.056096,0.486359,0.097519,0.868286,-25.975010,1.637424,27.294090,-0.763177,0.257388,0.592696,-30.674530,3.222380,30.943810,6.157763,Target28,Target,3.025894,2.587799,0.163304,0.000000,-26.027450,1.637375,27.330770,350.184500,277.812000,1.591701,104.047200,98.172010,0.300000,1000.000000,0.900730,2468,2740,50.000000,off
1767081151101,2025-12-30 15:52:31.101,1044.659000,22.533750,23,15,2,-0.026134,0.010355,-0.054984,0.488632,0.105927,0.866028,-25.975720,1.637512,27.296870,-0.757092,0.265798,0.596782,-30.604060,3.262421,30.945190,6.113274,Target28,Target,3.108124,2.530609,0.649356,0.000000,-26.027320,1.637431,27.330800,350.150500,278.006600,1.586600,104.047200,98.172010,0.300000,1000.000000,0.900730,2468,2740,50.000000,off
1767081151113,2025-12-30 15:52:31.113,1044.670000,22.544860,23,15,2,-0.026134,0.010355,-0.054984,0.488632,0.105927,0.866028,-25.975750,1.637611,27.296720,-0.754833,0.266247,0.599438,-30.570840,3.258403,30.945840,6.087516,Target28,Target,3.108124,2.530609,0.649356,0.000000,-26.027220,1.637560,27.330830,350.122500,278.210100,1.591479,104.047200,98.172010,0.300000,1000.000000,0.900730,2468,2740,50.000000,off
1767081151124,2025-12-30 15:52:31.124,1044.681000,22.555850,23,15,2,-0.012978,0.009843,-0.051648,0.460587,0.088547,0.883179,-25.977060,1.638145,27.310130,-0.776210,0.251865,0.577969,-30.852410,3.220102,30.940330,6.280924,Target28,Target,3.052353,2.755219,0.010329,0.000000,-26.027060,1.637702,27.330930,350.083800,278.428500,1.589365,104.047200,98.172010,0.300000,1000.000000,0.900730,2468,2740,50.000000,off
1767081151135,2025-12-30 15:52:31.135,1044.693000,22.567080,23,15,2,-0.028933,0.010563,-0.056096,0.486359,0.097519,0.868286,-25.975040,1.637758,27.293550,-0.753411,0.259545,0.604139,-30.530710,3.207159,30.946620,6.046663,Target28,Target,3.025894,2.587799,10.264940,0.000000,-26.026910,1.637856,27.331020,350.026500,278.681500,1.573779,104.047200,98.172010,0.300000,1000.000000,0.900730,2468,2740,50.000000,off
1767081151146,2025-12-30 15:52:31.146,1044.704000,22.578190,23,15,2,-0.014742,0.010489,-0.054006,0.498810,0.110474,0.859619,-25.974800,1.638548,27.307750,-0.737542,0.271814,0.618150,-30.321370,3.240437,30.950710,5.893212,Target28,Target,3.062454,2.641098,0.645465,0.000000,-26.026720,1.638028,27.331150,349.961600,278.966000,1.543831,104.047200,98.172010,0.300000,1000.000000,0.900730,2468,2740,50.000000,off
1767081151157,2025-12-30 15:52:31.157,1044.715000,22.589170,23,15,2,-0.014742,0.010489,-0.054006,0.498810,0.110474,0.859619,-25.974730,1.638671,27.307640,-0.734135,0.272387,0.621942,-30.276030,3.234589,30.951600,5.858891,Target28,Target,3.062454,2.641098,0.645465,0.000000,-26.026540,1.638200,27.331300,349.901600,279.258400,1.509603,104.047200,98.172010,0.300000,1000.000000,0.900730,2468,2740,50.000000,off
1767081151168,2025-12-30 15:52:31.168,1044.726000,22.600400,23,15,2,-0.002827,0.010588,-0.052859,0.491242,0.117172,0.863098,-25.973740,1.639406,27.319440,-0.734202,0.279906,0.618535,-30.284910,3.282991,30.951420,5.871870,Target28,Target,2.939056,2.643173,10.576710,0.000000,-26.026360,1.638375,27.331440,349.849400,279.557200,1.481003,104.047200,98.172010,0.300000,1000.000000,0.900730,2468,2740,50.000000,off
1767081151179,2025-12-30 15:52:31.179,1044.737000,22.611390,23,15,2,-0.011311,0.010745,-0.054508,0.485794,0.114639,0.866501,-25.973440,1.639157,27.310690,-0.735214,0.278388,0.617999,-30.304260,3.279015,30.951050,5.890447,Target28,Target,2.965515,2.474274,2.644116,0.000000,-26.026130,1.638528,27.331610,349.787400,279.873700,1.434354,104.047200,98.172010,0.300000,1000.000000,0.900730,2468,2740,50.000000,off
1767081151191,2025-12-30 15:52:31.191,1044.748000,22.622620,23,15,2,-0.011311,0.010745,-0.054508,0.485794,0.114639,0.866501,-25.973320,1.639287,27.310620,-0.731551,0.279340,0.621904,-30.256670,3.274870,30.951970,5.855055,Target28,Target,2.965515,2.474274,2.644116,0.000000,-26.025900,1.638731,27.331820,349.707200,280.179400,1.409142,104.047200,98.172010,0.300000,1000.000000,0.900730,2468,2740,50.000000,off
1767081151202,2025-12-30 15:52:31.202,1044.759000,22.633610,23,15,2,-0.008081,0.010515,-0.053166,0.487198,0.108017,0.866577,-25.973960,1.639531,27.313940,-0.728164,0.274392,0.628070,-30.193220,3.229461,30.953210,5.794341,Target28,Target,2.961960,2.662796,10.389690,0.000000,-26.025680,1.638992,27.332030,349.587500,280.528000,1.382933,104.047200,98.172010,0.300000,1000.000000,0.900730,2468,2740,50.000000,off
1767081151213,2025-12-30 15:52:31.213,1044.770000,22.644840,23,15,2,-0.006896,0.009590,-0.049944,0.500977,0.123291,0.856628,-25.976880,1.639401,27.315700,-0.708852,0.289739,0.643095,-29.990690,3.280023,30.957170,5.662387,Target28,Target,3.238815,2.866409,41.554880,0.000000,-26.025450,1.639281,27.332280,349.450400,280.868700,1.364622,104.047200,98.172010,0.300000,1000.000000,0.900730,2468,2740,50.000000,off
1767081151224,2025-12-30 15:52:31.224,1044.781000,22.655820,23,15,2,-0.005619,0.009351,-0.048995,0.496201,0.129837,0.858429,-25.977400,1.639560,27.317110,-0.705399,0.298376,0.642929,-29.971550,3.329042,30.957550,5.662186,Target28,Target,3.112885,2.823578,41.554880,0.000000,-26.025160,1.639607,27.332560,349.290900,281.243400,1.330295,104.047200,98.172010,0.300000,1000.000000,0.900730,2468,2740,50.000000,off
1767081151235,2025-12-30 15:52:31.235,1044.792000,22.666930,23,15,2,-0.005619,0.009351,-0.048995,0.496201,0.129837,0.858429,-25.977150,1.639741,27.317080,-0.700065,0.300869,0.647580,-29.913880,3.331643,30.958670,5.623307,Target28,Target,3.112885,2.823578,41.554880,0.000000,-26.024800,1.639946,27.332850,349.107500,281.635000,1.316038,104.047200,98.172010,0.300000,1000.000000,0.900730,2468,2740,50.000000,off
1767081151246,2025-12-30 15:52:31.246,1044.803000,22.678040,23,15,2,-0.008081,0.010515,-0.053166,0.487198,0.108017,0.866577,-25.973210,1.640204,27.313760,-0.708431,0.283085,0.646509,-29.966120,3.235747,30.957650,5.636227,Target28,Target,2.961960,2.662796,167.219500,0.000000,-26.024450,1.640269,27.333180,348.935300,282.031500,1.293378,104.047200,98.172010,0.300000,1000.000000,0.900730,2468,2740,50.000000,off
1767081151257,2025-12-30 15:52:31.257,1044.815000,22.689150,23,15,2,-0.006896,0.009590,-0.049944,0.500977,0.123291,0.856628,-25.975940,1.640091,27.315600,-0.687565,0.298577,0.661889,-29.763390,3.284800,30.961610,5.508473,Target28,Target,3.238815,2.866409,10.201220,0.000000,-26.024040,1.640564,27.333490,348.767700,282.446700,1.261193,104.047200,98.172010,0.300000,1000.000000,0.900730,2468,2740,50.000000,off
1767081151268,2025-12-30 15:52:31.268,1044.826000,22.700380,23,15,2,-0.006896,0.009590,-0.049944,0.500977,0.123291,0.856628,-25.975660,1.640222,27.315600,-0.681862,0.300764,0.666781,-29.705300,3.285339,30.962750,5.469770,Target28,Target,3.238815,2.866409,10.201220,0.000000,-26.023620,1.640841,27.333840,348.599900,282.866900,1.238263,104.047200,98.172010,0.300000,1000.000000,0.900730,2468,2740,50.000000,off
1767081151279,2025-12-30 15:52:31.279,1044.837000,22.711360,23,15,2,0.000894,0.009699,-0.049430,0.484818,0.121521,0.866119,-25.974050,1.640769,27.323280,-0.689166,0.303049,0.658172,-29.783320,3.315826,30.961230,5.527296,Target28,Target,3.188828,2.808990,162.227300,0.000000,-26.023240,1.641175,27.334190,348.417700,283.290400,1.222509,104.047200,98.172010,0.300000,1000.000000,0.900730,2468,2740,50.000000,off
1767081151290,2025-12-30 15:52:31.290,1044.848000,22.722470,23,15,2,-0.007091,0.009655,-0.050350,0.477417,0.100052,0.872955,-25.974750,1.640539,27.315340,-0.695561,0.286205,0.658992,-29.822150,3.223645,30.960470,5.531334,Target28,Target,3.168167,2.828690,165.223400,0.000000,-26.022790,1.641528,27.334580,348.204700,283.720900,1.206643,104.047200,98.172010,0.300000,1000.000000,0.900730,2468,2740,50.000000,off
1767081151301,2025-12-30 15:52:31.302,1044.859000,22.733700,23,15,2,-0.012732,0.009465,-0.050398,0.469742,0.114655,0.875320,-25.975790,1.640368,27.309890,-0.690544,0.304057,0.656268,-29.817130,3.331769,30.960570,5.562750,Target28,Target,3.150360,2.768738,165.223400,0.000000,-26.022270,1.641870,27.334960,347.979500,284.171600,1.202850,104.047200,98.172010,0.300000,1000.000000,0.900730,2468,2740,50.000000,off
1767081151312,2025-12-30 15:52:31.312,1044.870000,22.744690,23,15,2,-0.012732,0.009465,-0.050398,0.469742,0.114655,0.875320,-25.975510,1.640560,27.309910,-0.684398,0.306925,0.661351,-29.754640,3.335350,30.961790,5.521808,Target28,Target,3.150360,2.768738,165.223400,0.000000,-26.021790,1.642237,27.335350,347.786000,284.618400,1.211232,104.047200,98.172010,0.300000,1000.000000,0.900730,2468,2740,50.000000,off
1767081151324,2025-12-30 15:52:31.324,1044.881000,22.755800,23,15,2,-0.016957,0.009298,-0.050479,0.466843,0.107575,0.877762,-25.976260,1.640461,27.305850,-0.682630,0.303059,0.664945,-29.729930,3.306930,30.962270,5.498771,Target28,Target,3.174347,2.833725,660.846600,0.000000,-26.021260,1.642561,27.335740,347.616800,285.081300,1.228446,104.047200,98.172010,0.300000,1000.000000,0.900730,2468,2740,50.000000,off
1767081151335,2025-12-30 15:52:31.335,1044.892000,22.767030,23,15,2,-0.026106,0.009107,-0.051263,0.433640,0.091553,0.896408,-25.977800,1.640038,27.296890,-0.706123,0.293567,0.644345,-29.989050,3.307695,30.957200,5.680592,Target28,Target,2.947449,2.855057,164.219500,0.000000,-26.020750,1.642859,27.336130,347.433000,285.544200,1.243870,104.047200,98.172010,0.300000,1000.000000,0.900730,2468,2740,50.000000,off
1767081151346,2025-12-30 15:52:31.346,1044.903000,22.778020,23,15,2,-0.026106,0.009107,-0.051263,0.433640,0.091553,0.896408,-25.977600,1.640205,27.296900,-0.699947,0.295955,0.649967,-29.920810,3.307487,30.958540,5.633493,Target28,Target,2.947449,2.855057,164.219500,0.000000,-26.020220,1.643171,27.336500,347.268600,286.019700,1.235776,104.047200,98.172010,0.300000,1000.000000,0.900730,2468,2740,50.000000,off
1767081151357,2025-12-30 15:52:31.357,1044.915000,22.789120,23,15,2,-0.012732,0.009465,-0.050398,0.469742,0.114655,0.875320,-25.974200,1.641185,27.309940,-0.658770,0.317152,0.682221,-29.505220,3.341125,30.966660,5.359986,Target28,Target,3.150360,2.768738,41.050970,0.000000,-26.019610,1.643493,27.336870,347.082000,286.488200,1.219030,104.047200,98.172010,0.300000,1000.000000,0.900730,2468,2740,50.000000,off
1767081151368,2025-12-30 15:52:31.368,1044.926000,22.800350,23,15,2,-0.016957,0.009298,-0.050479,0.466843,0.107575,0.877762,-25.975080,1.641082,27.305960,-0.656722,0.313252,0.685981,-29.480120,3.312960,30.967150,5.337114,Target28,Target,3.174347,2.833725,0.649295,0.000000,-26.019040,1.643819,27.337300,346.889000,286.964000,1.183879,104.047200,98.172010,0.300000,1000.000000,0.900730,2468,2740,50.000000,off
1767081151379,2025-12-30 15:52:31.379,1044.937000,22.811340,23,15,2,-0.026515,0.009023,-0.051027,0.426361,0.092773,0.899780,-25.977230,1.640677,27.296750,-0.685875,0.305672,0.660406,-29.783040,3.336799,30.961230,5.548822,Target28,Target,2.905777,2.811905,0.649249,0.000000,-26.018470,1.644160,27.337680,346.697800,287.445700,1.156899,104.047200,98.172010,0.300000,1000.000000,0.900730,2468,2740,50.000000,off
1767081151390,2025-12-30 15:52:31.390,1044.948000,22.822570,23,15,2,-0.026515,0.009023,-0.051027,0.426361,0.092773,0.899780,-25.977010,1.640807,27.296830,-0.679612,0.307844,0.665849,-29.718440,3.335563,30.962490,5.505238,Target28,Target,2.905777,2.811905,0.649249,0.000000,-26.017900,1.644420,27.338100,346.537700,287.919000,1.127900,104.047200,98.172010,0.300000,1000.000000,0.900730,2468,2740,50.000000,off
1767081151402,2025-12-30 15:52:31.402,1044.959000,22.833560,23,15,2,-0.026448,0.008700,-0.049997,0.416763,0.086792,0.904846,-25.977690,1.640875,27.297330,-0.682544,0.304726,0.664264,-29.743220,3.322020,30.962010,5.516827,Target28,Target,2.962296,2.848083,2.550304,0.000000,-26.017230,1.644662,27.338520,346.415300,288.390300,1.109593,104.047200,98.172010,0.300000,1000.000000,0.900730,2468,2740,50.000000,off
1767081151413,2025-12-30 15:52:31.413,1044.970000,22.844790,23,15,2,-0.023686,0.008686,-0.049794,0.408493,0.097382,0.907547,-25.976700,1.641047,27.300140,-0.679597,0.317140,0.661485,-29.738920,3.396725,30.962090,5.535943,Target28,Target,3.111908,2.893738,2.581677,0.000000,-26.016630,1.644844,27.338960,346.294600,288.840800,1.086133,104.047200,98.172010,0.300000,1000.000000,0.900730,2468,2740,50.000000,off
1767081151424,2025-12-30 15:52:31.424,1044.981000,22.855770,23,15,2,-0.023686,0.008686,-0.049794,0.408493,0.097382,0.907547,-25.976320,1.641188,27.300240,-0.673670,0.318675,0.666788,-29.677190,3.391855,30.963300,5.493562,Target28,Target,3.111908,2.893738,2.581677,0.000000,-26.015940,1.645075,27.339380,346.183100,289.303300,1.067125,104.047200,98.172010,0.300000,1000.000000,0.900730,2468,2740,50.000000,off
1767081151435,2025-12-30 15:52:31.435,1044.992000,22.867000,23,15,2,-0.012774,0.008646,-0.048745,0.376724,0.100281,0.920868,-25.973270,1.641681,27.310950,-0.690190,0.326203,0.645914,-29.871920,3.484289,30.959490,5.648582,Target28,Target,3.034637,2.824341,0.040582,0.000000,-26.015340,1.645285,27.339780,346.025600,289.738000,1.022919,104.047200,98.172010,0.300000,1000.000000,0.900730,2468,2740,50.000000,off
1767081151446,2025-12-30 15:52:31.446,1045.003000,22.877990,23,15,2,-0.017696,0.008012,-0.047678,0.365753,0.083084,0.926987,-25.975670,1.641352,27.306790,-0.697424,0.313355,0.644508,-29.927110,3.416747,30.958420,5.665707,Target28,Target,3.114090,2.957870,40.304880,0.000000,-26.014680,1.645539,27.340130,345.841000,290.184600,0.978088,104.047200,98.172010,0.300000,1000.000000,0.900730,2468,2740,50.000000,off
1767081151457,2025-12-30 15:52:31.457,1045.015000,22.889100,23,15,2,-0.023686,0.008686,-0.049794,0.408493,0.097382,0.907547,-25.975290,1.641413,27.300470,-0.655608,0.326107,0.681046,-29.504560,3.396912,30.966670,5.383169,Target28,Target,3.111908,2.893738,664.893600,0.000000,-26.013980,1.645738,27.340480,345.642500,290.603500,0.975141,104.047200,98.172010,0.300000,1000.000000,0.900730,2468,2740,50.000000,off
1767081151468,2025-12-30 15:52:31.468,1045.026000,22.900330,23,15,2,-0.023686,0.008686,-0.049794,0.408493,0.097382,0.907547,-25.974880,1.641532,27.300530,-0.649231,0.329238,0.685633,-29.447440,3.402537,30.967790,5.348702,Target28,Target,3.111908,2.893738,664.893600,0.000000,-26.013250,1.646041,27.340820,345.424700,291.042000,0.959177,104.047200,98.172010,0.300000,1000.000000,0.900730,2468,2740,50.000000,off
1767081151479,2025-12-30 15:52:31.479,1045.037000,22.911440,23,15,2,-0.012774,0.008646,-0.048745,0.376724,0.100281,0.920868,-25.971410,1.642057,27.311120,-0.665713,0.338214,0.665141,-29.627700,3.499630,30.964270,5.492226,Target28,Target,3.034637,2.824341,163.219500,0.000000,-26.012540,1.646356,27.341190,345.199100,291.490800,0.948351,104.047200,98.172010,0.300000,1000.000000,0.900730,2468,2740,50.000000,off
1767081151490,2025-12-30 15:52:31.490,1045.048000,22.922420,23,15,2,-0.021086,0.007927,-0.047790,0.359970,0.073486,0.930054,-25.975110,1.641718,27.303890,-0.679944,0.317795,0.660804,-29.739270,3.401025,30.962090,5.535927,Target28,Target,3.028702,2.935532,10.263960,0.000000,-26.011820,1.646788,27.341550,344.972200,291.951300,0.936087,104.047200,98.172010,0.300000,1000.000000,0.900730,2468,2740,50.000000,off
1767081151502,2025-12-30 15:52:31.502,1045.059000,22.933650,23,15,2,-0.019768,0.008204,-0.048453,0.367935,0.100113,0.924439,-25.973550,1.642094,27.304870,-0.659030,0.345173,0.668222,-29.583460,3.532815,30.965130,5.477563,Target28,Target,3.077515,2.896133,10.263960,0.000000,-26.011100,1.647216,27.341890,344.759700,292.423300,0.901855,104.047200,98.172010,0.300000,1000.000000,0.900730,2468,2740,50.000000,off
1767081151513,2025-12-30 15:52:31.513,1045.070000,22.944640,23,15,2,-0.019768,0.008204,-0.048453,0.367935,0.100113,0.924439,-25.973130,1.642344,27.304900,-0.652292,0.348009,0.673343,-29.520130,3.534732,30.966370,5.437710,Target28,Target,3.077515,2.896133,10.263960,0.000000,-26.010360,1.647628,27.342210,344.536000,292.898500,0.815076,104.047200,98.172010,0.300000,1000.000000,0.900730,2468,2740,50.000000,off
1767081151524,2025-12-30 15:52:31.524,1045.081000,22.955750,23,15,2,-0.018744,0.008690,-0.049808,0.392014,0.095993,0.914932,-25.970950,1.642701,27.305250,-0.628140,0.344396,0.697726,-29.271310,3.452220,30.971230,5.254159,Target28,Target,2.926437,2.915970,10.263720,0.000000,-26.009570,1.648024,27.342500,344.306900,293.402600,0.685134,104.047200,98.172010,0.300000,1000.000000,0.900730,2468,2740,50.000000,off
1767081151535,2025-12-30 15:52:31.535,1045.092000,22.966740,23,15,2,-0.025409,0.008885,-0.051082,0.392380,0.073257,0.916870,-25.972000,1.642731,27.298690,-0.628185,0.325390,0.706743,-29.236910,3.333906,30.971900,5.197326,Target28,Target,3.021225,2.747757,166.211700,0.000000,-26.008750,1.648422,27.342860,344.077000,293.895800,0.517360,104.047200,98.172010,0.300000,1000.000000,0.900730,2468,2740,50.000000,off
1767081151546,2025-12-30 15:52:31.546,1045.103000,22.977840,23,15,2,-0.025409,0.008885,-0.051082,0.392380,0.073257,0.916870,-25.971520,1.643025,27.298730,-0.620788,0.327448,0.712306,-29.173840,3.332156,30.973130,5.158419,Target28,Target,3.021225,2.747757,166.211700,0.000000,-26.007890,1.648833,27.343200,343.854200,294.418200,0.321422,104.047200,98.172010,0.300000,1000.000000,0.900730,2468,2740,50.000000,off
1767081151557,2025-12-30 15:52:31.557,1045.115000,22.989200,23,15,2,-0.021117,0.008233,-0.048494,0.355484,0.080948,0.931152,-25.971570,1.643478,27.303830,-0.639640,0.340635,0.689054,-29.374100,3.455469,30.969220,5.319366,Target28,Target,2.982742,2.792511,10.388470,0.000000,-26.006950,1.649278,27.343580,343.635900,294.923400,0.104727,104.047200,98.172010,0.300000,1000.000000,0.900730,2468,2740,50.000000,off
1767081151568,2025-12-30 15:52:31.568,1045.126000,23.000180,23,15,2,-0.018744,0.008690,-0.049808,0.392014,0.095993,0.914932,-25.968700,1.643884,27.305390,-0.598437,0.352991,0.719209,-29.023000,3.445475,30.976080,5.103765,Target28,Target,2.926437,2.915970,2.581677,0.000000,-26.006010,1.649774,27.343880,343.360400,295.449600,359.851400,104.047200,98.172010,0.300000,1000.000000,0.900730,2468,2740,50.000000,off
1767081151579,2025-12-30 15:52:31.579,1045.137000,23.011290,23,15,2,-0.025409,0.008885,-0.051082,0.392380,0.073257,0.916870,-25.969800,1.644098,27.298870,-0.598245,0.334051,0.728349,-28.990670,3.330912,30.976720,5.049512,Target28,Target,3.021225,2.747757,2.597302,0.000000,-26.005020,1.650279,27.344210,343.085100,295.964400,359.572900,104.047200,98.172010,0.300000,1000.000000,0.900730,2468,2740,50.000000,off
1767081151590,2025-12-30 15:52:31.590,1045.148000,23.022400,23,15,2,-0.025409,0.008885,-0.051082,0.392380,0.073257,0.916870,-25.969160,1.644454,27.298870,-0.590862,0.336868,0.733063,-28.934460,3.335061,30.977810,5.018544,Target28,Target,3.021225,2.747757,2.597302,0.000000,-26.004020,1.650796,27.344460,342.772700,296.442700,359.290600,104.047200,98.172010,0.300000,1000.000000,0.900730,2468,2740,50.000000,off
1767081151602,2025-12-30 15:52:31.602,1045.159000,23.033510,23,15,2,-0.025163,0.008107,-0.048675,0.367081,0.070251,0.927521,-25.970610,1.644820,27.300190,-0.604764,0.340126,0.720107,-29.057160,3.380726,30.975420,5.103666,Target28,Target,3.047073,2.918945,164.223400,0.000000,-26.002960,1.651327,27.344680,342.483200,296.922300,359.013200,104.047200,98.172010,0.300000,1000.000000,0.900730,2468,2740,50.000000,off
1767081151613,2025-12-30 15:52:31.613,1045.170000,23.044620,23,15,2,-0.026274,0.007863,-0.048367,0.357925,0.051880,0.932297,-25.970700,1.645150,27.299340,-0.611046,0.327243,0.720774,-29.086650,3.313885,30.974840,5.099326,Target28,Target,3.040924,2.932495,0.649310,0.000000,-26.001870,1.651920,27.344880,342.177900,297.382500,358.742700,104.047200,98.172010,0.300000,1000.000000,0.900730,2468,2740,50.000000,off
1767081151624,2025-12-30 15:52:31.624,1045.181000,23.055600,23,15,2,-0.026274,0.007863,-0.048367,0.357925,0.051880,0.932297,-25.969880,1.645583,27.299320,-0.604177,0.330374,0.725122,-29.033220,3.320670,30.975880,5.070213,Target28,Target,3.040924,2.932495,0.649310,0.000000,-26.000720,1.652501,27.345070,341.866300,297.830700,358.471200,104.047200,98.172010,0.300000,1000.000000,0.900730,2468,2740,50.000000,off
1767081151634,2025-12-30 15:52:31.634,1045.192000,23.066830,23,15,2,-0.028395,0.007588,-0.047979,0.348190,0.058685,0.935577,-25.970420,1.646016,27.297570,-0.602529,0.341286,0.721435,-29.042320,3.386011,30.975710,5.098314,Target28,Target,3.024933,2.947876,2.565869,0.000000,-25.999530,1.653156,27.345190,341.553300,298.279700,358.196500,104.047200,98.172010,0.300000,1000.000000,0.900730,2468,2740,50.000000,off
1767081151646,2025-12-30 15:52:31.646,1045.203000,23.077820,23,15,2,-0.029361,0.007550,-0.048221,0.329636,0.044785,0.943039,-25.969850,1.646415,27.296560,-0.614676,0.334604,0.714284,-29.134390,3.369061,30.973910,5.148271,Target28,Target,2.947815,2.809448,664.909200,0.000000,-25.998340,1.653790,27.345320,341.232300,298.720900,357.947700,104.047200,98.172010,0.300000,1000.000000,0.900730,2468,2740,50.000000,off
1767081151657,2025-12-30 15:52:31.657,1045.214000,23.089050,23,15,2,-0.029612,0.007126,-0.047759,0.261917,0.017288,0.964920,-25.969550,1.646555,27.296510,-0.666138,0.322524,0.672465,-29.603270,3.405891,30.964740,5.454823,Target28,Target,2.848328,2.860977,10.451460,0.000000,-25.997040,1.654350,27.345420,340.872800,299.176500,357.691100,104.047200,98.172010,0.300000,1000.000000,0.900730,2468,2740,50.000000,off
1767081151668,2025-12-30 15:52:31.668,1045.226000,23.100160,23,15,2,-0.029612,0.007126,-0.047759,0.261917,0.017288,0.964920,-25.968590,1.646901,27.296390,-0.659076,0.327526,0.676990,-29.541060,3.422228,30.965960,5.420330,Target28,Target,2.848328,2.860977,10.451460,0.000000,-25.995680,1.654918,27.345490,340.514500,299.642700,357.534200,104.047200,98.172010,0.300000,1000.000000,0.900730,2468,2740,50.000000,off
1767081151679,2025-12-30 15:52:31.679,1045.237000,23.111390,23,15,2,-0.028395,0.007588,-0.047979,0.348190,0.058685,0.935577,-25.966630,1.647516,27.297230,-0.572696,0.358021,0.737446,-28.826590,3.435420,30.979920,4.993817,Target28,Target,3.024933,2.947876,0.162324,0.000000,-25.994210,1.655465,27.345620,340.133100,300.117800,357.364500,104.047200,98.172010,0.300000,1000.000000,0.900730,2468,2740,50.000000,off
1767081151690,2025-12-30 15:52:31.690,1045.248000,23.122250,23,15,2,-0.029361,0.007550,-0.048221,0.329636,0.044785,0.943039,-25.965860,1.647722,27.296160,-0.584075,0.353358,0.730741,-28.908970,3.428266,30.978310,5.038895,Target28,Target,2.947815,2.809448,2.550182,0.000000,-25.992710,1.656009,27.345710,339.767200,300.617400,357.266300,104.047200,98.172010,0.300000,1000.000000,0.900730,2468,2740,50.000000,off
1767081151701,2025-12-30 15:52:31.701,1045.259000,23.133480,23,15,2,-0.029361,0.007550,-0.048221,0.329636,0.044785,0.943039,-25.964760,1.648061,27.296050,-0.575928,0.357904,0.734983,-28.851050,3.441712,30.979440,5.011514,Target28,Target,2.947815,2.809448,2.550182,0.000000,-25.991150,1.656582,27.345800,339.434700,301.126900,357.169400,104.047200,98.172010,0.300000,1000.000000,0.900730,2468,2740,50.000000,off
1767081151712,2025-12-30 15:52:31.712,1045.270000,23.144470,23,15,2,-0.029534,0.006883,-0.047017,0.241760,0.005524,0.970306,-25.964970,1.648245,27.296380,-0.647044,0.339521,0.682666,-29.444850,3.474231,30.967840,5.378054,Target28,Target,2.727005,2.819580,0.158414,0.000000,-25.989620,1.657167,27.345800,339.109000,301.642800,357.046900,104.047200,98.172010,0.300000,1000.000000,0.900730,2468,2740,50.000000,off
1767081151723,2025-12-30 15:52:31.723,1045.281000,23.155580,23,15,2,-0.029063,0.007123,-0.047246,0.310562,0.063370,0.948425,-25.963400,1.648753,27.296470,-0.567947,0.386323,0.726751,-28.841740,3.606630,30.979630,5.067919,Target28,Target,2.986038,2.751282,0.158414,0.000000,-25.988140,1.657737,27.345810,338.789500,302.118600,356.871200,104.047200,98.172010,0.300000,1000.000000,0.900730,2468,2740,50.000000,off
1767081151735,2025-12-30 15:52:31.735,1045.292000,23.166810,23,15,2,-0.000400,0.008345,-0.049159,0.355576,0.220810,0.908173,-25.945520,1.647988,27.319430,-0.452346,0.518772,0.725415,0.000000,0.000000,0.000000,0.000000,0,0,2.921112,2.980865,0.002536,0.000000,-25.986700,1.658240,27.345630,338.490800,302.568000,356.656400,104.047200,98.172010,0.300000,1000.000000,0.900730,2468,2740,50.000000,off
1767081151746,2025-12-30 15:52:31.746,1045.303000,23.177670,23,15,2,-0.000400,0.008345,-0.049159,0.355576,0.220810,0.908173,-25.944410,1.648221,27.318970,-0.445074,0.520688,0.728534,0.000000,0.000000,0.000000,0.000000,0,0,2.921112,2.980865,0.002536,0.000000,-25.985370,1.658690,27.345410,338.235300,302.989800,356.401800,104.047200,98.172010,0.300000,1000.000000,0.900730,2468,2740,50.000000,off
1767081151757,2025-12-30 15:52:31.757,1045.314000,23.188900,23,15,2,0.031581,0.009220,-0.050328,0.323944,0.357086,0.876083,-25.925310,1.646765,27.344790,-0.382507,0.637988,0.668305,0.000000,0.000000,0.000000,0.000000,0,0,3.002411,2.801422,0.637546,0.000000,-25.984160,1.659067,27.345100,338.011000,303.394600,356.107800,104.047200,98.172010,0.300000,1000.000000,0.900730,2468,2740,50.000000,off
1767081151768,2025-12-30 15:52:31.768,1045.325000,23.199890,23,15,2,0.029088,0.009811,-0.051580,0.287354,0.451294,0.844833,-25.924280,1.646988,27.341380,-0.337224,0.716613,0.610514,0.000000,0.000000,0.000000,0.000000,0,0,3.101639,2.933365,0.637531,0.000000,-25.982910,1.659401,27.344860,337.786100,303.811400,355.803400,104.047200,98.172010,0.300000,1000.000000,0.900730,2468,2740,50.000000,off
1767081151779,2025-12-30 15:52:31.779,1045.336000,23.211000,23,15,2,0.029088,0.009811,-0.051580,0.287354,0.451294,0.844833,-25.923060,1.646930,27.340780,-0.329309,0.717278,0.614043,0.000000,0.000000,0.000000,0.000000,0,0,3.101639,2.933365,0.637531,0.000000,-25.981580,1.659694,27.344630,337.567500,304.265700,355.475900,104.047200,98.172010,0.300000,1000.000000,0.900730,2468,2740,50.000000,off
1767081151790,2025-12-30 15:52:31.790,1045.348000,23.222230,23,15,2,-0.000400,0.008345,-0.049159,0.355576,0.220810,0.908173,-25.940160,1.648728,27.316940,-0.416007,0.524944,0.742523,0.000000,0.000000,0.000000,0.000000,0,0,2.921112,2.980865,0.160367,0.000000,-25.980260,1.659954,27.344380,337.350900,304.746200,355.135400,104.047200,98.172010,0.300000,1000.000000,0.900730,2468,2740,50.000000,off
1767081151801,2025-12-30 15:52:31.801,1045.359000,23.233220,23,15,2,0.031581,0.009220,-0.050328,0.323944,0.357086,0.876083,-25.920380,1.646529,27.342330,-0.351248,0.641058,0.682380,0.000000,0.000000,0.000000,0.000000,0,0,3.002411,2.801422,0.633609,0.000000,-25.978900,1.660230,27.344130,337.149700,305.230200,354.835100,104.047200,98.172010,0.300000,1000.000000,0.900730,2468,2740,50.000000,off
1767081151812,2025-12-30 15:52:31.812,1045.370000,23.244320,23,15,2,0.014514,0.009576,-0.051496,0.285690,0.421814,0.860474,-25.927530,1.647806,27.326770,-0.327733,0.699031,0.635537,0.000000,0.000000,0.000000,0.000000,0,0,2.978867,2.814026,0.040090,0.000000,-25.977540,1.660494,27.343860,336.905500,305.761700,354.591400,104.047200,98.172010,0.300000,1000.000000,0.900730,2468,2740,50.000000,off
1767081151823,2025-12-30 15:52:31.823,1045.381000,23.255430,23,15,2,0.014514,0.009576,-0.051496,0.285690,0.421814,0.860474,-25.926360,1.647785,27.326100,-0.319496,0.700551,0.638052,0.000000,0.000000,0.000000,0.000000,0,0,2.978867,2.814026,0.040090,0.000000,-25.976170,1.660723,27.343570,336.677100,306.260700,354.396400,104.047200,98.172010,0.300000,1000.000000,0.900730,2468,2740,50.000000,off
1767081151834,2025-12-30 15:52:31.834,1045.392000,23.266540,23,15,2,-0.013368,0.008909,-0.050837,0.308914,0.400040,0.862854,-25.941590,1.650083,27.302990,-0.309009,0.680644,0.664239,0.000000,0.000000,0.000000,0.000000,0,0,3.039063,2.846237,2.565807,0.000000,-25.974770,1.660986,27.343270,336.519300,306.758000,354.280100,104.047200,98.172010,0.300000,1000.000000,0.900730,2468,2740,50.000000,off
1767081151845,2025-12-30 15:52:31.845,1045.403000,23.277650,23,15,2,0.002277,0.008920,-0.050374,0.273163,0.394348,0.877411,-25.931990,1.649005,27.315510,-0.335006,0.686186,0.645676,0.000000,0.000000,0.000000,0.000000,0,0,2.947006,2.916336,0.040336,0.000000,-25.973410,1.661291,27.343010,336.352000,307.228300,354.229100,104.047200,98.172010,0.300000,1000.000000,0.900730,2468,2740,50.000000,off
1767081151856,2025-12-30 15:52:31.856,1045.414000,23.288760,23,15,2,0.002277,0.008920,-0.050374,0.273163,0.394348,0.877411,-25.930890,1.649156,27.314890,-0.328220,0.687406,0.647861,0.000000,0.000000,0.000000,0.000000,0,0,2.947006,2.916336,0.040336,0.000000,-25.972060,1.661560,27.342700,336.219400,307.706400,354.168800,104.047200,98.172010,0.300000,1000.000000,0.900730,2468,2740,50.000000,off
1767081151868,2025-12-30 15:52:31.868,1045.425000,23.299870,23,15,2,0.000104,0.008665,-0.050077,0.278030,0.375931,0.883942,-25.931400,1.649392,27.312690,-0.330355,0.674174,0.660555,0.000000,0.000000,0.000000,0.000000,0,0,3.045471,2.826889,0.641513,0.000000,-25.970740,1.661817,27.342370,336.091600,308.187600,354.141200,104.047200,98.172010,0.300000,1000.000000,0.900730,2468,2740,50.000000,off
1767081151879,2025-12-30 15:52:31.879,1045.436000,23.310970,23,15,2,-0.029060,0.007935,-0.049837,0.249237,0.334305,0.908905,-25.948030,1.651683,27.288850,-0.374138,0.650614,0.660839,0.000000,0.000000,0.000000,0.000000,0,0,3.047058,2.718231,0.161347,0.000000,-25.969490,1.662051,27.341980,335.951000,308.656700,354.088200,104.047200,98.172010,0.300000,1000.000000,0.900730,2468,2740,50.000000,off
1767081151890,2025-12-30 15:52:31.890,1045.448000,23.322080,23,15,2,-0.028959,0.007523,-0.048499,0.247253,0.340958,0.906967,-25.948360,1.651998,27.289240,-0.364181,0.657590,0.659488,0.000000,0.000000,0.000000,0.000000,0,0,2.971985,2.802139,0.161347,0.000000,-25.968340,1.662296,27.341610,335.784400,309.136700,353.976800,104.047200,98.172010,0.300000,1000.000000,0.900730,2468,2740,50.000000,off
1767081151901,2025-12-30 15:52:31.901,1045.458000,23.333070,23,15,2,-0.028959,0.007523,-0.048499,0.247253,0.340958,0.906967,-25.947610,1.652036,27.288700,-0.357404,0.659129,0.661655,0.000000,0.000000,0.000000,0.000000,0,0,2.971985,2.802139,0.161347,0.000000,-25.967170,1.662431,27.341210,335.628600,309.591200,353.896800,104.047200,98.172010,0.300000,1000.000000,0.900730,2468,2740,50.000000,off
1767081151912,2025-12-30 15:52:31.912,1045.470000,23.344300,23,15,2,0.000104,0.008665,-0.050077,0.278030,0.375931,0.883942,-25.927780,1.649549,27.310000,-0.302349,0.679522,0.668441,0.000000,0.000000,0.000000,0.000000,0,0,3.045471,2.826889,0.158421,0.000000,-25.966070,1.662521,27.340800,335.460400,310.034500,353.748800,104.047200,98.172010,0.300000,1000.000000,0.900730,2468,2740,50.000000,off
1767081151923,2025-12-30 15:52:31.923,1045.481000,23.355410,23,15,2,-0.029060,0.007935,-0.049837,0.249237,0.334305,0.908905,-25.945210,1.651965,27.286570,-0.346829,0.655642,0.670695,0.000000,0.000000,0.000000,0.000000,0,0,3.047058,2.718231,0.010023,0.000000,-25.965020,1.662629,27.340280,335.355600,310.477400,353.585000,104.047200,98.172010,0.300000,1000.000000,0.900730,2468,2740,50.000000,off
1767081151934,2025-12-30 15:52:31.934,1045.492000,23.366520,23,15,2,-0.029060,0.007935,-0.049837,0.249237,0.334305,0.908905,-25.944530,1.652014,27.285950,-0.340322,0.656745,0.672945,0.000000,0.000000,0.000000,0.000000,0,0,3.047058,2.718231,0.010023,0.000000,-25.963990,1.662736,27.339780,335.200800,310.890000,353.412000,104.047200,98.172010,0.300000,1000.000000,0.900730,2468,2740,50.000000,off
1767081151945,2025-12-30 15:52:31.945,1045.503000,23.377620,23,15,2,-0.028855,0.007607,-0.048826,0.239517,0.334869,0.911301,-25.944560,1.652263,27.286120,-0.342085,0.660122,0.668724,0.000000,0.000000,0.000000,0.000000,0,0,3.020813,2.803711,2.581555,0.000000,-25.963030,1.662913,27.339230,335.067700,311.244100,353.235700,104.047200,98.172010,0.300000,1000.000000,0.900730,2468,2740,50.000000,off
1767081151957,2025-12-30 15:52:31.957,1045.514000,23.388980,23,15,2,-0.027813,0.007437,-0.048503,0.225037,0.339233,0.913376,-25.943630,1.652196,27.286440,-0.345344,0.667888,0.659272,0.000000,0.000000,0.000000,0.000000,0,0,2.971817,2.799103,2.581555,0.000000,-25.962160,1.663059,27.338600,334.913600,311.575000,353.125700,104.047200,98.172010,0.300000,1000.000000,0.900730,2468,2740,50.000000,off
1767081151968,2025-12-30 15:52:31.968,1045.525000,23.399840,23,15,2,-0.023242,0.007238,-0.047992,0.221390,0.336105,0.915421,-25.940690,1.651746,27.289600,-0.346152,0.667955,0.658779,0.000000,0.000000,0.000000,0.000000,0,0,2.876266,2.768723,0.161343,0.000000,-25.961430,1.663173,27.337920,334.763400,311.806500,353.074100,104.047200,98.172010,0.300000,1000.000000,0.900730,2468,2740,50.000000,off
1767081151979,2025-12-30 15:52:31.979,1045.536000,23.410950,23,15,2,-0.023242,0.007238,-0.047992,0.221390,0.336105,0.915421,-25.940240,1.651551,27.288940,-0.342952,0.669939,0.658438,0.000000,0.000000,0.000000,0.000000,0,0,2.876266,2.768723,0.161343,0.000000,-25.960800,1.663115,27.337310,334.607100,311.970500,353.094600,104.047200,98.172010,0.300000,1000.000000,0.900730,2468,2740,50.000000,off
1767081151990,2025-12-30 15:52:31.990,1045.547000,23.422060,23,15,2,-0.024001,0.006473,-0.046623,0.190002,0.345764,0.918869,-25.941510,1.651339,27.288610,-0.359940,0.685157,0.633228,0.000000,0.000000,0.000000,0.000000,0,0,2.916382,2.830170,0.000626,0.000000,-25.960300,1.663047,27.336590,334.506600,312.019800,353.220000,104.047200,98.172010,0.300000,1000.000000,0.900730,2468,2740,50.000000,off
1767081152001,2025-12-30 15:52:32.001,1045.559000,23.433170,23,15,2,-0.027813,0.007437,-0.048503,0.225037,0.339233,0.913376,-25.941840,1.651508,27.283690,-0.337804,0.674597,0.656341,0.000000,0.000000,0.000000,0.000000,0,0,2.971817,2.799103,0.010022,0.000000,-25.959870,1.662882,27.335910,334.469500,311.954100,353.448000,104.047200,98.172010,0.300000,1000.000000,0.900730,2468,2740,50.000000,off
1767081152012,2025-12-30 15:52:32.012,1045.570000,23.444150,23,15,2,-0.027813,0.007437,-0.048503,0.225037,0.339233,0.913376,-25.941390,1.651232,27.283020,-0.338521,0.675690,0.654846,0.000000,0.000000,0.000000,0.000000,0,0,2.971817,2.799103,0.010022,0.000000,-25.959400,1.662709,27.335230,334.447300,311.912400,353.648200,104.047200,98.172010,0.300000,1000.000000,0.900730,2468,2740,50.000000,off
1767081152023,2025-12-30 15:52:32.023,1045.581000,23.455260,23,15,2,-0.023242,0.007238,-0.047992,0.221390,0.336105,0.915421,-25.938590,1.650477,27.286340,-0.345061,0.675587,0.651530,0.000000,0.000000,0.000000,0.000000,0,0,2.876266,2.768723,0.002490,0.000000,-25.959060,1.662490,27.334630,334.424100,311.805600,353.939500,104.047200,98.172010,0.300000,1000.000000,0.900730,2468,2740,50.000000,off
1767081152035,2025-12-30 15:52:32.035,1045.592000,23.466490,23,15,2,-0.026581,0.006425,-0.046571,0.185547,0.335388,0.923615,-25.941610,1.650418,27.284220,-0.373934,0.683380,0.627010,0.000000,0.000000,0.000000,0.000000,0,0,2.887543,2.843689,0.000626,0.000000,-25.958690,1.662365,27.334040,334.361900,311.752300,354.150700,104.047200,98.172010,0.300000,1000.000000,0.900730,2468,2740,50.000000,off
1767081152045,2025-12-30 15:52:32.045,1045.603000,23.477600,23,15,2,-0.027506,0.005894,-0.045325,0.159927,0.317291,0.934738,-25.942950,1.650312,27.283860,-0.404884,0.675564,0.616172,0.000000,0.000000,0.000000,0.000000,0,0,2.759674,2.864090,0.002475,0.000000,-25.958400,1.662222,27.333510,334.297000,311.704200,354.297200,104.047200,98.172010,0.300000,1000.000000,0.900730,2468,2740,50.000000,off
1767081152056,2025-12-30 15:52:32.056,1045.614000,23.488590,23,15,2,-0.027506,0.005894,-0.045325,0.159927,0.317291,0.934738,-25.942780,1.649938,27.283210,-0.404219,0.676572,0.615503,0.000000,0.000000,0.000000,0.000000,0,0,2.759674,2.864090,0.002475,0.000000,-25.958180,1.661930,27.332850,334.235000,311.732900,354.376200,104.047200,98.172010,0.300000,1000.000000,0.900730,2468,2740,50.000000,off
1767081152068,2025-12-30 15:52:32.068,1045.625000,23.499940,23,15,2,-0.027331,0.005458,-0.044411,0.103638,0.256973,0.960831,-25.943280,1.649706,27.283570,-0.480023,0.639427,0.600569,0.000000,0.000000,0.000000,0.000000,0,0,2.903809,2.892258,0.160374,0.000000,-25.957960,1.661755,27.332440,334.196200,311.772400,354.422100,104.047200,98.172010,0.300000,1000.000000,0.900730,2468,2740,50.000000,off
1767081152079,2025-12-30 15:52:32.079,1045.636000,23.510930,23,15,2,-0.027433,0.005347,-0.044450,0.103867,0.251907,0.962143,-25.943160,1.649349,27.283090,-0.482823,0.635329,0.602664,0.000000,0.000000,0.000000,0.000000,0,0,2.869537,2.870132,0.040092,0.000000,-25.957740,1.661515,27.332050,334.211900,311.785100,354.471600,104.047200,98.172010,0.300000,1000.000000,0.900730,2468,2740,50.000000,off
1767081152090,2025-12-30 15:52:32.090,1045.647000,23.522030,23,15,2,-0.027433,0.005347,-0.044450,0.103867,0.251907,0.962143,-25.942940,1.649123,27.282680,-0.483297,0.635212,0.602407,0.000000,0.000000,0.000000,0.000000,0,0,2.869537,2.870132,0.040092,0.000000,-25.957520,1.661301,27.331630,334.230400,311.767200,354.535800,104.047200,98.172010,0.300000,1000.000000,0.900730,2468,2740,50.000000,off
1767081152101,2025-12-30 15:52:32.101,1045.659000,23.533140,23,15,2,-0.027448,0.005307,-0.044423,0.105042,0.262650,0.959152,-25.942890,1.648963,27.282350,-0.476325,0.642880,0.599843,0.000000,0.000000,0.000000,0.000000,0,0,2.874725,2.912857,0.160355,0.000000,-25.957390,1.661139,27.331300,334.276200,311.815200,354.557000,104.047200,98.172010,0.300000,1000.000000,0.900730,2468,2740,50.000000,off
1767081152112,2025-12-30 15:52:32.112,1045.670000,23.544130,23,15,2,0.010560,0.005881,-0.046216,0.059433,0.238861,0.969223,-25.917270,1.645212,27.310100,-0.521847,0.629296,0.575884,0.000000,0.000000,0.000000,0.000000,0,0,2.890686,2.784485,0.010145,0.000000,-25.957270,1.660857,27.331010,334.319700,311.790200,354.608900,104.047200,98.172010,0.300000,1000.000000,0.900730,2468,2740,50.000000,off
1767081152123,2025-12-30 15:52:32.123,1045.681000,23.555240,23,15,2,-0.027433,0.005347,-0.044450,0.103867,0.251907,0.962143,-25.942530,1.648618,27.281740,-0.484538,0.633586,0.603123,0.000000,0.000000,0.000000,0.000000,0,0,2.869537,2.870132,2.566113,0.000000,-25.957100,1.660734,27.330710,334.367800,311.777100,354.636700,104.047200,98.172010,0.300000,1000.000000,0.900730,2468,2740,50.000000,off
1767081152134,2025-12-30 15:52:32.134,1045.692000,23.566470,23,15,2,-0.027433,0.005347,-0.044450,0.103867,0.251907,0.962143,-25.942520,1.648555,27.281440,-0.484851,0.633152,0.603327,0.000000,0.000000,0.000000,0.000000,0,0,2.869537,2.870132,2.566113,0.000000,-25.957100,1.660645,27.330410,334.399700,311.771500,354.632300,104.047200,98.172010,0.300000,1000.000000,0.900730,2468,2740,50.000000,off
1767081152145,2025-12-30 15:52:32.145,1045.703000,23.577450,23,15,2,-0.027448,0.005307,-0.044423,0.105042,0.262650,0.959152,-25.942470,1.648447,27.281220,-0.478500,0.641137,0.599976,0.000000,0.000000,0.000000,0.000000,0,0,2.874725,2.912857,0.010084,0.000000,-25.957040,1.660546,27.330180,334.420500,311.739000,354.635500,104.047200,98.172010,0.300000,1000.000000,0.900730,2468,2740,50.000000,off
1767081152156,2025-12-30 15:52:32.156,1045.714000,23.588560,23,15,2,-0.003913,0.005712,-0.045509,0.079605,0.234467,0.968857,-25.926570,1.646224,27.298360,-0.513123,0.621540,0.591936,0.000000,0.000000,0.000000,0.000000,0,0,2.840942,2.742188,10.138480,0.000000,-25.956950,1.660377,27.329900,334.469600,311.666500,354.662400,104.047200,98.172010,0.300000,1000.000000,0.900730,2468,2740,50.000000,off
1767081152167,2025-12-30 15:52:32.167,1045.725000,23.599670,23,15,2,-0.003913,0.005712,-0.045509,0.079605,0.234467,0.968857,-25.926570,1.646096,27.298100,-0.514506,0.620811,0.591501,0.000000,0.000000,0.000000,0.000000,0,0,2.840942,2.742188,10.138480,0.000000,-25.957020,1.660207,27.329610,334.526100,311.581400,354.685200,104.047200,98.172010,0.300000,1000.000000,0.900730,2468,2740,50.000000,off
1767081152179,2025-12-30 15:52:32.179,1045.736000,23.610900,23,15,2,-0.023195,0.005808,-0.045746,0.099411,0.216995,0.971085,-25.938520,1.647597,27.282790,-0.511609,0.603772,0.611302,0.000000,0.000000,0.000000,0.000000,0,0,2.704453,2.637894,2.581432,0.000000,-25.957070,1.660084,27.329310,334.577500,311.491900,354.723100,104.047200,98.172010,0.300000,1000.000000,0.900730,2468,2740,50.000000,off
1767081152190,2025-12-30 15:52:32.190,1045.747000,23.621890,23,15,2,-0.026838,0.005551,-0.044579,0.099136,0.222549,0.969864,-25.941730,1.648072,27.280420,-0.510131,0.607848,0.608506,0.000000,0.000000,0.000000,0.000000,0,0,2.746872,2.768326,2.581432,0.000000,-25.957160,1.659980,27.328980,334.614600,311.406400,354.771800,104.047200,98.172010,0.300000,1000.000000,0.900730,2468,2740,50.000000,off
1767081152201,2025-12-30 15:52:32.201,1045.758000,23.633000,23,15,2,0.019064,0.006836,-0.047909,0.027618,0.207108,0.977921,-25.910150,1.644032,27.313420,-0.567662,0.602705,0.560795,0.000000,0.000000,0.000000,0.000000,0,0,2.772812,2.740784,165.219500,0.000000,-25.957240,1.659943,27.328730,334.659100,311.328800,354.808200,104.047200,98.172010,0.300000,1000.000000,0.900730,2468,2740,50.000000,off
1767081152213,2025-12-30 15:52:32.213,1045.770000,23.644100,23,15,2,0.019064,0.006836,-0.047909,0.027618,0.207108,0.977921,-25.910260,1.644000,27.313160,-0.569157,0.601762,0.560292,0.000000,0.000000,0.000000,0.000000,0,0,2.772812,2.740784,165.219500,0.000000,-25.957390,1.659848,27.328410,334.728200,311.237200,354.833400,104.047200,98.172010,0.300000,1000.000000,0.900730,2468,2740,50.000000,off
1767081152224,2025-12-30 15:52:32.224,1045.781000,23.655330,23,15,2,-0.023195,0.005808,-0.045746,0.099411,0.216995,0.971085,-25.938660,1.647405,27.281640,-0.517683,0.600680,0.609231,0.000000,0.000000,0.000000,0.000000,0,0,2.704453,2.637894,2.597240,0.000000,-25.957520,1.659750,27.328080,334.819500,311.122000,354.852500,104.047200,98.172010,0.300000,1000.000000,0.900730,2468,2740,50.000000,off
1767081152234,2025-12-30 15:52:32.234,1045.792000,23.666440,23,15,2,-0.026838,0.005551,-0.044579,0.099136,0.222549,0.969864,-25.941970,1.647870,27.279180,-0.516897,0.604087,0.606538,0.000000,0.000000,0.000000,0.000000,0,0,2.746872,2.768326,0.161347,0.000000,-25.957770,1.659596,27.327670,334.900700,310.997900,354.860400,104.047200,98.172010,0.300000,1000.000000,0.900730,2468,2740,50.000000,off
1767081152246,2025-12-30 15:52:32.246,1045.803000,23.677550,23,15,2,-0.026838,0.005551,-0.044579,0.099136,0.222549,0.969864,-25.942040,1.647803,27.278880,-0.518971,0.603367,0.605484,0.000000,0.000000,0.000000,0.000000,0,0,2.746872,2.768326,0.161347,0.000000,-25.957950,1.659508,27.327340,334.961100,310.857100,354.919100,104.047200,98.172010,0.300000,1000.000000,0.900730,2468,2740,50.000000,off
1767081152257,2025-12-30 15:52:32.257,1045.814000,23.688660,23,15,2,0.018336,0.006851,-0.047825,0.034821,0.216293,0.975693,-25.911380,1.643971,27.311630,-0.567674,0.604729,0.558588,0.000000,0.000000,0.000000,0.000000,0,0,2.810211,2.683884,2595.449000,0.000000,-25.958220,1.659423,27.327040,335.013300,310.694500,355.042600,104.047200,98.172010,0.300000,1000.000000,0.900730,2468,2740,50.000000,off
1767081152268,2025-12-30 15:52:32.268,1045.825000,23.700010,23,15,2,-0.020808,0.006393,-0.046485,0.087036,0.218658,0.971909,-25.936950,1.647198,27.281760,-0.534230,0.600649,0.594821,0.000000,0.000000,0.000000,0.000000,0,0,2.859772,2.721695,10.325970,0.000000,-25.958460,1.659440,27.326730,335.072700,310.528400,355.219100,104.047200,98.172010,0.300000,1000.000000,0.900730,2468,2740,50.000000,off
1767081152278,2025-12-30 15:52:32.279,1045.836000,23.710750,23,15,2,-0.027570,0.006330,-0.046331,0.093231,0.197083,0.975937,-25.941320,1.647690,27.276290,-0.543842,0.581563,0.604985,0.000000,0.000000,0.000000,0.000000,0,0,2.821381,2.767517,0.010084,0.000000,-25.958630,1.659417,27.326390,335.149700,310.358500,355.372400,104.047200,98.172010,0.300000,1000.000000,0.900730,2468,2740,50.000000,off
1767081152290,2025-12-30 15:52:32.290,1045.847000,23.721860,23,15,2,-0.027570,0.006330,-0.046331,0.093231,0.197083,0.975937,-25.941480,1.647669,27.275960,-0.546563,0.580572,0.603483,0.000000,0.000000,0.000000,0.000000,0,0,2.821381,2.767517,0.010084,0.000000,-25.958920,1.659383,27.326010,335.236000,310.182700,355.502500,104.047200,98.172010,0.300000,1000.000000,0.900730,2468,2740,50.000000,off
1767081152301,2025-12-30 15:52:32.301,1045.858000,23.732970,23,15,2,-0.027497,0.006421,-0.046596,0.086670,0.186066,0.978699,-25.941240,1.647634,27.275510,-0.559473,0.571312,0.600480,0.000000,0.000000,0.000000,0.000000,0,0,2.822144,2.787476,648.878000,0.000000,-25.959120,1.659354,27.325620,335.307800,309.971400,355.571500,104.047200,98.172010,0.300000,1000.000000,0.900730,2468,2740,50.000000,off
1767081152312,2025-12-30 15:52:32.312,1045.870000,23.744080,23,15,2,0.001201,0.006979,-0.047436,0.048874,0.186752,0.981186,-25.922890,1.645743,27.297120,-0.586664,0.575038,0.570216,0.000000,0.000000,0.000000,0.000000,0,0,2.942749,2.819397,10.263720,0.000000,-25.959340,1.659286,27.325190,335.350800,309.764300,355.597000,104.047200,98.172010,0.300000,1000.000000,0.900730,2468,2740,50.000000,off
1767081152323,2025-12-30 15:52:32.323,1045.881000,23.755190,23,15,2,-0.027570,0.006330,-0.046331,0.093231,0.197083,0.975937,-25.941600,1.647652,27.274870,-0.554141,0.578684,0.598364,0.000000,0.000000,0.000000,0.000000,0,0,2.821381,2.767517,2.565991,0.000000,-25.959560,1.659285,27.324750,335.379700,309.578100,355.582500,104.047200,98.172010,0.300000,1000.000000,0.900730,2468,2740,50.000000,off
1767081152335,2025-12-30 15:52:32.335,1045.892000,23.766300,23,15,2,-0.027570,0.006330,-0.046331,0.093231,0.197083,0.975937,-25.941720,1.647728,27.274420,-0.556300,0.578537,0.596500,0.000000,0.000000,0.000000,0.000000,0,0,2.821381,2.767517,2.565991,0.000000,-25.959870,1.659352,27.324240,335.389500,309.377700,355.578100,104.047200,98.172010,0.300000,1000.000000,0.900730,2468,2740,50.000000,off
1767081152345,2025-12-30 15:52:32.345,1045.903000,23.777400,23,15,2,-0.027497,0.006421,-0.046596,0.086670,0.186066,0.978699,-25.941490,1.647772,27.273900,-0.568128,0.570036,0.593526,0.000000,0.000000,0.000000,0.000000,0,0,2.822144,2.787476,0.040583,0.000000,-25.960050,1.659418,27.323780,335.396800,309.205400,355.564600,104.047200,98.172010,0.300000,1000.000000,0.900730,2468,2740,50.000000,off
1767081152357,2025-12-30 15:52:32.357,1045.914000,23.788510,23,15,2,0.005224,0.007175,-0.047909,0.042877,0.176422,0.983368,-25.920560,1.645656,27.298590,-0.603403,0.566281,0.561433,0.000000,0.000000,0.000000,0.000000,0,0,2.830002,2.593826,10.325970,0.000000,-25.960220,1.659465,27.323300,335.398700,309.011100,355.554900,104.047200,98.172010,0.300000,1000.000000,0.900730,2468,2740,50.000000,off
1767081152368,2025-12-30 15:52:32.368,1045.925000,23.799620,23,15,2,0.005224,0.007175,-0.047909,0.042877,0.176422,0.983368,-25.920610,1.645728,27.298220,-0.605132,0.566385,0.559464,0.000000,0.000000,0.000000,0.000000,0,0,2.830002,2.593826,10.325970,0.000000,-25.960340,1.659540,27.322810,335.392500,308.832200,355.571700,104.047200,98.172010,0.300000,1000.000000,0.900730,2468,2740,50.000000,off
1767081152379,2025-12-30 15:52:32.379,1045.936000,23.810730,23,15,2,0.000160,0.007065,-0.047500,0.057114,0.186386,0.980804,-25.924010,1.646150,27.294050,-0.592820,0.573732,0.565132,0.000000,0.000000,0.000000,0.000000,0,0,2.795898,2.714005,0.645419,0.000000,-25.960460,1.659555,27.322290,335.368700,308.642000,355.609000,104.047200,98.172010,0.300000,1000.000000,0.900730,2468,2740,50.000000,off
1767081152390,2025-12-30 15:52:32.390,1045.947000,23.821840,23,15,2,-0.018571,0.006864,-0.047215,0.079300,0.199280,0.976715,-25.935460,1.647438,27.278880,-0.573355,0.582952,0.575678,0.000000,0.000000,0.000000,0.000000,0,0,2.868073,2.838608,0.645419,0.000000,-25.960560,1.659655,27.321800,335.317100,308.458100,355.646700,104.047200,98.172010,0.300000,1000.000000,0.900730,2468,2740,50.000000,off
1767081152401,2025-12-30 15:52:32.401,1045.958000,23.832950,23,15,2,-0.025358,0.006792,-0.047101,0.092453,0.199493,0.975510,-25.939500,1.647867,27.273120,-0.565850,0.583062,0.582939,0.000000,0.000000,0.000000,0.000000,0,0,2.900650,2.795166,2.565747,0.000000,-25.960580,1.659727,27.321310,335.229800,308.274400,355.704800,104.047200,98.172010,0.300000,1000.000000,0.900730,2468,2740,50.000000,off
1767081152412,2025-12-30 15:52:32.412,1045.969000,23.844060,23,15,2,-0.025358,0.006792,-0.047101,0.092453,0.199493,0.975510,-25.939470,1.647867,27.272700,-0.566746,0.584171,0.580954,0.000000,0.000000,0.000000,0.000000,0,0,2.900650,2.795166,2.565747,0.000000,-25.960660,1.659791,27.320820,335.150800,308.124000,355.705000,104.047200,98.172010,0.300000,1000.000000,0.900730,2468,2740,50.000000,off
1767081152423,2025-12-30 15:52:32.423,1045.981000,23.855290,23,15,2,-0.026120,0.006993,-0.047695,0.107376,0.182571,0.977310,-25.939280,1.647840,27.271230,-0.566063,0.569790,0.595743,0.000000,0.000000,0.000000,0.000000,0,0,2.894913,2.757721,0.010206,0.000000,-25.960610,1.659843,27.320290,335.064600,308.010200,355.686300,104.047200,98.172010,0.300000,1000.000000,0.900730,2468,2740,50.000000,off
1767081152434,2025-12-30 15:52:32.434,1045.992000,23.866270,23,15,2,0.009649,0.007565,-0.048671,0.087738,0.206406,0.974518,-25.917280,1.645471,27.298980,-0.567129,0.592751,0.571837,0.000000,0.000000,0.000000,0.000000,0,0,2.795258,2.782166,10.325970,0.000000,-25.960620,1.659880,27.319790,334.975700,307.889200,355.690800,104.047200,98.172010,0.300000,1000.000000,0.900730,2468,2740,50.000000,off
1767081152445,2025-12-30 15:52:32.445,1046.003000,23.877260,23,15,2,0.009649,0.007565,-0.048671,0.087738,0.206406,0.974518,-25.917200,1.645573,27.298600,-0.568010,0.593825,0.569844,0.000000,0.000000,0.000000,0.000000,0,0,2.795258,2.782166,10.325970,0.000000,-25.960580,1.660036,27.319310,334.902900,307.746600,355.727600,104.047200,98.172010,0.300000,1000.000000,0.900730,2468,2740,50.000000,off
1767081152456,2025-12-30 15:52:32.456,1046.014000,23.888490,23,15,2,-0.025358,0.006792,-0.047101,0.092453,0.199493,0.975510,-25.938980,1.647976,27.270890,-0.569294,0.589028,0.573511,0.000000,0.000000,0.000000,0.000000,0,0,2.900650,2.795166,163.223400,0.000000,-25.960530,1.660198,27.318780,334.811500,307.607400,355.765100,104.047200,98.172010,0.300000,1000.000000,0.900730,2468,2740,50.000000,off
1767081152467,2025-12-30 15:52:32.467,1046.025000,23.899600,23,15,2,-0.026120,0.006993,-0.047695,0.107376,0.182571,0.977310,-25.938830,1.648016,27.269470,-0.569212,0.574928,0.587752,0.000000,0.000000,0.000000,0.000000,0,0,2.894913,2.757721,0.649219,0.000000,-25.960540,1.660357,27.318280,334.719600,307.456200,355.819600,104.047200,98.172010,0.300000,1000.000000,0.900730,2468,2740,50.000000,off
1767081152478,2025-12-30 15:52:32.478,1046.036000,23.910710,23,15,2,0.011005,0.007902,-0.049443,0.113144,0.198868,0.973465,-25.915560,1.645790,27.298120,-0.557888,0.588850,0.584808,0.000000,0.000000,0.000000,0.000000,0,0,2.931473,2.804886,10.388230,0.000000,-25.960510,1.660557,27.317850,334.640300,307.301500,355.890600,104.047200,98.172010,0.300000,1000.000000,0.900730,2468,2740,50.000000,off
1767081152489,2025-12-30 15:52:32.489,1046.047000,23.921690,23,15,2,0.011005,0.007902,-0.049443,0.113144,0.198868,0.973465,-25.915500,1.645947,27.297810,-0.558767,0.590151,0.582654,0.000000,0.000000,0.000000,0.000000,0,0,2.931473,2.804886,10.388230,0.000000,-25.960480,1.660766,27.317430,334.559100,307.160400,355.975500,104.047200,98.172010,0.300000,1000.000000,0.900730,2468,2740,50.000000,off
1767081152501,2025-12-30 15:52:32.501,1046.058000,23.932920,23,15,2,-0.016282,0.008935,-0.053347,0.214417,0.203552,0.955277,-25.927960,1.647045,27.273000,-0.486461,0.581156,0.652361,0.000000,0.000000,0.000000,0.000000,0,0,2.805542,2.688599,2.597180,0.000000,-25.960440,1.660949,27.317070,334.502000,307.020800,356.041800,104.047200,98.172010,0.300000,1000.000000,0.900730,2468,2740,50.000000,off
1767081152512,2025-12-30 15:52:32.512,1046.069000,23.943910,23,15,2,-0.026724,0.009602,-0.055753,0.216309,0.179153,0.959732,-25.931900,1.647305,27.262790,-0.498870,0.561852,0.659865,0.000000,0.000000,0.000000,0.000000,0,0,2.868332,2.638428,0.653262,0.000000,-25.960440,1.661061,27.316740,334.451600,306.909000,356.087900,104.047200,98.172010,0.300000,1000.000000,0.900730,2468,2740,50.000000,off
1767081152523,2025-12-30 15:52:32.523,1046.081000,23.955140,23,15,2,-0.026724,0.009602,-0.055753,0.216309,0.179153,0.959732,-25.931810,1.647323,27.262550,-0.499616,0.562710,0.658569,0.000000,0.000000,0.000000,0.000000,0,0,2.868332,2.638428,0.653262,0.000000,-25.960420,1.661143,27.316450,334.396100,306.807100,356.112800,104.047200,98.172010,0.300000,1000.000000,0.900730,2468,2740,50.000000,off
1767081152534,2025-12-30 15:52:32.534,1046.092000,23.966250,23,15,2,-0.027736,0.008922,-0.053252,0.233368,0.198227,0.951965,-25.934400,1.647829,27.262950,-0.477632,0.576114,0.663289,0.000000,0.000000,0.000000,0.000000,0,0,2.897385,2.680511,41.054880,0.000000,-25.960440,1.661165,27.316140,334.353600,306.710800,356.129100,104.047200,98.172010,0.300000,1000.000000,0.900730,2468,2740,50.000000,off
1767081152545,2025-12-30 15:52:32.545,1046.103000,23.977360,23,15,2,0.009755,0.008790,-0.051652,0.221954,0.208115,0.952576,-25.914040,1.646142,27.294300,-0.481905,0.585997,0.651422,0.000000,0.000000,0.000000,0.000000,0,0,2.950089,2.740295,41.058790,0.000000,-25.960390,1.661187,27.315880,334.352400,306.612200,356.133100,104.047200,98.172010,0.300000,1000.000000,0.900730,2468,2740,50.000000,off
1767081152556,2025-12-30 15:52:32.556,1046.114000,23.988460,23,15,2,-0.026724,0.009602,-0.055753,0.216309,0.179153,0.959732,-25.931510,1.647323,27.261860,-0.502527,0.563359,0.655792,0.000000,0.000000,0.000000,0.000000,0,0,2.868332,2.638428,2.597241,0.000000,-25.960380,1.661191,27.315610,334.354700,306.525400,356.133700,104.047200,98.172010,0.300000,1000.000000,0.900730,2468,2740,50.000000,off
1767081152567,2025-12-30 15:52:32.567,1046.125000,23.999570,23,15,2,-0.026724,0.009602,-0.055753,0.216309,0.179153,0.959732,-25.931470,1.647238,27.261750,-0.503463,0.563642,0.654831,0.000000,0.000000,0.000000,0.000000,0,0,2.868332,2.638428,2.597241,0.000000,-25.960410,1.661128,27.315450,334.337300,306.431900,356.145300,104.047200,98.172010,0.300000,1000.000000,0.900730,2468,2740,50.000000,off
1767081152578,2025-12-30 15:52:32.578,1046.136000,24.010560,23,15,2,-0.027736,0.008922,-0.053252,0.233368,0.198227,0.951965,-25.934060,1.647784,27.262270,-0.481479,0.576770,0.659930,0.000000,0.000000,0.000000,0.000000,0,0,2.897385,2.680511,40.805860,0.000000,-25.960410,1.661171,27.315280,334.316100,306.352700,356.166900,104.047200,98.172010,0.300000,1000.000000,0.900730,2468,2740,50.000000,off
1767081152589,2025-12-30 15:52:32.589,1046.147000,24.021790,23,15,2,0.010033,0.008690,-0.051345,0.223084,0.211380,0.951599,-25.914100,1.646141,27.294340,-0.482643,0.589406,0.647801,0.000000,0.000000,0.000000,0.000000,0,0,2.959671,2.761475,0.649371,0.000000,-25.960460,1.661201,27.315230,334.295000,306.277200,356.183700,104.047200,98.172010,0.300000,1000.000000,0.900730,2468,2740,50.000000,off
1767081152601,2025-12-30 15:52:32.601,1046.158000,24.032900,23,15,2,0.010033,0.008690,-0.051345,0.223084,0.211380,0.951599,-25.914100,1.646187,27.294250,-0.483107,0.589757,0.647135,0.000000,0.000000,0.000000,0.000000,0,0,2.959671,2.761475,0.649371,0.000000,-25.960470,1.661255,27.315110,334.278500,306.225800,356.218200,104.047200,98.172010,0.300000,1000.000000,0.900730,2468,2740,50.000000,off
1767081152612,2025-12-30 15:52:32.612,1046.169000,24.044010,23,15,2,0.008737,0.008739,-0.051696,0.232758,0.213089,0.948883,-25.914580,1.646163,27.292930,-0.475420,0.589808,0.652737,0.000000,0.000000,0.000000,0.000000,0,0,2.825470,2.806076,0.649371,0.000000,-25.960510,1.661258,27.315020,334.274400,306.187500,356.273500,104.047200,98.172010,0.300000,1000.000000,0.900730,2468,2740,50.000000,off
1767081152623,2025-12-30 15:52:32.623,1046.181000,24.055110,23,15,2,0.018839,0.008715,-0.051432,0.232773,0.226318,0.945816,-25.909050,1.645682,27.301360,-0.468372,0.600450,0.648119,0.000000,0.000000,0.000000,0.000000,0,0,2.937286,2.677933,41.306820,0.000000,-25.960500,1.661257,27.314990,334.280400,306.165900,356.315100,104.047200,98.172010,0.300000,1000.000000,0.900730,2468,2740,50.000000,off
1767081152634,2025-12-30 15:52:32.634,1046.192000,24.066100,23,15,2,0.005312,0.008436,-0.050798,0.256638,0.221878,0.940689,-25.917320,1.646443,27.290670,-0.453081,0.592720,0.665875,0.000000,0.000000,0.000000,0.000000,0,0,3.016220,2.733307,42.055860,0.000000,-25.960550,1.661193,27.315030,334.298300,306.159500,356.339900,104.047200,98.172010,0.300000,1000.000000,0.900730,2468,2740,50.000000,off
1767081152645,2025-12-30 15:52:32.645,1046.203000,24.077330,23,15,2,0.005312,0.008436,-0.050798,0.256638,0.221878,0.940689,-25.917320,1.646332,27.290710,-0.452536,0.592603,0.666350,0.000000,0.000000,0.000000,0.000000,0,0,3.016220,2.733307,42.055860,0.000000,-25.960530,1.661085,27.315100,334.298300,306.205300,356.312300,104.047200,98.172010,0.300000,1000.000000,0.900730,2468,2740,50.000000,off
1767081152656,2025-12-30 15:52:32.656,1046.214000,24.088320,23,15,2,0.008737,0.008739,-0.051696,0.232758,0.213089,0.948883,-25.914590,1.645957,27.292960,-0.475008,0.589388,0.653415,0.000000,0.000000,0.000000,0.000000,0,0,2.825470,2.806076,2.612866,0.000000,-25.960500,1.661013,27.315120,334.313800,306.253600,356.301500,104.047200,98.172010,0.300000,1000.000000,0.900730,2468,2740,50.000000,off
1767081152668,2025-12-30 15:52:32.668,1046.225000,24.099550,23,15,2,0.018839,0.008715,-0.051432,0.232773,0.226318,0.945816,-25.909030,1.645337,27.301480,-0.466928,0.599516,0.650024,0.000000,0.000000,0.000000,0.000000,0,0,2.937286,2.677933,0.649326,0.000000,-25.960460,1.660880,27.315250,334.335900,306.331700,356.264300,104.047200,98.172010,0.300000,1000.000000,0.900730,2468,2740,50.000000,off
1767081152679,2025-12-30 15:52:32.679,1046.236000,24.110780,23,15,2,0.005870,0.008978,-0.052648,0.235703,0.198349,0.951355,-25.915370,1.645726,27.290210,-0.479030,0.576246,0.662152,0.000000,0.000000,0.000000,0.000000,0,0,2.839203,2.778427,0.645419,0.000000,-25.960370,1.660787,27.315410,334.351000,306.434000,356.229600,104.047200,98.172010,0.300000,1000.000000,0.900730,2468,2740,50.000000,off
1767081152690,2025-12-30 15:52:32.690,1046.247000,24.121770,23,15,2,0.005870,0.008978,-0.052648,0.235703,0.198349,0.951355,-25.915310,1.645617,27.290290,-0.478133,0.575859,0.663137,0.000000,0.000000,0.000000,0.000000,0,0,2.839203,2.778427,0.645419,0.000000,-25.960270,1.660665,27.315560,334.369900,306.523600,356.196200,104.047200,98.172010,0.300000,1000.000000,0.900730,2468,2740,50.000000,off
1767081152701,2025-12-30 15:52:32.701,1046.258000,24.132750,23,15,2,0.008795,0.008525,-0.050976,0.257584,0.225205,0.939636,-25.914890,1.645701,27.293800,-0.445864,0.593066,0.670418,0.000000,0.000000,0.000000,0.000000,0,0,2.992294,2.640213,0.641498,0.000000,-25.960110,1.660579,27.315770,334.407200,306.627500,356.177500,104.047200,98.172010,0.300000,1000.000000,0.900730,2468,2740,50.000000,off
1767081152712,2025-12-30 15:52:32.712,1046.270000,24.144100,23,15,2,0.009187,0.008532,-0.051038,0.256805,0.219421,0.941208,-25.914500,1.645568,27.294200,-0.448623,0.588133,0.672908,0.000000,0.000000,0.000000,0.000000,0,0,2.912231,2.782669,0.641498,0.000000,-25.959950,1.660467,27.315980,334.436400,306.737200,356.161700,104.047200,98.172010,0.300000,1000.000000,0.900730,2468,2740,50.000000,off
1767081152723,2025-12-30 15:52:32.723,1046.280000,24.154970,23,15,2,0.009187,0.008532,-0.051038,0.256805,0.219421,0.941208,-25.914350,1.645525,27.294340,-0.447844,0.587787,0.673728,0.000000,0.000000,0.000000,0.000000,0,0,2.912231,2.782669,0.641498,0.000000,-25.959770,1.660394,27.316200,334.468000,306.826200,356.179000,104.047200,98.172010,0.300000,1000.000000,0.900730,2468,2740,50.000000,off
1767081152734,2025-12-30 15:52:32.734,1046.292000,24.166080,23,15,2,0.013894,0.008716,-0.051633,0.255844,0.218231,0.941757,-25.911030,1.645104,27.297910,-0.448150,0.586876,0.674334,0.000000,0.000000,0.000000,0.000000,0,0,2.881195,2.785751,0.040338,0.000000,-25.959630,1.660336,27.316370,334.479000,306.927600,356.182000,104.047200,98.172010,0.300000,1000.000000,0.900730,2468,2740,50.000000,off
1767081152745,2025-12-30 15:52:32.745,1046.303000,24.177190,23,15,2,0.013334,0.008754,-0.051810,0.259628,0.215698,0.941299,-25.911090,1.645101,27.297430,-0.445586,0.583841,0.678646,0.000000,0.000000,0.000000,0.000000,0,0,2.904709,2.785339,2.566113,0.000000,-25.959480,1.660325,27.316530,334.500300,307.028400,356.171600,104.047200,98.172010,0.300000,1000.000000,0.900730,2468,2740,50.000000,off
1767081152756,2025-12-30 15:52:32.756,1046.314000,24.188420,23,15,2,0.000734,0.008493,-0.051228,0.262680,0.213806,0.940888,-25.918760,1.645875,27.287700,-0.442859,0.581734,0.682235,0.000000,0.000000,0.000000,0.000000,0,0,2.893158,2.820114,0.645450,0.000000,-25.959290,1.660332,27.316760,334.491600,307.138200,356.135200,104.047200,98.172010,0.300000,1000.000000,0.900730,2468,2740,50.000000,off
1767081152767,2025-12-30 15:52:32.767,1046.325000,24.199520,23,15,2,0.000734,0.008493,-0.051228,0.262680,0.213806,0.940888,-25.918640,1.645904,27.287840,-0.441538,0.581563,0.683236,0.000000,0.000000,0.000000,0.000000,0,0,2.893158,2.820114,0.645450,0.000000,-25.959120,1.660356,27.316980,334.498600,307.253200,356.117400,104.047200,98.172010,0.300000,1000.000000,0.900730,2468,2740,50.000000,off
1767081152778,2025-12-30 15:52:32.778,1046.336000,24.210510,23,15,2,0.013894,0.008716,-0.051633,0.255844,0.218231,0.941757,-25.910490,1.645131,27.298400,-0.443080,0.586155,0.678300,0.000000,0.000000,0.000000,0.000000,0,0,2.881195,2.785751,41.806830,0.000000,-25.958960,1.660369,27.317210,334.499600,307.367000,356.077000,104.047200,98.172010,0.300000,1000.000000,0.900730,2468,2740,50.000000,off
1767081152790,2025-12-30 15:52:32.790,1046.347000,24.221620,23,15,2,0.013334,0.008754,-0.051810,0.259628,0.215698,0.941299,-25.910460,1.645113,27.298000,-0.440388,0.583012,0.682739,0.000000,0.000000,0.000000,0.000000,0,0,2.904709,2.785339,41.060740,0.000000,-25.958700,1.660346,27.317470,334.521600,307.475700,356.045300,104.047200,98.172010,0.300000,1000.000000,0.900730,2468,2740,50.000000,off
1767081152802,2025-12-30 15:52:32.802,1046.359000,24.233460,23,15,2,0.013334,0.008754,-0.051810,0.259628,0.215698,0.941299,-25.910270,1.645118,27.298100,-0.438951,0.582560,0.684049,0.000000,0.000000,0.000000,0.000000,0,0,2.904709,2.785339,41.060740,0.000000,-25.958480,1.660350,27.317670,334.536800,307.604200,355.987500,104.047200,98.172010,0.300000,1000.000000,0.900730,2468,2740,50.000000,off
1767081152812,2025-12-30 15:52:32.812,1046.369000,24.243840,23,15,2,0.001294,0.008914,-0.052686,0.242935,0.203262,0.948502,-25.916510,1.645606,27.287960,-0.456769,0.575621,0.678241,0.000000,0.000000,0.000000,0.000000,0,0,2.807556,2.758072,164.246800,0.000000,-25.958290,1.660334,27.317870,334.512600,307.742600,355.933700,104.047200,98.172010,0.300000,1000.000000,0.900730,2468,2740,50.000000,off
1767081152823,2025-12-30 15:52:32.823,1046.380000,24.255070,23,15,2,0.002678,0.008853,-0.052391,0.243332,0.204498,0.948135,-25.915770,1.645621,27.289370,-0.454322,0.576169,0.679420,0.000000,0.000000,0.000000,0.000000,0,0,2.799698,2.820160,164.246800,0.000000,-25.958070,1.660363,27.318070,334.519500,307.869300,355.862500,104.047200,98.172010,0.300000,1000.000000,0.900730,2468,2740,50.000000,off
1767081152834,2025-12-30 15:52:32.834,1046.391000,24.266050,23,15,2,0.006851,0.008382,-0.050568,0.261307,0.220169,0.939804,-25.914580,1.645696,27.293970,-0.430371,0.585455,0.687031,0.000000,0.000000,0.000000,0.000000,0,0,2.989166,2.778671,0.040341,0.000000,-25.957800,1.660366,27.318270,334.507400,307.979600,355.809700,104.047200,98.172010,0.300000,1000.000000,0.900730,2468,2740,50.000000,off
1767081152845,2025-12-30 15:52:32.845,1046.403000,24.277160,23,15,2,0.006851,0.008382,-0.050568,0.261307,0.220169,0.939804,-25.914400,1.645703,27.294080,-0.429069,0.585275,0.687998,0.000000,0.000000,0.000000,0.000000,0,0,2.989166,2.778671,0.040341,0.000000,-25.957580,1.660376,27.318460,334.508400,308.087200,355.771400,104.047200,98.172010,0.300000,1000.000000,0.900730,2468,2740,50.000000,off
1767081152856,2025-12-30 15:52:32.856,1046.414000,24.288270,23,15,2,0.008424,0.009037,-0.052792,0.235123,0.203629,0.950378,-25.911470,1.645263,27.294040,-0.457092,0.576728,0.677066,0.000000,0.000000,0.000000,0.000000,0,0,2.921204,2.834534,2.581678,0.000000,-25.957370,1.660421,27.318600,334.497800,308.187700,355.747700,104.047200,98.172010,0.300000,1000.000000,0.900730,2468,2740,50.000000,off
1767081152867,2025-12-30 15:52:32.867,1046.425000,24.299380,23,15,2,-0.000175,0.008247,-0.050420,0.255707,0.231690,0.938568,-25.918300,1.646197,27.288770,-0.424601,0.595510,0.681952,0.000000,0.000000,0.000000,0.000000,0,0,2.994873,2.773239,2.597180,0.000000,-25.957080,1.660479,27.318810,334.488300,308.278600,355.715100,104.047200,98.172010,0.300000,1000.000000,0.900730,2468,2740,50.000000,off
1767081152878,2025-12-30 15:52:32.878,1046.436000,24.310490,23,15,2,-0.000175,0.008247,-0.050420,0.255707,0.231690,0.938568,-25.918120,1.646208,27.288850,-0.423183,0.595876,0.682513,0.000000,0.000000,0.000000,0.000000,0,0,2.994873,2.773239,2.597180,0.000000,-25.956840,1.660522,27.318940,334.451400,308.370800,355.687300,104.047200,98.172010,0.300000,1000.000000,0.900730,2468,2740,50.000000,off
1767081152889,2025-12-30 15:52:32.889,1046.447000,24.321590,23,15,2,0.006851,0.008382,-0.050568,0.261307,0.220169,0.939804,-25.913630,1.645778,27.294450,-0.423873,0.585866,0.690710,0.000000,0.000000,0.000000,0.000000,0,0,2.989166,2.778671,0.160375,0.000000,-25.956650,1.660541,27.319070,334.422000,308.455800,355.643800,104.047200,98.172010,0.300000,1000.000000,0.900730,2468,2740,50.000000,off
1767081152901,2025-12-30 15:52:32.901,1046.458000,24.332700,23,15,2,0.008424,0.009037,-0.052792,0.235123,0.203629,0.950378,-25.910730,1.645337,27.294350,-0.451803,0.577774,0.679719,0.000000,0.000000,0.000000,0.000000,0,0,2.921204,2.834534,2.534802,0.000000,-25.956450,1.660623,27.319160,334.378500,308.548300,355.602100,104.047200,98.172010,0.300000,1000.000000,0.900730,2468,2740,50.000000,off
1767081152912,2025-12-30 15:52:32.912,1046.469000,24.343810,23,15,2,0.000077,0.008235,-0.050405,0.251419,0.239883,0.937668,-25.917520,1.646257,27.289210,-0.417924,0.604192,0.678430,0.000000,0.000000,0.000000,0.000000,0,0,2.897369,2.769073,10.388720,0.000000,-25.956240,1.660698,27.319220,334.328900,308.616500,355.554200,104.047200,98.172010,0.300000,1000.000000,0.900730,2468,2740,50.000000,off
1767081152923,2025-12-30 15:52:32.923,1046.480000,24.354920,23,15,2,0.000077,0.008235,-0.050405,0.251419,0.239883,0.937668,-25.917430,1.646276,27.289240,-0.416680,0.604738,0.678709,0.000000,0.000000,0.000000,0.000000,0,0,2.897369,2.769073,10.388720,0.000000,-25.956110,1.660762,27.319290,334.277600,308.683800,355.524500,104.047200,98.172010,0.300000,1000.000000,0.900730,2468,2740,50.000000,off
1767081152934,2025-12-30 15:52:32.934,1046.492000,24.366150,23,15,2,-0.001884,0.008110,-0.050078,0.255066,0.242279,0.936066,-25.918760,1.646474,27.287870,-0.411664,0.606324,0.680354,0.000000,0.000000,0.000000,0.000000,0,0,2.963470,2.820786,41.306830,0.000000,-25.955950,1.660813,27.319300,334.253000,308.734100,355.539900,104.047200,98.172010,0.300000,1000.000000,0.900730,2468,2740,50.000000,off
1767081152945,2025-12-30 15:52:32.945,1046.503000,24.377140,23,15,2,-0.003985,0.008204,-0.050468,0.256378,0.232651,0.938156,-25.919650,1.646526,27.286040,-0.415809,0.598979,0.684339,0.000000,0.000000,0.000000,0.000000,0,0,2.947891,2.864746,2.597302,0.000000,-25.955880,1.660821,27.319400,334.236600,308.748400,355.602500,104.047200,98.172010,0.300000,1000.000000,0.900730,2468,2740,50.000000,off
1767081152956,2025-12-30 15:52:32.956,1046.514000,24.388370,23,15,2,-0.003985,0.008204,-0.050468,0.256378,0.232651,0.938156,-25.919590,1.646562,27.286050,-0.415504,0.599208,0.684325,0.000000,0.000000,0.000000,0.000000,0,0,2.947891,2.864746,2.597302,0.000000,-25.955800,1.660863,27.319440,334.231800,308.772900,355.641100,104.047200,98.172010,0.300000,1000.000000,0.900730,2468,2740,50.000000,off
1767081152967,2025-12-30 15:52:32.967,1046.525000,24.399350,23,15,2,-0.003301,0.008300,-0.050780,0.240784,0.232208,0.942383,-25.918860,1.646427,27.286480,-0.428282,0.601947,0.673957,0.000000,0.000000,0.000000,0.000000,0,0,2.939285,2.725510,2.612867,0.000000,-25.955740,1.660825,27.319510,334.233300,308.752400,355.703000,104.047200,98.172010,0.300000,1000.000000,0.900730,2468,2740,50.000000,off
1767081152978,2025-12-30 15:52:32.978,1046.536000,24.410460,23,15,2,-0.008993,0.008323,-0.050893,0.233734,0.228668,0.945023,-25.922140,1.646767,27.281930,-0.435959,0.600433,0.670380,0.000000,0.000000,0.000000,0.000000,0,0,2.958130,2.861633,0.161355,0.000000,-25.955710,1.660807,27.319560,334.242200,308.741100,355.743900,104.047200,98.172010,0.300000,1000.000000,0.900730,2468,2740,50.000000,off
1767081152989,2025-12-30 15:52:32.989,1046.547000,24.421570,23,15,2,-0.003985,0.008204,-0.050468,0.256378,0.232651,0.938156,-25.919510,1.646431,27.286170,-0.416195,0.599148,0.683957,0.000000,0.000000,0.000000,0.000000,0,0,2.947891,2.864746,10.264450,0.000000,-25.955730,1.660707,27.319550,334.266800,308.744600,355.734300,104.047200,98.172010,0.300000,1000.000000,0.900730,2468,2740,50.000000,off
1767081153001,2025-12-30 15:52:33.001,1046.558000,24.432680,23,15,2,-0.003985,0.008204,-0.050468,0.256378,0.232651,0.938156,-25.919550,1.646345,27.286190,-0.416394,0.598836,0.684109,0.000000,0.000000,0.000000,0.000000,0,0,2.947891,2.864746,10.264450,0.000000,-25.955780,1.660599,27.319570,334.291600,308.744900,355.737300,104.047200,98.172010,0.300000,1000.000000,0.900730,2468,2740,50.000000,off
1767081153012,2025-12-30 15:52:33.012,1046.569000,24.443790,23,15,2,-0.003301,0.008300,-0.050780,0.240784,0.232208,0.942383,-25.918990,1.646172,27.286590,-0.429757,0.600439,0.674362,0.000000,0.000000,0.000000,0.000000,0,0,2.939285,2.725510,10.451220,0.000000,-25.955920,1.660464,27.319620,334.358000,308.716200,355.737600,104.047200,98.172010,0.300000,1000.000000,0.900730,2468,2740,50.000000,off
1767081153023,2025-12-30 15:52:33.023,1046.580000,24.454900,23,15,2,-0.008309,0.008325,-0.050883,0.222107,0.234757,0.946335,-25.922100,1.646384,27.282590,-0.443734,0.605017,0.661095,0.000000,0.000000,0.000000,0.000000,0,0,2.973373,2.896362,0.653247,0.000000,-25.956130,1.660310,27.319680,334.427600,308.685400,355.803300,104.047200,98.172010,0.300000,1000.000000,0.900730,2468,2740,50.000000,off
1767081153034,2025-12-30 15:52:33.034,1046.591000,24.466000,23,15,2,-0.008309,0.008325,-0.050883,0.222107,0.234757,0.946335,-25.922270,1.646259,27.282740,-0.445092,0.604404,0.660743,0.000000,0.000000,0.000000,0.000000,0,0,2.973373,2.896362,0.653247,0.000000,-25.956340,1.660130,27.319810,334.505200,308.632500,355.914100,104.047200,98.172010,0.300000,1000.000000,0.900730,2468,2740,50.000000,off
1767081153045,2025-12-30 15:52:33.045,1046.603000,24.477110,23,15,2,-0.003617,0.008291,-0.050638,0.220841,0.237701,0.945892,-25.919900,1.645912,27.286800,-0.446613,0.605759,0.658466,0.000000,0.000000,0.000000,0.000000,0,0,3.031906,2.900314,0.160394,0.000000,-25.956640,1.659897,27.319980,334.647500,308.560800,356.101100,104.047200,98.172010,0.300000,1000.000000,0.900730,2468,2740,50.000000,off
1767081153056,2025-12-30 15:52:33.056,1046.614000,24.488100,23,15,2,0.010353,0.008232,-0.050129,0.205216,0.248810,0.946549,-25.912200,1.645096,27.298470,-0.454890,0.615256,0.643825,0.000000,0.000000,0.000000,0.000000,0,0,3.032318,2.826813,0.160394,0.000000,-25.956990,1.659595,27.320190,334.825500,308.478700,356.269700,104.047200,98.172010,0.300000,1000.000000,0.900730,2468,2740,50.000000,off
1767081153067,2025-12-30 15:52:33.067,1046.625000,24.499330,23,15,2,0.006279,0.008418,-0.050821,0.210770,0.227432,0.950699,-25.914480,1.645027,27.295090,-0.466762,0.594260,0.654955,0.000000,0.000000,0.000000,0.000000,0,0,2.978821,2.917999,10.264450,0.000000,-25.957500,1.659135,27.320460,335.118700,308.332700,356.499500,104.047200,98.172010,0.300000,1000.000000,0.900730,2468,2740,50.000000,off
1767081153078,2025-12-30 15:52:33.078,1046.636000,24.510560,23,15,2,0.006279,0.008418,-0.050821,0.210770,0.227432,0.950699,-25.914970,1.644822,27.295420,-0.471242,0.590381,0.655255,0.000000,0.000000,0.000000,0.000000,0,0,2.978821,2.917999,10.264450,0.000000,-25.958110,1.658623,27.320760,335.452300,308.193800,356.676200,104.047200,98.172010,0.300000,1000.000000,0.900730,2468,2740,50.000000,off
1767081153089,2025-12-30 15:52:33.089,1046.647000,24.521420,23,15,2,0.001434,0.008383,-0.050657,0.211197,0.227768,0.950531,-25.918640,1.644759,27.292150,-0.476481,0.585401,0.655944,0.000000,0.000000,0.000000,0.000000,0,0,3.000778,2.921539,2.597423,0.000000,-25.958900,1.657892,27.321210,335.880200,308.010300,356.848300,104.047200,98.172010,0.300000,1000.000000,0.900730,2468,2740,50.000000,off
1767081153101,2025-12-30 15:52:33.101,1046.658000,24.532650,23,15,2,0.010353,0.008232,-0.050129,0.205216,0.248810,0.946549,-25.914490,1.643993,27.300100,-0.475354,0.597356,0.645893,0.000000,0.000000,0.000000,0.000000,0,0,3.032318,2.826813,168.231300,0.000000,-25.959790,1.657077,27.321670,336.347800,307.865500,356.959000,104.047200,98.172010,0.300000,1000.000000,0.900730,2468,2740,50.000000,off
1767081153112,2025-12-30 15:52:33.112,1046.669000,24.543640,23,15,2,0.006279,0.008418,-0.050821,0.210770,0.227432,0.950699,-25.917260,1.643455,27.296920,-0.488001,0.571824,0.659432,0.000000,0.000000,0.000000,0.000000,0,0,2.978821,2.917999,10.388720,0.000000,-25.960830,1.655978,27.322170,336.887100,307.760200,356.968700,104.047200,98.172010,0.300000,1000.000000,0.900730,2468,2740,50.000000,off
1767081153123,2025-12-30 15:52:33.123,1046.680000,24.554870,23,15,2,0.006279,0.008418,-0.050821,0.210770,0.227432,0.950699,-25.918200,1.642823,27.297490,-0.493804,0.561997,0.663547,0.000000,0.000000,0.000000,0.000000,0,0,2.978821,2.917999,10.388720,0.000000,-25.961910,1.654758,27.322780,337.572700,307.713200,356.874600,104.047200,98.172010,0.300000,1000.000000,0.900730,2468,2740,50.000000,off
1767081153134,2025-12-30 15:52:33.134,1046.691000,24.565860,23,15,2,-0.000560,0.008497,-0.051012,0.221359,0.226578,0.948486,-25.923020,1.642349,27.292630,-0.491461,0.550551,0.674777,0.000000,0.000000,0.000000,0.000000,0,0,3.015137,2.903793,0.010145,0.000000,-25.962940,1.653356,27.323600,338.235000,307.694500,356.860600,104.047200,98.172010,0.300000,1000.000000,0.900730,2468,2740,50.000000,off
1767081153145,2025-12-30 15:52:33.145,1046.702000,24.576970,23,15,2,-0.005437,0.008575,-0.051370,0.228088,0.221573,0.948090,-25.926570,1.641720,27.289300,-0.493686,0.535158,0.685472,0.000000,0.000000,0.000000,0.000000,0,0,3.045288,2.914932,0.002506,0.000000,-25.963970,1.651891,27.324510,338.960400,307.737600,356.847600,104.047200,98.172010,0.300000,1000.000000,0.900730,2468,2740,50.000000,off
1767081153156,2025-12-30 15:52:33.156,1046.714000,24.588070,23,15,2,-0.005437,0.008575,-0.051370,0.228088,0.221573,0.948090,-25.927590,1.640877,27.290220,-0.498969,0.524619,0.689781,0.000000,0.000000,0.000000,0.000000,0,0,3.045288,2.914932,0.002506,0.000000,-25.965060,1.650371,27.325550,339.727100,307.772300,356.935900,104.047200,98.172010,0.300000,1000.000000,0.900730,2468,2740,50.000000,off
1767081153167,2025-12-30 15:52:33.167,1046.725000,24.599300,23,15,2,-0.006723,0.008544,-0.051320,0.224701,0.222534,0.948669,-25.929470,1.639830,27.290300,-0.506926,0.514541,0.691563,0.000000,0.000000,0.000000,0.000000,0,0,3.006500,2.901428,10.263960,0.000000,-25.966190,1.648537,27.326750,340.568800,307.809800,357.119000,104.047200,98.172010,0.300000,1000.000000,0.900730,2468,2740,50.000000,off
1767081153178,2025-12-30 15:52:33.178,1046.736000,24.610410,23,15,2,0.032861,0.007985,-0.049102,0.180328,0.214218,0.959992,-25.908510,1.637098,27.324420,-0.550236,0.501100,0.667931,0.000000,0.000000,0.000000,0.000000,0,0,3.049332,3.120468,660.893500,0.000000,-25.967250,1.646626,27.328020,341.404100,307.837000,357.366400,104.047200,98.172010,0.300000,1000.000000,0.900730,2468,2740,50.000000,off
1767081153190,2025-12-30 15:52:33.190,1046.747000,24.621520,23,15,2,-0.005437,0.008575,-0.051370,0.228088,0.221573,0.948090,-25.930590,1.637089,27.293770,-0.516551,0.490680,0.701713,0.000000,0.000000,0.000000,0.000000,0,0,3.045288,2.914932,0.039849,0.000000,-25.968200,1.644344,27.329480,342.295600,307.883900,357.743400,104.047200,98.172010,0.300000,1000.000000,0.900730,2468,2740,50.000000,off
1767081153201,2025-12-30 15:52:33.201,1046.758000,24.632750,23,15,2,-0.005437,0.008575,-0.051370,0.228088,0.221573,0.948090,-25.931420,1.635778,27.295090,-0.522086,0.478150,0.706252,0.000000,0.000000,0.000000,0.000000,0,0,3.045288,2.914932,0.039849,0.000000,-25.969020,1.642213,27.330970,343.235800,307.979200,358.072300,104.047200,98.172010,0.300000,1000.000000,0.900730,2468,2740,50.000000,off
1767081153212,2025-12-30 15:52:33.212,1046.769000,24.643740,23,15,2,-0.006723,0.008544,-0.051320,0.224701,0.222534,0.948669,-25.933040,1.634484,27.295470,-0.529012,0.466755,0.708711,0.000000,0.000000,0.000000,0.000000,0,0,3.006500,2.901428,10.201710,0.000000,-25.969730,1.640079,27.332540,344.184700,308.145300,358.456100,104.047200,98.172010,0.300000,1000.000000,0.900730,2468,2740,50.000000,off
1767081153222,2025-12-30 15:52:33.222,1046.780000,24.654850,23,15,2,0.033023,0.007719,-0.048688,0.203674,0.145599,0.968140,-25.911340,1.632387,27.329850,-0.576231,0.384940,0.720942,-28.828720,3.581286,30.979880,5.062810,Target28,Target,2.865036,2.881836,10.201710,0.000000,-25.970240,1.638071,27.334230,345.139900,308.428500,358.821500,104.047200,98.172010,0.300000,1000.000000,0.900730,2468,2740,50.000000,off
1767081153234,2025-12-30 15:52:33.234,1046.792000,24.666080,23,15,2,0.033026,0.007487,-0.049079,0.170883,0.065735,0.983093,-25.911530,1.631112,27.330950,-0.624645,0.297768,0.721905,-29.064860,3.134301,30.975270,5.048175,Target28,Target,2.760437,2.956467,0.649264,0.000000,-25.970730,1.636158,27.335980,346.075700,308.758000,359.102100,104.047200,98.172010,0.300000,1000.000000,0.900730,2468,2740,50.000000,off
1767081153245,2025-12-30 15:52:33.245,1046.803000,24.677310,23,15,2,0.033026,0.007487,-0.049079,0.170883,0.065735,0.983093,-25.911950,1.630283,27.332300,-0.624309,0.281236,0.728793,-29.033170,3.036320,30.975880,4.999471,Target28,Target,2.760437,2.956467,0.649264,0.000000,-25.971180,1.634295,27.337790,347.123100,309.112500,359.336000,104.047200,98.172010,0.300000,1000.000000,0.900730,2468,2740,50.000000,off
1767081153256,2025-12-30 15:52:33.256,1046.814000,24.688290,23,15,2,0.028776,0.007062,-0.049034,0.145798,-0.071243,0.986740,-25.915050,1.628796,27.330400,-0.663553,0.132979,0.736209,-29.197870,2.286686,30.972670,4.947304,Target28,Target,2.726730,2.884186,0.039846,0.000000,-25.971490,1.632326,27.339600,348.059100,309.555800,359.404700,104.047200,98.172010,0.300000,1000.000000,0.900730,2468,2740,50.000000,off
1767081153267,2025-12-30 15:52:33.267,1046.825000,24.699400,23,15,2,0.033269,0.007011,-0.048761,0.217423,-0.309128,0.925827,-25.912630,1.627568,27.335340,-0.603868,-0.127621,0.786794,-28.711580,1.036039,30.982170,4.635021,Target28,Target,2.902664,3.002640,0.000634,0.000000,-25.971690,1.630409,27.341410,348.916000,310.025500,359.392000,104.047200,98.172010,0.300000,1000.000000,0.900730,2468,2740,50.000000,off
1767081153279,2025-12-30 15:52:33.279,1046.837000,24.711120,23,15,2,0.033269,0.007011,-0.048761,0.217423,-0.309128,0.925827,-25.912540,1.626623,27.336530,-0.595837,-0.141974,0.790449,-28.661350,0.971648,30.983150,4.613324,Target28,Target,2.902664,3.002640,0.000634,0.000000,-25.971580,1.628817,27.343130,349.742600,310.532900,359.284000,104.047200,98.172010,0.300000,1000.000000,0.900730,2468,2740,50.000000,off
1767081153289,2025-12-30 15:52:33.289,1046.847000,24.721620,23,15,2,0.033026,0.007487,-0.049079,0.170883,0.065735,0.983093,-25.912260,1.626257,27.337270,-0.607755,0.227477,0.760844,-28.822050,2.715365,30.980010,4.787749,Target28,Target,2.760437,2.956467,0.010084,0.000000,-25.971370,1.627640,27.344990,350.318800,311.215400,359.103100,104.047200,98.172010,0.300000,1000.000000,0.900730,2468,2740,50.000000,off
1767081153301,2025-12-30 15:52:33.301,1046.858000,24.732730,23,15,2,0.028776,0.007062,-0.049034,0.145798,-0.071243,0.986740,-25.914900,1.625318,27.335330,-0.636551,0.085368,0.766488,-28.939810,2.030989,30.977710,4.752012,Target28,Target,2.726730,2.884186,2.534558,0.000000,-25.970990,1.626731,27.346890,350.768900,311.953300,358.959400,104.047200,98.172010,0.300000,1000.000000,0.900730,2468,2740,50.000000,off
1767081153312,2025-12-30 15:52:33.312,1046.869000,24.743840,23,15,2,0.033261,0.006903,-0.047988,0.240280,-0.321533,0.915894,-25.912190,1.625087,27.340530,-0.542384,-0.181294,0.820324,-28.324970,0.818603,30.989720,4.448434,Target28,Target,2.859879,2.829529,0.649295,0.000000,-25.970380,1.626261,27.348860,351.156500,312.749600,358.927200,104.047200,98.172010,0.300000,1000.000000,0.900730,2468,2740,50.000000,off
1767081153323,2025-12-30 15:52:33.323,1046.880000,24.754820,23,15,2,0.033261,0.006903,-0.047988,0.240280,-0.321533,0.915894,-25.911590,1.625202,27.341630,-0.528787,-0.187347,0.827807,-28.242950,0.799212,30.991330,4.408828,Target28,Target,2.859879,2.829529,0.649295,0.000000,-25.969660,1.626021,27.350850,351.534800,313.614700,358.988800,104.047200,98.172010,0.300000,1000.000000,0.900730,2468,2740,50.000000,off
1767081153334,2025-12-30 15:52:33.334,1046.891000,24.766050,23,15,2,0.033223,0.007307,-0.048291,0.229401,-0.326370,0.916977,-25.910690,1.625620,27.342570,-0.525156,-0.196417,0.828022,-28.225060,0.760009,30.991680,4.406989,Target28,Target,2.851608,2.966263,0.010145,0.000000,-25.968860,1.625733,27.352860,351.846500,314.383500,359.133900,104.047200,98.172010,0.300000,1000.000000,0.900730,2468,2740,50.000000,off
1767081153345,2025-12-30 15:52:33.345,1046.903000,24.777160,23,15,2,0.032561,0.007682,-0.048917,0.215942,-0.300476,0.929001,-25.910070,1.625826,27.342890,-0.528018,-0.172726,0.831458,-28.227200,0.867840,30.991630,4.388276,Target28,Target,2.714645,2.821533,41.803880,0.000000,-25.968100,1.625325,27.354910,352.111700,315.137700,359.299700,104.047200,98.172010,0.300000,1000.000000,0.900730,2468,2740,50.000000,off
1767081153356,2025-12-30 15:52:33.356,1046.914000,24.788270,23,15,2,0.032561,0.007682,-0.048917,0.215942,-0.300476,0.929001,-25.909310,1.625649,27.344050,-0.516771,-0.174980,0.838027,-28.159420,0.863756,30.992960,4.354084,Target28,Target,2.714645,2.821533,41.803880,0.000000,-25.967180,1.624926,27.356800,352.276700,315.845900,359.439800,104.047200,98.172010,0.300000,1000.000000,0.900730,2468,2740,50.000000,off
1767081153367,2025-12-30 15:52:33.367,1046.925000,24.799380,23,15,2,-0.029391,0.005267,-0.046777,0.281097,-0.255508,0.925034,-25.955180,1.623752,27.304300,-0.452041,-0.133350,0.881966,-27.848870,1.065120,30.999030,4.189170,Target28,Target,2.864502,2.859055,2.612804,0.000000,-25.966290,1.624460,27.358670,352.396500,316.524700,359.486700,104.047200,98.172010,0.300000,1000.000000,0.900730,2468,2740,50.000000,off
1767081153378,2025-12-30 15:52:33.378,1046.936000,24.810490,23,15,2,-0.029519,0.005633,-0.047333,0.243439,-0.194565,0.950195,-25.954610,1.623820,27.305400,-0.480414,-0.071934,0.874081,-27.983270,1.320064,30.996400,4.222705,Target28,Target,2.902893,2.641769,2.597424,0.000000,-25.965410,1.624098,27.360410,352.546800,317.188200,359.459500,104.047200,98.172010,0.300000,1000.000000,0.900730,2468,2740,50.000000,off
1767081153389,2025-12-30 15:52:33.389,1046.947000,24.821590,23,15,2,-0.029519,0.005633,-0.047333,0.243439,-0.194565,0.950195,-25.954400,1.623652,27.307060,-0.470534,-0.074022,0.879265,-27.929300,1.312970,30.997460,4.197117,Target28,Target,2.902893,2.641769,2.597424,0.000000,-25.964580,1.623798,27.362190,352.647200,317.846000,359.365600,104.047200,98.172010,0.300000,1000.000000,0.900730,2468,2740,50.000000,off
1767081153400,2025-12-30 15:52:33.400,1046.958000,24.832580,23,15,2,0.020173,0.007411,-0.046467,0.143906,-0.118805,0.982422,-25.917490,1.624701,27.342210,-0.549365,0.004429,0.835557,-28.315790,1.644034,30.989900,4.365534,Target28,Target,2.874222,2.802856,2.566051,0.000000,-25.963820,1.623479,27.363970,352.742100,318.491100,359.260400,104.047200,98.172010,0.300000,1000.000000,0.900730,2468,2740,50.000000,off
1767081153412,2025-12-30 15:52:33.412,1046.969000,24.843810,23,15,2,-0.029391,0.005267,-0.046777,0.281097,-0.255508,0.925034,-25.954260,1.623004,27.310870,-0.412161,-0.141972,0.899975,-27.645150,1.040565,31.003010,4.102467,Target28,Target,2.864502,2.859055,42.054880,0.000000,-25.962930,1.623192,27.365680,352.815900,319.129100,359.140900,104.047200,98.172010,0.300000,1000.000000,0.900730,2468,2740,50.000000,off
1767081153423,2025-12-30 15:52:33.423,1046.980000,24.854920,23,15,2,-0.029519,0.005633,-0.047333,0.243439,-0.194565,0.950195,-25.953640,1.623084,27.311990,-0.442163,-0.079791,0.893373,-27.779160,1.293655,31.000390,4.128604,Target28,Target,2.902893,2.641769,0.649356,0.000000,-25.962040,1.622848,27.367420,352.909300,319.726400,359.043200,104.047200,98.172010,0.300000,1000.000000,0.900730,2468,2740,50.000000,off
1767081153434,2025-12-30 15:52:33.434,1046.991000,24.866030,23,15,2,-0.029519,0.005633,-0.047333,0.243439,-0.194565,0.950195,-25.953290,1.622895,27.313510,-0.432832,-0.082494,0.897686,-27.731420,1.283999,31.001320,4.108105,Target28,Target,2.902893,2.641769,0.649356,0.000000,-25.961120,1.622502,27.369030,353.050000,320.330300,358.964300,104.047200,98.172010,0.300000,1000.000000,0.900730,2468,2740,50.000000,off
1767081153445,2025-12-30 15:52:33.445,1047.003000,24.877140,23,15,2,0.025442,0.007485,-0.046185,0.118759,-0.116165,0.986099,-25.910740,1.623669,27.350590,-0.536636,-0.000757,0.843808,-28.226340,1.620401,30.991650,4.315012,Target28,Target,2.856934,2.738983,2.581555,0.000000,-25.960050,1.622185,27.370650,353.197800,320.852100,358.918300,104.047200,98.172010,0.300000,1000.000000,0.900730,2468,2740,50.000000,off
1767081153456,2025-12-30 15:52:33.456,1047.014000,24.888240,23,15,2,0.001950,0.006557,-0.045571,0.122147,-0.105423,0.986893,-25.928790,1.623061,27.337460,-0.526116,0.007140,0.850377,-28.190030,1.653747,30.992360,4.297961,Target28,Target,2.783493,2.823517,2.581555,0.000000,-25.959150,1.621861,27.372100,353.354400,321.359900,358.877300,104.047200,98.172010,0.300000,1000.000000,0.900730,2468,2740,50.000000,off
1767081153467,2025-12-30 15:52:33.467,1047.025000,24.899350,23,15,2,-0.019563,0.005648,-0.044814,0.132050,-0.086166,0.987488,-25.945640,1.622499,27.325980,-0.509683,0.023600,0.860035,-28.119270,1.723145,30.993740,4.264653,Target28,Target,2.892944,2.718430,10.201710,0.000000,-25.958270,1.621569,27.373550,353.495700,321.860400,358.835600,104.047200,98.172010,0.300000,1000.000000,0.900730,2468,2740,50.000000,off
1767081153478,2025-12-30 15:52:33.478,1047.036000,24.910340,23,15,2,-0.019563,0.005648,-0.044814,0.132050,-0.086166,0.987488,-25.945060,1.622334,27.327220,-0.502345,0.021515,0.864396,-28.076350,1.713618,30.994580,4.242671,Target28,Target,2.892944,2.718430,10.201710,0.000000,-25.957280,1.621299,27.374890,353.610000,322.354100,358.788400,104.047200,98.172010,0.300000,1000.000000,0.900730,2468,2740,50.000000,off
1767081153489,2025-12-30 15:52:33.489,1047.047000,24.921450,23,15,2,-0.020728,0.005693,-0.045028,0.115921,-0.092468,0.988937,-25.945290,1.622231,27.327620,-0.508629,0.014011,0.860863,-28.111460,1.681903,30.993900,4.258807,Target28,Target,2.926453,2.867111,10.514210,0.000000,-25.956270,1.621057,27.376280,353.704800,322.885600,358.737400,104.047200,98.172010,0.300000,1000.000000,0.900730,2468,2740,50.000000,off
1767081153501,2025-12-30 15:52:33.501,1047.058000,24.932680,23,15,2,0.012676,0.006945,-0.045760,0.028366,-0.068893,0.997208,-25.917310,1.622514,27.348110,-0.573616,0.038941,0.818183,-28.468430,1.795702,30.986920,4.447372,Target28,Target,2.982620,2.932938,10.263960,0.000000,-25.955150,1.620859,27.377580,353.779300,323.430300,358.690500,104.047200,98.172010,0.300000,1000.000000,0.900730,2468,2740,50.000000,off
