UnixTimestamp,Timestamp,RecordingTime,SceneTime,SceneID,NodeID,GazeIndex,GazeOriginLocalX,GazeOriginLocalY,GazeOriginLocalZ,GazeDirectionLocalX,GazeDirectionLocalY,GazeDirectionLocalZ,GazeOriginWorldX,GazeOriginWorldY,GazeOriginWorldZ,GazeDirectionWorldX,GazeDirectionWorldY,GazeDirectionWorldZ,HitPointX,HitPointY,HitPointZ,HitDistance,HitObjectName,HitObjectTag,LeftPupilDiameter,RightPupilDiameter,LeftEyeOpenness,RightEyeOpenness,HMDPositionX,HMDPositionY,HMDPositionZ,HMDRotationEulerX,HMDRotationEulerY,HMDRotationEulerZ,CameraFOV_V,CameraFOV_H,CameraNearClip,CameraFarClip,CameraAspectRatio,CameraPixelWidth,CameraPixelHeight,CameraFocalLength,TaskHintPanel,HitObjectVariant,HitNormalX,HitNormalY,HitNormalZ,GazeValid,GazeHit
1765268529393,2025-12-09 16:22:09.393,680.404100,2.053467,23,10,2,-0.020010,0.009281,-0.051146,-0.029373,0.243515,0.969437,-22.853780,1.827098,44.153850,0.822883,0.505966,-0.258521,-7.9353385,11,39.4669952,18.129221,Building,Surface,2.911575,2.645523,0.000037,0.000000,-22.810960,1.831784,44.118530,343.749500,108.782100,357.843300,104.047200,98.172010,0.300000,1000.000000,0.900730,2468,2740,50.000000,off,,0,-1,0,1,1
1765268529405,2025-12-09 16:22:09.405,680.415300,2.064758,23,10,2,0.006013,0.007295,-0.046966,-0.036224,0.251663,0.967133,-22.857730,1.825576,44.127660,0.819422,0.515304,-0.251002,-8.26882076,11,39.658844,17.8038406,Building,Surface,2.975082,2.676987,0.000611,0.000000,-22.811160,1.832043,44.118430,343.621200,108.818200,357.844600,104.047200,98.172010,0.300000,1000.000000,0.900730,2468,2740,50.000000,off,,0,-1,0,1,1
1765268529416,2025-12-09 16:22:09.416,680.426200,2.075623,23,10,2,-0.012521,0.008251,-0.048509,-0.019272,0.263001,0.964600,-22.853780,1.826774,44.145710,0.807469,0.526659,-0.265740,-8.789464,11,39.5171051,17.417717,Building,Surface,3.075836,2.784042,0.000038,0.000000,-22.811360,1.832191,44.118340,343.499400,108.843300,357.829900,104.047200,98.172010,0.300000,1000.000000,0.900730,2468,2740,50.000000,off,,0,-1,0,1,1
1765268529427,2025-12-09 16:22:09.427,680.437300,2.086731,23,10,2,-0.020010,0.009281,-0.051146,-0.029373,0.243515,0.969437,-22.854260,1.827401,44.153630,0.819637,0.511029,-0.258871,-8.14236355,11,39.5070801,17.9489994,Building,Surface,2.911575,2.645523,0.000603,0.000000,-22.811520,1.832383,44.118260,343.413100,108.866600,357.817800,104.047200,98.172010,0.300000,1000.000000,0.900730,2468,2740,50.000000,off,,0,-1,0,1,1
1765268529438,2025-12-09 16:22:09.438,680.448400,2.097839,23,10,2,-0.020010,0.009281,-0.051146,-0.029373,0.243515,0.969437,-22.854430,1.827465,44.153530,0.818690,0.512459,-0.259041,-8.20065689,11,39.5169449,17.8987904,Building,Surface,2.911575,2.645523,0.000603,0.000000,-22.811700,1.832527,44.118160,343.318100,108.892400,357.799000,104.047200,98.172010,0.300000,1000.000000,0.900730,2468,2740,50.000000,off,,0,-1,0,1,1
1765268529449,2025-12-09 16:22:09.449,680.459600,2.109009,23,10,2,0.006013,0.007295,-0.046966,-0.036224,0.251663,0.967133,-22.858410,1.825866,44.127360,0.815561,0.521141,-0.251525,-8.50131416,11,39.6995277,17.6038723,Building,Surface,2.975082,2.676987,0.000038,0.000000,-22.811900,1.832659,44.118070,343.232000,108.916100,357.780300,104.047200,98.172010,0.300000,1000.000000,0.900730,2468,2740,50.000000,off,,0,-1,0,1,1
1765268529460,2025-12-09 16:22:09.460,680.470600,2.120056,23,10,2,-0.009872,0.008457,-0.049368,-0.042877,0.263397,0.963730,-22.856080,1.826963,44.143130,0.810469,0.532751,-0.243535,-8.90122318,10.999999,39.9498863,17.2181816,Building,Surface,2.847580,2.617844,0.000038,0.000000,-22.812060,1.832811,44.117950,343.156800,108.930500,357.764500,104.047200,98.172010,0.300000,1000.000000,0.900730,2468,2740,50.000000,off,,0,-1,0,1,1
1765268529471,2025-12-09 16:22:09.471,680.481800,2.131165,23,10,2,-0.002487,0.008067,-0.048650,-0.059692,0.258499,0.964157,-22.857700,1.826614,44.135860,0.816785,0.529902,-0.228146,-8.71795082,11,40.1863174,17.3113422,Building,Surface,2.965820,2.722412,0.000038,0.000000,-22.812140,1.832964,44.117920,343.084500,108.951300,357.746900,104.047200,98.172010,0.300000,1000.000000,0.900730,2468,2740,50.000000,off,,0,-1,0,1,1
1765268529482,2025-12-09 16:22:09.482,680.493000,2.142395,23,10,2,-0.002487,0.008067,-0.048650,-0.059692,0.258499,0.964157,-22.857810,1.826692,44.135760,0.816234,0.530696,-0.228270,-8.74884701,10.999999,40.1900139,17.2852879,Building,Surface,2.965820,2.722412,0.000038,0.000000,-22.812250,1.833088,44.117810,343.030800,108.970700,357.744800,104.047200,98.172010,0.300000,1000.000000,0.900730,2468,2740,50.000000,off,,0,-1,0,1,1
1765268529493,2025-12-09 16:22:09.493,680.504000,2.153381,23,10,2,0.000491,0.008178,-0.049432,-0.063324,0.237839,0.969223,-22.859540,1.826467,44.133090,0.827529,0.513218,-0.227539,-8.06784248,11,40.0659332,17.8742752,Building,Surface,2.948013,2.623062,0.000603,0.000000,-22.812320,1.833134,44.117710,342.987700,108.973800,357.737100,104.047200,98.172010,0.300000,1000.000000,0.900730,2468,2740,50.000000,off,,0,-1,0,1,1
1765268529504,2025-12-09 16:22:09.504,680.515100,2.164490,23,10,2,0.004971,0.007513,-0.047636,-0.074188,0.251358,0.965042,-22.859200,1.826209,44.128130,0.822879,0.525879,-0.215205,-8.50433064,11,40.3739471,17.4446087,Building,Surface,2.868851,2.719162,0.000038,0.000000,-22.812400,1.833187,44.117590,342.950100,108.985300,357.737100,104.047200,98.172010,0.300000,1000.000000,0.900730,2468,2740,50.000000,off,,0,-1,0,1,1
1765268529515,2025-12-09 16:22:09.515,680.526200,2.175598,23,10,2,0.004971,0.007513,-0.047636,-0.074188,0.251358,0.965042,-22.859270,1.826251,44.128030,0.822789,0.525980,-0.215299,-8.50880051,11,40.3729439,17.4411659,Building,Surface,2.868851,2.719162,0.000038,0.000000,-22.812460,1.833235,44.117480,342.943400,108.992700,357.735200,104.047200,98.172010,0.300000,1000.000000,0.900730,2468,2740,50.000000,off,,0,-1,0,1,1
1765268529526,2025-12-09 16:22:09.526,680.537400,2.186768,23,10,2,-0.008022,0.008415,-0.049476,-0.063049,0.237564,0.969315,-22.857150,1.827055,44.140850,0.826944,0.513926,-0.228095,-8.09721565,11,40.0696335,17.8486176,Building,Surface,2.821121,2.632202,0.000615,0.000000,-22.812510,1.833240,44.117360,342.924700,109.000200,357.722900,104.047200,98.172010,0.300000,1000.000000,0.900730,2468,2740,50.000000,off,,0,-1,0,1,1
1765268529538,2025-12-09 16:22:09.538,680.548400,2.197815,23,10,2,0.000491,0.008178,-0.049432,-0.063324,0.237839,0.969223,-22.859750,1.826532,44.132620,0.826616,0.514502,-0.227957,-8.12134933,11,40.0681953,17.8295383,Building,Surface,2.948013,2.623062,0.038859,0.000000,-22.812550,1.833273,44.117220,342.903200,109.013400,357.713000,104.047200,98.172010,0.300000,1000.000000,0.900730,2468,2740,50.000000,off,,0,-1,0,1,1
1765268529549,2025-12-09 16:22:09.549,680.559500,2.208923,23,10,2,0.000491,0.008178,-0.049432,-0.063324,0.237839,0.969223,-22.859780,1.826513,44.132540,0.826329,0.514903,-0.228094,-8.13793755,10.999999,40.0688324,17.8156967,Building,Surface,2.868851,2.719162,0.000152,0.000000,-22.812590,1.833277,44.117130,342.876700,109.026600,357.706800,104.047200,98.172010,0.300000,1000.000000,0.900730,2468,2740,50.000000,off,,0,-1,0,1,1
1765268529560,2025-12-09 16:22:09.560,680.570600,2.219971,23,10,2,0.004971,0.007513,-0.047636,-0.074188,0.251358,0.965042,-22.859420,1.826257,44.127560,0.821916,0.527085,-0.215935,-8.55424309,11,40.3692818,17.4046078,Building,Surface,2.868851,2.719162,0.000152,0.000000,-22.812640,1.833304,44.116990,342.870700,109.044600,357.708600,104.047200,98.172010,0.300000,1000.000000,0.900730,2468,2740,50.000000,off,,0,-1,0,1,1
1765268529571,2025-12-09 16:22:09.571,680.581700,2.231140,23,10,2,-0.007236,0.008318,-0.049235,-0.062286,0.239792,0.968811,-22.857290,1.826974,44.139550,0.824881,0.516754,-0.229154,-8.21462536,11,40.0717812,17.7510223,Building,Surface,2.837967,2.617050,0.000153,0.000000,-22.812670,1.833258,44.116850,342.867200,109.049000,357.700700,104.047200,98.172010,0.300000,1000.000000,0.900730,2468,2740,50.000000,off,,0,-1,0,1,1
1765268529582,2025-12-09 16:22:09.582,680.592800,2.242188,23,10,2,-0.004738,0.008102,-0.048766,-0.063995,0.243012,0.967896,-22.857620,1.826816,44.136920,0.823633,0.519437,-0.227566,-8.3123703,11,40.1181335,17.6596146,Building,Surface,2.858887,2.580826,0.009715,0.000000,-22.812720,1.833252,44.116730,342.880300,109.078800,357.691400,104.047200,98.172010,0.300000,1000.000000,0.900730,2468,2740,50.000000,off,,0,-1,0,1,1
1765268529593,2025-12-09 16:22:09.593,680.603900,2.253296,23,10,2,-0.004738,0.008102,-0.048766,-0.063995,0.243012,0.967896,-22.857620,1.826780,44.136840,0.823730,0.519259,-0.227619,-8.30562687,11.000001,40.1157303,17.6657276,Building,Surface,2.858887,2.580826,0.009715,0.000000,-22.812710,1.833206,44.116640,342.892200,109.080300,357.692000,104.047200,98.172010,0.300000,1000.000000,0.900730,2468,2740,50.000000,off,,0,-1,0,1,1
1765268529604,2025-12-09 16:22:09.604,680.615100,2.264465,23,10,2,-0.003004,0.007989,-0.048609,-0.066528,0.245239,0.967163,-22.858030,1.826656,44.135020,0.823397,0.520832,-0.225222,-8.35565567,11,40.1682167,17.6126308,Building,Surface,2.855148,2.584412,0.000038,0.000000,-22.812750,1.833183,44.116500,342.922400,109.095900,357.679900,104.047200,98.172010,0.300000,1000.000000,0.900730,2468,2740,50.000000,off,,0,-1,0,1,1
1765268529616,2025-12-09 16:22:09.616,680.626200,2.275635,23,10,2,0.001508,0.007712,-0.048097,-0.069351,0.239334,0.968445,-22.858890,1.826328,44.130520,0.827332,0.515282,-0.223568,-8.12973881,11,40.1502991,17.8029957,Building,Surface,2.851517,2.582169,0.000607,0.000000,-22.812730,1.833122,44.116450,342.949000,109.109400,357.677900,104.047200,98.172010,0.300000,1000.000000,0.900730,2468,2740,50.000000,off,,0,-1,0,1,1
1765268529627,2025-12-09 16:22:09.627,680.637200,2.286621,23,10,2,0.001508,0.007712,-0.048097,-0.069351,0.239334,0.968445,-22.858910,1.826259,44.130370,0.827361,0.515179,-0.223696,-8.12617779,11,40.1470413,17.8066826,Building,Surface,2.851517,2.582169,0.000607,0.000000,-22.812750,1.833047,44.116300,342.956400,109.115000,357.671600,104.047200,98.172010,0.300000,1000.000000,0.900730,2468,2740,50.000000,off,,0,-1,0,1,1
1765268529638,2025-12-09 16:22:09.638,680.648400,2.297791,23,10,2,0.027684,0.006332,-0.045721,0.000778,0.202515,0.979263,-22.864680,1.824634,44.104630,0.825639,0.480274,-0.296019,-7.09130716,11,38.4493523,19.1041565,Building,Surface,2.753098,2.485809,0.000152,0.000000,-22.812790,1.833053,44.116180,342.968000,109.135400,357.668100,104.047200,98.172010,0.300000,1000.000000,0.900730,2468,2740,50.000000,off,,0,-1,0,1,1
1765268529649,2025-12-09 16:22:09.649,680.659400,2.308838,23,10,2,-0.003004,0.007989,-0.048609,-0.066528,0.245239,0.967163,-22.858000,1.826533,44.134600,0.823538,0.520219,-0.226120,-8.33584595,11,40.1472321,17.6336155,Building,Surface,2.855148,2.584412,0.009715,0.000000,-22.812730,1.833025,44.116050,342.964100,109.147900,357.673200,104.047200,98.172010,0.300000,1000.000000,0.900730,2468,2740,50.000000,off,,0,-1,0,1,1
1765268529660,2025-12-09 16:22:09.660,680.670500,2.319946,23,10,2,0.001508,0.007712,-0.048097,-0.069351,0.239334,0.968445,-22.858910,1.826268,44.130040,0.827199,0.515073,-0.224540,-8.12604332,11.000001,40.1308594,17.8103409,Building,Surface,2.851517,2.582169,0.009654,0.000000,-22.812760,1.833051,44.115920,342.963000,109.173900,357.678100,104.047200,98.172010,0.300000,1000.000000,0.900730,2468,2740,50.000000,off,,0,-1,0,1,1
1765268529671,2025-12-09 16:22:09.671,680.681600,2.330994,23,10,2,0.001508,0.007712,-0.048097,-0.069351,0.239334,0.968445,-22.858920,1.826220,44.129900,0.826999,0.515351,-0.224637,-8.13748455,11.000001,40.1311378,17.8008175,Building,Surface,2.851517,2.582169,0.009654,0.000000,-22.812780,1.833018,44.115770,342.944800,109.182700,357.672000,104.047200,98.172010,0.300000,1000.000000,0.900730,2468,2740,50.000000,off,,0,-1,0,1,1
1765268529682,2025-12-09 16:22:09.682,680.692800,2.342224,23,10,2,0.028619,0.006303,-0.045713,-0.007980,0.212280,0.977173,-22.865020,1.824540,44.103280,0.823233,0.489569,-0.287408,-7.43606615,11.000001,38.7167091,18.7418537,Building,Surface,2.719818,2.722580,0.000153,0.000000,-22.812830,1.833026,44.115650,342.952500,109.205300,357.683200,104.047200,98.172010,0.300000,1000.000000,0.900730,2468,2740,50.000000,off,,0,-1,0,1,1
1765268529693,2025-12-09 16:22:09.693,680.703900,2.353271,23,10,2,0.027391,0.006356,-0.045792,-0.001709,0.199707,0.979843,-22.864720,1.824600,44.104340,0.827180,0.478120,-0.295217,-6.9906559,11,38.4389496,19.1903763,Building,Surface,2.679337,2.510757,0.000153,0.000000,-22.812840,1.833013,44.115510,342.951000,109.226200,357.684200,104.047200,98.172010,0.300000,1000.000000,0.900730,2468,2740,50.000000,off,,0,-1,0,1,1
1765268529705,2025-12-09 16:22:09.705,680.715100,2.364502,23,10,2,0.018767,0.006862,-0.046699,0.017273,0.203323,0.978958,-22.862880,1.825164,44.112680,0.819289,0.480569,-0.312757,-7.22134066,11,38.1416473,19.0915909,Building,Surface,2.681412,2.513199,0.000152,0.000000,-22.812770,1.833022,44.115350,342.952100,109.231100,357.691900,104.047200,98.172010,0.300000,1000.000000,0.900730,2468,2740,50.000000,off,,0,-1,0,1,1
1765268529715,2025-12-09 16:22:09.715,680.726100,2.375549,23,10,2,0.018767,0.006862,-0.046699,0.017273,0.203323,0.978958,-22.862900,1.825159,44.112540,0.819175,0.480661,-0.312914,-7.22650528,11,38.1396484,19.0879459,Building,Surface,2.681412,2.513199,0.000152,0.000000,-22.812790,1.833024,44.115200,342.946000,109.241900,357.686300,104.047200,98.172010,0.300000,1000.000000,0.900730,2468,2740,50.000000,off,,0,-1,0,1,1
1765268529726,2025-12-09 16:22:09.726,680.737400,2.386780,23,10,2,0.008451,0.007495,-0.047812,0.027145,0.210510,0.977203,-22.860790,1.825824,44.122590,0.812256,0.486587,-0.321639,-7.54639769,11,38.0583649,18.8539314,Building,Surface,2.740158,2.576782,0.000611,0.000000,-22.812770,1.833013,44.115070,342.948300,109.262500,357.672500,104.047200,98.172010,0.300000,1000.000000,0.900730,2468,2740,50.000000,off,,0,-1,0,1,1
1765268529737,2025-12-09 16:22:09.737,680.748300,2.397705,23,10,2,0.004385,0.007689,-0.048036,0.030518,0.213516,0.976456,-22.859770,1.826123,44.126380,0.809491,0.489149,-0.324721,-7.677948,11,38.0363121,18.7546387,Building,Surface,2.693008,2.587189,0.002475,0.000000,-22.812790,1.833038,44.114920,342.945200,109.282100,357.663800,104.047200,98.172010,0.300000,1000.000000,0.900730,2468,2740,50.000000,off,,0,-1,0,1,1
1765268529748,2025-12-09 16:22:09.748,680.759300,2.408752,23,10,2,0.004385,0.007689,-0.048036,0.030518,0.213516,0.976456,-22.859760,1.826145,44.126260,0.809498,0.489040,-0.324867,-7.67446423,11,38.0321083,18.7587719,Building,Surface,2.693008,2.587189,0.002475,0.000000,-22.812790,1.833054,44.114800,342.951900,109.288700,357.654400,104.047200,98.172010,0.300000,1000.000000,0.900730,2468,2740,50.000000,off,,0,-1,0,1,1
1765268529759,2025-12-09 16:22:09.759,680.770600,2.419983,23,10,2,0.018767,0.006862,-0.046699,0.017273,0.203323,0.978958,-22.862910,1.825186,44.112070,0.818745,0.480569,-0.314178,-7.23178339,11,38.1139145,19.0915451,Building,Surface,2.681412,2.513199,0.157395,0.000000,-22.812800,1.833062,44.114670,342.950600,109.318200,357.638500,104.047200,98.172010,0.300000,1000.000000,0.900730,2468,2740,50.000000,off,,0,-1,0,1,1
1765268529770,2025-12-09 16:22:09.770,680.781600,2.430969,23,10,2,0.008451,0.007495,-0.047812,0.027145,0.210510,0.977203,-22.860800,1.825856,44.122130,0.811842,0.486491,-0.322828,-7.55125237,11,38.0343094,18.8575897,Building,Surface,2.740158,2.576782,0.000607,0.000000,-22.812790,1.833048,44.114570,342.952800,109.334600,357.628400,104.047200,98.172010,0.300000,1000.000000,0.900730,2468,2740,50.000000,off,,0,-1,0,1,1
1765268529782,2025-12-09 16:22:09.782,680.792800,2.442200,23,10,2,0.003829,0.007722,-0.048087,0.033173,0.214081,0.976242,-22.859590,1.826147,44.126510,0.807908,0.489479,-0.328138,-7.71772194,11,37.9765244,18.7418842,Building,Surface,2.701599,2.582199,0.009715,0.000000,-22.812750,1.833025,44.114460,342.946200,109.342800,357.623600,104.047200,98.172010,0.300000,1000.000000,0.900730,2468,2740,50.000000,off,,0,-1,0,1,1
1765268529793,2025-12-09 16:22:09.793,680.803900,2.453308,23,10,2,0.003829,0.007722,-0.048087,0.033173,0.214081,0.976242,-22.859600,1.826181,44.126410,0.807883,0.489413,-0.328297,-7.71620798,10.999999,37.9726372,18.7443352,Building,Surface,2.701599,2.582199,0.009715,0.000000,-22.812760,1.833056,44.114350,342.950300,109.352100,357.618700,104.047200,98.172010,0.300000,1000.000000,0.900730,2468,2740,50.000000,off,,0,-1,0,1,1
1765268529804,2025-12-09 16:22:09.804,680.815000,2.464417,23,10,2,0.006561,0.007549,-0.047749,0.028046,0.213684,0.976486,-22.860110,1.825961,44.123590,0.809711,0.489581,-0.323498,-7.68729687,11.000001,38.0617027,18.7382927,Building,Surface,2.715363,2.578232,0.000607,0.000000,-22.812750,1.833026,44.114240,342.932300,109.351700,357.616000,104.047200,98.172010,0.300000,1000.000000,0.900730,2468,2740,50.000000,off,,0,-1,0,1,1
1765268529815,2025-12-09 16:22:09.815,680.826100,2.475525,23,10,2,0.002083,0.007812,-0.048221,0.031586,0.218323,0.975357,-22.859170,1.826277,44.127890,0.806144,0.493657,-0.326218,-7.8784461,11,38.0657196,18.5830402,Building,Surface,2.704346,2.580307,0.000038,0.000000,-22.812740,1.833058,44.114130,342.924600,109.353000,357.616200,104.047200,98.172010,0.300000,1000.000000,0.900730,2468,2740,50.000000,off,,0,-1,0,1,1
1765268529826,2025-12-09 16:22:09.826,680.837200,2.486572,23,10,2,0.002083,0.007812,-0.048221,0.031586,0.218323,0.975357,-22.859150,1.826273,44.127800,0.806007,0.493804,-0.326336,-7.88542557,11,38.065239,18.5775299,Building,Surface,2.704346,2.580307,0.000038,0.000000,-22.812720,1.833062,44.114030,342.914900,109.363000,357.615000,104.047200,98.172010,0.300000,1000.000000,0.900730,2468,2740,50.000000,off,,0,-1,0,1,1
1765268529837,2025-12-09 16:22:09.837,680.848300,2.497681,23,10,2,0.001608,0.007836,-0.048250,0.032730,0.217499,0.975510,-22.859010,1.826340,44.128180,0.805921,0.493039,-0.327721,-7.86375618,11,38.0304871,18.6063309,Building,Surface,2.689987,2.561111,0.009838,0.000000,-22.812710,1.833097,44.113940,342.913300,109.377600,357.613800,104.047200,98.172010,0.300000,1000.000000,0.900730,2468,2740,50.000000,off,,0,-1,0,1,1
1765268529848,2025-12-09 16:22:09.848,680.859300,2.508728,23,10,2,0.011286,0.007301,-0.047569,0.167587,0.180908,0.969101,-22.861350,1.825593,44.118660,0.767636,0.451049,-0.455258,-7.24752188,11,34.8586426,20.3398495,Building,Surface,2.729935,2.668243,0.000153,0.000000,-22.812720,1.833058,44.113850,342.899900,109.364500,357.614000,104.047200,98.172010,0.300000,1000.000000,0.900730,2468,2740,50.000000,off,,0,-1,0,1,1
1765268529859,2025-12-09 16:22:09.859,680.870400,2.519775,23,10,2,0.002083,0.007812,-0.048221,0.031586,0.218323,0.975357,-22.859140,1.826281,44.127530,0.805870,0.493889,-0.326544,-7.89054251,11,38.0621529,18.5743046,Building,Surface,2.704346,2.580307,0.000038,0.000000,-22.812720,1.833076,44.113760,342.908800,109.377200,357.607600,104.047200,98.172010,0.300000,1000.000000,0.900730,2468,2740,50.000000,off,,0,-1,0,1,1
1765268529871,2025-12-09 16:22:09.871,680.881600,2.531006,23,10,2,0.002083,0.007812,-0.048221,0.031586,0.218323,0.975357,-22.859100,1.826287,44.127490,0.805880,0.493844,-0.326587,-7.88895416,11,38.0607643,18.575985,Building,Surface,2.704346,2.580307,0.000038,0.000000,-22.812680,1.833078,44.113710,342.912000,109.380600,357.611700,104.047200,98.172010,0.300000,1000.000000,0.900730,2468,2740,50.000000,off,,0,-1,0,1,1
1765268529882,2025-12-09 16:22:09.882,680.892800,2.542175,23,10,2,0.001608,0.007836,-0.048250,0.032730,0.217499,0.975510,-22.859010,1.826323,44.127840,0.805995,0.492959,-0.327657,-7.85990906,11,38.0303307,18.6093731,Building,Surface,2.689987,2.561111,0.009898,0.000000,-22.812710,1.833075,44.113610,342.918800,109.373300,357.618900,104.047200,98.172010,0.300000,1000.000000,0.900730,2468,2740,50.000000,off,,0,-1,0,1,1
1765268529893,2025-12-09 16:22:09.893,680.903800,2.553223,23,10,2,0.014977,0.007061,-0.047109,0.169449,0.175171,0.969833,-22.862030,1.825414,44.114700,0.769643,0.445136,-0.457688,-6.9991045,11,34.6814079,20.610487,Building,Surface,2.674591,2.647202,0.002444,0.000000,-22.812710,1.833089,44.113530,342.936800,109.364200,357.610700,104.047200,98.172010,0.300000,1000.000000,0.900730,2468,2740,50.000000,off,,0,-1,0,1,1
1765268529904,2025-12-09 16:22:09.904,680.914900,2.564270,23,10,2,0.014977,0.007061,-0.047109,0.169449,0.175171,0.969833,-22.861930,1.825400,44.114630,0.769657,0.445270,-0.457534,-7.00347376,11,34.687336,20.6043129,Building,Surface,2.674591,2.647202,0.002444,0.000000,-22.812610,1.833076,44.113470,342.931000,109.357400,357.626100,104.047200,98.172010,0.300000,1000.000000,0.900730,2468,2740,50.000000,off,,0,-1,0,1,1
1765268529915,2025-12-09 16:22:09.915,680.926000,2.575439,23,10,2,0.015965,0.007008,-0.047022,0.160477,0.172699,0.971802,-22.862130,1.825358,44.113560,0.775303,0.443748,-0.449409,-6.83247709,11.000001,34.8218765,20.675087,Building,Surface,2.639084,2.647400,0.009837,0.000000,-22.812580,1.833093,44.113390,342.937700,109.327400,357.629400,104.047200,98.172010,0.300000,1000.000000,0.900730,2468,2740,50.000000,off,,0,-1,0,1,1
1765268529926,2025-12-09 16:22:09.926,680.937100,2.586487,23,10,2,0.014648,0.007097,-0.047209,0.170258,0.179840,0.968842,-22.861890,1.825416,44.114850,0.767323,0.449526,-0.457303,-7.20124483,11,34.7815399,20.4093018,Building,Surface,2.695511,2.650665,0.009837,0.000000,-22.812570,1.833083,44.113380,342.922000,109.327100,357.620100,104.047200,98.172010,0.300000,1000.000000,0.900730,2468,2740,50.000000,off,,0,-1,0,1,1
1765268529937,2025-12-09 16:22:09.937,680.948200,2.597656,23,10,2,-0.014322,0.009137,-0.051350,0.200501,0.199738,0.959106,-22.856950,1.827311,44.143630,0.743162,0.464682,-0.481416,-8.18715,11,34.6406212,19.7395191,Building,Surface,2.650528,2.615921,0.157399,0.000000,-22.812540,1.833109,44.113310,342.908800,109.308300,357.623500,104.047200,98.172010,0.300000,1000.000000,0.900730,2468,2740,50.000000,off,,0,-1,0,1,1
1765268529948,2025-12-09 16:22:09.948,680.959200,2.608643,23,10,2,-0.014322,0.009137,-0.051350,0.200501,0.199738,0.959106,-22.856930,1.827300,44.143540,0.743257,0.464913,-0.481047,-8.19252396,11,34.652523,19.7297401,Building,Surface,2.650528,2.615921,0.157399,0.000000,-22.812500,1.833112,44.113240,342.895200,109.284800,357.631700,104.047200,98.172010,0.300000,1000.000000,0.900730,2468,2740,50.000000,off,,0,-1,0,1,1
1765268529960,2025-12-09 16:22:09.960,680.970600,2.619995,23,10,2,0.015965,0.007008,-0.047022,0.160477,0.172699,0.971802,-22.862010,1.825374,44.113310,0.775478,0.444416,-0.448447,-6.85285854,11,34.8554649,20.6439877,Building,Surface,2.639084,2.647400,0.040081,0.000000,-22.812460,1.833144,44.113200,342.894200,109.264400,357.629000,104.047200,98.172010,0.300000,1000.000000,0.900730,2468,2740,50.000000,off,,0,-1,0,1,1
1765268529971,2025-12-09 16:22:09.971,680.981600,2.630981,23,10,2,0.014648,0.007097,-0.047209,0.170258,0.179840,0.968842,-22.861710,1.825434,44.114520,0.767798,0.450147,-0.455893,-7.21300793,11.000001,34.8228416,20.3811111,Building,Surface,2.695511,2.650665,0.156415,0.000000,-22.812390,1.833127,44.113120,342.884900,109.233200,357.638000,104.047200,98.172010,0.300000,1000.000000,0.900730,2468,2740,50.000000,off,,0,-1,0,1,1
1765268529982,2025-12-09 16:22:09.982,680.992700,2.642151,23,10,2,-0.015965,0.009251,-0.051578,0.202393,0.201370,0.958374,-22.856500,1.827434,44.145000,0.742348,0.465989,-0.481422,-8.24406052,11,34.6686478,19.6840172,Building,Surface,2.656342,2.625015,0.000152,0.000000,-22.812310,1.833128,44.113120,342.910300,109.200000,357.640900,104.047200,98.172010,0.300000,1000.000000,0.900730,2468,2740,50.000000,off,,0,-1,0,1,1
1765268529993,2025-12-09 16:22:09.993,681.003700,2.653137,23,10,2,-0.015965,0.009251,-0.051578,0.202393,0.201370,0.958374,-22.856480,1.827434,44.144930,0.742819,0.465750,-0.480927,-8.22727299,10.999999,34.6734695,19.6941223,Building,Surface,2.656342,2.625015,0.000152,0.000000,-22.812270,1.833114,44.113080,342.929500,109.161800,357.655200,104.047200,98.172010,0.300000,1000.000000,0.900730,2468,2740,50.000000,off,,0,-1,0,1,1
1765268530004,2025-12-09 16:22:10.004,681.014800,2.664246,23,10,2,-0.014800,0.009165,-0.051394,0.202255,0.200684,0.958542,-22.856640,1.827316,44.143670,0.743660,0.464889,-0.480449,-8.18353844,11,34.6639709,19.7307491,Building,Surface,2.663452,2.636658,0.002475,0.000000,-22.812230,1.833054,44.113020,342.947100,109.124600,357.656400,104.047200,98.172010,0.300000,1000.000000,0.900730,2468,2740,50.000000,off,,0,-1,0,1,1
1765268530015,2025-12-09 16:22:10.015,681.025900,2.675354,23,10,2,-0.012714,0.009014,-0.051086,0.199112,0.199295,0.959488,-22.856960,1.827183,44.141510,0.746293,0.463898,-0.477312,-8.10024357,10.999999,34.7034569,19.7731647,Building,Surface,2.657654,2.637115,0.009899,0.000000,-22.812200,1.833052,44.112960,342.955300,109.086400,357.673100,104.047200,98.172010,0.300000,1000.000000,0.900730,2468,2740,50.000000,off,,0,-1,0,1,1
1765268530027,2025-12-09 16:22:10.027,681.037000,2.686462,23,10,2,-0.012714,0.009014,-0.051086,0.199112,0.199295,0.959488,-22.856930,1.827119,44.141470,0.746430,0.464014,-0.476985,-8.10109329,10.999999,34.7121696,19.7683601,Building,Surface,2.657654,2.637115,0.009899,0.000000,-22.812150,1.832995,44.112950,342.944000,109.059300,357.657300,104.047200,98.172010,0.300000,1000.000000,0.900730,2468,2740,50.000000,off,,0,-1,0,1,1
1765268530038,2025-12-09 16:22:10.038,681.048200,2.697632,23,10,2,0.004221,0.007685,-0.048163,0.083618,0.223846,0.971024,-22.859190,1.826091,44.124370,0.786239,0.495218,-0.369559,-8.29411983,11,37.2782936,18.5248661,Building,Surface,2.855865,2.489090,0.002444,0.000000,-22.812110,1.833038,44.112920,342.951100,109.043800,357.633200,104.047200,98.172010,0.300000,1000.000000,0.900730,2468,2740,50.000000,off,,0,-1,0,1,1
1765268530049,2025-12-09 16:22:10.049,681.059200,2.708618,23,10,2,0.029710,0.005843,-0.044333,-0.045013,0.198822,0.978989,-22.863170,1.824477,44.098860,0.841267,0.478688,-0.251202,-6.73771429,11.000001,39.2838097,19.1678238,Building,Surface,2.840302,2.613037,0.009837,0.000000,-22.812070,1.833068,44.112890,342.953900,109.023900,357.626200,104.047200,98.172010,0.300000,1000.000000,0.900730,2468,2740,50.000000,off,,0,-1,0,1,1
1765268530060,2025-12-09 16:22:10.060,681.070400,2.719788,23,10,2,-0.012714,0.009014,-0.051086,0.199112,0.199295,0.959488,-22.856820,1.827212,44.141310,0.746936,0.463882,-0.476322,-8.08693409,11,34.722538,19.7737942,Building,Surface,2.657654,2.637115,0.039592,0.000000,-22.812010,1.833080,44.112850,342.943300,108.997500,357.616200,104.047200,98.172010,0.300000,1000.000000,0.900730,2468,2740,50.000000,off,,0,-1,0,1,1
1765268530071,2025-12-09 16:22:10.071,681.081400,2.730835,23,10,2,-0.012714,0.009014,-0.051086,0.199112,0.199295,0.959488,-22.856790,1.827233,44.141280,0.747125,0.463762,-0.476141,-8.0793705,11,34.7236671,19.7788563,Building,Surface,2.657654,2.637115,0.039592,0.000000,-22.811980,1.833094,44.112830,342.951800,108.982600,357.618700,104.047200,98.172010,0.300000,1000.000000,0.900730,2468,2740,50.000000,off,,0,-1,0,1,1
1765268530082,2025-12-09 16:22:10.082,681.092600,2.742004,23,10,2,0.004221,0.007685,-0.048163,0.083618,0.223846,0.971024,-22.859090,1.826111,44.124180,0.786946,0.494921,-0.368450,-8.27220917,11,37.2945671,18.5359383,Building,Surface,2.855865,2.489090,0.157399,0.000000,-22.811980,1.833043,44.112800,342.969500,108.955600,357.620200,104.047200,98.172010,0.300000,1000.000000,0.900730,2468,2740,50.000000,off,,0,-1,0,1,1
1765268530092,2025-12-09 16:22:10.092,681.103600,2.753052,23,10,2,0.028672,0.005899,-0.044402,-0.046799,0.209396,0.976700,-22.862800,1.824523,44.099640,0.837480,0.487590,-0.246705,-7.1030941,11,39.4571419,18.8178291,Building,Surface,2.842361,2.612961,0.009837,0.000000,-22.811960,1.833003,44.112750,342.992600,108.918100,357.642300,104.047200,98.172010,0.300000,1000.000000,0.900730,2468,2740,50.000000,off,,0,-1,0,1,1
1765268530103,2025-12-09 16:22:10.103,681.114700,2.764160,23,10,2,0.028672,0.005899,-0.044402,-0.046799,0.209396,0.976700,-22.862740,1.824476,44.099610,0.837792,0.487185,-0.246445,-7.08396101,11,39.4581184,18.8335667,Building,Surface,2.842361,2.612961,0.009837,0.000000,-22.811900,1.832927,44.112740,343.018500,108.899500,357.659700,104.047200,98.172010,0.300000,1000.000000,0.900730,2468,2740,50.000000,off,,0,-1,0,1,1
1765268530115,2025-12-09 16:22:10.115,681.125900,2.775330,23,10,2,0.011006,0.006922,-0.046128,-0.027908,0.222000,0.974640,-22.859060,1.825626,44.116930,0.826682,0.497583,-0.262668,-7.61680841,11,39.2738914,18.4377499,Building,Surface,2.844543,2.615402,0.009838,0.000000,-22.811870,1.832894,44.112710,343.038400,108.875100,357.678600,104.047200,98.172010,0.300000,1000.000000,0.900730,2468,2740,50.000000,off,,0,-1,0,1,1
1765268530126,2025-12-09 16:22:10.126,681.137000,2.786377,23,10,2,-0.000986,0.007624,-0.047343,-0.016327,0.230057,0.973038,-22.856590,1.826357,44.128670,0.819512,0.504191,-0.272372,-7.94575167,11,39.1729202,18.1947327,Building,Surface,2.843719,2.626556,0.009838,0.000000,-22.811840,1.832835,44.112670,343.050000,108.851900,357.690300,104.047200,98.172010,0.300000,1000.000000,0.900730,2468,2740,50.000000,off,,0,-1,0,1,1
1765268530137,2025-12-09 16:22:10.137,681.148100,2.797546,23,10,2,-0.001778,0.007681,-0.047447,-0.016251,0.228775,0.973328,-22.856450,1.826408,44.129400,0.820324,0.503012,-0.272060,-7.89593697,11,39.1677551,18.2370415,Building,Surface,2.843414,2.635254,0.000039,0.000000,-22.811830,1.832829,44.112640,343.052200,108.816700,357.703300,104.047200,98.172010,0.300000,1000.000000,0.900730,2468,2740,50.000000,off,,0,-1,0,1,1
1765268530148,2025-12-09 16:22:10.148,681.159200,2.808594,23,10,2,-0.001778,0.007681,-0.047447,-0.016251,0.228775,0.973328,-22.856400,1.826375,44.129340,0.820400,0.503123,-0.271625,-7.89774895,11.000001,39.1767044,18.2330818,Building,Surface,2.843414,2.635254,0.000039,0.000000,-22.811770,1.832802,44.112600,343.044900,108.787000,357.700200,104.047200,98.172010,0.300000,1000.000000,0.900730,2468,2740,50.000000,off,,0,-1,0,1,1
1765268530159,2025-12-09 16:22:10.159,681.170200,2.819641,23,10,2,-0.005253,0.007921,-0.047895,-0.013748,0.227615,0.973648,-22.855770,1.826569,44.132780,0.820329,0.502022,-0.273905,-7.86591101,11,39.1277161,18.2728748,Building,Surface,2.838776,2.624695,0.002475,0.000000,-22.811730,1.832765,44.112610,343.044200,108.768600,357.699100,104.047200,98.172010,0.300000,1000.000000,0.900730,2468,2740,50.000000,off,,0,-1,0,1,1
1765268530170,2025-12-09 16:22:10.170,681.181500,2.830872,23,10,2,-0.000986,0.007624,-0.047343,-0.016327,0.230057,0.973038,-22.856490,1.826282,44.128480,0.820059,0.504178,-0.270747,-7.93519258,11,39.2021255,18.1953583,Building,Surface,2.843719,2.626556,0.002459,0.000000,-22.811710,1.832759,44.112570,343.050700,108.742100,357.705200,104.047200,98.172010,0.300000,1000.000000,0.900730,2468,2740,50.000000,off,,0,-1,0,1,1
1765268530181,2025-12-09 16:22:10.181,681.192600,2.841980,23,10,2,-0.000986,0.007624,-0.047343,-0.016327,0.230057,0.973038,-22.856460,1.826222,44.128420,0.820264,0.504001,-0.270455,-7.92609692,11.000001,39.2056274,18.20187,Building,Surface,2.843719,2.626556,0.002459,0.000000,-22.811670,1.832689,44.112530,343.062500,108.719000,357.703600,104.047200,98.172010,0.300000,1000.000000,0.900730,2468,2740,50.000000,off,,0,-1,0,1,1
1765268530192,2025-12-09 16:22:10.192,681.203600,2.853027,23,10,2,-0.001778,0.007681,-0.047447,-0.016251,0.228775,0.973328,-22.856300,1.826268,44.129140,0.821146,0.502524,-0.270476,-7.86602116,10.999999,39.1915131,18.255024,Building,Surface,2.843414,2.635254,0.000155,0.000000,-22.811640,1.832663,44.112470,343.084500,108.700900,357.707100,104.047200,98.172010,0.300000,1000.000000,0.900730,2468,2740,50.000000,off,,0,-1,0,1,1
1765268530204,2025-12-09 16:22:10.204,681.214900,2.864319,23,10,2,-0.006115,0.007990,-0.048042,-0.013123,0.227036,0.973785,-22.855520,1.826530,44.133360,0.821472,0.500398,-0.273425,-7.79601288,10.999999,39.1208382,18.3321209,Building,Surface,2.846329,2.620987,0.039596,0.000000,-22.811560,1.832611,44.112380,343.116000,108.679200,357.717000,104.047200,98.172010,0.300000,1000.000000,0.900730,2468,2740,50.000000,off,,0,-1,0,1,1
1765268530215,2025-12-09 16:22:10.215,681.225900,2.875305,23,10,2,-0.006268,0.008005,-0.048112,-0.010544,0.230103,0.973099,-22.855520,1.826505,44.133450,0.819462,0.502548,-0.275512,-7.89708424,11,39.1042595,18.2537823,Building,Surface,2.851318,2.626602,0.000615,0.000000,-22.811540,1.832559,44.112310,343.148200,108.675100,357.721300,104.047200,98.172010,0.300000,1000.000000,0.900730,2468,2740,50.000000,off,,0,-1,0,1,1
1765268530226,2025-12-09 16:22:10.226,681.237000,2.886414,23,10,2,-0.006268,0.008005,-0.048112,-0.010544,0.230103,0.973099,-22.855420,1.826479,44.133340,0.819805,0.501856,-0.275754,-7.87004757,11,39.0927811,18.2790051,Building,Surface,2.851318,2.626602,0.000615,0.000000,-22.811430,1.832495,44.112190,343.194000,108.684900,357.728400,104.047200,98.172010,0.300000,1000.000000,0.900730,2468,2740,50.000000,off,,0,-1,0,1,1
1765268530237,2025-12-09 16:22:10.237,681.248000,2.897461,23,10,2,-0.004370,0.007893,-0.047914,-0.011902,0.228439,0.973480,-22.855750,1.826311,44.131390,0.821225,0.499819,-0.275245,-7.78295946,11,39.0795326,18.3539257,Building,Surface,2.850250,2.626663,0.009776,0.000000,-22.811400,1.832415,44.112080,343.234200,108.718400,357.733600,104.047200,98.172010,0.300000,1000.000000,0.900730,2468,2740,50.000000,off,,0,-1,0,1,1
1765268530248,2025-12-09 16:22:10.248,681.259200,2.908630,23,10,2,-0.005965,0.007999,-0.048136,-0.011887,0.231155,0.972839,-22.855510,1.826364,44.132800,0.820140,0.501516,-0.275396,-7.85366535,11,39.0953102,18.2917252,Building,Surface,2.852661,2.624313,0.002475,0.000000,-22.811430,1.832334,44.111870,343.281500,108.750900,357.763900,104.047200,98.172010,0.300000,1000.000000,0.900730,2468,2740,50.000000,off,,0,-1,0,1,1
1765268530259,2025-12-09 16:22:10.259,681.270300,2.919739,23,10,2,0.005528,0.007365,-0.047057,-0.019791,0.217423,0.975861,-22.857970,1.825548,44.121350,0.829193,0.488798,-0.271079,-7.29450512,11,39.0333557,18.7691154,Building,Surface,2.860413,2.627396,0.000626,0.000000,-22.811500,1.832197,44.111610,343.329300,108.862800,357.834300,104.047200,98.172010,0.300000,1000.000000,0.900730,2468,2740,50.000000,off,,0,-1,0,1,1
1765268530270,2025-12-09 16:22:10.270,681.281400,2.930786,23,10,2,0.005528,0.007365,-0.047057,-0.019791,0.217423,0.975861,-22.858040,1.825510,44.121130,0.828942,0.488164,-0.272982,-7.27901983,11.000001,38.9907494,18.7935677,Building,Surface,2.860413,2.627396,0.000626,0.000000,-22.811590,1.832116,44.111250,343.369600,109.011300,357.934200,104.047200,98.172010,0.300000,1000.000000,0.900730,2468,2740,50.000000,off,,0,-1,0,1,1
1765268530282,2025-12-09 16:22:10.282,681.292500,2.941895,23,10,2,-0.004370,0.007893,-0.047914,-0.011902,0.228439,0.973480,-22.855910,1.826041,44.130520,0.820482,0.497131,-0.282241,-7.71489096,11,38.9220963,18.4537144,Building,Surface,2.850250,2.626663,0.000010,0.000000,-22.811740,1.832018,44.110740,343.410600,109.254900,358.049200,104.047200,98.172010,0.300000,1000.000000,0.900730,2468,2740,50.000000,off,,0,-1,0,1,1
1765268530293,2025-12-09 16:22:10.293,681.303600,2.953003,23,10,2,-0.005965,0.007999,-0.048136,-0.011887,0.231155,0.972839,-22.855720,1.826124,44.131740,0.818473,0.498677,-0.285331,-7.79873657,11.000001,38.8826637,18.3963432,Building,Surface,2.852661,2.624313,0.039353,0.000000,-22.811950,1.831977,44.110160,343.467600,109.525100,358.201700,104.047200,98.172010,0.300000,1000.000000,0.900730,2468,2740,50.000000,off,,0,-1,0,1,1
1765268530304,2025-12-09 16:22:10.304,681.314800,2.964172,23,10,2,-0.005965,0.007999,-0.048136,-0.011887,0.231155,0.972839,-22.855770,1.826068,44.131450,0.817201,0.498295,-0.289613,-7.81057119,11,38.7994881,18.4105606,Building,Surface,2.852661,2.624313,0.039353,0.000000,-22.812130,1.831915,44.109600,343.492100,109.857900,358.344200,104.047200,98.172010,0.300000,1000.000000,0.900730,2468,2740,50.000000,off,,0,-1,0,1,1
1765268530315,2025-12-09 16:22:10.315,681.325900,2.975281,23,10,2,0.005359,0.007379,-0.047093,-0.019333,0.217850,0.975784,-22.858610,1.825444,44.120020,0.824760,0.485960,-0.289138,-7.28776121,11,38.6613121,18.879118,Building,Surface,2.859985,2.648376,0.009899,0.000000,-22.812390,1.831857,44.108920,343.531100,110.207400,358.479900,104.047200,98.172010,0.300000,1000.000000,0.900730,2468,2740,50.000000,off,,0,-1,0,1,1
1765268530326,2025-12-09 16:22:10.326,681.336900,2.986328,23,10,2,0.007896,0.007275,-0.046927,-0.014328,0.219574,0.975479,-22.859540,1.825284,44.117170,0.820733,0.486902,-0.298832,-7.39442968,11,38.4862633,18.8428249,Building,Surface,2.989120,2.721619,0.009899,0.000000,-22.812690,1.831773,44.108190,343.562700,110.592500,358.592100,104.047200,98.172010,0.300000,1000.000000,0.900730,2468,2740,50.000000,off,,0,-1,0,1,1
1765268530337,2025-12-09 16:22:10.337,681.348300,2.997681,23,10,2,0.012746,0.007371,-0.047649,0.064804,0.224518,0.972305,-22.862180,1.825073,44.112460,0.786793,0.488388,-0.377385,-8.08137608,11,37.02285,18.7860069,Building,Surface,2.927048,2.762344,0.000615,0.000000,-22.813010,1.831742,44.107400,343.600500,111.021700,358.662300,104.047200,98.172010,0.300000,1000.000000,0.900730,2468,2740,50.000000,off,,0,-1,0,1,1
1765268530348,2025-12-09 16:22:10.348,681.359100,3.008545,23,10,2,0.012746,0.007371,-0.047649,0.064804,0.224518,0.972305,-22.862520,1.825055,44.111980,0.784264,0.488088,-0.382995,-8.1201458,11,36.9125481,18.7975845,Building,Surface,2.927048,2.762344,0.000615,0.000000,-22.813390,1.831689,44.106550,343.625200,111.442900,358.726600,104.047200,98.172010,0.300000,1000.000000,0.900730,2468,2740,50.000000,off,,0,-1,0,1,1
1765268530359,2025-12-09 16:22:10.359,681.370200,3.019592,23,10,2,-0.000922,0.008668,-0.051203,0.209106,0.163101,0.964188,-22.861320,1.825591,44.125530,0.737096,0.423912,-0.526283,-6.90889597,10.999999,32.7355804,21.6420956,Building,Surface,2.792130,2.746826,0.000615,0.000000,-22.813760,1.831685,44.105550,343.634500,111.957700,358.795100,104.047200,98.172010,0.300000,1000.000000,0.900730,2468,2740,50.000000,off,,0,-1,0,1,1
1765268530371,2025-12-09 16:22:10.371,681.381300,3.030762,23,10,2,0.007896,0.007275,-0.046927,-0.014328,0.219574,0.975479,-22.860790,1.825258,44.115110,0.811103,0.485615,-0.325988,-7.5365777,11,37.9561996,18.8928318,Building,Surface,2.989120,2.721619,0.000626,0.000000,-22.814270,1.831645,44.104500,343.644400,112.545500,358.849500,104.047200,98.172010,0.300000,1000.000000,0.900730,2468,2740,50.000000,off,,0,-1,0,1,1
1765268530382,2025-12-09 16:22:10.382,681.392400,3.041809,23,10,2,0.007896,0.007275,-0.046927,-0.014328,0.219574,0.975479,-22.861140,1.825247,44.114480,0.807975,0.485324,-0.334088,-7.5868721,10.999999,37.7987518,18.9041767,Building,Surface,2.989120,2.721619,0.000626,0.000000,-22.814730,1.831609,44.103390,343.662700,113.131700,358.918500,104.047200,98.172010,0.300000,1000.000000,0.900730,2468,2740,50.000000,off,,0,-1,0,1,1
1765268530393,2025-12-09 16:22:10.393,681.403600,3.052979,23,10,2,0.012746,0.007371,-0.047649,0.064804,0.224518,0.972305,-22.864220,1.825012,44.109660,0.768688,0.487567,-0.413985,-8.3991251,10.999999,36.3193321,18.8177719,Building,Surface,2.927048,2.762344,0.000615,0.000000,-22.815350,1.831547,44.102180,343.678900,113.786100,358.980100,104.047200,98.172010,0.300000,1000.000000,0.900730,2468,2740,50.000000,off,,0,-1,0,1,1
1765268530404,2025-12-09 16:22:10.404,681.414700,3.064087,23,10,2,-0.031581,0.010999,-0.056275,0.247879,0.175613,0.952728,-22.855120,1.826709,44.153220,0.684883,0.432023,-0.586742,-8.31276703,11.000001,31.6947327,21.2330723,Building,Surface,2.972397,2.745148,0.002429,0.000000,-22.815990,1.831444,44.100960,343.693700,114.440400,359.036300,104.047200,98.172010,0.300000,1000.000000,0.900730,2468,2740,50.000000,off,,0,-1,0,1,1
1765268530415,2025-12-09 16:22:10.415,681.425700,3.075134,23,10,2,-0.031899,0.010566,-0.054866,0.227356,0.178421,0.957321,-22.853690,1.826632,44.152060,0.689787,0.436355,-0.577734,-8.35249996,10.999999,32.0065269,21.0225945,Building,Surface,3.079773,2.812103,0.009838,0.000000,-22.816680,1.831400,44.099650,343.707600,115.128100,359.095300,104.047200,98.172010,0.300000,1000.000000,0.900730,2468,2740,50.000000,off,,0,-1,0,1,1
1765268530426,2025-12-09 16:22:10.426,681.436800,3.086243,23,10,2,-0.031899,0.010566,-0.054866,0.227356,0.178421,0.957321,-22.853750,1.826526,44.151230,0.682803,0.436428,-0.585919,-8.50160313,11,31.8355331,21.0193462,Building,Surface,3.079773,2.812103,0.009838,0.000000,-22.817390,1.831315,44.098370,343.717300,115.824100,359.152500,104.047200,98.172010,0.300000,1000.000000,0.900730,2468,2740,50.000000,off,,0,-1,0,1,1
1765268530437,2025-12-09 16:22:10.437,681.448000,3.097412,23,10,2,-0.020098,0.009743,-0.053250,0.235794,0.187714,0.953491,-22.857450,1.825917,44.138900,0.666061,0.444043,-0.599307,-9.09640408,11,31.7570114,20.6601429,Building,Surface,2.903870,2.793991,0.009778,0.000000,-22.818130,1.831208,44.096940,343.739400,116.551700,359.208100,104.047200,98.172010,0.300000,1000.000000,0.900730,2468,2740,50.000000,off,,0,-1,0,1,1
1765268530449,2025-12-09 16:22:10.449,681.459000,3.108459,23,10,2,-0.024178,0.009962,-0.053620,0.218658,0.190445,0.957031,-22.856220,1.826025,44.141860,0.668532,0.447687,-0.593828,-9.15669727,11,31.9731674,20.4918442,Building,Surface,2.838989,2.791824,0.002444,0.000000,-22.818950,1.831153,44.095560,343.766900,117.299200,359.267200,104.047200,98.172010,0.300000,1000.000000,0.900730,2468,2740,50.000000,off,,0,-1,0,1,1
1765268530460,2025-12-09 16:22:10.460,681.470200,3.119568,23,10,2,-0.024178,0.009962,-0.053620,0.218658,0.190445,0.957031,-22.856430,1.825915,44.140970,0.660449,0.447386,-0.603028,-9.31327534,11,31.7752934,20.5058708,Building,Surface,2.838989,2.791824,0.002444,0.000000,-22.819820,1.831035,44.094140,343.801900,118.099600,359.329000,104.047200,98.172010,0.300000,1000.000000,0.900730,2468,2740,50.000000,off,,0,-1,0,1,1
1765268530471,2025-12-09 16:22:10.471,681.481300,3.130676,23,10,2,-0.032811,0.011406,-0.059007,0.320450,0.096939,0.942276,-22.857510,1.825785,44.150260,0.614276,0.352179,-0.706120,-6.85569906,11,25.7559319,26.0494804,Building,Surface,3.139893,2.745926,0.000039,0.000000,-22.820820,1.830929,44.092670,343.843800,118.893300,359.418600,104.047200,98.172010,0.300000,1000.000000,0.900730,2468,2740,50.000000,off,,0,-1,0,1,1
1765268530482,2025-12-09 16:22:10.482,681.492400,3.141846,23,10,2,-0.033059,0.010431,-0.055717,0.356354,0.155426,0.921326,-22.854560,1.825575,44.147900,0.554875,0.402088,-0.728303,-10.194006,11,27.5302429,22.816803,Building,Surface,3.166000,2.790726,0.000039,0.000000,-22.821810,1.830743,44.091270,343.879700,119.699500,359.492400,104.047200,98.172010,0.300000,1000.000000,0.900730,2468,2740,50.000000,off,,0,-1,0,1,1
1765268530493,2025-12-09 16:22:10.493,681.503700,3.153137,23,10,2,-0.024178,0.009962,-0.053620,0.218658,0.190445,0.957031,-22.857460,1.825487,44.138170,0.636087,0.446375,-0.629390,-9.78372288,11,31.2020798,20.5532608,Building,Surface,2.838989,2.791824,0.159375,0.000000,-22.822850,1.830591,44.089850,343.935600,120.466200,359.602900,104.047200,98.172010,0.300000,1000.000000,0.900730,2468,2740,50.000000,off,,0,-1,0,1,1
1765268530503,2025-12-09 16:22:10.503,681.514600,3.164063,23,10,2,-0.024178,0.009962,-0.053620,0.218658,0.190445,0.957031,-22.857900,1.825307,44.137240,0.628172,0.446105,-0.637480,-9.9387846,11,31.0266895,20.5661201,Building,Surface,2.838989,2.791824,0.159375,0.000000,-22.823950,1.830413,44.088450,343.980000,121.216800,359.712200,104.047200,98.172010,0.300000,1000.000000,0.900730,2468,2740,50.000000,off,,0,-1,0,1,1
1765268530514,2025-12-09 16:22:10.514,681.525700,3.175110,23,10,2,-0.032811,0.011406,-0.059007,0.320450,0.096939,0.942276,-22.858530,1.825114,44.146640,0.576314,0.351943,-0.737542,-7.83446217,11,24.9194832,26.0688438,Building,Surface,3.139893,2.745926,0.002460,0.000000,-22.825070,1.830319,44.087140,344.009100,121.958500,359.846100,104.047200,98.172010,0.300000,1000.000000,0.900730,2468,2740,50.000000,off,,0,-1,0,1,1
1765268530526,2025-12-09 16:22:10.526,681.536900,3.186279,23,10,2,-0.033132,0.010651,-0.056711,0.396210,0.178207,0.900681,-22.856680,1.824961,44.144700,0.473538,0.418606,-0.774917,-20.2029991,4.17080784,39.8021049,5.60385036,Building,Surface,3.202972,2.749298,0.633609,0.000000,-22.826230,1.830286,44.085780,344.059400,122.701000,359.983000,104.047200,98.172010,0.300000,1000.000000,0.900730,2468,2740,50.000000,off,,0.562465906,0,0.826820552,1,1
1765268530537,2025-12-09 16:22:10.537,681.548000,3.197388,23,10,2,-0.033246,0.010739,-0.057381,0.450119,0.113693,0.885681,-22.857560,1.824807,44.144240,0.436490,0.353149,-0.827482,-20.7709064,3.51304722,40.1884384,4.78044367,Building,Surface,3.274811,2.793991,0.633609,0.000000,-22.827420,1.830284,44.084450,344.085800,123.447300,0.127355,104.047200,98.172010,0.300000,1000.000000,0.900730,2468,2740,50.000000,off,,0.562465906,0,0.826820552,1,1
1765268530548,2025-12-09 16:22:10.548,681.559300,3.208679,23,10,2,-0.033246,0.010739,-0.057381,0.450119,0.113693,0.885681,-22.858010,1.824752,44.143250,0.425214,0.354243,-0.832868,-20.8751011,3.47669864,40.2593231,4.66323471,Building,Surface,3.274811,2.793991,0.633609,0.000000,-22.828700,1.830310,44.083060,344.080500,124.217400,0.262294,104.047200,98.172010,0.300000,1000.000000,0.900730,2468,2740,50.000000,off,,0.562465906,0,0.826820552,1,1
1765268530559,2025-12-09 16:22:10.559,681.570300,3.219727,23,10,2,-0.033318,0.009898,-0.054829,0.511719,0.074066,0.855942,-22.856260,1.824561,44.140740,0.363761,0.309388,-0.878598,-21.3959579,3.06658554,40.6136475,4.0144105,Building,Surface,3.325470,2.952805,10.074750,0.000000,-22.830030,1.830303,44.081630,344.075400,124.989500,0.386494,104.047200,98.172010,0.300000,1000.000000,0.900730,2468,2740,50.000000,off,,0.562465906,0,0.826820552,1,1
1765268530570,2025-12-09 16:22:10.570,681.581400,3.230835,23,10,2,-0.031835,0.009795,-0.055322,0.499100,0.001068,0.866531,-22.858060,1.824293,44.138750,0.383038,0.243259,-0.891115,-21.3208694,2.80052853,40.5625687,4.01311111,Building,Surface,3.274490,2.891373,2.550120,0.000000,-22.831450,1.830339,44.080230,344.060800,125.773800,0.509511,104.047200,98.172010,0.300000,1000.000000,0.900730,2468,2740,50.000000,off,,0.562465906,0,0.826820552,1,1
1765268530581,2025-12-09 16:22:10.581,681.592500,3.241943,23,10,2,-0.031835,0.009795,-0.055322,0.499100,0.001068,0.866531,-22.858630,1.824202,44.137730,0.370448,0.244617,-0.896052,-21.4039402,2.78477383,40.6190796,3.92679811,Building,Surface,3.274490,2.891373,2.550120,0.000000,-22.832840,1.830336,44.078840,344.030200,126.561200,0.618529,104.047200,98.172010,0.300000,1000.000000,0.900730,2468,2740,50.000000,off,,0.562465906,0,0.826820552,1,1
1765268530593,2025-12-09 16:22:10.593,681.603600,3.253052,23,10,2,-0.033246,0.010739,-0.057381,0.450119,0.113693,0.885681,-22.860190,1.824494,44.139180,0.378593,0.358917,-0.853118,-21.252264,3.34885263,40.5158958,4.24703121,Building,Surface,3.274811,2.793991,2.534435,0.000000,-22.834320,1.830395,44.077460,344.000900,127.340500,0.731324,104.047200,98.172010,0.300000,1000.000000,0.900730,2468,2740,50.000000,off,,0.562465906,0,0.826820552,1,1
1765268530604,2025-12-09 16:22:10.604,681.614800,3.264221,23,10,2,-0.033318,0.009898,-0.054829,0.511719,0.074066,0.855942,-22.858600,1.824306,44.136590,0.314345,0.315025,-0.895502,-21.692852,2.99257755,40.8156128,3.70846224,Building,Surface,3.325470,2.952805,0.637561,0.000000,-22.835760,1.830423,44.076130,343.964400,128.114000,0.863058,104.047200,98.172010,0.300000,1000.000000,0.900730,2468,2740,50.000000,off,,0.562465906,0,0.826820552,1,1
1765268530615,2025-12-09 16:22:10.615,681.625900,3.275330,23,10,2,-0.031462,0.009787,-0.055346,0.478867,0.010757,0.877808,-22.860840,1.823963,44.134310,0.351549,0.261664,-0.898844,-21.5157318,2.82515025,40.6951256,3.82618523,Building,Surface,3.431335,2.840118,0.158414,0.000000,-22.837340,1.830429,44.074690,343.924900,128.911200,1.029389,104.047200,98.172010,0.300000,1000.000000,0.900730,2468,2740,50.000000,off,,0.562465906,0,0.826820552,1,1
1765268530626,2025-12-09 16:22:10.626,681.637000,3.286438,23,10,2,-0.031462,0.009787,-0.055346,0.478867,0.010757,0.877808,-22.861620,1.823841,44.133180,0.338493,0.263515,-0.903304,-21.5929775,2.81147194,40.747673,3.74786639,Building,Surface,3.431335,2.840118,0.158414,0.000000,-22.839000,1.830429,44.073230,343.896500,129.717100,1.208285,104.047200,98.172010,0.300000,1000.000000,0.900730,2468,2740,50.000000,off,,0.562465906,0,0.826820552,1,1
1765268530637,2025-12-09 16:22:10.637,681.648300,3.297668,23,10,2,-0.028619,0.009400,-0.054360,0.468857,-0.001862,0.883255,-22.863430,1.823699,44.129200,0.338232,0.254346,-0.906023,-21.6038055,2.7709198,40.7550392,3.72408748,Building,Surface,3.347885,2.921997,0.629748,0.000000,-22.840650,1.830430,44.071770,343.876900,130.534900,1.380551,104.047200,98.172010,0.300000,1000.000000,0.900730,2468,2740,50.000000,off,,0.562465906,0,0.826820552,1,1
1765268530649,2025-12-09 16:22:10.649,681.659400,3.308838,23,10,2,-0.022732,0.008704,-0.052574,0.444336,-0.027740,0.895416,-22.866840,1.823558,44.122360,0.354925,0.233748,-0.905188,-21.525671,2.70683169,40.701889,3.77869654,Building,Surface,3.208221,2.980011,0.010022,0.000000,-22.842410,1.830401,44.070270,343.865200,131.357000,1.550924,104.047200,98.172010,0.300000,1000.000000,0.900730,2468,2740,50.000000,off,,0.562465906,0,0.826820552,1,1
1765268530659,2025-12-09 16:22:10.659,681.670300,3.319763,23,10,2,-0.022732,0.008704,-0.052574,0.444336,-0.027740,0.895416,-22.867820,1.823492,44.121190,0.341795,0.235168,-0.909861,-21.6031342,2.69364452,40.7545853,3.70008373,Building,Surface,3.208221,2.980011,0.010022,0.000000,-22.844160,1.830410,44.068760,343.858100,132.164800,1.726723,104.047200,98.172010,0.300000,1000.000000,0.900730,2468,2740,50.000000,off,,0.562465906,0,0.826820552,1,1
1765268530671,2025-12-09 16:22:10.671,681.681400,3.330811,23,10,2,-0.024851,0.008802,-0.052785,0.426163,-0.040787,0.903717,-22.867580,1.823352,44.121710,0.348907,0.226094,-0.909466,-21.5661716,2.6666739,40.7294388,3.72992992,Building,Surface,3.067490,2.925858,0.009900,0.000000,-22.846010,1.830394,44.067250,343.830100,132.993900,1.900351,104.047200,98.172010,0.300000,1000.000000,0.900730,2468,2740,50.000000,off,,0.562465906,0,0.826820552,1,1
1765268530682,2025-12-09 16:22:10.682,681.692700,3.342102,23,10,2,-0.003300,0.007707,-0.051450,0.320313,-0.114517,0.940353,-22.882590,1.823327,44.104000,0.447878,0.163539,-0.878999,-20.9493332,2.52923965,40.3098183,4.31643343,Building,Surface,3.017517,2.799805,0.002460,0.000000,-22.847890,1.830400,44.065760,343.798800,133.812600,2.062052,104.047200,98.172010,0.300000,1000.000000,0.900730,2468,2740,50.000000,off,,0.562465906,0,0.826820552,1,1
1765268530693,2025-12-09 16:22:10.693,681.703700,3.353088,23,10,2,-0.022732,0.008704,-0.052574,0.444336,-0.027740,0.895416,-22.871120,1.823162,44.117610,0.300655,0.240028,-0.923021,-21.8191338,2.6630168,40.88797,3.49894285,Building,Surface,3.208221,2.980011,0.002460,0.000000,-22.849880,1.830342,44.064200,343.780600,134.668600,2.221849,104.047200,98.172010,0.300000,1000.000000,0.900730,2468,2740,50.000000,off,,0.393442094,0,0.919349432,1,1
1765268530704,2025-12-09 16:22:10.704,681.714800,3.364197,23,10,2,-0.022732,0.008704,-0.052574,0.444336,-0.027740,0.895416,-22.872320,1.823027,44.116350,0.286002,0.241723,-0.927226,-21.8852615,2.65727019,40.9162712,3.45119333,Building,Surface,3.208221,2.980011,0.002460,0.000000,-22.851930,1.830298,44.062610,343.757400,135.553300,2.402151,104.047200,98.172010,0.300000,1000.000000,0.900730,2468,2740,50.000000,off,,0.393442094,0,0.919349432,1,1
1765268530715,2025-12-09 16:22:10.715,681.726000,3.375366,23,10,2,-0.024851,0.008802,-0.052785,0.426163,-0.040787,0.903717,-22.872060,1.822834,44.116670,0.291862,0.232393,-0.927789,-21.8621788,2.62694478,40.906395,3.46010351,Building,Surface,3.067490,2.925858,0.002505,0.000000,-22.853950,1.830250,44.061000,343.730600,136.459100,2.567711,104.047200,98.172010,0.300000,1000.000000,0.900730,2468,2740,50.000000,off,,0.393442094,0,0.919349432,1,1
1765268530726,2025-12-09 16:22:10.726,681.736900,3.386353,23,10,2,0.008436,0.006426,-0.048214,0.325455,-0.092163,0.941040,-22.894760,1.823165,44.089330,0.384129,0.190792,-0.903335,-21.4252567,2.55304909,40.6335793,3.82549119,Building,Surface,3.073685,2.762650,0.000623,0.000000,-22.856140,1.830140,44.059380,343.705500,137.347700,2.773919,104.047200,98.172010,0.300000,1000.000000,0.900730,2468,2740,50.000000,off,,0.562465906,0,0.826820552,1,1
1765268530737,2025-12-09 16:22:10.737,681.748200,3.397583,23,10,2,0.008436,0.006426,-0.048214,0.325455,-0.092163,0.941040,-22.896430,1.823064,44.088390,0.369530,0.192191,-0.909111,-21.5177002,2.54013562,40.6964645,3.73098397,Building,Surface,3.073685,2.762650,0.000623,0.000000,-22.858300,1.830035,44.057830,343.681100,138.243500,2.955944,104.047200,98.172010,0.300000,1000.000000,0.900730,2468,2740,50.000000,off,,0.562465906,0,0.826820552,1,1
1765268530748,2025-12-09 16:22:10.748,681.759200,3.408569,23,10,2,0.024971,0.005144,-0.045436,0.295776,-0.117523,0.947983,-22.908970,1.823345,44.074490,0.385071,0.169788,-0.907116,-21.4576607,2.4632659,40.6556206,3.76888156,Building,Surface,3.193680,2.791473,0.000010,0.000000,-22.860610,1.829874,44.056240,343.660100,139.164000,3.169205,104.047200,98.172010,0.300000,1000.000000,0.900730,2468,2740,50.000000,off,,0.562465906,0,0.826820552,1,1
1765268530759,2025-12-09 16:22:10.759,681.770300,3.419739,23,10,2,0.023520,0.004953,-0.044636,0.258484,-0.105408,0.960236,-22.909360,1.823228,44.073960,0.405143,0.184145,-0.895504,-21.3206825,2.54531169,40.562439,3.92123508,Building,Surface,3.213348,2.844803,0.000010,0.000000,-22.862940,1.829715,44.054640,343.644300,140.059400,3.399233,104.047200,98.172010,0.300000,1000.000000,0.900730,2468,2740,50.000000,off,,0.562465906,0,0.826820552,1,1
1765268530770,2025-12-09 16:22:10.770,681.781300,3.430725,23,10,2,0.005638,0.006746,-0.049214,0.227219,-0.114853,0.967041,-22.900410,1.822476,44.088030,0.419933,0.176369,-0.890246,-21.1980057,2.53747368,40.4789886,4.05396318,Building,Surface,2.994583,2.763214,0.000155,0.000000,-22.865390,1.829541,44.053050,343.632900,140.990900,3.640345,104.047200,98.172010,0.300000,1000.000000,0.900730,2468,2740,50.000000,off,,0.562465906,0,0.826820552,1,1
1765268530781,2025-12-09 16:22:10.781,681.792500,3.441895,23,10,2,0.005638,0.006746,-0.049214,0.227219,-0.114853,0.967041,-22.902360,1.822384,44.086960,0.405171,0.177407,-0.896857,-21.3054008,2.5216248,40.5520439,3.9414289,Building,Surface,2.994583,2.763214,0.000155,0.000000,-22.867920,1.829429,44.051410,343.631100,141.903000,3.896996,104.047200,98.172010,0.300000,1000.000000,0.900730,2468,2740,50.000000,off,,0.562465906,0,0.826820552,1,1
1765268530792,2025-12-09 16:22:10.792,681.803500,3.452942,23,10,2,0.029720,0.004624,-0.044431,0.147080,-0.124222,0.981293,-22.920740,1.823364,44.067650,0.464049,0.167947,-0.869742,-20.8966255,2.5559237,40.2739639,4.36184883,Building,Surface,3.079117,2.841080,0.000002,0.000000,-22.870480,1.829391,44.049860,343.629800,142.829600,4.164864,104.047200,98.172010,0.300000,1000.000000,0.900730,2468,2740,50.000000,off,,0.562465906,0,0.826820552,1,1
1765268530804,2025-12-09 16:22:10.804,681.814600,3.464050,23,10,2,0.028869,0.004643,-0.044442,0.143005,-0.108109,0.983795,-22.922430,1.823465,44.067420,0.452282,0.184607,-0.872555,-20.9885273,2.61282229,40.3364792,4.27585936,Building,Surface,3.116776,2.791016,0.000002,0.000000,-22.873160,1.829411,44.048260,343.622400,143.765700,4.439408,104.047200,98.172010,0.300000,1000.000000,0.900730,2468,2740,50.000000,off,,0.562465906,0,0.826820552,1,1
1765268530815,2025-12-09 16:22:10.815,681.825800,3.475220,23,10,2,0.028869,0.004643,-0.044442,0.143005,-0.108109,0.983795,-22.924800,1.823636,44.066680,0.437255,0.186116,-0.879864,-21.1131973,2.59473825,40.4212952,4.14311028,Building,Surface,3.116776,2.791016,0.000002,0.000000,-22.875850,1.829484,44.046670,343.575400,144.709300,4.721308,104.047200,98.172010,0.300000,1000.000000,0.900730,2468,2740,50.000000,off,,0.562465906,0,0.826820552,1,1
1765268530826,2025-12-09 16:22:10.826,681.837000,3.486389,23,10,2,0.005638,0.006746,-0.049214,0.227219,-0.114853,0.967041,-22.910630,1.822575,44.082900,0.342753,0.183466,-0.921330,-21.6959076,2.4727807,40.8176956,3.54399204,Building,Surface,2.994583,2.763214,0.000002,0.000000,-22.878710,1.829618,44.045070,343.524700,145.682400,4.984509,104.047200,98.172010,0.300000,1000.000000,0.900730,2468,2740,50.000000,off,,0.562465906,0,0.826820552,1,1
1765268530837,2025-12-09 16:22:10.837,681.848000,3.497437,23,10,2,0.029720,0.004624,-0.044431,0.147080,-0.124222,0.981293,-22.930460,1.824155,44.064820,0.402199,0.173544,-0.898954,-21.3821888,2.49221587,40.6042824,3.84951782,Building,Surface,3.079117,2.841080,0.000619,0.000000,-22.881540,1.829795,44.043520,343.463200,146.677300,5.219534,104.047200,98.172010,0.300000,1000.000000,0.900730,2468,2740,50.000000,off,,0.562465906,0,0.826820552,1,1
1765268530848,2025-12-09 16:22:10.848,681.859100,3.508484,23,10,2,0.028161,0.004532,-0.044020,0.076736,-0.120316,0.989761,-22.931460,1.824267,44.064590,0.450349,0.175561,-0.875418,-21.0270596,2.5666647,40.3626938,4.22870016,Building,Surface,2.984360,2.793396,0.000623,0.000000,-22.884470,1.829992,44.041990,343.364000,147.661100,5.433753,104.047200,98.172010,0.300000,1000.000000,0.900730,2468,2740,50.000000,off,,0.562465906,0,0.826820552,1,1
1765268530859,2025-12-09 16:22:10.859,681.870100,3.519531,23,10,2,0.028161,0.004532,-0.044020,0.076736,-0.120316,0.989761,-22.934070,1.824496,44.063930,0.434546,0.178279,-0.882824,-21.1551189,2.55433774,40.44981,4.09380198,Building,Surface,2.984360,2.793396,0.000623,0.000000,-22.887500,1.830254,44.040500,343.219800,148.654500,5.604763,104.047200,98.172010,0.300000,1000.000000,0.900730,2468,2740,50.000000,off,,0.562465906,0,0.826820552,1,1
1765268530870,2025-12-09 16:22:10.870,681.881300,3.530701,23,10,2,0.016139,0.005349,-0.045749,0.045364,-0.106918,0.993225,-22.927040,1.823871,44.070730,0.446917,0.192328,-0.873648,-21.0318527,2.63945293,40.3659554,4.24054718,Building,Surface,3.025909,2.627487,0.002475,0.000000,-22.890510,1.830577,44.039070,343.040100,149.644400,5.759033,104.047200,98.172010,0.300000,1000.000000,0.900730,2468,2740,50.000000,off,,0.562465906,0,0.826820552,1,1
1765268530882,2025-12-09 16:22:10.882,681.892500,3.541931,23,10,2,-0.019614,0.007821,-0.051021,0.072464,-0.105301,0.991791,-22.900550,1.821334,44.091470,0.406566,0.199910,-0.891476,-21.2778015,2.6192472,40.533268,3.9913404,Building,Surface,2.919937,2.758926,0.009900,0.000000,-22.893510,1.830884,44.037540,342.822200,150.634000,5.864405,104.047200,98.172010,0.300000,1000.000000,0.900730,2468,2740,50.000000,off,,0.562465906,0,0.826820552,1,1
1765268530893,2025-12-09 16:22:10.893,681.903600,3.553040,23,10,2,-0.019614,0.007821,-0.051021,0.072464,-0.105301,0.991791,-22.902450,1.821421,44.090160,0.390656,0.204803,-0.897458,-21.3862915,2.61627412,40.6070709,3.88103676,Building,Surface,2.919937,2.758926,0.009900,0.000000,-22.896370,1.831246,44.036160,342.541600,151.613400,5.946716,104.047200,98.172010,0.300000,1000.000000,0.900730,2468,2740,50.000000,off,,0.562465906,0,0.826820552,1,1
1765268530904,2025-12-09 16:22:10.904,681.914600,3.563965,23,10,2,-0.018454,0.008174,-0.051849,0.267914,-0.037216,0.962708,-22.905840,1.821589,44.089180,0.183140,0.285381,-0.940737,-22.3247643,2.72706056,41.1043587,3.17280197,Building,Surface,3.195450,2.885452,0.039357,0.000000,-22.899300,1.831515,44.034820,342.216300,152.599900,5.983195,104.047200,98.172010,0.300000,1000.000000,0.900730,2468,2740,50.000000,off,,0.393442094,0,0.919349432,1,1
1765268530915,2025-12-09 16:22:10.915,681.925700,3.575073,23,10,2,-0.001884,0.007354,-0.049791,0.411362,0.074554,0.908402,-22.921830,1.823019,44.079040,0.008424,0.393517,-0.919263,-22.8968124,2.9916172,41.3491745,2.96958303,Building,Surface,3.415604,3.031433,2.534313,0.000000,-22.902170,1.831719,44.033500,341.906100,153.592200,6.005626,104.047200,98.172010,0.300000,1000.000000,0.900730,2468,2740,50.000000,off,,0.393442094,0,0.919349432,1,1
1765268530926,2025-12-09 16:22:10.926,681.936800,3.586243,23,10,2,-0.019614,0.007821,-0.051021,0.072464,-0.105301,0.991791,-22.908170,1.821070,44.086280,0.341826,0.221235,-0.913345,-21.6811123,2.61524105,40.8076324,3.58969808,Building,Surface,2.919937,2.758926,2.518749,0.000000,-22.904980,1.831754,44.032200,341.577700,154.595900,5.986878,104.047200,98.172010,0.300000,1000.000000,0.900730,2468,2740,50.000000,off,,0.562465906,0,0.826820552,1,1
1765268530937,2025-12-09 16:22:10.937,681.948000,3.597412,23,10,2,-0.019614,0.007821,-0.051021,0.072464,-0.105301,0.991791,-22.909880,1.820803,44.085130,0.325089,0.225819,-0.918320,-21.7707424,2.61209035,40.8672638,3.5040586,Building,Surface,2.919937,2.758926,2.518749,0.000000,-22.907680,1.831711,44.031050,341.303300,155.620100,5.938347,104.047200,98.172010,0.300000,1000.000000,0.900730,2468,2740,50.000000,off,,0.393442094,0,0.919349432,1,1
1765268530948,2025-12-09 16:22:10.948,681.959000,3.608459,23,10,2,-0.018454,0.008174,-0.051849,0.267914,-0.037216,0.962708,-22.913020,1.820672,44.084320,0.113948,0.303346,-0.946026,-22.5665493,2.74302554,41.2078362,3.04055047,Building,Surface,3.195450,2.885452,10.199510,0.000000,-22.910400,1.831594,44.029830,341.064900,156.651300,5.881341,104.047200,98.172010,0.300000,1000.000000,0.900730,2468,2740,50.000000,off,,0.393442094,0,0.919349432,1,1
1765268530959,2025-12-09 16:22:10.960,681.970200,3.619629,23,10,2,-0.001797,0.007520,-0.050398,0.403458,0.066895,0.912537,-22.929530,1.821868,44.076000,-0.051257,0.400221,-0.914971,-23.0779438,2.98071337,41.4266891,2.89547801,Building,Surface,3.322556,3.109665,0.158395,0.000000,-22.912900,1.831484,44.028770,340.872800,157.695100,5.771380,104.047200,98.172010,0.300000,1000.000000,0.900730,2468,2740,50.000000,off,,0.393442094,0,0.919349432,1,1
1765268530971,2025-12-09 16:22:10.971,681.981200,3.630615,23,10,2,0.018553,0.006114,-0.047274,0.366303,0.057632,0.928696,-22.949160,1.823241,44.065250,-0.028019,0.394808,-0.918323,-23.0302849,2.9663868,41.4062958,2.89541149,Building,Surface,3.372116,3.049072,0.158395,0.000000,-22.915400,1.831380,44.027700,340.722000,158.757100,5.653162,104.047200,98.172010,0.300000,1000.000000,0.900730,2468,2740,50.000000,off,,0.393442094,0,0.919349432,1,1
1765268530982,2025-12-09 16:22:10.982,681.992300,3.641724,23,10,2,0.018553,0.006114,-0.047274,0.366303,0.057632,0.928696,-22.950920,1.822921,44.064710,-0.045574,0.396072,-0.917074,-23.0819321,2.96150923,41.4283981,2.87466359,Building,Surface,3.372116,3.049072,0.158395,0.000000,-22.917850,1.831228,44.026580,340.573800,159.822900,5.497399,104.047200,98.172010,0.300000,1000.000000,0.900730,2468,2740,50.000000,off,,0.393442094,0,0.919349432,1,1
1765268530993,2025-12-09 16:22:10.993,682.003400,3.652771,23,10,2,-0.021474,0.008462,-0.052173,0.333847,0.086716,0.938614,-22.915850,1.819917,44.081430,-0.030646,0.424514,-0.904886,-23.0067902,3.07963419,41.3962364,2.96738982,Building,Surface,3.318314,2.920456,0.159379,0.000000,-22.920040,1.831304,44.025680,340.452600,160.944600,5.307038,104.047200,98.172010,0.300000,1000.000000,0.900730,2468,2740,50.000000,off,,0.393442094,0,0.919349432,1,1
1765268531004,2025-12-09 16:22:11.004,682.014700,3.664124,23,10,2,-0.020871,0.008438,-0.052612,0.221375,0.051788,0.973801,-22.917710,1.819828,44.080570,0.069445,0.395128,-0.915985,-22.7043877,3.0335927,41.2668228,3.07179165,Building,Surface,3.142029,2.871552,2.565624,0.000000,-22.922280,1.831390,44.024710,340.322600,162.074300,5.135287,104.047200,98.172010,0.300000,1000.000000,0.900730,2468,2740,50.000000,off,,0.393442094,0,0.919349432,1,1
1765268531014,2025-12-09 16:22:11.014,682.025600,3.674988,23,10,2,-0.020871,0.008438,-0.052612,0.221375,0.051788,0.973801,-22.918630,1.819998,44.079700,0.050244,0.395821,-0.916939,-22.7659416,3.02287936,41.2931671,3.03891659,Building,Surface,3.142029,2.871552,2.565624,0.000000,-22.924330,1.831570,44.023940,340.233400,163.253400,4.939155,104.047200,98.172010,0.300000,1000.000000,0.900730,2468,2740,50.000000,off,,0.393442094,0,0.919349432,1,1
1765268531025,2025-12-09 16:22:11.025,682.036700,3.686157,23,10,2,0.018553,0.006114,-0.047274,0.366303,0.057632,0.928696,-22.956310,1.822875,44.063620,-0.120404,0.397949,-0.909459,-23.2932205,2.9363966,41.5188179,2.79811764,Building,Surface,3.372116,3.049072,2.534435,0.000000,-22.926350,1.831746,44.023120,340.151900,164.419500,4.763039,104.047200,98.172010,0.300000,1000.000000,0.900730,2468,2740,50.000000,off,,0.393442094,0,0.919349432,1,1
1765268531036,2025-12-09 16:22:11.036,682.047800,3.697205,23,10,2,-0.021474,0.008462,-0.052173,0.333847,0.086716,0.938614,-22.919490,1.820578,44.077740,-0.105879,0.425976,-0.898501,-23.2244987,3.04769611,41.4894104,2.8806777,Building,Surface,3.318314,2.920456,0.641391,0.000000,-22.928120,1.832026,44.022520,340.084300,165.607700,4.564265,104.047200,98.172010,0.300000,1000.000000,0.900730,2468,2740,50.000000,off,,0.393442094,0,0.919349432,1,1
1765268531048,2025-12-09 16:22:11.048,682.059000,3.708374,23,10,2,-0.021474,0.008462,-0.052173,0.333847,0.086716,0.938614,-22.920130,1.820917,44.076970,-0.124661,0.425947,-0.896102,-23.2769737,3.0401957,41.5118637,2.86246967,Building,Surface,3.318314,2.920456,0.641391,0.000000,-22.929860,1.832356,44.021930,340.021000,166.783200,4.384552,104.047200,98.172010,0.300000,1000.000000,0.900730,2468,2740,50.000000,off,,0.393442094,0,0.919349432,1,1
1765268531059,2025-12-09 16:22:11.059,682.070100,3.719543,23,10,2,0.008622,0.006194,-0.047314,0.180725,0.008636,0.983490,-22.949010,1.822864,44.065490,0.015119,0.358503,-0.933400,-22.9050694,2.86479807,41.3527069,2.90632987,Building,Surface,3.145279,2.605072,0.039602,0.000000,-22.931300,1.832731,44.021440,339.899100,167.979200,4.194919,104.047200,98.172010,0.300000,1000.000000,0.900730,2468,2740,50.000000,off,,0.393442094,0,0.919349432,1,1
1765268531071,2025-12-09 16:22:11.071,682.081400,3.730774,23,10,2,0.018684,0.005404,-0.045407,0.161560,-0.023697,0.986572,-22.959010,1.823887,44.061910,0.014541,0.329033,-0.944200,-22.917366,2.76615047,41.3579674,2.86371803,Building,Surface,3.167099,2.952316,41.300950,0.000000,-22.932650,1.833262,44.021200,339.809200,169.188400,4.048507,104.047200,98.172010,0.300000,1000.000000,0.900730,2468,2740,50.000000,off,,0.393442094,0,0.919349432,1,1
1765268531082,2025-12-09 16:22:11.082,682.092500,3.741882,23,10,2,0.029849,0.004623,-0.043628,0.122147,-0.011856,0.992432,-22.970030,1.824882,44.058600,0.035155,0.341189,-0.939327,-22.8681679,2.81347251,41.3369141,2.89745808,Building,Surface,3.078842,2.787247,2.565685,0.000000,-22.933750,1.833763,44.020910,339.696000,170.357800,3.957809,104.047200,98.172010,0.300000,1000.000000,0.900730,2468,2740,50.000000,off,,0.393442094,0,0.919349432,1,1
1765268531093,2025-12-09 16:22:11.093,682.103400,3.752808,23,10,2,0.029849,0.004623,-0.043628,0.122147,-0.011856,0.992432,-22.970230,1.825077,44.058940,0.016670,0.344225,-0.938729,-22.9223042,2.81472898,41.3600845,2.87498641,Building,Surface,3.078842,2.787247,2.565685,0.000000,-22.934690,1.834146,44.020600,339.499000,171.475200,3.875128,104.047200,98.172010,0.300000,1000.000000,0.900730,2468,2740,50.000000,off,,0.393442094,0,0.919349432,1,1
1765268531104,2025-12-09 16:22:11.104,682.114600,3.764038,23,10,2,0.018817,0.005293,-0.045063,0.103882,0.024277,0.994278,-22.959370,1.824823,44.062180,0.017227,0.380170,-0.924740,-22.9089241,2.93803644,41.3543549,2.92815518,Building,Surface,3.295166,2.771652,0.160348,0.000000,-22.935370,1.834620,44.020460,339.325300,172.598900,3.814204,104.047200,98.172010,0.300000,1000.000000,0.900730,2468,2740,50.000000,off,,0.393442094,0,0.919349432,1,1
1765268531114,2025-12-09 16:22:11.114,682.125700,3.775085,23,10,2,0.001219,0.006607,-0.048085,0.104721,0.033798,0.993912,-22.941830,1.824139,44.067220,-0.001967,0.392178,-0.919871,-22.9475956,2.97368526,41.3709068,2.93114185,Building,Surface,3.175919,2.888947,41.049000,0.000000,-22.935890,1.835043,44.020290,339.118500,173.738300,3.751335,104.047200,98.172010,0.300000,1000.000000,0.900730,2468,2740,50.000000,off,,0.393442094,0,0.919349432,1,1
1765268531126,2025-12-09 16:22:11.126,682.136800,3.786255,23,10,2,-0.001751,0.007549,-0.050348,0.429550,0.123123,0.894592,-22.938320,1.824336,44.069930,-0.349165,0.462749,-0.814810,-23.9171143,3.12153506,41.78582,2.80320024,Building,Surface,3.498566,2.935654,10.075730,0.000000,-22.936110,1.835541,44.020290,338.898100,174.868800,3.726739,104.047200,98.172010,0.300000,1000.000000,0.900730,2468,2740,50.000000,off,,0.393442094,0,0.919349432,1,1
1765268531137,2025-12-09 16:22:11.137,682.147800,3.797241,23,10,2,-0.001751,0.007549,-0.050348,0.429550,0.123123,0.894592,-22.937520,1.824497,44.069850,-0.365381,0.465200,-0.806259,-23.9635849,3.1308763,41.805706,2.80816483,Building,Surface,3.498566,2.935654,10.075730,0.000000,-22.936290,1.835872,44.020210,338.700200,176.000000,3.691219,104.047200,98.172010,0.300000,1000.000000,0.900730,2468,2740,50.000000,off,,0.393442094,0,0.919349432,1,1
1765268531148,2025-12-09 16:22:11.148,682.159000,3.808411,23,10,2,0.018817,0.005293,-0.045063,0.103882,0.024277,0.994278,-22.956800,1.825708,44.063680,-0.056678,0.392116,-0.918151,-23.1185112,2.94447613,41.4440536,2.85311103,Building,Surface,3.295166,2.771652,656.846600,0.000000,-22.936190,1.836140,44.020340,338.563300,177.158900,3.666656,104.047200,98.172010,0.300000,1000.000000,0.900730,2468,2740,50.000000,off,,0.393442094,0,0.919349432,1,1
1765268531159,2025-12-09 16:22:11.159,682.170000,3.819397,23,10,2,0.001219,0.006607,-0.048085,0.104721,0.033798,0.993912,-22.938090,1.824871,44.067660,-0.075609,0.403376,-0.911889,-23.1543541,2.97864556,41.4593887,2.8602531,Building,Surface,3.175919,2.888947,10.200490,0.000000,-22.935920,1.836359,44.020540,338.410400,178.319700,3.708868,104.047200,98.172010,0.300000,1000.000000,0.900730,2468,2740,50.000000,off,,0.393442094,0,0.919349432,1,1
1765268531171,2025-12-09 16:22:11.171,682.181500,3.830933,23,10,2,0.001219,0.006607,-0.048085,0.104721,0.033798,0.993912,-22.936590,1.824933,44.067910,-0.093382,0.406804,-0.908713,-23.2025299,2.98346066,41.4800034,2.84783196,Building,Surface,3.175919,2.888947,10.200490,0.000000,-22.935350,1.836588,44.020790,338.206500,179.441700,3.826322,104.047200,98.172010,0.300000,1000.000000,0.900730,2468,2740,50.000000,off,,0.393442094,0,0.919349432,1,1
1765268531182,2025-12-09 16:22:11.182,682.192300,3.841736,23,10,2,-0.001732,0.007646,-0.050711,0.422974,0.123901,0.897614,-22.931910,1.824850,44.070820,-0.420937,0.476946,-0.771559,-24.1290474,3.18127775,41.8765182,2.84394097,Building,Surface,3.348114,2.960693,0.633609,0.000000,-22.934640,1.836836,44.021010,338.056000,180.550700,3.924585,104.047200,98.172010,0.300000,1000.000000,0.900730,2468,2740,50.000000,off,,0.393442094,0,0.919349432,1,1
1765268531193,2025-12-09 16:22:11.193,682.203400,3.852844,23,10,2,-0.002087,0.007185,-0.049208,0.377045,0.126114,0.917557,-22.929820,1.825089,44.069400,-0.390082,0.486296,-0.781876,-24.0423698,3.21204782,41.8394241,2.85205674,Building,Surface,3.448776,2.975067,0.633609,0.000000,-22.933810,1.837093,44.021260,337.904800,181.662800,4.037666,104.047200,98.172010,0.300000,1000.000000,0.900730,2468,2740,50.000000,off,,0.393442094,0,0.919349432,1,1
1765268531204,2025-12-09 16:22:11.204,682.214500,3.863892,23,10,2,-0.000211,0.007040,-0.048896,0.339615,0.123077,0.932465,-22.929710,1.825288,44.069350,-0.368960,0.490240,-0.789627,-23.983448,3.2253952,41.814209,2.85593081,Building,Surface,3.170319,3.076935,40.549000,0.000000,-22.932790,1.837354,44.021540,337.707400,182.816000,4.187885,104.047200,98.172010,0.300000,1000.000000,0.900730,2468,2740,50.000000,off,,0.393442094,0,0.919349432,1,1
1765268531215,2025-12-09 16:22:11.215,682.225600,3.875061,23,10,2,-0.000211,0.007040,-0.048896,0.339615,0.123077,0.932465,-22.927450,1.825337,44.069580,-0.385079,0.493620,-0.779763,-24.0311623,3.24014902,41.8346252,2.86616325,Building,Surface,3.170319,3.076935,40.549000,0.000000,-22.931550,1.837572,44.021900,337.506400,184.021100,4.291757,104.047200,98.172010,0.300000,1000.000000,0.900730,2468,2740,50.000000,off,,0.393442094,0,0.919349432,1,1
1765268531226,2025-12-09 16:22:11.226,682.236600,3.886047,23,10,2,-0.029248,0.009483,-0.054672,0.286987,0.119934,0.950394,-22.895480,1.823377,44.072510,-0.351656,0.496758,-0.793451,-23.9102383,3.25685358,41.7828751,2.8856566,Building,Surface,3.183182,2.931290,0.633594,0.000000,-22.930160,1.837782,44.022270,337.345300,185.295100,4.403522,104.047200,98.172010,0.300000,1000.000000,0.900730,2468,2740,50.000000,off,,0.393442094,0,0.919349432,1,1
1765268531237,2025-12-09 16:22:11.237,682.248200,3.897583,23,10,2,-0.026036,0.008680,-0.052134,0.204758,0.113236,0.972229,-22.896460,1.823910,44.069780,-0.291170,0.495960,-0.818060,-23.736845,3.25536418,41.7086716,2.88619781,Building,Surface,3.145508,2.836670,41.049980,0.000000,-22.928740,1.838045,44.022560,337.183200,186.602100,4.526193,104.047200,98.172010,0.300000,1000.000000,0.900730,2468,2740,50.000000,off,,0.393442094,0,0.919349432,1,1
1765268531248,2025-12-09 16:22:11.248,682.259000,3.908386,23,10,2,-0.026036,0.008680,-0.052134,0.204758,0.113236,0.972229,-22.893840,1.824118,44.069270,-0.309781,0.498758,-0.809478,-23.7887287,3.26491547,41.7308769,2.88874006,Building,Surface,3.145508,2.836670,41.049980,0.000000,-22.927220,1.838446,44.022890,337.015900,187.943200,4.631167,104.047200,98.172010,0.300000,1000.000000,0.900730,2468,2740,50.000000,off,,0.393442094,0,0.919349432,1,1
1765268531259,2025-12-09 16:22:11.259,682.270100,3.919495,23,10,2,-0.000211,0.007040,-0.048896,0.339615,0.123077,0.932465,-22.917020,1.826142,44.070220,-0.454007,0.504785,-0.734197,-24.2433071,3.30076742,41.925415,2.92125821,Building,Surface,3.170319,3.076935,10.012000,0.000000,-22.925570,1.838907,44.023270,336.878600,189.379900,4.741926,104.047200,98.172010,0.300000,1000.000000,0.900730,2468,2740,50.000000,off,,0.393442094,0,0.919349432,1,1
1765268531270,2025-12-09 16:22:11.270,682.281100,3.930542,23,10,2,-0.029248,0.009483,-0.054672,0.286987,0.119934,0.950394,-22.884410,1.824123,44.070080,-0.424367,0.508158,-0.749455,-24.1269817,3.31203842,41.8756332,2.92804933,Building,Surface,3.183182,2.931290,164.203800,0.000000,-22.923790,1.839362,44.023700,336.699300,190.849100,4.890817,104.047200,98.172010,0.300000,1000.000000,0.900730,2468,2740,50.000000,off,,0.393442094,0,0.919349432,1,1
1765268531281,2025-12-09 16:22:11.281,682.292300,3.941711,23,10,2,-0.010943,0.007668,-0.050063,0.167236,0.138199,0.976166,-22.900210,1.825919,44.069140,-0.330418,0.528282,-0.782118,-23.8728409,3.38098907,41.7668686,2.94358683,Building,Surface,3.109253,2.586746,41.050950,0.000000,-22.921960,1.839718,44.024180,336.546200,192.420700,5.035796,104.047200,98.172010,0.300000,1000.000000,0.900730,2468,2740,50.000000,off,,0.393442094,0,0.919349432,1,1
1765268531292,2025-12-09 16:22:11.292,682.303300,3.952698,23,10,2,-0.010943,0.007668,-0.050063,0.167236,0.138199,0.976166,-22.896980,1.826132,44.069000,-0.351453,0.530669,-0.771257,-23.9340897,3.39209318,41.7930832,2.95086908,Building,Surface,3.109253,2.586746,41.050950,0.000000,-22.920000,1.840078,44.024720,336.414400,194.032600,5.225296,104.047200,98.172010,0.300000,1000.000000,0.900730,2468,2740,50.000000,off,,0.393442094,0,0.919349432,1,1
1765268531304,2025-12-09 16:22:11.304,682.314500,3.963867,23,10,2,-0.011250,0.007589,-0.049786,0.136475,0.125778,0.982620,-22.893500,1.826343,44.068430,-0.346997,0.521525,-0.779483,-23.9108315,3.35535955,41.7831306,2.9318018,Building,Surface,3.105637,2.764679,40.299000,0.000000,-22.917970,1.840417,44.025240,336.294900,195.643900,5.434346,104.047200,98.172010,0.300000,1000.000000,0.900730,2468,2740,50.000000,off,,0.393442094,0,0.919349432,1,1
1765268531315,2025-12-09 16:22:11.315,682.325600,3.974976,23,10,2,0.025765,0.004938,-0.044157,0.085495,0.066422,0.994110,-22.926820,1.829657,44.074680,-0.335814,0.470338,-0.816081,-23.8759308,3.15897155,41.7681923,2.82626367,Building,Surface,3.006104,2.676895,10.012980,0.000000,-22.915690,1.840684,44.025760,336.139600,197.265100,5.700683,104.047200,98.172010,0.300000,1000.000000,0.900730,2468,2740,50.000000,off,,0.393442094,0,0.919349432,1,1
1765268531326,2025-12-09 16:22:11.326,682.336700,3.986145,23,10,2,0.025765,0.004938,-0.044157,0.085495,0.066422,0.994110,-22.923160,1.829910,44.075550,-0.357910,0.472718,-0.805242,-23.9370918,3.16908026,41.7943687,2.83288264,Building,Surface,3.006104,2.676895,10.012980,0.000000,-22.913450,1.840937,44.026340,336.005200,198.876500,5.956378,104.047200,98.172010,0.300000,1000.000000,0.900730,2468,2740,50.000000,off,,0.393442094,0,0.919349432,1,1
1765268531337,2025-12-09 16:22:11.337,682.347800,3.997253,23,10,2,0.029994,0.004785,-0.043864,0.135437,0.057480,0.989105,-22.923530,1.830585,44.077760,-0.426827,0.470036,-0.772568,-24.1376381,3.16759968,41.8801918,2.84446096,Building,Surface,2.828339,2.846954,40.801930,0.000000,-22.911320,1.841184,44.026920,335.868300,200.558800,6.276567,104.047200,98.172010,0.300000,1000.000000,0.900730,2468,2740,50.000000,off,,0.393442094,0,0.919349432,1,1
1765268531348,2025-12-09 16:22:11.348,682.358900,4.008301,23,10,2,-0.002046,0.007972,-0.052395,0.493118,0.095398,0.864700,-22.887100,1.826995,44.073650,-0.718959,0.492740,-0.490182,-25.3458786,3.51212478,42.3972664,3.41987038,Building,Surface,3.521606,2.749863,0.633609,0.000000,-22.909150,1.841502,44.027650,335.754400,202.311800,6.543152,104.047200,98.172010,0.300000,1000.000000,0.900730,2468,2740,50.000000,off,,0.393442094,0,0.919349432,1,1
1765268531359,2025-12-09 16:22:11.359,682.370000,4.019409,23,10,2,0.025765,0.004938,-0.044157,0.085495,0.066422,0.994110,-22.912050,1.830779,44.078270,-0.428081,0.480205,-0.765589,-24.1404381,3.20873976,41.8813934,2.86949277,Building,Surface,3.006104,2.676895,0.039113,0.000000,-22.907060,1.841791,44.028350,335.583100,204.173400,6.795388,104.047200,98.172010,0.300000,1000.000000,0.900730,2468,2740,50.000000,off,,0.393442094,0,0.919349432,1,1
1765268531370,2025-12-09 16:22:11.370,682.381000,4.030457,23,10,2,0.025765,0.004938,-0.044157,0.085495,0.066422,0.994110,-22.908240,1.831192,44.079220,-0.453040,0.483007,-0.749290,-24.2172318,3.22677016,41.914257,2.8893199,Building,Surface,3.006104,2.676895,0.039113,0.000000,-22.904990,1.842241,44.029160,335.417300,206.130500,7.020638,104.047200,98.172010,0.300000,1000.000000,0.900730,2468,2740,50.000000,off,,0.393442094,0,0.919349432,1,1
1765268531382,2025-12-09 16:22:11.382,682.392300,4.041687,23,10,2,0.029994,0.004785,-0.043864,0.135437,0.057480,0.989105,-22.908110,1.832129,44.081970,-0.520523,0.481309,-0.705248,-24.4382305,3.24697757,42.0088348,2.93955135,Building,Surface,2.828339,2.846954,0.002506,0.000000,-22.902810,1.842783,44.029960,335.246100,208.086000,7.174106,104.047200,98.172010,0.300000,1000.000000,0.900730,2468,2740,50.000000,off,,0.393442094,0,0.919349432,1,1
1765268531393,2025-12-09 16:22:11.393,682.403400,4.052795,23,10,2,-0.002227,0.007660,-0.051414,0.520676,0.100555,0.847809,-22.872980,1.828352,44.072230,-0.785726,0.508195,-0.352657,-25.9903374,3.84460926,42.6730728,3.96747589,Building,Surface,3.466599,2.887741,0.000623,0.000000,-22.900620,1.843412,44.030800,335.045500,210.039900,7.311762,104.047200,98.172010,0.300000,1000.000000,0.900730,2468,2740,50.000000,off,,0.393442094,0,0.919349432,1,1
1765268531404,2025-12-09 16:22:11.404,682.414400,4.063782,23,10,2,-0.002227,0.007660,-0.051414,0.520676,0.100555,0.847809,-22.869350,1.828758,44.072090,-0.795603,0.511594,-0.324474,-26.141304,3.93271184,42.7376785,4.11253691,Building,Surface,3.466599,2.887741,0.000623,0.000000,-22.898340,1.843993,44.031670,334.851700,211.958900,7.442366,104.047200,98.172010,0.300000,1000.000000,0.900730,2468,2740,50.000000,off,,0.393442094,0,0.919349432,1,1
1765268531415,2025-12-09 16:22:11.415,682.425400,4.074829,23,10,2,-0.002475,0.008128,-0.053196,0.562073,0.048264,0.825668,-22.864660,1.828554,44.073220,-0.844380,0.463316,-0.268969,-26.532196,3.8409512,42.9049606,4.343431,Building,Surface,3.604187,2.635620,0.000626,0.000000,-22.896250,1.844317,44.032520,334.677700,213.901000,7.569076,104.047200,98.172010,0.300000,1000.000000,0.900730,2468,2740,50.000000,off,,0.393442094,0,0.919349432,1,1
1765268531426,2025-12-09 16:22:11.426,682.436500,4.085938,23,10,2,0.004405,0.006422,-0.048467,0.606705,0.086288,0.790222,-22.869400,1.829923,44.073620,-0.854435,0.489208,-0.174942,-27.193985,4.30597115,43.188179,5.06131029,Building,Surface,3.618423,2.937378,0.000626,0.000000,-22.893960,1.844444,44.033660,334.588300,215.873300,7.640459,104.047200,98.172010,0.300000,1000.000000,0.900730,2468,2740,50.000000,off,,0.393442094,0,0.919349432,1,1
1765268531437,2025-12-09 16:22:11.437,682.447700,4.097107,23,10,2,0.017251,0.006359,-0.049491,0.611267,-0.035843,0.790588,-22.875010,1.830930,44.082700,-0.907793,0.381876,-0.173333,-27.3068638,3.69525218,43.2364845,4.88191509,Building,Surface,3.498657,2.931183,0.000001,0.000000,-22.891870,1.844438,44.034520,334.530000,217.841600,7.702015,104.047200,98.172010,0.300000,1000.000000,0.900730,2468,2740,50.000000,off,,0.393442094,0,0.919349432,1,1
1765268531448,2025-12-09 16:22:11.448,682.458800,4.108215,23,10,2,0.017251,0.006359,-0.049491,0.611267,-0.035843,0.790588,-22.871250,1.830692,44.082980,-0.912946,0.382322,-0.142553,-27.5703297,3.79856491,43.3492393,5.14706278,Building,Surface,3.498657,2.931183,0.000001,0.000000,-22.889720,1.844208,44.035400,334.512500,219.768200,7.726291,104.047200,98.172010,0.300000,1000.000000,0.900730,2468,2740,50.000000,off,,0.393442094,0,0.919349432,1,1
1765268531460,2025-12-09 16:22:11.460,682.470000,4.119385,23,10,2,0.019793,0.004301,-0.043473,0.576553,-0.004486,0.817032,-22.873560,1.831604,44.080540,-0.896603,0.417627,-0.147193,-27.503191,3.98803091,43.3205032,5.16345882,Building,Surface,3.521774,3.095428,0.000000,0.000000,-22.887410,1.844060,44.036340,334.511700,221.668400,7.735200,104.047200,98.172010,0.300000,1000.000000,0.900730,2468,2740,50.000000,off,,0.393442094,0,0.919349432,1,1
1765268531471,2025-12-09 16:22:11.471,682.481000,4.130371,23,10,2,0.004405,0.006422,-0.048467,0.606705,0.086288,0.790222,-22.855650,1.829388,44.073630,-0.868744,0.491640,-0.059684,-28.3552189,4.94170713,43.6958008,6.33044577,Building,Surface,3.618423,2.937378,0.000000,0.000000,-22.885280,1.843967,44.037300,334.505400,223.473800,7.802196,104.047200,98.172010,0.300000,1000.000000,0.900730,2468,2740,50.000000,off,,0.43113488,0,0.902287483,1,1
1765268531482,2025-12-09 16:22:11.482,682.491900,4.141357,23,10,2,0.004405,0.006422,-0.048467,0.606705,0.086288,0.790222,-22.852180,1.829220,44.073570,-0.869779,0.492375,-0.032223,-28.4533539,5,43.8660622,6.43972397,Building,Surface,3.618423,2.937378,0.000000,0.000000,-22.882940,1.843800,44.038210,334.499400,225.276000,7.874250,104.047200,98.172010,0.300000,1000.000000,0.900730,2468,2740,50.000000,off,,0,-1,0,1,1
1765268531492,2025-12-09 16:22:11.492,682.503100,4.152466,23,10,2,0.017251,0.006359,-0.049491,0.611267,-0.035843,0.790588,-22.856370,1.830087,44.083910,-0.922640,0.384717,-0.026301,-28.812149,4.3134923,43.914135,6.45503139,Building,Surface,3.498657,2.931183,0.000000,0.000000,-22.880720,1.843505,44.039030,334.541600,226.975800,8.011877,104.047200,98.172010,0.300000,1000.000000,0.900730,2468,2740,50.000000,off,,0.43113488,0,0.902287483,1,1
1765268531503,2025-12-09 16:22:11.503,682.514300,4.163696,23,10,2,0.016513,0.004894,-0.045277,0.525818,-0.013763,0.850479,-22.855610,1.830390,44.080770,-0.902140,0.419912,-0.099023,-27.9683456,4.21017504,43.5195694,5.66730833,Building,Surface,3.506424,3.002396,0.000000,0.000000,-22.878270,1.843272,44.039940,334.638800,228.595000,8.220958,104.047200,98.172010,0.300000,1000.000000,0.900730,2468,2740,50.000000,off,,0.393442094,0,0.919349432,1,1
1765268531514,2025-12-09 16:22:11.514,682.525400,4.174805,23,10,2,0.017291,0.004566,-0.044569,0.481705,-0.029282,0.875824,-22.853420,1.830427,44.081050,-0.902472,0.411591,-0.126892,-27.6909714,4.03669167,43.4008675,5.36023903,Building,Surface,3.337173,3.023834,0.000000,0.000000,-22.876150,1.843066,44.040680,334.737400,230.156600,8.449474,104.047200,98.172010,0.300000,1000.000000,0.900730,2468,2740,50.000000,off,,0.393442094,0,0.919349432,1,1
1765268531525,2025-12-09 16:22:11.525,682.536500,4.185913,23,10,2,0.017291,0.004566,-0.044569,0.481705,-0.029282,0.875824,-22.850130,1.830416,44.081370,-0.905259,0.411804,-0.104346,-27.9165096,4.13512087,43.4973869,5.59650755,Building,Surface,3.337173,3.023834,0.000000,0.000000,-22.873940,1.842868,44.041570,334.885100,231.597300,8.740452,104.047200,98.172010,0.300000,1000.000000,0.900730,2468,2740,50.000000,off,,0.393442094,0,0.919349432,1,1
1765268531536,2025-12-09 16:22:11.536,682.547700,4.197144,23,10,2,0.029510,0.003617,-0.042592,0.422287,-0.044479,0.905365,-22.855360,1.832091,44.090570,-0.902956,0.402867,-0.149532,-27.5038128,3.90606666,43.3207703,5.14801741,Building,Surface,3.471146,2.718124,0.000000,0.000000,-22.871750,1.842671,44.042430,334.991100,232.996300,9.009405,104.047200,98.172010,0.300000,1000.000000,0.900730,2468,2740,50.000000,off,,0.393442094,0,0.919349432,1,1
1765268531548,2025-12-09 16:22:11.548,682.558700,4.208130,23,10,2,0.028786,0.004016,-0.043674,0.346573,-0.052246,0.936554,-22.850690,1.831893,44.091020,-0.893065,0.397707,-0.210333,-27.0129929,3.68548298,43.1107178,4.66063595,Building,Surface,3.279404,2.944672,0.000000,0.000000,-22.869590,1.842468,44.043240,335.126200,234.291100,9.252758,104.047200,98.172010,0.300000,1000.000000,0.900730,2468,2740,50.000000,off,,0.393442094,0,0.919349432,1,1
1765268531559,2025-12-09 16:22:11.559,682.569800,4.219238,23,10,2,0.028786,0.004016,-0.043674,0.346573,-0.052246,0.936554,-22.847400,1.831905,44.091440,-0.897770,0.397252,-0.190199,-27.1664829,3.74304557,43.1764069,4.81084394,Building,Surface,3.221054,2.970428,0.000000,0.000000,-22.867450,1.842322,44.044090,335.227300,235.588200,9.440062,104.047200,98.172010,0.300000,1000.000000,0.900730,2468,2740,50.000000,off,,0.393442094,0,0.919349432,1,1
1765268531570,2025-12-09 16:22:11.570,682.581100,4.230530,23,10,2,-0.029732,0.008280,-0.053522,0.330795,-0.019745,0.943481,-22.806840,1.822680,44.046670,-0.885149,0.426289,-0.186444,-27.0912628,3.8860631,43.1442146,4.84027147,Building,Surface,3.221054,2.970428,0.000000,0.000000,-22.865470,1.842108,44.044940,335.323900,236.745900,9.592000,104.047200,98.172010,0.300000,1000.000000,0.900730,2468,2740,50.000000,off,,0.393442094,0,0.919349432,1,1
1765268531581,2025-12-09 16:22:11.581,682.592000,4.241455,23,10,2,0.029510,0.003617,-0.042592,0.422287,-0.044479,0.905365,-22.842770,1.831895,44.092420,-0.912941,0.401585,-0.072523,-28.2811317,4.22412491,43.6604004,5.95694304,Building,Surface,3.471146,2.718124,0.000000,0.000000,-22.863440,1.841877,44.045830,335.396600,237.896000,9.673455,104.047200,98.172010,0.300000,1000.000000,0.900730,2468,2740,50.000000,off,,0.43113488,0,0.902287483,1,1
1765268531592,2025-12-09 16:22:11.592,682.603200,4.252625,23,10,2,0.028786,0.004016,-0.043674,0.346573,-0.052246,0.936554,-22.838700,1.831479,44.092870,-0.908581,0.394236,-0.137964,-27.6137142,3.90337181,43.3678055,5.25539923,Building,Surface,3.279404,2.944672,0.000000,0.000000,-22.861590,1.841577,44.046750,335.515800,238.950900,9.666626,104.047200,98.172010,0.300000,1000.000000,0.900730,2468,2740,50.000000,off,,0.393442094,0,0.919349432,1,1
1765268531603,2025-12-09 16:22:11.603,682.614300,4.263733,23,10,2,0.028786,0.004016,-0.043674,0.346573,-0.052246,0.936554,-22.836070,1.831301,44.093430,-0.911804,0.391919,-0.122430,-27.7633324,3.94917703,43.4318314,5.40379715,Building,Surface,3.279404,2.944672,0.000000,0.000000,-22.859770,1.841338,44.047710,335.642600,239.962300,9.588427,104.047200,98.172010,0.300000,1000.000000,0.900730,2468,2740,50.000000,off,,0.393442094,0,0.919349432,1,1
1765268531614,2025-12-09 16:22:11.614,682.625400,4.274780,23,10,2,0.001669,0.005813,-0.048043,0.396912,-0.077362,0.914581,-22.817910,1.826924,44.071710,-0.929243,0.365490,-0.053931,-28.4569874,4.04488659,43.7444305,6.06841755,Building,Surface,3.378250,3.087814,0.000000,0.000000,-22.858030,1.841157,44.048630,335.775700,240.938400,9.510833,104.047200,98.172010,0.300000,1000.000000,0.900730,2468,2740,50.000000,off,,0.43113488,0,0.902287483,1,1
1765268531625,2025-12-09 16:22:11.625,682.636500,4.285889,23,10,2,-0.027987,0.007663,-0.052160,0.534424,-0.049133,0.843765,-22.799940,1.822373,44.047230,-0.917469,0.380706,0.115224,-31.0532398,5.24710083,45.0837555,8.99555492,Building,Surface,3.416031,3.151871,0.000000,0.000000,-22.856600,1.840984,44.049600,335.889200,241.790400,9.470317,104.047200,98.172010,0.300000,1000.000000,0.900730,2468,2740,50.000000,off,,0.413561702,0,0.910476148,1,1
1765268531636,2025-12-09 16:22:11.636,682.647300,4.296753,23,10,2,-0.027987,0.007663,-0.052160,0.534424,-0.049133,0.843765,-22.798390,1.822354,44.047460,-0.916398,0.379111,0.128265,-31.4322548,5.39415646,45.255909,9.4213419,Building,Surface,3.416031,3.151871,0.000000,0.000000,-22.855040,1.840862,44.050630,336.009500,242.628600,9.469045,104.047200,98.172010,0.300000,1000.000000,0.900730,2468,2740,50.000000,off,,0.413561702,0,0.910476148,1,1
1765268531648,2025-12-09 16:22:11.648,682.658600,4.307983,23,10,2,-0.002631,0.005355,-0.046873,0.645584,-0.102509,0.756760,-22.812020,1.826135,44.068830,-0.909780,0.311127,0.274725,-49.6377144,11,52.169342,29.4855309,Building,Surface,3.660034,3.151138,0.000000,0.000000,-22.853650,1.840661,44.051830,336.142700,243.346900,9.506138,104.047200,98.172010,0.300000,1000.000000,0.900730,2468,2740,50.000000,off,,0,-1,0,1,1
1765268531659,2025-12-09 16:22:11.659,682.669700,4.319092,23,10,2,-0.002877,0.006181,-0.049938,0.728073,-0.201080,0.655319,-22.807530,1.825661,44.070590,-0.896182,0.192808,0.399562,-36.6741676,4.80898237,50.2530212,15.4727602,SS-01,Signage,3.621017,2.410507,0.000000,0.000000,-22.852370,1.840608,44.053080,336.278700,244.056800,9.561117,104.047200,98.172010,0.300000,1000.000000,0.900730,2468,2740,50.000000,off,Node10,1,0,0,1,1
1765268531670,2025-12-09 16:22:11.670,682.680700,4.330139,23,10,2,0.028898,0.003340,-0.042501,0.605270,-0.124634,0.786194,-22.825040,1.830915,44.097880,-0.923160,0.294813,0.246671,-51.5365753,11,51.7696838,31.1011353,Building,Surface,3.581009,2.655411,0.000000,0.000000,-22.851260,1.840440,44.054590,336.437400,244.694200,9.665782,104.047200,98.172010,0.300000,1000.000000,0.900730,2468,2740,50.000000,off,,0,-1,0,1,1
1765268531681,2025-12-09 16:22:11.681,682.691800,4.341248,23,10,2,0.028898,0.003340,-0.042501,0.605270,-0.124634,0.786194,-22.823440,1.831045,44.099080,-0.920546,0.293677,0.257556,-51.5640144,11,52.1402969,31.2210083,Building,Surface,3.581009,2.655411,0.000000,0.000000,-22.850220,1.840426,44.056100,336.585600,245.380600,9.741661,104.047200,98.172010,0.300000,1000.000000,0.900730,2468,2740,50.000000,off,,0,-1,0,1,1
1765268531692,2025-12-09 16:22:11.692,682.702900,4.352295,23,10,2,-0.002631,0.005355,-0.046873,0.645584,-0.102509,0.756760,-22.806810,1.826344,44.072750,-0.897429,0.306840,0.316928,-49.6374207,11,53.5480118,29.8967972,Building,Surface,3.660034,3.151138,0.000000,0.000000,-22.849350,1.840403,44.057720,336.760300,246.077500,9.808293,104.047200,98.172010,0.300000,1000.000000,0.900730,2468,2740,50.000000,off,,0,-1,0,1,1
1765268531703,2025-12-09 16:22:11.703,682.714100,4.363525,23,10,2,-0.002877,0.006181,-0.049938,0.728073,-0.201080,0.655319,-22.802860,1.826082,44.075030,-0.877066,0.188146,0.441955,-36.6741676,4.80171967,51.0648041,15.8153267,SS-01,Signage,3.621017,2.410507,0.000000,0.000000,-22.848640,1.840487,44.059640,336.940400,246.807300,9.779767,104.047200,98.172010,0.300000,1000.000000,0.900730,2468,2740,50.000000,off,Node10,1,0,0,1,1
1765268531714,2025-12-09 16:22:11.714,682.725200,4.374573,23,10,2,0.028979,0.002795,-0.040665,0.617264,-0.134445,0.775177,-22.821270,1.831766,44.103060,-0.910860,0.274877,0.307842,-53.2020454,11,54.3708115,33.3537827,Building,Surface,3.662766,3.071716,0.000000,0.000000,-22.847980,1.840552,44.061700,337.118700,247.650300,9.674976,104.047200,98.172010,0.300000,1000.000000,0.900730,2468,2740,50.000000,off,,0,-1,0,1,1
1765268531726,2025-12-09 16:22:11.726,682.736200,4.385620,23,10,2,0.028979,0.002795,-0.040665,0.617264,-0.134445,0.775177,-22.820340,1.831913,44.105050,-0.907339,0.270097,0.322140,-53.6187592,11,55.0396652,33.9435196,Building,Surface,3.662766,3.071716,0.000000,0.000000,-22.847710,1.840649,44.064110,337.325700,248.602300,9.462717,104.047200,98.172010,0.300000,1000.000000,0.900730,2468,2740,50.000000,off,,0,-1,0,1,1
1765268531737,2025-12-09 16:22:11.737,682.747400,4.396790,23,10,2,0.029101,0.002932,-0.040802,0.590958,-0.153015,0.792038,-22.819120,1.831987,44.107300,-0.917764,0.250654,0.307977,-56.3875923,11,55.3719788,36.5757828,Building,Surface,3.585648,3.247360,0.000000,0.000000,-22.847350,1.840645,44.066690,337.494200,249.659000,9.173047,104.047200,98.172010,0.300000,1000.000000,0.900730,2468,2740,50.000000,off,,0,-1,0,1,1
1765268531748,2025-12-09 16:22:11.748,682.758500,4.407959,23,10,2,0.029181,0.003070,-0.041055,0.564697,-0.152634,0.811050,-22.818040,1.831939,44.109770,-0.922685,0.248339,0.294895,-56.8812981,11,54.9965668,36.9172058,Building,Surface,3.453964,3.248901,0.000000,0.000000,-22.847290,1.840616,44.069570,337.666400,250.841500,8.773705,104.047200,98.172010,0.300000,1000.000000,0.900730,2468,2740,50.000000,off,,0,-1,0,1,1
1765268531759,2025-12-09 16:22:11.759,682.769600,4.419006,23,10,2,0.029181,0.003070,-0.041055,0.564697,-0.152634,0.811050,-22.817200,1.831857,44.112330,-0.918079,0.241872,0.314026,-57.6169319,11,56.0154686,37.9046249,Building,Surface,3.453964,3.248901,0.000000,0.000000,-22.847260,1.840631,44.072760,337.825300,252.112500,8.314100,104.047200,98.172010,0.300000,1000.000000,0.900730,2468,2740,50.000000,off,,0,-1,0,1,1
1765268531770,2025-12-09 16:22:11.770,682.780700,4.430115,23,10,2,0.029230,0.003175,-0.041166,0.519928,-0.137451,0.843063,-22.816230,1.831758,44.114930,-0.924962,0.255640,0.281189,-55.9889565,11,54.1994591,35.8634033,Building,Surface,3.477310,3.120453,0.000000,0.000000,-22.847220,1.840557,44.075930,337.994100,253.390900,7.867047,104.047200,98.172010,0.300000,1000.000000,0.900730,2468,2740,50.000000,off,,0,-1,0,1,1
1765268531781,2025-12-09 16:22:11.781,682.791800,4.441223,23,10,2,-0.018385,0.008183,-0.054333,0.396484,-0.104584,0.912048,-22.791470,1.825538,44.074540,-0.942490,0.290939,0.164429,-32.8033752,4.91613293,45.8212395,10.6226654,Building,Surface,3.314316,2.999237,0.000000,0.000000,-22.847260,1.840447,44.079310,338.130600,254.742200,7.410039,104.047200,98.172010,0.300000,1000.000000,0.900730,2468,2740,50.000000,off,,0.43113488,0,0.902287483,1,1
1765268531792,2025-12-09 16:22:11.793,682.803000,4.452454,23,10,2,0.029181,0.003070,-0.041055,0.564697,-0.152634,0.811050,-22.814920,1.831211,44.120340,-0.900445,0.223288,0.373261,-59.789547,11,59.4474182,41.0622559,Building,Surface,3.453964,3.248901,0.000000,0.000000,-22.847430,1.840251,44.082820,338.294600,256.065700,7.015755,104.047200,98.172010,0.300000,1000.000000,0.900730,2468,2740,50.000000,off,,0,-1,0,1,1
1765268531803,2025-12-09 16:22:11.803,682.814000,4.463379,23,10,2,0.029181,0.003070,-0.041055,0.564697,-0.152634,0.811050,-22.814190,1.830870,44.123220,-0.892777,0.217735,0.394364,-60.4102859,11,60.7304459,42.1110497,Building,Surface,3.453964,3.248901,0.000000,0.000000,-22.847560,1.839995,44.086480,338.431600,257.479100,6.624376,104.047200,98.172010,0.300000,1000.000000,0.900730,2468,2740,50.000000,off,,0,-1,0,1,1
1765268531815,2025-12-09 16:22:11.815,682.825100,4.474548,23,10,2,0.029230,0.003175,-0.041166,0.519928,-0.137451,0.843063,-22.813390,1.830566,44.126280,-0.901170,0.233295,0.365295,-58.2330132,11,58.4838486,39.303524,Building,Surface,3.477310,3.120453,0.000000,0.000000,-22.847760,1.839669,44.090290,338.603700,258.908100,6.278554,104.047200,98.172010,0.300000,1000.000000,0.900730,2468,2740,50.000000,off,,0,-1,0,1,1
1765268531826,2025-12-09 16:22:11.826,682.836200,4.485657,23,10,2,-0.027786,0.007345,-0.050934,0.403473,-0.052704,0.913467,-22.794820,1.824942,44.074350,-0.911721,0.320437,0.257051,-48.9000931,11,51.4344788,28.6328106,Building,Surface,3.316299,3.211655,0.000000,0.000000,-22.847990,1.839234,44.094080,338.800000,260.315400,5.947439,104.047200,98.172010,0.300000,1000.000000,0.900730,2468,2740,50.000000,off,,0,-1,0,1,1
1765268531837,2025-12-09 16:22:11.837,682.847300,4.496704,23,10,2,-0.027786,0.007345,-0.050934,0.403473,-0.052704,0.913467,-22.795490,1.824847,44.076970,-0.906722,0.315702,0.279603,-49.1472816,11,52.2029877,29.0625629,Building,Surface,3.316299,3.211655,0.000000,0.000000,-22.848240,1.838843,44.098000,338.981700,261.757900,5.642441,104.047200,98.172010,0.300000,1000.000000,0.900730,2468,2740,50.000000,off,,0,-1,0,1,1
1765268531848,2025-12-09 16:22:11.848,682.858500,4.507874,23,10,2,-0.028936,0.007969,-0.052793,0.371811,-0.097260,0.923187,-22.794190,1.824512,44.078730,-0.923984,0.269576,0.271220,-54.2435913,11,53.3101768,34.0363541,Building,Surface,3.201157,3.159363,0.000000,0.000000,-22.848550,1.838356,44.101980,339.210200,263.164600,5.353201,104.047200,98.172010,0.300000,1000.000000,0.900730,2468,2740,50.000000,off,,0,-1,0,1,1
1765268531858,2025-12-09 16:22:11.858,682.869500,4.518921,23,10,2,-0.024704,0.007920,-0.052808,0.331253,-0.095718,0.938660,-22.795290,1.824620,44.085680,-0.930086,0.267204,0.252023,-54.7330322,11,52.739769,34.338028,Building,Surface,3.348724,2.915695,0.000000,0.000000,-22.848900,1.837787,44.106030,339.469500,264.602600,5.049005,104.047200,98.172010,0.300000,1000.000000,0.900730,2468,2740,50.000000,off,,0,-1,0,1,1
1765268531869,2025-12-09 16:22:11.869,682.880600,4.530029,23,10,2,-0.009221,0.006975,-0.050636,0.293243,-0.093399,0.951462,-22.799090,1.825362,44.103820,-0.935186,0.264170,0.235875,-55.2781525,11,52.2957687,34.7299805,Building,Surface,3.329391,2.955856,0.000009,0.000000,-22.849300,1.837050,44.110130,339.787900,266.035300,4.750503,104.047200,98.172010,0.300000,1000.000000,0.900730,2468,2740,50.000000,off,,0,-1,0,1,1
1765268531880,2025-12-09 16:22:11.880,682.891700,4.541138,23,10,2,-0.009221,0.006975,-0.050636,0.293243,-0.093399,0.951462,-22.799610,1.824957,44.106790,-0.931051,0.257226,0.258795,-56.009449,11,53.3377914,35.669117,Building,Surface,3.329391,2.955856,0.000009,0.000000,-22.849740,1.836300,44.114320,340.133900,267.471000,4.465192,104.047200,98.172010,0.300000,1000.000000,0.900730,2468,2740,50.000000,off,,0,-1,0,1,1
1765268531892,2025-12-09 16:22:11.892,682.902800,4.552246,23,10,2,-0.003036,0.005790,-0.048973,0.697220,-0.225845,0.680328,-22.802140,1.824361,44.116050,-0.713443,0.062866,0.697865,-34.9261856,2.89268994,55.9753723,16.9934464,Building,Surface,3.662338,2.044174,0.000002,0.000000,-22.850220,1.835472,44.118550,340.502100,268.863200,4.198170,104.047200,98.172010,0.300000,1000.000000,0.900730,2468,2740,50.000000,off,,-0.538701534,0,-0.842496634,1,1
1765268531903,2025-12-09 16:22:11.903,682.913900,4.563354,23,10,2,-0.024704,0.007920,-0.052808,0.331253,-0.095718,0.938660,-22.798810,1.823177,44.097370,-0.909115,0.238940,0.341160,-57.7146301,11,57.2000961,38.4058647,Building,Surface,3.348724,2.915695,0.009654,0.000000,-22.850620,1.834623,44.122800,340.865400,270.259400,3.934945,104.047200,98.172010,0.300000,1000.000000,0.900730,2468,2740,50.000000,off,,0,-1,0,1,1
1765268531914,2025-12-09 16:22:11.914,682.925100,4.574524,23,10,2,-0.024704,0.007920,-0.052808,0.331253,-0.095718,0.938660,-22.799750,1.822826,44.100520,-0.902789,0.231595,0.362365,-58.5736351,11,58.4595871,39.6254196,Building,Surface,3.348724,2.915695,0.009654,0.000000,-22.851050,1.833830,44.127140,341.243700,271.617700,3.696280,104.047200,98.172010,0.300000,1000.000000,0.900730,2468,2740,50.000000,off,,0,-1,0,1,1
1765268531925,2025-12-09 16:22:11.925,682.936200,4.585632,23,10,2,-0.009221,0.006975,-0.050636,0.293243,-0.093399,0.951462,-22.802020,1.823174,44.119270,-0.910175,0.228012,0.345814,-59.4339447,11,58.0372925,40.2470245,Building,Surface,3.329391,2.955856,0.156422,0.000000,-22.851530,1.833042,44.131470,341.644300,272.959300,3.474288,104.047200,98.172010,0.300000,1000.000000,0.900730,2468,2740,50.000000,off,,0,-1,0,1,1
1765268531937,2025-12-09 16:22:11.937,682.947900,4.597290,23,10,2,-0.003125,0.005447,-0.048021,0.647842,-0.211395,0.731842,-22.805080,1.822447,44.128890,-0.698404,0.059605,0.713204,-33.5340652,2.73810434,55.0852318,15.3619938,Building,Surface,3.694489,3.223114,40.798960,0.000000,-22.851990,1.832238,44.135860,342.053800,274.304500,3.245667,104.047200,98.172010,0.300000,1000.000000,0.900730,2468,2740,50.000000,off,,-0.538701534,0,-0.842496634,1,1
1765268531947,2025-12-09 16:22:11.947,682.958300,4.607727,23,10,2,-0.002983,0.007437,-0.055065,0.645187,-0.298706,0.703201,-22.798480,1.821748,44.131510,-0.681989,-0.040701,0.730219,-32.2795563,1.25591886,54.2830887,13.9019938,Building,Surface,3.540802,1.679596,41.298980,0.000000,-22.852580,1.831378,44.140220,342.493900,275.617200,3.004514,104.047200,98.172010,0.300000,1000.000000,0.900730,2468,2740,50.000000,off,,-0.538701534,0,-0.842496634,1,1
1765268531958,2025-12-09 16:22:11.958,682.969400,4.618835,23,10,2,-0.002983,0.007437,-0.055065,0.645187,-0.298706,0.703201,-22.799100,1.821340,44.134790,-0.666444,-0.049570,0.743895,-31.3694744,1.18387723,53.7011719,12.8597574,Building,Surface,3.540802,1.679596,41.298980,0.000000,-22.853080,1.830528,44.144660,342.940100,276.882000,2.729270,104.047200,98.172010,0.300000,1000.000000,0.900730,2468,2740,50.000000,off,,-0.538701534,0,-0.842496634,1,1
1765268531969,2025-12-09 16:22:11.969,682.980600,4.630005,23,10,2,0.028553,0.002916,-0.042234,0.609772,-0.237534,0.756119,-22.808400,1.821481,44.171200,-0.689413,0.013686,0.724212,-32.6752625,2.01735449,54.5361061,14.3116961,Building,Surface,3.681259,2.079391,0.159386,0.000000,-22.853660,1.829590,44.148980,343.392200,278.134700,2.450984,104.047200,98.172010,0.300000,1000.000000,0.900730,2468,2740,50.000000,off,,-0.538701534,0,-0.842496634,1,1
1765268531981,2025-12-09 16:22:11.981,682.991800,4.641174,23,10,2,0.028802,0.002641,-0.041086,0.600311,-0.215988,0.770035,-22.809520,1.820800,44.175170,-0.684308,0.028754,0.728612,-32.3377762,2.22116876,54.3203125,13.9237909,Building,Surface,3.674973,3.240875,0.159375,0.000000,-22.854130,1.828640,44.153430,343.851500,279.326400,2.176822,104.047200,98.172010,0.300000,1000.000000,0.900730,2468,2740,50.000000,off,,-0.538701534,0,-0.842496634,1,1
1765268531992,2025-12-09 16:22:11.992,683.002700,4.652161,23,10,2,0.028923,0.003113,-0.041756,0.430145,-0.228607,0.873322,-22.808870,1.820233,44.178700,-0.803681,0.029917,0.594288,,,,,NoHit,NoHit,3.371109,3.169495,2.550243,0.000000,-22.854740,1.827581,44.157920,344.325000,280.517800,1.929235,104.047200,98.172010,0.300000,1000.000000,0.900730,2468,2740,50.000000,off,,,,,1,0
1765268532003,2025-12-09 16:22:12.003,683.013900,4.663330,23,10,2,0.028923,0.003113,-0.041756,0.430145,-0.228607,0.873322,-22.808940,1.819511,44.182300,-0.791873,0.020882,0.610310,,,,,NoHit,NoHit,3.371109,3.169495,2.550243,0.000000,-22.855260,1.826627,44.162480,344.796700,281.718000,1.707141,104.047200,98.172010,0.300000,1000.000000,0.900730,2468,2740,50.000000,off,,,,,1,0
1765268532014,2025-12-09 16:22:12.014,683.025100,4.674500,23,10,2,0.028553,0.002916,-0.042234,0.609772,-0.237534,0.756119,-22.808650,1.818374,44.185470,-0.629734,-0.021430,0.776489,-29.8426819,1.57900417,52.8587341,11.1696157,Building,Surface,3.681259,2.079391,0.649249,0.000000,-22.855730,1.825592,44.167080,345.237100,282.936000,1.507125,104.047200,98.172010,0.300000,1000.000000,0.900730,2468,2740,50.000000,off,,-0.457246572,0,-0.889339983,1,1
1765268532025,2025-12-09 16:22:12.025,683.036200,4.685608,23,10,2,0.028802,0.002641,-0.041086,0.600311,-0.215988,0.770035,-22.809830,1.817641,44.189670,-0.624318,-0.005037,0.781140,-29.665802,1.76232731,52.7677917,10.9814215,Building,Surface,3.674973,3.240875,10.263470,0.000000,-22.856240,1.824594,44.171710,345.674000,284.121700,1.343736,104.047200,98.172010,0.300000,1000.000000,0.900730,2468,2740,50.000000,off,,-0.457246572,0,-0.889339983,1,1
1765268532036,2025-12-09 16:22:12.036,683.047200,4.696594,23,10,2,0.028802,0.002641,-0.041086,0.600311,-0.215988,0.770035,-22.809920,1.816946,44.193350,-0.609083,-0.011856,0.793004,-29.2194214,1.69218326,52.5382881,10.523077,Building,Surface,3.674973,3.240875,10.263470,0.000000,-22.856710,1.823710,44.176330,346.048900,285.265600,1.186684,104.047200,98.172010,0.300000,1000.000000,0.900730,2468,2740,50.000000,off,,-0.457246572,0,-0.889339983,1,1
1765268532047,2025-12-09 16:22:12.047,683.058400,4.707825,23,10,2,0.027814,0.003267,-0.042053,0.413269,-0.185410,0.891525,-22.809270,1.816592,44.195670,-0.754608,0.037161,0.655112,,,,,NoHit,NoHit,3.445419,3.159027,0.645358,0.000000,-22.857150,1.822856,44.180770,346.361700,286.331800,1.012909,104.047200,98.172010,0.300000,1000.000000,0.900730,2468,2740,50.000000,off,,,,,1,0
1765268532059,2025-12-09 16:22:12.059,683.069500,4.718872,23,10,2,-0.025188,0.007800,-0.053311,0.377762,-0.180939,0.908035,-22.813970,1.817086,44.145040,-0.768561,0.040155,0.638493,,,,,NoHit,NoHit,3.230682,2.911072,0.645358,0.000000,-22.857570,1.822232,44.185170,346.575100,287.344600,0.828315,104.047200,98.172010,0.300000,1000.000000,0.900730,2468,2740,50.000000,off,,,,,1,0
1765268532070,2025-12-09 16:22:12.070,683.080600,4.729980,23,10,2,-0.030772,0.008705,-0.055807,0.348480,-0.136658,0.927292,-22.814270,1.817062,44.142390,-0.776049,0.083148,0.625154,-43.843811,4.07022429,61.0829468,27.0979843,HS-02,Signage,3.184357,2.843384,0.633609,0.000000,-22.857980,1.821705,44.189350,346.759500,288.292800,0.638083,104.047200,98.172010,0.300000,1000.000000,0.900730,2468,2740,50.000000,off,Node10,-0.029666245,0,-0.99955982,1,1
1765268532081,2025-12-09 16:22:12.081,683.091700,4.741089,23,10,2,-0.030772,0.008705,-0.055807,0.348480,-0.136658,0.927292,-22.815330,1.816925,44.145840,-0.766610,0.079346,0.637180,-43.1687584,3.92355442,61.062912,26.5497131,HS-02,Signage,3.184357,2.843384,0.633609,0.000000,-22.858320,1.821314,44.193480,346.939500,289.199100,0.491789,104.047200,98.172010,0.300000,1000.000000,0.900730,2468,2740,50.000000,off,Node10,-0.029666245,0,-0.99955982,1,1
1765268532092,2025-12-09 16:22:12.092,683.102700,4.752136,23,10,2,0.029636,0.004443,-0.045710,0.319351,-0.240875,0.916504,-22.805700,1.815497,44.209600,-0.779743,-0.027509,0.625483,,,,,NoHit,NoHit,3.228989,2.751160,0.629718,0.000000,-22.858670,1.821201,44.197380,347.066600,290.005500,0.390024,104.047200,98.172010,0.300000,1000.000000,0.900730,2468,2740,50.000000,off,,,,,1,0
1765268532103,2025-12-09 16:22:12.103,683.114000,4.763367,23,10,2,-0.025188,0.007800,-0.053311,0.377762,-0.180939,0.908035,-22.817800,1.816751,44.158580,-0.730477,0.027090,0.682379,-58.2338333,3.1301682,77.2426605,48.4827461,Building,Surface,3.230682,2.911072,10.199740,0.000000,-22.859040,1.821110,44.201210,347.176000,290.786700,0.306233,104.047200,98.172010,0.300000,1000.000000,0.900730,2468,2740,50.000000,off,,0,0,-1,1,1
1765268532114,2025-12-09 16:22:12.114,683.125100,4.774475,23,10,2,-0.025188,0.007800,-0.053311,0.377762,-0.180939,0.908035,-22.818700,1.816963,44.161670,-0.722689,0.025475,0.690683,-57.4326477,3.03711557,77.2426605,47.8953629,Building,Surface,3.230682,2.911072,10.199740,0.000000,-22.859460,1.821226,44.204780,347.262400,291.446800,0.271982,104.047200,98.172010,0.300000,1000.000000,0.900730,2468,2740,50.000000,off,,0,0,-1,1,1
1765268532126,2025-12-09 16:22:12.126,683.136200,4.785583,23,10,2,-0.030772,0.008705,-0.055807,0.348480,-0.136658,0.927292,-22.819280,1.817442,44.158560,-0.734921,0.070631,0.674453,-58.8695297,5.28211975,77.2426605,49.0528412,Building,Surface,3.184357,2.843384,40.799950,0.000000,-22.859920,1.821261,44.208270,347.376600,292.062700,0.224409,104.047200,98.172010,0.300000,1000.000000,0.900730,2468,2740,50.000000,off,,0,0,-1,1,1
1765268532137,2025-12-09 16:22:12.137,683.147400,4.796814,23,10,2,0.029739,0.004568,-0.045939,0.305801,-0.220230,0.926270,-22.806630,1.815937,44.221380,-0.761223,-0.013515,0.648342,,,,,NoHit,NoHit,3.252823,2.852539,10.324500,0.000000,-22.860390,1.821315,44.211530,347.502800,292.566300,0.203227,104.047200,98.172010,0.300000,1000.000000,0.900730,2468,2740,50.000000,off,,,,,1,0
1765268532148,2025-12-09 16:22:12.148,683.158400,4.807861,23,10,2,0.030022,0.004247,-0.044422,0.260986,-0.210312,0.942139,-22.808320,1.816044,44.224950,-0.785595,-0.003353,0.618708,,,,,NoHit,NoHit,3.269165,3.002426,10.387240,0.000000,-22.860860,1.821277,44.214700,347.668900,293.049900,0.202505,104.047200,98.172010,0.300000,1000.000000,0.900730,2468,2740,50.000000,off,,,,,1,0
1765268532159,2025-12-09 16:22:12.159,683.169500,4.818909,23,10,2,0.030022,0.004247,-0.044422,0.260986,-0.210312,0.942139,-22.808580,1.816145,44.227540,-0.781019,-0.006228,0.624453,,,,,NoHit,NoHit,3.269165,3.002426,10.387240,0.000000,-22.861200,1.821243,44.217670,347.841100,293.469100,0.208528,104.047200,98.172010,0.300000,1000.000000,0.900730,2468,2740,50.000000,off,,,,,1,0
1765268532170,2025-12-09 16:22:12.170,683.180500,4.829895,23,10,2,0.030178,0.004480,-0.044684,0.223068,-0.193680,0.955353,-22.808440,1.816363,44.229980,-0.800781,0.010560,0.598839,,,,,NoHit,NoHit,3.253296,3.142014,10.262480,0.000000,-22.861490,1.821182,44.220460,347.968400,293.855900,0.220269,104.047200,98.172010,0.300000,1000.000000,0.900730,2468,2740,50.000000,off,,,,,1,0
1765268532181,2025-12-09 16:22:12.181,683.191700,4.841064,23,10,2,-0.010037,0.006784,-0.049250,0.224899,-0.095718,0.969666,-22.820670,1.817507,44.193660,-0.790543,0.107805,0.602837,,,,,NoHit,NoHit,3.331909,3.049179,2.534188,0.000000,-22.861760,1.821096,44.223190,348.059200,294.232000,0.215241,104.047200,98.172010,0.300000,1000.000000,0.900730,2468,2740,50.000000,off,,,,,1,0
1765268532192,2025-12-09 16:22:12.192,683.202800,4.852173,23,10,2,-0.010037,0.006784,-0.049250,0.224899,-0.095718,0.969666,-22.821060,1.817424,44.195810,-0.787731,0.106989,0.606652,,,,,NoHit,NoHit,3.331909,3.049179,2.534188,0.000000,-22.862000,1.820973,44.225530,348.100600,294.509200,0.185302,104.047200,98.172010,0.300000,1000.000000,0.900730,2468,2740,50.000000,off,,,,,1,0
1765268532203,2025-12-09 16:22:12.203,683.213800,4.863220,23,10,2,-0.006989,0.006457,-0.048252,0.188538,-0.094070,0.977539,-22.821080,1.817203,44.201150,-0.807145,0.109613,0.580069,,,,,NoHit,NoHit,3.426254,2.949341,0.157410,0.000000,-22.862230,1.820833,44.227840,348.122700,294.755100,0.147676,104.047200,98.172010,0.300000,1000.000000,0.900730,2468,2740,50.000000,off,,,,,1,0
1765268532214,2025-12-09 16:22:12.215,683.224900,4.874329,23,10,2,0.016335,0.005144,-0.045267,0.088867,-0.124329,0.988251,-22.814540,1.816374,44.225570,-0.863080,0.082002,0.498361,,,,,NoHit,NoHit,3.382889,2.880493,2.549935,0.000000,-22.862560,1.820645,44.229840,348.113100,294.878800,0.068349,104.047200,98.172010,0.300000,1000.000000,0.900730,2468,2740,50.000000,off,,,,,1,0
1765268532226,2025-12-09 16:22:12.226,683.236000,4.885437,23,10,2,-0.010037,0.006784,-0.049250,0.224899,-0.095718,0.969666,-22.822040,1.817056,44.201690,-0.783275,0.105711,0.612616,,,,,NoHit,NoHit,3.331909,3.049179,39.542120,0.000000,-22.862760,1.820544,44.231720,348.130200,294.959900,359.982700,104.047200,98.172010,0.300000,1000.000000,0.900730,2468,2740,50.000000,off,,,,,1,0
1765268532236,2025-12-09 16:22:12.236,683.247200,4.896606,23,10,2,-0.010037,0.006784,-0.049250,0.224899,-0.095718,0.969666,-22.822380,1.816927,44.203250,-0.783476,0.105079,0.612468,,,,,NoHit,NoHit,3.331909,3.049179,39.542120,0.000000,-22.863120,1.820386,44.233270,348.143300,294.957600,359.875600,104.047200,98.172010,0.300000,1000.000000,0.900730,2468,2740,50.000000,off,,,,,1,0
1765268532247,2025-12-09 16:22:12.247,683.258400,4.907776,23,10,2,-0.006989,0.006457,-0.048252,0.188538,-0.094070,0.977539,-22.822270,1.816588,44.207790,-0.806147,0.107987,0.581759,,,,,NoHit,NoHit,3.426254,2.949341,0.002459,0.000000,-22.863380,1.820155,44.234550,348.137500,294.910900,359.721000,104.047200,98.172010,0.300000,1000.000000,0.900730,2468,2740,50.000000,off,,,,,1,0
1765268532258,2025-12-09 16:22:12.258,683.269400,4.918823,23,10,2,0.013224,0.005428,-0.045838,0.057831,-0.104111,0.992874,-22.816350,1.815863,44.228490,-0.877013,0.101317,0.469644,-52.2880554,5.22058344,60.010704,33.6043396,Building,Surface,3.278809,2.882767,0.000038,0.000000,-22.863630,1.820034,44.235790,348.167900,294.875900,359.626500,104.047200,98.172010,0.300000,1000.000000,0.900730,2468,2740,50.000000,off,,0.852546036,0,0.52265209,1,1
1765268532269,2025-12-09 16:22:12.269,683.280500,4.929871,23,10,2,0.013224,0.005428,-0.045838,0.057831,-0.104111,0.992874,-22.816570,1.815765,44.229560,-0.878138,0.101209,0.467560,-52.2068634,5.20311689,59.8782654,33.4685707,Building,Surface,3.278809,2.882767,0.000038,0.000000,-22.863860,1.819959,44.236760,348.168500,294.750100,359.526000,104.047200,98.172010,0.300000,1000.000000,0.900730,2468,2740,50.000000,off,,0.852546036,0,0.52265209,1,1
1765268532280,2025-12-09 16:22:12.280,683.291600,4.941040,23,10,2,0.012878,0.005547,-0.045770,-0.079941,-0.083801,0.993256,-22.817070,1.815860,44.230300,-0.932946,0.122132,0.338624,-36.6741676,3.6298933,49.259903,14.8528366,SS-01,Signage,3.086502,3.027374,0.000038,0.000000,-22.864200,1.819924,44.237660,348.182800,294.614800,359.454600,104.047200,98.172010,0.300000,1000.000000,0.900730,2468,2740,50.000000,off,Node10,1,0,0,1,1
1765268532291,2025-12-09 16:22:12.291,683.302700,4.952148,23,10,2,0.025876,0.004943,-0.044315,-0.133453,-0.112778,0.984604,-22.813470,1.815367,44.243540,-0.953985,0.091735,0.285432,-54.7560616,4.88695908,53.8007545,33.4828873,Building,Surface,3.087921,2.894882,0.000038,0.000000,-22.864560,1.819833,44.238270,348.235800,294.428500,359.389600,104.047200,98.172010,0.300000,1000.000000,0.900730,2468,2740,50.000000,off,,0.488449693,0,-0.872592092,1,1
1765268532303,2025-12-09 16:22:12.303,683.313800,4.963196,23,10,2,-0.016156,0.007483,-0.048539,-0.123474,-0.033234,0.991791,-22.826520,1.817412,44.204040,-0.942510,0.169467,0.288020,,,,,NoHit,NoHit,3.135605,3.114227,0.000002,0.000000,-22.864700,1.819713,44.238830,348.332200,294.212500,359.320300,104.047200,98.172010,0.300000,1000.000000,0.900730,2468,2740,50.000000,off,,,,,1,0
1765268532314,2025-12-09 16:22:12.314,683.324800,4.974243,23,10,2,-0.016156,0.007483,-0.048539,-0.123474,-0.033234,0.991791,-22.826660,1.817283,44.204490,-0.943990,0.167190,0.284480,,,,,NoHit,NoHit,3.135605,3.114227,0.000002,0.000000,-22.864980,1.819453,44.239120,348.471200,293.989200,359.274800,104.047200,98.172010,0.300000,1000.000000,0.900730,2468,2740,50.000000,off,,,,,1,0
1765268532325,2025-12-09 16:22:12.325,683.336100,4.985474,23,10,2,0.012878,0.005547,-0.045770,-0.079941,-0.083801,0.993256,-22.817890,1.815377,44.232600,-0.938884,0.114575,0.324561,-36.6741676,3.5063026,49.0225525,14.7580242,SS-01,Signage,3.086502,3.027374,0.000002,0.000000,-22.865150,1.819127,44.239240,348.638900,293.750700,359.222300,104.047200,98.172010,0.300000,1000.000000,0.900730,2468,2740,50.000000,off,Node10,1,0,0,1,1
1765268532336,2025-12-09 16:22:12.336,683.347200,4.996582,23,10,2,0.025876,0.004943,-0.044315,-0.133453,-0.112778,0.984604,-22.814380,1.814685,44.245410,-0.959098,0.082394,0.270768,-55.394619,4.61358166,53.4433136,33.9692078,Building,Surface,3.087921,2.894882,0.000002,0.000000,-22.865410,1.818811,44.239350,348.809400,293.556400,359.154900,104.047200,98.172010,0.300000,1000.000000,0.900730,2468,2740,50.000000,off,,0.488449693,0,-0.872592092,1,1
1765268532347,2025-12-09 16:22:12.347,683.358300,5.007751,23,10,2,-0.022997,0.008470,-0.051198,-0.103485,-0.047226,0.993500,-22.826890,1.817360,44.197720,-0.944508,0.145603,0.294426,,,,,NoHit,NoHit,3.135849,2.969559,0.000002,0.000000,-22.865510,1.818491,44.239300,348.956600,293.361300,359.074200,104.047200,98.172010,0.300000,1000.000000,0.900730,2468,2740,50.000000,off,,,,,1,0
1765268532358,2025-12-09 16:22:12.358,683.369300,5.018738,23,10,2,-0.022997,0.008470,-0.051198,-0.103485,-0.047226,0.993500,-22.827000,1.817126,44.197710,-0.945647,0.143135,0.291969,,,,,NoHit,NoHit,3.135849,2.969559,0.000002,0.000000,-22.865740,1.818098,44.239180,349.106500,293.206500,359.014900,104.047200,98.172010,0.300000,1000.000000,0.900730,2468,2740,50.000000,off,,,,,1,0
1765268532369,2025-12-09 16:22:12.369,683.380400,5.029846,23,10,2,-0.016398,0.008115,-0.050276,-0.106583,-0.046082,0.993225,-22.825400,1.816640,44.203970,-0.947522,0.141611,0.286581,,,,,NoHit,NoHit,3.014709,2.999390,0.000002,0.000000,-22.865920,1.817756,44.238880,349.261900,293.054700,359.003600,104.047200,98.172010,0.300000,1000.000000,0.900730,2468,2740,50.000000,off,,,,,1,0
1765268532381,2025-12-09 16:22:12.381,683.391500,5.040955,23,10,2,0.001538,0.006922,-0.047699,-0.114166,-0.039703,0.992661,-22.821140,1.815472,44.221310,-0.949837,0.145398,0.276866,,,,,NoHit,NoHit,3.047592,2.940414,0.000000,0.000000,-22.866140,1.817462,44.238540,349.409000,292.916700,358.993500,104.047200,98.172010,0.300000,1000.000000,0.900730,2468,2740,50.000000,off,,,,,1,0
1765268532392,2025-12-09 16:22:12.392,683.402600,5.052063,23,10,2,0.001538,0.006922,-0.047699,-0.114166,-0.039703,0.992661,-22.821310,1.815369,44.220970,-0.950928,0.142319,0.274711,,,,,NoHit,NoHit,3.047592,2.940414,0.000000,0.000000,-22.866360,1.817210,44.238090,349.586200,292.775500,359.013700,104.047200,98.172010,0.300000,1000.000000,0.900730,2468,2740,50.000000,off,,,,,1,0
1765268532403,2025-12-09 16:22:12.403,683.413800,5.063171,23,10,2,0.023364,0.005709,-0.045518,-0.125198,-0.059616,0.990326,-22.815260,1.814143,44.241540,-0.957471,0.119171,0.262719,-55.7091484,5.90825844,53.2672424,34.3545227,Building,Surface,3.048889,3.007004,0.000000,0.000000,-22.866500,1.816982,44.237510,349.773900,292.643600,359.062400,104.047200,98.172010,0.300000,1000.000000,0.900730,2468,2740,50.000000,off,,0.488449693,0,-0.872592092,1,1
1765268532414,2025-12-09 16:22:12.414,683.424900,5.074341,23,10,2,0.004591,0.006684,-0.046812,-0.102676,-0.028870,0.994293,-22.821190,1.814986,44.223110,-0.948266,0.146820,0.281478,,,,,NoHit,NoHit,3.170197,2.922607,0.000001,0.000000,-22.866640,1.816653,44.236860,349.942100,292.516600,359.095200,104.047200,98.172010,0.300000,1000.000000,0.900730,2468,2740,50.000000,off,,,,,1,0
1765268532425,2025-12-09 16:22:12.425,683.436000,5.085388,23,10,2,0.001538,0.006922,-0.047699,-0.114166,-0.039703,0.992661,-22.821530,1.814880,44.219290,-0.953868,0.133140,0.269063,-55.4373093,6.36736107,53.4194107,34.1929321,Building,Surface,3.047592,2.940414,0.000000,0.000000,-22.866690,1.816281,44.236130,350.104300,292.400500,359.157000,104.047200,98.172010,0.300000,1000.000000,0.900730,2468,2740,50.000000,off,,0.488449693,0,-0.872592092,1,1
1765268532437,2025-12-09 16:22:12.437,683.447000,5.096436,23,10,2,0.001538,0.006922,-0.047699,-0.114166,-0.039703,0.992661,-22.821550,1.814693,44.218620,-0.954655,0.130416,0.267600,-55.5066452,6.2798233,53.3806,34.2373238,Building,Surface,3.047592,2.940414,0.000000,0.000000,-22.866750,1.815964,44.235390,350.257300,292.302500,359.204900,104.047200,98.172010,0.300000,1000.000000,0.900730,2468,2740,50.000000,off,,0.488449693,0,-0.872592092,1,1
1765268532448,2025-12-09 16:22:12.448,683.458200,5.107605,23,10,2,0.023364,0.005709,-0.045518,-0.125198,-0.059616,0.990326,-22.815540,1.813396,44.238920,-0.960449,0.108200,0.256526,-56.0027733,5.55212498,53.1028824,34.5534401,Building,Surface,3.048889,3.007004,0.000002,0.000000,-22.866790,1.815668,44.234550,350.387600,292.233600,359.254200,104.047200,98.172010,0.300000,1000.000000,0.900730,2468,2740,50.000000,off,,0.488449693,0,-0.872592092,1,1
1765268532459,2025-12-09 16:22:12.459,683.469200,5.118652,23,10,2,0.011968,0.006207,-0.045699,-0.123138,-0.051590,0.991043,-22.819580,1.813963,44.227480,-0.959426,0.114314,0.257732,-55.9561195,5.76212502,53.1289978,34.537735,Building,Surface,3.170258,2.924149,0.000000,0.000000,-22.866790,1.815535,44.233730,350.492600,292.193100,359.294400,104.047200,98.172010,0.300000,1000.000000,0.900730,2468,2740,50.000000,off,,0.488449693,0,-0.872592092,1,1
1765268532469,2025-12-09 16:22:12.469,683.480300,5.129761,23,10,2,0.011968,0.006207,-0.045699,-0.123138,-0.051590,0.991043,-22.819540,1.813946,44.226720,-0.959786,0.112521,0.257177,-55.9842072,5.70202303,53.1132736,34.5540657,Building,Surface,3.170258,2.924149,0.000000,0.000000,-22.866760,1.815431,44.232940,350.591900,292.153300,359.333500,104.047200,98.172010,0.300000,1000.000000,0.900730,2468,2740,50.000000,off,,0.488449693,0,-0.872592092,1,1
1765268532480,2025-12-09 16:22:12.480,683.491600,5.140991,23,10,2,0.020385,0.005821,-0.044981,-0.115356,-0.053513,0.991867,-22.817060,1.813626,44.234000,-0.958248,0.109372,0.264140,-55.6691399,5.56327868,53.2896423,34.2829895,Building,Surface,3.103271,2.937454,0.000000,0.000000,-22.866720,1.815392,44.232110,350.658600,292.107000,359.408200,104.047200,98.172010,0.300000,1000.000000,0.900730,2468,2740,50.000000,off,,0.488449693,0,-0.872592092,1,1
1765268532491,2025-12-09 16:22:12.491,683.502700,5.152100,23,10,2,0.025076,0.005507,-0.044270,-0.114822,-0.039719,0.992584,-22.816000,1.813438,44.237860,-0.956843,0.122143,0.263663,-55.6678543,6.00704575,53.2903557,34.3333473,Building,Surface,3.156769,2.965439,0.000000,0.000000,-22.866720,1.815379,44.231320,350.705800,292.070000,359.477600,104.047200,98.172010,0.300000,1000.000000,0.900730,2468,2740,50.000000,off,,0.488449693,0,-0.872592092,1,1
1765268532502,2025-12-09 16:22:12.502,683.513700,5.163086,23,10,2,-0.016811,0.008017,-0.048235,-0.062546,0.052399,0.996658,-22.827580,1.815683,44.196610,-0.927342,0.212462,0.308028,-62.914772,11,57.5120583,43.2277145,Building,Surface,3.234802,2.889008,0.000000,0.000000,-22.866650,1.815399,44.230480,350.746300,292.020400,359.556400,104.047200,98.172010,0.300000,1000.000000,0.900730,2468,2740,50.000000,off,,0,-1,0,1,1
1765268532514,2025-12-09 16:22:12.514,683.524800,5.174194,23,10,2,-0.016811,0.008017,-0.048235,-0.062546,0.052399,0.996658,-22.827500,1.815673,44.195820,-0.927729,0.211612,0.307448,-63.0925446,11,57.5395966,43.4014015,Building,Surface,3.234802,2.889008,0.000000,0.000000,-22.866580,1.815370,44.229670,350.791700,291.984200,359.627800,104.047200,98.172010,0.300000,1000.000000,0.900730,2468,2740,50.000000,off,,0,-1,0,1,1
1765268532525,2025-12-09 16:22:12.525,683.535900,5.185303,23,10,2,-0.009346,0.007643,-0.047550,-0.079254,0.049210,0.995636,-22.825190,1.815332,44.202250,-0.933836,0.207522,0.291340,-64.1556168,11,57.0965958,44.2586288,Building,Surface,3.137711,2.913589,0.000000,0.000000,-22.866380,1.815310,44.228900,350.838000,291.958900,359.701100,104.047200,98.172010,0.300000,1000.000000,0.900730,2468,2740,50.000000,off,,0,-1,0,1,1
1765268532536,2025-12-09 16:22:12.536,683.547100,5.196472,23,10,2,0.025076,0.005507,-0.044270,-0.114822,-0.039719,0.992584,-22.815490,1.813592,44.234820,-0.957797,0.118327,0.261935,-55.7532883,5.88275337,53.2425346,34.3888855,Building,Surface,3.156769,2.965439,0.000000,0.000000,-22.866210,1.815254,44.228200,350.891900,291.943800,359.787100,104.047200,98.172010,0.300000,1000.000000,0.900730,2468,2740,50.000000,off,,0.488449693,0,-0.872592092,1,1
1765268532548,2025-12-09 16:22:12.548,683.558800,5.208191,23,10,2,0.025076,0.005507,-0.044270,-0.114822,-0.039719,0.992584,-22.815260,1.813605,44.234140,-0.957835,0.117315,0.262250,-55.7414665,5.84638596,53.2491531,34.375412,Building,Surface,3.156769,2.965439,0.000000,0.000000,-22.865980,1.815192,44.227540,350.940700,291.956500,359.874300,104.047200,98.172010,0.300000,1000.000000,0.900730,2468,2740,50.000000,off,,0.488449693,0,-0.872592092,1,1
1765268532558,2025-12-09 16:22:12.558,683.569300,5.218689,23,10,2,-0.016811,0.008017,-0.048235,-0.062546,0.052399,0.996658,-22.826710,1.815468,44.193060,-0.928474,0.207999,0.307665,-36.6741676,4.91760921,48.7816429,14.9141035,SS-01,Signage,3.234802,2.889008,0.000000,0.000000,-22.865750,1.815101,44.226960,350.982500,291.998000,359.967200,104.047200,98.172010,0.300000,1000.000000,0.900730,2468,2740,50.000000,off,Node10,1,0,0,1,1
1765268532569,2025-12-09 16:22:12.569,683.580400,5.229797,23,10,2,0.002942,0.006925,-0.046159,-0.083572,0.025055,0.996170,-22.821120,1.814706,44.211570,-0.939843,0.180034,0.290257,,,,,NoHit,NoHit,3.130630,2.920380,0.000000,0.000000,-22.865490,1.815062,44.226360,351.027500,292.037800,0.053523,104.047200,98.172010,0.300000,1000.000000,0.900730,2468,2740,50.000000,off,,,,,1,0
1765268532580,2025-12-09 16:22:12.580,683.591400,5.240845,23,10,2,0.011539,0.006477,-0.045371,-0.086548,0.022339,0.995987,-22.818380,1.814415,44.219350,-0.941148,0.176372,0.288292,,,,,NoHit,NoHit,3.135086,2.881241,0.000000,0.000000,-22.865180,1.815031,44.225890,351.078000,292.077700,0.110253,104.047200,98.172010,0.300000,1000.000000,0.900730,2468,2740,50.000000,off,,,,,1,0
1765268532591,2025-12-09 16:22:12.591,683.602500,5.251953,23,10,2,0.011539,0.006477,-0.045371,-0.086548,0.022339,0.995987,-22.818030,1.814374,44.218830,-0.941041,0.175300,0.289294,,,,,NoHit,NoHit,3.135086,2.881241,0.000000,0.000000,-22.864830,1.814932,44.225430,351.135000,292.135700,0.173602,104.047200,98.172010,0.300000,1000.000000,0.900730,2468,2740,50.000000,off,,,,,1,0
1765268532603,2025-12-09 16:22:12.603,683.613700,5.263123,23,10,2,0.016350,0.006285,-0.045167,-0.090302,0.007767,0.995880,-22.816060,1.814157,44.222910,-0.944199,0.159855,0.287970,,,,,NoHit,NoHit,3.094498,2.853348,0.000000,0.000000,-22.864460,1.814806,44.225040,351.191800,292.211400,0.203368,104.047200,98.172010,0.300000,1000.000000,0.900730,2468,2740,50.000000,off,,,,,1,0
1765268532614,2025-12-09 16:22:12.614,683.624700,5.274109,23,10,2,0.010857,0.006490,-0.045442,-0.083359,0.007797,0.996475,-22.817540,1.814302,44.217320,-0.941899,0.158783,0.295952,-36.6741676,4.15021801,48.5711823,14.7111788,SS-01,Signage,3.067505,2.868164,0.000000,0.000000,-22.864120,1.814749,44.224710,351.260600,292.288200,0.228170,104.047200,98.172010,0.300000,1000.000000,0.900730,2468,2740,50.000000,off,Node10,1,0,0,1,1
1765268532625,2025-12-09 16:22:12.625,683.635900,5.285339,23,10,2,0.010857,0.006490,-0.045442,-0.083359,0.007797,0.996475,-22.817190,1.814253,44.216890,-0.941615,0.157385,0.297598,-36.6741676,4.13035965,48.5963936,14.7159872,SS-01,Signage,3.067505,2.868164,0.000000,0.000000,-22.863770,1.814633,44.224360,351.340600,292.383300,0.245314,104.047200,98.172010,0.300000,1000.000000,0.900730,2468,2740,50.000000,off,Node10,1,0,0,1,1
1765268532636,2025-12-09 16:22:12.636,683.647000,5.296387,23,10,2,-0.003416,0.007021,-0.046179,-0.061401,0.043793,0.997147,-22.821500,1.814635,44.203060,-0.928684,0.191687,0.317476,-36.6741676,4.67392445,48.9386749,14.9163656,SS-01,Signage,3.156296,2.662659,0.000000,0.000000,-22.863350,1.814594,44.224100,351.425800,292.472000,0.264663,104.047200,98.172010,0.300000,1000.000000,0.900730,2468,2740,50.000000,off,Node10,1,0,0,1,1
1765268532647,2025-12-09 16:22:12.647,683.658100,5.307495,23,10,2,0.016350,0.006285,-0.045167,-0.090302,0.007767,0.995880,-22.814500,1.814116,44.221420,-0.943201,0.154822,0.293929,,,,,NoHit,NoHit,3.094498,2.853348,0.000000,0.000000,-22.862890,1.814518,44.223840,351.479700,292.555000,0.262653,104.047200,98.172010,0.300000,1000.000000,0.900730,2468,2740,50.000000,off,,,,,1,0
1765268532658,2025-12-09 16:22:12.658,683.669100,5.318542,23,10,2,0.010857,0.006490,-0.045442,-0.083359,0.007797,0.996475,-22.815940,1.814247,44.215970,-0.940859,0.154464,0.301494,-36.6741676,4.08939934,48.6567764,14.7291393,SS-01,Signage,3.067505,2.868164,0.000000,0.000000,-22.862490,1.814487,44.223630,351.507700,292.610000,0.280882,104.047200,98.172010,0.300000,1000.000000,0.900730,2468,2740,50.000000,off,Node10,1,0,0,1,1
1765268532670,2025-12-09 16:22:12.670,683.680400,5.329773,23,10,2,0.010857,0.006490,-0.045442,-0.083359,0.007797,0.996475,-22.815490,1.814228,44.215710,-0.940582,0.154041,0.302570,-36.6741676,4.08389187,48.6738205,14.733943,SS-01,Signage,3.067505,2.868164,0.000000,0.000000,-22.862020,1.814445,44.223420,351.530500,292.674100,0.302615,104.047200,98.172010,0.300000,1000.000000,0.900730,2468,2740,50.000000,off,Node10,1,0,0,1,1
1765268532681,2025-12-09 16:22:12.681,683.691300,5.340759,23,10,2,-0.000242,0.006867,-0.046183,-0.057388,0.000809,0.998337,-22.818620,1.814467,44.204990,-0.933026,0.147680,0.328060,-36.6741676,4.0075326,49.0767212,14.8498983,SS-01,Signage,2.990494,2.734421,0.000000,0.000000,-22.861590,1.814486,44.223270,351.521300,292.698800,0.319886,104.047200,98.172010,0.300000,1000.000000,0.900730,2468,2740,50.000000,off,Node10,1,0,0,1,1
1765268532691,2025-12-09 16:22:12.691,683.702500,5.351868,23,10,2,0.013232,0.006137,-0.044970,-0.072632,-0.011093,0.997284,-22.814180,1.814027,44.217730,-0.939401,0.136221,0.314553,-36.6741676,3.82384133,48.8586693,14.7538776,SS-01,Signage,3.003036,2.715698,0.000000,0.000000,-22.861150,1.814536,44.223080,351.487900,292.713400,0.338941,104.047200,98.172010,0.300000,1000.000000,0.900730,2468,2740,50.000000,off,Node10,1,0,0,1,1
1765268532702,2025-12-09 16:22:12.702,683.713600,5.363037,23,10,2,0.013232,0.006137,-0.044970,-0.072632,-0.011093,0.997284,-22.813730,1.814081,44.217540,-0.939200,0.136701,0.314945,-36.6741676,3.8314743,48.865406,14.7575159,SS-01,Signage,3.003036,2.715698,0.000000,0.000000,-22.860690,1.814611,44.222920,351.459400,292.738800,0.347853,104.047200,98.172010,0.300000,1000.000000,0.900730,2468,2740,50.000000,off,Node10,1,0,0,1,1
1765268532713,2025-12-09 16:22:12.713,683.724700,5.374084,23,10,2,0.024022,0.005483,-0.043679,-0.076797,-0.006744,0.997009,-22.810440,1.813747,44.227880,-0.939898,0.141512,0.310703,-36.6741676,3.90108418,48.8108253,14.7500286,SS-01,Signage,3.091141,2.782440,0.000000,0.000000,-22.860320,1.814691,44.222780,351.425600,292.739300,0.351836,104.047200,98.172010,0.300000,1000.000000,0.900730,2468,2740,50.000000,off,Node10,1,0,0,1,1
1765268532725,2025-12-09 16:22:12.725,683.735800,5.385254,23,10,2,0.023988,0.005515,-0.043787,-0.076630,-0.007645,0.997025,-22.809950,1.813806,44.227620,-0.939867,0.140666,0.311209,-36.6741676,3.8888061,48.8183441,14.7511663,SS-01,Signage,3.090881,2.756577,0.000000,0.000000,-22.859920,1.814731,44.222610,351.421900,292.756900,0.369705,104.047200,98.172010,0.300000,1000.000000,0.900730,2468,2740,50.000000,off,Node10,1,0,0,1,1
1765268532736,2025-12-09 16:22:12.736,683.746900,5.396301,23,10,2,-0.009080,0.007510,-0.047758,-0.054535,0.006500,0.998489,-22.818480,1.815026,44.195370,-0.930726,0.155094,0.331200,-36.6741676,4.12390518,49.1259346,14.8869572,SS-01,Signage,2.956955,2.717148,0.000000,0.000000,-22.859520,1.814786,44.222480,351.417200,292.755000,0.368146,104.047200,98.172010,0.300000,1000.000000,0.900730,2468,2740,50.000000,off,Node10,1,0,0,1,1
1765268532747,2025-12-09 16:22:12.747,683.758100,5.407471,23,10,2,-0.009080,0.007510,-0.047758,-0.054535,0.006500,0.998489,-22.818160,1.815073,44.195260,-0.930778,0.155326,0.330944,-36.6741676,4.12733078,49.1218491,14.8864651,SS-01,Signage,2.956955,2.717148,0.000000,0.000000,-22.859200,1.814847,44.222360,351.402900,292.740200,0.382546,104.047200,98.172010,0.300000,1000.000000,0.900730,2468,2740,50.000000,off,Node10,1,0,0,1,1
1765268532758,2025-12-09 16:22:12.758,683.769200,5.418579,23,10,2,0.024022,0.005483,-0.043679,-0.076797,-0.006744,0.997009,-22.808950,1.813973,44.227350,-0.939814,0.142155,0.310665,-36.6741676,3.91120744,48.8106384,14.7529383,SS-01,Signage,3.091141,2.782440,0.000000,0.000000,-22.858830,1.814934,44.222250,351.385600,292.739000,0.387106,104.047200,98.172010,0.300000,1000.000000,0.900730,2468,2740,50.000000,off,Node10,1,0,0,1,1
1765268532769,2025-12-09 16:22:12.769,683.780300,5.429688,23,10,2,0.023988,0.005515,-0.043787,-0.076630,-0.007645,0.997025,-22.808530,1.814096,44.227180,-0.939885,0.142081,0.310511,-36.6741676,3.91014338,48.8079872,14.7523937,SS-01,Signage,3.090881,2.756577,0.000000,0.000000,-22.858500,1.815073,44.222150,351.337200,292.718800,0.403288,104.047200,98.172010,0.300000,1000.000000,0.900730,2468,2740,50.000000,off,Node10,1,0,0,1,1
1765268532780,2025-12-09 16:22:12.780,683.791400,5.440857,23,10,2,-0.008958,0.007488,-0.047684,-0.055237,0.006500,0.998444,-22.817140,1.815294,44.195150,-0.930976,0.157451,0.329356,-36.6741676,4.15885925,49.0974197,14.8842793,SS-01,Signage,2.981186,2.723312,0.000000,0.000000,-22.858180,1.815187,44.222080,351.277300,292.691700,0.410258,104.047200,98.172010,0.300000,1000.000000,0.900730,2468,2740,50.000000,off,Node10,1,0,0,1,1
1765268532791,2025-12-09 16:22:12.791,683.802500,5.451904,23,10,2,-0.008958,0.007488,-0.047684,-0.055237,0.006500,0.998444,-22.816820,1.815424,44.195060,-0.931041,0.158296,0.328769,-36.6741676,4.17145634,49.0883636,14.8835955,SS-01,Signage,2.981186,2.723312,0.000000,0.000000,-22.857880,1.815356,44.221970,351.228900,292.658700,0.396640,104.047200,98.172010,0.300000,1000.000000,0.900730,2468,2740,50.000000,off,Node10,1,0,0,1,1
1765268532803,2025-12-09 16:22:12.803,683.813600,5.463013,23,10,2,-0.004896,0.007248,-0.047193,-0.062225,0.004089,0.998047,-22.815440,1.815308,44.198950,-0.933727,0.156712,0.321842,-36.6741676,4.14128685,48.975853,14.8422823,SS-01,Signage,2.937088,2.726089,0.000001,0.000000,-22.857600,1.815416,44.221880,351.177200,292.632100,0.380808,104.047200,98.172010,0.300000,1000.000000,0.900730,2468,2740,50.000000,off,Node10,1,0,0,1,1
1765268532814,2025-12-09 16:22:12.814,683.824600,5.474060,23,10,2,-0.002839,0.007048,-0.046754,-0.063232,0.010513,0.997940,-22.814710,1.815242,44.200990,-0.933059,0.163692,0.320312,-36.6741676,4.24668789,48.9588356,14.8537397,SS-01,Signage,2.972824,2.727859,0.000002,0.000000,-22.857240,1.815497,44.221840,351.140100,292.625800,0.364675,104.047200,98.172010,0.300000,1000.000000,0.900730,2468,2740,50.000000,off,Node10,1,0,0,1,1
1765268532825,2025-12-09 16:22:12.825,683.835800,5.485168,23,10,2,-0.002839,0.007048,-0.046754,-0.063232,0.010513,0.997940,-22.814430,1.815392,44.201040,-0.933004,0.164071,0.320279,-36.6741676,4.25266027,48.9587708,14.8549194,SS-01,Signage,2.972824,2.727859,0.000002,0.000000,-22.856960,1.815664,44.221890,351.119100,292.625100,0.347998,104.047200,98.172010,0.300000,1000.000000,0.900730,2468,2740,50.000000,off,Node10,1,0,0,1,1
1765268532836,2025-12-09 16:22:12.836,683.847000,5.496399,23,10,2,0.002905,0.006687,-0.045805,-0.075714,0.028564,0.996704,-22.812830,1.815269,44.206750,-0.934053,0.182200,0.307109,-36.6741676,4.51911545,48.7642441,14.8397532,SS-01,Signage,3.021347,2.681793,0.000000,0.000000,-22.856660,1.815742,44.221920,351.086900,292.626700,0.340407,104.047200,98.172010,0.300000,1000.000000,0.900730,2468,2740,50.000000,off,Node10,1,0,0,1,1
1765268532847,2025-12-09 16:22:12.847,683.857900,5.507324,23,10,2,0.025510,0.005826,-0.044469,-0.100006,0.032944,0.994431,-22.805180,1.814857,44.228230,-0.940713,0.186327,0.283409,-69.1784058,11,58.1991043,49.2953148,Building,Surface,2.965195,2.781937,0.000001,0.000000,-22.856380,1.815854,44.221960,351.069500,292.619600,0.341041,104.047200,98.172010,0.300000,1000.000000,0.900730,2468,2740,50.000000,off,,0,-1,0,1,1
1765268532858,2025-12-09 16:22:12.858,683.869200,5.518616,23,10,2,-0.002839,0.007048,-0.046754,-0.063232,0.010513,0.997940,-22.813580,1.815606,44.201150,-0.932942,0.165233,0.319862,-36.6741676,4.27044964,48.9532928,14.8568192,SS-01,Signage,2.972824,2.727859,0.000001,0.000000,-22.856120,1.815935,44.221980,351.050600,292.604200,0.361808,104.047200,98.172010,0.300000,1000.000000,0.900730,2468,2740,50.000000,off,Node10,1,0,0,1,1
1765268532869,2025-12-09 16:22:12.869,683.880200,5.529663,23,10,2,-0.002839,0.007048,-0.046754,-0.063232,0.010513,0.997940,-22.813270,1.815634,44.201220,-0.933034,0.165589,0.319409,-36.6741676,4.27557898,48.9462738,14.8556843,SS-01,Signage,2.972824,2.727859,0.000001,0.000000,-22.855820,1.815982,44.222030,351.028500,292.578000,0.382944,104.047200,98.172010,0.300000,1000.000000,0.900730,2468,2740,50.000000,off,Node10,1,0,0,1,1
1765268532880,2025-12-09 16:22:12.880,683.891300,5.540710,23,10,2,0.002905,0.006687,-0.045805,-0.075714,0.028564,0.996704,-22.811720,1.815469,44.206980,-0.934213,0.183713,0.305719,-36.6741676,4.54152012,48.7434349,14.8384037,SS-01,Signage,3.021347,2.681793,0.000002,0.000000,-22.855570,1.816015,44.222090,350.993400,292.549900,0.405908,104.047200,98.172010,0.300000,1000.000000,0.900730,2468,2740,50.000000,off,Node10,1,0,0,1,1
1765268532891,2025-12-09 16:22:12.891,683.902400,5.551819,23,10,2,0.018171,0.006167,-0.045030,-0.097946,0.044357,0.994186,-22.806340,1.815227,44.221490,-0.938270,0.199092,0.282807,-66.091835,11,57.2683105,46.1325645,Building,Surface,2.902115,2.760162,0.000010,0.000000,-22.855280,1.816069,44.222170,350.972200,292.528900,0.424175,104.047200,98.172010,0.300000,1000.000000,0.900730,2468,2740,50.000000,off,,0,-1,0,1,1
1765268532903,2025-12-09 16:22:12.903,683.913600,5.563049,23,10,2,0.018171,0.006167,-0.045030,-0.097946,0.044357,0.994186,-22.806080,1.815235,44.221630,-0.938275,0.199447,0.282539,-66.0147247,11,57.2328796,46.0503998,Building,Surface,2.902115,2.760162,0.000010,0.000000,-22.855010,1.816091,44.222290,350.950000,292.514800,0.437286,104.047200,98.172010,0.300000,1000.000000,0.900730,2468,2740,50.000000,off,,0,-1,0,1,1
1765268532914,2025-12-09 16:22:12.914,683.924800,5.574219,23,10,2,0.000880,0.006966,-0.046336,-0.081985,0.064407,0.994537,-22.811110,1.815663,44.205230,-0.929565,0.219761,0.295954,-61.6598549,11,56.5738525,41.7918625,Building,Surface,2.991577,2.760178,0.000010,0.000000,-22.854720,1.816082,44.222410,350.929700,292.510400,0.442005,104.047200,98.172010,0.300000,1000.000000,0.900730,2468,2740,50.000000,off,,0,-1,0,1,1
1765268532925,2025-12-09 16:22:12.925,683.935700,5.585083,23,10,2,0.003727,0.006810,-0.046039,-0.084518,0.057541,0.994751,-22.810120,1.815555,44.208080,-0.931610,0.213212,0.294327,-62.9407005,11,56.8866806,43.0762596,Building,Surface,2.991425,2.760284,0.000010,0.000000,-22.854520,1.816070,44.222520,350.916400,292.522200,0.448148,104.047200,98.172010,0.300000,1000.000000,0.900730,2468,2740,50.000000,off,,0,-1,0,1,1
1765268532936,2025-12-09 16:22:12.936,683.946800,5.596252,23,10,2,-0.002438,0.007055,-0.046404,-0.090851,0.052841,0.994446,-22.811850,1.815677,44.202420,-0.934377,0.208571,0.288802,-63.9566917,11,56.9196739,44.0338287,Building,Surface,2.851852,2.737549,0.000002,0.000000,-22.854250,1.816060,44.222700,350.911000,292.529800,0.444716,104.047200,98.172010,0.300000,1000.000000,0.900730,2468,2740,50.000000,off,,0,-1,0,1,1
1765268532947,2025-12-09 16:22:12.947,683.957900,5.607361,23,10,2,-0.002438,0.007055,-0.046404,-0.090851,0.052841,0.994446,-22.811620,1.815706,44.202600,-0.934370,0.208392,0.288952,-63.9913673,11,56.9373512,44.0714874,Building,Surface,2.851852,2.737549,0.000002,0.000000,-22.854010,1.816081,44.222890,350.920800,292.538500,0.452494,104.047200,98.172010,0.300000,1000.000000,0.900730,2468,2740,50.000000,off,,0,-1,0,1,1
1765268532958,2025-12-09 16:22:12.958,683.969000,5.618408,23,10,2,-0.004147,0.007150,-0.046591,-0.074966,0.059265,0.995422,-22.811820,1.815746,44.201180,-0.928188,0.215000,0.303710,-62.4616623,11,57.1749039,42.717411,Building,Surface,3.005478,2.733841,0.000038,0.000000,-22.853730,1.816072,44.223130,350.920600,292.549100,0.465419,104.047200,98.172010,0.300000,1000.000000,0.900730,2468,2740,50.000000,off,,0,-1,0,1,1
1765268532969,2025-12-09 16:22:12.969,683.980100,5.629517,23,10,2,0.003727,0.006810,-0.046039,-0.084518,0.057541,0.994751,-22.809080,1.815611,44.208890,-0.931308,0.213282,0.295230,-62.9132385,11,56.9221382,43.0618477,Building,Surface,2.991425,2.760284,0.002490,0.000000,-22.853470,1.816130,44.223370,350.911100,292.578900,0.461590,104.047200,98.172010,0.300000,1000.000000,0.900730,2468,2740,50.000000,off,,0,-1,0,1,1
1765268532980,2025-12-09 16:22:12.980,683.991300,5.640686,23,10,2,0.003727,0.006810,-0.046039,-0.084518,0.057541,0.994751,-22.808790,1.815651,44.209170,-0.931045,0.213892,0.295616,-62.7871094,11,56.9026833,42.9388275,Building,Surface,2.991425,2.760284,0.002490,0.000000,-22.853160,1.816199,44.223670,350.875600,292.605500,0.456682,104.047200,98.172010,0.300000,1000.000000,0.900730,2468,2740,50.000000,off,,0,-1,0,1,1
1765268532991,2025-12-09 16:22:12.991,684.002300,5.651733,23,10,2,-0.002438,0.007055,-0.046404,-0.090851,0.052841,0.994446,-22.810500,1.815876,44.203620,-0.933680,0.209575,0.290324,-63.7267952,11,56.9263763,43.8219147,Building,Surface,2.851852,2.737549,0.002506,0.000000,-22.852860,1.816308,44.223980,350.850600,292.628900,0.458445,104.047200,98.172010,0.300000,1000.000000,0.900730,2468,2740,50.000000,off,,0,-1,0,1,1
1765268533002,2025-12-09 16:22:13.002,684.013400,5.662842,23,10,2,-0.003340,0.007107,-0.046512,-0.074066,0.058365,0.995529,-22.810440,1.815964,44.203070,-0.927029,0.216229,0.306321,-62.1847649,11,57.2136459,42.4730263,Building,Surface,3.007355,2.733643,0.000039,0.000000,-22.852540,1.816412,44.224330,350.799200,292.662300,0.440726,104.047200,98.172010,0.300000,1000.000000,0.900730,2468,2740,50.000000,off,,0,-1,0,1,1
1765268533014,2025-12-09 16:22:13.014,684.024600,5.674011,23,10,2,-0.003798,0.007140,-0.046584,-0.071533,0.058243,0.995728,-22.810260,1.816072,44.202960,-0.925761,0.216934,0.309659,-62.0024681,11,57.3124123,42.3347511,Building,Surface,3.007690,2.709015,0.000157,0.000000,-22.852240,1.816536,44.224710,350.755600,292.721600,0.414613,104.047200,98.172010,0.300000,1000.000000,0.900730,2468,2740,50.000000,off,,0,-1,0,1,1
1765268533025,2025-12-09 16:22:13.025,684.035700,5.685120,23,10,2,-0.003798,0.007140,-0.046584,-0.071533,0.058243,0.995728,-22.809950,1.816214,44.203310,-0.925302,0.217621,0.310548,-61.8584633,11,57.3086967,42.2004623,Building,Surface,3.007690,2.709015,0.000157,0.000000,-22.851910,1.816707,44.225100,350.717200,292.778700,0.386031,104.047200,98.172010,0.300000,1000.000000,0.900730,2468,2740,50.000000,off,,0,-1,0,1,1
1765268533036,2025-12-09 16:22:13.036,684.046700,5.696106,23,10,2,-0.001992,0.007093,-0.046525,-0.074005,0.048615,0.996063,-22.809030,1.816263,44.205380,-0.927449,0.209092,0.310002,-63.5444298,11,57.8212814,43.9216042,Building,Surface,3.030945,2.735428,0.000010,0.000000,-22.851610,1.816823,44.225520,350.665000,292.839900,0.349671,104.047200,98.172010,0.300000,1000.000000,0.900730,2468,2740,50.000000,off,,0,-1,0,1,1
1765268533047,2025-12-09 16:22:13.047,684.057900,5.707336,23,10,2,0.000787,0.006958,-0.046297,-0.079330,0.045090,0.995819,-22.807870,1.816231,44.208400,-0.929284,0.206361,0.306313,-36.6741676,4.89544392,48.7790451,14.9213457,SS-01,Signage,3.031982,2.732559,0.000039,0.000000,-22.851280,1.816909,44.225930,350.619300,292.908600,0.320448,104.047200,98.172010,0.300000,1000.000000,0.900730,2468,2740,50.000000,off,Node10,1,0,0,1,1
1765268533058,2025-12-09 16:22:13.058,684.069000,5.718445,23,10,2,0.000787,0.006958,-0.046297,-0.079330,0.045090,0.995819,-22.807580,1.816304,44.208790,-0.928696,0.207213,0.307520,-36.6741676,4.91025209,48.8004456,14.9311113,SS-01,Signage,3.031982,2.732559,0.000039,0.000000,-22.850970,1.817019,44.226370,350.573300,292.985000,0.269694,104.047200,98.172010,0.300000,1000.000000,0.900730,2468,2740,50.000000,off,Node10,1,0,0,1,1
1765268533069,2025-12-09 16:22:13.069,684.080100,5.729553,23,10,2,-0.004002,0.007246,-0.046831,-0.075912,0.046265,0.996033,-22.808650,1.816532,44.204520,-0.926762,0.209425,0.311829,-63.4479713,11,57.8784943,43.8505096,Building,Surface,3.061966,2.746155,0.000039,0.000000,-22.850660,1.817115,44.226780,350.518200,293.059600,0.220051,104.047200,98.172010,0.300000,1000.000000,0.900730,2468,2740,50.000000,off,,0,-1,0,1,1
1765268533080,2025-12-09 16:22:13.080,684.091300,5.740723,23,10,2,-0.001992,0.007093,-0.046525,-0.074005,0.048615,0.996063,-22.807900,1.816527,44.206920,-0.925213,0.212208,0.314534,-62.8472404,11,57.818634,43.2754364,Building,Surface,3.030945,2.735428,0.010023,0.000000,-22.850380,1.817221,44.227250,350.494700,293.128000,0.179083,104.047200,98.172010,0.300000,1000.000000,0.900730,2468,2740,50.000000,off,,0,-1,0,1,1
1765268533091,2025-12-09 16:22:13.091,684.102300,5.751709,23,10,2,0.000787,0.006958,-0.046297,-0.079330,0.045090,0.995819,-22.806790,1.816496,44.209970,-0.927172,0.209242,0.310727,-63.4997902,11,57.84758,43.8889771,Building,Surface,3.031982,2.732559,0.000626,0.000000,-22.850120,1.817302,44.227690,350.464800,293.187400,0.135878,104.047200,98.172010,0.300000,1000.000000,0.900730,2468,2740,50.000000,off,,0,-1,0,1,1
1765268533103,2025-12-09 16:22:13.103,684.113500,5.762939,23,10,2,0.000787,0.006958,-0.046297,-0.079330,0.045090,0.995819,-22.806560,1.816537,44.210340,-0.926657,0.209749,0.311921,-63.3784828,11,57.8672142,43.7827263,Building,Surface,3.031982,2.732559,0.000626,0.000000,-22.849870,1.817366,44.228120,350.437600,293.262300,0.103467,104.047200,98.172010,0.300000,1000.000000,0.900730,2468,2740,50.000000,off,,0,-1,0,1,1
1765268533114,2025-12-09 16:22:13.114,684.124500,5.773865,23,10,2,-0.005791,0.007357,-0.047037,-0.074524,0.044739,0.996201,-22.808240,1.816841,44.204390,-0.924848,0.209689,0.317267,-63.311203,11,58.0988388,43.79356,Building,Surface,3.067612,2.744934,0.002490,0.000000,-22.849660,1.817419,44.228560,350.426100,293.309800,0.088274,104.047200,98.172010,0.300000,1000.000000,0.900730,2468,2740,50.000000,off,,0,-1,0,1,1
1765268533125,2025-12-09 16:22:13.125,684.135700,5.785095,23,10,2,-0.004752,0.007298,-0.046956,-0.075623,0.046524,0.996048,-22.807750,1.816777,44.205720,-0.924474,0.211865,0.316947,-62.878788,11,57.9436874,43.3445625,Building,Surface,3.077896,2.747513,0.000626,0.000000,-22.849480,1.817416,44.228930,350.401100,293.365400,0.075641,104.047200,98.172010,0.300000,1000.000000,0.900730,2468,2740,50.000000,off,,0,-1,0,1,1
1765268533136,2025-12-09 16:22:13.136,684.146800,5.796204,23,10,2,-0.004752,0.007298,-0.046956,-0.075623,0.046524,0.996048,-22.807570,1.816830,44.206180,-0.924213,0.212291,0.317424,-62.7866821,11,57.9371376,43.2573586,Building,Surface,3.077896,2.747513,0.000626,0.000000,-22.849290,1.817489,44.229410,350.376900,293.396600,0.064881,104.047200,98.172010,0.300000,1000.000000,0.900730,2468,2740,50.000000,off,,0,-1,0,1,1
1765268533147,2025-12-09 16:22:13.147,684.157900,5.807312,23,10,2,-0.006308,0.007392,-0.047179,-0.074478,0.051331,0.995895,-22.807820,1.816909,44.205030,-0.922468,0.217392,0.319034,-61.7748032,11,57.681694,42.2418556,Building,Surface,3.068741,2.746933,0.000626,0.000000,-22.849110,1.817530,44.229830,350.355800,293.456200,0.043088,104.047200,98.172010,0.300000,1000.000000,0.900730,2468,2740,50.000000,off,,0,-1,0,1,1
1765268533158,2025-12-09 16:22:13.158,684.168900,5.818359,23,10,2,-0.007310,0.007491,-0.047287,-0.062607,0.056854,0.996414,-22.807940,1.817054,44.204520,-0.917105,0.223266,0.330249,-60.5285378,11,57.7876854,41.12994,Building,Surface,3.109924,2.733063,0.000039,0.000000,-22.848930,1.817610,44.230310,350.337500,293.487700,0.021684,104.047200,98.172010,0.300000,1000.000000,0.900730,2468,2740,50.000000,off,,0,-1,0,1,1
1765268533169,2025-12-09 16:22:13.169,684.180100,5.829468,23,10,2,-0.014502,0.007810,-0.047806,-0.057602,0.058380,0.996628,-22.810150,1.817312,44.198100,-0.914741,0.225123,0.335504,-60.1221161,11,57.8831902,40.7895317,Building,Surface,3.027100,2.733124,0.000619,0.000000,-22.848770,1.817654,44.230740,350.319800,293.531600,0.008513,104.047200,98.172010,0.300000,1000.000000,0.900730,2468,2740,50.000000,off,,0,-1,0,1,1
1765268533180,2025-12-09 16:22:13.180,684.191200,5.840576,23,10,2,-0.014502,0.007810,-0.047806,-0.057602,0.058380,0.996628,-22.810120,1.817315,44.198510,-0.914408,0.225440,0.336197,-60.0560303,11,57.8925743,40.7321434,Building,Surface,3.027100,2.733124,0.000619,0.000000,-22.848710,1.817663,44.231170,350.303100,293.574800,359.974200,104.047200,98.172010,0.300000,1000.000000,0.900730,2468,2740,50.000000,off,,0,-1,0,1,1
1765268533191,2025-12-09 16:22:13.191,684.202300,5.851685,23,10,2,-0.006308,0.007392,-0.047179,-0.074478,0.051331,0.995895,-22.807350,1.817033,44.206670,-0.921382,0.218657,0.321299,-61.5027504,11,57.7002983,41.9968987,Building,Surface,3.068741,2.746933,0.002505,0.000000,-22.848580,1.817700,44.231560,350.288500,293.599000,359.947400,104.047200,98.172010,0.300000,1000.000000,0.900730,2468,2740,50.000000,off,,0,-1,0,1,1
1765268533202,2025-12-09 16:22:13.202,684.213400,5.862793,23,10,2,-0.007310,0.007491,-0.047287,-0.062607,0.056854,0.996414,-22.807540,1.817163,44.206060,-0.916146,0.224048,0.332373,-60.3567238,11,57.8287086,40.9858704,Building,Surface,3.109924,2.733063,0.002490,0.000000,-22.848480,1.817738,44.231930,350.298300,293.618700,359.914500,104.047200,98.172010,0.300000,1000.000000,0.900730,2468,2740,50.000000,off,,0,-1,0,1,1
1765268533214,2025-12-09 16:22:13.214,684.224400,5.873840,23,10,2,-0.007310,0.007491,-0.047287,-0.062607,0.056854,0.996414,-22.807470,1.817190,44.206440,-0.915996,0.223954,0.332850,-60.3661613,11.000001,57.8543282,41.002964,Building,Surface,3.109924,2.733063,0.002490,0.000000,-22.848400,1.817754,44.232330,350.305900,293.646100,359.881000,104.047200,98.172010,0.300000,1000.000000,0.900730,2468,2740,50.000000,off,,0,-1,0,1,1
1765268533225,2025-12-09 16:22:13.225,684.235500,5.884949,23,10,2,-0.014502,0.007813,-0.047818,-0.057526,0.055862,0.996765,-22.809860,1.817431,44.200010,-0.914556,0.222818,0.337507,-60.4996986,11,58.1090393,41.2104912,Building,Surface,3.003052,2.726898,0.000155,0.000000,-22.848450,1.817738,44.232700,350.318900,293.631400,359.866700,104.047200,98.172010,0.300000,1000.000000,0.900730,2468,2740,50.000000,off,,0,-1,0,1,1
1765268533236,2025-12-09 16:22:13.236,684.246800,5.896240,23,10,2,-0.012447,0.007701,-0.047613,-0.060638,0.055649,0.996597,-22.809220,1.817308,44.202380,-0.915683,0.222428,0.334710,-60.6121597,11,58.0205078,41.283474,Building,Surface,3.044647,2.726868,0.000623,0.000000,-22.848430,1.817683,44.233100,350.329000,293.636500,359.855100,104.047200,98.172010,0.300000,1000.000000,0.900730,2468,2740,50.000000,off,,0,-1,0,1,1
1765268533247,2025-12-09 16:22:13.247,684.257800,5.907227,23,10,2,-0.006055,0.007360,-0.046997,-0.067932,0.049515,0.996445,-22.807280,1.817063,44.208930,-0.919472,0.215962,0.328482,-61.9042244,11,58.1763382,42.5204124,Building,Surface,3.044022,2.726227,0.000038,0.000000,-22.848430,1.817664,44.233530,350.354700,293.640400,359.834000,104.047200,98.172010,0.300000,1000.000000,0.900730,2468,2740,50.000000,off,,0,-1,0,1,1
1765268533259,2025-12-09 16:22:13.259,684.269800,5.919189,23,10,2,-0.006055,0.007360,-0.046997,-0.067932,0.049515,0.996445,-22.807280,1.817026,44.209330,-0.919514,0.215534,0.328645,-61.9838066,11,58.2114754,42.6050148,Building,Surface,3.044022,2.726227,0.000038,0.000000,-22.848440,1.817604,44.233940,350.380700,293.647600,359.821400,104.047200,98.172010,0.300000,1000.000000,0.900730,2468,2740,50.000000,off,,0,-1,0,1,1
1765268533269,2025-12-09 16:22:13.269,684.280100,5.929504,23,10,2,-0.000116,0.007043,-0.046420,-0.071686,0.043427,0.996475,-22.805450,1.816776,44.215500,-0.922043,0.209184,0.325677,-63.2833443,11,58.5127945,43.899929,Building,Surface,3.053345,2.710800,0.000010,0.000000,-22.848410,1.817569,44.234420,350.403400,293.649100,359.803400,104.047200,98.172010,0.300000,1000.000000,0.900730,2468,2740,50.000000,off,,0,-1,0,1,1
1765268533280,2025-12-09 16:22:13.280,684.291100,5.940552,23,10,2,-0.007945,0.007402,-0.046930,-0.059830,0.065659,0.996033,-22.808040,1.816989,44.208500,-0.913604,0.230382,0.334999,-59.2242241,11,57.5615387,39.8593864,Building,Surface,3.143280,2.747681,0.009778,0.000000,-22.848390,1.817455,44.234820,350.440200,293.647600,359.789300,104.047200,98.172010,0.300000,1000.000000,0.900730,2468,2740,50.000000,off,,0,-1,0,1,1
1765268533292,2025-12-09 16:22:13.292,684.302300,5.951721,23,10,2,-0.006055,0.007360,-0.046997,-0.067932,0.049515,0.996445,-22.807220,1.816855,44.210620,-0.919705,0.213918,0.329167,-62.2886238,11,58.341217,42.9276772,Building,Surface,3.044022,2.726227,0.000001,0.000000,-22.848370,1.817347,44.235240,350.479200,293.668600,359.771000,104.047200,98.172010,0.300000,1000.000000,0.900730,2468,2740,50.000000,off,,0,-1,0,1,1
1765268533303,2025-12-09 16:22:13.303,684.313400,5.962830,23,10,2,-0.006055,0.007360,-0.046997,-0.067932,0.049515,0.996445,-22.807180,1.816808,44.211030,-0.919867,0.212897,0.329374,-62.4851303,11,58.4183922,43.1337318,Building,Surface,3.044022,2.726227,0.000001,0.000000,-22.848330,1.817246,44.235650,350.540700,293.674900,359.749300,104.047200,98.172010,0.300000,1000.000000,0.900730,2468,2740,50.000000,off,,0,-1,0,1,1
1765268533314,2025-12-09 16:22:13.314,684.324400,5.973816,23,10,2,-0.000116,0.007043,-0.046420,-0.071686,0.043427,0.996475,-22.805350,1.816472,44.217160,-0.922454,0.206129,0.326462,-36.6741676,4.91555977,49.1254196,15.0346098,SS-01,Signage,3.053345,2.710800,0.000010,0.000000,-22.848310,1.817114,44.236090,350.588100,293.678300,359.729800,104.047200,98.172010,0.300000,1000.000000,0.900730,2468,2740,50.000000,off,Node10,1,0,0,1,1
1765268533325,2025-12-09 16:22:13.325,684.335500,5.984924,23,10,2,-0.011276,0.007575,-0.047242,-0.058212,0.072021,0.995697,-22.809020,1.816846,44.206960,-0.912041,0.233150,0.337358,-58.7318726,11,57.4945869,39.3870811,Building,Surface,3.157730,2.770935,0.000010,0.000000,-22.848310,1.816991,44.236490,350.648700,293.709000,359.703300,104.047200,98.172010,0.300000,1000.000000,0.900730,2468,2740,50.000000,off,,0,-1,0,1,1
1765268533336,2025-12-09 16:22:13.336,684.346600,5.996033,23,10,2,-0.011276,0.007575,-0.047242,-0.058212,0.072021,0.995697,-22.809030,1.816723,44.207390,-0.912173,0.232392,0.337525,-58.8547554,11,57.5451431,39.5161018,Building,Surface,3.157730,2.770935,0.000010,0.000000,-22.848330,1.816823,44.236920,350.695100,293.712600,359.674000,104.047200,98.172010,0.300000,1000.000000,0.900730,2468,2740,50.000000,off,,0,-1,0,1,1
1765268533347,2025-12-09 16:22:13.347,684.357700,6.007141,23,10,2,-0.003963,0.007206,-0.046600,-0.065292,0.060638,0.996018,-22.806730,1.816315,44.214770,-0.917093,0.220321,0.332250,-61.0341072,11,58.0640144,41.6830177,Building,Surface,3.098602,2.754044,0.000002,0.000000,-22.848320,1.816669,44.237330,350.751500,293.730900,359.648900,104.047200,98.172010,0.300000,1000.000000,0.900730,2468,2740,50.000000,off,,0,-1,0,1,1
1765268533358,2025-12-09 16:22:13.358,684.368800,6.018250,23,10,2,-0.007666,0.007407,-0.046975,-0.062546,0.068344,0.995697,-22.807830,1.816375,44.211640,-0.914608,0.227171,0.334486,-59.781826,11,57.733593,40.4259529,Building,Surface,3.088211,2.753479,0.000010,0.000000,-22.848300,1.816531,44.237760,350.793100,293.744600,359.631700,104.047200,98.172010,0.300000,1000.000000,0.900730,2468,2740,50.000000,off,,0,-1,0,1,1
1765268533370,2025-12-09 16:22:13.370,684.380100,6.029480,23,10,2,-0.006660,0.007395,-0.047002,-0.063065,0.063950,0.995956,-22.807370,1.816316,44.213020,-0.915737,0.222087,0.334811,-60.6746788,11,58.0580368,41.3516426,Building,Surface,3.104752,2.741043,0.000039,0.000000,-22.848260,1.816450,44.238240,350.841600,293.765700,359.602300,104.047200,98.172010,0.300000,1000.000000,0.900730,2468,2740,50.000000,off,,0,-1,0,1,1
1765268533381,2025-12-09 16:22:13.381,684.391200,6.040588,23,10,2,-0.006660,0.007395,-0.047002,-0.063065,0.063950,0.995956,-22.807330,1.816266,44.213470,-0.915764,0.221188,0.335333,-60.8298798,11,58.1365128,41.5199547,Building,Surface,3.104752,2.741043,0.000039,0.000000,-22.848210,1.816352,44.238710,350.896100,293.791400,359.575500,104.047200,98.172010,0.300000,1000.000000,0.900730,2468,2740,50.000000,off,,0,-1,0,1,1
1765268533392,2025-12-09 16:22:13.391,684.402300,6.051697,23,10,2,-0.003963,0.007206,-0.046600,-0.065292,0.060638,0.996018,-22.806620,1.816039,44.216530,-0.917196,0.216969,0.334165,-61.6300964,11,58.3612137,42.3282394,Building,Surface,3.098602,2.754044,0.000039,0.000000,-22.848180,1.816219,44.239150,350.955100,293.825500,359.551700,104.047200,98.172010,0.300000,1000.000000,0.900730,2468,2740,50.000000,off,,0,-1,0,1,1
1765268533402,2025-12-09 16:22:13.402,684.413400,6.062805,23,10,2,-0.007666,0.007407,-0.046975,-0.062546,0.068344,0.995697,-22.807700,1.816146,44.213420,-0.914649,0.223528,0.336820,-60.386898,11,58.0519791,41.0858231,Building,Surface,3.088211,2.753479,0.000000,0.000000,-22.848130,1.816105,44.239620,351.014400,293.862000,359.525600,104.047200,98.172010,0.300000,1000.000000,0.900730,2468,2740,50.000000,off,,0,-1,0,1,1
1765268533413,2025-12-09 16:22:13.413,684.424400,6.073792,23,10,2,-0.005643,0.007344,-0.046917,-0.063736,0.063004,0.995972,-22.806970,1.816003,44.215730,-0.916047,0.217524,0.336947,-61.4830284,11,58.4418373,42.2204475,Building,Surface,3.107376,2.734619,0.000000,0.000000,-22.848130,1.815988,44.240070,351.062200,293.906400,359.497800,104.047200,98.172010,0.300000,1000.000000,0.900730,2468,2740,50.000000,off,,0,-1,0,1,1
1765268533424,2025-12-09 16:22:13.424,684.435500,6.084961,23,10,2,-0.005643,0.007344,-0.046917,-0.063736,0.063004,0.995972,-22.806940,1.816007,44.216120,-0.915891,0.216867,0.337794,-61.5935516,11,58.5211906,42.3483467,Building,Surface,3.107376,2.734619,0.000000,0.000000,-22.848090,1.815955,44.240500,351.103300,293.953100,359.459800,104.047200,98.172010,0.300000,1000.000000,0.900730,2468,2740,50.000000,off,,0,-1,0,1,1
1765268533435,2025-12-09 16:22:13.435,684.446600,6.096008,23,10,2,-0.003570,0.007233,-0.046665,-0.067673,0.058838,0.995956,-22.806430,1.815861,44.218520,-0.917701,0.212612,0.335546,-62.4480972,11,58.7130051,43.196064,Building,Surface,3.102921,2.744827,0.000000,0.000000,-22.848140,1.815885,44.240940,351.116800,294.019900,359.411700,104.047200,98.172010,0.300000,1000.000000,0.900730,2468,2740,50.000000,off,,0,-1,0,1,1
1765268533447,2025-12-09 16:22:13.447,684.457800,6.107239,23,10,2,-0.005710,0.007355,-0.046915,-0.065079,0.065384,0.995728,-22.807080,1.815932,44.216910,-0.915176,0.218718,0.338526,-61.2357254,11,58.4317741,41.9901276,Building,Surface,3.110825,2.728882,0.000002,0.000000,-22.848150,1.815829,44.241420,351.138400,294.079800,359.350600,104.047200,98.172010,0.300000,1000.000000,0.900730,2468,2740,50.000000,off,,0,-1,0,1,1
1765268533458,2025-12-09 16:22:13.458,684.468900,6.118286,23,10,2,-0.005710,0.007355,-0.046915,-0.065079,0.065384,0.995728,-22.807060,1.815926,44.217280,-0.914785,0.218267,0.339870,-61.2986984,11,58.5180817,42.0769043,Building,Surface,3.110825,2.728882,0.000002,0.000000,-22.848110,1.815791,44.241850,351.169200,294.157000,359.285300,104.047200,98.172010,0.300000,1000.000000,0.900730,2468,2740,50.000000,off,,0,-1,0,1,1
1765268533469,2025-12-09 16:22:13.469,684.480000,6.129395,23,10,2,-0.002417,0.007181,-0.046589,-0.068436,0.064697,0.995544,-22.806050,1.815721,44.220800,-0.915783,0.217182,0.337863,-61.5330544,11,58.5084839,42.2879257,Building,Surface,3.111984,2.741333,0.000000,0.000000,-22.848090,1.815723,44.242260,351.197400,294.219800,359.234800,104.047200,98.172010,0.300000,1000.000000,0.900730,2468,2740,50.000000,off,,0,-1,0,1,1
1765268533480,2025-12-09 16:22:13.480,684.491100,6.140503,23,10,2,-0.001352,0.007280,-0.046875,-0.065964,0.058563,0.996094,-22.805440,1.815787,44.221960,-0.916006,0.210239,0.341639,-62.8208275,11,59.1463318,43.6842957,Building,Surface,3.087051,2.718857,0.000000,0.000000,-22.848170,1.815701,44.242600,351.254700,294.274000,359.197400,104.047200,98.172010,0.300000,1000.000000,0.900730,2468,2740,50.000000,off,,0,-1,0,1,1
1765268533491,2025-12-09 16:22:13.491,684.502300,6.151672,23,10,2,-0.005710,0.007355,-0.046915,-0.065079,0.065384,0.995728,-22.807200,1.815858,44.218290,-0.914182,0.216438,0.342652,-61.5988083,11,58.7580833,42.4328003,Building,Surface,3.110825,2.728882,0.000002,0.000000,-22.848180,1.815615,44.242950,351.284800,294.312400,359.161900,104.047200,98.172010,0.300000,1000.000000,0.900730,2468,2740,50.000000,off,,0,-1,0,1,1
1765268533502,2025-12-09 16:22:13.502,684.513200,6.162598,23,10,2,-0.005710,0.007355,-0.046915,-0.065079,0.065384,0.995728,-22.807240,1.815814,44.218560,-0.914022,0.215862,0.343441,-61.6957397,11,58.8307953,42.5462303,Building,Surface,3.110825,2.728882,0.000002,0.000000,-22.848200,1.815540,44.243250,351.319900,294.357300,359.143200,104.047200,98.172010,0.300000,1000.000000,0.900730,2468,2740,50.000000,off,,0,-1,0,1,1
1765268533513,2025-12-09 16:22:13.513,684.524400,6.173767,23,10,2,-0.002417,0.007181,-0.046589,-0.068436,0.064697,0.995544,-22.806260,1.815621,44.222000,-0.915312,0.214676,0.340729,-61.9656029,11,58.7992439,42.7820435,Building,Surface,3.111984,2.741333,0.000001,0.000000,-22.848250,1.815490,44.243560,351.352600,294.377200,359.120900,104.047200,98.172010,0.300000,1000.000000,0.900730,2468,2740,50.000000,off,,0,-1,0,1,1
1765268533524,2025-12-09 16:22:13.524,684.535500,6.184875,23,10,2,-0.001166,0.007284,-0.046904,-0.066238,0.059540,0.996018,-22.805460,1.815651,44.223300,-0.915518,0.209256,0.343543,-62.9879913,11,59.3015671,43.8901253,Building,Surface,3.065414,2.719879,0.000000,0.000000,-22.848250,1.815467,44.243860,351.374500,294.397600,359.109100,104.047200,98.172010,0.300000,1000.000000,0.900730,2468,2740,50.000000,off,,0,-1,0,1,1
1765268533536,2025-12-09 16:22:13.536,684.546600,6.195984,23,10,2,-0.001166,0.007284,-0.046904,-0.066238,0.059540,0.996018,-22.805460,1.815649,44.223530,-0.915428,0.208946,0.343971,-63.0436592,11,59.3429909,43.955246,Building,Surface,3.065414,2.719879,0.000000,0.000000,-22.848250,1.815449,44.244110,351.393400,294.422000,359.097600,104.047200,98.172010,0.300000,1000.000000,0.900730,2468,2740,50.000000,off,,0,-1,0,1,1
1765268533547,2025-12-09 16:22:13.547,684.557800,6.207214,23,10,2,0.000045,0.007254,-0.046788,-0.068466,0.054825,0.996140,-22.805110,1.815610,44.224910,-0.917096,0.204194,0.342383,-36.6741676,4.90359497,49.4026985,15.122695,SS-01,Signage,2.979416,2.749481,0.000000,0.000000,-22.848280,1.815434,44.244350,351.402700,294.431000,359.085000,104.047200,98.172010,0.300000,1000.000000,0.900730,2468,2740,50.000000,off,Node10,1,0,0,1,1
1765268533558,2025-12-09 16:22:13.558,684.568800,6.218262,23,10,2,0.012547,0.006628,-0.045638,-0.117447,0.052155,0.991699,-22.801090,1.814933,44.237010,-0.933675,0.201280,0.296173,-36.6741676,4.80566692,48.6377182,14.8584328,SS-01,Signage,2.913803,2.744522,0.000000,0.000000,-22.848280,1.815384,44.244550,351.427100,294.435300,359.069700,104.047200,98.172010,0.300000,1000.000000,0.900730,2468,2740,50.000000,off,Node10,1,0,0,1,1
1765268533569,2025-12-09 16:22:13.569,684.579900,6.229309,23,10,2,-0.003329,0.007498,-0.047306,-0.097046,0.054749,0.993759,-22.806070,1.815764,44.221990,-0.926886,0.203471,0.315362,-36.6741676,4.86010361,48.9404449,14.9618177,SS-01,Signage,2.944595,2.705139,0.000000,0.000000,-22.848360,1.815329,44.244710,351.449600,294.424800,359.052000,104.047200,98.172010,0.300000,1000.000000,0.900730,2468,2740,50.000000,off,Node10,1,0,0,1,1
1765268533580,2025-12-09 16:22:13.580,684.591000,6.240417,23,10,2,-0.003329,0.007498,-0.047306,-0.097046,0.054749,0.993759,-22.806120,1.815722,44.222180,-0.927031,0.202993,0.315245,-36.6741676,4.85242367,48.9381294,14.9594288,SS-01,Signage,2.944595,2.705139,0.000000,0.000000,-22.848410,1.815262,44.244890,351.479000,294.414200,359.039000,104.047200,98.172010,0.300000,1000.000000,0.900730,2468,2740,50.000000,off,Node10,1,0,0,1,1
1765268533591,2025-12-09 16:22:13.591,684.602100,6.251465,23,10,2,-0.003865,0.007526,-0.047355,-0.097382,0.055695,0.993683,-22.806470,1.815679,44.221790,-0.927145,0.203633,0.314528,-36.6741676,4.8615036,48.9263191,14.9573622,SS-01,Signage,2.959595,2.698776,0.000000,0.000000,-22.848610,1.815174,44.245000,351.496500,294.391600,359.034900,104.047200,98.172010,0.300000,1000.000000,0.900730,2468,2740,50.000000,off,Node10,1,0,0,1,1
1765268533603,2025-12-09 16:22:13.603,684.613300,6.262695,23,10,2,0.012547,0.006628,-0.045638,-0.117447,0.052155,0.991699,-22.801520,1.814754,44.237700,-0.934332,0.199812,0.295093,-36.6741676,4.78149557,48.6191444,14.8475246,SS-01,Signage,2.913803,2.744522,0.000000,0.000000,-22.848720,1.815139,44.245170,351.516900,294.359900,359.041800,104.047200,98.172010,0.300000,1000.000000,0.900730,2468,2740,50.000000,off,Node10,1,0,0,1,1
1765268533614,2025-12-09 16:22:13.614,684.624300,6.273743,23,10,2,0.012547,0.006628,-0.045638,-0.117447,0.052155,0.991699,-22.801660,1.814723,44.237780,-0.934559,0.199474,0.294603,-36.6741676,4.77569675,48.6108398,14.8437691,SS-01,Signage,2.913803,2.744522,0.000000,0.000000,-22.848870,1.815091,44.245240,351.536400,294.328200,359.045000,104.047200,98.172010,0.300000,1000.000000,0.900730,2468,2740,50.000000,off,Node10,1,0,0,1,1
1765268533625,2025-12-09 16:22:13.625,684.635400,6.284790,23,10,2,-0.003329,0.007498,-0.047306,-0.097046,0.054749,0.993759,-22.806690,1.815578,44.222680,-0.927986,0.201691,0.313266,-36.6741676,4.82957363,48.9040108,14.9434261,SS-01,Signage,2.944595,2.705139,0.000001,0.000000,-22.849040,1.815056,44.245300,351.554400,294.285800,359.051200,104.047200,98.172010,0.300000,1000.000000,0.900730,2468,2740,50.000000,off,Node10,1,0,0,1,1
1765268533636,2025-12-09 16:22:13.636,684.646700,6.296143,23,10,2,-0.001791,0.007417,-0.047155,-0.099945,0.055817,0.993424,-22.806350,1.815450,44.224200,-0.928947,0.202460,0.309939,-36.6741676,4.83788109,48.8511353,14.9284964,SS-01,Signage,2.974609,2.691467,0.000002,0.000000,-22.849190,1.814999,44.245330,351.569200,294.254800,359.070800,104.047200,98.172010,0.300000,1000.000000,0.900730,2468,2740,50.000000,off,Node10,1,0,0,1,1
1765268533647,2025-12-09 16:22:13.647,684.657600,6.307007,23,10,2,0.001996,0.007209,-0.046762,-0.104721,0.054886,0.992981,-22.805290,1.815161,44.227850,-0.930982,0.200907,0.304793,-36.6741676,4.80808115,48.7683678,14.8969669,SS-01,Signage,2.986313,2.665146,0.000010,0.000000,-22.849310,1.814889,44.245320,351.605800,294.212100,359.083400,104.047200,98.172010,0.300000,1000.000000,0.900730,2468,2740,50.000000,off,Node10,1,0,0,1,1
1765268533658,2025-12-09 16:22:13.658,684.668800,6.318176,23,10,2,0.001996,0.007209,-0.046762,-0.104721,0.054886,0.992981,-22.805440,1.815139,44.227930,-0.931257,0.200412,0.304280,-36.6741676,4.79977131,48.7594147,14.8924141,SS-01,Signage,2.986313,2.665146,0.000010,0.000000,-22.849460,1.814843,44.245380,351.633000,294.179000,359.101300,104.047200,98.172010,0.300000,1000.000000,0.900730,2468,2740,50.000000,off,Node10,1,0,0,1,1
1765268533669,2025-12-09 16:22:13.669,684.680000,6.329407,23,10,2,0.004679,0.007075,-0.046546,-0.111069,0.055191,0.992264,-22.804690,1.814939,44.230530,-0.933567,0.200076,0.297309,-36.6741676,4.78735542,48.6474838,14.8562174,SS-01,Signage,2.992111,2.662704,0.000001,0.000000,-22.849600,1.814756,44.245400,351.667900,294.123500,359.121400,104.047200,98.172010,0.300000,1000.000000,0.900730,2468,2740,50.000000,off,Node10,1,0,0,1,1
1765268533680,2025-12-09 16:22:13.680,684.691000,6.340393,23,10,2,0.006201,0.006994,-0.046376,-0.113602,0.055832,0.991943,-22.804370,1.814820,44.232010,-0.934539,0.200075,0.294245,-36.6741676,4.78419828,48.5989952,14.8411274,SS-01,Signage,2.995941,2.689651,0.000000,0.000000,-22.849750,1.814685,44.245380,351.701600,294.085600,359.149200,104.047200,98.172010,0.300000,1000.000000,0.900730,2468,2740,50.000000,off,Node10,1,0,0,1,1
1765268533692,2025-12-09 16:22:13.692,684.702200,6.351624,23,10,2,0.006201,0.006994,-0.046376,-0.113602,0.055832,0.991943,-22.804490,1.814790,44.232010,-0.934882,0.199599,0.293481,-36.6741676,4.77599192,48.5860214,14.8355703,SS-01,Signage,2.995941,2.689651,0.000000,0.000000,-22.849870,1.814631,44.245350,351.726600,294.037900,359.176000,104.047200,98.172010,0.300000,1000.000000,0.900730,2468,2740,50.000000,off,Node10,1,0,0,1,1
1765268533703,2025-12-09 16:22:13.703,684.713300,6.362671,23,10,2,0.006006,0.007013,-0.046421,-0.113815,0.062164,0.991547,-22.804700,1.814735,44.231790,-0.934007,0.205565,0.292161,-36.6741676,4.8672576,48.5702133,14.849308,SS-01,Signage,3.017944,2.659683,0.000001,0.000000,-22.850060,1.814548,44.245300,351.739000,293.996300,359.194900,104.047200,98.172010,0.300000,1000.000000,0.900730,2468,2740,50.000000,off,Node10,1,0,0,1,1
1765268533714,2025-12-09 16:22:13.714,684.724300,6.373718,23,10,2,0.004679,0.007075,-0.046546,-0.111069,0.055191,0.992264,-22.805240,1.814753,44.230530,-0.934746,0.198531,0.294628,-36.6741676,4.76037884,48.6019592,14.8368874,SS-01,Signage,2.992111,2.662704,0.000001,0.000000,-22.850190,1.814496,44.245270,351.749400,293.956100,359.205500,104.047200,98.172010,0.300000,1000.000000,0.900730,2468,2740,50.000000,off,Node10,1,0,0,1,1
1765268533725,2025-12-09 16:22:13.725,684.735400,6.384766,23,10,2,0.006201,0.006994,-0.046376,-0.113602,0.055832,0.991943,-22.804910,1.814672,44.231970,-0.935578,0.198925,0.291713,-36.6741676,4.76358938,48.5564041,14.8240728,SS-01,Signage,2.995941,2.689651,0.000001,0.000000,-22.850320,1.814481,44.245230,351.762100,293.928300,359.212000,104.047200,98.172010,0.300000,1000.000000,0.900730,2468,2740,50.000000,off,Node10,1,0,0,1,1
1765268533736,2025-12-09 16:22:13.737,684.746500,6.395874,23,10,2,0.006201,0.006994,-0.046376,-0.113602,0.055832,0.991943,-22.805080,1.814685,44.231950,-0.935761,0.198685,0.291290,-36.6741676,4.75943279,48.5492134,14.8209953,SS-01,Signage,2.995941,2.689651,0.000001,0.000000,-22.850500,1.814481,44.245190,351.774900,293.901900,359.224500,104.047200,98.172010,0.300000,1000.000000,0.900730,2468,2740,50.000000,off,Node10,1,0,0,1,1
1765268533747,2025-12-09 16:22:13.747,684.757600,6.407043,23,10,2,0.004991,0.007069,-0.046531,-0.113998,0.063568,0.991440,-22.805540,1.814735,44.230750,-0.934596,0.206154,0.289861,-64.4468002,11,57.1456146,44.5550995,Building,Surface,3.018326,2.660187,0.000010,0.000000,-22.850630,1.814457,44.245140,351.781100,293.870500,359.232000,104.047200,98.172010,0.300000,1000.000000,0.900730,2468,2740,50.000000,off,,0,-1,0,1,1
1765268533758,2025-12-09 16:22:13.758,684.768700,6.418091,23,10,2,0.003816,0.007135,-0.046655,-0.113358,0.064346,0.991455,-22.805940,1.814844,44.229610,-0.934395,0.206664,0.290119,-64.3349991,11,57.123909,44.4442787,Building,Surface,2.995987,2.670868,0.000010,0.000000,-22.850690,1.814490,44.245120,351.796400,293.850600,359.229200,104.047200,98.172010,0.300000,1000.000000,0.900730,2468,2740,50.000000,off,,0,-1,0,1,1
1765268533768,2025-12-09 16:22:13.768,684.779800,6.429199,23,10,2,0.003816,0.007135,-0.046655,-0.113358,0.064346,0.991455,-22.806060,1.814806,44.229600,-0.934587,0.206451,0.289652,-64.3866882,11,57.1164818,44.4903183,Building,Surface,2.995987,2.670868,0.000010,0.000000,-22.850800,1.814442,44.245080,351.807600,293.821600,359.240700,104.047200,98.172010,0.300000,1000.000000,0.900730,2468,2740,50.000000,off,,0,-1,0,1,1
1765268533780,2025-12-09 16:22:13.780,684.790900,6.440308,23,10,2,0.001866,0.007240,-0.046817,-0.112534,0.065628,0.991470,-22.806790,1.814893,44.227690,-0.934315,0.207287,0.289951,-64.2072678,11,57.0757294,44.3107109,Building,Surface,2.981537,2.680222,0.000002,0.000000,-22.850920,1.814404,44.245010,351.828900,293.796800,359.273000,104.047200,98.172010,0.300000,1000.000000,0.900730,2468,2740,50.000000,off,,0,-1,0,1,1
1765268533791,2025-12-09 16:22:13.791,684.802100,6.451477,23,10,2,0.000899,0.007294,-0.046904,-0.110489,0.066864,0.991623,-22.807160,1.814902,44.226730,-0.933601,0.208263,0.291565,-36.6741676,4.90828419,48.5574188,14.8532085,SS-01,Signage,2.972839,2.660461,0.000002,0.000000,-22.850990,1.814350,44.244960,351.841300,293.780700,359.290600,104.047200,98.172010,0.300000,1000.000000,0.900730,2468,2740,50.000000,off,Node10,1,0,0,1,1
1765268533802,2025-12-09 16:22:13.802,684.813200,6.462585,23,10,2,0.003816,0.007135,-0.046655,-0.113358,0.064346,0.991455,-22.806260,1.814755,44.229430,-0.935072,0.205381,0.288846,-64.6254349,11,57.14748,44.7223473,Building,Surface,2.995987,2.670868,0.000000,0.000000,-22.851020,1.814342,44.244880,351.861900,293.771800,359.316900,104.047200,98.172010,0.300000,1000.000000,0.900730,2468,2740,50.000000,off,,0,-1,0,1,1
1765268533813,2025-12-09 16:22:13.813,684.824200,6.473633,23,10,2,0.003816,0.007135,-0.046655,-0.113358,0.064346,0.991455,-22.806280,1.814737,44.229390,-0.935165,0.205261,0.288631,-64.6541519,11,57.1453896,44.7485924,Building,Surface,2.995987,2.670868,0.000000,0.000000,-22.851040,1.814318,44.244830,351.867600,293.758800,359.329100,104.047200,98.172010,0.300000,1000.000000,0.900730,2468,2740,50.000000,off,,0,-1,0,1,1
1765268533824,2025-12-09 16:22:13.824,684.835300,6.484680,23,10,2,0.001866,0.007240,-0.046817,-0.112534,0.065628,0.991470,-22.806910,1.814862,44.227420,-0.934710,0.206281,0.289397,-64.4270325,11,57.1134911,44.5269814,Building,Surface,2.981537,2.680222,0.000000,0.000000,-22.851050,1.814328,44.244720,351.881700,293.761600,359.331000,104.047200,98.172010,0.300000,1000.000000,0.900730,2468,2740,50.000000,off,,0,-1,0,1,1
1765268533835,2025-12-09 16:22:13.835,684.846500,6.495911,23,10,2,-0.000145,0.007358,-0.047029,-0.106232,0.067963,0.992004,-22.807500,1.814957,44.225400,-0.932316,0.208686,0.295320,-36.6741676,4.918818,48.6177979,14.8731842,SS-01,Signage,2.969498,2.659882,0.000000,0.000000,-22.851040,1.814318,44.244640,351.875200,293.765600,359.340500,104.047200,98.172010,0.300000,1000.000000,0.900730,2468,2740,50.000000,off,Node10,1,0,0,1,1
1765268533847,2025-12-09 16:22:13.847,684.857900,6.507324,23,10,2,0.000804,0.007310,-0.046941,-0.104767,0.071213,0.991943,-22.807230,1.814937,44.226230,-0.931177,0.211969,0.296610,-63.1570816,11,57.0789642,43.3320808,Building,Surface,2.976593,2.658234,0.000000,0.000000,-22.851060,1.814349,44.244570,351.870500,293.773300,359.333800,104.047200,98.172010,0.300000,1000.000000,0.900730,2468,2740,50.000000,off,,0,-1,0,1,1
1765268533858,2025-12-09 16:22:13.858,684.868700,6.518127,23,10,2,0.000804,0.007310,-0.046941,-0.104767,0.071213,0.991943,-22.807250,1.814982,44.226240,-0.931128,0.212108,0.296666,-63.1283455,11,57.0729141,43.3034935,Building,Surface,2.976593,2.658234,0.000000,0.000000,-22.851080,1.814399,44.244580,351.864000,293.776300,359.318800,104.047200,98.172010,0.300000,1000.000000,0.900730,2468,2740,50.000000,off,,0,-1,0,1,1
1765268533869,2025-12-09 16:22:13.869,684.879800,6.529175,23,10,2,-0.015355,0.008202,-0.048569,-0.089386,0.069809,0.993546,-22.812220,1.815799,44.210650,-0.926367,0.211230,0.311805,-63.0903091,11,57.7678146,43.4795418,Building,Surface,2.979294,2.658844,0.000002,0.000000,-22.851140,1.814394,44.244490,351.837200,293.799900,359.311300,104.047200,98.172010,0.300000,1000.000000,0.900730,2468,2740,50.000000,off,,0,-1,0,1,1
1765268533880,2025-12-09 16:22:13.880,684.890900,6.540344,23,10,2,-0.015834,0.008234,-0.048618,-0.080368,0.067932,0.994446,-22.812380,1.815806,44.210120,-0.923749,0.209552,0.320580,-63.2982216,11,58.2604218,43.8276634,Building,Surface,2.978867,2.676254,0.000000,0.000000,-22.851150,1.814378,44.244420,351.828200,293.804900,359.306700,104.047200,98.172010,0.300000,1000.000000,0.900730,2468,2740,50.000000,off,,0,-1,0,1,1
1765268533891,2025-12-09 16:22:13.891,684.902000,6.551392,23,10,2,-0.015834,0.008234,-0.048618,-0.080368,0.067932,0.994446,-22.812390,1.815834,44.210030,-0.923689,0.209484,0.320799,-63.3086205,11,58.2744522,43.8417854,Building,Surface,2.978867,2.676254,0.000000,0.000000,-22.851160,1.814406,44.244340,351.831400,293.818900,359.317400,104.047200,98.172010,0.300000,1000.000000,0.900730,2468,2740,50.000000,off,,0,-1,0,1,1
1765268533902,2025-12-09 16:22:13.902,684.913000,6.562439,23,10,2,-0.017489,0.008327,-0.048791,-0.078629,0.068710,0.994522,-22.812930,1.815905,44.208340,-0.922889,0.210205,0.322596,-63.1349983,11,58.3029289,43.6906662,Building,Surface,2.978592,2.684738,0.000002,0.000000,-22.851200,1.814388,44.244250,351.833500,293.831800,359.319400,104.047200,98.172010,0.300000,1000.000000,0.900730,2468,2740,50.000000,off,,0,-1,0,1,1
1765268533913,2025-12-09 16:22:13.913,684.924100,6.573547,23,10,2,-0.003933,0.007511,-0.047134,-0.076355,0.056595,0.995468,-22.809120,1.815165,44.221340,-0.924433,0.198274,0.325730,-36.6741676,4.78896475,49.106781,14.9983521,SS-01,Signage,2.827942,2.642639,0.000002,0.000000,-22.851230,1.814380,44.244150,351.835000,293.839500,359.335500,104.047200,98.172010,0.300000,1000.000000,0.900730,2468,2740,50.000000,off,Node10,1,0,0,1,1
1765268533924,2025-12-09 16:22:13.924,684.935300,6.584717,23,10,2,-0.015834,0.008234,-0.048618,-0.080368,0.067932,0.994446,-22.812490,1.815813,44.209710,-0.923593,0.209401,0.321128,-63.3206635,11,58.2941704,43.8592339,Building,Surface,2.978867,2.676254,0.000001,0.000000,-22.851240,1.814395,44.244050,351.832800,293.841800,359.359500,104.047200,98.172010,0.300000,1000.000000,0.900730,2468,2740,50.000000,off,,0,-1,0,1,1
1765268533936,2025-12-09 16:22:13.936,684.946400,6.595825,23,10,2,-0.015834,0.008234,-0.048618,-0.080368,0.067932,0.994446,-22.812590,1.815783,44.209610,-0.923596,0.209387,0.321130,-63.3237381,11,58.2951508,43.862339,Building,Surface,2.978867,2.676254,0.000001,0.000000,-22.851340,1.814373,44.243950,351.831600,293.843700,359.384900,104.047200,98.172010,0.300000,1000.000000,0.900730,2468,2740,50.000000,off,,0,-1,0,1,1
1765268533947,2025-12-09 16:22:13.947,684.957500,6.606934,23,10,2,-0.017489,0.008327,-0.048791,-0.078629,0.068710,0.994522,-22.813120,1.815869,44.207890,-0.922837,0.210352,0.322648,-63.1048851,10.999999,58.2949448,43.6602859,Building,Surface,2.978592,2.684738,0.000000,0.000000,-22.851360,1.814393,44.243820,351.817800,293.842200,359.408400,104.047200,98.172010,0.300000,1000.000000,0.900730,2468,2740,50.000000,off,,0,-1,0,1,1
1765268533958,2025-12-09 16:22:13.958,684.968600,6.618042,23,10,2,0.008863,0.006646,-0.045323,-0.061218,0.078796,0.994995,-22.805900,1.814503,44.233350,-0.914928,0.220307,0.338146,-60.9529762,11,58.3320313,41.6934738,Building,Surface,3.023468,2.741684,0.000000,0.000000,-22.851400,1.814469,44.243690,351.812200,293.835000,359.421500,104.047200,98.172010,0.300000,1000.000000,0.900730,2468,2740,50.000000,off,,0,-1,0,1,1
1765268533969,2025-12-09 16:22:13.969,684.979700,6.629089,23,10,2,0.008863,0.006646,-0.045323,-0.061218,0.078796,0.994995,-22.805920,1.814547,44.233200,-0.914950,0.220377,0.338043,-60.9416199,11.000001,58.3230553,41.6800652,Building,Surface,3.023468,2.741684,0.000000,0.000000,-22.851420,1.814513,44.243530,351.806600,293.830800,359.444500,104.047200,98.172010,0.300000,1000.000000,0.900730,2468,2740,50.000000,off,,0,-1,0,1,1
1765268533980,2025-12-09 16:22:13.980,684.991000,6.640381,23,10,2,0.009287,0.006612,-0.045233,-0.046494,0.068100,0.996582,-22.805840,1.814559,44.233470,-0.912056,0.209867,0.352256,-62.7246284,11,59.6509819,43.7673607,Building,Surface,2.886185,2.719421,0.000001,0.000000,-22.851430,1.814549,44.243360,351.806700,293.805100,359.454000,104.047200,98.172010,0.300000,1000.000000,0.900730,2468,2740,50.000000,off,,0,-1,0,1,1
1765268533991,2025-12-09 16:22:13.991,685.002000,6.651367,23,10,2,0.003058,0.006929,-0.045809,-0.044846,0.064438,0.996903,-22.807850,1.814819,44.227390,-0.912198,0.206668,0.353782,-63.3497009,11,59.9509239,44.4436569,Building,Surface,2.782516,2.701828,0.000001,0.000000,-22.851500,1.814537,44.243210,351.783400,293.789200,359.456800,104.047200,98.172010,0.300000,1000.000000,0.900730,2468,2740,50.000000,off,,0,-1,0,1,1
1765268534002,2025-12-09 16:22:14.002,685.012900,6.662354,23,10,2,-0.007476,0.007476,-0.046780,-0.033142,0.075027,0.996628,-22.811190,1.815355,44.217190,-0.906018,0.216684,0.363558,-61.2148285,11,59.6274261,42.3871727,Building,Surface,2.786606,2.669159,0.000000,0.000000,-22.851560,1.814559,44.243060,351.801400,293.769000,359.472700,104.047200,98.172010,0.300000,1000.000000,0.900730,2468,2740,50.000000,off,,0,-1,0,1,1
1765268534013,2025-12-09 16:22:14.013,685.024100,6.673523,23,10,2,-0.007476,0.007476,-0.046780,-0.033142,0.075027,0.996628,-22.811220,1.815351,44.217050,-0.906117,0.216812,0.363235,-61.1963959,11,59.6045074,42.3621674,Building,Surface,2.786606,2.669159,0.000000,0.000000,-22.851600,1.814562,44.242920,351.793600,293.749900,359.479900,104.047200,98.172010,0.300000,1000.000000,0.900730,2468,2740,50.000000,off,,0,-1,0,1,1
1765268534024,2025-12-09 16:22:14.024,685.035200,6.684631,23,10,2,0.009287,0.006612,-0.045233,-0.046494,0.068100,0.996582,-22.806030,1.814557,44.232910,-0.912501,0.210120,0.350951,-62.6962128,11,59.5748062,43.7146721,Building,Surface,2.886185,2.719421,0.000000,0.000000,-22.851630,1.814553,44.242740,351.789800,293.727600,359.498200,104.047200,98.172010,0.300000,1000.000000,0.900730,2468,2740,50.000000,off,,0,-1,0,1,1
1765268534036,2025-12-09 16:22:14.036,685.046300,6.695679,23,10,2,0.003058,0.006929,-0.045809,-0.044846,0.064438,0.996903,-22.808010,1.814842,44.226830,-0.912680,0.206666,0.352537,-63.3715706,11,59.8951416,44.4439659,Building,Surface,2.782516,2.701828,0.000000,0.000000,-22.851680,1.814559,44.242600,351.781500,293.713900,359.500400,104.047200,98.172010,0.300000,1000.000000,0.900730,2468,2740,50.000000,off,,0,-1,0,1,1
1765268534047,2025-12-09 16:22:14.047,685.057500,6.706909,23,10,2,0.003058,0.006929,-0.045809,-0.044846,0.064438,0.996903,-22.808040,1.814829,44.226700,-0.912679,0.206893,0.352408,-63.3271103,11,59.8721237,44.3952942,Building,Surface,2.782516,2.701828,0.000000,0.000000,-22.851710,1.814557,44.242470,351.767700,293.707700,359.511300,104.047200,98.172010,0.300000,1000.000000,0.900730,2468,2740,50.000000,off,,0,-1,0,1,1
1765268534058,2025-12-09 16:22:14.058,685.068500,6.717896,23,10,2,-0.003364,0.007263,-0.046387,-0.037186,0.070175,0.996826,-22.810050,1.815162,44.220520,-0.908920,0.212318,0.358824,-62.1297684,11,59.7431831,43.2591553,Building,Surface,2.806152,2.678528,0.000000,0.000000,-22.851720,1.814580,44.242400,351.777900,293.689300,359.518400,104.047200,98.172010,0.300000,1000.000000,0.900730,2468,2740,50.000000,off,,0,-1,0,1,1
1765268534069,2025-12-09 16:22:14.069,685.079700,6.729065,23,10,2,-0.001868,0.007184,-0.046250,-0.038437,0.071854,0.996658,-22.809620,1.815088,44.221830,-0.908988,0.214012,0.357643,-61.8213387,11,59.5710602,42.9170723,Building,Surface,2.830704,2.677826,0.000000,0.000000,-22.851750,1.814580,44.242290,351.774500,293.698100,359.535300,104.047200,98.172010,0.300000,1000.000000,0.900730,2468,2740,50.000000,off,,0,-1,0,1,1
1765268534080,2025-12-09 16:22:14.080,685.090800,6.740173,23,10,2,-0.000492,0.007109,-0.046108,-0.038712,0.069550,0.996811,-22.809190,1.815075,44.223140,-0.909556,0.211752,0.357543,-62.2619591,11,59.7318726,43.3751717,Building,Surface,2.830795,2.677170,0.000002,0.000000,-22.851730,1.814633,44.242290,351.774400,293.697200,359.544200,104.047200,98.172010,0.300000,1000.000000,0.900730,2468,2740,50.000000,off,,0,-1,0,1,1
1765268534091,2025-12-09 16:22:14.091,685.101900,6.751343,23,10,2,-0.000492,0.007109,-0.046108,-0.038712,0.069550,0.996811,-22.809200,1.815053,44.223080,-0.909645,0.211618,0.357395,-62.2909088,11,59.7352448,43.4027176,Building,Surface,2.830795,2.677170,0.000002,0.000000,-22.851750,1.814605,44.242230,351.781700,293.688000,359.557500,104.047200,98.172010,0.300000,1000.000000,0.900730,2468,2740,50.000000,off,,0,-1,0,1,1
1765268534102,2025-12-09 16:22:14.102,685.112900,6.762329,23,10,2,0.000894,0.007036,-0.045978,-0.039780,0.072006,0.996597,-22.808740,1.814967,44.224320,-0.909616,0.213539,0.356333,-61.9343834,11,59.5513992,43.0128059,Building,Surface,2.857956,2.678619,0.000000,0.000000,-22.851720,1.814560,44.242150,351.809500,293.694700,359.577300,104.047200,98.172010,0.300000,1000.000000,0.900730,2468,2740,50.000000,off,,0,-1,0,1,1
1765268534114,2025-12-09 16:22:14.114,685.124100,6.773499,23,10,2,-0.001305,0.007150,-0.046183,-0.036209,0.072418,0.996704,-22.809410,1.815081,44.222230,-0.908287,0.213712,0.359607,-61.8457985,11,59.677433,42.9774895,Building,Surface,2.856903,2.664139,0.000000,0.000000,-22.851690,1.814565,44.242160,351.822000,293.693800,359.597300,104.047200,98.172010,0.300000,1000.000000,0.900730,2468,2740,50.000000,off,,0,-1,0,1,1
1765268534125,2025-12-09 16:22:14.125,685.135100,6.784546,23,10,2,-0.006287,0.007417,-0.046680,-0.028748,0.074493,0.996796,-22.810900,1.815278,44.217410,-0.905033,0.215511,0.366670,-61.3819008,11,59.8442802,42.6178398,Building,Surface,2.874603,2.642044,0.000000,0.000000,-22.851670,1.814522,44.242130,351.834900,293.710800,359.589700,104.047200,98.172010,0.300000,1000.000000,0.900730,2468,2740,50.000000,off,,0,-1,0,1,1
1765268534136,2025-12-09 16:22:14.136,685.146400,6.795776,23,10,2,-0.006287,0.007417,-0.046680,-0.028748,0.074493,0.996796,-22.810910,1.815212,44.217350,-0.905002,0.215228,0.366915,-61.4315758,11,59.8753281,42.6742249,Building,Surface,2.874603,2.642044,0.000000,0.000000,-22.851680,1.814441,44.242080,351.851700,293.724200,359.583200,104.047200,98.172010,0.300000,1000.000000,0.900730,2468,2740,50.000000,off,,0,-1,0,1,1
1765268534146,2025-12-09 16:22:14.146,685.157500,6.806885,23,10,2,0.000894,0.007036,-0.045978,-0.039780,0.072006,0.996597,-22.808700,1.814841,44.224230,-0.909581,0.212494,0.357048,-62.1257858,11,59.6578064,43.2249451,Building,Surface,2.857956,2.678619,0.000000,0.000000,-22.851660,1.814384,44.242090,351.870400,293.734900,359.589800,104.047200,98.172010,0.300000,1000.000000,0.900730,2468,2740,50.000000,off,,0,-1,0,1,1
1765268534157,2025-12-09 16:22:14.157,685.168500,6.817871,23,10,2,-0.001305,0.007150,-0.046183,-0.036209,0.072418,0.996704,-22.809430,1.814885,44.222110,-0.908088,0.212418,0.360873,-62.0758362,11,59.8265343,43.2402039,Building,Surface,2.856903,2.664139,0.000000,0.000000,-22.851690,1.814306,44.242090,351.898300,293.765700,359.587300,104.047200,98.172010,0.300000,1000.000000,0.900730,2468,2740,50.000000,off,,0,-1,0,1,1
1765268534168,2025-12-09 16:22:14.168,685.179600,6.828979,23,10,2,-0.001305,0.007150,-0.046183,-0.036209,0.072418,0.996704,-22.809350,1.814832,44.222130,-0.908226,0.211556,0.361033,-62.2419777,11,59.897171,43.4166565,Building,Surface,2.856903,2.664139,0.000000,0.000000,-22.851610,1.814213,44.242120,351.948400,293.772100,359.600600,104.047200,98.172010,0.300000,1000.000000,0.900730,2468,2740,50.000000,off,,0,-1,0,1,1
1765268534179,2025-12-09 16:22:14.179,685.190700,6.840149,23,10,2,-0.002823,0.007236,-0.046377,-0.035400,0.071854,0.996780,-22.809740,1.814879,44.220730,-0.908137,0.209917,0.362227,-62.5461578,11,60.0703239,43.7556686,Building,Surface,2.883301,2.636871,0.000000,0.000000,-22.851570,1.814139,44.242200,352.012100,293.790900,359.598600,104.047200,98.172010,0.300000,1000.000000,0.900730,2468,2740,50.000000,off,,0,-1,0,1,1
1765268534191,2025-12-09 16:22:14.191,685.201800,6.851257,23,10,2,-0.003101,0.007244,-0.046388,-0.037521,0.071991,0.996689,-22.809840,1.814738,44.220540,-0.908991,0.208728,0.360758,-62.810791,11,60.0960159,44.0054169,Building,Surface,2.875092,2.638199,0.000000,0.000000,-22.851560,1.813926,44.242290,352.089700,293.816500,359.603000,104.047200,98.172010,0.300000,1000.000000,0.900730,2468,2740,50.000000,off,,0,-1,0,1,1
1765268534202,2025-12-09 16:22:14.202,685.213000,6.862366,23,10,2,-0.024608,0.008309,-0.048856,0.061508,0.062225,0.996155,-22.816110,1.815492,44.199910,-0.870015,0.196535,0.452138,-63.4738045,11,65.3293076,46.7317276,Building,Surface,2.986664,2.792038,0.000001,0.000000,-22.851520,1.813723,44.242390,352.192400,293.837800,359.589800,104.047200,98.172010,0.300000,1000.000000,0.900730,2468,2740,50.000000,off,,0,-1,0,1,1
1765268534213,2025-12-09 16:22:14.213,685.224000,6.873413,23,10,2,-0.024608,0.008309,-0.048856,0.061508,0.062225,0.996155,-22.816050,1.815342,44.200050,-0.870200,0.194453,0.452681,-63.9184647,10.999999,65.581665,47.2328339,Building,Surface,2.986664,2.792038,0.000001,0.000000,-22.851440,1.813459,44.242540,352.312800,293.861000,359.565700,104.047200,98.172010,0.300000,1000.000000,0.900730,2468,2740,50.000000,off,,0,-1,0,1,1
1765268534224,2025-12-09 16:22:14.224,685.235100,6.884521,23,10,2,-0.000747,0.006423,-0.046965,0.174759,-0.236862,0.955689,-22.808330,1.813400,44.222840,-0.824870,-0.110887,0.554327,-36.297905,-3.43131827E-14,53.2880669,16.3534622,Building,Surface,2.946640,2.694077,0.000009,0.000000,-22.851400,1.813185,44.242670,352.464900,293.886500,359.536700,104.047200,98.172010,0.300000,1000.000000,0.900730,2468,2740,50.000000,off,,0,1,6.43918682E-16,1,1
1765268534235,2025-12-09 16:22:14.235,685.246200,6.895569,23,10,2,-0.003101,0.007244,-0.046388,-0.037521,0.071991,0.996689,-22.809660,1.814113,44.221020,-0.910008,0.199537,0.363387,-36.6741676,4.85417652,49.7574348,15.2354345,SS-01,Signage,2.875092,2.638199,0.000009,0.000000,-22.851340,1.812850,44.242830,352.632300,293.924900,359.490100,104.047200,98.172010,0.300000,1000.000000,0.900730,2468,2740,50.000000,off,Node10,1,0,0,1,1
1765268534247,2025-12-09 16:22:14.247,685.257400,6.906799,23,10,2,-0.003101,0.007244,-0.046388,-0.037521,0.071991,0.996689,-22.809610,1.813964,44.221130,-0.910335,0.196030,0.364475,-36.6741676,4.7995348,49.7721481,15.2300158,SS-01,Signage,2.875092,2.638199,0.000009,0.000000,-22.851260,1.812529,44.242970,352.839400,293.971300,359.436600,104.047200,98.172010,0.300000,1000.000000,0.900730,2468,2740,50.000000,off,Node10,1,0,0,1,1
1765268534258,2025-12-09 16:22:14.258,685.268400,6.917847,23,10,2,-0.024608,0.008309,-0.048856,0.061508,0.062225,0.996155,-22.815980,1.814769,44.200600,-0.871161,0.181610,0.456155,,,,,NoHit,NoHit,2.986664,2.792038,0.000037,0.000000,-22.851250,1.812172,44.243160,353.052600,294.012900,359.392400,104.047200,98.172010,0.300000,1000.000000,0.900730,2468,2740,50.000000,off,,,,,1,0
1765268534269,2025-12-09 16:22:14.269,685.279500,6.928955,23,10,2,-0.000662,0.006477,-0.047387,0.139587,-0.270401,0.952560,-22.807780,1.812650,44.223240,-0.837188,-0.158405,0.523447,-32.3878365,-3.23331585E-14,50.2131119,11.4429789,Building,Surface,2.933899,2.720825,0.009592,0.000000,-22.851210,1.811767,44.243280,353.265400,294.070900,359.340600,104.047200,98.172010,0.300000,1000.000000,0.900730,2468,2740,50.000000,off,,0,1,6.43918682E-16,1,1
1765268534281,2025-12-09 16:22:14.281,685.291000,6.940369,23,10,2,-0.031686,0.008208,-0.050697,0.105103,-0.258545,0.960251,-22.817170,1.814131,44.193660,-0.856443,-0.148784,0.494311,-33.2598305,-3.23381255E-14,50.2208252,12.1928959,Building,Surface,2.968124,2.756927,0.009775,0.000000,-22.851170,1.811377,44.243440,353.464700,294.068500,359.325900,104.047200,98.172010,0.300000,1000.000000,0.900730,2468,2740,50.000000,off,,0,1,6.43918682E-16,1,1
1765268534292,2025-12-09 16:22:14.292,685.302000,6.951416,23,10,2,-0.031686,0.008208,-0.050697,0.105103,-0.258545,0.960251,-22.817210,1.813968,44.193780,-0.855742,-0.152540,0.494379,-32.9934845,-3.22428207E-14,50.0728149,11.8915939,Building,Surface,2.968124,2.756927,0.009775,0.000000,-22.851180,1.811000,44.243570,353.679500,294.099200,359.286400,104.047200,98.172010,0.300000,1000.000000,0.900730,2468,2740,50.000000,off,,0,1,6.43918682E-16,1,1
1765268534303,2025-12-09 16:22:14.303,685.312900,6.962341,23,10,2,-0.014373,0.007124,-0.048705,0.099136,-0.275757,0.956085,-22.812110,1.812634,44.210610,-0.855770,-0.173267,0.487447,-31.7647591,-3.17516568E-14,49.3100433,10.46134,Building,Surface,2.951355,2.721024,2.518441,0.000000,-22.851200,1.810571,44.243730,353.866200,294.096800,359.262000,104.047200,98.172010,0.300000,1000.000000,0.900730,2468,2740,50.000000,off,,0,1,6.43918682E-16,1,1
1765268534314,2025-12-09 16:22:14.314,685.324200,6.973572,23,10,2,-0.021477,0.007535,-0.049526,0.087509,-0.236923,0.967575,-22.814290,1.812815,44.203950,-0.866435,-0.136818,0.480171,-34.2944069,-3.2560475E-14,50.5661316,13.2497807,Building,Surface,3.015076,2.613861,0.657000,0.000000,-22.851260,1.810151,44.243920,354.068300,294.112900,359.226100,104.047200,98.172010,0.300000,1000.000000,0.900730,2468,2740,50.000000,off,,0,1,6.43918682E-16,1,1
1765268534324,2025-12-09 16:22:14.324,685.335300,6.984680,23,10,2,-0.021477,0.007535,-0.049526,0.087509,-0.236923,0.967575,-22.814330,1.812558,44.204110,-0.865861,-0.139907,0.480316,-34.0319443,-3.24707709E-14,50.4268188,12.9554024,Building,Surface,3.015076,2.613861,0.657000,0.000000,-22.851270,1.809726,44.244090,354.244400,294.143600,359.187700,104.047200,98.172010,0.300000,1000.000000,0.900730,2468,2740,50.000000,off,,0,1,6.43918682E-16,1,1
1765268534335,2025-12-09 16:22:14.335,685.346500,6.995911,23,10,2,0.011472,0.005466,-0.045507,0.089630,-0.276337,0.956863,-22.804700,1.810181,44.236090,-0.858432,-0.183143,0.479101,-31.2894135,-3.15336712E-14,48.9715118,9.88389969,Building,Surface,2.907608,2.618378,0.629672,0.000000,-22.851220,1.809342,44.244310,354.412000,294.175700,359.150200,104.047200,98.172010,0.300000,1000.000000,0.900730,2468,2740,50.000000,off,,0,1,6.43918682E-16,1,1
1765268534346,2025-12-09 16:22:14.346,685.357500,7.006958,23,10,2,-0.014373,0.007124,-0.048705,0.099136,-0.275757,0.956085,-22.812260,1.811684,44.211340,-0.853124,-0.185601,0.487545,-31.1397552,-3.15329224E-14,48.9703522,9.76102161,Building,Surface,2.951355,2.721024,0.039845,0.000000,-22.851270,1.808972,44.244510,354.570800,294.215500,359.084900,104.047200,98.172010,0.300000,1000.000000,0.900730,2468,2740,50.000000,off,,0,1,6.43918682E-16,1,1
1765268534358,2025-12-09 16:22:14.358,685.368800,7.018250,23,10,2,-0.021477,0.007535,-0.049526,0.087509,-0.236923,0.967575,-22.814450,1.812005,44.204740,-0.864035,-0.148609,0.480989,-33.3497162,-3.22406794E-14,50.0694885,12.1930513,Building,Surface,3.015076,2.613861,0.629687,0.000000,-22.851300,1.808684,44.244760,354.736700,294.261300,359.028000,104.047200,98.172010,0.300000,1000.000000,0.900730,2468,2740,50.000000,off,,0,1,6.43918682E-16,1,1
1765268534368,2025-12-09 16:22:14.368,685.379600,7.028992,23,10,2,-0.021477,0.007535,-0.049526,0.087509,-0.236923,0.967575,-22.814560,1.811869,44.204910,-0.863365,-0.151125,0.481408,-33.1656227,-3.21808755E-14,49.9766159,11.9891567,Building,Surface,3.015076,2.613861,0.629687,0.000000,-22.851380,1.808407,44.244950,354.879300,294.310100,358.984400,104.047200,98.172010,0.300000,1000.000000,0.900730,2468,2740,50.000000,off,,0,1,6.43918682E-16,1,1
1765268534380,2025-12-09 16:22:14.380,685.390900,7.040283,23,10,2,0.004645,0.005838,-0.046149,0.080429,-0.276016,0.957779,-22.807120,1.809832,44.230280,-0.860075,-0.193134,0.472191,-30.866766,-3.13299395E-14,48.6551132,9.37083435,Building,Surface,2.910507,2.751892,0.010022,0.000000,-22.851420,1.808116,44.245120,355.011800,294.366800,358.934300,104.047200,98.172010,0.300000,1000.000000,0.900730,2468,2740,50.000000,off,,0,1,6.43918682E-16,1,1
1765268534391,2025-12-09 16:22:14.391,685.401900,7.051331,23,10,2,0.005888,0.005740,-0.045939,0.087433,-0.276657,0.956970,-22.806890,1.809551,44.231680,-0.855933,-0.195708,0.478594,-30.7209969,-3.13310508E-14,48.6568451,9.24606419,Building,Surface,2.912949,2.744720,0.040089,0.000000,-22.851480,1.807862,44.245330,355.110400,294.410000,358.896300,104.047200,98.172010,0.300000,1000.000000,0.900730,2468,2740,50.000000,off,,0,1,6.43918682E-16,1,1
1765268534402,2025-12-09 16:22:14.402,685.413100,7.062561,23,10,2,0.005888,0.005740,-0.045939,0.087433,-0.276657,0.956970,-22.806910,1.809391,44.231820,-0.855386,-0.197288,0.478924,-30.6519241,-3.13100206E-14,48.6241837,9.17120743,Building,Surface,2.912949,2.744720,0.040089,0.000000,-22.851500,1.807633,44.245500,355.199600,294.452600,358.855300,104.047200,98.172010,0.300000,1000.000000,0.900730,2468,2740,50.000000,off,,0,1,6.43918682E-16,1,1
1765268534413,2025-12-09 16:22:14.413,685.424100,7.073486,23,10,2,0.007430,0.005598,-0.045641,0.084686,-0.278168,0.956787,-22.806620,1.809102,44.233560,-0.856069,-0.199965,0.476603,-30.5515499,-3.12593037E-14,48.5454254,9.04705048,Building,Surface,2.914429,2.699890,0.040089,0.000000,-22.851550,1.807440,44.245730,355.268600,294.482100,358.830200,104.047200,98.172010,0.300000,1000.000000,0.900730,2468,2740,50.000000,off,,0,1,6.43918682E-16,1,1
1765268534424,2025-12-09 16:22:14.424,685.435200,7.084595,23,10,2,-0.000288,0.006144,-0.046813,0.086655,-0.258453,0.962128,-22.808750,1.809590,44.226180,-0.858047,-0.181058,0.480595,-31.3845291,-3.15710118E-14,49.0295029,9.99452209,Building,Surface,2.942444,2.688660,0.009839,0.000000,-22.851590,1.807271,44.245900,355.332500,294.516100,358.799500,104.047200,98.172010,0.300000,1000.000000,0.900730,2468,2740,50.000000,off,,0,1,6.43918682E-16,1,1
1765268534435,2025-12-09 16:22:14.435,685.446300,7.095703,23,10,2,-0.011438,0.006948,-0.048548,0.073578,-0.226181,0.971298,-22.811740,1.810392,44.215490,-0.868782,-0.149214,0.472170,-33.3525467,-3.21600385E-14,49.9442596,12.1328039,Building,Surface,2.943634,2.679993,0.637530,0.000000,-22.851600,1.807111,44.246100,355.408600,294.536900,358.779400,104.047200,98.172010,0.300000,1000.000000,0.900730,2468,2740,50.000000,off,,0,1,6.43918682E-16,1,1
1765268534447,2025-12-09 16:22:14.447,685.457600,7.106995,23,10,2,-0.011438,0.006948,-0.048548,0.073578,-0.226181,0.971298,-22.811930,1.810315,44.215690,-0.868473,-0.150828,0.472225,-33.2357903,-3.212097E-14,49.8835831,12.0024576,Building,Surface,2.943634,2.679993,0.637530,0.000000,-22.851770,1.806951,44.246300,355.500500,294.553500,358.752300,104.047200,98.172010,0.300000,1000.000000,0.900730,2468,2740,50.000000,off,,0,1,6.43918682E-16,1,1
1765268534458,2025-12-09 16:22:14.458,685.468600,7.117981,23,10,2,0.007430,0.005598,-0.045641,0.084686,-0.278168,0.956787,-22.806910,1.808613,44.234230,-0.854569,-0.205535,0.476925,-30.3267155,-3.11855915E-14,48.4309502,8.7994957,Building,Surface,2.914429,2.699890,0.039849,0.000000,-22.851820,1.806708,44.246460,355.587700,294.564000,358.732000,104.047200,98.172010,0.300000,1000.000000,0.900730,2468,2740,50.000000,off,,0,1,6.43918682E-16,1,1
1765268534469,2025-12-09 16:22:14.469,685.479600,7.129028,23,10,2,-0.000288,0.006144,-0.046813,0.086655,-0.258453,0.962128,-22.809070,1.809148,44.226890,-0.856567,-0.187628,0.480714,-31.0682602,-3.14631744E-14,48.86203,9.64219379,Building,Surface,2.942444,2.688660,0.000630,0.000000,-22.851870,1.806518,44.246640,355.709500,294.581800,358.711400,104.047200,98.172010,0.300000,1000.000000,0.900730,2468,2740,50.000000,off,,0,1,6.43918682E-16,1,1
1765268534480,2025-12-09 16:22:14.480,685.490800,7.140198,23,10,2,-0.000288,0.006144,-0.046813,0.086655,-0.258453,0.962128,-22.809090,1.808997,44.227060,-0.856299,-0.189446,0.480478,-30.9857883,-3.14329454E-14,48.8150864,9.54886436,Building,Surface,2.942444,2.688660,0.000630,0.000000,-22.851890,1.806282,44.246810,355.812900,294.585800,358.673600,104.047200,98.172010,0.300000,1000.000000,0.900730,2468,2740,50.000000,off,,0,1,6.43918682E-16,1,1
1765268534491,2025-12-09 16:22:14.491,685.502000,7.151428,23,10,2,-0.009453,0.006808,-0.048254,0.072159,-0.221024,0.972580,-22.811540,1.809586,44.218220,-0.868537,-0.152670,0.471493,-33.1062469,-3.20715202E-14,49.8067894,11.8527498,Building,Surface,2.946777,2.687012,0.039846,0.000000,-22.851890,1.806018,44.246930,355.905800,294.615300,358.636700,104.047200,98.172010,0.300000,1000.000000,0.900730,2468,2740,50.000000,off,,0,1,6.43918682E-16,1,1
1765268534502,2025-12-09 16:22:14.502,685.513100,7.162476,23,10,2,-0.004641,0.006464,-0.047505,0.069550,-0.225571,0.971726,-22.810260,1.809046,44.223090,-0.868825,-0.159085,0.468833,-32.6901627,-3.19090389E-14,49.5544586,11.3713942,Building,Surface,2.938431,2.677811,0.002506,0.000000,-22.851880,1.805789,44.247110,356.012500,294.635300,358.595200,104.047200,98.172010,0.300000,1000.000000,0.900730,2468,2740,50.000000,off,,0,1,6.43918682E-16,1,1
1765268534513,2025-12-09 16:22:14.513,685.524100,7.173523,23,10,2,-0.003357,0.006349,-0.047219,0.066772,-0.224045,0.972275,-22.810070,1.808798,44.224580,-0.869915,-0.159587,0.466640,-32.669899,-3.18827267E-14,49.5135956,11.3340902,Building,Surface,2.949097,2.681992,0.000155,0.000000,-22.851950,1.805565,44.247320,356.133500,294.662700,358.549400,104.047200,98.172010,0.300000,1000.000000,0.900730,2468,2740,50.000000,off,,0,1,6.43918682E-16,1,1
1765268534524,2025-12-09 16:22:14.524,685.535200,7.184631,23,10,2,-0.003357,0.006349,-0.047219,0.066772,-0.224045,0.972275,-22.810080,1.808630,44.224700,-0.869271,-0.161881,0.467051,-32.5220871,-3.18371834E-14,49.4428635,11.1724453,Building,Surface,2.949097,2.681992,0.000155,0.000000,-22.851930,1.805286,44.247470,356.263600,294.712300,358.495800,104.047200,98.172010,0.300000,1000.000000,0.900730,2468,2740,50.000000,off,,0,1,6.43918682E-16,1,1
1765268534536,2025-12-09 16:22:14.536,685.546300,7.195740,23,10,2,-0.002901,0.006245,-0.046993,0.063278,-0.190857,0.979569,-22.810060,1.808418,44.225390,-0.874592,-0.130712,0.466892,-34.9101601,-3.26369587E-14,50.684906,13.8350306,Building,Surface,2.927933,2.739548,0.000630,0.000000,-22.851870,1.805055,44.247660,356.406400,294.734100,358.459100,104.047200,98.172010,0.300000,1000.000000,0.900730,2468,2740,50.000000,off,,0,1,6.43918682E-16,1,1
1765268534547,2025-12-09 16:22:14.547,685.557400,7.206787,23,10,2,-0.003304,0.006233,-0.047007,0.070160,-0.203415,0.976563,-22.810190,1.808252,44.225150,-0.869369,-0.145960,0.472089,-33.5805244,-3.22434001E-14,50.0737114,12.3885241,Building,Surface,3.013672,2.696976,0.000039,0.000000,-22.851830,1.804779,44.247810,356.539700,294.764100,358.416200,104.047200,98.172010,0.300000,1000.000000,0.900730,2468,2740,50.000000,off,,0,1,6.43918682E-16,1,1
1765268534558,2025-12-09 16:22:14.558,685.568500,7.217957,23,10,2,0.001123,0.005965,-0.046509,0.066788,-0.205368,0.976395,-22.808790,1.807750,44.229550,-0.870336,-0.150082,0.469013,-33.292057,-3.2117924E-14,49.8788528,12.0449762,Building,Surface,3.004608,2.697998,0.000039,0.000000,-22.851800,1.804533,44.247990,356.668200,294.786000,358.374800,104.047200,98.172010,0.300000,1000.000000,0.900730,2468,2740,50.000000,off,,0,1,6.43918682E-16,1,1
1765268534569,2025-12-09 16:22:14.569,685.579800,7.229187,23,10,2,0.001123,0.005965,-0.046509,0.066788,-0.205368,0.976395,-22.808810,1.807645,44.229720,-0.869976,-0.151813,0.469125,-33.1676521,-3.20772055E-14,49.8156128,11.9069529,Building,Surface,3.004608,2.697998,0.000039,0.000000,-22.851800,1.804350,44.248170,356.765200,294.812300,358.319700,104.047200,98.172010,0.300000,1000.000000,0.900730,2468,2740,50.000000,off,,0,1,6.43918682E-16,1,1
1765268534580,2025-12-09 16:22:14.580,685.590700,7.240112,23,10,2,-0.002901,0.006245,-0.046993,0.063278,-0.190857,0.979569,-22.810010,1.807902,44.226050,-0.873141,-0.138402,0.467391,-34.21558,-3.24093508E-14,50.3314362,13.0625877,Building,Surface,2.927933,2.739548,0.000157,0.000000,-22.851770,1.804171,44.248360,356.841100,294.831100,358.276600,104.047200,98.172010,0.300000,1000.000000,0.900730,2468,2740,50.000000,off,,0,1,6.43918682E-16,1,1
1765268534591,2025-12-09 16:22:14.591,685.601700,7.251160,23,10,2,-0.003304,0.006233,-0.047007,0.070160,-0.203415,0.976563,-22.810230,1.807793,44.225750,-0.867757,-0.152538,0.472973,-33.0943871,-3.20872106E-14,49.8311539,11.8512707,Building,Surface,3.013672,2.696976,0.002506,0.000000,-22.851810,1.804005,44.248470,356.909600,294.888900,358.229400,104.047200,98.172010,0.300000,1000.000000,0.900730,2468,2740,50.000000,off,,0,1,6.43918682E-16,1,1
1765268534602,2025-12-09 16:22:14.602,685.613000,7.262390,23,10,2,-0.003304,0.006233,-0.047007,0.070160,-0.203415,0.976563,-22.810220,1.807693,44.225900,-0.867185,-0.153746,0.473631,-33.0062828,-3.20637275E-14,49.7946892,11.7575064,Building,Surface,3.013672,2.696976,0.002506,0.000000,-22.851780,1.803847,44.248660,356.975800,294.950400,358.168100,104.047200,98.172010,0.300000,1000.000000,0.900730,2468,2740,50.000000,off,,0,1,6.43918682E-16,1,1
1765268534613,2025-12-09 16:22:14.613,685.624100,7.273499,23,10,2,0.003062,0.005842,-0.046263,0.068024,-0.204788,0.976425,-22.808240,1.807056,44.232140,-0.867416,-0.156450,0.472319,-32.8272209,-3.19947722E-14,49.6875992,11.5502129,Building,Surface,2.997726,2.715851,0.000630,0.000000,-22.851750,1.803704,44.248850,357.053800,295.012400,358.119600,104.047200,98.172010,0.300000,1000.000000,0.900730,2468,2740,50.000000,off,,0,1,6.43918682E-16,1,1
1765268534624,2025-12-09 16:22:14.624,685.635100,7.284485,23,10,2,0.000279,0.006023,-0.046657,0.064056,-0.195664,0.978561,-22.809030,1.807204,44.229600,-0.869805,-0.148062,0.470623,-33.4256248,-3.21791205E-14,49.9738922,12.2055359,Building,Surface,2.997482,2.716156,0.000630,0.000000,-22.851710,1.803557,44.249050,357.106500,295.087400,358.069200,104.047200,98.172010,0.300000,1000.000000,0.900730,2468,2740,50.000000,off,,0,1,6.43918682E-16,1,1
1765268534635,2025-12-09 16:22:14.635,685.646200,7.295593,23,10,2,0.000279,0.006023,-0.046657,0.064056,-0.195664,0.978561,-22.808980,1.807139,44.229710,-0.869015,-0.149437,0.471647,-33.3179588,-3.2152998E-14,49.9333267,12.0927973,Building,Surface,2.997482,2.716156,0.000630,0.000000,-22.851630,1.803429,44.249220,357.183600,295.170200,358.021800,104.047200,98.172010,0.300000,1000.000000,0.900730,2468,2740,50.000000,off,,0,1,6.43918682E-16,1,1
1765268534646,2025-12-09 16:22:14.646,685.657300,7.306763,23,10,2,-0.001682,0.006231,-0.047191,0.062836,-0.187393,0.980255,-22.809240,1.807347,44.227810,-0.869741,-0.142400,0.472481,-33.8480301,-3.23405345E-14,50.2245636,12.691824,Building,Surface,2.947128,2.813980,0.000630,0.000000,-22.851520,1.803324,44.249370,357.259600,295.256700,357.987900,104.047200,98.172010,0.300000,1000.000000,0.900730,2468,2740,50.000000,off,,0,1,6.43918682E-16,1,1
1765268534657,2025-12-09 16:22:14.657,685.668500,7.317871,23,10,2,-0.017227,0.007706,-0.048969,0.168518,0.075211,0.982819,-22.814120,1.809226,44.213080,-0.810979,0.115547,0.573542,,,,,NoHit,NoHit,2.679611,2.540497,0.010022,0.000000,-22.851430,1.803238,44.249500,357.292500,295.351300,357.971400,104.047200,98.172010,0.300000,1000.000000,0.900730,2468,2740,50.000000,off,,,,,1,0
1765268534668,2025-12-09 16:22:14.668,685.679400,7.328796,23,10,2,-0.029820,0.008437,-0.050418,0.194977,0.087250,0.976914,-22.818110,1.810336,44.201180,-0.792855,0.125754,0.596285,,,,,NoHit,NoHit,2.992844,2.693405,0.010022,0.000000,-22.851320,1.803205,44.249650,357.324800,295.435300,357.957300,104.047200,98.172010,0.300000,1000.000000,0.900730,2468,2740,50.000000,off,,,,,1,0
1765268534679,2025-12-09 16:22:14.679,685.690500,7.339905,23,10,2,-0.029820,0.008437,-0.050418,0.194977,0.087250,0.976914,-22.818090,1.810325,44.201260,-0.791919,0.125725,0.597533,,,,,NoHit,NoHit,2.992844,2.693405,0.010022,0.000000,-22.851230,1.803190,44.249770,357.324800,295.524700,357.948900,104.047200,98.172010,0.300000,1000.000000,0.900730,2468,2740,50.000000,off,,,,,1,0
1765268534691,2025-12-09 16:22:14.691,685.701700,7.351074,23,10,2,-0.001682,0.006231,-0.047191,0.062836,-0.187393,0.980255,-22.808970,1.807310,44.228090,-0.866744,-0.143819,0.477531,-33.7009544,-3.23433974E-14,50.2290115,12.5663376,Building,Surface,2.947128,2.813980,0.002460,0.000000,-22.851110,1.803219,44.249900,357.339100,295.605200,357.938900,104.047200,98.172010,0.300000,1000.000000,0.900730,2468,2740,50.000000,off,,0,1,6.43918682E-16,1,1
1765268534702,2025-12-09 16:22:14.702,685.713000,7.362366,23,10,2,-0.017227,0.007706,-0.048969,0.168518,0.075211,0.982819,-22.813940,1.809269,44.213350,-0.807571,0.114532,0.578532,,,,,NoHit,NoHit,2.679611,2.540497,0.009900,0.000000,-22.851020,1.803226,44.250000,357.347100,295.699000,357.943800,104.047200,98.172010,0.300000,1000.000000,0.900730,2468,2740,50.000000,off,,,,,1,0
1765268534713,2025-12-09 16:22:14.713,685.723800,7.373230,23,10,2,-0.028169,0.008350,-0.050307,0.228302,0.084595,0.969894,-22.817350,1.810191,44.202990,-0.768884,0.121434,0.627730,,,,,NoHit,NoHit,2.602585,2.814590,0.158402,0.000000,-22.850900,1.803189,44.250100,357.330700,295.759900,357.943400,104.047200,98.172010,0.300000,1000.000000,0.900730,2468,2740,50.000000,off,,,,,1,0
1765268534724,2025-12-09 16:22:14.724,685.735000,7.384399,23,10,2,-0.028169,0.008350,-0.050307,0.228302,0.084595,0.969894,-22.817380,1.810227,44.203010,-0.767868,0.121345,0.628990,,,,,NoHit,NoHit,2.602585,2.814590,0.158402,0.000000,-22.850850,1.803224,44.250180,357.339500,295.854600,357.958100,104.047200,98.172010,0.300000,1000.000000,0.900730,2468,2740,50.000000,off,,,,,1,0
1765268534736,2025-12-09 16:22:14.736,685.746100,7.395508,23,10,2,-0.020626,0.007911,-0.049461,0.218002,0.101318,0.970657,-22.814820,1.809578,44.210190,-0.771318,0.138347,0.621204,,,,,NoHit,NoHit,2.830704,2.688461,2.518686,0.000000,-22.850730,1.803239,44.250250,357.347800,295.926200,357.970100,104.047200,98.172010,0.300000,1000.000000,0.900730,2468,2740,50.000000,off,,,,,1,0
1765268534746,2025-12-09 16:22:14.746,685.757100,7.406494,23,10,2,0.021911,0.005150,-0.043608,0.172379,0.055481,0.983460,-22.801630,1.805640,44.250970,-0.804321,0.094829,0.586567,,,,,NoHit,NoHit,2.871552,2.584320,0.641360,0.000000,-22.850650,1.803284,44.250330,357.348900,296.022900,357.987600,104.047200,98.172010,0.300000,1000.000000,0.900730,2468,2740,50.000000,off,,,,,1,0
1765268534758,2025-12-09 16:22:14.758,685.768200,7.417603,23,10,2,0.021911,0.005150,-0.043608,0.172379,0.055481,0.983460,-22.801490,1.805675,44.250970,-0.803626,0.094857,0.587513,,,,,NoHit,NoHit,2.871552,2.584320,0.641360,0.000000,-22.850510,1.803308,44.250390,357.351500,296.091600,358.011200,104.047200,98.172010,0.300000,1000.000000,0.900730,2468,2740,50.000000,off,,,,,1,0
1765268534769,2025-12-09 16:22:14.769,685.779500,7.428894,23,10,2,0.022901,0.005134,-0.043644,0.140411,0.024277,0.989792,-22.800860,1.805711,44.251850,-0.824127,0.065058,0.562650,,,,,NoHit,NoHit,2.723450,2.577835,0.641375,0.000000,-22.850340,1.803388,44.250480,357.355800,296.189500,358.021900,104.047200,98.172010,0.300000,1000.000000,0.900730,2468,2740,50.000000,off,,,,,1,0
1765268534780,2025-12-09 16:22:14.780,685.790700,7.440125,23,10,2,0.029983,0.004724,-0.042843,0.157593,0.034119,0.986908,-22.798350,1.805135,44.258520,-0.812652,0.074345,0.577977,-46.5676346,3.97965431,61.1637878,29.2488537,HS-02,Signage,2.906006,2.552490,10.324010,0.000000,-22.850220,1.803430,44.250510,357.346900,296.266000,358.034000,104.047200,98.172010,0.300000,1000.000000,0.900730,2468,2740,50.000000,off,Node10,-0.029666245,0,-0.99955982,1,1
1765268534791,2025-12-09 16:22:14.791,685.801700,7.451111,23,10,2,0.021911,0.005150,-0.043608,0.172379,0.055481,0.983460,-22.801060,1.805870,44.250900,-0.801001,0.095455,0.590992,,,,,NoHit,NoHit,2.871552,2.584320,10.199490,0.000000,-22.850080,1.803509,44.250540,357.323600,296.343900,358.051100,104.047200,98.172010,0.300000,1000.000000,0.900730,2468,2740,50.000000,off,,,,,1,0
1765268534802,2025-12-09 16:22:14.802,685.812800,7.462219,23,10,2,0.021911,0.005150,-0.043608,0.172379,0.055481,0.983460,-22.800950,1.805913,44.250880,-0.800252,0.095761,0.591956,,,,,NoHit,NoHit,2.871552,2.584320,10.199490,0.000000,-22.849970,1.803562,44.250580,357.306900,296.414200,358.058100,104.047200,98.172010,0.300000,1000.000000,0.900730,2468,2740,50.000000,off,,,,,1,0
1765268534813,2025-12-09 16:22:14.813,685.824000,7.473389,23,10,2,0.022901,0.005134,-0.043644,0.140411,0.024277,0.989792,-22.800290,1.805937,44.251710,-0.821223,0.066331,0.566733,-47.3620186,3.78981256,61.201973,29.9086208,HS-02,Signage,2.723450,2.577835,2.581124,0.000000,-22.849780,1.803635,44.250590,357.291800,296.477900,358.090900,104.047200,98.172010,0.300000,1000.000000,0.900730,2468,2740,50.000000,off,Node10,0,-0.99999994,0,1,1
1765268534824,2025-12-09 16:22:14.824,685.835000,7.484375,23,10,2,0.026186,0.004972,-0.043371,0.159882,0.040741,0.986282,-22.798930,1.805761,44.254680,-0.807682,0.082288,0.583827,-46.1753311,4.18738794,61.1521454,28.9422283,HS-02,Signage,2.904404,2.556915,2.581124,0.000000,-22.849630,1.803722,44.250580,357.275300,296.556100,358.109100,104.047200,98.172010,0.300000,1000.000000,0.900730,2468,2740,50.000000,off,Node10,-0.029666245,0,-0.99955982,1,1
1765268534835,2025-12-09 16:22:14.835,685.846000,7.495422,23,10,2,0.026186,0.004972,-0.043371,0.159882,0.040741,0.986282,-22.798800,1.805817,44.254630,-0.807123,0.082655,0.584548,-46.1283569,4.19492579,61.1507492,28.9042377,HS-02,Signage,2.904404,2.556915,2.581124,0.000000,-22.849500,1.803778,44.250580,357.258500,296.609200,358.137100,104.047200,98.172010,0.300000,1000.000000,0.900730,2468,2740,50.000000,off,Node10,-0.029666245,0,-0.99955982,1,1
1765268534846,2025-12-09 16:22:14.846,685.857100,7.506470,23,10,2,0.020775,0.005323,-0.044106,0.160797,0.046768,0.985870,-22.800370,1.806355,44.249380,-0.805304,0.088881,0.586148,-46.0164642,4.36870384,61.1474304,28.8287506,HS-02,Signage,2.903961,2.557892,648.783300,0.000000,-22.849340,1.803827,44.250560,357.246800,296.676200,358.157600,104.047200,98.172010,0.300000,1000.000000,0.900730,2468,2740,50.000000,off,Node10,-0.029666245,0,-0.99955982,1,1
1765268534857,2025-12-09 16:22:14.857,685.868300,7.517761,23,10,2,0.001865,0.006576,-0.046773,0.170563,0.064194,0.983246,-22.806260,1.808122,44.231250,-0.797024,0.106282,0.594510,,,,,NoHit,NoHit,2.894150,2.551529,2.549936,0.000000,-22.849200,1.803880,44.250550,357.224200,296.728200,358.176900,104.047200,98.172010,0.300000,1000.000000,0.900730,2468,2740,50.000000,off,,,,,1,0
1765268534868,2025-12-09 16:22:14.868,685.879400,7.528809,23,10,2,-0.019214,0.008416,-0.051263,0.174316,0.071533,0.982071,-22.811530,1.810444,44.210360,-0.793189,0.113955,0.598191,,,,,NoHit,NoHit,2.828629,2.604202,0.633547,0.000000,-22.849100,1.803946,44.250550,357.198500,296.790200,358.203600,104.047200,98.172010,0.300000,1000.000000,0.900730,2468,2740,50.000000,off,,,,,1,0
1765268534879,2025-12-09 16:22:14.879,685.890600,7.539978,23,10,2,-0.019214,0.008416,-0.051263,0.174316,0.071533,0.982071,-22.811430,1.810494,44.210320,-0.792713,0.114252,0.598765,,,,,NoHit,NoHit,2.828629,2.604202,0.633547,0.000000,-22.848970,1.804013,44.250540,357.182500,296.833300,358.211300,104.047200,98.172010,0.300000,1000.000000,0.900730,2468,2740,50.000000,off,,,,,1,0
1765268534891,2025-12-09 16:22:14.891,685.901700,7.551086,23,10,2,0.020775,0.005323,-0.044106,0.160797,0.046768,0.985870,-22.799880,1.806556,44.249160,-0.803014,0.090667,0.589009,-45.8302727,4.40688038,61.1419029,28.6797066,HS-02,Signage,2.903961,2.557892,2.503121,0.000000,-22.848850,1.804071,44.250520,357.154800,296.888400,358.231400,104.047200,98.172010,0.300000,1000.000000,0.900730,2468,2740,50.000000,off,Node10,-0.029666245,0,-0.99955982,1,1
1765268534902,2025-12-09 16:22:14.902,685.912700,7.562134,23,10,2,0.001865,0.006576,-0.046773,0.170563,0.064194,0.983246,-22.805850,1.808297,44.231010,-0.794564,0.108170,0.597455,,,,,NoHit,NoHit,2.894150,2.551529,163.188000,0.000000,-22.848720,1.804136,44.250490,357.124500,296.950600,358.237800,104.047200,98.172010,0.300000,1000.000000,0.900730,2468,2740,50.000000,off,,,,,1,0
1765268534913,2025-12-09 16:22:14.913,685.923800,7.573181,23,10,2,0.001865,0.006576,-0.046773,0.170563,0.064194,0.983246,-22.805700,1.808327,44.230950,-0.794074,0.108810,0.597990,,,,,NoHit,NoHit,2.894150,2.551529,163.188000,0.000000,-22.848550,1.804192,44.250460,357.090900,296.992900,358.259600,104.047200,98.172010,0.300000,1000.000000,0.900730,2468,2740,50.000000,off,,,,,1,0
1765268534924,2025-12-09 16:22:14.924,685.934900,7.584290,23,10,2,-0.022465,0.008684,-0.051884,0.178787,0.071808,0.981262,-22.811910,1.811036,44.206970,-0.787750,0.116387,0.604898,,,,,NoHit,NoHit,2.796875,2.558640,0.157403,0.000000,-22.848410,1.804337,44.250500,357.071900,297.026600,358.260300,104.047200,98.172010,0.300000,1000.000000,0.900730,2468,2740,50.000000,off,,,,,1,0
1765268534935,2025-12-09 16:22:14.935,685.946000,7.595398,23,10,2,0.020608,0.005538,-0.044677,0.127350,-0.014816,0.991745,-22.798890,1.807007,44.248540,-0.825216,0.032686,0.563867,,,,,NoHit,NoHit,2.620209,2.448807,0.002444,0.000000,-22.848300,1.804411,44.250450,357.034100,297.053500,358.270000,104.047200,98.172010,0.300000,1000.000000,0.900730,2468,2740,50.000000,off,,,,,1,0
1765268534946,2025-12-09 16:22:14.946,685.957000,7.606445,23,10,2,0.027332,0.005011,-0.043402,0.104004,0.068390,0.992218,-22.796900,1.806406,44.255040,-0.830961,0.117338,0.543808,,,,,NoHit,NoHit,2.729706,2.513855,0.009776,0.000000,-22.848190,1.804504,44.250400,356.985200,297.074400,358.283400,104.047200,98.172010,0.300000,1000.000000,0.900730,2468,2740,50.000000,off,,,,,1,0
1765268534957,2025-12-09 16:22:14.957,685.968100,7.617493,23,10,2,0.027332,0.005011,-0.043402,0.104004,0.068390,0.992218,-22.796790,1.806508,44.254970,-0.830669,0.118020,0.544105,,,,,NoHit,NoHit,2.729706,2.513855,0.009776,0.000000,-22.848080,1.804626,44.250350,356.947500,297.098600,358.301200,104.047200,98.172010,0.300000,1000.000000,0.900730,2468,2740,50.000000,off,,,,,1,0
1765268534968,2025-12-09 16:22:14.968,685.979200,7.628662,23,10,2,0.027328,0.005011,-0.043399,0.101379,0.040863,0.994003,-22.796710,1.806607,44.254950,-0.834889,0.091847,0.542692,,,,,NoHit,NoHit,2.856140,2.513031,0.039347,0.000000,-22.848010,1.804769,44.250360,356.883200,297.114100,358.311600,104.047200,98.172010,0.300000,1000.000000,0.900730,2468,2740,50.000000,off,,,,,1,0
1765268534979,2025-12-09 16:22:14.979,685.990400,7.639771,23,10,2,0.020153,0.005438,-0.044324,0.095093,0.063919,0.993408,-22.799030,1.807301,44.248090,-0.835504,0.115702,0.537154,,,,,NoHit,NoHit,2.811111,2.460602,0.002429,0.000000,-22.847910,1.804900,44.250330,356.844600,297.137800,358.325800,104.047200,98.172010,0.300000,1000.000000,0.900730,2468,2740,50.000000,off,,,,,1,0
1765268534990,2025-12-09 16:22:14.990,686.001400,7.650818,23,10,2,0.020153,0.005438,-0.044324,0.095093,0.063919,0.993408,-22.798880,1.807361,44.247970,-0.835233,0.116571,0.537388,,,,,NoHit,NoHit,2.811111,2.460602,0.002429,0.000000,-22.847760,1.804992,44.250240,356.796100,297.158200,358.344300,104.047200,98.172010,0.300000,1000.000000,0.900730,2468,2740,50.000000,off,,,,,1,0
1765268535002,2025-12-09 16:22:15.002,686.012500,7.661926,23,10,2,0.027332,0.005011,-0.043402,0.104004,0.068390,0.992218,-22.796380,1.806869,44.254750,-0.829680,0.121273,0.544899,,,,,NoHit,NoHit,2.729706,2.513855,0.621767,0.000000,-22.847690,1.805097,44.250210,356.765200,297.169800,358.361300,104.047200,98.172010,0.300000,1000.000000,0.900730,2468,2740,50.000000,off,,,,,1,0
1765268535013,2025-12-09 16:22:15.013,686.023700,7.673096,23,10,2,0.027328,0.005011,-0.043399,0.101379,0.040863,0.994003,-22.796280,1.806897,44.254690,-0.834042,0.094780,0.543490,,,,,NoHit,NoHit,2.856140,2.513031,10.011260,0.000000,-22.847590,1.805152,44.250170,356.720200,297.180000,358.376600,104.047200,98.172010,0.300000,1000.000000,0.900730,2468,2740,50.000000,off,,,,,1,0
1765268535024,2025-12-09 16:22:15.024,686.034700,7.684143,23,10,2,0.019029,0.005519,-0.044492,0.096939,0.061340,0.993393,-22.798920,1.807646,44.246800,-0.834213,0.115820,0.539133,,,,,NoHit,NoHit,2.831909,2.489380,0.009715,0.000000,-22.847450,1.805241,44.250150,356.691300,297.175000,358.385400,104.047200,98.172010,0.300000,1000.000000,0.900730,2468,2740,50.000000,off,,,,,1,0
1765268535035,2025-12-09 16:22:15.035,686.045800,7.695251,23,10,2,0.019029,0.005519,-0.044492,0.096939,0.061340,0.993393,-22.798820,1.807705,44.246740,-0.834078,0.116413,0.539214,,,,,NoHit,NoHit,2.831909,2.489380,0.009715,0.000000,-22.847350,1.805325,44.250100,356.657700,297.183100,358.392200,104.047200,98.172010,0.300000,1000.000000,0.900730,2468,2740,50.000000,off,,,,,1,0
1765268535046,2025-12-09 16:22:15.046,686.057100,7.706482,23,10,2,0.020571,0.005409,-0.044226,0.094833,0.061462,0.993591,-22.798340,1.807640,44.248170,-0.835078,0.117301,0.537476,,,,,NoHit,NoHit,2.861053,2.490082,0.009715,0.000000,-22.847330,1.805429,44.250050,356.617200,297.188800,358.390800,104.047200,98.172010,0.300000,1000.000000,0.900730,2468,2740,50.000000,off,,,,,1,0
1765268535057,2025-12-09 16:22:15.057,686.068100,7.717529,23,10,2,0.017979,0.005585,-0.044611,0.095520,0.058716,0.993683,-22.799070,1.807908,44.245650,-0.834851,0.115050,0.538298,,,,,NoHit,NoHit,2.860184,2.557861,0.157399,0.000000,-22.847230,1.805501,44.250020,356.586500,297.200900,358.374700,104.047200,98.172010,0.300000,1000.000000,0.900730,2468,2740,50.000000,off,,,,,1,0
1765268535069,2025-12-09 16:22:15.069,686.079300,7.728699,23,10,2,0.017979,0.005585,-0.044611,0.095520,0.058716,0.993683,-22.798980,1.807973,44.245640,-0.834647,0.115557,0.538506,,,,,NoHit,NoHit,2.860184,2.557861,0.157399,0.000000,-22.847140,1.805588,44.250020,356.557000,297.217000,358.374300,104.047200,98.172010,0.300000,1000.000000,0.900730,2468,2740,50.000000,off,,,,,1,0
1765268535080,2025-12-09 16:22:15.080,686.090300,7.739746,23,10,2,0.011304,0.006046,-0.045637,0.098907,0.066467,0.992859,-22.800980,1.808611,44.239210,-0.831700,0.123762,0.541229,,,,,NoHit,NoHit,2.855667,2.488876,0.002429,0.000000,-22.847040,1.805668,44.250010,356.521500,297.226600,358.376600,104.047200,98.172010,0.300000,1000.000000,0.900730,2468,2740,50.000000,off,,,,,1,0
1765268535091,2025-12-09 16:22:15.091,686.101500,7.750916,23,10,2,0.001795,0.006675,-0.047052,0.105560,0.065979,0.992218,-22.803980,1.809484,44.230140,-0.827957,0.123657,0.546982,,,,,NoHit,NoHit,2.825638,2.553864,0.009776,0.000000,-22.847000,1.805757,44.250050,356.487600,297.238600,358.390100,104.047200,98.172010,0.300000,1000.000000,0.900730,2468,2740,50.000000,off,,,,,1,0
1765268535102,2025-12-09 16:22:15.102,686.112600,7.762024,23,10,2,0.017979,0.005585,-0.044611,0.095520,0.058716,0.993683,-22.798740,1.808187,44.245700,-0.834226,0.117477,0.538743,,,,,NoHit,NoHit,2.860184,2.557861,0.038370,0.000000,-22.846910,1.805880,44.250110,356.448300,297.241900,358.400500,104.047200,98.172010,0.300000,1000.000000,0.900730,2468,2740,50.000000,off,,,,,1,0
1765268535113,2025-12-09 16:22:15.113,686.123700,7.773071,23,10,2,0.017979,0.005585,-0.044611,0.095520,0.058716,0.993683,-22.798640,1.808241,44.245720,-0.834202,0.118033,0.538658,,,,,NoHit,NoHit,2.860184,2.557861,0.038370,0.000000,-22.846810,1.805955,44.250130,356.417100,297.238600,358.410500,104.047200,98.172010,0.300000,1000.000000,0.900730,2468,2740,50.000000,off,,,,,1,0
1765268535124,2025-12-09 16:22:15.124,686.134800,7.784241,23,10,2,0.011304,0.006046,-0.045637,0.098907,0.066467,0.992859,-22.800640,1.808892,44.239370,-0.831194,0.126407,0.541394,,,,,NoHit,NoHit,2.855667,2.488876,0.009776,0.000000,-22.846700,1.806062,44.250190,356.371200,297.250600,358.408800,104.047200,98.172010,0.300000,1000.000000,0.900730,2468,2740,50.000000,off,,,,,1,0
1765268535135,2025-12-09 16:22:15.135,686.145900,7.795349,23,10,2,0.003842,0.006524,-0.046723,0.104004,0.065018,0.992447,-22.802940,1.809574,44.232280,-0.828628,0.125025,0.545656,,,,,NoHit,NoHit,2.828766,2.555618,0.002429,0.000000,-22.846600,1.806139,44.250240,356.358400,297.245800,358.414600,104.047200,98.172010,0.300000,1000.000000,0.900730,2468,2740,50.000000,off,,,,,1,0
1765268535147,2025-12-09 16:22:15.147,686.157200,7.806580,23,10,2,0.004530,0.006451,-0.046539,0.102524,0.059769,0.992920,-22.802670,1.809539,44.233000,-0.829956,0.120156,0.544710,,,,,NoHit,NoHit,2.824677,2.520569,0.155438,0.000000,-22.846480,1.806201,44.250270,356.339700,297.255200,358.400400,104.047200,98.172010,0.300000,1000.000000,0.900730,2468,2740,50.000000,off,,,,,1,0
1765268535158,2025-12-09 16:22:15.158,686.168200,7.817627,23,10,2,0.004530,0.006451,-0.046539,0.102524,0.059769,0.992920,-22.802570,1.809558,44.233060,-0.829907,0.120497,0.544711,,,,,NoHit,NoHit,2.824677,2.520569,0.155438,0.000000,-22.846380,1.806237,44.250320,356.319300,297.256200,358.394100,104.047200,98.172010,0.300000,1000.000000,0.900730,2468,2740,50.000000,off,,,,,1,0
1765268535169,2025-12-09 16:22:15.169,686.179300,7.828735,23,10,2,0.005872,0.006355,-0.046322,0.101532,0.053116,0.993408,-22.802020,1.809438,44.234410,-0.831143,0.114156,0.544205,,,,,NoHit,NoHit,2.820816,2.534103,0.629534,0.000000,-22.846240,1.806252,44.250390,356.303200,297.264500,358.371900,104.047200,98.172010,0.300000,1000.000000,0.900730,2468,2740,50.000000,off,,,,,1,0
1765268535179,2025-12-09 16:22:15.179,686.190400,7.839783,23,10,2,0.001596,0.006637,-0.046945,0.106323,0.059036,0.992569,-22.803340,1.809831,44.230390,-0.827666,0.120099,0.548205,,,,,NoHit,NoHit,2.820129,2.525360,10.073760,0.000000,-22.846180,1.806298,44.250470,356.287000,297.273900,358.343800,104.047200,98.172010,0.300000,1000.000000,0.900730,2468,2740,50.000000,off,,,,,1,0
1765268535190,2025-12-09 16:22:15.190,686.201400,7.850830,23,10,2,0.001596,0.006637,-0.046945,0.106323,0.059036,0.992569,-22.803260,1.809867,44.230450,-0.827543,0.120450,0.548313,,,,,NoHit,NoHit,2.820129,2.525360,10.073760,0.000000,-22.846100,1.806353,44.250520,356.263700,297.281300,358.317600,104.047200,98.172010,0.300000,1000.000000,0.900730,2468,2740,50.000000,off,,,,,1,0
1765268535201,2025-12-09 16:22:15.201,686.212500,7.861938,23,10,2,0.024708,0.004956,-0.043693,0.096405,0.003113,0.995331,-22.795600,1.807721,44.252570,-0.838507,0.065609,0.540914,,,,,NoHit,NoHit,2.894913,2.613998,2.565254,0.000000,-22.845980,1.806385,44.250600,356.233700,297.278700,358.287200,104.047200,98.172010,0.300000,1000.000000,0.900730,2468,2740,50.000000,off,,,,,1,0
1765268535212,2025-12-09 16:22:15.212,686.223700,7.873108,23,10,2,0.005872,0.006355,-0.046322,0.101532,0.053116,0.993408,-22.801690,1.809543,44.234660,-0.830660,0.115572,0.544644,,,,,NoHit,NoHit,2.820816,2.534103,2.534188,0.000000,-22.845910,1.806446,44.250660,356.208600,297.293800,358.251500,104.047200,98.172010,0.300000,1000.000000,0.900730,2468,2740,50.000000,off,,,,,1,0
1765268535224,2025-12-09 16:22:15.224,686.234700,7.884155,23,10,2,0.001596,0.006637,-0.046945,0.106323,0.059036,0.992569,-22.803030,1.809984,44.230640,-0.827222,0.121516,0.548563,,,,,NoHit,NoHit,2.820129,2.525360,0.637484,0.000000,-22.845870,1.806533,44.250720,356.191200,297.297100,358.219800,104.047200,98.172010,0.300000,1000.000000,0.900730,2468,2740,50.000000,off,,,,,1,0
1765268535234,2025-12-09 16:22:15.234,686.245700,7.895142,23,10,2,0.001596,0.006637,-0.046945,0.106323,0.059036,0.992569,-22.802970,1.810019,44.230710,-0.827104,0.121742,0.548690,,,,,NoHit,NoHit,2.820129,2.525360,0.637484,0.000000,-22.845800,1.806583,44.250800,356.175000,297.305300,358.191800,104.047200,98.172010,0.300000,1000.000000,0.900730,2468,2740,50.000000,off,,,,,1,0
1765268535246,2025-12-09 16:22:15.246,686.257000,7.906372,23,10,2,0.030168,0.004393,-0.042668,0.033432,-0.077759,0.996399,-22.793800,1.807172,44.258110,-0.873708,-0.012051,0.486277,,,,,NoHit,NoHit,3.012253,2.732773,0.039354,0.000000,-22.845740,1.806605,44.250840,356.169600,297.326500,358.166300,104.047200,98.172010,0.300000,1000.000000,0.900730,2468,2740,50.000000,off,,,,,1,0
1765268535258,2025-12-09 16:22:15.258,686.269000,7.918457,23,10,2,0.031170,0.004333,-0.043410,0.008911,-0.200638,0.979614,-22.792650,1.807057,44.258660,-0.879053,-0.134799,0.457247,-34.5768509,-3.24459765E-14,50.3883133,13.4054298,Building,Surface,3.034317,2.664505,0.039354,0.000000,-22.845700,1.806648,44.250860,356.161900,297.341800,358.146300,104.047200,98.172010,0.300000,1000.000000,0.900730,2468,2740,50.000000,off,,0,1,6.43918682E-16,1,1
1765268535268,2025-12-09 16:22:15.268,686.279400,7.928772,23,10,2,0.031170,0.004333,-0.043410,0.008911,-0.200638,0.979614,-22.792590,1.807078,44.258710,-0.879161,-0.134826,0.457031,-34.5760155,-3.24434015E-14,50.3843117,13.4028969,Building,Surface,3.034317,2.664505,0.039354,0.000000,-22.845630,1.806677,44.250900,356.163500,297.331100,358.130800,104.047200,98.172010,0.300000,1000.000000,0.900730,2468,2740,50.000000,off,,0,1,6.43918682E-16,1,1
1765268535279,2025-12-09 16:22:15.279,686.290500,7.939880,23,10,2,0.031117,0.003955,-0.042969,0.006424,-0.300217,0.953842,-22.792960,1.806749,44.258870,-0.864929,-0.235523,0.443185,-29.4280319,-3.06882917E-14,47.6586456,7.67116737,Building,Surface,2.927338,2.612045,0.009839,0.000000,-22.845560,1.806696,44.250900,356.148800,297.324900,358.144400,104.047200,98.172010,0.300000,1000.000000,0.900730,2468,2740,50.000000,off,,0,1,6.43918682E-16,1,1
1765268535291,2025-12-09 16:22:15.291,686.301600,7.950989,23,10,2,0.025303,0.004235,-0.043581,-0.024551,-0.312866,0.949463,-22.795000,1.807199,44.253460,-0.876305,-0.247172,0.413477,-29.2021046,-3.04422862E-14,47.2765999,7.3113842,Building,Surface,2.814453,2.548035,2.534189,0.000000,-22.845500,1.806736,44.250920,356.133700,297.313000,358.136200,104.047200,98.172010,0.300000,1000.000000,0.900730,2468,2740,50.000000,off,,0,1,6.43918682E-16,1,1
1765268535301,2025-12-09 16:22:15.301,686.312400,7.961853,23,10,2,-0.017877,0.007020,-0.049349,0.020538,-0.250000,0.968018,-22.809250,1.811052,44.212440,-0.867751,-0.184110,0.461618,-31.3451424,-3.13931484E-14,48.7532806,9.83669186,Building,Surface,3.052017,2.694443,0.633578,0.000000,-22.845380,1.806828,44.250920,356.099600,297.289600,358.133900,104.047200,98.172010,0.300000,1000.000000,0.900730,2468,2740,50.000000,off,,0,1,6.43918682E-16,1,1
1765268535313,2025-12-09 16:22:15.313,686.323800,7.973206,23,10,2,-0.017877,0.007020,-0.049349,0.020538,-0.250000,0.968018,-22.809230,1.811084,44.212460,-0.867972,-0.183414,0.461481,-31.379837,-3.14034348E-14,48.7692566,9.87419987,Building,Surface,3.052017,2.694443,0.633578,0.000000,-22.845370,1.806891,44.250940,356.058900,297.280200,358.119900,104.047200,98.172010,0.300000,1000.000000,0.900730,2468,2740,50.000000,off,,0,1,6.43918682E-16,1,1
1765268535324,2025-12-09 16:22:15.324,686.334800,7.984253,23,10,2,0.031117,0.003955,-0.042969,0.006424,-0.300217,0.953842,-22.792820,1.806906,44.258940,-0.865916,-0.233524,0.442315,-29.4929028,-3.07029318E-14,47.6813812,7.73750734,Building,Surface,2.927338,2.612045,0.637484,0.000000,-22.845410,1.806962,44.250910,356.031100,297.264500,358.106400,104.047200,98.172010,0.300000,1000.000000,0.900730,2468,2740,50.000000,off,,0,1,6.43918682E-16,1,1
1765268535335,2025-12-09 16:22:15.335,686.345900,7.995361,23,10,2,0.025303,0.004235,-0.043581,-0.024551,-0.312866,0.949463,-22.794910,1.807364,44.253480,-0.877348,-0.244855,0.412643,-29.2709427,-3.04569331E-14,47.2993469,7.38124561,Building,Surface,2.814453,2.548035,0.158402,0.000000,-22.845420,1.807024,44.250890,355.998200,297.254700,358.093200,104.047200,98.172010,0.300000,1000.000000,0.900730,2468,2740,50.000000,off,,0,1,6.43918682E-16,1,1
1765268535346,2025-12-09 16:22:15.346,686.357000,8.006409,23,10,2,0.025303,0.004235,-0.043581,-0.024551,-0.312866,0.949463,-22.794870,1.807360,44.253490,-0.877670,-0.244207,0.412342,-29.2904377,-3.04607075E-14,47.3052063,7.40081501,Building,Surface,2.814453,2.548035,0.158402,0.000000,-22.845380,1.807059,44.250890,355.960800,297.238300,358.068000,104.047200,98.172010,0.300000,1000.000000,0.900730,2468,2740,50.000000,off,,0,1,6.43918682E-16,1,1
1765268535357,2025-12-09 16:22:15.357,686.368000,8.017456,23,10,2,-0.014101,0.006761,-0.048793,0.014786,-0.258148,0.965988,-22.807990,1.810869,44.216030,-0.870393,-0.189727,0.454326,-31.1155472,-3.12637896E-14,48.5523911,9.54456711,Building,Surface,2.924240,2.668030,10.263220,0.000000,-22.845390,1.807095,44.250850,355.955600,297.210300,358.063500,104.047200,98.172010,0.300000,1000.000000,0.900730,2468,2740,50.000000,off,,0,1,6.43918682E-16,1,1
1765268535369,2025-12-09 16:22:15.369,686.379300,8.028748,23,10,2,-0.022043,0.007253,-0.049760,0.017929,-0.241684,0.970184,-22.810670,1.811641,44.208510,-0.871704,-0.173157,0.458410,-31.9307938,-3.15549656E-14,49.0045853,10.4623699,Building,Surface,2.904083,2.666489,0.159371,0.000000,-22.845390,1.807179,44.250820,355.957700,297.169400,358.072400,104.047200,98.172010,0.300000,1000.000000,0.900730,2468,2740,50.000000,off,,0,1,6.43918682E-16,1,1
1765268535380,2025-12-09 16:22:15.380,686.390400,8.039795,23,10,2,-0.020802,0.007167,-0.049534,0.017776,-0.247253,0.968781,-22.810310,1.811527,44.209690,-0.871330,-0.178579,0.457034,-31.6491756,-3.1452783E-14,48.8458939,10.1440535,Building,Surface,2.877335,2.662048,0.645297,0.000000,-22.845410,1.807190,44.250760,355.944800,297.125400,358.082200,104.047200,98.172010,0.300000,1000.000000,0.900730,2468,2740,50.000000,off,,0,1,6.43918682E-16,1,1
1765268535391,2025-12-09 16:22:15.391,686.401500,8.050903,23,10,2,-0.020802,0.007167,-0.049534,0.017776,-0.247253,0.968781,-22.810250,1.811574,44.209690,-0.871656,-0.178435,0.456467,-31.6598034,-3.14515666E-14,48.8440018,10.1524963,Building,Surface,2.877335,2.662048,0.645297,0.000000,-22.845380,1.807255,44.250740,355.936600,297.080200,358.110500,104.047200,98.172010,0.300000,1000.000000,0.900730,2468,2740,50.000000,off,,0,1,6.43918682E-16,1,1
1765268535402,2025-12-09 16:22:15.402,686.412600,8.062012,23,10,2,-0.018035,0.006976,-0.049126,0.014267,-0.244949,0.969421,-22.809370,1.811412,44.212390,-0.873938,-0.175822,0.453101,-31.8131428,-3.14750531E-14,48.8804779,10.3024378,Building,Surface,2.940155,2.659531,0.633639,0.000000,-22.845400,1.807353,44.250760,355.927600,297.044800,358.111300,104.047200,98.172010,0.300000,1000.000000,0.900730,2468,2740,50.000000,off,,0,1,6.43918682E-16,1,1
1765268535413,2025-12-09 16:22:15.413,686.423800,8.073181,23,10,2,0.000463,0.005771,-0.046623,-0.000427,-0.276245,0.961075,-22.803320,1.809795,44.230020,-0.875965,-0.206768,0.435786,-30.4704533,-3.09366587E-14,48.0443573,8.75268078,Building,Surface,2.932175,2.664505,0.159379,0.000000,-22.845410,1.807386,44.250740,355.906300,297.008200,358.111400,104.047200,98.172010,0.300000,1000.000000,0.900730,2468,2740,50.000000,off,,0,1,6.43918682E-16,1,1
1765268535424,2025-12-09 16:22:15.424,686.434800,8.084167,23,10,2,-0.020802,0.007167,-0.049534,0.017776,-0.247253,0.968781,-22.810270,1.811675,44.209710,-0.872624,-0.177602,0.454940,-31.7117062,-3.14557103E-14,48.850441,10.2006836,Building,Surface,2.877335,2.662048,0.625781,0.000000,-22.845480,1.807401,44.250690,355.888200,296.973800,358.116700,104.047200,98.172010,0.300000,1000.000000,0.900730,2468,2740,50.000000,off,,0,1,6.43918682E-16,1,1
1765268535435,2025-12-09 16:22:15.435,686.445900,8.095276,23,10,2,-0.020802,0.007167,-0.049534,0.017776,-0.247253,0.968781,-22.810280,1.811705,44.209670,-0.872858,-0.177108,0.454683,-31.7390804,-3.14623815E-14,48.8608017,10.2293034,Building,Surface,2.877335,2.662048,0.625781,0.000000,-22.845510,1.807449,44.250650,355.859300,296.959000,358.098200,104.047200,98.172010,0.300000,1000.000000,0.900730,2468,2740,50.000000,off,,0,1,6.43918682E-16,1,1
1765268535447,2025-12-09 16:22:15.447,686.457100,8.106506,23,10,2,-0.018035,0.006976,-0.049126,0.014267,-0.244949,0.969421,-22.809360,1.811515,44.212370,-0.875165,-0.174230,0.451345,-31.9086857,-3.14909232E-14,48.9051208,10.3971701,Building,Surface,2.940155,2.659531,0.157437,0.000000,-22.845480,1.807528,44.250670,355.834800,296.928400,358.082800,104.047200,98.172010,0.300000,1000.000000,0.900730,2468,2740,50.000000,off,,0,1,6.43918682E-16,1,1
1765268535457,2025-12-09 16:22:15.457,686.468100,8.117493,23,10,2,-0.000947,0.005863,-0.046827,0.000107,-0.272263,0.962204,-22.803860,1.810002,44.228670,-0.877606,-0.200925,0.435202,-30.7096272,-3.10041164E-14,48.1491165,9.00818348,Building,Surface,2.936646,2.667267,0.039602,0.000000,-22.845550,1.807555,44.250670,355.800800,296.905200,358.075700,104.047200,98.172010,0.300000,1000.000000,0.900730,2468,2740,50.000000,off,,0,1,6.43918682E-16,1,1
1765268535469,2025-12-09 16:22:15.469,686.479200,8.128601,23,10,2,-0.000947,0.005863,-0.046827,0.000107,-0.272263,0.962204,-22.803860,1.810002,44.228680,-0.877841,-0.200857,0.434760,-30.7144299,-3.10024155E-14,48.1464767,9.01123619,Building,Surface,2.936646,2.667267,0.039602,0.000000,-22.845560,1.807559,44.250660,355.796800,296.875200,358.078000,104.047200,98.172010,0.300000,1000.000000,0.900730,2468,2740,50.000000,off,,0,1,6.43918682E-16,1,1
1765268535480,2025-12-09 16:22:15.480,686.490500,8.139954,23,10,2,-0.006980,0.006253,-0.047614,0.005203,-0.264328,0.964417,-22.805840,1.810488,44.222920,-0.877119,-0.192968,0.439796,-31.0352573,-3.11329738E-14,48.3492279,9.38229847,Building,Surface,2.930984,2.664764,0.039602,0.000000,-22.845580,1.807511,44.250610,355.797400,296.845300,358.072000,104.047200,98.172010,0.300000,1000.000000,0.900730,2468,2740,50.000000,off,,0,1,6.43918682E-16,1,1
1765268535491,2025-12-09 16:22:15.491,686.501500,8.150940,23,10,2,-0.006023,0.006196,-0.047500,0.005798,-0.267853,0.963440,-22.805500,1.810395,44.223820,-0.876492,-0.196890,0.439309,-30.864809,-3.1077605E-14,48.2632446,9.19493961,Building,Surface,2.935852,2.666931,0.633623,0.000000,-22.845580,1.807485,44.250580,355.815900,296.803000,358.092400,104.047200,98.172010,0.300000,1000.000000,0.900730,2468,2740,50.000000,off,,0,1,6.43918682E-16,1,1
1765268535502,2025-12-09 16:22:15.502,686.512600,8.161987,23,10,2,-0.011394,0.006563,-0.048272,0.013580,-0.264801,0.964203,-22.807170,1.810891,44.218670,-0.873755,-0.194299,0.445861,-30.950676,-3.11490166E-14,48.3741493,9.32008839,Building,Surface,2.920959,2.694519,0.010022,0.000000,-22.845580,1.807485,44.250550,355.830500,296.749700,358.117200,104.047200,98.172010,0.300000,1000.000000,0.900730,2468,2740,50.000000,off,,0,1,6.43918682E-16,1,1
1765268535513,2025-12-09 16:22:15.513,686.523700,8.173157,23,10,2,-0.011394,0.006563,-0.048272,0.013580,-0.264801,0.964203,-22.807150,1.810898,44.218640,-0.874017,-0.194726,0.445161,-30.9352741,-3.11389505E-14,48.3585129,9.29968739,Building,Surface,2.920959,2.694519,0.010022,0.000000,-22.845590,1.807473,44.250480,355.855600,296.703500,358.127900,104.047200,98.172010,0.300000,1000.000000,0.900730,2468,2740,50.000000,off,,0,1,6.43918682E-16,1,1
1765268535524,2025-12-09 16:22:15.524,686.534900,8.184265,23,10,2,-0.006980,0.006253,-0.047614,0.005203,-0.264328,0.964417,-22.805780,1.810518,44.222860,-0.878296,-0.194207,0.436893,-30.9937954,-3.10985978E-14,48.295845,9.32259941,Building,Surface,2.930984,2.664764,0.000626,0.000000,-22.845610,1.807487,44.250420,355.869600,296.648300,358.126300,104.047200,98.172010,0.300000,1000.000000,0.900730,2468,2740,50.000000,off,,0,1,6.43918682E-16,1,1
1765268535535,2025-12-09 16:22:15.536,686.545800,8.195251,23,10,2,-0.006023,0.006196,-0.047500,0.005798,-0.267853,0.963440,-22.805440,1.810424,44.223760,-0.877980,-0.197954,0.435845,-30.835165,-3.1043229E-14,48.2098618,9.14565945,Building,Surface,2.935852,2.666931,0.009901,0.000000,-22.845620,1.807464,44.250370,355.878000,296.577300,358.113700,104.047200,98.172010,0.300000,1000.000000,0.900730,2468,2740,50.000000,off,,0,1,6.43918682E-16,1,1
1765268535547,2025-12-09 16:22:15.547,686.557100,8.206482,23,10,2,-0.006023,0.006196,-0.047500,0.005798,-0.267853,0.963440,-22.805420,1.810429,44.223740,-0.878514,-0.197842,0.434819,-30.8446121,-3.10386347E-14,48.2027206,9.15086269,Building,Surface,2.935852,2.666931,0.009901,0.000000,-22.845630,1.807471,44.250300,355.871600,296.515700,358.091400,104.047200,98.172010,0.300000,1000.000000,0.900730,2468,2740,50.000000,off,,0,1,6.43918682E-16,1,1
1765268535557,2025-12-09 16:22:15.557,686.568100,8.217468,23,10,2,-0.010913,0.006535,-0.048210,0.014008,-0.266251,0.963791,-22.806950,1.810920,44.219020,-0.875510,-0.196596,0.441373,-30.871603,-3.10914014E-14,48.2846756,9.2112751,Building,Surface,2.925629,2.694901,0.040087,0.000000,-22.845680,1.807501,44.250240,355.877400,296.465800,358.049000,104.047200,98.172010,0.300000,1000.000000,0.900730,2468,2740,50.000000,off,,0,1,6.43918682E-16,1,1
1765268535568,2025-12-09 16:22:15.568,686.579300,8.228760,23,10,2,-0.009851,0.006473,-0.048077,0.015518,-0.268463,0.963150,-22.806570,1.810785,44.220010,-0.874999,-0.198617,0.441475,-30.7839127,-3.10658075E-14,48.2449226,9.11684227,Building,Surface,2.933090,2.668839,0.645327,0.000000,-22.845680,1.807465,44.250180,355.860800,296.405800,358.030000,104.047200,98.172010,0.300000,1000.000000,0.900730,2468,2740,50.000000,off,,0,1,6.43918682E-16,1,1
1765268535579,2025-12-09 16:22:15.579,686.590400,8.239807,23,10,2,-0.018892,0.007049,-0.049223,0.018753,-0.253967,0.967026,-22.809460,1.811674,44.211410,-0.876369,-0.183811,0.445175,-31.4471092,-3.12938897E-14,48.5991364,9.85612869,Building,Surface,2.924927,2.668716,0.002475,0.000000,-22.845670,1.807552,44.250140,355.849500,296.354500,357.997000,104.047200,98.172010,0.300000,1000.000000,0.900730,2468,2740,50.000000,off,,0,1,6.43918682E-16,1,1
1765268535590,2025-12-09 16:22:15.590,686.601400,8.250793,23,10,2,-0.018892,0.007049,-0.049223,0.018753,-0.253967,0.967026,-22.809420,1.811704,44.211390,-0.876841,-0.183715,0.444284,-31.4563751,-3.12897427E-14,48.5926971,9.86144066,Building,Surface,2.924927,2.668716,0.002475,0.000000,-22.845670,1.807586,44.250090,355.843900,296.296400,357.994400,104.047200,98.172010,0.300000,1000.000000,0.900730,2468,2740,50.000000,off,,0,1,6.43918682E-16,1,1
1765268535601,2025-12-09 16:22:15.601,686.612500,8.261963,23,10,2,-0.017678,0.006973,-0.049069,0.016663,-0.256119,0.966492,-22.808930,1.811621,44.212490,-0.877985,-0.185817,0.441130,-31.3688335,-3.1238609E-14,48.5132828,9.74939823,Building,Surface,2.927505,2.669159,0.000623,0.000000,-22.845630,1.807610,44.249990,355.843400,296.228800,357.991900,104.047200,98.172010,0.300000,1000.000000,0.900730,2468,2740,50.000000,off,,0,1,6.43918682E-16,1,1
1765268535612,2025-12-09 16:22:15.612,686.623700,8.273132,23,10,2,-0.015234,0.006795,-0.048491,0.019440,-0.256119,0.966446,-22.808350,1.811382,44.214890,-0.877231,-0.185814,0.442642,-31.359911,-3.12493222E-14,48.5299225,9.74832821,Building,Surface,2.911270,2.677063,0.000626,0.000000,-22.845630,1.807598,44.249900,355.837500,296.164000,357.997700,104.047200,98.172010,0.300000,1000.000000,0.900730,2468,2740,50.000000,off,,0,1,6.43918682E-16,1,1
1765268535624,2025-12-09 16:22:15.624,686.634700,8.284119,23,10,2,-0.015234,0.006795,-0.048491,0.019440,-0.256119,0.966446,-22.808320,1.811419,44.214840,-0.877728,-0.186034,0.441564,-31.3547878,-3.12393069E-14,48.5143661,9.73700237,Building,Surface,2.911270,2.677063,0.000626,0.000000,-22.845640,1.807623,44.249810,355.850200,296.095500,357.995000,104.047200,98.172010,0.300000,1000.000000,0.900730,2468,2740,50.000000,off,,0,1,6.43918682E-16,1,1
1765268535635,2025-12-09 16:22:15.635,686.646000,8.295410,23,10,2,-0.007856,0.006339,-0.047577,0.013046,-0.263062,0.964676,-22.805930,1.810771,44.221850,-0.880026,-0.192953,0.433931,-31.0645618,-3.10974662E-14,48.2940903,9.38438892,Building,Surface,2.909622,2.763168,0.000626,0.000000,-22.845660,1.807616,44.249740,355.855700,296.023700,357.994200,104.047200,98.172010,0.300000,1000.000000,0.900730,2468,2740,50.000000,off,,0,1,6.43918682E-16,1,1
1765268535646,2025-12-09 16:22:15.646,686.657100,8.306519,23,10,2,-0.017678,0.006973,-0.049069,0.016663,-0.256119,0.966492,-22.808760,1.811665,44.212340,-0.880061,-0.186076,0.436863,-31.3771667,-3.12079735E-14,48.4657059,9.736063,Building,Surface,2.927505,2.669159,0.010083,0.000000,-22.845630,1.807643,44.249660,355.858600,295.949700,358.001000,104.047200,98.172010,0.300000,1000.000000,0.900730,2468,2740,50.000000,off,,0,1,6.43918682E-16,1,1
1765268535657,2025-12-09 16:22:15.657,686.668100,8.317505,23,10,2,-0.015234,0.006795,-0.048491,0.019440,-0.256119,0.966446,-22.808140,1.811463,44.214730,-0.879224,-0.186345,0.438444,-31.3550873,-3.12151496E-14,48.4768524,9.72097969,Building,Surface,2.911270,2.677063,0.002475,0.000000,-22.845580,1.807652,44.249570,355.868300,295.894400,357.992300,104.047200,98.172010,0.300000,1000.000000,0.900730,2468,2740,50.000000,off,,0,1,6.43918682E-16,1,1
1765268535668,2025-12-09 16:22:15.668,686.679100,8.328491,23,10,2,-0.015234,0.006795,-0.048491,0.019440,-0.256119,0.966446,-22.808110,1.811474,44.214710,-0.879772,-0.185996,0.437492,-31.3764935,-3.12143364E-14,48.4755859,9.7392807,Building,Surface,2.911270,2.677063,0.002475,0.000000,-22.845580,1.807681,44.249500,355.848100,295.829300,357.997100,104.047200,98.172010,0.300000,1000.000000,0.900730,2468,2740,50.000000,off,,0,1,6.43918682E-16,1,1
1765268535679,2025-12-09 16:22:15.679,686.690300,8.339722,23,10,2,-0.006857,0.006261,-0.047385,0.022446,-0.269135,0.962830,-22.805520,1.810835,44.222750,-0.876741,-0.199226,0.437735,-30.7745323,-3.10378351E-14,48.2014809,9.08924866,Building,Surface,2.908020,2.673553,0.000630,0.000000,-22.845620,1.807792,44.249470,355.841700,295.767700,358.006200,104.047200,98.172010,0.300000,1000.000000,0.900730,2468,2740,50.000000,off,,0,1,6.43918682E-16,1,1
1765268535690,2025-12-09 16:22:15.690,686.701200,8.350647,23,10,2,-0.000217,0.005865,-0.046617,0.019897,-0.282852,0.958954,-22.803360,1.810281,44.229030,-0.875957,-0.212592,0.433011,-30.2623844,-3.08541644E-14,47.9162445,8.51525974,Building,Surface,2.898880,2.674347,0.000630,0.000000,-22.845630,1.807832,44.249400,355.812400,295.716400,358.003300,104.047200,98.172010,0.300000,1000.000000,0.900730,2468,2740,50.000000,off,,0,1,6.43918682E-16,1,1
1765268535702,2025-12-09 16:22:15.702,686.712500,8.361938,23,10,2,-0.000217,0.005865,-0.046617,0.019897,-0.282852,0.958954,-22.803280,1.810270,44.228960,-0.876432,-0.212226,0.432228,-30.2791653,-3.08538934E-14,47.9158249,8.52989101,Building,Surface,2.898880,2.674347,0.000630,0.000000,-22.845570,1.807838,44.249290,355.791000,295.660600,358.011300,104.047200,98.172010,0.300000,1000.000000,0.900730,2468,2740,50.000000,off,,0,1,6.43918682E-16,1,1
1765268535713,2025-12-09 16:22:15.713,686.723600,8.372986,23,10,2,0.000997,0.005789,-0.046439,0.018051,-0.285584,0.958176,-22.802900,1.810177,44.230120,-0.877247,-0.214571,0.429397,-30.2035904,-3.08132019E-14,47.8526306,8.43619633,Building,Surface,2.907959,2.624649,0.009961,0.000000,-22.845570,1.807868,44.249240,355.769300,295.603900,358.011600,104.047200,98.172010,0.300000,1000.000000,0.900730,2468,2740,50.000000,off,,0,1,6.43918682E-16,1,1
1765268535724,2025-12-09 16:22:15.724,686.734700,8.384155,23,10,2,-0.001185,0.005916,-0.046679,0.021240,-0.282623,0.958984,-22.803580,1.810417,44.228000,-0.876799,-0.211529,0.431807,-30.3078537,-3.08589756E-14,47.9237175,8.55862427,Building,Surface,2.907684,2.671982,0.000626,0.000000,-22.845550,1.807930,44.249150,355.761000,295.547100,358.021000,104.047200,98.172010,0.300000,1000.000000,0.900730,2468,2740,50.000000,off,,0,1,6.43918682E-16,1,1
1765268535735,2025-12-09 16:22:15.735,686.745800,8.395203,23,10,2,-0.005600,0.006185,-0.047155,0.026093,-0.271957,0.961945,-22.804970,1.810806,44.223800,-0.876971,-0.200777,0.436566,-30.7143612,-3.10118854E-14,48.1611862,9.01889992,Building,Surface,2.884903,2.658356,0.000039,0.000000,-22.845530,1.807939,44.249100,355.757100,295.485700,358.032000,104.047200,98.172010,0.300000,1000.000000,0.900730,2468,2740,50.000000,off,,0,1,6.43918682E-16,1,1
1765268535746,2025-12-09 16:22:15.746,686.756800,8.406250,23,10,2,-0.005600,0.006185,-0.047155,0.026093,-0.271957,0.961945,-22.804920,1.810817,44.223740,-0.877298,-0.200826,0.435886,-30.7153759,-3.10072944E-14,48.1540527,9.01675224,Building,Surface,2.884903,2.658356,0.000039,0.000000,-22.845500,1.807949,44.249010,355.760400,295.435300,358.054100,104.047200,98.172010,0.300000,1000.000000,0.900730,2468,2740,50.000000,off,,0,1,6.43918682E-16,1,1
1765268535757,2025-12-09 16:22:15.757,686.768000,8.417419,23,10,2,0.000997,0.005789,-0.046439,0.018051,-0.285584,0.958176,-22.802700,1.810236,44.229990,-0.878850,-0.214558,0.426113,-30.2175999,-3.07954888E-14,47.825119,8.43698311,Building,Surface,2.907959,2.624649,0.000010,0.000000,-22.845440,1.807927,44.248940,355.768900,295.376900,358.055000,104.047200,98.172010,0.300000,1000.000000,0.900730,2468,2740,50.000000,off,,0,1,6.43918682E-16,1,1
1765268535768,2025-12-09 16:22:15.768,686.779100,8.428467,23,10,2,-0.001185,0.005916,-0.046679,0.021240,-0.282623,0.958984,-22.803330,1.810408,44.227910,-0.878396,-0.211633,0.428497,-30.3175392,-3.08395006E-14,47.8934708,8.55437374,Building,Surface,2.907684,2.671982,0.000623,0.000000,-22.845390,1.807916,44.248900,355.767600,295.321400,358.056500,104.047200,98.172010,0.300000,1000.000000,0.900730,2468,2740,50.000000,off,,0,1,6.43918682E-16,1,1
1765268535779,2025-12-09 16:22:15.779,686.790200,8.439575,23,10,2,-0.001185,0.005916,-0.046679,0.021240,-0.282623,0.958984,-22.803240,1.810468,44.227920,-0.878798,-0.211755,0.427612,-30.3168011,-3.08333545E-14,47.8839264,8.54973125,Building,Surface,2.907684,2.671982,0.000623,0.000000,-22.845320,1.807970,44.248860,355.774600,295.267300,358.046400,104.047200,98.172010,0.300000,1000.000000,0.900730,2468,2740,50.000000,off,,0,1,6.43918682E-16,1,1
1765268535790,2025-12-09 16:22:15.790,686.801200,8.450623,23,10,2,-0.001969,0.005970,-0.046742,0.025940,-0.279266,0.959854,-22.803440,1.810565,44.227160,-0.877694,-0.208232,0.431596,-30.4349308,-3.0895127E-14,47.9798584,8.69486618,Building,Surface,2.896286,2.632065,0.002490,0.000000,-22.845260,1.808005,44.248810,355.758500,295.226000,358.039800,104.047200,98.172010,0.300000,1000.000000,0.900730,2468,2740,50.000000,off,,0,1,6.43918682E-16,1,1
1765268535801,2025-12-09 16:22:15.801,686.812500,8.461914,23,10,2,0.000975,0.005772,-0.046294,0.024704,-0.289429,0.956879,-22.802520,1.810335,44.229990,-0.876772,-0.218158,0.428572,-30.0782127,-3.07705521E-14,47.7863998,8.29825783,Building,Surface,2.890198,2.626160,0.000010,0.000000,-22.845190,1.808058,44.248750,355.735900,295.185200,358.026800,104.047200,98.172010,0.300000,1000.000000,0.900730,2468,2740,50.000000,off,,0,1,6.43918682E-16,1,1
1765268535812,2025-12-09 16:22:15.812,686.823500,8.472900,23,10,2,0.002198,0.005691,-0.046115,0.022064,-0.292389,0.956039,-22.802130,1.810273,44.231160,-0.877692,-0.220720,0.425359,-30.0006733,-3.07276787E-14,47.7198105,8.20163441,Building,Surface,2.912796,2.626373,0.000623,0.000000,-22.845150,1.808122,44.248720,355.714800,295.152500,358.026500,104.047200,98.172010,0.300000,1000.000000,0.900730,2468,2740,50.000000,off,,0,1,6.43918682E-16,1,1
1765268535823,2025-12-09 16:22:15.823,686.834700,8.484070,23,10,2,0.002198,0.005691,-0.046115,0.022064,-0.292389,0.956039,-22.802030,1.810335,44.231200,-0.878094,-0.220213,0.424789,-30.0207062,-3.07299386E-14,47.7233238,8.22078896,Building,Surface,2.912796,2.626373,0.000623,0.000000,-22.845070,1.808209,44.248730,355.685000,295.114100,358.020100,104.047200,98.172010,0.300000,1000.000000,0.900730,2468,2740,50.000000,off,,0,1,6.43918682E-16,1,1
1765268535835,2025-12-09 16:22:15.835,686.845800,8.495239,23,10,2,-0.018710,0.006939,-0.048499,0.039719,-0.250702,0.967239,-22.808520,1.812155,44.211250,-0.877649,-0.178098,0.444966,-31.7386341,-3.13838243E-14,48.7388,10.1749496,Building,Surface,2.886108,2.640762,0.002475,0.000000,-22.845010,1.808261,44.248710,355.665300,295.077500,358.020700,104.047200,98.172010,0.300000,1000.000000,0.900730,2468,2740,50.000000,off,,0,1,6.43918682E-16,1,1
1765268535846,2025-12-09 16:22:15.846,686.856900,8.506287,23,10,2,0.000975,0.005772,-0.046294,0.024704,-0.289429,0.956879,-22.802230,1.810513,44.230030,-0.878205,-0.216575,0.426436,-30.1438122,-3.07760477E-14,47.7949295,8.35973549,Building,Surface,2.890198,2.626160,0.000010,0.000000,-22.844940,1.808312,44.248690,355.642900,295.039000,358.016400,104.047200,98.172010,0.300000,1000.000000,0.900730,2468,2740,50.000000,off,,0,1,6.43918682E-16,1,1
1765268535857,2025-12-09 16:22:15.857,686.867900,8.517334,23,10,2,0.002198,0.005691,-0.046115,0.022064,-0.292389,0.956039,-22.801800,1.810444,44.231200,-0.879070,-0.219228,0.423278,-30.0613937,-3.07321409E-14,47.7267418,8.25822544,Building,Surface,2.912796,2.626373,0.000157,0.000000,-22.844870,1.808366,44.248660,355.627100,295.010200,358.017500,104.047200,98.172010,0.300000,1000.000000,0.900730,2468,2740,50.000000,off,,0,1,6.43918682E-16,1,1
1765268535868,2025-12-09 16:22:15.868,686.879100,8.528503,23,10,2,0.002198,0.005691,-0.046115,0.022064,-0.292389,0.956039,-22.801700,1.810457,44.231200,-0.879351,-0.219092,0.422765,-30.0681801,-3.07308229E-14,47.7246971,8.26341438,Building,Surface,2.912796,2.626373,0.000157,0.000000,-22.844780,1.808384,44.248630,355.619000,294.977900,358.010900,104.047200,98.172010,0.300000,1000.000000,0.900730,2468,2740,50.000000,off,,0,1,6.43918682E-16,1,1
1765268535879,2025-12-09 16:22:15.879,686.890100,8.539551,23,10,2,-0.014952,0.006710,-0.048050,0.040695,-0.257736,0.965347,-22.806930,1.811949,44.214810,-0.877342,-0.184256,0.443059,-31.4345894,-3.1276285E-14,48.5717926,9.83377075,Building,Surface,2.886108,2.640884,0.000039,0.000000,-22.844670,1.808423,44.248580,355.604500,294.948700,357.993700,104.047200,98.172010,0.300000,1000.000000,0.900730,2468,2740,50.000000,off,,0,1,6.43918682E-16,1,1
1765268535890,2025-12-09 16:22:15.890,686.901200,8.550598,23,10,2,-0.013384,0.006609,-0.047853,0.043137,-0.260315,0.964554,-22.806360,1.811834,44.216300,-0.876007,-0.187123,0.444507,-31.2883625,-3.12431084E-14,48.5202713,9.68253422,Building,Surface,2.887299,2.625031,0.000039,0.000000,-22.844580,1.808439,44.248550,355.612900,294.923900,357.983000,104.047200,98.172010,0.300000,1000.000000,0.900730,2468,2740,50.000000,off,,0,1,6.43918682E-16,1,1
1765268535902,2025-12-09 16:22:15.902,686.912400,8.561768,23,10,2,-0.013384,0.006609,-0.047853,0.043137,-0.260315,0.964554,-22.806230,1.811878,44.216290,-0.876248,-0.187371,0.443926,-31.2795486,-3.12358849E-14,48.5090523,9.66994762,Building,Surface,2.887299,2.625031,0.000039,0.000000,-22.844470,1.808466,44.248520,355.626600,294.893700,357.958500,104.047200,98.172010,0.300000,1000.000000,0.900730,2468,2740,50.000000,off,,0,1,6.43918682E-16,1,1
1765268535913,2025-12-09 16:22:15.913,686.923500,8.572937,23,10,2,-0.013099,0.006595,-0.047828,0.047073,-0.262329,0.963821,-22.806060,1.811918,44.216580,-0.874420,-0.189669,0.446542,-31.1594372,-3.12187342E-14,48.4824142,9.55297852,Building,Surface,2.889191,2.640137,0.000623,0.000000,-22.844420,1.808522,44.248510,355.632100,294.852400,357.955700,104.047200,98.172010,0.300000,1000.000000,0.900730,2468,2740,50.000000,off,,0,1,6.43918682E-16,1,1
1765268535924,2025-12-09 16:22:15.924,686.934700,8.584106,23,10,2,-0.005667,0.006147,-0.046919,0.046021,-0.282745,0.958084,-22.803720,1.811314,44.223660,-0.871717,-0.210294,0.442576,-30.3120384,-3.09310683E-14,48.0356712,8.61319351,Building,Surface,2.886627,2.623215,0.000623,0.000000,-22.844340,1.808566,44.248440,355.625000,294.813200,357.953000,104.047200,98.172010,0.300000,1000.000000,0.900730,2468,2740,50.000000,off,,0,1,6.43918682E-16,1,1
1765268535935,2025-12-09 16:22:15.935,686.945800,8.595215,23,10,2,-0.006663,0.006220,-0.047048,0.046967,-0.285996,0.957062,-22.803890,1.811437,44.222680,-0.871102,-0.213238,0.442355,-30.2038136,-3.0895503E-14,47.980442,8.49476814,Building,Surface,2.876038,2.637604,0.000158,0.000000,-22.844240,1.808610,44.248380,355.601300,294.767100,357.955700,104.047200,98.172010,0.300000,1000.000000,0.900730,2468,2740,50.000000,off,,0,1,6.43918682E-16,1,1
1765268535946,2025-12-09 16:22:15.946,686.957000,8.606384,23,10,2,-0.006663,0.006220,-0.047048,0.046967,-0.285996,0.957062,-22.803740,1.811445,44.222680,-0.871547,-0.212459,0.441853,-30.2346325,-3.09016322E-14,47.9899597,8.52595139,Building,Surface,2.876038,2.637604,0.000158,0.000000,-22.844110,1.808659,44.248360,355.556400,294.722700,357.978800,104.047200,98.172010,0.300000,1000.000000,0.900730,2468,2740,50.000000,off,,0,1,6.43918682E-16,1,1
1765268535958,2025-12-09 16:22:15.958,686.968000,8.617371,23,10,2,0.002335,0.005690,-0.046034,0.043747,-0.305481,0.951187,-22.800900,1.810757,44.231320,-0.869673,-0.231640,0.435892,-29.5992355,-3.06754744E-14,47.6387405,7.81707764,Building,Surface,2.914597,2.616043,0.000157,0.000000,-22.844060,1.808764,44.248370,355.522600,294.678500,357.983000,104.047200,98.172010,0.300000,1000.000000,0.900730,2468,2740,50.000000,off,,0,1,6.43918682E-16,1,1
1765268535969,2025-12-09 16:22:15.969,686.979000,8.628418,23,10,2,-0.005667,0.006147,-0.046919,0.046021,-0.282745,0.958084,-22.803270,1.811454,44.223660,-0.873488,-0.208060,0.440135,-30.4081974,-3.09439296E-14,48.0556488,8.70635509,Building,Surface,2.886627,2.623215,0.009900,0.000000,-22.843970,1.808816,44.248310,355.495100,294.631300,357.982300,104.047200,98.172010,0.300000,1000.000000,0.900730,2468,2740,50.000000,off,,0,1,6.43918682E-16,1,1
1765268535980,2025-12-09 16:22:15.980,686.990200,8.639587,23,10,2,-0.005667,0.006147,-0.046919,0.046021,-0.282745,0.958084,-22.803200,1.811392,44.223600,-0.874043,-0.207562,0.439267,-30.4309559,-3.09448478E-14,48.0570755,8.72694302,Building,Surface,2.886627,2.623215,0.009900,0.000000,-22.843930,1.808778,44.248210,355.466000,294.570400,357.986100,104.047200,98.172010,0.300000,1000.000000,0.900730,2468,2740,50.000000,off,,0,1,6.43918682E-16,1,1
1765268535990,2025-12-09 16:22:15.990,687.001200,8.650635,23,10,2,-0.006663,0.006220,-0.047048,0.046967,-0.285996,0.957062,-22.803360,1.811481,44.222580,-0.873445,-0.210625,0.438972,-30.3154144,-3.09067821E-14,47.9979553,8.6003561,Building,Surface,2.876038,2.637604,0.002475,0.000000,-22.843820,1.808784,44.248110,355.449200,294.520000,357.987800,104.047200,98.172010,0.300000,1000.000000,0.900730,2468,2740,50.000000,off,,0,1,6.43918682E-16,1,1
1765268536001,2025-12-09 16:22:16.001,687.012300,8.661743,23,10,2,0.005528,0.005488,-0.045618,0.046860,-0.312317,0.948807,-22.799630,1.810490,44.234230,-0.868758,-0.237619,0.434476,-29.4189548,-3.06148742E-14,47.544632,7.61919403,Building,Surface,2.917343,2.632263,0.000619,0.000000,-22.843770,1.808831,44.248030,355.455700,294.458700,357.973800,104.047200,98.172010,0.300000,1000.000000,0.900730,2468,2740,50.000000,off,,0,1,6.43918682E-16,1,1
1765268536012,2025-12-09 16:22:16.012,687.023300,8.672668,23,10,2,-0.001117,0.005907,-0.046477,0.049622,-0.299957,0.952652,-22.801450,1.811072,44.227790,-0.870569,-0.225170,0.437483,-29.8035564,-3.07448769E-14,47.7465286,8.04306412,Building,Surface,2.915222,2.633408,0.002475,0.000000,-22.843700,1.808827,44.247950,355.459700,294.389400,357.967500,104.047200,98.172010,0.300000,1000.000000,0.900730,2468,2740,50.000000,off,,0,1,6.43918682E-16,1,1
1765268536023,2025-12-09 16:22:16.023,687.034500,8.683899,23,10,2,-0.001117,0.005907,-0.046477,0.049622,-0.299957,0.952652,-22.801350,1.811101,44.227710,-0.871006,-0.225315,0.436536,-29.8025742,-3.07385004E-14,47.736618,8.03801155,Building,Surface,2.915222,2.633408,0.002475,0.000000,-22.843630,1.808849,44.247820,355.469500,294.318400,357.998800,104.047200,98.172010,0.300000,1000.000000,0.900730,2468,2740,50.000000,off,,0,1,6.43918682E-16,1,1
1765268536034,2025-12-09 16:22:16.034,687.045700,8.695068,23,10,2,0.004276,0.005561,-0.045796,0.048416,-0.309769,0.949570,-22.799770,1.810656,44.232900,-0.869995,-0.235302,0.433272,-29.4944115,-3.06292433E-14,47.5669441,7.69496393,Building,Surface,2.904892,2.632751,0.010022,0.000000,-22.843620,1.808879,44.247760,355.470700,294.253200,358.015900,104.047200,98.172010,0.300000,1000.000000,0.900730,2468,2740,50.000000,off,,0,1,6.43918682E-16,1,1
1765268536046,2025-12-09 16:22:16.046,687.056700,8.706116,23,9,2,-0.025612,0.007934,-0.050379,-0.058792,-0.165024,0.984528,-32.407470,1.813698,48.903710,-0.933390,-0.084338,0.348789,-51.8125801,0.0603173375,56.1550064,20.7897549,Building,Surface,3.182938,2.831802,0.000157,0.000000,-32.443540,1.808906,48.947680,355.453200,294.198300,358.022900,104.047200,98.172010,0.300000,1000.000000,0.900730,2468,2740,50.000000,off,,0.909955382,0,-0.414706051,1,1
1765268536056,2025-12-09 16:22:16.056,687.067600,8.717041,23,9,2,-0.025612,0.007934,-0.050379,-0.058792,-0.165024,0.984528,-32.407360,1.813750,48.903690,-0.933813,-0.084124,0.347708,-51.8226013,0.0646975935,56.1330147,20.7911987,Building,Surface,3.182938,2.831802,0.000157,0.000000,-32.443480,1.808970,48.947610,355.440700,294.131100,358.024900,104.047200,98.172010,0.300000,1000.000000,0.900730,2468,2740,50.000000,off,,0.909955382,0,-0.414706051,1,1
1765268536068,2025-12-09 16:22:16.068,687.078800,8.728210,23,9,2,-0.001117,0.005907,-0.046477,0.049622,-0.299957,0.952652,-32.401030,1.811238,48.927620,-0.872965,-0.224489,0.433036,-39.4443359,-3.37551608E-14,52.4214706,8.06820393,Building,Surface,2.915222,2.633408,0.000039,0.000000,-32.443390,1.809025,48.947540,355.422200,294.072800,358.032500,104.047200,98.172010,0.300000,1000.000000,0.900730,2468,2740,50.000000,off,,0,1,6.43918682E-16,1,1
1765268536079,2025-12-09 16:22:16.079,687.090000,8.739380,23,9,2,0.004276,0.005561,-0.045796,0.048416,-0.309769,0.949570,-32.399450,1.810869,48.932790,-0.872048,-0.234288,0.429679,-39.1397171,-3.36472488E-14,52.2538834,7.72917604,Building,Surface,2.904892,2.632751,0.000010,0.000000,-32.443370,1.809139,48.947450,355.411600,294.005300,358.031700,104.047200,98.172010,0.300000,1000.000000,0.900730,2468,2740,50.000000,off,,0,1,6.43918682E-16,1,1
1765268536090,2025-12-09 16:22:16.090,687.101000,8.750427,23,9,2,-0.026048,0.007821,-0.049688,-0.066834,-0.159149,0.984985,-32.407810,1.813871,48.903410,-0.938117,-0.077167,0.337599,-51.917675,0.209041864,55.9244003,20.7967434,Building,Surface,2.953674,2.814255,0.002445,0.000000,-32.443260,1.809172,48.947350,355.395500,293.950300,358.020100,104.047200,98.172010,0.300000,1000.000000,0.900730,2468,2740,50.000000,off,,0.909955382,0,-0.414706051,1,1
1765268536101,2025-12-09 16:22:16.101,687.112100,8.761475,23,9,2,-0.026048,0.007821,-0.049688,-0.066834,-0.159149,0.984985,-32.407670,1.813918,48.903320,-0.938558,-0.076992,0.336411,-51.9286613,0.212565631,55.9003029,20.7988262,Building,Surface,2.953674,2.814255,0.002445,0.000000,-32.443160,1.809222,48.947210,355.386200,293.879200,358.009100,104.047200,98.172010,0.300000,1000.000000,0.900730,2468,2740,50.000000,off,,0.909955382,0,-0.414706051,1,1
1765268536112,2025-12-09 16:22:16.112,687.123200,8.772644,23,9,2,-0.009857,0.007005,-0.048020,-0.132309,-0.136383,0.981766,-32.402610,1.812716,48.918770,-0.960253,-0.052164,0.274159,-53.2787361,0.678658485,54.8790512,21.7399063,Building,Surface,3.035187,2.605133,0.002445,0.000000,-32.443060,1.809268,48.947130,355.377700,293.817400,358.011800,104.047200,98.172010,0.300000,1000.000000,0.900730,2468,2740,50.000000,off,,0.59517926,0,-0.803592861,1,1
1765268536123,2025-12-09 16:22:16.123,687.134300,8.783691,23,9,2,0.001048,0.006308,-0.046524,-0.131821,-0.175598,0.975586,-32.399530,1.811848,48.929320,-0.958207,-0.091633,0.270964,-51.346035,-3.495645E-14,54.2870598,19.7726669,Building,Surface,2.997482,2.742752,0.000039,0.000000,-32.442950,1.809355,48.947040,355.370500,293.745400,358.016900,104.047200,98.172010,0.300000,1000.000000,0.900730,2468,2740,50.000000,off,,0,1,6.43918682E-16,1,1
1765268536135,2025-12-09 16:22:16.135,687.145500,8.794922,23,9,2,0.009778,0.005797,-0.045696,-0.123489,-0.158066,0.979660,-32.396670,1.811126,48.937620,-0.957370,-0.073848,0.279208,-53.134758,0.211466566,54.9856873,21.6611691,Building,Surface,3.073746,2.801315,0.009779,0.000000,-32.442790,1.809390,48.946960,355.355200,293.685500,358.010700,104.047200,98.172010,0.300000,1000.000000,0.900730,2468,2740,50.000000,off,,0.59517926,0,-0.803592861,1,1
1765268536145,2025-12-09 16:22:16.145,687.156500,8.805908,23,9,2,0.009778,0.005797,-0.045696,-0.123489,-0.158066,0.979660,-32.396540,1.811112,48.937600,-0.957746,-0.073392,0.278037,-53.1616364,0.219884798,54.9657784,21.6808739,Building,Surface,3.073746,2.801315,0.009779,0.000000,-32.442680,1.809397,48.946890,355.328900,293.614800,358.009500,104.047200,98.172010,0.300000,1000.000000,0.900730,2468,2740,50.000000,off,,0.59517926,0,-0.803592861,1,1
1765268536157,2025-12-09 16:22:16.157,687.167500,8.816956,23,9,2,0.006365,0.006001,-0.046099,-0.126343,-0.160660,0.978882,-32.397440,1.811416,48.934290,-0.958718,-0.075859,0.274026,-53.2556992,0.160996929,54.8961105,21.7562389,Building,Surface,3.040100,2.795395,0.009779,0.000000,-32.442620,1.809416,48.946810,355.325700,293.551400,357.998400,104.047200,98.172010,0.300000,1000.000000,0.900730,2468,2740,50.000000,off,,0.59517926,0,-0.803592861,1,1
1765268536168,2025-12-09 16:22:16.168,687.178600,8.828064,23,9,2,0.001048,0.006308,-0.046524,-0.131821,-0.175598,0.975586,-32.399010,1.811899,48.929210,-0.959543,-0.090870,0.266457,-51.5317764,-3.49275764E-14,54.2422142,19.9392567,Building,Surface,2.997482,2.742752,0.009901,0.000000,-32.442510,1.809439,48.946730,355.332900,293.482600,357.969200,104.047200,98.172010,0.300000,1000.000000,0.900730,2468,2740,50.000000,off,,0,1,6.43918682E-16,1,1
1765268536179,2025-12-09 16:22:16.179,687.189800,8.839233,23,9,2,0.001048,0.006308,-0.046524,-0.131821,-0.175598,0.975586,-32.398910,1.811882,48.929130,-0.959907,-0.090684,0.265206,-51.5780182,-3.49184183E-14,54.227993,19.979969,Building,Surface,2.997482,2.742752,0.009901,0.000000,-32.442430,1.809428,48.946590,355.325100,293.411400,357.947100,104.047200,98.172010,0.300000,1000.000000,0.900730,2468,2740,50.000000,off,,0,1,6.43918682E-16,1,1
1765268536190,2025-12-09 16:22:16.190,687.200900,8.850281,23,9,2,0.009778,0.005797,-0.045696,-0.123489,-0.158066,0.979660,-32.396190,1.811177,48.937470,-0.959144,-0.072912,0.273302,-53.2701874,0.224382132,54.8853836,21.7627926,Building,Surface,3.073746,2.801315,0.009961,0.000000,-32.442370,1.809489,48.946530,355.310900,293.342600,357.934200,104.047200,98.172010,0.300000,1000.000000,0.900730,2468,2740,50.000000,off,,0.59517926,0,-0.803592861,1,1
1765268536201,2025-12-09 16:22:16.201,687.212200,8.861572,23,9,2,0.007068,0.005875,-0.045725,-0.133484,-0.165497,0.977127,-32.397080,1.811370,48.935000,-0.961729,-0.079745,0.262113,-53.5283279,0.0592010282,54.6941833,21.9719849,Building,Surface,3.105942,2.801971,0.000623,0.000000,-32.442230,1.809530,48.946510,355.287300,293.282800,357.930200,104.047200,98.172010,0.300000,1000.000000,0.900730,2468,2740,50.000000,off,,0.59517926,0,-0.803592861,1,1
1765268536213,2025-12-09 16:22:16.213,687.223300,8.872681,23,9,2,0.005216,0.005990,-0.045966,-0.127274,-0.166840,0.977722,-32.397460,1.811549,48.933180,-0.960252,-0.081001,0.267076,-53.4143219,0.0386947468,54.7786255,21.8865414,Building,Surface,2.999222,2.791245,0.009962,0.000000,-32.442130,1.809560,48.946440,355.272900,293.224400,357.926900,104.047200,98.172010,0.300000,1000.000000,0.900730,2468,2740,50.000000,off,,0.59517926,0,-0.803592861,1,1
1765268536223,2025-12-09 16:22:16.223,687.234300,8.883667,23,9,2,0.005216,0.005990,-0.045966,-0.127274,-0.166840,0.977722,-32.397290,1.811592,48.933210,-0.960602,-0.080735,0.265897,-53.4416962,0.0428884402,54.7583542,21.9072514,Building,Surface,2.999222,2.791245,0.009962,0.000000,-32.441990,1.809614,48.946420,355.257800,293.153900,357.924700,104.047200,98.172010,0.300000,1000.000000,0.900730,2468,2740,50.000000,off,,0.59517926,0,-0.803592861,1,1
1765268536234,2025-12-09 16:22:16.234,687.245300,8.894714,23,9,2,0.006478,0.005902,-0.045788,-0.121643,-0.168610,0.978134,-32.396850,1.811484,48.934390,-0.959236,-0.082613,0.270210,-53.3397522,0.00780280679,54.8338585,21.8325882,Building,Surface,3.028152,2.790268,0.158410,0.000000,-32.441880,1.809627,48.946330,355.254300,293.092000,357.927300,104.047200,98.172010,0.300000,1000.000000,0.900730,2468,2740,50.000000,off,,0.59517926,0,-0.803592861,1,1
1765268536246,2025-12-09 16:22:16.246,687.256500,8.905884,23,9,2,-0.003206,0.006481,-0.046972,-0.111206,-0.160782,0.980698,-32.399330,1.812313,48.924990,-0.957099,-0.074692,0.279944,-53.1306381,0.194441959,54.988739,21.6604156,Building,Surface,3.003662,2.784744,0.000154,0.000000,-32.441750,1.809640,48.946250,355.239800,293.041700,357.908500,104.047200,98.172010,0.300000,1000.000000,0.900730,2468,2740,50.000000,off,,0.59517926,0,-0.803592861,1,1
1765268536257,2025-12-09 16:22:16.257,687.267500,8.916931,23,9,2,-0.003206,0.006481,-0.046972,-0.111206,-0.160782,0.980698,-32.399120,1.812301,48.924980,-0.957458,-0.074483,0.278769,-53.1574516,0.197459549,54.9688797,21.6805134,Building,Surface,3.003662,2.784744,0.000154,0.000000,-32.441570,1.809636,48.946190,355.229800,292.973900,357.890700,104.047200,98.172010,0.300000,1000.000000,0.900730,2468,2740,50.000000,off,,0.59517926,0,-0.803592861,1,1
1765268536268,2025-12-09 16:22:16.268,687.278600,8.928040,23,9,2,-0.011147,0.006972,-0.047972,-0.097488,-0.153763,0.983276,-32.401080,1.813016,48.917270,-0.954242,-0.067650,0.291248,-52.8863564,0.360733688,55.1696625,21.4673691,Building,Surface,3.065643,2.793869,0.002475,0.000000,-32.441450,1.809655,48.946140,355.224300,292.906400,357.870300,104.047200,98.172010,0.300000,1000.000000,0.900730,2468,2740,50.000000,off,,0.59517926,0,-0.803592861,1,1
1765268536279,2025-12-09 16:22:16.279,687.289800,8.939209,23,9,2,0.006478,0.005902,-0.045788,-0.121643,-0.168610,0.978134,-32.396210,1.811497,48.934370,-0.960520,-0.081866,0.265841,-53.4409828,0.017831957,54.7588882,21.9094601,Building,Surface,3.028152,2.790268,0.009961,0.000000,-32.441290,1.809676,48.946090,355.221500,292.843300,357.845600,104.047200,98.172010,0.300000,1000.000000,0.900730,2468,2740,50.000000,off,,0.59517926,0,-0.803592861,1,1
1765268536290,2025-12-09 16:22:16.290,687.300900,8.950317,23,9,2,-0.003206,0.006481,-0.046972,-0.111206,-0.160782,0.980698,-32.398610,1.812340,48.924970,-0.958516,-0.073978,0.275246,-53.2380409,0.203958437,54.9091873,21.7411976,Building,Surface,3.003662,2.784744,0.040087,0.000000,-32.441130,1.809688,48.946030,355.209000,292.773500,357.819700,104.047200,98.172010,0.300000,1000.000000,0.900730,2468,2740,50.000000,off,,0.59517926,0,-0.803592861,1,1
1765268536301,2025-12-09 16:22:16.301,687.312100,8.961487,23,9,2,-0.003206,0.006481,-0.046972,-0.111206,-0.160782,0.980698,-32.398480,1.812310,48.924960,-0.958892,-0.073766,0.273989,-53.2669144,0.206935078,54.8878059,21.7629128,Building,Surface,3.003662,2.784744,0.040087,0.000000,-32.441020,1.809665,48.945970,355.198700,292.700600,357.802900,104.047200,98.172010,0.300000,1000.000000,0.900730,2468,2740,50.000000,off,,0.59517926,0,-0.803592861,1,1
1765268536312,2025-12-09 16:22:16.312,687.323100,8.972534,23,9,2,-0.013666,0.007120,-0.048279,-0.093506,-0.150848,0.984116,-32.401020,1.813277,48.914760,-0.954778,-0.064259,0.290261,-52.9123688,0.432810515,55.1503944,21.4826527,Building,Surface,3.079803,2.785110,0.000157,0.000000,-32.440870,1.809705,48.945870,355.198500,292.616100,357.801200,104.047200,98.172010,0.300000,1000.000000,0.900730,2468,2740,50.000000,off,,0.59517926,0,-0.803592861,1,1
1765268536323,2025-12-09 16:22:16.323,687.334200,8.983582,23,9,2,-0.022502,0.007683,-0.049432,-0.078018,-0.146225,0.986160,-32.403080,1.814103,48.906100,-0.950681,-0.060020,0.304276,-52.6107521,0.538318098,55.3737907,21.2557907,Building,Surface,3.063965,2.783478,0.000157,0.000000,-32.440730,1.809722,48.945760,355.197400,292.554000,357.776500,104.047200,98.172010,0.300000,1000.000000,0.900730,2468,2740,50.000000,off,,0.59517926,0,-0.803592861,1,1
1765268536334,2025-12-09 16:22:16.334,687.345400,8.994812,23,9,2,-0.022502,0.007683,-0.049432,-0.078018,-0.146225,0.986160,-32.402880,1.814191,48.906100,-0.951130,-0.060064,0.302860,-52.641983,0.536089063,55.3506584,21.2787914,Building,Surface,3.063965,2.783478,0.000157,0.000000,-32.440580,1.809801,48.945700,355.201000,292.470700,357.762600,104.047200,98.172010,0.300000,1000.000000,0.900730,2468,2740,50.000000,off,,0.59517926,0,-0.803592861,1,1
1765268536345,2025-12-09 16:22:16.345,687.356400,9.005798,23,9,2,-0.021412,0.007604,-0.049283,-0.081848,-0.146713,0.985779,-32.402460,1.814132,48.907100,-0.952674,-0.060134,0.297959,-52.7496643,0.529790342,55.2709084,21.3578148,Building,Surface,3.094635,2.784561,0.160355,0.000000,-32.440480,1.809852,48.945590,355.186500,292.401900,357.731400,104.047200,98.172010,0.300000,1000.000000,0.900730,2468,2740,50.000000,off,,0.59517926,0,-0.803592861,1,1
1765268536357,2025-12-09 16:22:16.357,687.367600,9.016968,23,9,2,-0.016834,0.007305,-0.048689,-0.086716,-0.147751,0.985199,-32.401090,1.813799,48.911500,-0.954576,-0.060974,0.291605,-52.8866425,0.505274415,55.1694489,21.4600143,Building,Surface,3.093674,2.785004,0.002475,0.000000,-32.440320,1.809937,48.945460,355.186500,292.308700,357.700500,104.047200,98.172010,0.300000,1000.000000,0.900730,2468,2740,50.000000,off,,0.59517926,0,-0.803592861,1,1
1765268536368,2025-12-09 16:22:16.368,687.378600,9.028015,23,9,2,-0.002185,0.006376,-0.046805,-0.095154,-0.160873,0.982376,-32.397290,1.812498,48.925640,-0.956969,-0.073962,0.280602,-53.1148529,0.211284041,55.0004349,21.6491108,Building,Surface,3.112488,2.796997,0.002475,0.000000,-32.440250,1.809984,48.945250,355.191300,292.191000,357.666900,104.047200,98.172010,0.300000,1000.000000,0.900730,2468,2740,50.000000,off,,0.59517926,0,-0.803592861,1,1
1765268536379,2025-12-09 16:22:16.379,687.389900,9.039307,23,9,2,-0.002185,0.006376,-0.046805,-0.095154,-0.160873,0.982376,-32.397130,1.812511,48.925520,-0.957912,-0.073833,0.277399,-53.1879654,0.210015595,54.9462814,21.7042923,Building,Surface,3.112488,2.796997,0.002475,0.000000,-32.440160,1.810002,48.944980,355.185100,292.000900,357.654900,104.047200,98.172010,0.300000,1000.000000,0.900730,2468,2740,50.000000,off,,0.59517926,0,-0.803592861,1,1
1765268536390,2025-12-09 16:22:16.390,687.400800,9.050232,23,9,2,-0.021412,0.007604,-0.049283,-0.081848,-0.146713,0.985779,-32.401700,1.814408,48.906520,-0.955778,-0.060541,0.287761,-52.9782448,0.511046171,55.1016083,21.5284004,Building,Surface,3.094635,2.784561,0.000619,0.000000,-32.440120,1.810050,48.944600,355.221300,291.808700,357.602500,104.047200,98.172010,0.300000,1000.000000,0.900730,2468,2740,50.000000,off,,0.59517926,0,-0.803592861,1,1
1765268536401,2025-12-09 16:22:16.401,687.412000,9.061462,23,9,2,-0.016834,0.007305,-0.048689,-0.086716,-0.147751,0.985199,-32.400440,1.813997,48.910670,-0.958539,-0.062044,0.278066,-53.1930847,0.468137622,54.942482,21.6916618,Building,Surface,3.093674,2.785004,0.009840,0.000000,-32.440140,1.810034,48.944070,355.260500,291.518400,357.568200,104.047200,98.172010,0.300000,1000.000000,0.900730,2468,2740,50.000000,off,,0.59517926,0,-0.803592861,1,1
1765268536412,2025-12-09 16:22:16.412,687.423000,9.072388,23,9,2,-0.016834,0.007305,-0.048689,-0.086716,-0.147751,0.985199,-32.400280,1.814075,48.910300,-0.959909,-0.062622,0.273168,-53.3052826,0.45028615,54.8593864,21.7777576,Building,Surface,3.093674,2.785004,0.009840,0.000000,-32.440150,1.810069,48.943500,355.297600,291.232500,357.527600,104.047200,98.172010,0.300000,1000.000000,0.900730,2468,2740,50.000000,off,,0.59517926,0,-0.803592861,1,1
1765268536423,2025-12-09 16:22:16.423,687.434200,9.083618,23,9,2,-0.001986,0.006382,-0.046895,-0.093796,-0.157166,0.983093,-32.396620,1.812696,48.924360,-0.963198,-0.072471,0.258784,-53.619812,0.215863243,54.6264305,22.0337811,Building,Surface,3.103455,2.800049,0.009839,0.000000,-32.440190,1.810070,48.942760,355.335300,290.825300,357.501200,104.047200,98.172010,0.300000,1000.000000,0.900730,2468,2740,50.000000,off,,0.59517926,0,-0.803592861,1,1
1765268536434,2025-12-09 16:22:16.434,687.445300,9.094666,23,9,2,0.000991,0.006181,-0.046463,-0.097214,-0.162888,0.981827,-32.395930,1.812485,48.926750,-0.965791,-0.079323,0.246825,-53.8964005,0.046593897,54.4215736,22.2616653,Building,Surface,3.108505,2.817307,0.157429,0.000000,-32.440250,1.810094,48.941840,355.407900,290.342500,357.470300,104.047200,98.172010,0.300000,1000.000000,0.900730,2468,2740,50.000000,off,,0.59517926,0,-0.803592861,1,1
1765268536446,2025-12-09 16:22:16.446,687.456400,9.105774,23,9,2,0.002163,0.006111,-0.046325,-0.086685,-0.168503,0.981873,-32.395680,1.812420,48.927230,-0.965430,-0.086464,0.245865,-52.6326027,-3.48237301E-14,54.0809441,20.9613552,Building,Surface,3.092270,2.832901,0.039601,0.000000,-32.440420,1.810084,48.940670,355.481000,289.722000,357.362400,104.047200,98.172010,0.300000,1000.000000,0.900730,2468,2740,50.000000,off,,0,1,6.43918682E-16,1,1
1765268536457,2025-12-09 16:22:16.457,687.467500,9.116882,23,9,2,0.002163,0.006111,-0.046325,-0.086685,-0.168503,0.981873,-32.395650,1.812433,48.926510,-0.968338,-0.087457,0.233781,-52.4632072,-3.46243555E-14,53.7713203,20.7235031,Building,Surface,3.092270,2.832901,0.039601,0.000000,-32.440560,1.810046,48.939400,355.549600,289.027100,357.244800,104.047200,98.172010,0.300000,1000.000000,0.900730,2468,2740,50.000000,off,,0,1,6.43918682E-16,1,1
1765268536468,2025-12-09 16:22:16.468,687.478600,9.128052,23,9,2,0.003652,0.006077,-0.046372,-0.085983,-0.158432,0.983612,-32.395160,1.812328,48.927090,-0.971857,-0.077534,0.222417,-54.4882088,0.0497619733,53.9832535,22.7326679,Building,Surface,3.133453,2.835815,0.009900,0.000000,-32.440730,1.810039,48.937990,355.573500,288.291600,357.117600,104.047200,98.172010,0.300000,1000.000000,0.900730,2468,2740,50.000000,off,,0.59517926,0,-0.803592861,1,1
1765268536479,2025-12-09 16:22:16.479,687.489800,9.139221,23,9,2,-0.005565,0.006677,-0.047466,-0.062408,-0.167053,0.983963,-32.396890,1.813402,48.917110,-0.969103,-0.086935,0.230795,-52.6116791,-3.45986057E-14,53.7313271,20.859127,Building,Surface,3.068436,2.858246,0.002505,0.000000,-32.440980,1.810140,48.936460,355.561100,287.483400,357.018100,104.047200,98.172010,0.300000,1000.000000,0.900730,2468,2740,50.000000,off,,0,1,6.43918682E-16,1,1
1765268536491,2025-12-09 16:22:16.491,687.501600,9.151062,23,9,2,0.002163,0.006111,-0.046325,-0.086685,-0.168503,0.981873,-32.395820,1.812656,48.923920,-0.977294,-0.086838,0.193226,-52.7958527,-3.41002048E-14,52.9573174,20.8737946,Building,Surface,3.092270,2.832901,0.000626,0.000000,-32.441220,1.810288,48.934930,355.543300,286.688800,356.936500,104.047200,98.172010,0.300000,1000.000000,0.900730,2468,2740,50.000000,off,,0,1,6.43918682E-16,1,1
1765268536501,2025-12-09 16:22:16.501,687.511900,9.161316,23,9,2,0.002163,0.006111,-0.046325,-0.086685,-0.168503,0.981873,-32.395820,1.812819,48.922970,-0.980225,-0.085983,0.178175,-53.0623589,-3.3921325E-14,52.6795158,21.083252,Building,Surface,3.092270,2.832901,0.000626,0.000000,-32.441380,1.810489,48.933280,355.499800,285.816700,356.875100,104.047200,98.172010,0.300000,1000.000000,0.900730,2468,2740,50.000000,off,,0,1,6.43918682E-16,1,1
1765268536513,2025-12-09 16:22:16.513,687.523000,9.172424,23,9,2,0.003652,0.006077,-0.046372,-0.085983,-0.158432,0.983612,-32.395430,1.812854,48.923400,-0.983640,-0.074569,0.163946,-56.3087959,-3.40691627E-14,52.909111,24.3109322,Building,Surface,3.133453,2.835815,0.000010,0.000000,-32.441580,1.810702,48.931570,355.431000,284.909200,356.815100,104.047200,98.172010,0.300000,1000.000000,0.900730,2468,2740,50.000000,off,,0,1,6.43918682E-16,1,1
1765268536524,2025-12-09 16:22:16.524,687.534100,9.183533,23,9,2,-0.007538,0.006809,-0.047702,-0.058960,-0.151901,0.986633,-32.396860,1.814310,48.911160,-0.982418,-0.067361,0.174107,-56.0139198,0.194970071,53.0966454,24.0396748,Building,Surface,3.180588,2.889191,0.002445,0.000000,-32.441860,1.810998,48.929680,355.322400,283.927700,356.749800,104.047200,98.172010,0.300000,1000.000000,0.900730,2468,2740,50.000000,off,,0.488449693,0,-0.872592092,1,1
1765268536535,2025-12-09 16:22:16.535,687.545200,9.194580,23,9,2,-0.007538,0.006809,-0.047702,-0.058960,-0.151901,0.986633,-32.396780,1.814466,48.910050,-0.985384,-0.065148,0.157385,-56.5899925,0.21494779,52.7741776,24.5520172,Building,Surface,3.180588,2.889191,0.002445,0.000000,-32.442090,1.811249,48.927790,355.199700,282.962400,356.679700,104.047200,98.172010,0.300000,1000.000000,0.900730,2468,2740,50.000000,off,,0.488449693,0,-0.872592092,1,1
1765268536546,2025-12-09 16:22:16.546,687.556300,9.205750,23,9,2,-0.005596,0.006717,-0.047425,-0.035004,-0.148071,0.988342,-32.396530,1.814525,48.910850,-0.984556,-0.059796,0.164454,-56.3453636,0.360017031,52.9111099,24.3241539,Building,Surface,3.184769,2.928238,0.002445,0.000000,-32.442260,1.811615,48.925870,355.042200,281.989300,356.627100,104.047200,98.172010,0.300000,1000.000000,0.900730,2468,2740,50.000000,off,,0.488449693,0,-0.872592092,1,1
1765268536556,2025-12-09 16:22:16.556,687.567400,9.216797,23,9,2,0.028374,0.004736,-0.043448,-0.210541,-0.158386,0.964661,-32.393970,1.811162,48.943760,-0.997855,-0.058731,-0.028625,-63.1660881,-3.09473889E-14,48.0610199,30.8379993,Building,Surface,3.114441,2.853546,0.000010,0.000000,-32.442190,1.812029,48.924040,354.875700,281.068500,356.561000,104.047200,98.172010,0.300000,1000.000000,0.900730,2468,2740,50.000000,off,,0,1,6.43918682E-16,1,1
1765268536567,2025-12-09 16:22:16.567,687.578600,9.227966,23,9,2,0.002042,0.007341,-0.048600,-0.499405,-0.024933,0.865997,-32.393600,1.815143,48.916020,-0.936852,0.084688,-0.339286,-37.3550491,2.26363969,47.1192055,5.29581547,Building,Surface,3.301117,3.072800,0.000611,0.000000,-32.442320,1.812421,48.922280,354.745200,280.211400,356.523300,104.047200,98.172010,0.300000,1000.000000,0.900730,2468,2740,50.000000,off,,0.0633387491,0,0.997992098,1,1
1765268536578,2025-12-09 16:22:16.578,687.589700,9.239075,23,9,2,0.002042,0.007341,-0.048600,-0.499405,-0.024933,0.865997,-32.393370,1.815443,48.915020,-0.931801,0.086883,-0.352388,-37.1725769,2.26106572,47.1076202,5.12894297,Building,Surface,3.301117,3.072800,0.000611,0.000000,-32.442180,1.812838,48.920590,354.608100,279.410200,356.508000,104.047200,98.172010,0.300000,1000.000000,0.900730,2468,2740,50.000000,off,,0.0633387491,0,0.997992098,1,1
1765268536589,2025-12-09 16:22:16.589,687.600800,9.250183,23,9,2,-0.005596,0.006717,-0.047425,-0.035004,-0.148071,0.988342,-32.395650,1.815613,48.906580,-0.993056,-0.049794,0.106449,-58.5003281,0.506667137,51.7048302,26.2868404,Building,Surface,3.184769,2.928238,0.000002,0.000000,-32.442210,1.813165,48.918890,354.473900,278.644000,356.486800,104.047200,98.172010,0.300000,1000.000000,0.900730,2468,2740,50.000000,off,,0.488449693,0,-0.872592092,1,1
1765268536601,2025-12-09 16:22:16.601,687.612000,9.261414,23,9,2,0.028374,0.004736,-0.043448,-0.210541,-0.158386,0.964661,-32.395050,1.812176,48.939620,-0.995322,-0.049387,-0.082938,-68.9167786,-2.95535149E-14,45.896347,36.6930809,Building,Surface,3.114441,2.853546,0.000037,0.000000,-32.442120,1.813488,48.917310,354.344400,277.953900,356.479600,104.047200,98.172010,0.300000,1000.000000,0.900730,2468,2740,50.000000,off,,0,1,6.43918682E-16,1,1
1765268536612,2025-12-09 16:22:16.612,687.623200,9.272583,23,9,2,0.028374,0.004736,-0.043448,-0.210541,-0.158386,0.964661,-32.395170,1.812382,48.938640,-0.994377,-0.047248,-0.094687,-70.5383911,-2.91737324E-14,45.3065491,38.3586006,Building,Surface,3.114441,2.853546,0.000037,0.000000,-32.441970,1.813795,48.915780,354.223100,277.279400,356.460000,104.047200,98.172010,0.300000,1000.000000,0.900730,2468,2740,50.000000,off,,0,1,6.43918682E-16,1,1
1765268536623,2025-12-09 16:22:16.623,687.634000,9.283447,23,9,2,0.002104,0.007286,-0.048415,-0.522720,-0.026398,0.852081,-32.392970,1.816173,48.911180,-0.902034,0.093831,-0.421315,-36.3642197,2.2292676,47.0563202,4.402493,Building,Surface,3.345444,3.079926,0.000001,0.000000,-32.441830,1.814051,48.914330,354.094500,276.677800,356.430800,104.047200,98.172010,0.300000,1000.000000,0.900730,2468,2740,50.000000,off,,0.0633387491,0,0.997992098,1,1
1765268536634,2025-12-09 16:22:16.634,687.645100,9.294556,23,9,2,0.024050,0.005962,-0.045838,-0.521378,-0.034637,0.852615,-32.393230,1.813907,48.932280,-0.898987,0.087534,-0.429123,-36.328064,2.19704056,47.0540237,4.37693357,Building,Surface,3.328964,3.083694,0.000001,0.000000,-32.441620,1.814295,48.912950,353.983700,276.120300,356.401000,104.047200,98.172010,0.300000,1000.000000,0.900730,2468,2740,50.000000,off,,0.0633387491,0,0.997992098,1,1
1765268536645,2025-12-09 16:22:16.645,687.656300,9.305725,23,9,2,0.019749,0.006313,-0.046671,-0.469711,-0.043503,0.881729,-32.392760,1.814585,48.927090,-0.920047,0.080112,-0.383489,-36.8127213,2.19944835,47.0847855,4.80398512,Building,Surface,3.291504,3.007782,0.000000,0.000000,-32.441440,1.814526,48.911660,353.888500,275.605200,356.389700,104.047200,98.172010,0.300000,1000.000000,0.900730,2468,2740,50.000000,off,,0.0633387491,0,0.997992098,1,1
1765268536656,2025-12-09 16:22:16.656,687.667400,9.316772,23,9,2,0.019749,0.006313,-0.046671,-0.469711,-0.043503,0.881729,-32.392600,1.814768,48.926310,-0.916994,0.081486,-0.390449,-36.7298889,2.20018864,47.0795288,4.72982311,Building,Surface,3.291504,3.007782,0.000000,0.000000,-32.441170,1.814781,48.910520,353.799200,275.171800,356.389200,104.047200,98.172010,0.300000,1000.000000,0.900730,2468,2740,50.000000,off,,0.0633387491,0,0.997992098,1,1
1765268536667,2025-12-09 16:22:16.667,687.678600,9.328003,23,9,2,-0.030424,0.009564,-0.053636,-0.304260,-0.048172,0.951355,-32.389030,1.820505,48.875180,-0.970993,0.075493,-0.226813,-79.9046936,5.51476479,37.7760544,48.9344101,Building,Surface,2.528839,2.886475,0.000000,0.000000,-32.440940,1.815004,48.909370,353.704300,274.764600,356.406400,104.047200,98.172010,0.300000,1000.000000,0.900730,2468,2740,50.000000,off,,1,0,0,1,1
1765268536679,2025-12-09 16:22:16.679,687.689700,9.339111,23,9,2,-0.030507,0.009466,-0.053276,-0.291718,-0.032639,0.955933,-32.388980,1.820540,48.874390,-0.971409,0.092173,-0.218724,-79.9046936,6.32911015,38.1756744,48.913517,Building,Surface,2.935074,2.868698,0.000000,0.000000,-32.440720,1.815178,48.908340,353.611600,274.435200,356.404700,104.047200,98.172010,0.300000,1000.000000,0.900730,2468,2740,50.000000,off,,1,0,0,1,1
1765268536690,2025-12-09 16:22:16.690,687.700700,9.350098,23,9,2,-0.030507,0.009466,-0.053276,-0.291718,-0.032639,0.955933,-32.388560,1.820618,48.873670,-0.969994,0.093705,-0.224282,-79.9046936,6.41085196,37.8869934,48.9853134,Building,Surface,2.935074,2.868698,0.000000,0.000000,-32.440490,1.815357,48.907330,353.514300,274.107600,356.421200,104.047200,98.172010,0.300000,1000.000000,0.900730,2468,2740,50.000000,off,,1,0,0,1,1
1765268536701,2025-12-09 16:22:16.701,687.711800,9.361206,23,9,2,0.019749,0.006313,-0.046671,-0.469711,-0.043503,0.881729,-32.392040,1.815247,48.923360,-0.907000,0.086750,-0.412060,-36.4848022,2.20669913,47.0639725,4.51234341,Building,Surface,3.291504,3.007782,0.000001,0.000000,-32.440220,1.815547,48.906420,353.427200,273.815800,356.442300,104.047200,98.172010,0.300000,1000.000000,0.900730,2468,2740,50.000000,off,,0.0633387491,0,0.997992098,1,1
1765268536712,2025-12-09 16:22:16.712,687.723000,9.372375,23,9,2,-0.030424,0.009564,-0.053636,-0.304260,-0.048172,0.951355,-32.387390,1.820806,48.872430,-0.965506,0.081251,-0.247323,-38.8590431,2.36542034,47.2146568,6.70276833,Building,Surface,2.528839,2.886475,0.000000,0.000000,-32.440040,1.815679,48.905530,353.340000,273.551400,356.457900,104.047200,98.172010,0.300000,1000.000000,0.900730,2468,2740,50.000000,off,,0.0633387491,0,0.997992098,1,1
1765268536723,2025-12-09 16:22:16.723,687.734000,9.383423,23,9,2,-0.030444,0.009465,-0.053294,-0.293030,-0.040451,0.955231,-32.387310,1.820829,48.871790,-0.966690,0.089545,-0.239709,-79.9046936,6.22238922,37.0889587,49.1539497,Building,Surface,2.955948,2.890884,0.000002,0.000000,-32.439760,1.815834,48.904670,353.277500,273.299900,356.488900,104.047200,98.172010,0.300000,1000.000000,0.900730,2468,2740,50.000000,off,,1,0,0,1,1
1765268536734,2025-12-09 16:22:16.734,687.745100,9.394531,23,9,2,-0.030444,0.009465,-0.053294,-0.293030,-0.040451,0.955231,-32.386950,1.820882,48.871230,-0.965776,0.090096,-0.243161,-79.9046936,6.2537508,36.9073219,49.2008247,Building,Surface,2.955948,2.890884,0.000002,0.000000,-32.439510,1.815939,48.903930,353.236100,273.094800,356.515600,104.047200,98.172010,0.300000,1000.000000,0.900730,2468,2740,50.000000,off,,1,0,0,1,1
1765268536745,2025-12-09 16:22:16.745,687.756300,9.405762,23,9,2,-0.009469,0.007998,-0.050106,-0.301498,-0.034348,0.952835,-32.388940,1.818569,48.891670,-0.962134,0.096809,-0.254759,-38.7488365,2.45849562,47.2076607,6.61011982,Building,Surface,2.966049,2.893082,0.000002,0.000000,-32.439190,1.816003,48.903190,353.203900,272.894800,356.534300,104.047200,98.172010,0.300000,1000.000000,0.900730,2468,2740,50.000000,off,,0.0633387491,0,0.997992098,1,1
1765268536756,2025-12-09 16:22:16.756,687.767300,9.416748,23,9,2,0.029894,0.005198,-0.044007,-0.280029,-0.089401,0.955811,-32.393400,1.814240,48.930580,-0.970212,0.041530,-0.238637,-79.9046936,3.847965,37.2445221,48.9696121,Building,Surface,2.734634,2.617767,0.000001,0.000000,-32.438900,1.816101,48.902580,353.191500,272.750900,356.530700,104.047200,98.172010,0.300000,1000.000000,0.900730,2468,2740,50.000000,off,,1,0,0,1,1
1765268536768,2025-12-09 16:22:16.768,687.778500,9.427917,23,9,2,0.029894,0.005198,-0.044007,-0.280029,-0.089401,0.955811,-32.393160,1.814310,48.930080,-0.969704,0.041567,-0.240687,-79.9046936,3.85092282,37.1373978,48.9955177,Building,Surface,2.734634,2.617767,0.000001,0.000000,-32.438590,1.816169,48.901990,353.184400,272.628500,356.547200,104.047200,98.172010,0.300000,1000.000000,0.900730,2468,2740,50.000000,off,,1,0,0,1,1
1765268536779,2025-12-09 16:22:16.779,687.789700,9.439087,23,9,2,0.026512,0.005555,-0.044946,-0.251694,-0.043594,0.966812,-32.392150,1.814823,48.926190,-0.973629,0.086427,-0.211077,-79.9046936,6.03241158,38.6257439,48.7988586,Building,Surface,2.718140,2.564850,0.000002,0.000000,-32.438390,1.816232,48.901410,353.196200,272.531100,356.536700,104.047200,98.172010,0.300000,1000.000000,0.900730,2468,2740,50.000000,off,,1,0,0,1,1
1765268536790,2025-12-09 16:22:16.790,687.800700,9.450134,23,9,2,0.028669,0.005150,-0.043873,-0.247360,-0.056091,0.967285,-32.392940,1.814522,48.927980,-0.975157,0.074080,-0.208697,-79.9046936,5.4238596,38.7598114,48.7215118,Building,Surface,2.996384,2.600998,0.000010,0.000000,-32.438110,1.816346,48.900970,353.182300,272.456400,356.534700,104.047200,98.172010,0.300000,1000.000000,0.900730,2468,2740,50.000000,off,,1,0,0,1,1
1765268536801,2025-12-09 16:22:16.801,687.811800,9.461182,23,9,2,0.029894,0.005198,-0.044007,-0.280029,-0.089401,0.955811,-32.392530,1.814531,48.928760,-0.968685,0.041893,-0.244699,-79.9046936,3.86930323,36.9267349,49.0476952,Building,Surface,2.734634,2.617767,0.000010,0.000000,-32.437840,1.816404,48.900470,353.164900,272.391400,356.547100,104.047200,98.172010,0.300000,1000.000000,0.900730,2468,2740,50.000000,off,,1,0,0,1,1
1765268536812,2025-12-09 16:22:16.812,687.822900,9.472351,23,9,2,0.029894,0.005198,-0.044007,-0.280029,-0.089401,0.955811,-32.392380,1.814508,48.928310,-0.968443,0.042022,-0.245632,-79.9046936,3.87612915,36.8774796,49.0600929,Building,Surface,2.734634,2.617767,0.000010,0.000000,-32.437660,1.816383,48.899980,353.152300,272.335000,356.564100,104.047200,98.172010,0.300000,1000.000000,0.900730,2468,2740,50.000000,off,,1,0,0,1,1
1765268536823,2025-12-09 16:22:16.823,687.834000,9.483398,23,9,2,0.026512,0.005555,-0.044946,-0.251694,-0.043594,0.966812,-32.391310,1.814990,48.924550,-0.972629,0.087265,-0.215298,-79.9046936,6.07792664,38.4071465,48.8498688,Building,Surface,2.718140,2.564850,0.000619,0.000000,-32.437440,1.816423,48.899570,353.130500,272.280900,356.597500,104.047200,98.172010,0.300000,1000.000000,0.900730,2468,2740,50.000000,off,,1,0,0,1,1
1765268536835,2025-12-09 16:22:16.835,687.845200,9.494568,23,9,2,0.019323,0.005800,-0.045310,-0.212097,-0.063263,0.975189,-32.390950,1.815636,48.917060,-0.981907,0.066547,-0.177235,-79.9046936,5.03579569,40.3407936,48.3888168,Building,Surface,2.788330,2.556473,0.000010,0.000000,-32.437230,1.816450,48.899220,353.122300,272.239600,356.606200,104.047200,98.172010,0.300000,1000.000000,0.900730,2468,2740,50.000000,off,,1,0,0,1,1
1765268536846,2025-12-09 16:22:16.846,687.856300,9.505676,23,9,2,0.014684,0.006034,-0.045683,-0.209061,-0.065247,0.975708,-32.390450,1.816061,48.912090,-0.982483,0.064537,-0.174734,-79.9046936,4.93716049,40.4617157,48.3606644,Building,Surface,2.852600,2.521957,0.000039,0.000000,-32.436960,1.816416,48.898860,353.113600,272.212700,356.626900,104.047200,98.172010,0.300000,1000.000000,0.900730,2468,2740,50.000000,off,,1,0,0,1,1
1765268536857,2025-12-09 16:22:16.857,687.867200,9.516663,23,9,2,0.014684,0.006034,-0.045683,-0.209061,-0.065247,0.975708,-32.390260,1.816002,48.911790,-0.982478,0.064382,-0.174821,-79.9047012,4.92963314,40.4571266,48.3611183,Building,Surface,2.852600,2.521957,0.000039,0.000000,-32.436780,1.816347,48.898560,353.116900,272.206200,356.653400,104.047200,98.172010,0.300000,1000.000000,0.900730,2468,2740,50.000000,off,,1,0,0,1,1
1765268536868,2025-12-09 16:22:16.868,687.878500,9.527954,23,9,2,0.001949,0.007013,-0.047944,-0.208710,-0.066284,0.975723,-32.388140,1.817422,48.898830,-0.982699,0.062950,-0.174151,-79.9046936,4.8612504,40.4780884,48.352829,Building,Surface,2.900482,2.587708,0.000010,0.000000,-32.436610,1.816313,48.898360,353.135600,272.227000,356.671800,104.047200,98.172010,0.300000,1000.000000,0.900730,2468,2740,50.000000,off,,1,0,0,1,1
1765268536879,2025-12-09 16:22:16.879,687.889800,9.539185,23,9,2,-0.004866,0.007519,-0.049086,-0.172028,-0.049622,0.983826,-32.386990,1.818128,48.891860,-0.987729,0.077733,-0.135342,-79.9046936,5.55771017,42.380825,48.1072807,Building,Surface,2.846634,2.554153,0.000000,0.000000,-32.436440,1.816240,48.898260,353.163500,272.283700,356.707700,104.047200,98.172010,0.300000,1000.000000,0.900730,2468,2740,50.000000,off,,1,0,0,1,1
1765268536890,2025-12-09 16:22:16.890,687.900600,9.550049,23,9,2,-0.004866,0.007519,-0.049086,-0.172028,-0.049622,0.983826,-32.386860,1.818046,48.891700,-0.988102,0.076794,-0.133137,-79.9046936,5.51107025,42.4891434,48.0892487,Building,Surface,2.846634,2.554153,0.000000,0.000000,-32.436290,1.816117,48.898220,353.213400,272.410300,356.735600,104.047200,98.172010,0.300000,1000.000000,0.900730,2468,2740,50.000000,off,,1,0,0,1,1
1765268536901,2025-12-09 16:22:16.901,687.911900,9.561279,23,9,2,-0.006945,0.007666,-0.049405,-0.169418,-0.046631,0.984436,-32.386380,1.818161,48.889540,-0.988701,0.078541,-0.127644,-79.9046936,5.59294891,42.7547874,48.0611534,Building,Surface,2.838654,2.552460,0.000000,0.000000,-32.436050,1.815959,48.898270,353.273200,272.565600,356.775300,104.047200,98.172010,0.300000,1000.000000,0.900730,2468,2740,50.000000,off,,1,0,0,1,1
1765268536913,2025-12-09 16:22:16.913,687.922900,9.572266,23,9,2,0.001949,0.007013,-0.047944,-0.208710,-0.066284,0.975723,-32.387430,1.817082,48.898440,-0.984740,0.058504,-0.163871,-79.9046936,4.64011145,40.9910736,48.2533531,Building,Surface,2.900482,2.587708,0.000000,0.000000,-32.435910,1.815773,48.898480,353.365400,272.817000,356.817400,104.047200,98.172010,0.300000,1000.000000,0.900730,2468,2740,50.000000,off,,1,0,0,1,1
1765268536923,2025-12-09 16:22:16.923,687.934000,9.583435,23,9,2,-0.004866,0.007519,-0.049086,-0.172028,-0.049622,0.983826,-32.386450,1.817716,48.891680,-0.990008,0.072322,-0.120927,-79.9046936,5.28901625,43.0874519,47.9971085,Building,Surface,2.846634,2.554153,0.000000,0.000000,-32.435780,1.815602,48.898820,353.443200,273.109500,356.912100,104.047200,98.172010,0.300000,1000.000000,0.900730,2468,2740,50.000000,off,,1,0,0,1,1
1765268536934,2025-12-09 16:22:16.934,687.945100,9.594482,23,9,2,-0.004866,0.007519,-0.049086,-0.172028,-0.049622,0.983826,-32.386410,1.817596,48.891830,-0.991038,0.070127,-0.113555,-79.9046936,5.18004417,43.4470901,47.9472466,Building,Surface,2.846634,2.554153,0.000000,0.000000,-32.435690,1.815384,48.899350,353.561300,273.533100,356.968200,104.047200,98.172010,0.300000,1000.000000,0.900730,2468,2740,50.000000,off,,1,0,0,1,1
1765268536945,2025-12-09 16:22:16.945,687.956200,9.605591,23,9,2,-0.009795,0.007860,-0.049860,-0.162735,-0.033112,0.986099,-32.385830,1.817970,48.887150,-0.991966,0.083996,-0.094438,-79.9046936,5.84169102,44.3632202,47.903019,Building,Surface,2.779724,2.535431,0.000000,0.000000,-32.435520,1.815167,48.900070,353.674400,274.046800,357.088300,104.047200,98.172010,0.300000,1000.000000,0.900730,2468,2740,50.000000,off,,1,0,0,1,1
1765268536956,2025-12-09 16:22:16.956,687.967200,9.616638,23,9,2,0.024631,0.005270,-0.044522,-0.211044,-0.085022,0.973755,-32.388910,1.814120,48.922060,-0.990298,0.031392,-0.135242,-81.3663254,3.3666842,42.2333641,49.4564095,Building,Surface,2.663773,2.711029,0.000000,0.000000,-32.435470,1.814912,48.900900,353.777500,274.642500,357.194900,104.047200,98.172010,0.300000,1000.000000,0.900730,2468,2740,50.000000,off,,0,0,1,1,1
1765268536967,2025-12-09 16:22:16.967,687.978400,9.627808,23,9,2,0.024631,0.005270,-0.044522,-0.211044,-0.085022,0.973755,-32.388600,1.814019,48.922480,-0.992114,0.028945,-0.121815,,,,,NoHit,NoHit,2.663773,2.711029,0.000000,0.000000,-32.435450,1.814664,48.901960,353.892000,275.408100,357.328400,104.047200,98.172010,0.300000,1000.000000,0.900730,2468,2740,50.000000,off,,,,,1,0
1765268536978,2025-12-09 16:22:16.978,687.989600,9.639038,23,9,2,0.032529,0.004520,-0.043288,-0.320938,-0.176453,0.930512,-32.388650,1.813002,48.930930,-0.972474,-0.064221,-0.223962,-59.8422394,-2.74363018E-14,42.6083336,28.2305145,Building,Surface,2.870834,2.685104,0.000000,0.000000,-32.435320,1.814446,48.903150,354.009500,276.241600,357.488300,104.047200,98.172010,0.300000,1000.000000,0.900730,2468,2740,50.000000,off,,0,1,6.43918682E-16,1,1
1765268536989,2025-12-09 16:22:16.989,688.000600,9.650024,23,9,2,0.032642,0.004717,-0.044163,-0.341919,-0.186386,0.921051,-32.387070,1.813075,48.931720,-0.970441,-0.077478,-0.228529,-55.0965157,-2.80644716E-14,43.5838776,23.4009724,Building,Surface,2.792694,2.610779,0.000000,0.000000,-32.435130,1.814215,48.904770,354.150600,277.255400,357.655500,104.047200,98.172010,0.300000,1000.000000,0.900730,2468,2740,50.000000,off,,0,1,6.43918682E-16,1,1
1765268537001,2025-12-09 16:22:17.001,688.011800,9.661194,23,9,2,0.028603,0.004628,-0.043549,-0.358826,-0.170319,0.917725,-32.387580,1.813125,48.928610,-0.971900,-0.063840,-0.226535,-59.990593,-2.73631791E-14,42.4947777,28.4008408,Building,Surface,2.822800,2.536835,0.000000,0.000000,-32.434970,1.813951,48.906480,354.218600,278.321700,357.904600,104.047200,98.172010,0.300000,1000.000000,0.900730,2468,2740,50.000000,off,,0,1,6.43918682E-16,1,1
1765268537012,2025-12-09 16:22:17.012,688.022800,9.672241,23,9,2,0.028603,0.004628,-0.043549,-0.358826,-0.170319,0.917725,-32.386970,1.812969,48.929630,-0.976436,-0.066707,-0.205199,-58.9246407,-2.79156242E-14,43.3527184,27.1778717,Building,Surface,2.822800,2.536835,0.000000,0.000000,-32.434830,1.813611,48.908530,354.300100,279.536900,358.148700,104.047200,98.172010,0.300000,1000.000000,0.900730,2468,2740,50.000000,off,,0,1,6.43918682E-16,1,1
1765268537023,2025-12-09 16:22:17.023,688.033900,9.683289,23,9,2,0.032529,0.004520,-0.043288,-0.320938,-0.176453,0.930512,-32.385750,1.812695,48.934540,-0.986743,-0.075737,-0.143497,-56.0025368,-2.92983479E-14,45.5000725,23.9339447,Building,Surface,2.870834,2.685104,0.000000,0.000000,-32.434520,1.813327,48.910610,354.391400,280.791400,358.409800,104.047200,98.172010,0.300000,1000.000000,0.900730,2468,2740,50.000000,off,,0,1,6.43918682E-16,1,1
1765268537034,2025-12-09 16:22:17.034,688.045000,9.694397,23,9,2,0.032642,0.004717,-0.044163,-0.341919,-0.186386,0.921051,-32.384110,1.812718,48.935510,-0.985566,-0.088350,-0.144351,-52.605423,-2.96033814E-14,45.9737892,20.5172939,Building,Surface,2.792694,2.610779,0.000000,0.000000,-32.434280,1.813065,48.912710,354.453900,282.009100,358.637100,104.047200,98.172010,0.300000,1000.000000,0.900730,2468,2740,50.000000,off,,0,1,6.43918682E-16,1,1
1765268537045,2025-12-09 16:22:17.045,688.056200,9.705566,23,9,2,0.032642,0.004717,-0.044163,-0.341919,-0.186386,0.921051,-32.383220,1.812573,48.936580,-0.988373,-0.089871,-0.122575,-52.317318,-2.9919301E-14,46.4644089,20.1684322,Building,Surface,2.792694,2.610779,0.000000,0.000000,-32.433880,1.812792,48.914870,354.473500,283.236800,358.837100,104.047200,98.172010,0.300000,1000.000000,0.900730,2468,2740,50.000000,off,,0,1,6.43918682E-16,1,1
1765268537056,2025-12-09 16:22:17.056,688.067200,9.716614,23,9,2,0.027338,0.004632,-0.043488,-0.360519,-0.191696,0.912827,-32.384400,1.812537,48.932640,-0.987908,-0.096314,-0.121387,-50.9758797,-3.00376789E-14,46.6482544,18.8187904,Building,Surface,2.826279,2.567123,0.000009,0.000000,-32.433540,1.812605,48.916980,354.456500,284.434700,358.997800,104.047200,98.172010,0.300000,1000.000000,0.900730,2468,2740,50.000000,off,,0,1,6.43918682E-16,1,1
1765268537067,2025-12-09 16:22:17.067,688.078200,9.727661,23,9,2,0.025175,0.005165,-0.045238,-0.382874,-0.164627,0.908997,-32.382480,1.812858,48.931200,-0.989966,-0.069801,-0.122741,-58.0936852,-2.94550286E-14,45.7433968,25.9714108,Building,Surface,2.795776,2.515823,0.000596,0.000000,-32.433090,1.812489,48.919160,354.422700,285.652600,359.145400,104.047200,98.172010,0.300000,1000.000000,0.900730,2468,2740,50.000000,off,,0,1,6.43918682E-16,1,1
1765268537079,2025-12-09 16:22:17.079,688.089500,9.738953,23,9,2,0.031599,0.004300,-0.042612,-0.341553,-0.187088,0.921051,-32.382430,1.812111,48.939160,-0.994070,-0.091701,-0.058404,-52.026329,-3.07696746E-14,47.7850304,19.7610359,Building,Surface,2.786728,2.630493,0.000009,0.000000,-32.432550,1.812405,48.921260,354.386000,286.843000,359.263300,104.047200,98.172010,0.300000,1000.000000,0.900730,2468,2740,50.000000,off,,0,1,6.43918682E-16,1,1
1765268537090,2025-12-09 16:22:17.090,688.100500,9.749878,23,9,2,0.031599,0.004300,-0.042612,-0.341553,-0.187088,0.921051,-32.381500,1.812094,48.940240,-0.995064,-0.091827,-0.037565,-52.0178757,-3.10361952E-14,48.1989365,19.7337399,Building,Surface,2.786728,2.630493,0.000009,0.000000,-32.431980,1.812347,48.923390,354.345800,288.018000,359.394200,104.047200,98.172010,0.300000,1000.000000,0.900730,2468,2740,50.000000,off,,0,1,6.43918682E-16,1,1
1765268537101,2025-12-09 16:22:17.101,688.111600,9.761047,23,9,2,-0.001283,0.006502,-0.046808,0.195953,-0.062759,0.978592,-32.387080,1.814147,48.908780,-0.862005,0.033119,0.505795,,,,,NoHit,NoHit,2.960754,2.495361,0.000000,0.000000,-32.431290,1.812320,48.925410,354.294800,289.128800,359.495400,104.047200,98.172010,0.300000,1000.000000,0.900730,2468,2740,50.000000,off,,,,,1,0
1765268537112,2025-12-09 16:22:17.112,688.122700,9.772095,23,9,2,0.025175,0.005165,-0.045238,-0.382874,-0.164627,0.908997,-32.379270,1.812724,48.935380,-0.996621,-0.069746,-0.043028,-58.2817993,-3.07902982E-14,47.8170624,25.9899654,Building,Surface,2.795776,2.515823,0.000001,0.000000,-32.430680,1.812309,48.927400,354.233400,290.170300,359.592100,104.047200,98.172010,0.300000,1000.000000,0.900730,2468,2740,50.000000,off,,0,1,6.43918682E-16,1,1
1765268537123,2025-12-09 16:22:17.123,688.133800,9.783203,23,9,2,0.031599,0.004300,-0.042612,-0.341553,-0.187088,0.921051,-32.378590,1.812115,48.943260,-0.995758,-0.090337,0.017340,-52.3529968,-3.17394528E-14,49.2910919,20.0594559,Building,Surface,2.786728,2.630493,0.000002,0.000000,-32.429910,1.812355,48.929180,354.147400,291.116900,359.687400,104.047200,98.172010,0.300000,1000.000000,0.900730,2468,2740,50.000000,off,,0,1,6.43918682E-16,1,1
1765268537134,2025-12-09 16:22:17.134,688.144900,9.794312,23,9,2,0.031599,0.004300,-0.042612,-0.341553,-0.187088,0.921051,-32.377670,1.812151,48.944240,-0.995444,-0.089317,0.033301,-52.5742149,-3.19511704E-14,49.6198845,20.2889309,Building,Surface,2.786728,2.630493,0.000002,0.000000,-32.429220,1.812415,48.930980,354.056000,292.017600,359.766900,104.047200,98.172010,0.300000,1000.000000,0.900730,2468,2740,50.000000,off,,0,1,6.43918682E-16,1,1
1765268537145,2025-12-09 16:22:17.145,688.156100,9.805542,23,9,2,-0.001477,0.006545,-0.046871,0.268234,-0.011169,0.963272,-32.385380,1.813993,48.912940,-0.780220,0.089852,0.618992,-64.9182053,5.56055117,74.723053,41.6963158,Building,Surface,2.795609,2.863159,0.000000,0.000000,-32.428420,1.812430,48.932620,353.939100,292.804600,359.839400,104.047200,98.172010,0.300000,1000.000000,0.900730,2468,2740,50.000000,off,,0,0,-1,1,1
1765268537156,2025-12-09 16:22:17.156,688.167100,9.816528,23,9,2,-0.001827,0.006892,-0.048273,0.383774,0.008316,0.923370,-32.383750,1.814227,48.913110,-0.687489,0.106437,0.718328,-59.4970741,6.01190853,77.2426605,39.4374924,Building,Surface,3.079697,3.003906,0.002413,0.000000,-32.427700,1.812541,48.934250,353.852800,293.551500,359.893700,104.047200,98.172010,0.300000,1000.000000,0.900730,2468,2740,50.000000,off,,0,0,-1,1,1
1765268537167,2025-12-09 16:22:17.167,688.178200,9.827637,23,9,2,-0.001827,0.006892,-0.048273,0.383774,0.008316,0.923370,-32.383250,1.814239,48.914110,-0.679135,0.108538,0.725920,-58.886055,6.04986286,77.2426605,39.0236549,Building,Surface,3.079697,3.003906,0.002413,0.000000,-32.426950,1.812646,48.935750,353.745300,294.197000,359.950700,104.047200,98.172010,0.300000,1000.000000,0.900730,2468,2740,50.000000,off,,0,0,-1,1,1
1765268537179,2025-12-09 16:22:17.179,688.189500,9.838867,23,9,2,-0.002066,0.006778,-0.048275,0.489227,-0.004379,0.872131,-32.382800,1.814106,48.914920,-0.582313,0.091608,0.807771,-50.987587,4.7409935,74.7230453,31.9493942,Building,Surface,3.078979,2.708023,0.002413,0.000000,-32.426170,1.812693,48.937220,353.666400,294.786700,359.970500,104.047200,98.172010,0.300000,1000.000000,0.900730,2468,2740,50.000000,off,,0,0,-1,1,1
1765268537190,2025-12-09 16:22:17.190,688.200400,9.849854,23,9,2,-0.002070,0.006524,-0.047694,0.525131,0.018860,0.850800,-32.382750,1.813955,48.916200,-0.537382,0.113554,0.835646,-50.5987511,5.6631732,77.2426605,33.8973083,Building,Surface,3.317047,2.844360,0.009409,0.000000,-32.425350,1.812790,48.938670,353.597400,295.347900,359.992900,104.047200,98.172010,0.300000,1000.000000,0.900730,2468,2740,50.000000,off,,0,0,-1,1,1
1765268537201,2025-12-09 16:22:17.201,688.211600,9.861023,23,9,2,0.002383,0.005897,-0.046063,0.475617,-0.013367,0.879532,-32.381790,1.813597,48.921990,-0.580694,0.085523,0.809596,-50.8879547,4.53913403,74.7230453,31.8684978,Building,Surface,3.087006,2.718170,0.155411,0.000000,-32.424630,1.812922,48.940070,353.538700,295.835800,359.979300,104.047200,98.172010,0.300000,1000.000000,0.900730,2468,2740,50.000000,off,,0,0,-1,1,1
1765268537212,2025-12-09 16:22:17.212,688.222700,9.872131,23,9,2,0.002383,0.005897,-0.046063,0.475617,-0.013367,0.879532,-32.381120,1.813864,48.923160,-0.574197,0.086387,0.814126,-50.6119804,4.55670404,74.7718124,31.7496376,Building,Surface,3.087006,2.718170,0.155411,0.000000,-32.423810,1.813241,48.941590,353.475200,296.289100,359.966400,104.047200,98.172010,0.300000,1000.000000,0.900730,2468,2740,50.000000,off,,0.866025925,0,-0.499999076,1,1
1765268537223,2025-12-09 16:22:17.223,688.233800,9.883179,23,9,2,-0.025634,0.008203,-0.052078,0.347321,-0.032181,0.937180,-32.387570,1.815770,48.896400,-0.679541,0.075616,0.729712,-58.784893,4.75313568,77.2426605,38.8452988,Building,Surface,2.913742,2.764008,0.609942,0.000000,-32.423160,1.813591,48.942940,353.378800,296.656900,359.920600,104.047200,98.172010,0.300000,1000.000000,0.900730,2468,2740,50.000000,off,,0,0,-1,1,1
1765268537234,2025-12-09 16:22:17.234,688.244900,9.894348,23,9,2,-0.002070,0.006524,-0.047694,0.525131,0.018860,0.850800,-32.380610,1.814854,48.920710,-0.512880,0.118158,0.850277,-49.4641724,5.75058746,77.2426605,33.3087196,Building,Surface,3.317047,2.844360,0.154442,0.000000,-32.422570,1.814012,48.944370,353.208100,296.972000,359.869400,104.047200,98.172010,0.300000,1000.000000,0.900730,2468,2740,50.000000,off,,0,0,-1,1,1
1765268537245,2025-12-09 16:22:17.245,688.255900,9.905334,23,9,2,-0.002070,0.006524,-0.047694,0.525131,0.018860,0.850800,-32.380250,1.815023,48.921940,-0.508048,0.120421,0.852857,-49.2509384,5.81382942,77.2426605,33.2065277,Building,Surface,3.317047,2.844360,0.154442,0.000000,-32.422100,1.814354,48.945810,352.998700,297.276100,359.779800,104.047200,98.172010,0.300000,1000.000000,0.900730,2468,2740,50.000000,off,,0,0,-1,1,1
1765268537256,2025-12-09 16:22:17.256,688.267000,9.916443,23,9,2,0.002383,0.005897,-0.046063,0.475617,-0.013367,0.879532,-32.379410,1.814609,48.928040,-0.556225,0.095295,0.825529,-51.4572411,5.08311033,77.2426605,34.2981682,Building,Surface,3.087006,2.718170,0.000596,0.000000,-32.421720,1.814597,48.947330,352.735400,297.492400,359.676300,104.047200,98.172010,0.300000,1000.000000,0.900730,2468,2740,50.000000,off,,0,0,-1,1,1
1765268537267,2025-12-09 16:22:17.267,688.278200,9.927612,23,9,2,-0.011485,0.007307,-0.050223,0.336578,-0.044052,0.940613,-32.381640,1.815451,48.915120,-0.674546,0.077025,0.734189,-58.407959,4.78734016,77.2426605,38.5830345,Building,Surface,2.863266,2.838013,0.152493,0.000000,-32.421260,1.814700,48.948840,352.473300,297.715400,359.568700,104.047200,98.172010,0.300000,1000.000000,0.900730,2468,2740,50.000000,off,,0,0,-1,1,1
1765268537278,2025-12-09 16:22:17.278,688.289400,9.938843,23,9,2,0.001333,0.006403,-0.048200,0.305267,-0.068420,0.949799,-32.377320,1.814492,48.928980,-0.698070,0.057680,0.713693,-60.0711937,4.10277796,77.2426605,39.6717987,Building,Surface,2.851822,2.797760,0.009653,0.000000,-32.420960,1.814665,48.950480,352.244100,297.866700,359.487300,104.047200,98.172010,0.300000,1000.000000,0.900730,2468,2740,50.000000,off,,0,0,-1,1,1
1765268537289,2025-12-09 16:22:17.289,688.300400,9.949829,23,9,2,0.001333,0.006403,-0.048200,0.305267,-0.068420,0.949799,-32.377020,1.814313,48.930660,-0.696274,0.060961,0.715173,-59.9408569,4.22761393,77.2426605,39.5873528,Building,Surface,2.851822,2.797760,0.009653,0.000000,-32.420600,1.814667,48.952250,352.031100,297.999800,359.439200,104.047200,98.172010,0.300000,1000.000000,0.900730,2468,2740,50.000000,off,,0,0,-1,1,1
1765268537301,2025-12-09 16:22:17.301,688.311600,9.960999,23,9,2,-0.010873,0.007156,-0.049736,0.284897,-0.053543,0.957047,-32.381240,1.814725,48.921050,-0.709200,0.081008,0.700317,-61.0620918,5.0907793,77.2426605,40.4405403,Building,Surface,2.963364,2.683746,0.002444,0.000000,-32.420510,1.814644,48.954220,351.787200,298.061500,359.448400,104.047200,98.172010,0.300000,1000.000000,0.900730,2468,2740,50.000000,off,,0,0,-1,1,1
1765268537312,2025-12-09 16:22:17.312,688.322700,9.972107,23,9,2,-0.011766,0.007035,-0.049187,0.220444,-0.074203,0.972565,-32.382180,1.814480,48.922530,-0.755241,0.068181,0.651879,-65.1927414,4.77652502,77.2426605,43.4434929,Building,Surface,3.052460,2.336472,0.009959,0.000000,-32.420520,1.814676,48.956250,351.515600,298.072400,359.494700,104.047200,98.172010,0.300000,1000.000000,0.900730,2468,2740,50.000000,off,,0,0,-1,1,1
1765268537323,2025-12-09 16:22:17.323,688.333700,9.983154,23,9,2,-0.011766,0.007035,-0.049187,0.220444,-0.074203,0.972565,-32.382290,1.814352,48.924720,-0.755133,0.072894,0.651494,-65.2050247,4.98277283,77.2426605,43.4658051,Building,Surface,3.052460,2.336472,0.009959,0.000000,-32.420640,1.814790,48.958420,351.256300,298.049000,359.576400,104.047200,98.172010,0.300000,1000.000000,0.900730,2468,2740,50.000000,off,,0,0,-1,1,1
1765268537334,2025-12-09 16:22:17.334,688.344800,9.994263,23,9,2,0.029657,0.004480,-0.044043,0.221298,-0.116058,0.968262,-32.367950,1.812288,48.966290,-0.757330,0.035319,0.652057,-65.2094727,3.3438921,77.2426605,43.3643188,Building,Surface,2.880859,2.468323,0.009654,0.000000,-32.420890,1.814903,48.960800,351.017700,297.973000,359.679800,104.047200,98.172010,0.300000,1000.000000,0.900730,2468,2740,50.000000,off,,0,0,-1,1,1
1765268537345,2025-12-09 16:22:17.345,688.356000,10.005430,23,9,2,-0.010873,0.007156,-0.049736,0.284897,-0.053543,0.957047,-32.381780,1.814108,48.930140,-0.709534,0.098139,0.697783,-61.1710892,5.79609442,77.2426605,40.5743713,Building,Surface,2.963364,2.683746,0.629549,0.000000,-32.421120,1.814908,48.963230,350.843000,297.901100,359.734200,104.047200,98.172010,0.300000,1000.000000,0.900730,2468,2740,50.000000,off,,0,0,-1,1,1
1765268537357,2025-12-09 16:22:17.357,688.367200,10.016600,23,9,2,-0.011766,0.007035,-0.049187,0.220444,-0.074203,0.972565,-32.382970,1.813968,48.932270,-0.756898,0.081683,0.648396,-65.4307861,5.38042688,77.2426605,43.6618385,Building,Surface,3.052460,2.336472,0.039107,0.000000,-32.421440,1.814857,48.965840,350.775400,297.826200,359.741700,104.047200,98.172010,0.300000,1000.000000,0.900730,2468,2740,50.000000,off,,0,0,-1,1,1
1765268537367,2025-12-09 16:22:17.367,688.378200,10.027590,23,9,2,-0.011766,0.007035,-0.049187,0.220444,-0.074203,0.972565,-32.383310,1.813836,48.934910,-0.757326,0.082227,0.647827,-65.4757767,5.4068656,77.2426605,43.6961098,Building,Surface,3.052460,2.336472,0.039107,0.000000,-32.421800,1.814752,48.968460,350.730600,297.789200,359.684600,104.047200,98.172010,0.300000,1000.000000,0.900730,2468,2740,50.000000,off,,0,0,-1,1,1
1765268537378,2025-12-09 16:22:17.378,688.389300,10.038700,23,9,2,0.026818,0.004631,-0.044371,0.221970,-0.135757,0.965546,-32.370390,1.811879,48.974380,-0.760124,0.020464,0.649440,-65.4564362,2.7026186,77.2426605,43.5267181,Building,Surface,2.830521,2.577499,0.158394,0.000000,-32.422280,1.814688,48.971340,350.694900,297.744500,359.557800,104.047200,98.172010,0.300000,1000.000000,0.900730,2468,2740,50.000000,off,,0,0,-1,1,1
1765268537390,2025-12-09 16:22:17.390,688.400300,10.049740,23,9,2,-0.004078,0.006413,-0.047899,0.211533,-0.091888,0.973038,-32.381870,1.813250,48.948220,-0.765991,0.065578,0.639491,-66.2733383,4.71476412,77.2426605,44.24506,Building,Surface,2.928741,2.543701,0.158394,0.000000,-32.422800,1.814679,48.974210,350.629700,297.675300,359.399100,104.047200,98.172010,0.300000,1000.000000,0.900730,2468,2740,50.000000,off,,0,0,-1,1,1
1765268537401,2025-12-09 16:22:17.401,688.411500,10.060910,23,9,2,-0.004078,0.006413,-0.047899,0.211533,-0.091888,0.973038,-32.382490,1.813323,48.951310,-0.767103,0.066598,0.638051,-66.3960495,4.76629543,77.2426605,44.3400803,Building,Surface,2.928741,2.543701,0.158394,0.000000,-32.423470,1.814826,48.977220,350.525500,297.590200,359.190700,104.047200,98.172010,0.300000,1000.000000,0.900730,2468,2740,50.000000,off,,0,0,-1,1,1
1765268537412,2025-12-09 16:22:17.412,688.422500,10.071960,23,9,2,0.009056,0.005676,-0.046452,0.189926,-0.116287,0.974869,-32.378620,1.812714,48.966900,-0.783755,0.045775,0.619352,-64.9715729,3.71629667,74.7230453,41.5848923,Building,Surface,2.973633,2.563538,0.039110,0.000000,-32.424290,1.815076,48.980340,350.333400,297.478300,358.989500,104.047200,98.172010,0.300000,1000.000000,0.900730,2468,2740,50.000000,off,,0,0,-1,1,1
1765268537423,2025-12-09 16:22:17.423,688.433700,10.083130,23,9,2,0.023614,0.004827,-0.044707,0.204208,-0.117065,0.971893,-32.374480,1.811985,48.983950,-0.775942,0.047294,0.629014,-64.4761658,3.76859617,75.0070496,41.3708611,Building,Surface,2.789368,2.611938,0.039351,0.000000,-32.425160,1.815388,48.983490,350.118200,297.378800,358.805200,104.047200,98.172010,0.300000,1000.000000,0.900730,2468,2740,50.000000,off,,0.866023183,0,-0.500003874,1,1
1765268537434,2025-12-09 16:22:17.434,688.444800,10.094180,23,9,2,0.018805,0.005348,-0.045833,0.297958,-0.062561,0.952515,-32.376610,1.812497,48.982500,-0.708434,0.098484,0.698856,-61.0240784,5.79496813,77.2426605,40.4372902,Building,Surface,2.775421,2.606750,0.000615,0.000000,-32.426150,1.815734,48.986760,349.888500,297.285100,358.598900,104.047200,98.172010,0.300000,1000.000000,0.900730,2468,2740,50.000000,off,,0,0,-1,1,1
1765268537446,2025-12-09 16:22:17.446,688.456100,10.105470,23,9,2,0.018805,0.005348,-0.045833,0.297958,-0.062561,0.952515,-32.377590,1.812419,48.985730,-0.709383,0.100728,0.697572,-61.1129532,5.89266253,77.2426605,40.5070839,Building,Surface,2.775421,2.606750,0.000615,0.000000,-32.427120,1.815876,48.989890,349.692800,297.204600,358.402300,104.047200,98.172010,0.300000,1000.000000,0.900730,2468,2740,50.000000,off,,0,0,-1,1,1
1765268537456,2025-12-09 16:22:17.456,688.467100,10.116520,23,9,2,0.009056,0.005676,-0.046452,0.189926,-0.116287,0.974869,-32.382540,1.812828,48.980080,-0.787910,0.056696,0.613146,-68.7007599,4.42619514,77.2426605,46.0935593,Building,Surface,2.973633,2.563538,0.157387,0.000000,-32.428280,1.815953,48.993150,349.548900,297.141200,358.208200,104.047200,98.172010,0.300000,1000.000000,0.900730,2468,2740,50.000000,off,,0,0,-1,1,1
1765268537467,2025-12-09 16:22:17.467,688.478300,10.127690,23,9,2,0.023614,0.004827,-0.044707,0.204208,-0.117065,0.971893,-32.378810,1.811825,48.997210,-0.779828,0.055506,0.623514,-64.6129608,4.10613155,74.7701263,41.3345718,Building,Surface,2.789368,2.611938,0.009838,0.000000,-32.429420,1.816064,48.996400,349.473000,297.090100,357.992100,104.047200,98.172010,0.300000,1000.000000,0.900730,2468,2740,50.000000,off,,0.866023183,0,-0.500003874,1,1
1765268537478,2025-12-09 16:22:17.478,688.489300,10.138670,23,9,2,0.023614,0.004827,-0.044707,0.204208,-0.117065,0.971893,-32.380100,1.811927,49.000590,-0.780860,0.055854,0.622190,-64.6622543,4.12103176,74.7230453,41.3414383,Building,Surface,2.789368,2.611938,0.009838,0.000000,-32.430690,1.816285,48.999690,349.415800,297.016900,357.808900,104.047200,98.172010,0.300000,1000.000000,0.900730,2468,2740,50.000000,off,,0,0,-1,1,1
1765268537489,2025-12-09 16:22:17.489,688.500400,10.149780,23,9,2,0.019419,0.005324,-0.045788,0.302109,-0.059845,0.951386,-32.382380,1.812558,48.999710,-0.709907,0.104758,0.696451,-61.1710091,6.06077528,77.2426605,40.5523949,Building,Surface,2.787155,2.615982,0.625689,0.000000,-32.432130,1.816558,49.002980,349.363600,296.929100,357.668700,104.047200,98.172010,0.300000,1000.000000,0.900730,2468,2740,50.000000,off,,0,0,-1,1,1
1765268537500,2025-12-09 16:22:17.500,688.511500,10.160890,23,9,2,0.013427,0.005698,-0.046594,0.307526,-0.056549,0.949844,-32.385670,1.813232,48.997360,-0.706530,0.107724,0.699418,-60.9181671,6.16355991,77.2426605,40.3834915,Building,Surface,2.798798,2.610107,10.010780,0.000000,-32.433540,1.816848,49.006290,349.309300,296.855400,357.541400,104.047200,98.172010,0.300000,1000.000000,0.900730,2468,2740,50.000000,off,,0,0,-1,1,1
1765268537511,2025-12-09 16:22:17.511,688.522700,10.172120,23,9,2,0.007552,0.006037,-0.047242,0.305832,-0.055176,0.950470,-32.389140,1.814144,48.995140,-0.708206,0.108457,0.697605,-61.065918,6.20580053,77.2426605,40.4915619,Building,Surface,2.809357,2.628281,40746.150000,0.000000,-32.435040,1.817285,49.009590,349.337400,296.815300,357.476300,104.047200,98.172010,0.300000,1000.000000,0.900730,2468,2740,50.000000,off,,0,0,-1,1,1
1765268537523,2025-12-09 16:22:17.523,688.533700,10.183110,23,9,2,0.007552,0.006037,-0.047242,0.305832,-0.055176,0.950470,-32.390700,1.814657,48.998410,-0.708460,0.106925,0.697584,-61.0753098,6.1439085,77.2426605,40.488102,Building,Surface,2.809357,2.628281,40746.150000,0.000000,-32.436600,1.817759,49.012840,349.399900,296.814200,357.380500,104.047200,98.172010,0.300000,1000.000000,0.900730,2468,2740,50.000000,off,,0,0,-1,1,1
1765268537534,2025-12-09 16:22:17.534,688.544700,10.194150,23,9,2,-0.019250,0.007861,-0.051053,0.308395,-0.055603,0.949616,-32.400440,1.817391,48.975850,-0.706608,0.104611,0.699807,-60.9419594,6.04286909,77.2426605,40.391655,Building,Surface,2.858978,2.416199,158.160800,0.000000,-32.438150,1.818104,49.016050,349.450400,296.842200,357.230100,104.047200,98.172010,0.300000,1000.000000,0.900730,2468,2740,50.000000,off,,0,0,-1,1,1
1765268537545,2025-12-09 16:22:17.545,688.555800,10.205260,23,9,2,0.013427,0.005698,-0.046594,0.307526,-0.056549,0.949844,-32.391850,1.814548,49.010140,-0.706747,0.101574,0.700118,-60.8916817,5.9105587,77.2426605,40.3248482,Building,Surface,2.798798,2.610107,0.009593,0.000000,-32.439710,1.818117,49.019080,349.516800,296.926400,357.020700,104.047200,98.172010,0.300000,1000.000000,0.900730,2468,2740,50.000000,off,,0,0,-1,1,1
1765268537556,2025-12-09 16:22:17.556,688.566900,10.216310,23,9,2,0.007552,0.006037,-0.047242,0.305832,-0.055176,0.950470,-32.395360,1.814978,49.007500,-0.706700,0.100758,0.700281,-60.8893318,5.87751579,77.2426682,40.3191643,Building,Surface,2.809357,2.628281,2.502572,0.000000,-32.441220,1.818006,49.022080,349.585900,297.052200,356.785000,104.047200,98.172010,0.300000,1000.000000,0.900730,2468,2740,50.000000,off,,0,0,-1,1,1
1765268537567,2025-12-09 16:22:17.567,688.578000,10.227420,23,9,2,0.007552,0.006037,-0.047242,0.305832,-0.055176,0.950470,-32.396960,1.814760,49.010240,-0.704973,0.097208,0.702520,-60.7279549,5.72129297,77.2426605,40.1867676,Building,Surface,2.809357,2.628281,2.502572,0.000000,-32.442790,1.817729,49.024940,349.705700,297.243500,356.482800,104.047200,98.172010,0.300000,1000.000000,0.900730,2468,2740,50.000000,off,,0,0,-1,1,1
1765268537578,2025-12-09 16:22:17.578,688.589200,10.238590,23,9,2,-0.001852,0.006808,-0.048823,0.299988,-0.073135,0.951126,-32.401270,1.815671,49.003840,-0.709669,0.077221,0.700278,-61.018795,4.92961884,77.2426605,40.3248024,Building,Surface,2.724991,2.225861,9.885534,0.000000,-32.444360,1.817521,49.027790,349.788100,297.439300,356.196300,104.047200,98.172010,0.300000,1000.000000,0.900730,2468,2740,50.000000,off,,0,0,-1,1,1
1765268537589,2025-12-09 16:22:17.589,688.600300,10.249690,23,9,2,0.029586,0.004477,-0.043502,0.314148,-0.129227,0.940521,-32.393780,1.812038,49.036800,-0.702118,0.016312,0.711852,-60.2139435,2.45837307,77.2426605,39.6225891,Building,Surface,2.723831,1.969223,0.155430,0.000000,-32.445940,1.817330,49.030470,349.893800,297.678800,355.954300,104.047200,98.172010,0.300000,1000.000000,0.900730,2468,2740,50.000000,off,,0,0,-1,1,1
1765268537600,2025-12-09 16:22:17.600,688.611300,10.260740,23,9,2,0.029586,0.004477,-0.043502,0.314148,-0.129227,0.940521,-32.395320,1.811693,49.039250,-0.699389,0.014277,0.714577,-59.9992752,2.37518716,77.2426605,39.4680672,Building,Surface,2.723831,1.969223,0.155430,0.000000,-32.447490,1.817084,49.033150,349.936400,297.940800,355.700300,104.047200,98.172010,0.300000,1000.000000,0.900730,2468,2740,50.000000,off,,0,0,-1,1,1
1765268537611,2025-12-09 16:22:17.611,688.622400,10.271850,23,9,2,0.030326,0.005326,-0.046270,0.291214,-0.097153,0.951706,-32.393980,1.811586,49.040880,-0.710388,0.047858,0.702173,-60.9257126,3.73373437,77.2426605,40.163353,Building,Surface,2.826859,1.993759,0.155430,0.000000,-32.449070,1.816751,49.035660,349.974100,298.225100,355.509500,104.047200,98.172010,0.300000,1000.000000,0.900730,2468,2740,50.000000,off,,0,0,-1,1,1
1765268537623,2025-12-09 16:22:17.623,688.633600,10.283020,23,9,2,0.030342,0.005286,-0.046131,0.295029,-0.102570,0.949951,-32.395520,1.811076,49.043000,-0.704581,0.040497,0.708446,-60.4413414,3.4230566,77.2426605,39.8043671,Building,Surface,2.845047,2.188583,0.152493,0.000000,-32.450520,1.816276,49.037990,350.026200,298.533600,355.392900,104.047200,98.172010,0.300000,1000.000000,0.900730,2468,2740,50.000000,off,,0,0,-1,1,1
1765268537634,2025-12-09 16:22:17.634,688.644700,10.294130,23,9,2,0.030341,0.005231,-0.045967,0.295532,-0.104767,0.949554,-32.396980,1.810646,49.045040,-0.700986,0.035746,0.712257,-60.1483955,3.22579885,77.2426605,39.5885048,Building,Surface,2.834122,2.571121,0.009653,0.000000,-32.451850,1.815820,49.040240,350.149200,298.829200,355.305500,104.047200,98.172010,0.300000,1000.000000,0.900730,2468,2740,50.000000,off,,0,0,-1,1,1
1765268537645,2025-12-09 16:22:17.645,688.655800,10.305180,23,9,2,0.030341,0.005231,-0.045967,0.295532,-0.104767,0.949554,-32.398230,1.810327,49.046760,-0.697532,0.032517,0.715794,-59.8747673,3.0912075,77.2426605,39.3904762,Building,Surface,2.834122,2.571121,0.009653,0.000000,-32.453140,1.815351,49.042240,350.340900,299.115100,355.300500,104.047200,98.172010,0.300000,1000.000000,0.900730,2468,2740,50.000000,off,,0,0,-1,1,1
1765268537656,2025-12-09 16:22:17.656,688.666900,10.316280,23,9,2,0.030401,0.004950,-0.044388,0.291977,-0.051102,0.955048,-32.400810,1.810056,49.049210,-0.690860,0.082815,0.718215,-59.5204468,5.06094933,77.2426605,39.2544708,Building,Surface,2.858795,2.584396,0.000607,0.000000,-32.454370,1.814935,49.044140,350.556200,299.386700,355.290000,104.047200,98.172010,0.300000,1000.000000,0.900730,2468,2740,50.000000,off,,0,0,-1,1,1
1765268537667,2025-12-09 16:22:17.667,688.678000,10.327390,23,9,2,0.030342,0.005286,-0.046131,0.295029,-0.102570,0.949951,-32.400370,1.809904,49.049710,-0.691128,0.026411,0.722229,-59.3792572,2.84088564,77.2426605,39.0354424,Building,Surface,2.845047,2.188583,0.000607,0.000000,-32.455510,1.814499,49.045810,350.841800,299.657700,355.300800,104.047200,98.172010,0.300000,1000.000000,0.900730,2468,2740,50.000000,off,,0,0,-1,1,1
1765268537678,2025-12-09 16:22:17.678,688.689100,10.338560,23,9,2,0.030342,0.005286,-0.046131,0.295029,-0.102570,0.949951,-32.401390,1.809758,49.051010,-0.687677,0.021907,0.725665,-59.1172295,2.66083288,77.2426605,38.8488045,Building,Surface,2.845047,2.188583,0.000607,0.000000,-32.456570,1.814110,49.047390,351.121300,299.934000,355.335100,104.047200,98.172010,0.300000,1000.000000,0.900730,2468,2740,50.000000,off,,0,0,-1,1,1
1765268537689,2025-12-09 16:22:17.689,688.700200,10.349610,23,9,2,0.030341,0.005231,-0.045967,0.295532,-0.104767,0.949554,-32.402490,1.809559,49.052170,-0.683668,0.015391,0.729610,-58.8178902,2.40423131,77.2426605,38.6371651,Building,Surface,2.834122,2.571121,0.000009,0.000000,-32.457550,1.813717,49.048770,351.383200,300.235500,355.361100,104.047200,98.172010,0.300000,1000.000000,0.900730,2468,2740,50.000000,off,,0,0,-1,1,1
1765268537701,2025-12-09 16:22:17.701,688.711300,10.360720,23,9,2,0.030399,0.004900,-0.044165,0.294785,-0.035477,0.954895,-32.404910,1.809369,49.054130,-0.672895,0.080882,0.735290,-58.2014275,4.91011095,77.2426605,38.3362503,Building,Surface,2.859024,2.789474,0.000009,0.000000,-32.458440,1.813409,49.050100,351.606600,300.564000,355.373800,104.047200,98.172010,0.300000,1000.000000,0.900730,2468,2740,50.000000,off,,0,0,-1,1,1
1765268537712,2025-12-09 16:22:17.712,688.722400,10.371830,23,9,2,0.030449,0.005208,-0.045044,0.330429,-0.062561,0.941742,-32.404760,1.809421,49.054520,-0.643472,0.046665,0.764029,-56.1450691,3.53108168,77.2426605,36.8936005,Building,Surface,2.768890,2.559845,0.000037,0.000000,-32.459160,1.813176,49.051250,351.765900,300.952400,355.352700,104.047200,98.172010,0.300000,1000.000000,0.900730,2468,2740,50.000000,off,,0,0,-1,1,1
1765268537723,2025-12-09 16:22:17.723,688.733500,10.382930,23,9,2,0.030449,0.005208,-0.045044,0.330429,-0.062561,0.941742,-32.405330,1.809407,49.055120,-0.637873,0.044856,0.768818,-55.7919769,3.45398378,77.2426605,36.6630211,Building,Surface,2.768890,2.559845,0.000037,0.000000,-32.459740,1.813117,49.052270,351.858000,301.381500,355.300900,104.047200,98.172010,0.300000,1000.000000,0.900730,2468,2740,50.000000,off,,0,0,-1,1,1
1765268537734,2025-12-09 16:22:17.734,688.744600,10.394040,23,9,2,0.030540,0.004992,-0.044285,0.295670,-0.029999,0.954804,-32.406550,1.809268,49.056150,-0.655843,0.080111,0.750614,-54.8650208,4.55256224,74.7599258,34.243145,HS-07,Signage,2.916077,2.701797,0.000009,0.000000,-32.460360,1.813063,49.053230,351.933700,301.810600,355.245300,104.047200,98.172010,0.300000,1000.000000,0.900730,2468,2740,50.000000,off,Node9,0.873857141,0,-0.48618269,1,1
1765268537745,2025-12-09 16:22:17.745,688.755800,10.405210,23,9,2,-0.016671,0.008318,-0.050179,0.269836,0.052429,0.961472,-32.426260,1.815761,49.013190,-0.655561,0.163290,0.737268,-43.1398201,4.48434067,61.0620537,16.3424797,HS-02,Signage,2.792831,2.497971,0.000000,0.000000,-32.460910,1.813161,49.053900,351.993000,302.276200,355.197200,104.047200,98.172010,0.300000,1000.000000,0.900730,2468,2740,50.000000,off,Node9,-0.029666245,0,-0.99955982,1,1
1765268537755,2025-12-09 16:22:17.755,688.766800,10.416200,23,9,2,-0.016671,0.008318,-0.050179,0.269836,0.052429,0.961472,-32.427080,1.815875,49.013570,-0.650028,0.162162,0.742398,-42.9721184,4.44653845,61.0570755,16.2223396,HS-02,Signage,2.792831,2.497971,0.000000,0.000000,-32.461420,1.813214,49.054540,352.054300,302.716500,355.172900,104.047200,98.172010,0.300000,1000.000000,0.900730,2468,2740,50.000000,off,Node9,-0.029666245,0,-0.99955982,1,1
1765268537767,2025-12-09 16:22:17.767,688.777900,10.427310,23,9,2,0.030449,0.005208,-0.045044,0.330429,-0.062561,0.941742,-32.407330,1.809717,49.056020,-0.614013,0.040291,0.788251,-54.3634834,3.25046182,77.2426605,35.7580109,Building,Surface,2.768890,2.559845,0.000000,0.000000,-32.461810,1.813314,49.054860,352.090800,303.162400,355.171300,104.047200,98.172010,0.300000,1000.000000,0.900730,2468,2740,50.000000,off,,0,0,-1,1,1
1765268537778,2025-12-09 16:22:17.778,688.789100,10.438540,23,9,2,0.030540,0.004992,-0.044285,0.295670,-0.029999,0.954804,-32.408280,1.809671,49.056240,-0.632164,0.076899,0.770990,-55.5194054,4.62100124,77.2426605,36.558197,Building,Surface,2.916077,2.701797,0.000000,0.000000,-32.462170,1.813351,49.055020,352.113400,303.613000,355.201100,104.047200,98.172010,0.300000,1000.000000,0.900730,2468,2740,50.000000,off,,0,0,-1,1,1
1765268537789,2025-12-09 16:22:17.789,688.800200,10.449580,23,9,2,-0.018197,0.009300,-0.053347,0.244583,0.025711,0.969284,-32.427150,1.816792,49.010330,-0.657203,0.137457,0.741069,-43.1143227,4.05206251,61.0612946,16.2615433,HS-02,Signage,2.909225,2.551147,0.000000,0.000000,-32.462430,1.813389,49.055130,352.161600,304.059500,355.237500,104.047200,98.172010,0.300000,1000.000000,0.900730,2468,2740,50.000000,off,Node9,-0.029666245,0,-0.99955982,1,1
1765268537800,2025-12-09 16:22:17.800,688.811300,10.460750,23,9,2,-0.018197,0.009300,-0.053347,0.244583,0.025711,0.969284,-32.427750,1.816808,49.009870,-0.651329,0.136899,0.746340,-42.9404945,4.02642012,61.0561371,16.1404076,HS-02,Signage,2.909225,2.551147,0.000000,0.000000,-32.462660,1.813377,49.054970,352.213600,304.517600,355.311000,104.047200,98.172010,0.300000,1000.000000,0.900730,2468,2740,50.000000,off,Node9,-0.029666245,0,-0.99955982,1,1
1765268537812,2025-12-09 16:22:17.812,688.822400,10.471860,23,9,2,-0.022504,0.009141,-0.052041,0.230789,0.001755,0.972992,-32.431760,1.817147,49.006480,-0.659628,0.114631,0.742786,-55.0333366,5.74487877,74.4573975,34.2637978,HS-07,Signage,2.334183,2.420731,0.000000,0.000000,-32.462770,1.813348,49.054680,352.246800,304.995400,355.393700,104.047200,98.172010,0.300000,1000.000000,0.900730,2468,2740,50.000000,off,Node9,0.873857141,0,-0.48618269,1,1
1765268537823,2025-12-09 16:22:17.823,688.833600,10.482970,23,9,2,-0.023524,0.008574,-0.049693,0.217835,0.068970,0.973541,-32.434820,1.816895,49.006310,-0.650732,0.182284,0.737097,-57.3627357,8.79973984,77.2426605,38.3073463,Building,Surface,2.344559,2.482956,0.000000,0.000000,-32.462840,1.813289,49.054250,352.262800,305.477900,355.505500,104.047200,98.172010,0.300000,1000.000000,0.900730,2468,2740,50.000000,off,,0,0,-1,1,1
1765268537834,2025-12-09 16:22:17.834,688.844500,10.493960,23,9,2,-0.023524,0.008574,-0.049693,0.217835,0.068970,0.973541,-32.435290,1.816898,49.005380,-0.644223,0.182930,0.742633,-56.9307175,8.77248192,77.2426605,38.0230179,Building,Surface,2.344559,2.482956,0.000000,0.000000,-32.462860,1.813356,49.053580,352.260900,305.982800,355.665200,104.047200,98.172010,0.300000,1000.000000,0.900730,2468,2740,50.000000,off,,0,0,-1,1,1
1765268537845,2025-12-09 16:22:17.845,688.855800,10.505250,23,9,2,-0.029124,0.008958,-0.050375,0.261658,0.068497,0.962723,-32.438300,1.817659,48.999510,-0.603676,0.178704,0.776937,-54.3830795,8.31389141,77.2426605,36.3517494,Building,Surface,2.445190,2.596680,0.000000,0.000000,-32.462760,1.813502,49.052900,352.245800,306.470700,355.824100,104.047200,98.172010,0.300000,1000.000000,0.900730,2468,2740,50.000000,off,,0,0,-1,1,1
1765268537855,2025-12-09 16:22:17.855,688.866800,10.516170,23,9,2,0.011655,0.006293,-0.045537,0.127091,0.018738,0.991699,-32.418730,1.812869,49.033970,-0.706716,0.144200,0.692625,-44.739975,4.32692432,61.1095428,17.434248,HS-02,Signage,2.596924,2.509552,0.000000,0.000000,-32.462620,1.813613,49.051930,352.213900,306.986200,356.050800,104.047200,98.172010,0.300000,1000.000000,0.900730,2468,2740,50.000000,off,Node9,-0.029666245,0,-0.99955982,1,1
1765268537866,2025-12-09 16:22:17.866,688.877900,10.527280,23,9,2,-0.023524,0.008574,-0.049693,0.217835,0.068970,0.973541,-32.436280,1.816918,49.001880,-0.624399,0.186236,0.758573,-55.6819191,8.75026417,77.2426605,37.228653,Building,Surface,2.344559,2.482956,0.000000,0.000000,-32.462480,1.813668,49.050870,352.202300,307.490800,356.270800,104.047200,98.172010,0.300000,1000.000000,0.900730,2468,2740,50.000000,off,,0,0,-1,1,1
1765268537878,2025-12-09 16:22:17.878,688.889000,10.538450,23,9,2,-0.023524,0.008574,-0.049693,0.217835,0.068970,0.973541,-32.436490,1.816936,49.000330,-0.617829,0.186933,0.763764,-55.2824554,8.72931099,77.2426605,36.9776764,Building,Surface,2.344559,2.482956,0.000000,0.000000,-32.462230,1.813773,49.049560,352.220200,307.992300,356.530600,104.047200,98.172010,0.300000,1000.000000,0.900730,2468,2740,50.000000,off,,0,0,-1,1,1
1765268537889,2025-12-09 16:22:17.889,688.900100,10.549500,23,9,2,-0.029124,0.008958,-0.050375,0.261658,0.068497,0.962723,-32.439530,1.817686,48.993790,-0.576199,0.182790,0.796602,-51.0500412,7.72156334,74.7230453,32.2986336,Building,Surface,2.445190,2.596680,0.000001,0.000000,-32.461940,1.813984,49.048100,352.264700,308.478500,356.781900,104.047200,98.172010,0.300000,1000.000000,0.900730,2468,2740,50.000000,off,,0,0,-1,1,1
1765268537900,2025-12-09 16:22:17.900,688.911300,10.560670,23,9,2,0.020107,0.005718,-0.044443,0.130386,0.027649,0.991074,-32.414050,1.812817,49.034290,-0.678669,0.153940,0.718125,-43.7994728,4.39533043,61.0816307,16.7760429,HS-02,Signage,2.733963,2.447968,0.000000,0.000000,-32.461600,1.814180,49.046540,352.268200,308.961100,357.003300,104.047200,98.172010,0.300000,1000.000000,0.900730,2468,2740,50.000000,off,Node9,-0.029666245,0,-0.99955982,1,1
1765268537912,2025-12-09 16:22:17.912,688.922400,10.571840,23,9,2,-0.003554,0.007483,-0.047917,0.134140,0.026169,0.990601,-32.425750,1.815460,49.011470,-0.669866,0.153495,0.726421,-43.5493507,4.36435318,61.0742073,16.6054497,HS-02,Signage,2.642471,2.518097,0.000000,0.000000,-32.461190,1.814368,49.044750,352.222500,309.452200,357.215000,104.047200,98.172010,0.300000,1000.000000,0.900730,2468,2740,50.000000,off,Node9,-0.029666245,0,-0.99955982,1,1
1765268537923,2025-12-09 16:22:17.923,688.933400,10.582820,23,9,2,-0.003554,0.007483,-0.047917,0.134140,0.026169,0.990601,-32.425590,1.815594,49.009200,-0.663722,0.155085,0.731703,-43.3646889,4.37161922,61.0687256,16.4811802,HS-02,Signage,2.642471,2.518097,0.000000,0.000000,-32.460730,1.814569,49.042800,352.154700,309.923600,357.400200,104.047200,98.172010,0.300000,1000.000000,0.900730,2468,2740,50.000000,off,Node9,-0.029666245,0,-0.99955982,1,1
1765268537934,2025-12-09 16:22:17.934,688.944500,10.593930,23,9,2,-0.014691,0.008262,-0.049276,0.127747,0.026749,0.991440,-32.431370,1.816761,48.997380,-0.662259,0.157485,0.732529,-43.3441849,4.41182566,61.068119,16.4780655,HS-02,Signage,2.726135,2.468552,0.000001,0.000000,-32.460190,1.814747,49.040710,352.094100,310.391900,357.574200,104.047200,98.172010,0.300000,1000.000000,0.900730,2468,2740,50.000000,off,Node9,-0.029666245,0,-0.99955982,1,1
1765268537945,2025-12-09 16:22:17.945,688.955600,10.605040,23,9,2,-0.006805,0.008003,-0.049234,0.110199,0.034576,0.993301,-32.426050,1.816207,49.000840,-0.667862,0.167747,0.725127,-58.437542,8.34951973,77.2426605,38.9471817,Building,Surface,2.791199,2.200729,0.000154,0.000000,-32.459550,1.814854,49.038390,352.023700,310.861200,357.740600,104.047200,98.172010,0.300000,1000.000000,0.900730,2468,2740,50.000000,off,,0,0,-1,1,1
1765268537956,2025-12-09 16:22:17.956,688.966700,10.616150,23,9,2,-0.006805,0.008003,-0.049234,0.110199,0.034576,0.993301,-32.425760,1.816276,48.998220,-0.661656,0.169268,0.730443,-58.0103836,8.36145496,77.2426605,38.667305,Building,Surface,2.791199,2.200729,0.000154,0.000000,-32.458930,1.815002,49.036060,351.953100,311.339300,357.903200,104.047200,98.172010,0.300000,1000.000000,0.900730,2468,2740,50.000000,off,,0,0,-1,1,1
1765268537967,2025-12-09 16:22:17.967,688.977800,10.627260,23,9,2,-0.026419,0.008480,-0.048797,0.076279,0.066315,0.994873,-32.438670,1.817532,48.980930,-0.674934,0.203597,0.709226,-59.3339233,9.93060493,77.2426605,39.8484802,Building,Surface,2.510544,2.529419,0.000039,0.000000,-32.458240,1.815147,49.033490,351.878200,311.820900,358.051400,104.047200,98.172010,0.300000,1000.000000,0.900730,2468,2740,50.000000,off,,0,0,-1,1,1
1765268537978,2025-12-09 16:22:17.978,688.989100,10.638490,23,9,2,-0.014691,0.008262,-0.049276,0.127747,0.026749,0.991440,-32.430320,1.816910,48.986560,-0.637257,0.164142,0.752960,-42.6376266,4.44606495,61.0471458,16.0174694,HS-02,Signage,2.726135,2.468552,0.000000,0.000000,-32.457630,1.815321,49.030880,351.786800,312.271300,358.207900,104.047200,98.172010,0.300000,1000.000000,0.900730,2468,2740,50.000000,off,Node9,-0.029666245,0,-0.99955982,1,1
1765268537990,2025-12-09 16:22:17.990,689.000100,10.649540,23,9,2,-0.014691,0.008262,-0.049276,0.127747,0.026749,0.991440,-32.430090,1.817045,48.983550,-0.631214,0.166605,0.757495,-42.478653,4.46929932,61.0424271,15.9193144,HS-02,Signage,2.726135,2.468552,0.000000,0.000000,-32.457040,1.815602,49.028090,351.661300,312.709800,358.353100,104.047200,98.172010,0.300000,1000.000000,0.900730,2468,2740,50.000000,off,Node9,-0.029666245,0,-0.99955982,1,1
1765268538001,2025-12-09 16:22:18.001,689.011200,10.660640,23,9,2,-0.006805,0.008003,-0.049234,0.110199,0.034576,0.993301,-32.424580,1.816725,48.986340,-0.637911,0.177851,0.749283,-56.4809265,8.52368927,77.2426605,37.7108917,Building,Surface,2.791199,2.200729,0.000039,0.000000,-32.456500,1.815899,49.025260,351.517500,313.109600,358.499400,104.047200,98.172010,0.300000,1000.000000,0.900730,2468,2740,50.000000,off,,0,0,-1,1,1
1765268538012,2025-12-09 16:22:18.012,689.022300,10.671690,23,9,2,-0.028598,0.009100,-0.050626,0.130920,0.049103,0.990173,-32.438150,1.818334,48.966190,-0.614296,0.193991,0.764854,-55.1485214,8.99013424,77.2426605,36.9696426,Building,Surface,2.638321,2.472488,0.000158,0.000000,-32.456010,1.816249,49.022230,351.367900,313.492600,358.603000,104.047200,98.172010,0.300000,1000.000000,0.900730,2468,2740,50.000000,off,,0,0,-1,1,1
1765268538023,2025-12-09 16:22:18.023,689.033400,10.682800,23,9,2,-0.019562,0.008731,-0.050183,0.201798,0.081070,0.976059,-32.432320,1.817953,48.969780,-0.546125,0.224891,0.806943,-51.5669174,9.69746494,77.2426605,35.0367699,Building,Surface,2.548157,2.541779,0.159383,0.000000,-32.455680,1.816566,49.019070,351.200800,313.850600,358.703100,104.047200,98.172010,0.300000,1000.000000,0.900730,2468,2740,50.000000,off,,0,0,-1,1,1
1765268538034,2025-12-09 16:22:18.034,689.044500,10.693910,23,9,2,-0.019562,0.008731,-0.050183,0.201798,0.081070,0.976059,-32.432250,1.818162,48.966490,-0.541077,0.227435,0.809626,-51.3293571,9.76132393,77.2426605,34.9247169,Building,Surface,2.548157,2.541779,0.159383,0.000000,-32.455310,1.816927,49.015930,351.070400,314.186300,358.810200,104.047200,98.172010,0.300000,1000.000000,0.900730,2468,2740,50.000000,off,,0,0,-1,1,1
1765268538044,2025-12-09 16:22:18.044,689.055600,10.705020,23,9,2,0.010644,0.006764,-0.046421,0.204010,0.029190,0.978516,-32.414090,1.816433,48.987430,-0.543428,0.178707,0.820192,-40.3596039,4.42932558,60.979538,14.6208439,HS-02,Signage,2.724350,2.705276,0.159383,0.000000,-32.455080,1.817254,49.012590,350.957600,314.474500,358.889500,104.047200,98.172010,0.300000,1000.000000,0.900730,2468,2740,50.000000,off,Node9,-0.029666245,0,-0.99955982,1,1
1765268538055,2025-12-09 16:22:18.055,689.066700,10.716130,23,9,2,0.025225,0.005630,-0.043889,0.171310,-0.008301,0.985169,-32.405720,1.815654,48.996120,-0.571610,0.145256,0.807549,-40.8993187,3.97402453,60.9955559,14.8588772,HS-02,Signage,2.779892,2.639572,0.000156,0.000000,-32.454910,1.817517,49.009220,350.859800,314.747300,358.968300,104.047200,98.172010,0.300000,1000.000000,0.900730,2468,2740,50.000000,off,Node9,-0.029666245,0,-0.99955982,1,1
1765268538067,2025-12-09 16:22:18.067,689.077800,10.727230,23,9,2,0.013265,0.006556,-0.045835,0.140076,0.033554,0.989563,-32.412650,1.816691,48.982500,-0.588237,0.189483,0.786166,-53.5578995,8.62800217,77.2426605,35.9465141,Building,Surface,2.745087,2.594620,0.009839,0.000000,-32.454840,1.817790,49.005720,350.772200,314.961000,359.039300,104.047200,98.172010,0.300000,1000.000000,0.900730,2468,2740,50.000000,off,,0,0,-1,1,1
1765268538078,2025-12-09 16:22:18.078,689.089100,10.738460,23,9,2,0.013265,0.006556,-0.045835,0.140076,0.033554,0.989563,-32.412760,1.816823,48.978780,-0.585466,0.191031,0.787857,-53.4159851,8.6699419,77.2426605,35.8740578,Building,Surface,2.745087,2.594620,0.009839,0.000000,-32.454860,1.817972,49.002150,350.691100,315.149400,359.110500,104.047200,98.172010,0.300000,1000.000000,0.900730,2468,2740,50.000000,off,,0,0,-1,1,1
1765268538089,2025-12-09 16:22:18.089,689.100000,10.749450,23,9,2,0.010644,0.006764,-0.046421,0.204010,0.029190,0.978516,-32.414420,1.817057,48.972760,-0.531263,0.185370,0.826657,-50.5824814,8.1563139,77.2426605,34.1972466,Building,Surface,2.724350,2.705276,0.000039,0.000000,-32.455040,1.818111,48.998500,350.614400,315.265600,359.146000,104.047200,98.172010,0.300000,1000.000000,0.900730,2468,2740,50.000000,off,,0,0,-1,1,1
1765268538100,2025-12-09 16:22:18.100,689.111100,10.760560,23,9,2,0.025225,0.005630,-0.043889,0.171310,-0.008301,0.985169,-32.406220,1.816161,48.981090,-0.562189,0.151803,0.812941,-40.7109528,4.05861568,60.9899635,14.7719412,HS-02,Signage,2.779892,2.639572,0.002490,0.000000,-32.455250,1.818198,48.994730,350.511700,315.361200,359.182500,104.047200,98.172010,0.300000,1000.000000,0.900730,2468,2740,50.000000,off,Node9,-0.029666245,0,-0.99955982,1,1
1765268538111,2025-12-09 16:22:18.111,689.122300,10.771730,23,9,2,0.025225,0.005630,-0.043889,0.171310,-0.008301,0.985169,-32.406560,1.816190,48.977330,-0.560874,0.153619,0.813507,-40.6882286,4.08447552,60.9892921,14.7654467,HS-02,Signage,2.779892,2.639572,0.002490,0.000000,-32.455560,1.818286,48.991040,350.412500,315.439300,359.226300,104.047200,98.172010,0.300000,1000.000000,0.900730,2468,2740,50.000000,off,Node9,-0.029666245,0,-0.99955982,1,1
1765268538122,2025-12-09 16:22:18.122,689.133400,10.782780,23,9,2,0.024981,0.005823,-0.044468,0.116974,-0.031219,0.992630,-32.406730,1.816291,48.972900,-0.606750,0.135030,0.783322,-41.7386017,3.89306474,61.0204659,15.3798771,HS-02,Signage,2.558060,2.397003,0.009778,0.000000,-32.455980,1.818362,48.987250,350.298200,315.483000,359.266100,104.047200,98.172010,0.300000,1000.000000,0.900730,2468,2740,50.000000,off,Node9,-0.029666245,0,-0.99955982,1,1
1765268538133,2025-12-09 16:22:18.133,689.144500,10.793950,23,9,2,0.027086,0.005546,-0.043853,0.110977,-0.028824,0.993393,-32.406230,1.816141,48.971030,-0.610324,0.139822,0.779699,-41.840519,3.97748685,61.0234909,15.4576502,HS-02,Signage,2.598282,2.457428,0.002490,0.000000,-32.456500,1.818469,48.983490,350.176100,315.532000,359.334200,104.047200,98.172010,0.300000,1000.000000,0.900730,2468,2740,50.000000,off,Node9,-0.029666245,0,-0.99955982,1,1
1765268538145,2025-12-09 16:22:18.145,689.155700,10.805110,23,9,2,0.024917,0.005792,-0.044604,0.117264,-0.009872,0.993042,-32.407810,1.816306,48.965190,-0.602913,0.160783,0.781425,-41.7084351,4.29656839,61.0195694,15.4259977,HS-02,Signage,2.668671,2.520828,0.002460,0.000000,-32.457080,1.818564,48.979730,350.044200,315.530600,359.415100,104.047200,98.172010,0.300000,1000.000000,0.900730,2468,2740,50.000000,off,Node9,-0.029666245,0,-0.99955982,1,1
1765268538156,2025-12-09 16:22:18.156,689.166600,10.816040,23,9,2,0.024917,0.005792,-0.044604,0.117264,-0.009872,0.993042,-32.408470,1.816369,48.961460,-0.602793,0.163050,0.781048,-41.7147598,4.33363438,61.0197563,15.4384623,HS-02,Signage,2.668671,2.520828,0.002460,0.000000,-32.457740,1.818682,48.976000,349.922500,315.519100,359.507600,104.047200,98.172010,0.300000,1000.000000,0.900730,2468,2740,50.000000,off,Node9,-0.029666245,0,-0.99955982,1,1
1765268538167,2025-12-09 16:22:18.167,689.177800,10.827210,23,9,2,0.010351,0.006515,-0.045761,0.057938,-0.025406,0.997986,-32.418670,1.817002,48.946690,-0.650584,0.151721,0.744109,-43.0078621,4.28647995,61.058136,16.2762527,HS-02,Signage,2.641617,2.620483,0.000040,0.000000,-32.458460,1.818782,48.972330,349.777600,315.486100,359.609600,104.047200,98.172010,0.300000,1000.000000,0.900730,2468,2740,50.000000,off,Node9,-0.029666245,0,-0.99955982,1,1
1765268538178,2025-12-09 16:22:18.178,689.188900,10.838320,23,9,2,-0.031054,0.008891,-0.049970,0.123673,0.060394,0.990479,-32.445650,1.818756,48.910710,-0.588421,0.236484,0.773193,-54.0070305,10.4841919,77.2426605,36.6426353,Building,Surface,2.689957,2.569733,0.000039,0.000000,-32.459240,1.818811,48.968640,349.663400,315.396100,359.693300,104.047200,98.172010,0.300000,1000.000000,0.900730,2468,2740,50.000000,off,,0,0,-1,1,1
1765268538189,2025-12-09 16:22:18.189,689.200000,10.849370,23,9,2,-0.031054,0.008891,-0.049970,0.123673,0.060394,0.990479,-32.446350,1.818724,48.907050,-0.589582,0.237722,0.771927,-54.088501,10.5449343,77.2426605,36.7074432,Building,Surface,2.689957,2.569733,0.000039,0.000000,-32.460010,1.818894,48.964970,349.604600,315.301400,359.810300,104.047200,98.172010,0.300000,1000.000000,0.900730,2468,2740,50.000000,off,,0,0,-1,1,1
1765268538200,2025-12-09 16:22:18.200,689.211100,10.860470,23,9,2,0.024917,0.005792,-0.044604,0.117264,-0.009872,0.993042,-32.411470,1.816526,48.947080,-0.606761,0.169644,0.776558,-41.847496,4.45473957,61.0236969,15.5513163,HS-02,Signage,2.668671,2.520828,0.000156,0.000000,-32.460820,1.818943,48.961350,349.581700,315.165200,359.889900,104.047200,98.172010,0.300000,1000.000000,0.900730,2468,2740,50.000000,off,Node9,-0.029666245,0,-0.99955982,1,1
1765268538211,2025-12-09 16:22:18.211,689.222200,10.871640,23,9,2,0.010351,0.006515,-0.045761,0.057938,-0.025406,0.997986,-32.421630,1.817088,48.932420,-0.655891,0.155659,0.738617,-43.1941605,4.37367344,61.0636635,16.4240875,HS-02,Signage,2.641617,2.620483,0.002506,0.000000,-32.461590,1.818963,48.957780,349.571800,315.032300,0.006983,104.047200,98.172010,0.300000,1000.000000,0.900730,2468,2740,50.000000,off,Node9,-0.029666245,0,-0.99955982,1,1
1765268538222,2025-12-09 16:22:18.222,689.233400,10.882810,23,9,2,-0.029773,0.008873,-0.050001,0.118027,0.050812,0.991699,-32.447280,1.818676,48.897380,-0.601512,0.228788,0.765388,-54.7235909,10.2915802,77.2426605,37.0334854,Building,Surface,2.712296,2.590607,0.002521,0.000000,-32.462240,1.819011,48.954320,349.626600,314.878800,0.117745,104.047200,98.172010,0.300000,1000.000000,0.900730,2468,2740,50.000000,off,,0,0,-1,1,1
1765268538234,2025-12-09 16:22:18.234,689.244400,10.893860,23,9,2,-0.029773,0.008873,-0.050001,0.118027,0.050812,0.991699,-32.447850,1.818671,48.893960,-0.603310,0.228362,0.764099,-54.8311462,10.29109,77.2426605,37.100441,Building,Surface,2.712296,2.590607,0.002521,0.000000,-32.462900,1.819032,48.950870,349.666100,314.755800,0.236770,104.047200,98.172010,0.300000,1000.000000,0.900730,2468,2740,50.000000,off,,0,0,-1,1,1
1765268538245,2025-12-09 16:22:18.245,689.255700,10.905090,23,9,2,-0.022501,0.008494,-0.049372,0.106857,0.032333,0.993744,-32.443720,1.818606,48.896400,-0.617120,0.209943,0.758339,-55.5113029,9.66614914,77.2426605,37.3792381,Building,Surface,2.687378,2.582809,0.009778,0.000000,-32.463540,1.819195,48.947620,349.708800,314.598400,0.325200,104.047200,98.172010,0.300000,1000.000000,0.900730,2468,2740,50.000000,off,,0,0,-1,1,1
1765268538256,2025-12-09 16:22:18.256,689.266700,10.916140,23,9,2,-0.013813,0.007868,-0.048226,0.098267,0.003510,0.995148,-32.438980,1.818412,48.900310,-0.629755,0.181923,0.755182,-56.0739975,8.64607143,77.2426605,37.5302505,Building,Surface,2.720505,2.624863,0.009778,0.000000,-32.464140,1.819376,48.944400,349.704800,314.440900,0.365752,104.047200,98.172010,0.300000,1000.000000,0.900730,2468,2740,50.000000,off,,0,0,-1,1,1
1765268538267,2025-12-09 16:22:18.267,689.277800,10.927250,23,9,2,0.014272,0.006188,-0.045277,0.035263,-0.033539,0.998810,-32.422160,1.817585,48.919500,-0.683037,0.146466,0.715540,-44.0386086,4.30854034,61.088726,17.0069656,HS-02,Signage,2.683075,2.640656,0.000623,0.000000,-32.464790,1.819531,48.941190,349.662400,314.275800,0.372968,104.047200,98.172010,0.300000,1000.000000,0.900730,2468,2740,50.000000,off,Node9,-0.029666245,0,-0.99955982,1,1
1765268538278,2025-12-09 16:22:18.278,689.288900,10.938290,23,9,2,0.014272,0.006188,-0.045277,0.035263,-0.033539,0.998810,-32.422600,1.817653,48.916660,-0.685432,0.147747,0.712982,-44.1268501,4.34054041,61.0913467,17.0756397,HS-02,Signage,2.683075,2.640656,0.000623,0.000000,-32.465310,1.819663,48.938200,349.587500,314.073300,0.353796,104.047200,98.172010,0.300000,1000.000000,0.900730,2468,2740,50.000000,off,Node9,-0.029666245,0,-0.99955982,1,1
1765268538289,2025-12-09 16:22:18.289,689.300000,10.949400,23,9,2,-0.022501,0.008494,-0.049372,0.106857,0.032333,0.993744,-32.445340,1.819049,48.884340,-0.625993,0.213302,0.750084,-56.1121826,9.88332844,77.2426605,37.8066902,Building,Surface,2.687378,2.582809,0.039602,0.000000,-32.465790,1.819816,48.935300,349.512600,313.885100,0.342532,104.047200,98.172010,0.300000,1000.000000,0.900730,2468,2740,50.000000,off,,0,0,-1,1,1
1765268538300,2025-12-09 16:22:18.300,689.311100,10.960510,23,9,2,-0.013813,0.007868,-0.048226,0.098267,0.003510,0.995148,-32.440430,1.818684,48.888760,-0.639078,0.187022,0.746050,-56.7288208,8.92652225,77.2426605,38.0051422,Building,Surface,2.720505,2.624863,0.000158,0.000000,-32.466180,1.819899,48.932510,349.404000,313.676500,0.345436,104.047200,98.172010,0.300000,1000.000000,0.900730,2468,2740,50.000000,off,,0,0,-1,1,1
1765268538311,2025-12-09 16:22:18.311,689.322100,10.971560,23,9,2,-0.013813,0.007868,-0.048226,0.098267,0.003510,0.995148,-32.440630,1.818719,48.886140,-0.641530,0.188551,0.743556,-56.9062424,9.0093689,77.2426605,38.1361275,Building,Surface,2.720505,2.624863,0.000158,0.000000,-32.466530,1.820019,48.929800,349.319600,313.471600,0.398073,104.047200,98.172010,0.300000,1000.000000,0.900730,2468,2740,50.000000,off,,0,0,-1,1,1
1765268538323,2025-12-09 16:22:18.323,689.333300,10.982670,23,9,2,0.005695,0.006722,-0.046253,0.036087,-0.046509,0.998261,-32.428900,1.818138,48.899360,-0.695561,0.140738,0.704540,-44.4757271,4.25566101,61.1016998,17.3194866,HS-02,Signage,2.623413,2.601227,0.009900,0.000000,-32.466780,1.820110,48.927260,349.254400,313.255400,0.493795,104.047200,98.172010,0.300000,1000.000000,0.900730,2468,2740,50.000000,off,Node9,-0.029666245,0,-0.99955982,1,1
1765268538334,2025-12-09 16:22:18.334,689.344300,10.993710,23,9,2,-0.016173,0.008072,-0.048804,0.064133,-0.025909,0.997604,-32.441870,1.818731,48.879260,-0.675952,0.161979,0.718923,-59.1099701,8.20922756,77.2426605,39.4526024,Building,Surface,2.470428,2.636154,0.039601,0.000000,-32.466900,1.820110,48.924860,349.211100,313.022000,0.623835,104.047200,98.172010,0.300000,1000.000000,0.900730,2468,2740,50.000000,off,,0,0,-1,1,1
1765268538345,2025-12-09 16:22:18.345,689.355400,11.004820,23,9,2,-0.012828,0.007782,-0.048070,0.061493,-0.021454,0.997864,-32.440090,1.818493,48.879950,-0.680355,0.166679,0.713659,-59.4792099,8.44275951,77.2426605,39.7421455,Building,Surface,2.543564,2.666550,0.000619,0.000000,-32.467010,1.820020,48.922470,349.200900,312.777000,0.745078,104.047200,98.172010,0.300000,1000.000000,0.900730,2468,2740,50.000000,off,,0,0,-1,1,1
1765268538356,2025-12-09 16:22:18.356,689.366600,11.015990,23,9,2,-0.012828,0.007782,-0.048070,0.061493,-0.021454,0.997864,-32.439840,1.818325,48.877830,-0.683830,0.166455,0.710383,-59.7444305,8.46469307,77.2426605,39.928421,Building,Surface,2.543564,2.666550,0.000619,0.000000,-32.466960,1.819861,48.920230,349.221500,312.497100,0.867886,104.047200,98.172010,0.300000,1000.000000,0.900730,2468,2740,50.000000,off,,0,0,-1,1,1
1765268538367,2025-12-09 16:22:18.367,689.377700,11.027100,23,9,2,-0.019153,0.008132,-0.048713,0.081497,-0.011734,0.996597,-32.443370,1.818277,48.870620,-0.671426,0.175564,0.719965,-58.9026146,8.73682117,77.2426605,39.4072342,Building,Surface,2.363388,2.545609,0.002475,0.000000,-32.466920,1.819676,48.918050,349.256000,312.238900,0.933132,104.047200,98.172010,0.300000,1000.000000,0.900730,2468,2740,50.000000,off,,0,0,-1,1,1
1765268538378,2025-12-09 16:22:18.378,689.388800,11.038210,23,9,2,-0.031011,0.008349,-0.048395,0.093979,0.015045,0.995453,-32.451120,1.818183,48.860020,-0.662584,0.200859,0.721542,-58.5145798,9.7191925,77.2426605,39.3357887,Building,Surface,2.690765,2.645340,0.002460,0.000000,-32.466750,1.819465,48.915950,349.318000,311.949700,0.969104,104.047200,98.172010,0.300000,1000.000000,0.900730,2468,2740,50.000000,off,,0,0,-1,1,1
1765268538389,2025-12-09 16:22:18.389,689.399800,11.049260,23,9,2,-0.031011,0.008349,-0.048395,0.093979,0.015045,0.995453,-32.450660,1.818029,48.857980,-0.666430,0.200032,0.718222,-58.7884903,9.72344589,77.2426605,39.5204582,Building,Surface,2.690765,2.645340,0.002460,0.000000,-32.466570,1.819281,48.913820,349.369000,311.654100,0.994872,104.047200,98.172010,0.300000,1000.000000,0.900730,2468,2740,50.000000,off,,0,0,-1,1,1
1765268538401,2025-12-09 16:22:18.401,689.411100,11.060490,23,9,2,0.001164,0.006654,-0.045823,-0.052582,-0.029968,0.998154,-32.430860,1.817256,48.882110,-0.775103,0.153304,0.612933,-65.1087952,8.28045368,74.7230453,42.1589165,Building,Surface,2.784439,2.619888,0.010083,0.000000,-32.466290,1.819128,48.911890,349.398500,311.356300,0.976840,104.047200,98.172010,0.300000,1000.000000,0.900730,2468,2740,50.000000,off,,0,0,-1,1,1
1765268538411,2025-12-09 16:22:18.411,689.422100,11.071530,23,9,2,-0.019153,0.008132,-0.048713,0.081497,-0.011734,0.996597,-32.441440,1.817810,48.863120,-0.686756,0.172593,0.706090,-60.0438919,8.75475883,77.2426605,40.1922264,Building,Surface,2.363388,2.545609,0.002444,0.000000,-32.465980,1.819066,48.910050,349.431600,311.038500,0.959302,104.047200,98.172010,0.300000,1000.000000,0.900730,2468,2740,50.000000,off,,0,0,-1,1,1
1765268538422,2025-12-09 16:22:18.422,689.433200,11.082640,23,9,2,-0.031011,0.008349,-0.048395,0.093979,0.015045,0.995453,-32.448800,1.817815,48.852680,-0.678325,0.199007,0.707288,-59.6762314,9.80579853,77.2426605,40.1389046,Building,Surface,2.690765,2.645340,0.009962,0.000000,-32.465630,1.819001,48.908260,349.426300,310.710100,0.963453,104.047200,98.172010,0.300000,1000.000000,0.900730,2468,2740,50.000000,off,,0,0,-1,1,1
1765268538433,2025-12-09 16:22:18.433,689.444300,11.093690,23,9,2,-0.031011,0.008349,-0.048395,0.093979,0.015045,0.995453,-32.448050,1.817802,48.851140,-0.682295,0.199217,0.703400,-59.9877014,9.85885048,77.2426605,40.3629723,Building,Surface,2.690765,2.645340,0.009962,0.000000,-32.465200,1.819001,48.906620,349.414400,310.385100,0.968251,104.047200,98.172010,0.300000,1000.000000,0.900730,2468,2740,50.000000,off,,0,0,-1,1,1
1765268538444,2025-12-09 16:22:18.444,689.455500,11.104920,23,9,2,0.018110,0.005797,-0.044513,-0.076721,-0.026886,0.996689,-32.418870,1.816857,48.889990,-0.803051,0.155753,0.575194,-72.0031433,9.4942894,77.2426605,49.2923088,Building,Surface,2.842880,2.618973,0.009962,0.000000,-32.464810,1.819047,48.905080,349.392100,310.039500,0.989589,104.047200,98.172010,0.300000,1000.000000,0.900730,2468,2740,50.000000,off,,0,0,-1,1,1
1765268538455,2025-12-09 16:22:18.455,689.466500,11.115910,23,9,2,0.024956,0.005408,-0.043775,-0.080994,-0.042526,0.995804,-32.414470,1.816802,48.894660,-0.810791,0.140473,0.568225,-50.5484314,4.95858812,61.6034508,22.3657036,Building,Surface,2.799759,2.666687,0.009962,0.000000,-32.464290,1.819127,48.903680,349.371000,309.671600,1.015883,104.047200,98.172010,0.300000,1000.000000,0.900730,2468,2740,50.000000,off,,0.866025925,0,0.499999076,1,1
1765268538466,2025-12-09 16:22:18.466,689.477700,11.127080,23,9,2,0.024956,0.005408,-0.043775,-0.080994,-0.042526,0.995804,-32.413890,1.816870,48.893580,-0.814186,0.140805,0.563266,-50.3906555,4.92580175,61.3301773,22.0793667,Building,Surface,2.799759,2.666687,0.009962,0.000000,-32.463760,1.819194,48.902310,349.348100,309.322100,1.060739,104.047200,98.172010,0.300000,1000.000000,0.900730,2468,2740,50.000000,off,,0.866025925,0,0.499999076,1,1
1765268538478,2025-12-09 16:22:18.478,689.488800,11.138180,23,9,2,0.025812,0.005407,-0.043710,-0.077805,-0.043839,0.996002,-32.412770,1.817042,48.893450,-0.816162,0.139626,0.560696,-50.3538895,4.88634253,61.2188416,21.9822578,Building,Surface,2.779373,2.675400,0.039601,0.000000,-32.463190,1.819319,48.901150,349.343200,308.945000,1.113079,104.047200,98.172010,0.300000,1000.000000,0.900730,2468,2740,50.000000,off,,0.866025925,0,-0.499999076,1,1
1765268538490,2025-12-09 16:22:18.490,689.500900,11.150270,23,9,2,0.007548,0.006490,-0.045566,-0.023804,-0.049316,0.998489,-32.421940,1.817541,48.877190,-0.788590,0.135367,0.599818,-69.7144623,8.21906471,77.2426605,47.2896614,Building,Surface,2.837051,2.625153,0.002460,0.000000,-32.462530,1.819420,48.900090,349.362700,308.574400,1.192162,104.047200,98.172010,0.300000,1000.000000,0.900730,2468,2740,50.000000,off,,0,0,-1,1,1
1765268538500,2025-12-09 16:22:18.500,689.511000,11.160400,23,9,2,0.024956,0.005408,-0.043775,-0.080994,-0.042526,0.995804,-32.411770,1.817252,48.891330,-0.825063,0.139695,0.547494,-50.5298347,4.884902,60.9140854,21.9595432,Building,Surface,2.799759,2.666687,0.039601,0.000000,-32.461800,1.819450,48.899110,349.396000,308.203400,1.269421,104.047200,98.172010,0.300000,1000.000000,0.900730,2468,2740,50.000000,off,,0.866025925,0,-0.499999076,1,1
1765268538511,2025-12-09 16:22:18.511,689.522000,11.171450,23,9,2,0.024956,0.005408,-0.043775,-0.080994,-0.042526,0.995804,-32.410880,1.817411,48.890840,-0.828480,0.138196,0.542693,-50.5945549,4.85057163,60.8019905,21.9481602,Building,Surface,2.799759,2.666687,0.039601,0.000000,-32.460950,1.819502,48.898330,349.474400,307.856800,1.376910,104.047200,98.172010,0.300000,1000.000000,0.900730,2468,2740,50.000000,off,,0.866025925,0,-0.499999076,1,1
1765268538522,2025-12-09 16:22:18.522,689.533100,11.182560,23,9,2,0.025812,0.005407,-0.043710,-0.077805,-0.043839,0.996002,-32.409520,1.817584,48.891120,-0.830064,0.135773,0.540884,-50.620224,4.79625845,60.7575302,21.9388733,Building,Surface,2.779373,2.675400,0.010084,0.000000,-32.460120,1.819557,48.897620,349.540200,307.526800,1.461360,104.047200,98.172010,0.300000,1000.000000,0.900730,2468,2740,50.000000,off,,0.866025925,0,-0.499999076,1,1
1765268538533,2025-12-09 16:22:18.533,689.544300,11.193730,23,9,2,0.011526,0.006237,-0.045045,-0.025757,-0.047852,0.998520,-32.416050,1.817929,48.878660,-0.803888,0.132405,0.579852,-71.7389679,8.2946434,77.2426605,48.9158173,Building,Surface,2.792557,2.499344,0.002490,0.000000,-32.459140,1.819616,48.897130,349.606600,307.217000,1.548625,104.047200,98.172010,0.300000,1000.000000,0.900730,2468,2740,50.000000,off,,0,0,-1,1,1
1765268538545,2025-12-09 16:22:18.545,689.555500,11.204960,23,9,2,0.011526,0.006237,-0.045045,-0.025757,-0.047852,0.998520,-32.414990,1.817987,48.878380,-0.806818,0.131617,0.575949,-72.1490784,8.29984856,77.2426605,49.2477913,Building,Surface,2.792557,2.499344,0.002490,0.000000,-32.458170,1.819626,48.896650,349.650400,306.931300,1.621171,104.047200,98.172010,0.300000,1000.000000,0.900730,2468,2740,50.000000,off,,0,0,-1,1,1
1765268538556,2025-12-09 16:22:18.556,689.566500,11.215940,23,9,2,0.009232,0.006525,-0.045800,-0.019745,-0.035385,0.999176,-32.414550,1.818107,48.876070,-0.805098,0.143158,0.575603,-72.0910034,8.87315083,77.2426605,49.2814178,Building,Surface,2.870575,2.674011,0.000623,0.000000,-32.457080,1.819604,48.896450,349.707000,306.644700,1.698215,104.047200,98.172010,0.300000,1000.000000,0.900730,2468,2740,50.000000,off,,0,0,-1,1,1
1765268538567,2025-12-09 16:22:18.567,689.577600,11.227050,23,9,2,0.019422,0.005895,-0.044557,-0.029633,-0.059662,0.997772,-32.408360,1.817946,48.885040,-0.815482,0.118287,0.566555,-50.4369736,4.4329567,61.4103928,22.1077785,Building,Surface,2.805435,2.666718,0.009840,0.000000,-32.455990,1.819512,48.896260,349.732400,306.394700,1.733704,104.047200,98.172010,0.300000,1000.000000,0.900730,2468,2740,50.000000,off,,0.866025925,0,0.499999076,1,1
1765268538578,2025-12-09 16:22:18.578,689.588900,11.238280,23,9,2,0.017044,0.005906,-0.044532,-0.018082,-0.055969,0.998261,-32.408550,1.817774,48.883350,-0.810495,0.122402,0.572799,-72.5362015,7.87790298,77.2426605,49.5096397,Building,Surface,2.806168,2.628647,0.000039,0.000000,-32.454790,1.819399,48.896300,349.729500,306.195800,1.729517,104.047200,98.172010,0.300000,1000.000000,0.900730,2468,2740,50.000000,off,,0,0,-1,1,1
1765268538589,2025-12-09 16:22:18.589,689.599800,11.249210,23,9,2,0.017044,0.005906,-0.044532,-0.018082,-0.055969,0.998261,-32.407140,1.817600,48.883660,-0.812042,0.123194,0.570434,-50.5716438,4.57331753,61.6436539,22.368742,Building,Surface,2.806168,2.628647,0.000039,0.000000,-32.453420,1.819267,48.896470,349.684100,306.034100,1.707519,104.047200,98.172010,0.300000,1000.000000,0.900730,2468,2740,50.000000,off,,0.866025925,0,0.499999076,1,1
1765268538600,2025-12-09 16:22:18.600,689.611000,11.260380,23,9,2,0.015057,0.006014,-0.044803,-0.012268,-0.045151,0.998901,-32.406720,1.817454,48.882200,-0.809078,0.134960,0.571989,-72.5225677,8.50906467,77.2426605,49.5820045,Building,Surface,2.746765,2.490051,0.000010,0.000000,-32.452080,1.819160,48.896670,349.635400,305.890200,1.709512,104.047200,98.172010,0.300000,1000.000000,0.900730,2468,2740,50.000000,off,,0,0,-1,1,1
1765268538611,2025-12-09 16:22:18.611,689.622100,11.271480,23,9,2,-0.014045,0.007536,-0.047629,0.029053,-0.018600,0.999390,-32.419950,1.817668,48.857430,-0.782302,0.163408,0.601058,-69.3645096,9.53468323,77.2426605,47.2247238,Building,Surface,2.890747,2.473480,0.000010,0.000000,-32.450630,1.819290,48.897170,349.574900,305.816700,1.711299,104.047200,98.172010,0.300000,1000.000000,0.900730,2468,2740,50.000000,off,,0,0,-1,1,1
1765268538622,2025-12-09 16:22:18.622,689.633100,11.282530,23,9,2,-0.014045,0.007536,-0.047629,0.029053,-0.018600,0.999390,-32.418430,1.817887,48.858080,-0.783012,0.164663,0.599790,-69.4738541,9.61043167,77.2426605,47.3234787,Building,Surface,2.890747,2.473480,0.000010,0.000000,-32.449170,1.819583,48.897770,349.503600,305.731800,1.768201,104.047200,98.172010,0.300000,1000.000000,0.900730,2468,2740,50.000000,off,,0,0,-1,1,1
1765268538633,2025-12-09 16:22:18.633,689.644300,11.293700,23,9,2,0.017044,0.005906,-0.044532,-0.018082,-0.055969,0.998261,-32.401350,1.818150,48.885960,-0.814929,0.127741,0.565293,-50.4238434,4.64319849,61.3876495,22.1152306,Building,Surface,2.806168,2.628647,0.000002,0.000000,-32.447700,1.819986,48.898510,349.419300,305.688200,1.839827,104.047200,98.172010,0.300000,1000.000000,0.900730,2468,2740,50.000000,off,,0.866025925,0,0.499999076,1,1
1765268538645,2025-12-09 16:22:18.645,689.655300,11.304750,23,9,2,0.015057,0.006014,-0.044803,-0.012268,-0.045151,0.998901,-32.400790,1.818516,48.885010,-0.810748,0.140100,0.568377,-50.5523224,4.95516205,61.6101913,22.3885422,Building,Surface,2.746765,2.490051,0.000000,0.000000,-32.446200,1.820403,48.899310,349.335700,305.654100,1.928447,104.047200,98.172010,0.300000,1000.000000,0.900730,2468,2740,50.000000,off,,0.866025925,0,0.499999076,1,1
1765268538656,2025-12-09 16:22:18.656,689.666400,11.315860,23,9,2,-0.024155,0.008186,-0.049009,0.028076,-0.022202,0.999344,-32.418700,1.818941,48.851580,-0.784171,0.165286,0.598102,-69.6422195,9.6648407,77.2426605,47.467907,Building,Surface,2.413879,2.496735,0.000000,0.000000,-32.444690,1.820863,48.900290,349.266600,305.657900,2.010630,104.047200,98.172010,0.300000,1000.000000,0.900730,2468,2740,50.000000,off,,0,0,-1,1,1
1765268538667,2025-12-09 16:22:18.667,689.677500,11.326900,23,9,2,-0.024155,0.008186,-0.049009,0.028076,-0.022202,0.999344,-32.417160,1.819296,48.852580,-0.783454,0.165778,0.598905,-69.555481,9.67772102,77.2426605,47.4025917,Building,Surface,2.413879,2.496735,0.000000,0.000000,-32.443100,1.821265,48.901320,349.239600,305.718900,2.067060,104.047200,98.172010,0.300000,1000.000000,0.900730,2468,2740,50.000000,off,,0,0,-1,1,1
1765268538678,2025-12-09 16:22:18.678,689.688700,11.338070,23,9,2,-0.031277,0.008685,-0.050178,0.049011,-0.016541,0.998657,-32.418870,1.819569,48.847130,-0.769053,0.171999,0.615602,-64.744873,9.0492897,74.7230453,42.0333443,Building,Surface,2.632782,2.510696,0.000001,0.000000,-32.441540,1.821529,48.902390,349.237400,305.791200,2.081857,104.047200,98.172010,0.300000,1000.000000,0.900730,2468,2740,50.000000,off,,0,0,-1,1,1
1765268538689,2025-12-09 16:22:18.689,689.699800,11.349180,23,9,2,-0.031767,0.008648,-0.049896,0.075760,-0.028366,0.996719,-32.417850,1.819713,48.847950,-0.751783,0.160414,0.639597,-65.7930298,8.94124222,77.2426605,44.3945694,Building,Surface,2.690796,2.499054,0.000000,0.000000,-32.439860,1.821635,48.903500,349.268900,305.931700,2.059942,104.047200,98.172010,0.300000,1000.000000,0.900730,2468,2740,50.000000,off,,0,0,-1,1,1
1765268538700,2025-12-09 16:22:18.700,689.710900,11.360350,23,9,2,-0.002427,0.006857,-0.046298,0.083954,-0.042023,0.995575,-32.401980,1.819794,48.874990,-0.746247,0.146371,0.649365,-65.0019836,8.21404648,77.2426605,43.6848984,Building,Surface,2.791519,2.520691,0.000000,0.000000,-32.438190,1.821735,48.904670,349.306100,306.077700,2.013480,104.047200,98.172010,0.300000,1000.000000,0.900730,2468,2740,50.000000,off,,0,0,-1,1,1
1765268538711,2025-12-09 16:22:18.711,689.721900,11.371340,23,9,2,-0.002427,0.006857,-0.046298,0.083954,-0.042023,0.995575,-32.400420,1.819968,48.876160,-0.744325,0.145503,0.651761,-64.7955704,8.15267372,77.2426605,43.5224915,Building,Surface,2.791519,2.520691,0.000000,0.000000,-32.436550,1.821869,48.905960,349.350600,306.258800,1.943190,104.047200,98.172010,0.300000,1000.000000,0.900730,2468,2740,50.000000,off,,0,0,-1,1,1
1765268538723,2025-12-09 16:22:18.723,689.733100,11.382510,23,9,2,-0.031277,0.008685,-0.050178,0.049011,-0.016541,0.998657,-32.412810,1.820297,48.851770,-0.762809,0.169495,0.624008,-64.4472198,8.93824482,75.0571823,41.9951515,Building,Surface,2.632782,2.510696,0.000000,0.000000,-32.434920,1.822024,48.907260,349.373000,306.404000,1.874045,104.047200,98.172010,0.300000,1000.000000,0.900730,2468,2740,50.000000,off,,0.866023183,0,-0.500003874,1,1
1765268538734,2025-12-09 16:22:18.734,689.744100,11.393550,23,9,2,-0.031767,0.008648,-0.049896,0.075760,-0.028366,0.996719,-32.411870,1.820448,48.852850,-0.744996,0.158615,0.647932,-65.0546494,8.77032661,77.2426605,43.8158913,Building,Surface,2.690796,2.499054,0.000000,0.000000,-32.433320,1.822145,48.908630,349.352600,306.563800,1.785823,104.047200,98.172010,0.300000,1000.000000,0.900730,2468,2740,50.000000,off,,0,0,-1,1,1
1765268538745,2025-12-09 16:22:18.745,689.755300,11.404720,23,9,2,-0.031767,0.008648,-0.049896,0.075760,-0.028366,0.996719,-32.410430,1.820549,48.854190,-0.743170,0.159213,0.649880,-64.874054,8.77539158,77.2426605,43.6825104,Building,Surface,2.690796,2.499054,0.000000,0.000000,-32.431740,1.822240,48.910020,349.312000,306.720300,1.710390,104.047200,98.172010,0.300000,1000.000000,0.900730,2468,2740,50.000000,off,,0,0,-1,1,1
1765268538756,2025-12-09 16:22:18.756,689.766400,11.415830,23,9,2,-0.010454,0.007350,-0.047398,0.095871,-0.051056,0.994080,-32.398320,1.820469,48.874150,-0.730194,0.137488,0.669258,-45.7814713,4.34037876,61.1404533,18.3281479,HS-02,Signage,2.723770,2.587875,0.000000,0.000000,-32.430230,1.822361,48.911410,349.276700,306.870600,1.622158,104.047200,98.172010,0.300000,1000.000000,0.900730,2468,2740,50.000000,off,Node9,-0.029666245,0,-0.99955982,1,1
1765268538767,2025-12-09 16:22:18.767,689.777500,11.426940,23,9,2,-0.016594,0.007748,-0.048478,0.110138,-0.053146,0.992493,-32.399720,1.820595,48.869890,-0.718638,0.135927,0.681968,-45.3155136,4.26355648,61.1266251,17.9725723,HS-02,Signage,2.795624,2.431671,0.000000,0.000000,-32.428710,1.822469,48.912810,349.243400,307.037300,1.527631,104.047200,98.172010,0.300000,1000.000000,0.900730,2468,2740,50.000000,off,Node9,-0.029666245,0,-0.99955982,1,1
1765268538778,2025-12-09 16:22:18.778,689.788600,11.438050,23,9,2,0.009163,0.006104,-0.045184,0.086044,-0.077362,0.993271,-32.385410,1.820343,48.893830,-0.735372,0.111973,0.668330,-45.8631973,3.87256742,61.1428795,18.3276196,HS-02,Signage,2.771072,2.591873,0.000000,0.000000,-32.427160,1.822583,48.914190,349.214600,307.189800,1.405463,104.047200,98.172010,0.300000,1000.000000,0.900730,2468,2740,50.000000,off,Node9,-0.029666245,0,-0.99955982,1,1
1765268538788,2025-12-09 16:22:18.788,689.799700,11.449100,23,9,2,0.009163,0.006104,-0.045184,0.086044,-0.077362,0.993271,-32.383970,1.820431,48.895100,-0.733662,0.112266,0.670158,-45.7899666,3.87183547,61.1407051,18.2724895,HS-02,Signage,2.771072,2.591873,0.000000,0.000000,-32.425670,1.822711,48.915560,349.187300,307.342900,1.287603,104.047200,98.172010,0.300000,1000.000000,0.900730,2468,2740,50.000000,off,Node9,-0.029666245,0,-0.99955982,1,1
1765268538799,2025-12-09 16:22:18.799,689.810800,11.460210,23,9,2,0.018097,0.005582,-0.044120,0.103882,-0.068542,0.992218,-32.378030,1.820415,48.904110,-0.719258,0.121281,0.684065,-45.2265816,3.98693252,61.1239853,17.863493,HS-02,Signage,2.857895,2.445602,0.000000,0.000000,-32.424240,1.822858,48.916890,349.167200,307.475300,1.183447,104.047200,98.172010,0.300000,1000.000000,0.900730,2468,2740,50.000000,off,Node9,-0.029666245,0,-0.99955982,1,1
1765268538811,2025-12-09 16:22:18.811,689.822000,11.471370,23,9,2,-0.007136,0.007156,-0.047356,0.106827,-0.054062,0.992798,-32.389350,1.821019,48.883290,-0.714482,0.135853,0.686325,-45.1292229,4.24340296,61.1210976,17.8307648,HS-02,Signage,2.872131,2.639511,0.000000,0.000000,-32.422820,1.823042,48.918230,349.144600,307.600600,1.072440,104.047200,98.172010,0.300000,1000.000000,0.900730,2468,2740,50.000000,off,Node9,-0.029666245,0,-0.99955982,1,1
1765268538822,2025-12-09 16:22:18.822,689.832900,11.482360,23,9,2,-0.007136,0.007156,-0.047356,0.106827,-0.054062,0.992798,-32.388160,1.821038,48.884550,-0.713116,0.136598,0.687597,-45.0772476,4.25164413,61.1195526,17.7937107,HS-02,Signage,2.872131,2.639511,0.000000,0.000000,-32.421570,1.823094,48.919550,349.089600,307.713500,0.964079,104.047200,98.172010,0.300000,1000.000000,0.900730,2468,2740,50.000000,off,Node9,-0.029666245,0,-0.99955982,1,1
1765268538833,2025-12-09 16:22:18.833,689.844100,11.493530,23,9,2,0.009163,0.006104,-0.045184,0.086044,-0.077362,0.993271,-32.378660,1.820790,48.900130,-0.728433,0.113687,0.675601,-45.5693893,3.87947583,61.1341591,18.1081486,HS-02,Signage,2.771072,2.591873,0.000000,0.000000,-32.420200,1.823233,48.920890,349.067500,307.810400,0.854304,104.047200,98.172010,0.300000,1000.000000,0.900730,2468,2740,50.000000,off,Node9,-0.029666245,0,-0.99955982,1,1
1765268538844,2025-12-09 16:22:18.844,689.855200,11.504640,23,9,2,0.018097,0.005582,-0.044120,0.103882,-0.068542,0.992218,-32.372830,1.820644,48.909250,-0.714277,0.122614,0.689029,-45.0290718,3.99323606,61.1181221,17.7188396,HS-02,Signage,2.857895,2.445602,0.000000,0.000000,-32.418950,1.823325,48.922320,349.042300,307.910900,0.728456,104.047200,98.172010,0.300000,1000.000000,0.900730,2468,2740,50.000000,off,Node9,-0.029666245,0,-0.99955982,1,1
1765268538855,2025-12-09 16:22:18.855,689.866300,11.515750,23,9,2,-0.006037,0.007086,-0.047216,0.105835,-0.053711,0.992920,-32.383820,1.821338,48.889470,-0.710504,0.137061,0.690198,-44.9704552,4.24938488,61.1163826,17.714859,HS-02,Signage,2.828033,2.589081,0.000000,0.000000,-32.417630,1.823417,48.923650,349.043900,308.003800,0.595577,104.047200,98.172010,0.300000,1000.000000,0.900730,2468,2740,50.000000,off,Node9,-0.029666245,0,-0.99955982,1,1
1765268538867,2025-12-09 16:22:18.867,689.877900,11.527340,23,9,2,-0.006037,0.007086,-0.047216,0.105835,-0.053711,0.992920,-32.382610,1.821424,48.890740,-0.709458,0.136495,0.691386,-44.9264832,4.23478127,61.115078,17.6807098,HS-02,Signage,2.828033,2.589081,0.000000,0.000000,-32.416380,1.823473,48.924970,349.061900,308.103300,0.453869,104.047200,98.172010,0.300000,1000.000000,0.900730,2468,2740,50.000000,off,Node9,-0.029666245,0,-0.99955982,1,1
1765268538877,2025-12-09 16:22:18.877,689.888500,11.537960,23,9,2,-0.016233,0.007647,-0.048265,0.102463,-0.049774,0.993485,-32.386880,1.821761,48.883200,-0.710288,0.139695,0.689901,-44.9819107,4.29887247,61.1167221,17.732172,HS-02,Signage,2.796738,2.463303,0.000000,0.000000,-32.415180,1.823475,48.926190,349.092100,308.210000,0.325329,104.047200,98.172010,0.300000,1000.000000,0.900730,2468,2740,50.000000,off,Node9,-0.029666245,0,-0.99955982,1,1
1765268538889,2025-12-09 16:22:18.889,689.899700,11.549130,23,9,2,-0.021503,0.007960,-0.048844,0.100739,-0.059708,0.993118,-32.388500,1.822006,48.879880,-0.711549,0.128957,0.690700,-44.995121,4.10675669,61.117115,17.7171364,HS-02,Signage,2.830719,2.597717,0.000000,0.000000,-32.413970,1.823462,48.927420,349.128500,308.307700,0.164217,104.047200,98.172010,0.300000,1000.000000,0.900730,2468,2740,50.000000,off,Node9,-0.029666245,0,-0.99955982,1,1
1765268538900,2025-12-09 16:22:18.900,689.910800,11.560180,23,9,2,-0.021503,0.007960,-0.048844,0.100739,-0.059708,0.993118,-32.387400,1.822051,48.881040,-0.710410,0.128271,0.691998,-44.9475975,4.08990908,61.1157074,17.6801815,HS-02,Signage,2.830719,2.597717,0.000000,0.000000,-32.412800,1.823428,48.928630,349.152600,308.417400,0.007265,104.047200,98.172010,0.300000,1000.000000,0.900730,2468,2740,50.000000,off,Node9,-0.029666245,0,-0.99955982,1,1
1765268538911,2025-12-09 16:22:18.911,689.921900,11.571350,23,9,2,-0.023917,0.008219,-0.049534,0.092422,-0.038788,0.994949,-32.387240,1.822244,48.879810,-0.712929,0.148189,0.685378,-45.1203308,4.46893597,61.1208305,17.8599854,HS-02,Signage,2.833801,2.498474,0.000000,0.000000,-32.411640,1.823396,48.929770,349.195000,308.514500,359.854100,104.047200,98.172010,0.300000,1000.000000,0.900730,2468,2740,50.000000,off,Node9,-0.029666245,0,-0.99955982,1,1
1765268538922,2025-12-09 16:22:18.922,689.933000,11.582400,23,9,2,-0.007848,0.007213,-0.047532,0.084793,-0.052902,0.994980,-32.377860,1.821609,48.894820,-0.719040,0.133789,0.681950,-45.2736206,4.22107315,61.1253815,17.9344559,HS-02,Signage,2.801315,2.568268,0.000000,0.000000,-32.410550,1.823379,48.930890,349.215300,308.590700,359.709200,104.047200,98.172010,0.300000,1000.000000,0.900730,2468,2740,50.000000,off,Node9,-0.029666245,0,-0.99955982,1,1
1765268538933,2025-12-09 16:22:18.933,689.944300,11.593690,23,9,2,-0.021503,0.007960,-0.048844,0.100739,-0.059708,0.993118,-32.384200,1.822268,48.884310,-0.708068,0.125959,0.694817,-44.845787,4.03907299,61.1126823,17.5993862,HS-02,Signage,2.830719,2.597717,0.000000,0.000000,-32.409470,1.823407,48.931980,349.243500,308.656500,359.574000,104.047200,98.172010,0.300000,1000.000000,0.900730,2468,2740,50.000000,off,Node9,-0.029666245,0,-0.99955982,1,1
1765268538945,2025-12-09 16:22:18.945,689.955600,11.604980,23,9,2,-0.021503,0.007960,-0.048844,0.100739,-0.059708,0.993118,-32.383260,1.822291,48.885300,-0.707429,0.125869,0.695484,-44.8198662,4.03506947,61.1119156,17.5799809,HS-02,Signage,2.830719,2.597717,0.000000,0.000000,-32.408480,1.823392,48.932990,349.236800,308.717300,359.454400,104.047200,98.172010,0.300000,1000.000000,0.900730,2468,2740,50.000000,off,Node9,-0.029666245,0,-0.99955982,1,1
1765268538956,2025-12-09 16:22:18.956,689.966500,11.615910,23,9,2,-0.023917,0.008219,-0.049534,0.092422,-0.038788,0.994949,-32.383200,1.822488,48.883950,-0.710184,0.146870,0.688505,-45.0017586,4.4320755,61.1173134,17.7677536,HS-02,Signage,2.833801,2.498474,0.000000,0.000000,-32.407450,1.823403,48.933990,349.224000,308.777200,359.334700,104.047200,98.172010,0.300000,1000.000000,0.900730,2468,2740,50.000000,off,Node9,-0.029666245,0,-0.99955982,1,1
1765268538967,2025-12-09 16:22:18.967,689.977500,11.626950,23,9,2,-0.006140,0.007106,-0.047326,0.084503,-0.051178,0.995102,-32.373060,1.821597,48.900200,-0.716407,0.135101,0.684469,-45.1653137,4.23397827,61.1221657,17.8560333,HS-02,Signage,2.795761,2.583328,0.000000,0.000000,-32.406520,1.823405,48.934910,349.199800,308.841300,359.241600,104.047200,98.172010,0.300000,1000.000000,0.900730,2468,2740,50.000000,off,Node9,-0.029666245,0,-0.99955982,1,1
1765268538978,2025-12-09 16:22:18.978,689.988800,11.638180,23,9,2,-0.009654,0.007306,-0.047702,0.087357,-0.048950,0.994965,-32.374000,1.821773,48.898110,-0.713639,0.137265,0.686920,-45.0706177,4.26390553,61.1193581,17.7912064,HS-02,Signage,2.797607,2.595215,0.000000,0.000000,-32.405570,1.823403,48.935830,349.189100,308.890500,359.143800,104.047200,98.172010,0.300000,1000.000000,0.900730,2468,2740,50.000000,off,Node9,-0.029666245,0,-0.99955982,1,1
1765268538989,2025-12-09 16:22:18.989,689.999600,11.649050,23,9,2,-0.009654,0.007306,-0.047702,0.087357,-0.048950,0.994965,-32.373160,1.821776,48.898900,-0.712938,0.136991,0.687703,-45.0411377,4.25592661,61.1184807,17.7685356,HS-02,Signage,2.797607,2.595215,0.000000,0.000000,-32.404690,1.823385,48.936650,349.197300,308.956100,359.053400,104.047200,98.172010,0.300000,1000.000000,0.900730,2468,2740,50.000000,off,Node9,-0.029666245,0,-0.99955982,1,1
1765268539000,2025-12-09 16:22:19.000,690.010800,11.660220,23,9,2,0.001652,0.006513,-0.045955,0.080017,-0.051559,0.995453,-32.366730,1.821068,48.909620,-0.717785,0.134135,0.683213,-45.198288,4.21894598,61.1231461,17.8764915,HS-02,Signage,2.799576,2.589279,0.000000,0.000000,-32.403860,1.823295,48.937430,349.220200,309.009200,358.974100,104.047200,98.172010,0.300000,1000.000000,0.900730,2468,2740,50.000000,off,Node9,-0.029666245,0,-0.99955982,1,1
1765268539011,2025-12-09 16:22:19.011,690.022000,11.671390,23,9,2,-0.004647,0.006937,-0.046779,0.073975,-0.053436,0.995819,-32.369180,1.821420,48.904910,-0.721710,0.132166,0.679448,-45.3522491,4.19899559,61.1277161,17.9891605,HS-02,Signage,2.788422,2.585815,0.000000,0.000000,-32.403050,1.823259,48.938200,349.232100,309.052800,358.897600,104.047200,98.172010,0.300000,1000.000000,0.900730,2468,2740,50.000000,off,Node9,-0.029666245,0,-0.99955982,1,1
1765268539023,2025-12-09 16:22:19.023,690.033100,11.682500,23,9,2,-0.004647,0.006937,-0.046779,0.073975,-0.053436,0.995819,-32.368510,1.821406,48.905560,-0.721279,0.131842,0.679969,-45.3325768,4.19109678,61.1271324,17.9735699,HS-02,Signage,2.788422,2.585815,0.000000,0.000000,-32.402350,1.823227,48.938870,349.246200,309.095500,358.833300,104.047200,98.172010,0.300000,1000.000000,0.900730,2468,2740,50.000000,off,Node9,-0.029666245,0,-0.99955982,1,1
1765268539033,2025-12-09 16:22:19.033,690.044100,11.693480,23,9,2,-0.017633,0.007724,-0.048166,0.060532,-0.027359,0.997788,-32.374810,1.822235,48.895170,-0.726766,0.157797,0.668508,-63.1926842,8.51347733,77.2426605,42.4039459,Building,Surface,2.794800,2.610031,0.000001,0.000000,-32.401660,1.823255,48.939540,349.260400,309.129200,358.782600,104.047200,98.172010,0.300000,1000.000000,0.900730,2468,2740,50.000000,off,,0,0,-1,1,1
1765268539044,2025-12-09 16:22:19.044,690.055200,11.704650,23,9,2,0.001652,0.006513,-0.045955,0.080017,-0.051559,0.995453,-32.363960,1.821100,48.912270,-0.716579,0.133392,0.684623,-45.1430855,4.19994879,61.1215057,17.8334103,HS-02,Signage,2.799576,2.589279,0.000000,0.000000,-32.401060,1.823314,48.940140,349.245000,309.129300,358.740300,104.047200,98.172010,0.300000,1000.000000,0.900730,2468,2740,50.000000,off,Node9,-0.029666245,0,-0.99955982,1,1
1765268539055,2025-12-09 16:22:19.055,690.066200,11.715640,23,9,2,0.001652,0.006513,-0.045955,0.080017,-0.051559,0.995453,-32.363390,1.821125,48.912810,-0.716445,0.133446,0.684753,-45.1369438,4.20034409,61.1213264,17.82897,HS-02,Signage,2.799576,2.589279,0.000000,0.000000,-32.400470,1.823345,48.940680,349.239200,309.142000,358.706200,104.047200,98.172010,0.300000,1000.000000,0.900730,2468,2740,50.000000,off,Node9,-0.029666245,0,-0.99955982,1,1
1765268539066,2025-12-09 16:22:19.066,690.077500,11.726870,23,9,2,-0.004647,0.006937,-0.046779,0.073975,-0.053436,0.995819,-32.366070,1.821565,48.907920,-0.720930,0.131787,0.680350,-45.3135033,4.18837404,61.126564,17.9592075,HS-02,Signage,2.788422,2.585815,0.000009,0.000000,-32.399910,1.823382,48.941240,349.239200,309.133300,358.691700,104.047200,98.172010,0.300000,1000.000000,0.900730,2468,2740,50.000000,off,Node9,-0.029666245,0,-0.99955982,1,1
1765268539077,2025-12-09 16:22:19.077,690.088500,11.737920,23,9,2,-0.018063,0.007741,-0.048182,0.054520,-0.024170,0.998215,-32.372790,1.822424,48.897030,-0.730430,0.161284,0.663663,-63.5700989,8.71100521,77.2426605,42.7106476,Building,Surface,2.785034,2.584000,0.000000,0.000000,-32.399410,1.823404,48.941730,349.246300,309.124300,358.683600,104.047200,98.172010,0.300000,1000.000000,0.900730,2468,2740,50.000000,off,,0,0,-1,1,1
1765268539088,2025-12-09 16:22:19.088,690.099600,11.749020,23,9,2,-0.017316,0.007695,-0.048093,0.055786,-0.024216,0.998138,-32.371890,1.822360,48.898140,-0.729763,0.160985,0.664461,-63.5020638,8.68964291,77.2426529,42.6574554,Building,Surface,2.785522,2.567215,0.000001,0.000000,-32.398910,1.823370,48.942190,349.257600,309.111800,358.664800,104.047200,98.172010,0.300000,1000.000000,0.900730,2468,2740,50.000000,off,,0,0,-1,1,1
1765268539100,2025-12-09 16:22:19.100,690.110800,11.760250,23,9,2,-0.017316,0.007695,-0.048093,0.055786,-0.024216,0.998138,-32.371400,1.822307,48.898520,-0.730139,0.160532,0.664158,-63.5313873,8.67329788,77.2426605,42.6763611,Building,Surface,2.785522,2.567215,0.000001,0.000000,-32.398450,1.823290,48.942560,349.282800,309.084800,358.644500,104.047200,98.172010,0.300000,1000.000000,0.900730,2468,2740,50.000000,off,,0,0,-1,1,1
1765268539111,2025-12-09 16:22:19.111,690.122000,11.771420,23,9,2,-0.022438,0.008048,-0.048765,0.063919,-0.026276,0.997604,-32.373550,1.822617,48.894470,-0.725399,0.157669,0.670021,-63.0647583,8.49349689,77.2426605,42.3092194,Building,Surface,2.778870,2.543320,0.000001,0.000000,-32.397980,1.823225,48.942940,349.313900,309.053700,358.629100,104.047200,98.172010,0.300000,1000.000000,0.900730,2468,2740,50.000000,off,,0,0,-1,1,1
1765268539122,2025-12-09 16:22:19.122,690.132900,11.782350,23,9,2,-0.024441,0.008242,-0.049193,0.054077,-0.018311,0.998367,-32.373990,1.822690,48.893000,-0.731467,0.165363,0.661519,-63.7212906,8.90938663,77.2426605,42.8553162,Building,Surface,2.749176,2.548676,0.000000,0.000000,-32.397570,1.823109,48.943290,349.342300,309.008900,358.612000,104.047200,98.172010,0.300000,1000.000000,0.900730,2468,2740,50.000000,off,,0,0,-1,1,1
1765268539133,2025-12-09 16:22:19.133,690.144000,11.793400,23,9,2,-0.002608,0.006887,-0.046636,0.034668,-0.036118,0.998734,-32.362100,1.821279,48.912050,-0.747380,0.147829,0.647722,-65.0516357,8.28714848,77.2426605,43.7382774,Building,Surface,2.723129,2.573700,0.000001,0.000000,-32.397210,1.823048,48.943570,349.374700,308.957100,358.597000,104.047200,98.172010,0.300000,1000.000000,0.900730,2468,2740,50.000000,off,,0,0,-1,1,1
1765268539144,2025-12-09 16:22:19.144,690.155200,11.804630,23,9,2,-0.002608,0.006887,-0.046636,0.034668,-0.036118,0.998734,-32.361720,1.821253,48.912390,-0.747975,0.147452,0.647121,-65.1072693,8.27654362,77.2426605,43.7783737,Building,Surface,2.723129,2.573700,0.000001,0.000000,-32.396850,1.823004,48.943880,349.396500,308.908500,358.591600,104.047200,98.172010,0.300000,1000.000000,0.900730,2468,2740,50.000000,off,,0,0,-1,1,1
1765268539155,2025-12-09 16:22:19.155,690.166300,11.815670,23,9,2,-0.022438,0.008048,-0.048765,0.063919,-0.026276,0.997604,-32.371920,1.822500,48.895770,-0.727842,0.155982,0.667763,-63.2691917,8.44401836,77.2426605,42.4503517,Building,Surface,2.778870,2.543320,0.000000,0.000000,-32.396530,1.823007,48.944150,349.408700,308.863800,358.577000,104.047200,98.172010,0.300000,1000.000000,0.900730,2468,2740,50.000000,off,,0,0,-1,1,1
1765268539166,2025-12-09 16:22:19.166,690.177300,11.826720,23,9,2,-0.024441,0.008242,-0.049193,0.054077,-0.018311,0.998367,-32.372490,1.822677,48.894200,-0.733746,0.163914,0.659353,-63.9194336,8.87005329,77.2426605,42.9943047,Building,Surface,2.749176,2.548676,0.000000,0.000000,-32.396240,1.823003,48.944410,349.423600,308.828600,358.558100,104.047200,98.172010,0.300000,1000.000000,0.900730,2468,2740,50.000000,off,,0,0,-1,1,1
1765268539177,2025-12-09 16:22:19.177,690.188500,11.837890,23,9,2,-0.024441,0.008242,-0.049193,0.054077,-0.018311,0.998367,-32.372160,1.822658,48.894460,-0.734295,0.163649,0.658807,-63.9685898,8.86440849,77.2426605,43.0295372,Building,Surface,2.749176,2.548676,0.000000,0.000000,-32.395950,1.822961,48.944650,349.437700,308.784300,358.532400,104.047200,98.172010,0.300000,1000.000000,0.900730,2468,2740,50.000000,off,,0,0,-1,1,1
1765268539189,2025-12-09 16:22:19.189,690.199500,11.848940,23,9,2,-0.005411,0.007067,-0.046993,0.034836,-0.035370,0.998764,-32.361900,1.821410,48.911070,-0.749710,0.147300,0.645161,-65.284668,8.28993988,77.2426605,43.9138756,Building,Surface,2.700607,2.559906,0.000000,0.000000,-32.395690,1.822935,48.944890,349.445100,308.749200,358.508500,104.047200,98.172010,0.300000,1000.000000,0.900730,2468,2740,50.000000,off,,0,0,-1,1,1
1765268539200,2025-12-09 16:22:19.200,690.210600,11.860050,23,9,2,-0.005652,0.007083,-0.047030,0.034805,-0.037964,0.998657,-32.361750,1.821420,48.911070,-0.750514,0.144338,0.644876,-65.3343811,8.16267776,77.2426605,43.932724,Building,Surface,2.721497,2.543716,0.000001,0.000000,-32.395440,1.822909,48.945080,349.467300,308.713600,358.489400,104.047200,98.172010,0.300000,1000.000000,0.900730,2468,2740,50.000000,off,,0,0,-1,1,1
1765268539212,2025-12-09 16:22:19.212,690.222500,11.871950,23,9,2,-0.010691,0.007403,-0.047651,0.035370,-0.034149,0.998779,-32.364110,1.821731,48.906900,-0.749954,0.147673,0.644779,-65.3219299,8.31143856,77.2426605,43.9459915,Building,Surface,2.700119,2.555511,0.000000,0.000000,-32.395210,1.822866,48.945260,349.491500,308.691300,358.480300,104.047200,98.172010,0.300000,1000.000000,0.900730,2468,2740,50.000000,off,,0,0,-1,1,1
1765268539222,2025-12-09 16:22:19.222,690.232800,11.882200,23,9,2,-0.010691,0.007403,-0.047651,0.035370,-0.034149,0.998779,-32.363870,1.821706,48.907070,-0.750254,0.147070,0.644567,-65.34552,8.2869997,77.2426605,43.9601555,Building,Surface,2.700119,2.555511,0.000000,0.000000,-32.394990,1.822809,48.945420,349.525800,308.671500,358.462800,104.047200,98.172010,0.300000,1000.000000,0.900730,2468,2740,50.000000,off,,0,0,-1,1,1
1765268539233,2025-12-09 16:22:19.233,690.243900,11.893310,23,9,2,-0.008448,0.007256,-0.047361,0.033356,-0.035629,0.998795,-32.362570,1.821476,48.909170,-0.752051,0.145268,0.642875,-65.507782,8.22388649,77.2426605,44.0724716,Building,Surface,2.700165,2.555817,0.000001,0.000000,-32.394850,1.822710,48.945550,349.548800,308.649200,358.453800,104.047200,98.172010,0.300000,1000.000000,0.900730,2468,2740,50.000000,off,,0,0,-1,1,1
1765268539244,2025-12-09 16:22:19.244,690.255100,11.904480,23,9,2,-0.005415,0.007062,-0.046978,0.030884,-0.037781,0.998795,-32.360840,1.821248,48.911960,-0.754303,0.142652,0.640819,-65.7086945,8.12791252,77.2426605,44.2095146,Building,Surface,2.700226,2.565536,0.000000,0.000000,-32.394690,1.822657,48.945700,349.581800,308.621000,358.457900,104.047200,98.172010,0.300000,1000.000000,0.900730,2468,2740,50.000000,off,,0,0,-1,1,1
1765268539255,2025-12-09 16:22:19.255,690.266200,11.915590,23,9,2,-0.005415,0.007062,-0.046978,0.030884,-0.037781,0.998795,-32.360740,1.821131,48.912070,-0.754623,0.142228,0.640537,-65.7372818,8.11179543,77.2426605,44.2288132,Building,Surface,2.700226,2.565536,0.000000,0.000000,-32.394610,1.822519,48.945790,349.606100,308.597000,358.450700,104.047200,98.172010,0.300000,1000.000000,0.900730,2468,2740,50.000000,off,,0,0,-1,1,1
1765268539266,2025-12-09 16:22:19.266,690.277300,11.926700,23,9,2,-0.009879,0.007344,-0.047485,0.044205,-0.035431,0.998383,-32.362970,1.821373,48.908340,-0.746005,0.143511,0.650276,-64.8684616,8.074543,77.2426605,43.5722733,Building,Surface,2.727890,2.554443,0.000000,0.000000,-32.394530,1.822427,48.945880,349.640400,308.574600,358.441500,104.047200,98.172010,0.300000,1000.000000,0.900730,2468,2740,50.000000,off,,0,0,-1,1,1
1765268539278,2025-12-09 16:22:19.278,690.288500,11.937870,23,9,2,-0.008448,0.007256,-0.047361,0.033356,-0.035629,0.998795,-32.362090,1.821233,48.909690,-0.753484,0.142959,0.641714,-65.6299286,8.13316154,77.2426605,44.1514091,Building,Surface,2.700165,2.555817,0.000000,0.000000,-32.394440,1.822353,48.946010,349.682200,308.545300,358.441300,104.047200,98.172010,0.300000,1000.000000,0.900730,2468,2740,50.000000,off,,0,0,-1,1,1
1765268539289,2025-12-09 16:22:19.289,690.299500,11.948910,23,9,2,-0.005415,0.007062,-0.046978,0.030884,-0.037781,0.998795,-32.360510,1.820925,48.912420,-0.755812,0.140403,0.639537,-65.841507,8.0405035,77.2426605,44.2974319,Building,Surface,2.700226,2.565536,0.000000,0.000000,-32.394430,1.822225,48.946090,349.711600,308.509000,358.444400,104.047200,98.172010,0.300000,1000.000000,0.900730,2468,2740,50.000000,off,,0,0,-1,1,1
1765268539300,2025-12-09 16:22:19.300,690.310700,11.960080,23,9,2,-0.005415,0.007062,-0.046978,0.030884,-0.037781,0.998795,-32.360540,1.820809,48.912500,-0.756464,0.139404,0.638984,-65.8993073,8.00146103,77.2426605,44.3356361,Building,Surface,2.700226,2.565536,0.000000,0.000000,-32.394500,1.822061,48.946140,349.769400,308.460400,358.445300,104.047200,98.172010,0.300000,1000.000000,0.900730,2468,2740,50.000000,off,,0,0,-1,1,1
1765268539311,2025-12-09 16:22:19.311,690.321800,11.971190,23,9,2,-0.014406,0.007633,-0.048036,0.049438,-0.031403,0.998276,-32.365270,1.821293,48.904780,-0.744420,0.143642,0.652067,-64.7166672,8.06376362,77.2426605,43.4582253,Building,Surface,2.728943,2.555099,0.000000,0.000000,-32.394620,1.821863,48.946150,349.854300,308.402800,358.462600,104.047200,98.172010,0.300000,1000.000000,0.900730,2468,2740,50.000000,off,,0,0,-1,1,1
1765268539322,2025-12-09 16:22:19.322,690.332900,11.982300,23,9,2,-0.014279,0.007626,-0.048009,0.050766,-0.031494,0.998200,-32.365280,1.821081,48.904950,-0.744634,0.141727,0.652231,-46.3536034,4.48349333,61.1574364,18.7852325,HS-02,Signage,2.742218,2.568649,0.000000,0.000000,-32.394730,1.821575,48.946170,349.958900,308.324700,358.495000,104.047200,98.172010,0.300000,1000.000000,0.900730,2468,2740,50.000000,off,Node9,-0.029666245,0,-0.99955982,1,1
1765268539333,2025-12-09 16:22:19.333,690.343900,11.993350,23,9,2,-0.014279,0.007626,-0.048009,0.050766,-0.031494,0.998200,-32.365370,1.820949,48.904920,-0.746288,0.139019,0.650922,-46.4150848,4.43813848,61.1592598,18.8258591,HS-02,Signage,2.742218,2.568649,0.000000,0.000000,-32.394910,1.821320,48.946090,350.118000,308.204300,358.539700,104.047200,98.172010,0.300000,1000.000000,0.900730,2468,2740,50.000000,off,Node9,-0.029666245,0,-0.99955982,1,1
1765268539345,2025-12-09 16:22:19.345,690.355200,12.004580,23,9,2,-0.015137,0.007685,-0.048123,0.050385,-0.028946,0.998306,-32.365940,1.820778,48.904130,-0.748236,0.138630,0.648781,-46.5027237,4.43998098,61.1618614,18.8934059,HS-02,Signage,2.758652,2.571243,0.000000,0.000000,-32.395150,1.820959,48.945970,350.291200,308.053200,358.611800,104.047200,98.172010,0.300000,1000.000000,0.900730,2468,2740,50.000000,off,Node9,-0.029666245,0,-0.99955982,1,1
1765268539356,2025-12-09 16:22:19.356,690.366200,12.015630,23,9,2,-0.007584,0.007279,-0.047579,0.029984,-0.027390,0.999161,-32.361940,1.820078,48.910410,-0.763481,0.137458,0.631010,-64.4477234,7.59679127,75.4290161,42.0250549,Building,Surface,2.870255,2.483551,0.000000,0.000000,-32.395400,1.820593,48.945820,350.486400,307.875600,358.685100,104.047200,98.172010,0.300000,1000.000000,0.900730,2468,2740,50.000000,off,,0.866023183,0,0.500003874,1,1
1765268539366,2025-12-09 16:22:19.366,690.377300,12.026730,23,9,2,-0.014279,0.007626,-0.048009,0.050766,-0.031494,0.998200,-32.365840,1.820240,48.904740,-0.753330,0.128878,0.644869,-46.6910248,4.27096033,61.16745,19.0155468,HS-02,Signage,2.742218,2.568649,0.000000,0.000000,-32.395730,1.820159,48.945640,350.716900,307.669400,358.778000,104.047200,98.172010,0.300000,1000.000000,0.900730,2468,2740,50.000000,off,Node9,-0.029666245,0,-0.99955982,1,1
1765268539377,2025-12-09 16:22:19.377,690.388400,12.037840,23,9,2,-0.014279,0.007626,-0.048009,0.050766,-0.031494,0.998200,-32.366030,1.819950,48.904620,-0.756223,0.124854,0.642270,-46.80867,4.20445967,61.1709404,19.0981216,HS-02,Signage,2.742218,2.568649,0.000000,0.000000,-32.396070,1.819691,48.945420,350.954300,307.445200,358.870100,104.047200,98.172010,0.300000,1000.000000,0.900730,2468,2740,50.000000,off,Node9,-0.029666245,0,-0.99955982,1,1
1765268539388,2025-12-09 16:22:19.388,690.399500,12.048890,23,9,2,-0.015137,0.007685,-0.048123,0.050385,-0.028946,0.998306,-32.366700,1.819663,48.903720,-0.759778,0.122402,0.638551,-46.9684563,4.17203999,61.1756821,19.2183781,HS-02,Signage,2.758652,2.571243,0.000001,0.000000,-32.396510,1.819119,48.945130,351.247000,307.166300,358.952800,104.047200,98.172010,0.300000,1000.000000,0.900730,2468,2740,50.000000,off,Node9,-0.029666245,0,-0.99955982,1,1
1765268539399,2025-12-09 16:22:19.399,690.410600,12.060000,23,9,2,0.008861,0.006243,-0.045771,-0.009354,-0.045563,0.998917,-32.354650,1.817813,48.924310,-0.802249,0.101426,0.588309,-70.9710464,6.69997025,77.2426605,48.1351204,Building,Surface,2.883865,2.502029,0.000001,0.000000,-32.396980,1.818492,48.944820,351.576200,306.836400,359.035600,104.047200,98.172010,0.300000,1000.000000,0.900730,2468,2740,50.000000,off,,0,0,-1,1,1
1765268539411,2025-12-09 16:22:19.411,690.421800,12.071170,23,9,2,0.008861,0.006243,-0.045771,-0.009354,-0.045563,0.998917,-32.355100,1.817408,48.924150,-0.806805,0.094620,0.583189,-71.5319748,6.41196871,77.2426605,48.5579567,Building,Surface,2.883865,2.502029,0.000001,0.000000,-32.397570,1.817761,48.944370,351.967400,306.440300,359.100100,104.047200,98.172010,0.300000,1000.000000,0.900730,2468,2740,50.000000,off,,0,0,-1,1,1
1765268539422,2025-12-09 16:22:19.422,690.432700,12.082150,23,9,2,0.022148,0.005381,-0.044229,-0.017212,-0.077850,0.996811,-32.349080,1.816100,48.935740,-0.818308,0.055190,0.572114,-50.6028786,3.0472095,61.6977501,22.3066254,Building,Surface,2.821960,2.523193,0.000000,0.000000,-32.398150,1.816959,48.943930,352.385300,306.014000,359.136500,104.047200,98.172010,0.300000,1000.000000,0.900730,2468,2740,50.000000,off,,0.866025925,0,0.499999076,1,1
1765268539433,2025-12-09 16:22:19.433,690.443900,12.093320,23,9,2,0.017278,0.005615,-0.044658,-0.019058,-0.067032,0.997559,-32.352110,1.815863,48.931400,-0.823375,0.058069,0.564501,-50.3604088,3.08592582,61.2777863,21.8710957,Building,Surface,2.734970,2.473282,0.000038,0.000000,-32.398790,1.816110,48.943450,352.842500,305.584800,359.155100,104.047200,98.172010,0.300000,1000.000000,0.900730,2468,2740,50.000000,off,,0.866025925,0,0.499999076,1,1
1765268539445,2025-12-09 16:22:19.445,690.455000,12.104430,23,9,2,-0.004490,0.006950,-0.047179,0.004486,-0.040390,0.999161,-32.362980,1.816664,48.911920,-0.813527,0.075298,0.576609,-72.3342972,5.51630783,77.2426605,49.1327209,Building,Surface,2.787552,2.554535,0.000037,0.000000,-32.399460,1.815148,48.942920,353.363100,305.104800,359.151000,104.047200,98.172010,0.300000,1000.000000,0.900730,2468,2740,50.000000,off,,0,0,-1,1,1
1765268539456,2025-12-09 16:22:19.456,690.466100,12.115540,23,9,2,-0.004490,0.006950,-0.047179,0.004486,-0.040390,0.999161,-32.363350,1.816089,48.911690,-0.818947,0.065861,0.570055,-50.5161591,3.27596617,61.547554,22.1657562,Building,Surface,2.787552,2.554535,0.000037,0.000000,-32.400070,1.814121,48.942370,353.905200,304.618600,359.133600,104.047200,98.172010,0.300000,1000.000000,0.900730,2468,2740,50.000000,off,,0.866025925,0,0.499999076,1,1
1765268539466,2025-12-09 16:22:19.466,690.477300,12.126710,23,9,2,-0.020006,0.007768,-0.048558,0.018707,-0.010071,0.999771,-32.371270,1.816430,48.897750,-0.814474,0.085917,0.573798,-72.6052704,6.06062365,77.2426605,49.3985977,Building,Surface,2.789581,2.519547,0.000149,0.000000,-32.400790,1.813065,48.941750,354.476700,304.097900,359.114700,104.047200,98.172010,0.300000,1000.000000,0.900730,2468,2740,50.000000,off,,0,0,-1,1,1
1765268539477,2025-12-09 16:22:19.477,690.488500,12.137880,23,9,2,-0.010629,0.007365,-0.048263,0.019012,-0.002625,0.999802,-32.366730,1.815316,48.905450,-0.820204,0.083031,0.565989,-50.4029808,3.64116383,61.3515244,21.9896584,Building,Surface,2.836975,2.442200,0.000603,0.000000,-32.401550,1.811960,48.941120,355.068600,303.517300,359.093000,104.047200,98.172010,0.300000,1000.000000,0.900730,2468,2740,50.000000,off,,0.866025925,0,0.499999076,1,1
1765268539488,2025-12-09 16:22:19.488,690.499500,12.148860,23,9,2,-0.010629,0.007365,-0.048263,0.019012,-0.002625,0.999802,-32.367170,1.814704,48.905190,-0.826655,0.072958,0.557934,-50.4261284,3.40853167,61.0937157,21.8455124,Building,Surface,2.836975,2.442200,0.000603,0.000000,-32.402340,1.810849,48.940480,355.646900,302.926900,359.056500,104.047200,98.172010,0.300000,1000.000000,0.900730,2468,2740,50.000000,off,,0.866025925,0,-0.499999076,1,1
1765268539499,2025-12-09 16:22:19.499,690.510600,12.160030,23,9,2,-0.004490,0.006950,-0.047179,0.004486,-0.040390,0.999161,-32.365300,1.813658,48.910660,-0.842799,0.025160,0.537615,-50.8831406,2.36646962,60.7230453,21.9715405,Building,Surface,2.787552,2.554535,0.010021,0.000000,-32.403130,1.809742,48.939770,356.239300,302.316300,359.014000,104.047200,98.172010,0.300000,1000.000000,0.900730,2468,2740,50.000000,off,,0,0,-1,1,1
1765268539511,2025-12-09 16:22:19.511,690.521700,12.171140,23,9,2,-0.020006,0.007768,-0.048558,0.018707,-0.010071,0.999771,-32.372710,1.814079,48.896490,-0.839839,0.045555,0.540916,-50.7349091,2.81009102,60.723053,21.8638935,Building,Surface,2.789581,2.519547,0.160351,0.000000,-32.403900,1.808670,48.939120,356.791500,301.722400,358.931900,104.047200,98.172010,0.300000,1000.000000,0.900730,2468,2740,50.000000,off,,0,0,-1,1,1
1765268539522,2025-12-09 16:22:19.522,690.532700,12.182130,23,9,2,-0.014967,0.007447,-0.048285,0.017166,0.006195,0.999832,-32.370740,1.813137,48.900630,-0.845588,0.053854,0.531110,-51.1933823,3.01191235,60.7230453,22.2597961,Building,Surface,2.778519,2.445374,0.160351,0.000000,-32.404680,1.807713,48.938440,357.247300,301.140700,358.828800,104.047200,98.172010,0.300000,1000.000000,0.900730,2468,2740,50.000000,off,,0,0,-1,1,1
1765268539533,2025-12-09 16:22:19.533,690.543900,12.193300,23,9,2,-0.014967,0.007447,-0.048285,0.017166,0.006195,0.999832,-32.371170,1.812707,48.900370,-0.850983,0.047557,0.523034,,,,,NoHit,NoHit,2.778519,2.445374,0.160351,0.000000,-32.405460,1.806943,48.937820,357.606200,300.583300,358.689600,104.047200,98.172010,0.300000,1000.000000,0.900730,2468,2740,50.000000,off,,,,,1,0
1765268539544,2025-12-09 16:22:19.544,690.555100,12.204470,23,9,2,0.029432,0.004637,-0.043593,-0.058731,-0.150787,0.986816,-32.353560,1.808606,48.940910,-0.889530,-0.113117,0.442644,-46.5760841,-3.6071203E-14,56.0182571,15.9887505,Building,Surface,2.860397,2.599777,0.159383,0.000000,-32.406190,1.806312,48.937240,357.907600,300.064700,358.544100,104.047200,98.172010,0.300000,1000.000000,0.900730,2468,2740,50.000000,off,,0,1,6.43918682E-16,1,1
1765268539556,2025-12-09 16:22:19.556,690.566200,12.215640,23,9,2,0.031763,0.004236,-0.043347,-0.071991,-0.235703,0.969147,-32.353400,1.807780,48.943020,-0.887754,-0.201382,0.413910,-40.3226585,-3.39078808E-14,52.658638,8.9767952,Building,Surface,2.943420,2.609863,0.629718,0.000000,-32.406910,1.805872,48.936760,358.103000,299.597800,358.394000,104.047200,98.172010,0.300000,1000.000000,0.900730,2468,2740,50.000000,off,,0,1,6.43918682E-16,1,1
1765268539567,2025-12-09 16:22:19.567,690.577300,12.226750,23,9,2,0.031407,0.003945,-0.042343,-0.134354,-0.288971,0.947846,-32.355190,1.807178,48.943130,-0.904546,-0.256173,0.340790,-38.7363243,-3.306345E-14,51.3472443,7.0544014,Building,Surface,2.931107,2.589066,0.010023,0.000000,-32.407590,1.805462,48.936280,358.279900,299.156300,358.257600,104.047200,98.172010,0.300000,1000.000000,0.900730,2468,2740,50.000000,off,,0,1,6.43918682E-16,1,1
1765268539578,2025-12-09 16:22:19.578,690.588400,12.237850,23,9,2,0.031407,0.003945,-0.042343,-0.134354,-0.288971,0.947846,-32.355790,1.806900,48.943070,-0.906669,-0.258180,0.333559,-38.7012062,-3.30185505E-14,51.2775192,6.99849129,Building,Surface,2.931107,2.589066,0.010023,0.000000,-32.408130,1.805148,48.935830,358.418300,298.751000,358.137500,104.047200,98.172010,0.300000,1000.000000,0.900730,2468,2740,50.000000,off,,0,1,6.43918682E-16,1,1
1765268539589,2025-12-09 16:22:19.589,690.599400,12.248840,23,9,2,0.029985,0.004143,-0.042604,-0.138031,-0.294876,0.945496,-32.356840,1.806945,48.941720,-0.908324,-0.265691,0.322989,-38.5342712,-3.29289344E-14,51.1383438,6.80081177,Building,Surface,2.873138,2.560745,0.010023,0.000000,-32.408700,1.804922,48.935540,358.533700,298.408200,358.039000,104.047200,98.172010,0.300000,1000.000000,0.900730,2468,2740,50.000000,off,,0,1,6.43918682E-16,1,1
1765268539600,2025-12-09 16:22:19.600,690.610500,12.259890,23,9,2,0.031763,0.004236,-0.043347,-0.071991,-0.235703,0.969147,-32.355900,1.806767,48.942930,-0.897466,-0.209671,0.388042,-40.0895081,-3.36684111E-14,52.2867432,8.6170826,Building,Surface,2.943420,2.609863,0.162301,0.000000,-32.409220,1.804698,48.935230,358.624100,298.092000,357.973800,104.047200,98.172010,0.300000,1000.000000,0.900730,2468,2740,50.000000,off,,0,1,6.43918682E-16,1,1
1765268539611,2025-12-09 16:22:19.611,690.621900,12.271300,23,9,2,0.031763,0.004236,-0.043347,-0.071991,-0.235703,0.969147,-32.356410,1.806686,48.942970,-0.899126,-0.209834,0.384091,-40.0979576,-3.36447687E-14,52.2500267,8.61000252,Building,Surface,2.943420,2.609863,0.162301,0.000000,-32.409690,1.804628,48.935050,358.636800,297.850300,357.935600,104.047200,98.172010,0.300000,1000.000000,0.900730,2468,2740,50.000000,off,,0,1,6.43918682E-16,1,1
1765268539623,2025-12-09 16:22:19.623,690.632900,12.282290,23,9,2,0.031407,0.003945,-0.042343,-0.134354,-0.288971,0.947846,-32.357930,1.806372,48.943150,-0.912569,-0.261550,0.314287,-38.6605148,-3.29130915E-14,51.1137428,6.90629768,Building,Surface,2.931107,2.589066,0.040088,0.000000,-32.410120,1.804561,48.934870,358.651700,297.626000,357.930500,104.047200,98.172010,0.300000,1000.000000,0.900730,2468,2740,50.000000,off,,0,1,6.43918682E-16,1,1
1765268539633,2025-12-09 16:22:19.633,690.643800,12.293210,23,9,2,0.026907,0.004294,-0.042584,-0.096375,-0.278351,0.955627,-32.360090,1.806960,48.939120,-0.902341,-0.252243,0.349493,-38.8240623,-3.31249378E-14,51.4427376,7.16353703,Building,Surface,2.968109,2.533844,0.158395,0.000000,-32.410410,1.804616,48.934800,358.652400,297.466900,357.986700,104.047200,98.172010,0.300000,1000.000000,0.900730,2468,2740,50.000000,off,,0,1,6.43918682E-16,1,1
1765268539645,2025-12-09 16:22:19.645,690.655200,12.304570,23,9,2,0.029541,0.004389,-0.042898,-0.084595,-0.258347,0.962326,-32.358940,1.806953,48.941350,-0.902909,-0.232774,0.361308,-39.3679428,-3.33202636E-14,51.7460709,7.76258278,Building,Surface,2.896454,2.539719,0.159371,0.000000,-32.410730,1.804578,48.934700,358.662500,297.318800,358.042300,104.047200,98.172010,0.300000,1000.000000,0.900730,2468,2740,50.000000,off,,0,1,6.43918682E-16,1,1
1765268539655,2025-12-09 16:22:19.655,690.666200,12.315610,23,9,2,0.029541,0.004389,-0.042898,-0.084595,-0.258347,0.962326,-32.359280,1.806993,48.941390,-0.903390,-0.233473,0.359648,-39.3511734,-3.33066501E-14,51.7249336,7.73950624,Building,Surface,2.896454,2.539719,0.159371,0.000000,-32.411060,1.804549,48.934640,358.695700,297.196000,358.127000,104.047200,98.172010,0.300000,1000.000000,0.900730,2468,2740,50.000000,off,,0,1,6.43918682E-16,1,1
1765268539667,2025-12-09 16:22:19.667,690.678100,12.327510,23,9,2,0.028771,0.004430,-0.042904,-0.080338,-0.230377,0.969772,-32.359870,1.807043,48.940750,-0.907407,-0.206384,0.366066,-40.3048859,-3.35777345E-14,52.1459236,8.75567055,Building,Surface,2.900497,2.592545,0.002506,0.000000,-32.411290,1.804461,48.934600,358.741000,297.101600,358.204700,104.047200,98.172010,0.300000,1000.000000,0.900730,2468,2740,50.000000,off,,0,1,6.43918682E-16,1,1
1765268539677,2025-12-09 16:22:19.677,690.688400,12.337830,23,9,2,0.029693,0.004409,-0.042806,-0.071823,-0.239639,0.968201,-32.359710,1.806950,48.941630,-0.902506,-0.216819,0.372118,-39.8811111,-3.35113475E-14,52.0428238,8.33390617,Building,Surface,2.939926,2.634064,0.009839,0.000000,-32.411450,1.804348,48.934580,358.787700,297.051300,358.266000,104.047200,98.172010,0.300000,1000.000000,0.900730,2468,2740,50.000000,off,,0,1,6.43918682E-16,1,1
1765268539688,2025-12-09 16:22:19.688,690.699500,12.348880,23,9,2,0.029693,0.004409,-0.042806,-0.071823,-0.239639,0.968201,-32.359910,1.806936,48.941690,-0.902320,-0.217830,0.371977,-39.8448067,-3.35013525E-14,52.0273018,8.29515839,Building,Surface,2.939926,2.634064,0.009839,0.000000,-32.411650,1.804260,48.934620,358.841900,297.032900,358.331500,104.047200,98.172010,0.300000,1000.000000,0.900730,2468,2740,50.000000,off,,0,1,6.43918682E-16,1,1
1765268539699,2025-12-09 16:22:19.699,690.710600,12.360050,23,9,2,0.021750,0.004892,-0.043634,-0.039810,-0.223831,0.973801,-32.362930,1.807587,48.934320,-0.892115,-0.203767,0.403217,-40.2767563,-3.38129386E-14,52.5112,8.87073708,Building,Surface,2.913300,2.658966,0.002506,0.000000,-32.411810,1.804159,48.934690,358.893700,297.024200,358.371200,104.047200,98.172010,0.300000,1000.000000,0.900730,2468,2740,50.000000,off,,0,1,6.43918682E-16,1,1
1765268539711,2025-12-09 16:22:19.711,690.721700,12.371150,23,9,2,0.028771,0.004430,-0.042904,-0.080338,-0.230377,0.969772,-32.360580,1.806866,48.941020,-0.906893,-0.209811,0.365390,-40.1706276,-3.35402516E-14,52.0877151,8.61181164,Building,Surface,2.900497,2.592545,0.009779,0.000000,-32.411980,1.804050,48.934820,358.925700,297.036000,358.392700,104.047200,98.172010,0.300000,1000.000000,0.900730,2468,2740,50.000000,off,,0,1,6.43918682E-16,1,1
1765268539722,2025-12-09 16:22:19.722,690.732800,12.382260,23,9,2,0.029693,0.004409,-0.042806,-0.071823,-0.239639,0.968201,-32.360410,1.806764,48.941980,-0.901660,-0.219732,0.372458,-39.7743721,-3.34866988E-14,52.0045471,8.22257137,Building,Surface,2.939926,2.634064,0.002475,0.000000,-32.412140,1.803969,48.934930,358.947900,297.057500,358.406800,104.047200,98.172010,0.300000,1000.000000,0.900730,2468,2740,50.000000,off,,0,1,6.43918682E-16,1,1
1765268539733,2025-12-09 16:22:19.733,690.744000,12.393370,23,9,2,0.029693,0.004409,-0.042806,-0.071823,-0.239639,0.968201,-32.360620,1.806710,48.942090,-0.901474,-0.219967,0.372769,-39.7649231,-3.34862482E-14,52.0038452,8.21354103,Building,Surface,2.939926,2.634064,0.002475,0.000000,-32.412350,1.803908,48.935060,358.962300,297.080400,358.400000,104.047200,98.172010,0.300000,1000.000000,0.900730,2468,2740,50.000000,off,,0,1,6.43918682E-16,1,1
1765268539744,2025-12-09 16:22:19.744,690.755100,12.404480,23,9,2,0.017964,0.005122,-0.044104,-0.033798,-0.231842,0.972153,-32.364960,1.807690,48.931180,-0.887337,-0.213463,0.408705,-39.8792877,-3.37363533E-14,52.3922577,8.46828651,Building,Surface,2.836212,2.723068,0.159375,0.000000,-32.412530,1.803860,48.935180,358.980200,297.094100,358.392700,104.047200,98.172010,0.300000,1000.000000,0.900730,2468,2740,50.000000,off,,0,1,6.43918682E-16,1,1
1765268539755,2025-12-09 16:22:19.755,690.766200,12.415650,23,9,2,0.010783,0.005537,-0.044940,-0.019699,-0.211853,0.977097,-32.367640,1.808260,48.924570,-0.884794,-0.194167,0.423587,-40.6076431,-3.40435891E-14,52.8693962,9.31285095,Building,Surface,2.880173,2.578613,0.159375,0.000000,-32.412700,1.803817,48.935330,359.002900,297.086800,358.359800,104.047200,98.172010,0.300000,1000.000000,0.900730,2468,2740,50.000000,off,,0,1,6.43918682E-16,1,1
1765268539766,2025-12-09 16:22:19.766,690.777300,12.426700,23,9,2,0.003922,0.006025,-0.045964,-0.010315,-0.209152,0.977814,-32.370030,1.808883,48.918160,-0.881090,-0.192341,0.432037,-40.6563034,-3.41156343E-14,52.9812775,9.40442371,Building,Surface,2.878769,2.635406,0.156453,0.000000,-32.412910,1.803748,48.935480,359.040100,297.087300,358.289700,104.047200,98.172010,0.300000,1000.000000,0.900730,2468,2740,50.000000,off,,0,1,6.43918682E-16,1,1
1765268539777,2025-12-09 16:22:19.777,690.788500,12.437870,23,9,2,0.003922,0.006025,-0.045964,-0.010315,-0.209152,0.977814,-32.370210,1.808825,48.918270,-0.881174,-0.192995,0.431574,-40.6289291,-3.41039656E-14,52.9631538,9.37225628,Building,Surface,2.878769,2.635406,0.156453,0.000000,-32.413090,1.803663,48.935570,359.079300,297.074100,358.227800,104.047200,98.172010,0.300000,1000.000000,0.900730,2468,2740,50.000000,off,,0,1,6.43918682E-16,1,1
1765268539788,2025-12-09 16:22:19.788,690.799400,12.448850,23,9,2,0.017964,0.005122,-0.044104,-0.033798,-0.231842,0.972153,-32.365710,1.807403,48.931660,-0.887585,-0.215659,0.407012,-39.8044243,-3.37044845E-14,52.3427658,8.38072968,Building,Surface,2.836212,2.723068,0.000623,0.000000,-32.413290,1.803543,48.935620,359.119200,297.056500,358.149400,104.047200,98.172010,0.300000,1000.000000,0.900730,2468,2740,50.000000,off,,0,1,6.43918682E-16,1,1
1765268539800,2025-12-09 16:22:19.800,690.810500,12.459960,23,9,2,0.010783,0.005537,-0.044940,-0.019699,-0.211853,0.977097,-32.368420,1.807966,48.924990,-0.885364,-0.196762,0.421191,-40.5036621,-3.39957791E-14,52.7951431,9.18853092,Building,Surface,2.880173,2.578613,0.000155,0.000000,-32.413500,1.803451,48.935670,359.162000,297.007400,358.079200,104.047200,98.172010,0.300000,1000.000000,0.900730,2468,2740,50.000000,off,,0,1,6.43918682E-16,1,1
1765268539811,2025-12-09 16:22:19.811,690.821700,12.471130,23,9,2,0.010783,0.005537,-0.044940,-0.019699,-0.211853,0.977097,-32.368640,1.807869,48.925060,-0.885776,-0.197558,0.419952,-40.4744492,-3.39783472E-14,52.768074,9.15102291,Building,Surface,2.880173,2.578613,0.000155,0.000000,-32.413730,1.803333,48.935680,359.211000,296.950700,357.991800,104.047200,98.172010,0.300000,1000.000000,0.900730,2468,2740,50.000000,off,,0,1,6.43918682E-16,1,1
1765268539822,2025-12-09 16:22:19.822,690.832800,12.482180,23,9,2,0.001293,0.006221,-0.046360,-0.004868,-0.201157,0.979538,-32.371830,1.808788,48.916040,-0.881537,-0.188184,0.432968,-40.8449974,-3.41776846E-14,53.0776405,9.61171913,Building,Surface,2.963028,2.635391,0.159382,0.000000,-32.413940,1.803217,48.935670,359.260300,296.867400,357.921400,104.047200,98.172010,0.300000,1000.000000,0.900730,2468,2740,50.000000,off,,0,1,6.43918682E-16,1,1
1765268539833,2025-12-09 16:22:19.833,690.843900,12.493290,23,9,2,-0.004351,0.006582,-0.047102,-0.003006,-0.191116,0.981552,-32.373900,1.809321,48.910800,-0.882788,-0.178940,0.434333,-41.3000641,-3.43224662E-14,53.3024826,10.1112242,Building,Surface,2.913605,2.719696,2.550119,0.000000,-32.414170,1.803153,48.935730,359.304400,296.788800,357.854900,104.047200,98.172010,0.300000,1000.000000,0.900730,2468,2740,50.000000,off,,0,1,6.43918682E-16,1,1
1765268539844,2025-12-09 16:22:19.844,690.855000,12.504390,23,9,2,-0.006581,0.006714,-0.047387,-0.002350,-0.187195,0.982315,-32.374820,1.809453,48.908710,-0.883512,-0.176046,0.434057,-41.455822,-3.43659901E-14,53.3700752,10.2782516,Building,Surface,2.864243,2.665421,0.040332,0.000000,-32.414380,1.803019,48.935700,359.363600,296.719200,357.800000,104.047200,98.172010,0.300000,1000.000000,0.900730,2468,2740,50.000000,off,,0,1,6.43918682E-16,1,1
1765268539855,2025-12-09 16:22:19.855,690.866000,12.515440,23,9,2,-0.006581,0.006714,-0.047387,-0.002350,-0.187195,0.982315,-32.375000,1.809350,48.908780,-0.884104,-0.176756,0.432560,-41.4250717,-3.43444653E-14,53.3366508,10.2363806,Building,Surface,2.864243,2.665421,0.040332,0.000000,-32.414590,1.802877,48.935700,359.405300,296.632700,357.764000,104.047200,98.172010,0.300000,1000.000000,0.900730,2468,2740,50.000000,off,,0,1,6.43918682E-16,1,1
1765268539866,2025-12-09 16:22:19.866,690.877200,12.526610,23,9,2,-0.009304,0.006873,-0.047702,-0.002487,-0.183884,0.982941,-32.376130,1.809563,48.906240,-0.885150,-0.174095,0.431501,-41.5764771,-3.43796613E-14,53.3913116,10.3940744,Building,Surface,2.883621,2.682678,0.633623,0.000000,-32.414820,1.802794,48.935670,359.443900,296.553300,357.750600,104.047200,98.172010,0.300000,1000.000000,0.900730,2468,2740,50.000000,off,,0,1,6.43918682E-16,1,1
1765268539878,2025-12-09 16:22:19.878,690.888400,12.537780,23,9,2,-0.000394,0.006281,-0.046558,-0.002075,-0.188599,0.982040,-32.373380,1.808572,48.914780,-0.884855,-0.179244,0.429977,-41.3015671,-3.42907601E-14,53.2532501,10.0898848,Building,Surface,2.890610,2.673172,0.158402,0.000000,-32.415040,1.802713,48.935690,359.467800,296.465500,357.765300,104.047200,98.172010,0.300000,1000.000000,0.900730,2468,2740,50.000000,off,,0,1,6.43918682E-16,1,1
1765268539889,2025-12-09 16:22:19.889,690.899500,12.548890,23,9,2,-0.000394,0.006281,-0.046558,-0.002075,-0.188599,0.982040,-32.373510,1.808549,48.914870,-0.885449,-0.179362,0.428704,-41.301693,-3.42806804E-14,53.2375946,10.0831223,Building,Surface,2.890610,2.673172,0.158402,0.000000,-32.415200,1.802685,48.935720,359.474400,296.379500,357.787200,104.047200,98.172010,0.300000,1000.000000,0.900730,2468,2740,50.000000,off,,0,1,6.43918682E-16,1,1
1765268539900,2025-12-09 16:22:19.900,690.910700,12.560120,23,9,2,-0.006581,0.006714,-0.047387,-0.002350,-0.187195,0.982315,-32.375660,1.809176,48.909060,-0.886319,-0.177987,0.427491,-41.3847885,-3.42914783E-14,53.2543602,10.1645985,Building,Surface,2.864243,2.665421,0.649294,0.000000,-32.415400,1.802652,48.935750,359.476300,296.297400,357.835900,104.047200,98.172010,0.300000,1000.000000,0.900730,2468,2740,50.000000,off,,0,1,6.43918682E-16,1,1
1765268539911,2025-12-09 16:22:19.911,690.921700,12.571110,23,9,2,-0.009304,0.006873,-0.047702,-0.002487,-0.183884,0.982941,-32.376690,1.809441,48.906620,-0.887438,-0.174701,0.426528,-41.568203,-3.43365269E-14,53.3243256,10.3573198,Building,Surface,2.883621,2.682678,0.645296,0.000000,-32.415550,1.802662,48.935830,359.477900,296.212300,357.871400,104.047200,98.172010,0.300000,1000.000000,0.900730,2468,2740,50.000000,off,,0,1,6.43918682E-16,1,1
1765268539923,2025-12-09 16:22:19.923,690.933000,12.582460,23,9,2,0.000544,0.006216,-0.046435,-0.000046,-0.185425,0.982651,-32.373650,1.808404,48.916110,-0.886547,-0.176370,0.427684,-41.4638252,-3.43217378E-14,53.3013535,10.2533932,Building,Surface,2.893890,2.667923,0.040333,0.000000,-32.415720,1.802634,48.935910,359.479800,296.149700,357.909900,104.047200,98.172010,0.300000,1000.000000,0.900730,2468,2740,50.000000,off,,0,1,6.43918682E-16,1,1
1765268539934,2025-12-09 16:22:19.934,690.944000,12.593440,23,9,2,0.000544,0.006216,-0.046435,-0.000046,-0.185425,0.982651,-32.373840,1.808390,48.916210,-0.886884,-0.176593,0.426893,-41.4559212,-3.43129998E-14,53.2877846,10.2403679,Building,Surface,2.893890,2.667923,0.040333,0.000000,-32.415920,1.802609,48.935970,359.492600,296.096300,357.927600,104.047200,98.172010,0.300000,1000.000000,0.900730,2468,2740,50.000000,off,,0,1,6.43918682E-16,1,1
1765268539945,2025-12-09 16:22:19.945,690.955000,12.604430,23,9,2,-0.000546,0.006287,-0.046566,-0.000671,-0.186478,0.982452,-32.374320,1.808508,48.915290,-0.887216,-0.177620,0.425776,-41.4078522,-3.42889881E-14,53.2504921,10.1818247,Building,Surface,2.893661,2.652878,0.000626,0.000000,-32.416060,1.802619,48.936060,359.492300,296.066600,357.935400,104.047200,98.172010,0.300000,1000.000000,0.900730,2468,2740,50.000000,off,,0,1,6.43918682E-16,1,1
1765268539956,2025-12-09 16:22:19.956,690.966200,12.615600,23,9,2,-0.003702,0.006450,-0.046706,0.001938,-0.184097,0.982895,-32.375710,1.808803,48.912540,-0.886769,-0.175346,0.427636,-41.5232811,-3.43362356E-14,53.3238678,10.3155079,Building,Surface,2.893784,2.603455,0.000626,0.000000,-32.416210,1.802637,48.936160,359.493200,296.020200,357.926600,104.047200,98.172010,0.300000,1000.000000,0.900730,2468,2740,50.000000,off,,0,1,6.43918682E-16,1,1
1765268539967,2025-12-09 16:22:19.967,690.977300,12.626710,23,9,2,-0.003702,0.006450,-0.046706,0.001938,-0.184097,0.982895,-32.375810,1.808835,48.912670,-0.887248,-0.175258,0.426678,-41.5330772,-3.43314312E-14,53.3164063,10.3208733,Building,Surface,2.893784,2.603455,0.000626,0.000000,-32.416340,1.802671,48.936260,359.488300,295.963600,357.895500,104.047200,98.172010,0.300000,1000.000000,0.900730,2468,2740,50.000000,off,,0,1,6.43918682E-16,1,1
1765268539978,2025-12-09 16:22:19.978,690.988300,12.637760,23,9,2,0.000919,0.006177,-0.046189,0.001740,-0.184570,0.982803,-32.374370,1.808431,48.917190,-0.887777,-0.175605,0.425426,-41.5169487,-3.43198031E-14,53.2983475,10.2981462,Building,Surface,2.893829,2.625122,0.000623,0.000000,-32.416460,1.802711,48.936360,359.481400,295.900600,357.877300,104.047200,98.172010,0.300000,1000.000000,0.900730,2468,2740,50.000000,off,,0,1,6.43918682E-16,1,1
1765268539989,2025-12-09 16:22:19.989,690.999500,12.648930,23,9,2,0.008847,0.005669,-0.045234,-0.002609,-0.189804,0.981812,-32.371880,1.807609,48.924820,-0.889334,-0.180246,0.420217,-41.2906189,-3.42171902E-14,53.1389923,10.0284958,Building,Surface,2.893906,2.524719,2.549873,0.000000,-32.416580,1.802704,48.936420,359.456100,295.856000,357.859100,104.047200,98.172010,0.300000,1000.000000,0.900730,2468,2740,50.000000,off,,0,1,6.43918682E-16,1,1
1765268540000,2025-12-09 16:22:20.000,691.010500,12.659910,23,9,2,-0.006452,0.006680,-0.047124,0.011185,-0.178101,0.983948,-32.376900,1.809222,48.910450,-0.885396,-0.168494,0.433223,-41.8839302,-3.44897146E-14,53.5622253,10.7375956,Building,Surface,2.880783,2.471146,0.009961,0.000000,-32.416690,1.802778,48.936580,359.423900,295.813100,357.839200,104.047200,98.172010,0.300000,1000.000000,0.900730,2468,2740,50.000000,off,,0,1,6.43918682E-16,1,1
1765268540011,2025-12-09 16:22:20.011,691.021700,12.671080,23,9,2,-0.006452,0.006680,-0.047124,0.011185,-0.178101,0.983948,-32.376970,1.809316,48.910670,-0.885553,-0.167893,0.433136,-41.9202194,-3.45001331E-14,53.5784073,10.7765961,Building,Surface,2.880783,2.471146,0.009961,0.000000,-32.416770,1.802899,48.936790,359.389000,295.806000,357.831500,104.047200,98.172010,0.300000,1000.000000,0.900730,2468,2740,50.000000,off,,0,1,6.43918682E-16,1,1
1765268540021,2025-12-09 16:22:20.021,691.032800,12.682190,23,9,2,0.000919,0.006177,-0.046189,0.001740,-0.184570,0.982803,-32.374740,1.808598,48.917930,-0.888898,-0.173097,0.424109,-41.6623611,-3.43525596E-14,53.3492203,10.4483118,Building,Surface,2.893829,2.625122,0.040085,0.000000,-32.416880,1.802997,48.937030,359.335700,295.809800,357.842500,104.047200,98.172010,0.300000,1000.000000,0.900730,2468,2740,50.000000,off,,0,1,6.43918682E-16,1,1
1765268540033,2025-12-09 16:22:20.033,691.044000,12.693420,23,9,2,0.008847,0.005669,-0.045234,-0.002609,-0.189804,0.981812,-32.372260,1.807862,48.925660,-0.890133,-0.177288,0.419785,-41.4492264,-3.42605549E-14,53.206337,10.1972532,Building,Surface,2.893906,2.524719,0.160340,0.000000,-32.416980,1.803095,48.937230,359.284000,295.815100,357.848800,104.047200,98.172010,0.300000,1000.000000,0.900730,2468,2740,50.000000,off,,0,1,6.43918682E-16,1,1
1765268540044,2025-12-09 16:22:20.044,691.054900,12.704350,23,9,2,0.008847,0.005669,-0.045234,-0.002609,-0.189804,0.981812,-32.372330,1.807967,48.925910,-0.890025,-0.176259,0.420447,-41.5017166,-3.42813444E-14,53.2386246,10.2573795,Building,Surface,2.893906,2.524719,0.160340,0.000000,-32.417040,1.803244,48.937510,359.223900,295.848700,357.868700,104.047200,98.172010,0.300000,1000.000000,0.900730,2468,2740,50.000000,off,,0,1,6.43918682E-16,1,1
1765268540055,2025-12-09 16:22:20.055,691.066000,12.715450,23,9,2,-0.006257,0.006669,-0.047104,0.010757,-0.176086,0.984299,-32.377270,1.809563,48.911780,-0.885894,-0.162416,0.434487,-42.2474823,-3.46123209E-14,53.7526321,11.1413422,Building,Surface,2.853546,2.458313,10.261260,0.000000,-32.417120,1.803334,48.937780,359.189200,295.877900,357.889800,104.047200,98.172010,0.300000,1000.000000,0.900730,2468,2740,50.000000,off,,0,1,6.43918682E-16,1,1
1765268540066,2025-12-09 16:22:20.066,691.077100,12.726560,23,9,2,-0.002323,0.006305,-0.046164,0.040070,-0.178742,0.983063,-32.376470,1.809061,48.915950,-0.871889,-0.165362,0.460903,-41.9149437,-3.47447155E-14,53.9582329,10.9398212,Building,Surface,2.777206,2.600708,10378.780000,0.000000,-32.417160,1.803366,48.938050,359.143500,295.911800,357.922500,104.047200,98.172010,0.300000,1000.000000,0.900730,2468,2740,50.000000,off,,0,1,6.43918682E-16,1,1
1765268540077,2025-12-09 16:22:20.077,691.088400,12.737790,23,9,2,-0.000794,0.006652,-0.047119,0.134308,-0.130264,0.982330,-32.374980,1.809373,48.917190,-0.828320,-0.120017,0.547232,-44.862709,-3.68110558E-14,57.167244,15.0758295,Building,Surface,2.866821,2.415054,10.197540,0.000000,-32.417190,1.803415,48.938360,359.127000,295.952800,357.944000,104.047200,98.172010,0.300000,1000.000000,0.900730,2468,2740,50.000000,off,,0,1,6.43918682E-16,1,1
1765268540088,2025-12-09 16:22:20.088,691.099200,12.748600,23,9,2,-0.000794,0.006652,-0.047119,0.134308,-0.130264,0.982330,-32.375110,1.809370,48.917440,-0.827931,-0.119606,0.547909,-44.8998528,-3.68360568E-14,57.2060699,15.1275988,Building,Surface,2.866821,2.415054,10.197540,0.000000,-32.417300,1.803431,48.938630,359.104300,295.996900,357.952900,104.047200,98.172010,0.300000,1000.000000,0.900730,2468,2740,50.000000,off,,0,1,6.43918682E-16,1,1
1765268540100,2025-12-09 16:22:20.100,691.110900,12.760310,23,9,2,-0.031329,0.009035,-0.051619,0.283676,0.019424,0.958710,-32.384440,1.812821,48.888390,-0.736135,0.024443,0.676374,-63.2439575,2.83749676,77.2426605,41.9204483,Building,Surface,2.641220,2.659958,0.157387,0.000000,-32.417330,1.803494,48.938970,359.098600,296.061900,357.969700,104.047200,98.172010,0.300000,1000.000000,0.900730,2468,2740,50.000000,off,,0,0,-1,1,1
1765268540110,2025-12-09 16:22:20.110,691.121400,12.770810,23,9,2,-0.002323,0.006305,-0.046164,0.040070,-0.178742,0.983063,-32.376780,1.809214,48.917110,-0.870376,-0.164052,0.464218,-41.975544,-3.47952055E-14,54.036644,11.0281086,Building,Surface,2.777206,2.600708,0.156403,0.000000,-32.417400,1.803581,48.939360,359.069200,296.113800,357.976000,104.047200,98.172010,0.300000,1000.000000,0.900730,2468,2740,50.000000,off,,0,1,6.43918682E-16,1,1
1765268540122,2025-12-09 16:22:20.122,691.132600,12.782040,23,9,2,-0.002323,0.006305,-0.046164,0.040070,-0.178742,0.983063,-32.376810,1.809267,48.917390,-0.869822,-0.163559,0.465429,-41.9986649,-3.48140435E-14,54.0658989,11.0616751,Building,Surface,2.777206,2.600708,0.156403,0.000000,-32.417400,1.803657,48.939690,359.040100,296.193400,357.963600,104.047200,98.172010,0.300000,1000.000000,0.900730,2468,2740,50.000000,off,,0,1,6.43918682E-16,1,1
1765268540133,2025-12-09 16:22:20.133,691.143800,12.793210,23,9,2,-0.000794,0.006652,-0.047119,0.134308,-0.130264,0.982330,-32.375330,1.809604,48.918660,-0.825553,-0.117639,0.551910,-45.0745621,-3.69664186E-14,57.4085236,15.3825445,Building,Surface,2.866821,2.415054,0.009775,0.000000,-32.417430,1.803761,48.940060,358.988200,296.268600,357.940800,104.047200,98.172010,0.300000,1000.000000,0.900730,2468,2740,50.000000,off,,0,1,6.43918682E-16,1,1
1765268540144,2025-12-09 16:22:20.144,691.154800,12.804200,23,9,2,-0.023588,0.008343,-0.050065,0.233139,0.013153,0.972351,-32.382790,1.812157,48.897270,-0.767338,0.022356,0.640848,-66.3229675,2.80098677,77.2426605,44.2309227,Building,Surface,2.740524,2.383240,0.613833,0.000000,-32.417450,1.803874,48.940420,358.958600,296.362700,357.920200,104.047200,98.172010,0.300000,1000.000000,0.900730,2468,2740,50.000000,off,,0,0,-1,1,1
1765268540155,2025-12-09 16:22:20.155,691.165800,12.815250,23,9,2,0.029433,0.004976,-0.043782,0.255264,-0.077148,0.963776,-32.365050,1.807031,48.947780,-0.751845,-0.068512,0.655752,-52.1952591,-4.26554239E-14,66.2434998,26.3750706,Building,Surface,2.745972,2.630127,0.039100,0.000000,-32.417490,1.803960,48.940810,358.931400,296.448600,357.888600,104.047200,98.172010,0.300000,1000.000000,0.900730,2468,2740,50.000000,off,,0,1,6.43918682E-16,1,1
1765268540166,2025-12-09 16:22:20.166,691.176900,12.826350,23,9,2,0.029433,0.004976,-0.043782,0.255264,-0.077148,0.963776,-32.365030,1.807109,48.948090,-0.750934,-0.068046,0.656843,-52.3077087,-4.27510369E-14,66.391983,26.5568314,Building,Surface,2.745972,2.630127,0.039100,0.000000,-32.417480,1.804065,48.941200,358.901300,296.531600,357.879300,104.047200,98.172010,0.300000,1000.000000,0.900730,2468,2740,50.000000,off,,0,1,6.43918682E-16,1,1
1765268540178,2025-12-09 16:22:20.178,691.188200,12.837650,23,9,2,0.029034,0.004993,-0.043840,0.253647,-0.080719,0.963913,-32.365200,1.807162,48.947990,-0.750992,-0.070978,0.656470,-51.4861069,-4.22811742E-14,65.6622925,25.4606171,Building,Surface,2.744080,2.506378,0.039100,0.000000,-32.417530,1.804124,48.941560,358.863900,296.615200,357.866100,104.047200,98.172010,0.300000,1000.000000,0.900730,2468,2740,50.000000,off,,0,1,6.43918682E-16,1,1
1765268540189,2025-12-09 16:22:20.189,691.199200,12.848570,23,9,2,0.022020,0.005426,-0.044656,0.258255,-0.068161,0.963654,-32.367650,1.807847,48.941660,-0.747553,-0.058086,0.661635,-55.6342201,-4.47743344E-14,69.5341415,31.123167,Building,Surface,2.762924,2.556305,0.000599,0.000000,-32.417590,1.804161,48.941910,358.830600,296.680400,357.857300,104.047200,98.172010,0.300000,1000.000000,0.900730,2468,2740,50.000000,off,,0,1,6.43918682E-16,1,1
1765268540200,2025-12-09 16:22:20.200,691.210400,12.859800,23,9,2,0.022020,0.005426,-0.044656,0.258255,-0.068161,0.963654,-32.367690,1.807879,48.941950,-0.746779,-0.057388,0.662569,-55.8932724,-4.49549794E-14,69.814682,31.5022621,Building,Surface,2.762924,2.556305,0.000599,0.000000,-32.417640,1.804221,48.942260,358.790500,296.750200,357.862500,104.047200,98.172010,0.300000,1000.000000,0.900730,2468,2740,50.000000,off,,0,1,6.43918682E-16,1,1
1765268540211,2025-12-09 16:22:20.211,691.221400,12.870850,23,9,2,0.017054,0.005740,-0.045225,0.259216,-0.067886,0.963425,-32.369460,1.808364,48.937500,-0.745407,-0.056671,0.664188,-56.1553001,-4.51590805E-14,70.1316528,31.9096909,Building,Surface,2.743469,2.655762,0.000038,0.000000,-32.417700,1.804242,48.942550,358.762400,296.814900,357.864700,104.047200,98.172010,0.300000,1000.000000,0.900730,2468,2740,50.000000,off,,0,1,6.43918682E-16,1,1
1765268540222,2025-12-09 16:22:20.222,691.232400,12.881840,23,9,2,-0.003542,0.006975,-0.047524,0.261169,-0.045502,0.964203,-32.376680,1.810284,48.918370,-0.743505,-0.033766,0.667853,-63.9094467,0.378235281,77.2426605,42.4102745,Building,Surface,2.736725,2.517044,0.002428,0.000000,-32.417710,1.804240,48.942860,358.725400,296.895000,357.858900,104.047200,98.172010,0.300000,1000.000000,0.900730,2468,2740,50.000000,off,,0,0,-1,1,1
1765268540232,2025-12-09 16:22:20.232,691.243600,12.893010,23,9,2,0.022020,0.005426,-0.044656,0.258255,-0.068161,0.963654,-32.367830,1.807900,48.942710,-0.744360,-0.056302,0.665378,-56.2697945,-4.5272959E-14,70.3085022,32.1102715,Building,Surface,2.762924,2.556305,0.000038,0.000000,-32.417780,1.804299,48.943210,358.723200,296.964700,357.851800,104.047200,98.172010,0.300000,1000.000000,0.900730,2468,2740,50.000000,off,,0,1,6.43918682E-16,1,1
1765268540244,2025-12-09 16:22:20.244,691.254700,12.904110,23,9,2,0.022020,0.005426,-0.044656,0.258255,-0.068161,0.963654,-32.367840,1.807902,48.943010,-0.743569,-0.056000,0.666287,-56.3731995,-4.5366258E-14,70.4533997,32.2834702,Building,Surface,2.762924,2.556305,0.000038,0.000000,-32.417800,1.804322,48.943570,358.702500,297.034900,357.841200,104.047200,98.172010,0.300000,1000.000000,0.900730,2468,2740,50.000000,off,,0,1,6.43918682E-16,1,1
1765268540255,2025-12-09 16:22:20.255,691.265900,12.915280,23,9,2,0.017054,0.005740,-0.045225,0.259216,-0.067886,0.963425,-32.369640,1.808415,48.938590,-0.742037,-0.055836,0.668022,-56.4027023,-4.54442189E-14,70.5744705,32.3878136,Building,Surface,2.743469,2.655762,0.000599,0.000000,-32.417860,1.804345,48.943890,358.706200,297.110500,357.839900,104.047200,98.172010,0.300000,1000.000000,0.900730,2468,2740,50.000000,off,,0,1,6.43918682E-16,1,1
1765268540266,2025-12-09 16:22:20.266,691.276900,12.926330,23,9,2,-0.011357,0.007443,-0.048367,0.254318,-0.036911,0.966400,-32.379770,1.811142,48.912240,-0.745021,-0.024216,0.666579,-64.044075,0.781932116,77.2426605,42.5005951,Building,Surface,2.746048,2.492813,0.002413,0.000000,-32.417890,1.804392,48.944250,358.682800,297.174300,357.846200,104.047200,98.172010,0.300000,1000.000000,0.900730,2468,2740,50.000000,off,,0,0,-1,1,1
1765268540277,2025-12-09 16:22:20.277,691.288100,12.937560,23,9,2,-0.011357,0.007443,-0.048367,0.254318,-0.036911,0.966400,-32.379870,1.811166,48.912530,-0.744256,-0.024007,0.667440,-63.9705353,0.792165518,77.2426605,42.4453125,Building,Surface,2.746048,2.492813,0.002413,0.000000,-32.417960,1.804426,48.944580,358.670100,297.240500,357.844800,104.047200,98.172010,0.300000,1000.000000,0.900730,2468,2740,50.000000,off,,0,0,-1,1,1
1765268540288,2025-12-09 16:22:20.288,691.299300,12.948670,23,9,2,0.010328,0.006086,-0.045882,0.247116,-0.078751,0.965775,-32.372300,1.809104,48.933220,-0.748006,-0.065202,0.660473,-53.1265831,-4.33091978E-14,67.2587967,27.745985,Building,Surface,2.727814,2.461014,0.000151,0.000000,-32.418020,1.804493,48.944930,358.649800,297.291300,357.845900,104.047200,98.172010,0.300000,1000.000000,0.900730,2468,2740,50.000000,off,,0,1,6.43918682E-16,1,1
1765268540299,2025-12-09 16:22:20.299,691.310200,12.959660,23,9,2,0.021283,0.005455,-0.044770,0.240112,-0.086212,0.966904,-32.368370,1.808095,48.943680,-0.751632,-0.071849,0.655650,-51.2833443,-4.21401263E-14,65.4432449,25.1650791,Building,Surface,2.724594,2.447388,0.038367,0.000000,-32.418090,1.804519,48.945230,358.621400,297.369100,357.854800,104.047200,98.172010,0.300000,1000.000000,0.900730,2468,2740,50.000000,off,,0,1,6.43918682E-16,1,1
1765268540310,2025-12-09 16:22:20.310,691.321300,12.970700,23,9,2,0.016768,0.005697,-0.045239,0.237396,-0.078629,0.968216,-32.370150,1.808550,48.939750,-0.753188,-0.064054,0.654665,-53.6362495,-4.34156156E-14,67.4240646,28.2345047,Building,Surface,2.718735,2.387283,0.000599,0.000000,-32.418220,1.804571,48.945580,358.619700,297.417500,357.868900,104.047200,98.172010,0.300000,1000.000000,0.900730,2468,2740,50.000000,off,,0,1,6.43918682E-16,1,1
1765268540321,2025-12-09 16:22:20.322,691.332400,12.981810,23,9,2,0.016768,0.005697,-0.045239,0.237396,-0.078629,0.968216,-32.370240,1.808582,48.939990,-0.752391,-0.063876,0.655598,-53.6733932,-4.34661564E-14,67.5025558,28.3136845,Building,Surface,2.718735,2.387283,0.000599,0.000000,-32.418300,1.804606,48.945870,358.612200,297.487000,357.881300,104.047200,98.172010,0.300000,1000.000000,0.900730,2468,2740,50.000000,off,,0,1,6.43918682E-16,1,1
1765268540333,2025-12-09 16:22:20.333,691.343500,12.992920,23,9,2,-0.010513,0.007424,-0.048494,0.208679,-0.068115,0.975601,-32.379870,1.811286,48.914670,-0.771239,-0.051866,0.634417,-59.3134079,-4.57633301E-14,71.0700455,34.922142,Building,Surface,2.648361,2.315231,0.000038,0.000000,-32.418300,1.804668,48.946240,358.596200,297.535200,357.879800,104.047200,98.172010,0.300000,1000.000000,0.900730,2468,2740,50.000000,off,,0,1,6.43918682E-16,1,1
1765268540344,2025-12-09 16:22:20.344,691.354700,13.004150,23,9,2,0.021283,0.005455,-0.044770,0.240112,-0.086212,0.966904,-32.368700,1.808264,48.944790,-0.749072,-0.071049,0.658660,-51.4332848,-4.23108068E-14,65.7083054,25.4508152,Building,Surface,2.724594,2.447388,0.002383,0.000000,-32.418420,1.804708,48.946540,358.581600,297.593800,357.885900,104.047200,98.172010,0.300000,1000.000000,0.900730,2468,2740,50.000000,off,,0,1,6.43918682E-16,1,1
1765268540355,2025-12-09 16:22:20.355,691.365700,13.015140,23,9,2,0.016768,0.005697,-0.045239,0.237396,-0.078629,0.968216,-32.370440,1.808657,48.940800,-0.750720,-0.063101,0.657587,-53.8882561,-4.36506977E-14,67.7891464,28.6626434,Building,Surface,2.718735,2.387283,0.000037,0.000000,-32.418490,1.804721,48.946800,358.564100,297.637600,357.871900,104.047200,98.172010,0.300000,1000.000000,0.900730,2468,2740,50.000000,off,,0,1,6.43918682E-16,1,1
1765268540366,2025-12-09 16:22:20.366,691.376800,13.026250,23,9,2,0.016768,0.005697,-0.045239,0.237396,-0.078629,0.968216,-32.370570,1.808676,48.941070,-0.750267,-0.062459,0.658164,-54.0966606,-4.37865076E-14,68.000061,28.9575481,Building,Surface,2.718735,2.387283,0.000037,0.000000,-32.418620,1.804762,48.947110,358.530500,297.678600,357.889700,104.047200,98.172010,0.300000,1000.000000,0.900730,2468,2740,50.000000,off,,0,1,6.43918682E-16,1,1
1765268540377,2025-12-09 16:22:20.377,691.388100,13.037480,23,9,2,-0.004156,0.007030,-0.047760,0.213623,-0.076324,0.973923,-32.378100,1.810736,48.921650,-0.765856,-0.058440,0.640340,-56.1077919,-4.42773192E-14,68.7622833,30.9843102,Building,Surface,2.647064,2.315277,0.000001,0.000000,-32.418720,1.804817,48.947390,358.492700,297.715500,357.903700,104.047200,98.172010,0.300000,1000.000000,0.900730,2468,2740,50.000000,off,,0,1,6.43918682E-16,1,1
1765268540388,2025-12-09 16:22:20.388,691.399000,13.048460,23,9,2,-0.000037,0.006617,-0.046838,0.208862,-0.053711,0.976456,-32.377090,1.810236,48.925980,-0.768929,-0.034790,0.638367,-64.5831146,0.353082508,75.6635056,41.8837318,Building,Surface,2.670090,2.417633,0.000001,0.000000,-32.418770,1.804891,48.947690,358.449400,297.758200,357.925900,104.047200,98.172010,0.300000,1000.000000,0.900730,2468,2740,50.000000,off,,0.866023183,0,0.500003874,1,1
1765268540399,2025-12-09 16:22:20.400,691.410200,13.059570,23,9,2,-0.000037,0.006617,-0.046838,0.208862,-0.053711,0.976456,-32.377200,1.810227,48.926240,-0.768557,-0.033698,0.638873,-64.6212006,0.396462411,75.7294846,41.9534111,Building,Surface,2.670090,2.417633,0.000001,0.000000,-32.418880,1.804929,48.947980,358.392200,297.792600,357.957900,104.047200,98.172010,0.300000,1000.000000,0.900730,2468,2740,50.000000,off,,0.866023183,0,0.500003874,1,1
1765268540411,2025-12-09 16:22:20.411,691.421300,13.070740,23,9,2,0.017931,0.005652,-0.044685,0.215881,-0.032150,0.975876,-32.370870,1.808744,48.943350,-0.763451,-0.011971,0.645733,-65.8291855,1.28411436,77.2426605,43.8244743,Building,Surface,2.628311,2.483841,0.000000,0.000000,-32.418960,1.804997,48.948250,358.371600,297.830700,357.985700,104.047200,98.172010,0.300000,1000.000000,0.900730,2468,2740,50.000000,off,,0,0,-1,1,1
1765268540422,2025-12-09 16:22:20.422,691.432500,13.081910,23,9,2,0.024186,0.005714,-0.044655,0.189224,0.070786,0.979370,-32.368060,1.808596,48.949120,-0.774211,0.092453,0.626125,-64.512085,5.64711189,74.9448395,41.5180626,Building,Surface,2.485657,2.459625,0.000000,0.000000,-32.419040,1.805022,48.948510,358.342700,297.870500,358.004500,104.047200,98.172010,0.300000,1000.000000,0.900730,2468,2740,50.000000,off,,0.866023183,0,-0.500003874,1,1
1765268540433,2025-12-09 16:22:20.433,691.443500,13.092960,23,9,2,-0.005463,0.007826,-0.048393,0.268021,0.169663,0.948349,-32.378560,1.811621,48.921370,-0.705645,0.187980,0.683165,-61.6317825,9.60451889,77.2426605,41.4557076,Building,Surface,2.616257,2.678146,0.000000,0.000000,-32.419090,1.805029,48.948700,358.326300,297.892200,358.030200,104.047200,98.172010,0.300000,1000.000000,0.900730,2468,2740,50.000000,off,,0,0,-1,1,1
1765268540444,2025-12-09 16:22:20.444,691.454500,13.103940,23,9,2,-0.005463,0.007826,-0.048393,0.268021,0.169663,0.948349,-32.378660,1.811693,48.921590,-0.705223,0.188111,0.683565,-61.5970421,9.60540009,77.2426605,41.4311409,Building,Surface,2.616257,2.678146,0.000000,0.000000,-32.419170,1.805106,48.948940,358.320500,297.926900,358.037600,104.047200,98.172010,0.300000,1000.000000,0.900730,2468,2740,50.000000,off,,0,0,-1,1,1
1765268540455,2025-12-09 16:22:20.455,691.465700,13.115110,23,9,2,0.017931,0.005652,-0.044685,0.215881,-0.032150,0.975876,-32.371190,1.808829,48.944190,-0.762076,-0.010756,0.647376,-65.6834946,1.33865726,77.2426605,43.7119446,Building,Surface,2.628311,2.483841,0.000000,0.000000,-32.419270,1.805109,48.949200,358.313800,297.951000,358.047200,104.047200,98.172010,0.300000,1000.000000,0.900730,2468,2740,50.000000,off,,0,0,-1,1,1
1765268540466,2025-12-09 16:22:20.466,691.476900,13.126280,23,9,2,0.024186,0.005714,-0.044655,0.189224,0.070786,0.979370,-32.368340,1.808666,48.949910,-0.773210,0.093062,0.627271,-64.4798889,5.6735487,75.0005875,41.5298347,Building,Surface,2.485657,2.459625,0.000000,0.000000,-32.419320,1.805093,48.949380,358.315600,297.960300,358.048800,104.047200,98.172010,0.300000,1000.000000,0.900730,2468,2740,50.000000,off,,0.866023183,0,-0.500003874,1,1
1765268540478,2025-12-09 16:22:20.478,691.488000,13.137450,23,9,2,0.024186,0.005714,-0.044655,0.189224,0.070786,0.979370,-32.368420,1.808635,48.950120,-0.773109,0.093048,0.627397,-64.4764404,5.67301559,75.0065689,41.5306816,Building,Surface,2.485657,2.459625,0.000000,0.000000,-32.419400,1.805063,48.949600,358.316200,297.969500,358.047600,104.047200,98.172010,0.300000,1000.000000,0.900730,2468,2740,50.000000,off,,0.866023183,0,-0.500003874,1,1
1765268540488,2025-12-09 16:22:20.488,691.499000,13.148440,23,9,2,-0.007202,0.008029,-0.048987,0.261353,0.184525,0.947434,-32.379210,1.811901,48.920600,-0.706323,0.202944,0.678165,-61.8772316,10.2874069,77.2426605,41.7625008,Building,Surface,2.704742,2.569626,0.000000,0.000000,-32.419420,1.805058,48.949800,358.334000,297.980000,358.038800,104.047200,98.172010,0.300000,1000.000000,0.900730,2468,2740,50.000000,off,,0,0,-1,1,1
1765268540499,2025-12-09 16:22:20.499,691.510300,13.159670,23,9,2,-0.000993,0.007525,-0.047922,0.244766,0.156937,0.956787,-32.377330,1.811157,48.926780,-0.723600,0.176006,0.667388,-63.0781631,9.27872467,77.2426605,42.4275246,Building,Surface,2.568497,2.639359,0.000000,0.000000,-32.419490,1.804987,48.950000,358.348000,297.974400,358.042700,104.047200,98.172010,0.300000,1000.000000,0.900730,2468,2740,50.000000,off,,0,0,-1,1,1
1765268540510,2025-12-09 16:22:20.510,691.521200,13.170650,23,9,2,-0.009503,0.008040,-0.048918,0.251083,0.162842,0.954163,-32.380470,1.811915,48.919010,-0.718329,0.181165,0.671691,-62.670723,9.45122337,77.2426605,42.1673851,Building,Surface,2.510971,2.599380,0.000000,0.000000,-32.419540,1.804945,48.950200,358.373900,297.959100,358.038400,104.047200,98.172010,0.300000,1000.000000,0.900730,2468,2740,50.000000,off,,0,0,-1,1,1
1765268540521,2025-12-09 16:22:20.521,691.532400,13.181820,23,9,2,-0.009503,0.008040,-0.048918,0.251083,0.162842,0.954163,-32.380530,1.811839,48.919190,-0.718764,0.180860,0.671308,-62.7062378,9.44258881,77.2426605,42.191185,Building,Surface,2.510971,2.599380,0.000000,0.000000,-32.419620,1.804855,48.950350,358.391100,297.925700,358.033900,104.047200,98.172010,0.300000,1000.000000,0.900730,2468,2740,50.000000,off,,0,0,-1,1,1
1765268540532,2025-12-09 16:22:20.532,691.543500,13.192930,23,9,2,-0.017681,0.008703,-0.050439,0.252213,0.169281,0.952744,-32.383080,1.812709,48.911400,-0.717526,0.186524,0.671083,-62.6750336,9.68723488,77.2426605,42.2169533,Building,Surface,2.539993,2.632431,0.000000,0.000000,-32.419770,1.804787,48.950440,358.429400,297.865000,358.021000,104.047200,98.172010,0.300000,1000.000000,0.900730,2468,2740,50.000000,off,,0,0,-1,1,1
1765268540543,2025-12-09 16:22:20.543,691.554600,13.203980,23,9,2,-0.000993,0.007525,-0.047922,0.244766,0.156937,0.956787,-32.377670,1.810948,48.927460,-0.726102,0.174038,0.665183,-63.2860489,9.21931648,77.2426605,42.5671463,Building,Surface,2.568497,2.639359,0.000000,0.000000,-32.419900,1.804692,48.950530,358.450300,297.777200,357.981200,104.047200,98.172010,0.300000,1000.000000,0.900730,2468,2740,50.000000,off,,0,0,-1,1,1
1765268540554,2025-12-09 16:22:20.554,691.565600,13.214970,23,9,2,-0.000993,0.007525,-0.047922,0.244766,0.156937,0.956787,-32.377750,1.810883,48.927620,-0.727613,0.173198,0.663750,-63.4171295,9.19936943,77.2426682,42.6588135,Building,Surface,2.568497,2.639359,0.000000,0.000000,-32.420030,1.804592,48.950580,358.490000,297.652200,357.940000,104.047200,98.172010,0.300000,1000.000000,0.900730,2468,2740,50.000000,off,,0,0,-1,1,1
1765268540566,2025-12-09 16:22:20.566,691.576800,13.226200,23,9,2,-0.009503,0.008040,-0.048918,0.251083,0.162842,0.954163,-32.380900,1.811554,48.919730,-0.723987,0.177800,0.666496,-63.1469269,9.3672142,77.2426605,42.4949989,Building,Surface,2.510971,2.599380,0.000000,0.000000,-32.420230,1.804423,48.950570,358.528600,297.493900,357.859300,104.047200,98.172010,0.300000,1000.000000,0.900730,2468,2740,50.000000,off,,0,0,-1,1,1
1765268540577,2025-12-09 16:22:20.577,691.587900,13.237300,23,9,2,-0.018682,0.008778,-0.050605,0.251480,0.171677,0.952499,-32.383730,1.812541,48.910970,-0.724306,0.185113,0.664142,-63.2819557,9.70929337,77.2426605,42.6584587,Building,Surface,2.521713,2.608032,0.000000,0.000000,-32.420490,1.804289,48.950560,358.590000,297.298300,357.761700,104.047200,98.172010,0.300000,1000.000000,0.900730,2468,2740,50.000000,off,,0,0,-1,1,1
1765268540588,2025-12-09 16:22:20.588,691.598900,13.248350,23,9,2,-0.009686,0.008181,-0.049457,0.243698,0.163010,0.956039,-32.380730,1.811577,48.919570,-0.733795,0.175211,0.656368,-64.044899,9.37214661,77.2426605,43.1506462,Building,Surface,2.525833,2.604050,0.000000,0.000000,-32.420670,1.804164,48.950500,358.662700,297.093400,357.664000,104.047200,98.172010,0.300000,1000.000000,0.900730,2468,2740,50.000000,off,,0,0,-1,1,1
1765268540599,2025-12-09 16:22:20.599,691.610000,13.259460,23,9,2,-0.009686,0.008181,-0.049457,0.243698,0.163010,0.956039,-32.380880,1.811479,48.919620,-0.736288,0.173954,0.653906,-64.2721863,9.34605598,77.2426605,43.3130417,Building,Surface,2.525833,2.604050,0.000000,0.000000,-32.420940,1.804006,48.950390,358.716700,296.880100,357.581600,104.047200,98.172010,0.300000,1000.000000,0.900730,2468,2740,50.000000,off,,0,0,-1,1,1
1765268540610,2025-12-09 16:22:20.610,691.621300,13.270690,23,9,2,-0.004797,0.007641,-0.048293,0.113464,0.127152,0.985367,-32.379970,1.810645,48.924510,-0.824971,0.142998,0.546777,-50.5131989,4.95377874,60.9429169,21.9803371,Building,Surface,2.565994,2.518021,0.000000,0.000000,-32.421280,1.803830,48.950220,358.784800,296.638500,357.522700,104.047200,98.172010,0.300000,1000.000000,0.900730,2468,2740,50.000000,off,,0.866025925,0,-0.499999076,1,1
1765268540621,2025-12-09 16:22:20.621,691.632300,13.281680,23,9,2,0.024798,0.005894,-0.045211,-0.069199,0.102264,0.992340,-32.369840,1.807715,48.952420,-0.915672,0.125607,0.381776,-51.4664574,4.4272871,56.9144707,20.8551502,Building,Surface,2.839218,2.548111,0.000000,0.000000,-32.421550,1.803857,48.950100,358.822300,296.366100,357.457700,104.047200,98.172010,0.300000,1000.000000,0.900730,2468,2740,50.000000,off,,0.909955382,0,-0.414706051,1,1
1765268540633,2025-12-09 16:22:20.633,691.643300,13.292720,23,9,2,0.001430,0.008170,-0.050503,-0.344086,-0.009094,0.938889,-32.375570,1.810884,48.929250,-0.994294,0.025176,0.103609,-58.5805817,2.47440767,51.6599045,26.355257,Building,Surface,2.630310,2.500290,0.000000,0.000000,-32.421860,1.803796,48.949910,358.857100,296.085300,357.412400,104.047200,98.172010,0.300000,1000.000000,0.900730,2468,2740,50.000000,off,,0.488449693,0,-0.872592092,1,1
1765268540644,2025-12-09 16:22:20.644,691.654500,13.303960,23,9,2,0.001430,0.008170,-0.050503,-0.344086,-0.009094,0.938889,-32.375750,1.810838,48.929310,-0.994797,0.024977,0.098716,-58.7781982,2.47374105,51.5492859,26.5404015,Building,Surface,2.630310,2.500290,0.000000,0.000000,-32.422130,1.803730,48.949730,358.881200,295.803100,357.379600,104.047200,98.172010,0.300000,1000.000000,0.900730,2468,2740,50.000000,off,,0.488449693,0,-0.872592092,1,1
1765268540655,2025-12-09 16:22:20.655,691.665600,13.315000,23,9,2,-0.004797,0.007641,-0.048293,0.113464,0.127152,0.985367,-32.380660,1.810607,48.924650,-0.835626,0.140472,0.531024,-50.9467735,4.93164301,60.7230453,22.2180939,Building,Surface,2.565994,2.518021,0.000000,0.000000,-32.422460,1.803672,48.949520,358.910300,295.518100,357.342600,104.047200,98.172010,0.300000,1000.000000,0.900730,2468,2740,50.000000,off,,0,0,-1,1,1
1765268540665,2025-12-09 16:22:20.665,691.676800,13.326170,23,9,2,0.024798,0.005894,-0.045211,-0.069199,0.102264,0.992340,-32.371050,1.807474,48.952670,-0.923053,0.123901,0.364152,-51.6319847,4.39286375,56.5512695,20.866396,Building,Surface,2.839218,2.548111,0.000000,0.000000,-32.422700,1.803600,48.949330,358.931500,295.245000,357.297200,104.047200,98.172010,0.300000,1000.000000,0.900730,2468,2740,50.000000,off,,0.909955382,0,-0.414706051,1,1
1765268540677,2025-12-09 16:22:20.677,691.687900,13.337280,23,9,2,0.024798,0.005894,-0.045211,-0.069199,0.102264,0.992340,-32.371380,1.807460,48.952730,-0.924783,0.123393,0.359912,-51.6716995,4.38267803,56.4641304,20.8699627,Building,Surface,2.839218,2.548111,0.000000,0.000000,-32.423020,1.803568,48.949150,358.961700,294.978900,357.284000,104.047200,98.172010,0.300000,1000.000000,0.900730,2468,2740,50.000000,off,,0.909955382,0,-0.414706051,1,1
1765268540688,2025-12-09 16:22:20.688,691.699000,13.348390,23,9,2,0.001538,0.007908,-0.049741,-0.352982,-0.026520,0.935242,-32.377130,1.810463,48.929910,-0.997542,0.007087,0.069540,-60.0156097,2.00681925,50.8566208,27.7062511,Building,Surface,2.456055,2.609787,0.000002,0.000000,-32.423230,1.803528,48.949020,358.975300,294.711200,357.264100,104.047200,98.172010,0.300000,1000.000000,0.900730,2468,2740,50.000000,off,,0.488449693,0,-0.872592092,1,1
1765268540699,2025-12-09 16:22:20.699,691.710000,13.359440,23,9,2,0.001617,0.007713,-0.049345,-0.353394,-0.031769,0.934921,-32.377660,1.810270,48.930140,-0.997906,0.001831,0.064449,-60.2422562,1.86139655,50.7297516,27.9226913,Building,Surface,2.129761,2.631989,0.000002,0.000000,-32.423520,1.803525,48.948820,358.977900,294.458900,357.261600,104.047200,98.172010,0.300000,1000.000000,0.900730,2468,2740,50.000000,off,,0.488449693,0,-0.872592092,1,1
1765268540710,2025-12-09 16:22:20.710,691.721300,13.370730,23,9,2,0.033236,0.005442,-0.044397,-0.331390,-0.068283,0.941010,-32.369510,1.806602,48.960940,-0.996028,-0.035817,0.081406,-59.4484177,0.832848907,51.174118,27.1866455,Building,Surface,2.092865,2.711868,0.000002,0.000000,-32.423780,1.803530,48.948660,358.985700,294.213000,357.280500,104.047200,98.172010,0.300000,1000.000000,0.900730,2468,2740,50.000000,off,,0.488449693,0,-0.872592092,1,1
1765268540721,2025-12-09 16:22:20.721,691.732200,13.381650,23,9,2,0.033236,0.005442,-0.044397,-0.331390,-0.068283,0.941010,-32.369880,1.806594,48.960980,-0.996361,-0.035659,0.077288,-59.6251678,0.831147909,51.0751801,27.3545609,Building,Surface,2.092865,2.711868,0.000002,0.000000,-32.424100,1.803527,48.948480,358.972900,293.975500,357.289600,104.047200,98.172010,0.300000,1000.000000,0.900730,2468,2740,50.000000,off,,0.488449693,0,-0.872592092,1,1
1765268540733,2025-12-09 16:22:20.733,691.743400,13.392820,23,9,2,0.029856,0.006019,-0.046087,-0.374176,-0.003784,0.927338,-32.370010,1.807299,48.957300,-0.999039,0.030493,0.031131,-61.7719307,2.70471454,49.8734894,29.4298763,Building,Surface,2.595551,2.609619,0.000000,0.000000,-32.424390,1.803520,48.948340,358.967800,293.754700,357.308800,104.047200,98.172010,0.300000,1000.000000,0.900730,2468,2740,50.000000,off,,0.488449693,0,-0.872592092,1,1
1765268540744,2025-12-09 16:22:20.744,691.754500,13.403870,23,9,2,0.028257,0.005795,-0.045257,-0.330338,-0.043549,0.942856,-32.371680,1.807189,48.956230,-0.997315,-0.011239,0.072335,-59.8501587,1.49752712,50.949234,27.5524025,Building,Surface,2.496552,2.698822,0.000155,0.000000,-32.424620,1.803527,48.948210,358.976500,293.540500,357.325300,104.047200,98.172010,0.300000,1000.000000,0.900730,2468,2740,50.000000,off,,0.488449693,0,-0.872592092,1,1
1765268540754,2025-12-09 16:22:20.754,691.765600,13.415040,23,9,2,0.028257,0.005795,-0.045257,-0.330338,-0.043549,0.942856,-32.371930,1.807201,48.956310,-0.997548,-0.011367,0.069033,-59.9954147,1.49243319,50.8679314,27.6913395,Building,Surface,2.496552,2.698822,0.000155,0.000000,-32.424840,1.803532,48.948120,358.980800,293.350600,357.334900,104.047200,98.172010,0.300000,1000.000000,0.900730,2468,2740,50.000000,off,,0.488449693,0,-0.872592092,1,1
1765268540765,2025-12-09 16:22:20.765,691.776700,13.426150,23,9,2,0.033236,0.005442,-0.044397,-0.331390,-0.068283,0.941010,-32.371010,1.806665,48.961320,-0.997346,-0.035833,0.063238,-60.2442169,0.805226386,50.728653,27.9471302,Building,Surface,2.092865,2.711868,0.000155,0.000000,-32.425050,1.803575,48.948060,358.966400,293.165500,357.337700,104.047200,98.172010,0.300000,1000.000000,0.900730,2468,2740,50.000000,off,,0.488449693,0,-0.872592092,1,1
1765268540776,2025-12-09 16:22:20.776,691.787800,13.437260,23,9,2,0.029856,0.006019,-0.046087,-0.374176,-0.003784,0.927338,-32.370980,1.807343,48.957650,-0.999354,0.030777,0.017921,-62.843544,2.74580359,49.504097,30.4919128,Building,Surface,2.595551,2.609619,0.000038,0.000000,-32.425240,1.803573,48.947980,358.940100,292.997800,357.333900,104.047200,98.172010,0.300000,1000.000000,0.900730,2468,2740,50.000000,off,,0.317811757,0,-0.948153913,1,1
1765268540788,2025-12-09 16:22:20.788,691.798800,13.448240,23,9,2,0.025583,0.006106,-0.046079,-0.329041,0.011856,0.944229,-32.372860,1.807681,48.953850,-0.996954,0.044782,0.063675,-60.2356796,3.05924606,50.7334366,27.9476299,Building,Surface,2.616959,2.688568,0.000157,0.000000,-32.425430,1.803634,48.947940,358.932100,292.830000,357.326700,104.047200,98.172010,0.300000,1000.000000,0.900730,2468,2740,50.000000,off,,0.488449693,0,-0.872592092,1,1
1765268540799,2025-12-09 16:22:20.799,691.810000,13.459410,23,9,2,0.025583,0.006106,-0.046079,-0.329041,0.011856,0.944229,-32.373050,1.807727,48.953990,-0.997092,0.044920,0.061372,-60.3394432,3.06764174,50.6753464,28.0476341,Building,Surface,2.616959,2.688568,0.000157,0.000000,-32.425610,1.803688,48.947960,358.926200,292.697600,357.319700,104.047200,98.172010,0.300000,1000.000000,0.900730,2468,2740,50.000000,off,,0.488449693,0,-0.872592092,1,1
1765268540810,2025-12-09 16:22:20.810,691.821200,13.470580,23,9,2,0.014770,0.006731,-0.047222,-0.331207,0.001038,0.943543,-32.376320,1.808826,48.943730,-0.997800,0.034339,0.056461,-60.5816994,2.77950621,50.5397453,28.267168,Building,Surface,2.645294,2.708267,0.000157,0.000000,-32.425800,1.803685,48.947980,358.921900,292.567700,357.308600,104.047200,98.172010,0.300000,1000.000000,0.900730,2468,2740,50.000000,off,,0.488449693,0,-0.872592092,1,1
1765268540821,2025-12-09 16:22:20.821,691.832200,13.481630,23,9,2,0.008798,0.007032,-0.047770,-0.328354,-0.003387,0.944534,-32.378280,1.809399,48.938140,-0.997914,0.029661,0.057093,-60.5622826,2.64711189,50.5506134,28.2425156,Building,Surface,2.663834,2.629761,0.000039,0.000000,-32.426020,1.803680,48.947990,358.931200,292.440100,357.306900,104.047200,98.172010,0.300000,1000.000000,0.900730,2468,2740,50.000000,off,,0.488449693,0,-0.872592092,1,1
1765268540833,2025-12-09 16:22:20.833,691.843300,13.492740,23,9,2,0.008798,0.007032,-0.047770,-0.328354,-0.003387,0.944534,-32.378470,1.809362,48.938280,-0.998003,0.029752,0.055480,-60.6363335,2.65177226,50.5091629,28.3140278,Building,Surface,2.663834,2.629761,0.000039,0.000000,-32.426230,1.803648,48.948050,358.926500,292.347500,357.304400,104.047200,98.172010,0.300000,1000.000000,0.900730,2468,2740,50.000000,off,,0.488449693,0,-0.872592092,1,1
1765268540844,2025-12-09 16:22:20.844,691.854400,13.503850,23,9,2,0.009483,0.006755,-0.046892,-0.304855,-0.014786,0.952271,-32.379190,1.809068,48.939410,-0.996791,0.017040,0.078047,-59.6290169,2.27489972,51.0730286,27.3372002,Building,Surface,2.548187,2.698990,0.000156,0.000000,-32.426400,1.803629,48.948150,358.948300,292.250900,357.305600,104.047200,98.172010,0.300000,1000.000000,0.900730,2468,2740,50.000000,off,,0.488449693,0,-0.872592092,1,1
1765268540855,2025-12-09 16:22:20.855,691.865500,13.514950,23,9,2,-0.025713,0.009344,-0.052670,-0.260513,-0.025375,0.965134,-32.387170,1.813172,48.904950,-0.992501,0.004525,0.122132,-57.8948059,1.92946613,52.0437851,25.7002926,Building,Surface,2.647552,2.615112,0.000155,0.000000,-32.426590,1.803592,48.948270,358.953700,292.169700,357.305500,104.047200,98.172010,0.300000,1000.000000,0.900730,2468,2740,50.000000,off,,0.488449693,0,-0.872592092,1,1
1765268540865,2025-12-09 16:22:20.865,691.876600,13.526000,23,9,2,0.008798,0.007032,-0.047770,-0.328354,-0.003387,0.944534,-32.378880,1.809327,48.938850,-0.998236,0.029185,0.051441,-60.8230667,2.64093781,50.4046326,28.4940701,Building,Surface,2.663834,2.629761,0.009839,0.000000,-32.426670,1.803584,48.948430,358.960900,292.115200,357.304600,104.047200,98.172010,0.300000,1000.000000,0.900730,2468,2740,50.000000,off,,0.488449693,0,-0.872592092,1,1
1765268540877,2025-12-09 16:22:20.877,691.887800,13.537230,23,9,2,0.008798,0.007032,-0.047770,-0.328354,-0.003387,0.944534,-32.378950,1.809306,48.939070,-0.998295,0.028964,0.050406,-60.8711777,2.63596392,50.3777008,28.5404968,Building,Surface,2.663834,2.629761,0.009839,0.000000,-32.426750,1.803553,48.948600,358.970600,292.055800,357.315000,104.047200,98.172010,0.300000,1000.000000,0.900730,2468,2740,50.000000,off,,0.488449693,0,-0.872592092,1,1
1765268540888,2025-12-09 16:22:20.888,691.898900,13.548340,23,9,2,0.009483,0.006755,-0.046892,-0.304855,-0.014786,0.952271,-32.379630,1.809002,48.940210,-0.997117,0.016492,0.073900,-59.8077011,2.26265335,50.9730034,27.5070362,Building,Surface,2.548187,2.698990,0.000002,0.000000,-32.426880,1.803536,48.948750,358.980000,292.012400,357.309400,104.047200,98.172010,0.300000,1000.000000,0.900730,2468,2740,50.000000,off,,0.488449693,0,-0.872592092,1,1
1765268540899,2025-12-09 16:22:20.899,691.910100,13.559510,23,9,2,0.016288,0.006182,-0.045626,-0.207794,-0.029053,0.977737,-32.378430,1.808132,48.947160,-0.985065,-0.001868,0.172154,-56.0395775,1.76326299,53.0822754,24.0198135,Building,Surface,2.692001,2.576080,0.000157,0.000000,-32.427020,1.803534,48.948910,358.980900,291.972800,357.307600,104.047200,98.172010,0.300000,1000.000000,0.900730,2468,2740,50.000000,off,,0.488449693,0,-0.872592092,1,1
1765268540910,2025-12-09 16:22:20.910,691.921200,13.570620,23,9,2,0.016288,0.006182,-0.045626,-0.207794,-0.029053,0.977737,-32.378540,1.808137,48.947360,-0.985197,-0.001860,0.171394,-56.0649643,1.76341832,53.0680695,24.0422287,Building,Surface,2.692001,2.576080,0.000157,0.000000,-32.427130,1.803542,48.949070,358.984900,291.929000,357.286800,104.047200,98.172010,0.300000,1000.000000,0.900730,2468,2740,50.000000,off,,0.488449693,0,-0.872592092,1,1
1765268540921,2025-12-09 16:22:20.921,691.932300,13.581670,23,8,2,0.032079,0.005083,-0.043371,-0.127091,-0.013046,0.991791,-39.374920,1.806294,51.863040,-0.967850,0.010565,0.251249,-52.685524,1.95159185,55.3184052,13.7525587,Building,Surface,2.909988,2.711166,0.000038,0.000000,-39.427250,1.803513,51.849260,358.986600,291.882100,357.269700,104.047200,98.172010,0.300000,1000.000000,0.900730,2468,2740,50.000000,off,,0.59517926,0,-0.803592861,1,1
1765268540932,2025-12-09 16:22:20.932,691.943200,13.592650,23,8,2,0.031060,0.005094,-0.043382,-0.068146,0.001862,0.997665,-39.375450,1.806329,51.862320,-0.951104,0.022759,0.308005,-51.9178429,2.10645533,55.9240417,13.1870842,Building,Surface,2.943115,2.764069,0.009839,0.000000,-39.427400,1.803505,51.849460,358.988300,291.842800,357.237600,104.047200,98.172010,0.300000,1000.000000,0.900730,2468,2740,50.000000,off,,0.909955382,0,-0.414706051,1,1
1765268540943,2025-12-09 16:22:20.943,691.954300,13.603760,23,8,2,-0.004359,0.007036,-0.046808,-0.025299,0.018555,0.999497,-39.385380,1.809928,51.828540,-0.936624,0.037201,0.348323,-51.6975746,2.29894614,56.4073448,13.1451435,Building,Surface,3.069778,2.755508,0.000002,0.000000,-39.427470,1.803507,51.849690,359.000100,291.797100,357.216300,104.047200,98.172010,0.300000,1000.000000,0.900730,2468,2740,50.000000,off,,0.909955382,0,-0.414706051,1,1
1765268540954,2025-12-09 16:22:20.954,691.965500,13.614870,23,8,2,-0.004359,0.007036,-0.046808,-0.025299,0.018555,0.999497,-39.385480,1.809906,51.828780,-0.936863,0.037258,0.347673,-51.7012825,2.29969192,56.3992157,13.1456366,Building,Surface,3.069778,2.755508,0.000002,0.000000,-39.427580,1.803486,51.849900,358.997200,291.757000,357.197500,104.047200,98.172010,0.300000,1000.000000,0.900730,2468,2740,50.000000,off,,0.909955382,0,-0.414706051,1,1
1765268540965,2025-12-09 16:22:20.965,691.976700,13.626100,23,8,2,0.001207,0.006719,-0.046252,-0.029785,0.000839,0.999542,-39.384030,1.809352,51.834370,-0.939402,0.019591,0.342217,-51.7316742,2.06685925,56.3325195,13.1439743,Building,Surface,2.885895,2.760117,0.000002,0.000000,-39.427660,1.803502,51.850100,359.008900,291.719000,357.184000,104.047200,98.172010,0.300000,1000.000000,0.900730,2468,2740,50.000000,off,,0.909955382,0,-0.414706051,1,1
1765268540976,2025-12-09 16:22:20.976,691.987700,13.637080,23,8,2,0.031060,0.005094,-0.043382,-0.068146,0.001862,0.997665,-39.375900,1.806305,51.863280,-0.951895,0.022721,0.305554,-51.931694,2.10600543,55.8936348,13.1902113,Building,Surface,2.943115,2.764069,0.002490,0.000000,-39.427820,1.803517,51.850280,358.995700,291.694800,357.160200,104.047200,98.172010,0.300000,1000.000000,0.900730,2468,2740,50.000000,off,,0.909955382,0,-0.414706051,1,1
1765268540987,2025-12-09 16:22:20.987,691.998800,13.648250,23,8,2,0.031060,0.005094,-0.043382,-0.068146,0.001862,0.997665,-39.376020,1.806320,51.863500,-0.952109,0.022594,0.304897,-51.9354286,2.10436106,55.885437,13.1910458,Building,Surface,2.943115,2.764069,0.002490,0.000000,-39.427930,1.803539,51.850460,359.004800,291.655100,357.133700,104.047200,98.172010,0.300000,1000.000000,0.900730,2468,2740,50.000000,off,,0.909955382,0,-0.414706051,1,1
1765268540999,2025-12-09 16:22:20.999,692.009800,13.659240,23,8,2,-0.004359,0.007036,-0.046808,-0.025299,0.018555,0.999497,-39.385830,1.810035,51.829660,-0.937604,0.037487,0.345646,-51.7127914,2.30288768,56.37397,13.14715,Building,Surface,3.069778,2.755508,0.002505,0.000000,-39.427990,1.803617,51.850680,358.986700,291.631200,357.092900,104.047200,98.172010,0.300000,1000.000000,0.900730,2468,2740,50.000000,off,,0.909955382,0,-0.414706051,1,1
1765268541011,2025-12-09 16:22:21.011,692.021900,13.671330,23,8,2,-0.000440,0.006806,-0.046402,-0.028427,0.002563,0.999588,-39.384890,1.809616,51.833680,-0.939582,0.022059,0.341598,-51.7355881,2.09957886,56.3239441,13.1448202,Building,Surface,2.900162,2.764313,0.039600,0.000000,-39.428110,1.803635,51.850890,358.965300,291.599200,357.075800,104.047200,98.172010,0.300000,1000.000000,0.900730,2468,2740,50.000000,off,,0.909955382,0,-0.414706051,1,1
1765268541021,2025-12-09 16:22:21.021,692.032100,13.681520,23,8,2,-0.001850,0.006878,-0.046549,-0.024048,0.006653,0.999680,-39.385360,1.809807,51.832530,-0.938105,0.026006,0.345348,-51.714077,2.15158153,56.3711472,13.1420336,Building,Surface,2.909698,2.781418,0.010022,0.000000,-39.428210,1.803688,51.851070,358.960900,291.567400,357.057800,104.047200,98.172010,0.300000,1000.000000,0.900730,2468,2740,50.000000,off,,0.909955382,0,-0.414706051,1,1
1765268541033,2025-12-09 16:22:21.033,692.043300,13.692690,23,8,2,-0.001850,0.006878,-0.046549,-0.024048,0.006653,0.999680,-39.385470,1.809847,51.832760,-0.938342,0.026138,0.344692,-51.7178116,2.15337086,56.3629417,13.1425753,Building,Surface,2.909698,2.781418,0.010022,0.000000,-39.428330,1.803734,51.851280,358.953400,291.527400,357.053100,104.047200,98.172010,0.300000,1000.000000,0.900730,2468,2740,50.000000,off,,0.909955382,0,-0.414706051,1,1
1765268541044,2025-12-09 16:22:21.044,692.054300,13.703740,23,8,2,-0.003156,0.006958,-0.046693,-0.022186,0.004700,0.999741,-39.385860,1.810021,51.831670,-0.938023,0.024298,0.345715,-51.7124481,2.12932181,56.3747177,13.1410027,Building,Surface,2.915695,2.779724,0.010022,0.000000,-39.428400,1.803774,51.851420,358.941700,291.487900,357.053200,104.047200,98.172010,0.300000,1000.000000,0.900730,2468,2740,50.000000,off,,0.909955382,0,-0.414706051,1,1
1765268541054,2025-12-09 16:22:21.054,692.065400,13.714840,23,8,2,-0.001914,0.006900,-0.046613,-0.022461,0.002258,0.999741,-39.385510,1.809922,51.833050,-0.938485,0.021865,0.344614,-51.7183762,2.09725547,56.3617096,13.1411905,Building,Surface,2.930695,2.769852,0.000038,0.000000,-39.428440,1.803795,51.851590,358.941800,291.442400,357.075400,104.047200,98.172010,0.300000,1000.000000,0.900730,2468,2740,50.000000,off,,0.909955382,0,-0.414706051,1,1
1765268541065,2025-12-09 16:22:21.065,692.076500,13.725950,23,8,2,-0.001850,0.006878,-0.046549,-0.024048,0.006653,0.999680,-39.385640,1.809899,51.833340,-0.939119,0.026578,0.342537,-51.7301369,2.15926051,56.335907,13.1446486,Building,Surface,2.909698,2.781418,0.000154,0.000000,-39.428550,1.803808,51.851760,358.927500,291.396400,357.084700,104.047200,98.172010,0.300000,1000.000000,0.900730,2468,2740,50.000000,off,,0.909955382,0,-0.414706051,1,1
1765268541076,2025-12-09 16:22:21.076,692.087600,13.737060,23,8,2,-0.001850,0.006878,-0.046549,-0.024048,0.006653,0.999680,-39.385680,1.809874,51.833520,-0.939260,0.026881,0.342125,-51.7324524,2.16323066,56.3308258,13.1450891,Building,Surface,2.909698,2.781418,0.000154,0.000000,-39.428590,1.803798,51.851930,358.909900,291.371500,357.094100,104.047200,98.172010,0.300000,1000.000000,0.900730,2468,2740,50.000000,off,,0.909955382,0,-0.414706051,1,1
1765268541088,2025-12-09 16:22:21.088,692.098800,13.748230,23,8,2,-0.003156,0.006958,-0.046693,-0.022186,0.004700,0.999741,-39.386100,1.809963,51.832430,-0.938942,0.025164,0.343147,-51.7270889,2.14070606,56.3425865,13.1434755,Building,Surface,2.915695,2.779724,0.010022,0.000000,-39.428700,1.803760,51.852070,358.890900,291.331800,357.104100,104.047200,98.172010,0.300000,1000.000000,0.900730,2468,2740,50.000000,off,,0.909955382,0,-0.414706051,1,1
1765268541098,2025-12-09 16:22:21.098,692.109800,13.759220,23,8,2,-0.004831,0.007083,-0.046985,-0.020370,0.004303,0.999771,-39.386440,1.810216,51.830960,-0.938488,0.024880,0.344379,-51.7205353,2.13720202,56.3569641,13.1423607,Building,Surface,2.914398,2.782257,0.000630,0.000000,-39.428720,1.803818,51.852240,358.879500,291.304300,357.096900,104.047200,98.172010,0.300000,1000.000000,0.900730,2468,2740,50.000000,off,,0.909955382,0,-0.414706051,1,1
1765268541110,2025-12-09 16:22:21.110,692.121000,13.770390,23,8,2,-0.004831,0.007083,-0.046985,-0.020370,0.004303,0.999771,-39.386520,1.810248,51.831150,-0.938661,0.025001,0.343900,-51.723259,2.138834,56.3509979,13.1427574,Building,Surface,2.914398,2.782257,0.000630,0.000000,-39.428810,1.803856,51.852410,358.872500,291.275100,357.095000,104.047200,98.172010,0.300000,1000.000000,0.900730,2468,2740,50.000000,off,,0.909955382,0,-0.414706051,1,1
1765268541121,2025-12-09 16:22:21.121,692.132100,13.781490,23,8,2,-0.010657,0.007474,-0.047806,-0.016891,0.009018,0.999802,-39.387810,1.810998,51.825720,-0.937458,0.030069,0.346754,-51.7086525,2.20618939,56.383049,13.1426229,Building,Surface,2.925522,2.779343,0.160352,0.000000,-39.428790,1.803959,51.852660,358.842000,291.239600,357.083500,104.047200,98.172010,0.300000,1000.000000,0.900730,2468,2740,50.000000,off,,0.909955382,0,-0.414706051,1,1
1765268541132,2025-12-09 16:22:21.132,692.143100,13.792540,23,8,2,-0.007014,0.007263,-0.047465,-0.016830,0.008835,0.999817,-39.386910,1.810666,51.829440,-0.937623,0.030001,0.346351,-51.7094498,2.20494843,56.3812943,13.142292,Building,Surface,2.961502,2.773010,0.010022,0.000000,-39.428890,1.804021,51.852850,358.835300,291.211600,357.080800,104.047200,98.172010,0.300000,1000.000000,0.900730,2468,2740,50.000000,off,,0.909955382,0,-0.414706051,1,1
1765268541143,2025-12-09 16:22:21.143,692.154200,13.803650,23,8,2,-0.006970,0.007242,-0.047449,-0.012772,0.000702,0.999908,-39.386970,1.810682,51.829690,-0.936713,0.021832,0.349390,-51.6920662,2.09747744,56.4194336,13.1363411,Building,Surface,2.959091,2.758545,0.000630,0.000000,-39.428970,1.804068,51.853030,358.826400,291.184300,357.081300,104.047200,98.172010,0.300000,1000.000000,0.900730,2468,2740,50.000000,off,,0.909955382,0,-0.414706051,1,1
1765268541154,2025-12-09 16:22:21.154,692.165400,13.814820,23,8,2,-0.006970,0.007242,-0.047449,-0.012772,0.000702,0.999908,-39.387070,1.810688,51.829920,-0.936883,0.022085,0.348917,-51.6947365,2.10081482,56.4135857,13.136694,Building,Surface,2.959091,2.758545,0.000630,0.000000,-39.429080,1.804085,51.853240,358.812000,291.155500,357.072900,104.047200,98.172010,0.300000,1000.000000,0.900730,2468,2740,50.000000,off,,0.909955382,0,-0.414706051,1,1
1765268541165,2025-12-09 16:22:21.165,692.176500,13.825870,23,8,2,-0.010657,0.007474,-0.047806,-0.016891,0.009018,0.999802,-39.388110,1.811167,51.826600,-0.938078,0.030365,0.345048,-51.7182693,2.21028662,56.3619308,13.1438751,Building,Surface,2.925522,2.779343,0.000039,0.000000,-39.429150,1.804140,51.853470,358.825200,291.135400,357.073700,104.047200,98.172010,0.300000,1000.000000,0.900730,2468,2740,50.000000,off,,0.909955382,0,-0.414706051,1,1
1765268541176,2025-12-09 16:22:21.176,692.187500,13.836910,23,8,2,-0.007014,0.007263,-0.047465,-0.016830,0.008835,0.999817,-39.387170,1.810761,51.830350,-0.938105,0.030018,0.345041,-51.7167664,2.20529008,56.3652534,13.1430521,Building,Surface,2.961502,2.773010,0.000159,0.000000,-39.429190,1.804114,51.853690,358.834700,291.131400,357.058700,104.047200,98.172010,0.300000,1000.000000,0.900730,2468,2740,50.000000,off,,0.909955382,0,-0.414706051,1,1
1765268541188,2025-12-09 16:22:21.188,692.198700,13.848140,23,8,2,-0.007014,0.007263,-0.047465,-0.016830,0.008835,0.999817,-39.387210,1.810805,51.830620,-0.938122,0.029707,0.345022,-51.7167969,2.20123911,56.3651886,13.1428013,Building,Surface,2.961502,2.773010,0.000159,0.000000,-39.429230,1.804142,51.853970,358.852700,291.129900,357.048800,104.047200,98.172010,0.300000,1000.000000,0.900730,2468,2740,50.000000,off,,0.909955382,0,-0.414706051,1,1
1765268541199,2025-12-09 16:22:21.199,692.209800,13.859250,23,8,2,-0.008909,0.007265,-0.047389,-0.010101,0.008438,0.999908,-39.388030,1.810881,51.829150,-0.935667,0.028670,0.351704,-51.6785927,2.18747926,56.4489975,13.1355524,Building,Surface,2.958939,2.776657,0.002506,0.000000,-39.429290,1.804099,51.854260,358.869900,291.153700,357.022700,104.047200,98.172010,0.300000,1000.000000,0.900730,2468,2740,50.000000,off,,0.909955382,0,-0.414706051,1,1
1765268541210,2025-12-09 16:22:21.210,692.220900,13.870360,23,8,2,-0.003288,0.006925,-0.046744,-0.012772,-0.001984,0.999908,-39.386730,1.810263,51.834880,-0.936874,0.017937,0.349184,-51.6913681,2.04584265,56.4209671,13.1336126,Building,Surface,2.961151,2.791336,0.000630,0.000000,-39.429390,1.804077,51.854540,358.896800,291.177900,357.011000,104.047200,98.172010,0.300000,1000.000000,0.900730,2468,2740,50.000000,off,,0.909955382,0,-0.414706051,1,1
1765268541221,2025-12-09 16:22:21.221,692.232000,13.881410,23,8,2,-0.003344,0.006909,-0.046726,-0.010773,-0.000793,0.999939,-39.386840,1.810226,51.835110,-0.935913,0.018728,0.351726,-51.6764603,2.05614614,56.4536781,13.1311264,Building,Surface,2.981461,2.791504,0.000630,0.000000,-39.429440,1.804039,51.854850,358.913600,291.215700,357.010200,104.047200,98.172010,0.300000,1000.000000,0.900730,2468,2740,50.000000,off,,0.909955382,0,-0.414706051,1,1
1765268541232,2025-12-09 16:22:21.232,692.243100,13.892520,23,8,2,-0.003344,0.006909,-0.046726,-0.010773,-0.000793,0.999939,-39.386940,1.810176,51.835410,-0.935327,0.018706,0.353282,-51.6672821,2.05577588,56.4738159,13.1294336,Building,Surface,2.981461,2.791504,0.000630,0.000000,-39.429500,1.803988,51.855220,358.914800,291.310900,357.017000,104.047200,98.172010,0.300000,1000.000000,0.900730,2468,2740,50.000000,off,,0.909955382,0,-0.414706051,1,1
1765268541244,2025-12-09 16:22:21.244,692.254300,13.903690,23,8,2,-0.003469,0.006898,-0.046717,-0.008102,-0.002640,0.999954,-39.387050,1.810134,51.835690,-0.933415,0.016702,0.358383,-51.6374741,2.02933598,56.5392227,13.1241837,Building,Surface,2.977158,2.791687,0.000157,0.000000,-39.429500,1.803953,51.855730,358.915700,291.475600,357.066400,104.047200,98.172010,0.300000,1000.000000,0.900730,2468,2740,50.000000,off,,0.909955382,0,-0.414706051,1,1
1765268541255,2025-12-09 16:22:21.255,692.265300,13.914670,23,8,2,-0.031605,0.008707,-0.050591,0.135101,-0.024750,0.990509,-39.393790,1.813248,51.808630,-0.871461,-0.012951,0.490266,-51.4009018,1.63480127,58.5635834,13.7779455,Building,Surface,3.151550,2.588913,0.010083,0.000000,-39.429470,1.803918,51.856320,358.928500,291.677400,357.131500,104.047200,98.172010,0.300000,1000.000000,0.900730,2468,2740,50.000000,off,,0.852546036,0,0.52265209,1,1
1765268541266,2025-12-09 16:22:21.266,692.276500,13.925900,23,8,2,-0.003344,0.006909,-0.046726,-0.010773,-0.000793,0.999939,-39.387030,1.810056,51.836720,-0.930966,0.018147,0.364648,-51.6004105,2.04812694,56.6205482,13.1190071,Building,Surface,2.981461,2.791504,0.009961,0.000000,-39.429340,1.803854,51.857060,358.944900,292.008500,357.202800,104.047200,98.172010,0.300000,1000.000000,0.900730,2468,2740,50.000000,off,,0.909955382,0,-0.414706051,1,1
1765268541277,2025-12-09 16:22:21.277,692.287500,13.936890,23,8,2,-0.003344,0.006909,-0.046726,-0.010773,-0.000793,0.999939,-39.387060,1.810049,51.837280,-0.928732,0.017633,0.370325,-51.5669632,2.04129815,56.6939278,13.1145258,Building,Surface,2.981461,2.791504,0.009961,0.000000,-39.429240,1.803828,51.857890,358.973400,292.358100,357.284500,104.047200,98.172010,0.300000,1000.000000,0.900730,2468,2740,50.000000,off,,0.909955382,0,-0.414706051,1,1
1765268541288,2025-12-09 16:22:21.288,692.298600,13.948060,23,8,2,-0.003469,0.006898,-0.046717,-0.008102,-0.002640,0.999954,-39.387090,1.809966,51.837760,-0.924470,0.015071,0.380931,-51.5045891,2.00750923,56.830822,13.1073751,Building,Surface,2.977158,2.791687,0.000619,0.000000,-39.429020,1.803725,51.858850,359.006700,292.865100,357.353100,104.047200,98.172010,0.300000,1000.000000,0.900730,2468,2740,50.000000,off,,0.909955382,0,-0.414706051,1,1
1765268541299,2025-12-09 16:22:21.299,692.309800,13.959170,23,8,2,-0.032359,0.008825,-0.051035,0.272064,-0.002075,0.962265,-39.394510,1.813040,51.810340,-0.775022,0.002401,0.631912,-50.5394897,1.84756696,60.8973694,14.3800526,Building,Surface,3.198441,2.897552,0.000010,0.000000,-39.428790,1.803677,51.860000,359.023800,293.425600,357.488700,104.047200,98.172010,0.300000,1000.000000,0.900730,2468,2740,50.000000,off,,0.866025925,0,-0.499999076,1,1
1765268541309,2025-12-09 16:22:21.309,692.320800,13.970210,23,8,2,-0.032359,0.008825,-0.051035,0.272064,-0.002075,0.962265,-39.394810,1.813003,51.811230,-0.766599,0.002384,0.642104,-50.4427261,1.84736025,61.0649719,14.4114294,Building,Surface,3.198441,2.897552,0.000010,0.000000,-39.428420,1.803675,51.861360,359.058200,294.181500,357.606900,104.047200,98.172010,0.300000,1000.000000,0.900730,2468,2740,50.000000,off,,0.866025925,0,-0.499999076,1,1
1765268541320,2025-12-09 16:22:21.320,692.332000,13.981380,23,8,2,-0.001268,0.007084,-0.048220,0.367035,-0.104218,0.924347,-39.384570,1.809999,51.841540,-0.686574,-0.103105,0.719707,-51.4373131,-4.15172555E-14,64.4759293,17.5548458,Building,Surface,3.068817,2.996140,0.000000,0.000000,-39.427970,1.803672,51.862840,359.049700,294.964500,357.765100,104.047200,98.172010,0.300000,1000.000000,0.900730,2468,2740,50.000000,off,,0,1,6.43918682E-16,1,1
1765268541332,2025-12-09 16:22:21.332,692.343100,13.992550,23,8,2,-0.001423,0.007079,-0.048279,0.393311,-0.077881,0.916092,-39.384390,1.809980,51.842240,-0.655234,-0.076787,0.751502,-54.8292007,-4.4788551E-14,69.556221,23.5712357,Building,Surface,3.010101,2.832626,0.000000,0.000000,-39.427430,1.803677,51.864410,359.023300,295.878900,357.874300,104.047200,98.172010,0.300000,1000.000000,0.900730,2468,2740,50.000000,off,,0,1,6.43918682E-16,1,1
1765268541343,2025-12-09 16:22:21.343,692.354100,14.003540,23,8,2,-0.001451,0.007106,-0.048444,0.383423,-0.093872,0.918778,-39.384080,1.809941,51.843070,-0.650118,-0.090991,0.754350,-52.3158569,-4.30447846E-14,66.848175,19.8911991,Building,Surface,3.186966,3.055542,0.000000,0.000000,-39.426880,1.803644,51.866050,358.989400,296.818100,357.997500,104.047200,98.172010,0.300000,1000.000000,0.900730,2468,2740,50.000000,off,,0,1,6.43918682E-16,1,1
1765268541354,2025-12-09 16:22:21.354,692.365300,14.014710,23,8,2,-0.001451,0.007106,-0.048444,0.383423,-0.093872,0.918778,-39.383910,1.809860,51.843940,-0.637974,-0.089488,0.764825,-52.2866859,-4.33436009E-14,67.3122253,20.224371,Building,Surface,3.186966,3.055542,0.000000,0.000000,-39.426330,1.803608,51.867610,358.939100,297.731800,358.102400,104.047200,98.172010,0.300000,1000.000000,0.900730,2468,2740,50.000000,off,,0,1,6.43918682E-16,1,1
1765268541365,2025-12-09 16:22:21.365,692.376500,14.025880,23,8,2,0.029715,0.004559,-0.042909,0.356171,-0.147263,0.922730,-39.373640,1.806375,51.874840,-0.643258,-0.140181,0.752690,-47.6626701,-3.96486568E-14,61.5740166,12.88585,Building,Surface,3.160950,3.010315,0.000000,0.000000,-39.425660,1.803594,51.869290,358.873100,298.695900,358.203200,104.047200,98.172010,0.300000,1000.000000,0.900730,2468,2740,50.000000,off,,0,1,6.43918682E-16,1,1
1765268541376,2025-12-09 16:22:21.376,692.387600,14.036990,23,8,2,-0.001423,0.007079,-0.048279,0.393311,-0.077881,0.916092,-39.383540,1.809770,51.846050,-0.604240,-0.069814,0.793727,-55.0470963,-4.66336395E-14,72.4216309,25.922514,Building,Surface,3.010101,2.832626,0.000000,0.000000,-39.425020,1.803690,51.871060,358.769800,299.653200,358.301800,104.047200,98.172010,0.300000,1000.000000,0.900730,2468,2740,50.000000,off,,0,1,6.43918682E-16,1,1
1765268541388,2025-12-09 16:22:21.388,692.398900,14.048340,23,8,2,-0.001423,0.007079,-0.048279,0.393311,-0.077881,0.916092,-39.383270,1.809799,51.847080,-0.589460,-0.067870,0.804931,-55.1016235,-4.72063896E-14,73.3111038,26.6654453,Building,Surface,3.010101,2.832626,0.000000,0.000000,-39.424280,1.803792,51.872870,358.686400,300.713000,358.390900,104.047200,98.172010,0.300000,1000.000000,0.900730,2468,2740,50.000000,off,,0,1,6.43918682E-16,1,1
1765268541399,2025-12-09 16:22:21.399,692.409700,14.059140,23,8,2,-0.001451,0.007106,-0.048444,0.383423,-0.093872,0.918778,-39.382850,1.809842,51.848130,-0.582770,-0.081348,0.808541,-52.3484077,-4.4969135E-14,69.8366699,22.2478867,Building,Surface,3.186966,3.055542,0.000000,0.000000,-39.423510,1.803886,51.874780,358.599900,301.752200,358.507400,104.047200,98.172010,0.300000,1000.000000,0.900730,2468,2740,50.000000,off,,0,1,6.43918682E-16,1,1
1765268541410,2025-12-09 16:22:21.410,692.420800,14.070190,23,8,2,0.028915,0.004545,-0.042838,0.374954,-0.148789,0.915009,-39.370830,1.806711,51.877720,-0.570622,-0.134311,0.810136,-47.0466652,-4.04222689E-14,62.7754211,13.4514904,Building,Surface,3.145813,3.041962,0.000000,0.000000,-39.422630,1.803963,51.876620,358.532700,302.838000,358.617300,104.047200,98.172010,0.300000,1000.000000,0.900730,2468,2740,50.000000,off,,0,1,6.43918682E-16,1,1
1765268541421,2025-12-09 16:22:21.421,692.431900,14.081300,23,8,2,0.015300,0.005522,-0.044994,0.338013,-0.111191,0.934540,-39.375720,1.807935,51.866040,-0.590936,-0.093893,0.801224,-50.7543526,-4.33317492E-14,67.2938232,19.2550869,Building,Surface,3.241440,3.006149,0.000000,0.000000,-39.421770,1.803955,51.878400,358.477800,303.900300,358.712100,104.047200,98.172010,0.300000,1000.000000,0.900730,2468,2740,50.000000,off,,0,1,6.43918682E-16,1,1
1765268541432,2025-12-09 16:22:21.432,692.443100,14.092470,23,8,2,0.015300,0.005522,-0.044994,0.338013,-0.111191,0.934540,-39.375020,1.807884,51.866900,-0.576681,-0.092767,0.811674,-50.613636,-4.35837415E-14,67.6851654,19.4882584,Building,Surface,3.241440,3.006149,0.000000,0.000000,-39.420840,1.803919,51.880080,358.434600,304.910600,358.783600,104.047200,98.172010,0.300000,1000.000000,0.900730,2468,2740,50.000000,off,,0,1,6.43918682E-16,1,1
1765268541443,2025-12-09 16:22:21.443,692.454200,14.103580,23,8,2,0.011785,0.005956,-0.046281,0.299332,-0.131836,0.944977,-39.375350,1.808378,51.864190,-0.594993,-0.111660,0.795913,-49.0114937,-4.16965114E-14,64.7543182,16.1950893,Building,Surface,3.174591,3.023743,0.000000,0.000000,-39.419950,1.803952,51.881730,358.409100,305.855900,358.824600,104.047200,98.172010,0.300000,1000.000000,0.900730,2468,2740,50.000000,off,,0,1,6.43918682E-16,1,1
1765268541454,2025-12-09 16:22:21.454,692.465300,14.114690,23,8,2,0.017484,0.005671,-0.045876,0.263290,-0.137955,0.954788,-39.371650,1.807994,51.869850,-0.612084,-0.115926,0.782233,-48.917778,-4.12556376E-14,64.0696411,15.5959044,Building,Surface,3.192917,3.060577,0.000000,0.000000,-39.419040,1.803981,51.883290,358.368200,306.753200,358.858200,104.047200,98.172010,0.300000,1000.000000,0.900730,2468,2740,50.000000,off,,0,1,6.43918682E-16,1,1
1765268541465,2025-12-09 16:22:21.465,692.476400,14.125790,23,8,2,0.017484,0.005671,-0.045876,0.263290,-0.137955,0.954788,-39.370990,1.808006,51.870610,-0.600856,-0.115204,0.790995,-48.8008003,-4.1393958E-14,64.2844467,15.6937408,Building,Surface,3.192917,3.060577,0.000000,0.000000,-39.418190,1.804020,51.884730,358.329100,307.573700,358.873600,104.047200,98.172010,0.300000,1000.000000,0.900730,2468,2740,50.000000,off,,0,1,6.43918682E-16,1,1
1765268541478,2025-12-09 16:22:21.478,692.488400,14.137820,23,8,2,-0.030604,0.008594,-0.053016,0.463333,-0.120468,0.877945,-39.394490,1.811681,51.829250,-0.405047,-0.102961,0.908468,-46.5216141,-4.36670082E-14,67.8144684,17.5956078,Building,Surface,3.281677,3.120438,0.000000,0.000000,-39.417360,1.804095,51.886170,358.279100,308.363800,358.894500,104.047200,98.172010,0.300000,1000.000000,0.900730,2468,2740,50.000000,off,,0,1,6.43918682E-16,1,1
1765268541487,2025-12-09 16:22:21.488,692.498500,14.147950,23,8,2,0.011785,0.005956,-0.046281,0.299332,-0.131836,0.944977,-39.372990,1.808432,51.867420,-0.549683,-0.108500,0.828274,-48.534874,-4.22879031E-14,65.6727371,16.6672573,Building,Surface,3.174591,3.023743,0.000001,0.000000,-39.416540,1.804129,51.887440,358.239200,309.062700,358.891700,104.047200,98.172010,0.300000,1000.000000,0.900730,2468,2740,50.000000,off,,0,1,6.43918682E-16,1,1
1765268541499,2025-12-09 16:22:21.499,692.509800,14.159180,23,8,2,0.017484,0.005671,-0.045876,0.263290,-0.137955,0.954788,-39.369120,1.808107,51.872800,-0.571206,-0.113039,0.812970,-48.5058022,-4.17752516E-14,64.8766022,15.9952202,Building,Surface,3.192917,3.060577,0.000001,0.000000,-39.415760,1.804219,51.888660,358.203100,309.704300,358.885700,104.047200,98.172010,0.300000,1000.000000,0.900730,2468,2740,50.000000,off,,0,1,6.43918682E-16,1,1
1765268541510,2025-12-09 16:22:21.510,692.520800,14.170230,23,8,2,0.017484,0.005671,-0.045876,0.263290,-0.137955,0.954788,-39.368600,1.808083,51.873470,-0.562274,-0.112304,0.819274,-48.421154,-4.18957302E-14,65.0636978,16.0996895,Building,Surface,3.192917,3.060577,0.000001,0.000000,-39.415070,1.804238,51.889850,358.154400,310.338700,358.868300,104.047200,98.172010,0.300000,1000.000000,0.900730,2468,2740,50.000000,off,,0,1,6.43918682E-16,1,1
1765268541521,2025-12-09 16:22:21.521,692.531900,14.181270,23,8,2,-0.031226,0.008724,-0.053480,0.442734,-0.134613,0.886475,-39.394060,1.811838,51.832230,-0.385524,-0.114145,0.915595,-45.5135269,-4.27340387E-14,66.3655853,15.8729048,Building,Surface,3.357605,3.156693,0.000037,0.000000,-39.414390,1.804258,51.890880,358.102500,310.882500,358.836400,104.047200,98.172010,0.300000,1000.000000,0.900730,2468,2740,50.000000,off,,0,1,6.43918682E-16,1,1
1765268541532,2025-12-09 16:22:21.532,692.543000,14.192440,23,8,2,-0.015858,0.007922,-0.052247,0.420120,-0.135407,0.897293,-39.384830,1.810786,51.845420,-0.400272,-0.113995,0.909263,-45.7430649,-4.26846397E-14,66.2888641,15.8845587,Building,Surface,3.171616,2.943100,0.000600,0.000000,-39.413830,1.804291,51.891910,358.076900,311.409900,358.798200,104.047200,98.172010,0.300000,1000.000000,0.900730,2468,2740,50.000000,off,,0,1,6.43918682E-16,1,1
1765268541543,2025-12-09 16:22:21.543,692.554200,14.203610,23,8,2,0.003200,0.006468,-0.048968,0.373642,-0.146881,0.915863,-39.374450,1.809035,51.862480,-0.438772,-0.123739,0.890031,-45.789196,-4.17739167E-14,64.874527,14.6196709,Building,Surface,3.250290,3.066818,0.000596,0.000000,-39.413300,1.804303,51.892780,358.054700,311.841000,358.762300,104.047200,98.172010,0.300000,1000.000000,0.900730,2468,2740,50.000000,off,,0,1,6.43918682E-16,1,1
1765268541554,2025-12-09 16:22:21.554,692.565200,14.214660,23,8,2,0.003200,0.006468,-0.048968,0.373642,-0.146881,0.915863,-39.374160,1.809018,51.863120,-0.432274,-0.123451,0.893245,-45.7085915,-4.1824122E-14,64.9524994,14.6536436,Building,Surface,3.250290,3.066818,0.000596,0.000000,-39.412780,1.804318,51.893710,358.020600,312.267200,358.722000,104.047200,98.172010,0.300000,1000.000000,0.900730,2468,2740,50.000000,off,,0,1,6.43918682E-16,1,1
1765268541566,2025-12-09 16:22:21.566,692.576200,14.225650,23,8,2,-0.003857,0.006802,-0.049519,0.340988,-0.154526,0.927277,-39.378300,1.809493,51.858100,-0.457148,-0.129972,0.879839,-45.7427902,-4.12799338E-14,64.1073761,13.9221306,Building,Surface,3.089355,3.026306,0.000149,0.000000,-39.412370,1.804327,51.894520,358.012900,312.650300,358.700200,104.047200,98.172010,0.300000,1000.000000,0.900730,2468,2740,50.000000,off,,0,1,6.43918682E-16,1,1
1765268541577,2025-12-09 16:22:21.577,692.587300,14.236760,23,8,2,-0.000093,0.006174,-0.047857,0.269257,-0.178894,0.946289,-39.376670,1.808864,51.862610,-0.515356,-0.152008,0.843367,-45.5093002,-3.98576029E-14,61.8985023,11.8995924,Building,Surface,3.109314,3.005676,0.000038,0.000000,-39.411830,1.804358,51.895350,358.006400,313.015400,358.682200,104.047200,98.172010,0.300000,1000.000000,0.900730,2468,2740,50.000000,off,,0,1,6.43918682E-16,1,1
1765268541588,2025-12-09 16:22:21.588,692.598500,14.247920,23,8,2,-0.000093,0.006174,-0.047857,0.269257,-0.178894,0.946289,-39.376530,1.808870,51.863150,-0.510007,-0.152171,0.846582,-45.4390259,-3.98756616E-14,61.926548,11.8868742,Building,Surface,3.109314,3.005676,0.000038,0.000000,-39.411480,1.804354,51.896110,358.018400,313.375300,358.689800,104.047200,98.172010,0.300000,1000.000000,0.900730,2468,2740,50.000000,off,,0,1,6.43918682E-16,1,1
1765268541599,2025-12-09 16:22:21.599,692.609600,14.259030,23,8,2,0.003200,0.006468,-0.048968,0.373642,-0.146881,0.915863,-39.373150,1.809069,51.865360,-0.409615,-0.123927,0.903795,-45.3526573,-4.18925996E-14,65.0588303,14.5977697,Building,Surface,3.250290,3.066818,0.002398,0.000000,-39.410990,1.804351,51.896920,358.043200,313.711900,358.704600,104.047200,98.172010,0.300000,1000.000000,0.900730,2468,2740,50.000000,off,,0,1,6.43918682E-16,1,1
1765268541610,2025-12-09 16:22:21.610,692.620700,14.270140,23,8,2,-0.003857,0.006802,-0.049519,0.340988,-0.154526,0.927277,-39.377460,1.809517,51.860410,-0.434875,-0.130727,0.890947,-45.3969841,-4.13349774E-14,64.1928558,13.8419027,Building,Surface,3.089355,3.026306,0.000009,0.000000,-39.410610,1.804301,51.897660,358.074500,314.079300,358.742000,104.047200,98.172010,0.300000,1000.000000,0.900730,2468,2740,50.000000,off,,0,1,6.43918682E-16,1,1
1765268541621,2025-12-09 16:22:21.621,692.631900,14.281310,23,8,2,0.000448,0.006104,-0.047648,0.252625,-0.173401,0.951889,-39.375630,1.808718,51.865350,-0.509718,-0.147413,0.847607,-45.6297302,-4.00937625E-14,62.2652588,12.2696123,Building,Surface,3.091476,2.973404,0.009592,0.000000,-39.410190,1.804195,51.898400,358.115700,314.408100,358.763900,104.047200,98.172010,0.300000,1000.000000,0.900730,2468,2740,50.000000,off,,0,1,6.43918682E-16,1,1
1765268541632,2025-12-09 16:22:21.632,692.642900,14.292360,23,8,2,0.000448,0.006104,-0.047648,0.252625,-0.173401,0.951889,-39.375430,1.808622,51.865860,-0.504680,-0.148259,0.850469,-45.5320549,-4.00780076E-14,62.2407875,12.1989498,Building,Surface,3.091476,2.973404,0.009592,0.000000,-39.409810,1.804052,51.899110,358.172500,314.737300,358.788200,104.047200,98.172010,0.300000,1000.000000,0.900730,2468,2740,50.000000,off,,0,1,6.43918682E-16,1,1
1765268541643,2025-12-09 16:22:21.643,692.654000,14.303410,23,8,2,-0.009952,0.006681,-0.048635,0.255325,-0.175324,0.950806,-39.381860,1.809302,51.858340,-0.497283,-0.151387,0.854256,-45.3251343,-3.99667346E-14,62.0679779,11.951272,Building,Surface,3.124084,2.933685,0.009592,0.000000,-39.409420,1.803909,51.899820,358.243600,315.048400,358.804000,104.047200,98.172010,0.300000,1000.000000,0.900730,2468,2740,50.000000,off,,0,1,6.43918682E-16,1,1
1765268541655,2025-12-09 16:22:21.655,692.665300,14.314700,23,8,2,-0.024527,0.007766,-0.051023,0.236862,-0.149796,0.959915,-39.390400,1.810513,51.846930,-0.511052,-0.126350,0.850201,-46.7134399,-4.12299521E-14,64.0297546,14.3292055,Building,Surface,3.120483,2.783371,0.000599,0.000000,-39.409070,1.803747,51.900510,358.314600,315.362300,358.818300,104.047200,98.172010,0.300000,1000.000000,0.900730,2468,2740,50.000000,off,,0,1,6.43918682E-16,1,1
1765268541666,2025-12-09 16:22:21.666,692.676500,14.325870,23,8,2,-0.024527,0.007766,-0.051023,0.236862,-0.149796,0.959915,-39.390380,1.810422,51.847540,-0.505842,-0.127537,0.853134,-46.5709457,-4.11837549E-14,63.9580078,14.1951218,Building,Surface,3.120483,2.783371,0.000599,0.000000,-39.408730,1.803595,51.901220,358.387900,315.703700,358.829600,104.047200,98.172010,0.300000,1000.000000,0.900730,2468,2740,50.000000,off,,0,1,6.43918682E-16,1,1
1765268541677,2025-12-09 16:22:21.677,692.687300,14.336730,23,8,2,-0.020316,0.007516,-0.050509,0.215500,-0.160812,0.963165,-39.387610,1.810025,51.851450,-0.518614,-0.138912,0.843642,-46.1451607,-4.04665044E-14,62.84412,13.0299387,Building,Surface,3.056198,2.798111,0.000001,0.000000,-39.408290,1.803474,51.901950,358.442700,316.046600,358.838600,104.047200,98.172010,0.300000,1000.000000,0.900730,2468,2740,50.000000,off,,0,1,6.43918682E-16,1,1
1765268541687,2025-12-09 16:22:21.687,692.698500,14.347960,23,8,2,0.019322,0.004925,-0.045122,0.129273,-0.189941,0.973236,-39.362730,1.806720,51.883330,-0.583296,-0.167031,0.794886,-45.6720543,-3.8945074E-14,60.4813538,10.8165522,Building,Surface,3.114777,2.638977,0.000596,0.000000,-39.407970,1.803363,51.902700,358.504500,316.419200,358.850200,104.047200,98.172010,0.300000,1000.000000,0.900730,2468,2740,50.000000,off,,0,1,6.43918682E-16,1,1
1765268541698,2025-12-09 16:22:21.698,692.709500,14.358950,23,8,2,-0.024527,0.007766,-0.051023,0.236862,-0.149796,0.959915,-39.390330,1.810167,51.849450,-0.489126,-0.130120,0.862441,-46.1948051,-4.1112472E-14,63.8473053,13.9113827,Building,Surface,3.120483,2.783371,0.000002,0.000000,-39.407620,1.803211,51.903470,358.550400,316.798300,358.866100,104.047200,98.172010,0.300000,1000.000000,0.900730,2468,2740,50.000000,off,,0,1,6.43918682E-16,1,1
1765268541709,2025-12-09 16:22:21.709,692.720600,14.370060,23,8,2,-0.024527,0.007766,-0.051023,0.236862,-0.149796,0.959915,-39.390360,1.810109,51.850090,-0.482881,-0.131231,0.865785,-46.0508919,-4.10769441E-14,63.7921257,13.7931614,Building,Surface,3.120483,2.783371,0.000002,0.000000,-39.407260,1.803099,51.904220,358.622400,317.201700,358.890600,104.047200,98.172010,0.300000,1000.000000,0.900730,2468,2740,50.000000,off,,0,1,6.43918682E-16,1,1
1765268541720,2025-12-09 16:22:21.720,692.731800,14.381160,23,8,2,-0.020316,0.007516,-0.050509,0.215500,-0.160812,0.963165,-39.387600,1.809664,51.853970,-0.494892,-0.142680,0.857154,-45.664505,-4.03901698E-14,62.7255783,12.6833029,Building,Surface,3.056198,2.798111,0.000001,0.000000,-39.406870,1.802928,51.904990,358.682800,317.606400,358.915100,104.047200,98.172010,0.300000,1000.000000,0.900730,2468,2740,50.000000,off,,0,1,6.43918682E-16,1,1
1765268541731,2025-12-09 16:22:21.732,692.742900,14.392330,23,8,2,0.026216,0.004460,-0.044112,0.132919,-0.192780,0.972183,-39.357360,1.805794,51.890510,-0.556889,-0.174228,0.812090,-45.1292648,-3.88330928E-14,60.3074532,10.3643951,Building,Surface,3.132263,2.660126,0.000001,0.000000,-39.406460,1.802774,51.905770,358.765500,318.013800,358.933900,104.047200,98.172010,0.300000,1000.000000,0.900730,2468,2740,50.000000,off,,0,1,6.43918682E-16,1,1
1765268541743,2025-12-09 16:22:21.743,692.754000,14.403380,23,8,2,0.026216,0.004460,-0.044112,0.132919,-0.192780,0.972183,-39.357070,1.805655,51.890870,-0.550480,-0.175219,0.816236,-45.0298347,-3.88297691E-14,60.3022881,10.3049841,Building,Surface,3.132263,2.660126,0.000001,0.000000,-39.406050,1.802567,51.906490,358.828900,318.448600,358.973700,104.047200,98.172010,0.300000,1000.000000,0.900730,2468,2740,50.000000,off,,0,1,6.43918682E-16,1,1
1765268541754,2025-12-09 16:22:21.754,692.765200,14.414610,23,8,2,0.030126,0.004356,-0.044013,0.136459,-0.191727,0.971909,-39.353820,1.805363,51.893890,-0.541309,-0.175098,0.822382,-44.9350395,-3.88753869E-14,60.3731308,10.3105173,Building,Surface,3.068542,2.560608,0.000009,0.000000,-39.405560,1.802384,51.907230,358.885000,318.874500,359.013500,104.047200,98.172010,0.300000,1000.000000,0.900730,2468,2740,50.000000,off,,0,1,6.43918682E-16,1,1
1765268541766,2025-12-09 16:22:21.766,692.776900,14.426330,23,8,2,0.018326,0.005107,-0.045570,0.284424,-0.193771,0.938904,-39.361400,1.806220,51.885350,-0.401016,-0.181139,0.897975,-43.3601151,-3.91756702E-14,60.8394699,9.97137928,Building,Surface,3.107513,3.000824,0.000002,0.000000,-39.405120,1.802251,51.907970,358.948200,319.320300,359.060900,104.047200,98.172010,0.300000,1000.000000,0.900730,2468,2740,50.000000,off,,0,1,6.43918682E-16,1,1
1765268541776,2025-12-09 16:22:21.776,692.787400,14.436770,23,8,2,0.003744,0.006673,-0.049548,0.296753,-0.151382,0.942871,-39.369660,1.807844,51.873270,-0.386136,-0.139673,0.911798,-44.3675766,-4.10015446E-14,63.6750336,12.9433079,Building,Surface,3.022659,2.879074,0.000000,0.000000,-39.404680,1.802087,51.908680,359.010000,319.753800,359.107500,104.047200,98.172010,0.300000,1000.000000,0.900730,2468,2740,50.000000,off,,0,1,6.43918682E-16,1,1
1765268541787,2025-12-09 16:22:21.787,692.798400,14.447810,23,8,2,0.003744,0.006673,-0.049548,0.296753,-0.151382,0.942871,-39.369460,1.807764,51.873730,-0.378757,-0.140402,0.914776,-44.2461929,-4.09867385E-14,63.6520462,12.8755312,Building,Surface,3.022659,2.879074,0.000000,0.000000,-39.404190,1.801953,51.909420,359.068900,320.204700,359.154600,104.047200,98.172010,0.300000,1000.000000,0.900730,2468,2740,50.000000,off,,0,1,6.43918682E-16,1,1
1765268541798,2025-12-09 16:22:21.798,692.809600,14.459050,23,8,2,0.030126,0.004356,-0.044013,0.136459,-0.191727,0.971909,-39.352450,1.805110,51.895200,-0.514725,-0.178702,0.838517,-44.5518036,-3.88703148E-14,60.3652496,10.1011639,Building,Surface,3.068542,2.560608,0.000002,0.000000,-39.403730,1.801853,51.910130,359.121500,320.643400,359.194200,104.047200,98.172010,0.300000,1000.000000,0.900730,2468,2740,50.000000,off,,0,1,6.43918682E-16,1,1
1765268541809,2025-12-09 16:22:21.809,692.820600,14.470030,23,8,2,0.018326,0.005107,-0.045570,0.284424,-0.193771,0.938904,-39.360270,1.805909,51.886870,-0.372266,-0.183979,0.909700,-43.0143814,-3.91607794E-14,60.8163452,9.81576538,Building,Surface,3.107513,3.000824,0.000000,0.000000,-39.403250,1.801715,51.910820,359.167900,321.087300,359.218000,104.047200,98.172010,0.300000,1000.000000,0.900730,2468,2740,50.000000,off,,0,1,6.43918682E-16,1,1
1765268541821,2025-12-09 16:22:21.821,692.831800,14.481200,23,8,2,0.000567,0.006796,-0.049660,0.296387,-0.157379,0.942001,-39.371300,1.807731,51.872960,-0.356774,-0.148180,0.922353,-43.723793,-4.06475357E-14,63.1252632,12.199441,Building,Surface,3.026260,2.978989,0.000000,0.000000,-39.402750,1.801634,51.911510,359.204200,321.541400,359.243300,104.047200,98.172010,0.300000,1000.000000,0.900730,2468,2740,50.000000,off,,0,1,6.43918682E-16,1,1
1765268541832,2025-12-09 16:22:21.832,692.842800,14.492190,23,8,2,0.000567,0.006796,-0.049660,0.296387,-0.157379,0.942001,-39.371220,1.807632,51.873360,-0.349323,-0.148941,0.925078,-43.6108017,-4.0631669E-14,63.1006241,12.1364374,Building,Surface,3.026260,2.978989,0.000000,0.000000,-39.402360,1.801489,51.912160,359.256100,321.995800,359.261700,104.047200,98.172010,0.300000,1000.000000,0.900730,2468,2740,50.000000,off,,0,1,6.43918682E-16,1,1
1765268541843,2025-12-09 16:22:21.843,692.853900,14.503300,23,8,2,-0.016712,0.007276,-0.049657,0.307022,-0.140045,0.941330,-39.384770,1.808352,51.863190,-0.332210,-0.132866,0.933788,-43.9062576,-4.15793498E-14,64.5723648,13.6101885,Building,Surface,3.197540,3.033112,0.000002,0.000000,-39.401880,1.801447,51.912770,359.329200,322.479200,359.279100,104.047200,98.172010,0.300000,1000.000000,0.900730,2468,2740,50.000000,off,,0,1,6.43918682E-16,1,1
1765268541854,2025-12-09 16:22:21.854,692.865000,14.514400,23,8,2,-0.026834,0.008005,-0.051189,0.289948,-0.150940,0.945053,-39.391800,1.809166,51.856370,-0.340676,-0.144362,0.929020,-43.6612091,-4.08881845E-14,63.4989853,12.5320139,Building,Surface,3.145309,3.005127,0.000002,0.000000,-39.401370,1.801384,51.913390,359.391100,322.934000,359.311300,104.047200,98.172010,0.300000,1000.000000,0.900730,2468,2740,50.000000,off,,0,1,6.43918682E-16,1,1
1765268541865,2025-12-09 16:22:21.865,692.876000,14.525450,23,8,2,-0.026834,0.008005,-0.051189,0.289948,-0.150940,0.945053,-39.391750,1.809116,51.856950,-0.333503,-0.145002,0.931519,-43.5527,-4.08753367E-14,63.4790382,12.4763508,Building,Surface,3.145309,3.005127,0.000002,0.000000,-39.400890,1.801305,51.914050,359.438600,323.367500,359.340200,104.047200,98.172010,0.300000,1000.000000,0.900730,2468,2740,50.000000,off,,0,1,6.43918682E-16,1,1
1765268541876,2025-12-09 16:22:21.876,692.887300,14.536680,23,8,2,-0.022450,0.007924,-0.051305,0.278214,-0.140808,0.950134,-39.388170,1.808929,51.859920,-0.338698,-0.135405,0.931093,-43.9129677,-4.14031704E-14,64.2987595,13.3592958,Building,Surface,3.175934,3.011978,0.000001,0.000000,-39.400470,1.801216,51.914590,359.492000,323.796000,359.374900,104.047200,98.172010,0.300000,1000.000000,0.900730,2468,2740,50.000000,off,,0,1,6.43918682E-16,1,1
1765268541887,2025-12-09 16:22:21.887,692.898400,14.547850,23,8,2,-0.022133,0.007671,-0.050454,0.235123,-0.121536,0.964325,-39.388370,1.808616,51.861330,-0.374978,-0.116080,0.919725,-45.2308159,-4.26218509E-14,66.1913528,15.580595,Building,Surface,3.016174,2.929138,0.000009,0.000000,-39.400030,1.801131,51.915200,359.533700,324.200000,359.414300,104.047200,98.172010,0.300000,1000.000000,0.900730,2468,2740,50.000000,off,,0,1,6.43918682E-16,1,1
1765268541899,2025-12-09 16:22:21.899,692.909500,14.558900,23,8,2,-0.022133,0.007671,-0.050454,0.235123,-0.121536,0.964325,-39.388290,1.808553,51.861790,-0.368500,-0.116457,0.922292,-45.1110153,-4.26176225E-14,66.1847916,15.5296135,Building,Surface,3.016174,2.929138,0.000009,0.000000,-39.399580,1.801052,51.915740,359.562700,324.597900,359.442000,104.047200,98.172010,0.300000,1000.000000,0.900730,2468,2740,50.000000,off,,0,1,6.43918682E-16,1,1
1765268541910,2025-12-09 16:22:21.910,692.920600,14.570010,23,8,2,-0.026834,0.008005,-0.051189,0.289948,-0.150940,0.945053,-39.391670,1.808887,51.858940,-0.306430,-0.147144,0.940440,-43.1587067,-4.08373625E-14,63.4200592,12.2931767,Building,Surface,3.145309,3.005127,0.000038,0.000000,-39.399150,1.800983,51.916260,359.606400,324.992500,359.465000,104.047200,98.172010,0.300000,1000.000000,0.900730,2468,2740,50.000000,off,,0,1,6.43918682E-16,1,1
1765268541921,2025-12-09 16:22:21.921,692.931600,14.581050,23,8,2,-0.022450,0.007924,-0.051305,0.278214,-0.140808,0.950134,-39.387920,1.808682,51.861800,-0.312327,-0.137579,0.939951,-43.4939308,-4.13517284E-14,64.2188721,13.1463919,Building,Surface,3.175934,3.011978,0.000002,0.000000,-39.398680,1.800865,51.916780,359.654400,325.383500,359.482800,104.047200,98.172010,0.300000,1000.000000,0.900730,2468,2740,50.000000,off,,0,1,6.43918682E-16,1,1
1765268541932,2025-12-09 16:22:21.932,692.942700,14.592160,23,8,2,-0.027913,0.008122,-0.051475,0.242172,-0.120453,0.962723,-39.392270,1.808866,51.859040,-0.342799,-0.117388,0.932041,-44.674572,-4.26410209E-14,66.2211304,15.4092264,Building,Surface,3.038940,2.990494,0.000599,0.000000,-39.398240,1.800777,51.917290,359.693000,325.755000,359.503200,104.047200,98.172010,0.300000,1000.000000,0.900730,2468,2740,50.000000,off,,0,1,6.43918682E-16,1,1
1765268541943,2025-12-09 16:22:21.943,692.954000,14.603390,23,8,2,-0.027913,0.008122,-0.051475,0.242172,-0.120453,0.962723,-39.392250,1.808808,51.859480,-0.336312,-0.118101,0.934311,-44.543129,-4.26075665E-14,66.1691742,15.3156986,Building,Surface,3.038940,2.990494,0.000599,0.000000,-39.397820,1.800689,51.917770,359.742700,326.146600,359.532300,104.047200,98.172010,0.300000,1000.000000,0.900730,2468,2740,50.000000,off,,0,1,6.43918682E-16,1,1
1765268541954,2025-12-09 16:22:21.954,692.965000,14.614440,23,8,2,-0.025019,0.008145,-0.051866,0.202820,-0.096863,0.974396,-39.389590,1.808762,51.861220,-0.369561,-0.094742,0.924345,-46.4450455,-4.47576953E-14,69.5083008,19.091114,Building,Surface,3.009369,2.830490,0.000001,0.000000,-39.397420,1.800622,51.918270,359.784900,326.495900,359.565000,104.047200,98.172010,0.300000,1000.000000,0.900730,2468,2740,50.000000,off,,0,1,6.43918682E-16,1,1
1765268541965,2025-12-09 16:22:21.965,692.976100,14.625550,23,8,2,0.022173,0.004833,-0.044687,0.168137,-0.156372,0.973267,-39.353960,1.805097,51.893450,-0.392396,-0.154821,0.906656,-43.9290009,-4.02219829E-14,62.4643822,11.6590748,Building,Surface,3.092789,2.671158,0.000150,0.000000,-39.396990,1.800543,51.918740,359.840400,326.862400,359.602900,104.047200,98.172010,0.300000,1000.000000,0.900730,2468,2740,50.000000,off,,0,1,6.43918682E-16,1,1
1765268541977,2025-12-09 16:22:21.977,692.987200,14.636600,23,8,2,0.028440,0.004412,-0.043848,0.215790,-0.192459,0.957275,-39.348930,1.804576,51.897720,-0.338450,-0.192109,0.921156,-42.5281563,-3.89896618E-14,60.5505981,9.39341831,Building,Surface,3.064087,2.976105,0.000037,0.000000,-39.396610,1.800427,51.919170,359.896100,327.197700,359.631000,104.047200,98.172010,0.300000,1000.000000,0.900730,2468,2740,50.000000,off,,0,1,6.43918682E-16,1,1
1765268541988,2025-12-09 16:22:21.988,692.998300,14.647710,23,8,2,0.028440,0.004412,-0.043848,0.215790,-0.192459,0.957275,-39.348650,1.804535,51.897860,-0.332542,-0.193050,0.923109,-42.4570961,-3.89742221E-14,60.5266266,9.34742069,Building,Surface,3.064087,2.976105,0.000037,0.000000,-39.396200,1.800321,51.919590,359.959800,327.551800,359.663900,104.047200,98.172010,0.300000,1000.000000,0.900730,2468,2740,50.000000,off,,0,1,6.43918682E-16,1,1
1765268541999,2025-12-09 16:22:21.999,693.009300,14.658750,23,8,2,0.018856,0.005555,-0.047001,0.301941,-0.151596,0.941177,-39.354780,1.805714,51.890250,-0.245205,-0.153732,0.957186,-42.2349167,-4.06526585E-14,63.1332207,11.7456446,Building,Surface,3.172134,3.022507,0.000592,0.000000,-39.395760,1.800235,51.920020,0.030966,327.888500,359.690700,104.047200,98.172010,0.300000,1000.000000,0.900730,2468,2740,50.000000,off,,0,1,6.43918682E-16,1,1
1765268542010,2025-12-09 16:22:22.010,693.020500,14.669920,23,8,2,-0.007662,0.007356,-0.050921,0.305069,-0.135651,0.942612,-39.375000,1.807574,51.873130,-0.237565,-0.138822,0.961393,-42.4682846,-4.14627236E-14,64.3912354,13.0207062,Building,Surface,3.047241,2.996704,0.000150,0.000000,-39.395330,1.800090,51.920430,0.099163,328.219900,359.710400,104.047200,98.172010,0.300000,1000.000000,0.900730,2468,2740,50.000000,off,,0,1,6.43918682E-16,1,1
1765268542021,2025-12-09 16:22:22.021,693.031600,14.681030,23,8,2,-0.007662,0.007356,-0.050921,0.305069,-0.135651,0.942612,-39.374860,1.807578,51.873470,-0.231974,-0.139742,0.962624,-42.3754654,-4.14201415E-14,64.325119,12.935009,Building,Surface,3.047241,2.996704,0.000150,0.000000,-39.394920,1.800041,51.920870,0.163277,328.545000,359.735700,104.047200,98.172010,0.300000,1000.000000,0.900730,2468,2740,50.000000,off,,0,1,6.43918682E-16,1,1
1765268542032,2025-12-09 16:22:22.032,693.042700,14.692140,23,8,2,0.028440,0.004412,-0.043848,0.215790,-0.192459,0.957275,-39.347520,1.804382,51.898450,-0.310937,-0.197274,0.929722,-42.1915245,-3.88941199E-14,60.4022217,9.14649487,Building,Surface,3.064087,2.976105,0.000009,0.000000,-39.394550,1.799925,51.921230,0.229067,328.845100,359.736700,104.047200,98.172010,0.300000,1000.000000,0.900730,2468,2740,50.000000,off,,0,1,6.43918682E-16,1,1
1765268542043,2025-12-09 16:22:22.043,693.053800,14.703250,23,8,2,0.018856,0.005555,-0.047001,0.301941,-0.151596,0.941177,-39.353870,1.805524,51.890940,-0.223561,-0.157699,0.961830,-41.9134598,-4.0504482E-14,62.9030991,11.4489813,Building,Surface,3.172134,3.022507,0.000151,0.000000,-39.394170,1.799811,51.921590,0.291767,329.150700,359.750600,104.047200,98.172010,0.300000,1000.000000,0.900730,2468,2740,50.000000,off,,0,1,6.43918682E-16,1,1
1765268542054,2025-12-09 16:22:22.055,693.064900,14.714290,23,8,2,-0.016835,0.007730,-0.051343,0.304993,-0.132919,0.943024,-39.382220,1.807790,51.869200,-0.217140,-0.140126,0.966021,-42.1835823,-4.142458E-14,64.3320084,12.9010563,Building,Surface,3.120346,3.026917,0.009714,0.000000,-39.393840,1.799667,51.921910,0.357629,329.426200,359.751300,104.047200,98.172010,0.300000,1000.000000,0.900730,2468,2740,50.000000,off,,0,1,6.43918682E-16,1,1
1765268542065,2025-12-09 16:22:22.065,693.076000,14.725460,23,8,2,-0.016835,0.007730,-0.051343,0.304993,-0.132919,0.943024,-39.382120,1.807739,51.869480,-0.212412,-0.141317,0.966898,-42.0993195,-4.13641289E-14,64.2381287,12.7919655,Building,Surface,3.120346,3.026917,0.009714,0.000000,-39.393490,1.799552,51.922230,0.434227,329.699300,359.764100,104.047200,98.172010,0.300000,1000.000000,0.900730,2468,2740,50.000000,off,,0,1,6.43918682E-16,1,1
1765268542076,2025-12-09 16:22:22.076,693.087200,14.736570,23,8,2,-0.015615,0.007156,-0.049520,0.288055,-0.134399,0.948120,-39.381850,1.807046,51.871920,-0.225210,-0.144025,0.963591,-42.2075043,-4.11862384E-14,63.9618607,12.5465679,Building,Surface,3.139343,3.059357,0.009714,0.000000,-39.393120,1.799385,51.922530,0.510961,329.954900,359.765900,104.047200,98.172010,0.300000,1000.000000,0.900730,2468,2740,50.000000,off,,0,1,6.43918682E-16,1,1
1765268542087,2025-12-09 16:22:22.087,693.098200,14.747620,23,8,2,-0.015084,0.006986,-0.048943,0.287842,-0.126022,0.949341,-39.381570,1.806771,51.872940,-0.221692,-0.137446,0.965372,-42.2957764,-4.15733596E-14,64.5630646,13.145196,Building,Surface,3.151749,3.026550,0.000037,0.000000,-39.392780,1.799195,51.922830,0.616270,330.205100,359.756900,104.047200,98.172010,0.300000,1000.000000,0.900730,2468,2740,50.000000,off,,0,1,6.43918682E-16,1,1
1765268542098,2025-12-09 16:22:22.098,693.109400,14.758790,23,8,2,-0.015084,0.006986,-0.048943,0.287842,-0.126022,0.949341,-39.381480,1.806659,51.873250,-0.217218,-0.138987,0.966169,-42.2050438,-4.14891307E-14,64.432251,12.9986544,Building,Surface,3.151749,3.026550,0.000037,0.000000,-39.392460,1.799004,51.923170,0.710420,330.463500,359.760300,104.047200,98.172010,0.300000,1000.000000,0.900730,2468,2740,50.000000,off,,0,1,6.43918682E-16,1,1
1765268542109,2025-12-09 16:22:22.109,693.120400,14.769840,23,8,2,0.001394,0.006071,-0.047252,0.265732,-0.142242,0.953491,-39.367780,1.805526,51.883000,-0.234131,-0.156690,0.959491,-42.0656548,-4.05276873E-14,62.9391403,11.522872,Building,Surface,3.146759,2.885406,0.000148,0.000000,-39.392090,1.798801,51.923440,0.801163,330.715400,359.756300,104.047200,98.172010,0.300000,1000.000000,0.900730,2468,2740,50.000000,off,,0,1,6.43918682E-16,1,1
1765268542120,2025-12-09 16:22:22.120,693.131700,14.781070,23,8,2,-0.015615,0.007156,-0.049520,0.288055,-0.134399,0.948120,-39.381350,1.806643,51.872990,-0.207911,-0.149902,0.966578,-41.8871346,-4.0903221E-14,63.5223465,12.0519838,Building,Surface,3.139343,3.059357,0.000037,0.000000,-39.391710,1.798675,51.923740,0.865133,330.955900,359.760600,104.047200,98.172010,0.300000,1000.000000,0.900730,2468,2740,50.000000,off,,0,1,6.43918682E-16,1,1
1765268542131,2025-12-09 16:22:22.131,693.142600,14.791990,23,8,2,-0.015084,0.006986,-0.048943,0.287842,-0.126022,0.949341,-39.381000,1.806418,51.873960,-0.204679,-0.142426,0.968403,-41.9769821,-4.13115112E-14,64.1564026,12.6830969,Building,Surface,3.151749,3.026550,0.000151,0.000000,-39.391340,1.798585,51.924000,0.918316,331.191500,359.759900,104.047200,98.172010,0.300000,1000.000000,0.900730,2468,2740,50.000000,off,,0,1,6.43918682E-16,1,1
1765268542143,2025-12-09 16:22:22.143,693.153700,14.803160,23,8,2,-0.015084,0.006986,-0.048943,0.287842,-0.126022,0.949341,-39.380900,1.806401,51.874200,-0.200588,-0.142849,0.969196,-41.9174347,-4.12946248E-14,64.130188,12.6454153,Building,Surface,3.151749,3.026550,0.000151,0.000000,-39.391020,1.798547,51.924270,0.946622,331.430400,359.768900,104.047200,98.172010,0.300000,1000.000000,0.900730,2468,2740,50.000000,off,,0,1,6.43918682E-16,1,1
1765268542154,2025-12-09 16:22:22.154,693.164900,14.814330,23,8,2,-0.006430,0.006540,-0.048168,0.250458,-0.115631,0.961182,-39.373520,1.805854,51.879150,-0.235622,-0.132588,0.962742,-42.5827103,-4.18493975E-14,64.9917374,13.6198311,Building,Surface,3.148727,2.955215,0.000588,0.000000,-39.390710,1.798489,51.924480,0.951850,331.638700,359.769700,104.047200,98.172010,0.300000,1000.000000,0.900730,2468,2740,50.000000,off,,0,1,6.43918682E-16,1,1
1765268542165,2025-12-09 16:22:22.165,693.176000,14.825380,23,8,2,-0.026081,0.007808,-0.050816,0.246994,-0.095383,0.964294,-39.389390,1.807186,51.867680,-0.236858,-0.112492,0.964993,-43.1945114,-4.33810025E-14,67.3703079,16.0647602,Building,Surface,3.150955,3.067215,0.000037,0.000000,-39.390340,1.798426,51.924650,0.959807,331.838600,359.774800,104.047200,98.172010,0.300000,1000.000000,0.900730,2468,2740,50.000000,off,,0,1,6.43918682E-16,1,1
1765268542176,2025-12-09 16:22:22.176,693.187200,14.836610,23,8,2,-0.026081,0.007808,-0.050816,0.246994,-0.095383,0.964294,-39.389220,1.807161,51.867860,-0.233564,-0.112818,0.965758,-43.1305389,-4.33600231E-14,67.337738,16.0181236,Building,Surface,3.150955,3.067215,0.000037,0.000000,-39.389980,1.798381,51.924840,0.975957,332.034200,359.762100,104.047200,98.172010,0.300000,1000.000000,0.900730,2468,2740,50.000000,off,,0,1,6.43918682E-16,1,1
1765268542187,2025-12-09 16:22:22.187,693.198200,14.847600,23,8,2,-0.028594,0.007822,-0.050672,0.227692,-0.097107,0.968872,-39.391400,1.807158,51.866950,-0.249688,-0.115028,0.961463,-43.3141479,-4.31245886E-14,66.9721069,15.7104874,Building,Surface,3.052139,3.020584,0.000147,0.000000,-39.389690,1.798326,51.924960,1.000939,332.217000,359.745400,104.047200,98.172010,0.300000,1000.000000,0.900730,2468,2740,50.000000,off,,0,1,6.43918682E-16,1,1
1765268542198,2025-12-09 16:22:22.198,693.209400,14.858760,23,8,2,-0.029460,0.008051,-0.051377,0.226028,-0.090240,0.969925,-39.391710,1.807386,51.866040,-0.248892,-0.108702,0.962405,-43.5300255,-4.37014249E-14,67.8679276,16.6268692,Building,Surface,3.225342,3.049362,0.000037,0.000000,-39.389390,1.798274,51.925070,1.027077,332.383400,359.723300,104.047200,98.172010,0.300000,1000.000000,0.900730,2468,2740,50.000000,off,,0,1,6.43918682E-16,1,1
1765268542209,2025-12-09 16:22:22.209,693.220400,14.869810,23,8,2,0.023429,0.004932,-0.045010,0.173294,-0.119492,0.977585,-39.347550,1.803878,51.896110,-0.297044,-0.138495,0.944757,-43.2165108,-4.13405069E-14,64.2014389,13.0247421,Building,Surface,3.249100,2.799866,0.155427,0.000000,-39.389090,1.798232,51.925120,1.063410,332.504500,359.708000,104.047200,98.172010,0.300000,1000.000000,0.900730,2468,2740,50.000000,off,,0,1,6.43918682E-16,1,1
1765268542221,2025-12-09 16:22:22.221,693.231600,14.880980,23,8,2,0.023429,0.004932,-0.045010,0.173294,-0.119492,0.977585,-39.347360,1.803836,51.896110,-0.295548,-0.139028,0.945147,-43.1819878,-4.13132053E-14,64.1590424,12.9744968,Building,Surface,3.249100,2.799866,0.155427,0.000000,-39.388850,1.798168,51.925190,1.093692,332.593800,359.702200,104.047200,98.172010,0.300000,1000.000000,0.900730,2468,2740,50.000000,off,,0,1,6.43918682E-16,1,1
1765268542232,2025-12-09 16:22:22.232,693.242600,14.892030,23,8,2,0.027674,0.004443,-0.043802,0.139801,-0.176636,0.974289,-39.343960,1.803314,51.899130,-0.323100,-0.196749,0.925678,-42.3053513,-3.88820547E-14,60.3834877,9.16547966,Building,Surface,3.014450,2.766861,0.155427,0.000000,-39.388660,1.798153,51.925200,1.139662,332.619000,359.683300,104.047200,98.172010,0.300000,1000.000000,0.900730,2468,2740,50.000000,off,,0,1,6.43918682E-16,1,1
1765268542243,2025-12-09 16:22:22.243,693.253700,14.903080,23,8,2,-0.029460,0.008051,-0.051377,0.226028,-0.090240,0.969925,-39.391150,1.807399,51.866150,-0.244691,-0.111512,0.963160,-43.3571243,-4.34497985E-14,67.4771576,16.2079983,Building,Surface,3.225342,3.049362,0.154458,0.000000,-39.388570,1.798119,51.925140,1.179335,332.630300,359.663000,104.047200,98.172010,0.300000,1000.000000,0.900730,2468,2740,50.000000,off,,0,1,6.43918682E-16,1,1
1765268542254,2025-12-09 16:22:22.254,693.264800,14.914180,23,8,2,0.023429,0.004932,-0.045010,0.173294,-0.119492,0.977585,-39.346960,1.803811,51.896000,-0.295249,-0.141509,0.944873,-43.1104889,-4.11723336E-14,63.9402695,12.7468538,Building,Surface,3.249100,2.799866,0.002398,0.000000,-39.388450,1.798073,51.925080,1.225010,332.612100,359.620400,104.047200,98.172010,0.300000,1000.000000,0.900730,2468,2740,50.000000,off,,0,1,6.43918682E-16,1,1
1765268542265,2025-12-09 16:22:22.265,693.275900,14.925350,23,8,2,0.023429,0.004932,-0.045010,0.173294,-0.119492,0.977585,-39.346920,1.803782,51.895980,-0.295870,-0.142177,0.944578,-43.1005936,-4.11333497E-14,63.8797226,12.6867552,Building,Surface,3.249100,2.799866,0.002398,0.000000,-39.388420,1.798040,51.925030,1.255597,332.577800,359.571400,104.047200,98.172010,0.300000,1000.000000,0.900730,2468,2740,50.000000,off,,0,1,6.43918682E-16,1,1
1765268542276,2025-12-09 16:22:22.276,693.287000,14.936460,23,8,2,0.028922,0.004373,-0.043802,0.077133,-0.134979,0.987839,-39.342550,1.803114,51.899510,-0.386374,-0.157789,0.908742,-43.7577858,-4.01058581E-14,62.2840462,11.4273424,Building,Surface,3.066071,2.751968,0.002398,0.000000,-39.388390,1.798003,51.924940,1.287462,332.552700,359.514900,104.047200,98.172010,0.300000,1000.000000,0.900730,2468,2740,50.000000,off,,0,1,6.43918682E-16,1,1
1765268542287,2025-12-09 16:22:22.287,693.298200,14.947570,23,8,2,0.030918,0.004192,-0.043621,-0.086075,-0.183456,0.979248,-39.340860,1.802851,51.900510,-0.527725,-0.204970,0.824309,-43.9825516,-3.80883476E-14,59.1508713,8.79564571,Building,Surface,3.179749,2.886002,0.009653,0.000000,-39.388410,1.797951,51.924840,1.308897,332.517700,359.467800,104.047200,98.172010,0.300000,1000.000000,0.900730,2468,2740,50.000000,off,,0,1,6.43918682E-16,1,1
1765268542299,2025-12-09 16:22:22.299,693.309300,14.958740,23,8,2,0.030918,0.004192,-0.043621,-0.086075,-0.183456,0.979248,-39.340850,1.802877,51.900400,-0.528254,-0.205514,0.823835,-43.974968,-3.80733077E-14,59.1275101,8.77249146,Building,Surface,3.179749,2.886002,0.009653,0.000000,-39.388410,1.797969,51.924690,1.344023,332.483700,359.433000,104.047200,98.172010,0.300000,1000.000000,0.900730,2468,2740,50.000000,off,,0,1,6.43918682E-16,1,1
1765268542310,2025-12-09 16:22:22.310,693.320400,14.969850,23,8,2,0.001845,0.006063,-0.047664,-0.118622,-0.202026,0.972153,-39.364730,1.805112,51.883350,-0.554559,-0.224048,0.801395,-43.8327141,-3.75662432E-14,58.3400421,8.05667591,Building,Surface,3.019485,2.899628,0.038855,0.000000,-39.388410,1.797929,51.924580,1.371724,332.427300,359.428700,104.047200,98.172010,0.300000,1000.000000,0.900730,2468,2740,50.000000,off,,0,1,6.43918682E-16,1,1
1765268542321,2025-12-09 16:22:22.321,693.331400,14.980830,23,8,2,0.002336,0.006117,-0.047727,-0.113617,-0.197342,0.973709,-39.364220,1.805206,51.883430,-0.551673,-0.220049,0.804486,-43.8899651,-3.7658397E-14,58.4831581,8.20349979,Building,Surface,3.052994,2.638672,2.471018,0.000000,-39.388410,1.797943,51.924450,1.406398,332.363500,359.433600,104.047200,98.172010,0.300000,1000.000000,0.900730,2468,2740,50.000000,off,,0,1,6.43918682E-16,1,1
1765268542332,2025-12-09 16:22:22.332,693.342800,14.992190,23,8,2,0.030918,0.004192,-0.043621,-0.086075,-0.183456,0.979248,-39.340760,1.802882,51.900180,-0.530547,-0.207039,0.821977,-43.9607239,-3.80284861E-14,59.0578995,8.70789719,Building,Surface,3.179749,2.886002,0.153466,0.000000,-39.388390,1.797903,51.924330,1.433049,332.312300,359.440100,104.047200,98.172010,0.300000,1000.000000,0.900730,2468,2740,50.000000,off,,0,1,6.43918682E-16,1,1
1765268542343,2025-12-09 16:22:22.343,693.353800,15.003230,23,8,2,0.030918,0.004192,-0.043621,-0.086075,-0.183456,0.979248,-39.340740,1.802909,51.900110,-0.531347,-0.207320,0.821390,-43.9614754,-3.80189722E-14,59.043129,8.69622898,Building,Surface,3.179749,2.886002,0.153466,0.000000,-39.388400,1.797912,51.924210,1.448602,332.252600,359.451000,104.047200,98.172010,0.300000,1000.000000,0.900730,2468,2740,50.000000,off,,0,1,6.43918682E-16,1,1
1765268542354,2025-12-09 16:22:22.354,693.365000,15.014400,23,8,2,0.001845,0.006063,-0.047664,-0.118622,-0.202026,0.972153,-39.364510,1.805148,51.882970,-0.557513,-0.225557,0.798918,-43.8263283,-3.75254976E-14,58.2767715,8.00293446,Building,Surface,3.019485,2.899628,0.152489,0.000000,-39.388340,1.797891,51.924100,1.460084,332.202400,359.437300,104.047200,98.172010,0.300000,1000.000000,0.900730,2468,2740,50.000000,off,,0,1,6.43918682E-16,1,1
1765268542366,2025-12-09 16:22:22.366,693.376100,15.025510,23,8,2,-0.017034,0.007234,-0.049825,-0.099915,-0.188797,0.976914,-39.380170,1.806603,51.872190,-0.543799,-0.212947,0.811741,-43.9936562,-3.78359182E-14,58.7588501,8.48376083,Building,Surface,3.024353,2.688324,0.038366,0.000000,-39.388340,1.797912,51.923980,1.480575,332.163900,359.415300,104.047200,98.172010,0.300000,1000.000000,0.900730,2468,2740,50.000000,off,,0,1,6.43918682E-16,1,1
1765268542377,2025-12-09 16:22:22.377,693.387300,15.036740,23,8,2,-0.017034,0.007234,-0.049825,-0.099915,-0.188797,0.976914,-39.380080,1.806636,51.872180,-0.544322,-0.213058,0.811361,-43.9956894,-3.78316085E-14,58.7521553,8.47949409,Building,Surface,3.024353,2.688324,0.038366,0.000000,-39.388290,1.797934,51.923970,1.488294,332.128200,359.404300,104.047200,98.172010,0.300000,1000.000000,0.900730,2468,2740,50.000000,off,,0,1,6.43918682E-16,1,1
1765268542388,2025-12-09 16:22:22.388,693.398400,15.047790,23,8,2,-0.005935,0.006464,-0.048010,-0.107437,-0.185593,0.976730,-39.371010,1.805724,51.878880,-0.551601,-0.209840,0.807275,-44.1176643,-3.78789475E-14,58.8256721,8.605196,Building,Surface,3.002472,2.735168,0.037877,0.000000,-39.388220,1.797946,51.923890,1.495256,332.082700,359.378300,104.047200,98.172010,0.300000,1000.000000,0.900730,2468,2740,50.000000,off,,0,1,6.43918682E-16,1,1
1765268542399,2025-12-09 16:22:22.399,693.409300,15.058720,23,8,2,0.019723,0.004867,-0.044743,-0.127625,-0.201187,0.971191,-39.349850,1.803793,51.893660,-0.567406,-0.225139,0.792048,-43.8958511,-3.75014859E-14,58.2394791,8.01181698,Building,Surface,3.005997,2.869736,0.000592,0.000000,-39.388230,1.797976,51.923790,1.502893,332.043800,359.354000,104.047200,98.172010,0.300000,1000.000000,0.900730,2468,2740,50.000000,off,,0,1,6.43918682E-16,1,1
1765268542410,2025-12-09 16:22:22.410,693.420500,15.069950,23,8,2,0.028646,0.004334,-0.043695,-0.127899,-0.212479,0.968750,-39.342380,1.803098,51.898720,-0.567389,-0.236228,0.788827,-43.6731834,-3.72955993E-14,57.9197311,7.63280296,Building,Surface,3.017136,2.794540,0.000596,0.000000,-39.388180,1.797958,51.923710,1.498446,331.984200,359.329400,104.047200,98.172010,0.300000,1000.000000,0.900730,2468,2740,50.000000,off,,0,1,6.43918682E-16,1,1
1765268542421,2025-12-09 16:22:22.421,693.431600,15.081050,23,8,2,0.028646,0.004334,-0.043695,-0.127899,-0.212479,0.968750,-39.342360,1.803094,51.898730,-0.568263,-0.236450,0.788131,-43.6757507,-3.72885384E-14,57.9087677,7.62561989,Building,Surface,3.017136,2.794540,0.000596,0.000000,-39.388190,1.797954,51.923670,1.514790,331.923900,359.306400,104.047200,98.172010,0.300000,1000.000000,0.900730,2468,2740,50.000000,off,,0,1,6.43918682E-16,1,1
1765268542431,2025-12-09 16:22:22.431,693.442700,15.092160,23,8,2,0.004549,0.005879,-0.046585,-0.115250,-0.189209,0.975143,-39.362180,1.805026,51.884830,-0.561072,-0.213697,0.799700,-44.1013718,-3.77591499E-14,58.6396255,8.44661045,Building,Surface,2.941025,2.735474,0.000150,0.000000,-39.388150,1.797964,51.923580,1.527985,331.860100,359.287400,104.047200,98.172010,0.300000,1000.000000,0.900730,2468,2740,50.000000,off,,0,1,6.43918682E-16,1,1
1765268542443,2025-12-09 16:22:22.443,693.453900,15.103270,23,8,2,0.002837,0.005989,-0.046794,-0.116730,-0.184967,0.975784,-39.363550,1.805168,51.883810,-0.563723,-0.209408,0.798973,-44.2230301,-3.78438939E-14,58.7712288,8.62030983,Building,Surface,2.973999,2.759460,0.000150,0.000000,-39.388150,1.797970,51.923520,1.529117,331.792200,359.255300,104.047200,98.172010,0.300000,1000.000000,0.900730,2468,2740,50.000000,off,,0,1,6.43918682E-16,1,1
1765268542454,2025-12-09 16:22:22.454,693.465000,15.114380,23,8,2,0.002837,0.005989,-0.046794,-0.116730,-0.184967,0.975784,-39.363510,1.805232,51.883760,-0.564614,-0.209473,0.798327,-44.2293358,-3.78390556E-14,58.7637177,8.61794376,Building,Surface,2.973999,2.759460,0.000150,0.000000,-39.388150,1.798029,51.923440,1.536536,331.733300,359.226100,104.047200,98.172010,0.300000,1000.000000,0.900730,2468,2740,50.000000,off,,0,1,6.43918682E-16,1,1
1765268542465,2025-12-09 16:22:22.465,693.476100,15.125490,23,8,2,0.028646,0.004334,-0.043695,-0.127899,-0.212479,0.968750,-39.342210,1.803094,51.898640,-0.572161,-0.236325,0.785344,-43.7076416,-3.72768358E-14,57.8905945,7.62965679,Building,Surface,3.017136,2.794540,0.000037,0.000000,-39.388160,1.798007,51.923370,1.523664,331.667400,359.186100,104.047200,98.172010,0.300000,1000.000000,0.900730,2468,2740,50.000000,off,,0,1,6.43918682E-16,1,1
1765268542476,2025-12-09 16:22:22.476,693.487100,15.136540,23,8,2,0.004549,0.005879,-0.046585,-0.115250,-0.189209,0.975143,-39.362100,1.805058,51.884630,-0.564790,-0.213399,0.797158,-44.139431,-3.77513233E-14,58.6274719,8.45855427,Building,Surface,2.941025,2.735474,0.000596,0.000000,-39.388240,1.798008,51.923260,1.525420,331.619600,359.163500,104.047200,98.172010,0.300000,1000.000000,0.900730,2468,2740,50.000000,off,,0,1,6.43918682E-16,1,1
1765268542487,2025-12-09 16:22:22.487,693.498500,15.147950,23,8,2,-0.001007,0.006227,-0.047260,-0.113510,-0.181854,0.976746,-39.366630,1.805556,51.881430,-0.565059,-0.206116,0.798882,-44.3164902,-3.79136487E-14,58.8795586,8.75984955,Building,Surface,2.940842,2.761993,0.000596,0.000000,-39.388260,1.798057,51.923260,1.527158,331.547600,359.149400,104.047200,98.172010,0.300000,1000.000000,0.900730,2468,2740,50.000000,off,,0,1,6.43918682E-16,1,1
1765268542498,2025-12-09 16:22:22.498,693.509300,15.158750,23,8,2,-0.001007,0.006227,-0.047260,-0.113510,-0.181854,0.976746,-39.366670,1.805619,51.881370,-0.565787,-0.206278,0.798325,-44.3191833,-3.79070859E-14,58.8693695,8.75327778,Building,Surface,2.940842,2.761993,0.000596,0.000000,-39.388340,1.798112,51.923180,1.537660,331.495700,359.141400,104.047200,98.172010,0.300000,1000.000000,0.900730,2468,2740,50.000000,off,,0,1,6.43918682E-16,1,1
1765268542509,2025-12-09 16:22:22.509,693.520400,15.169800,23,8,2,-0.005410,0.006497,-0.047791,-0.112808,-0.174149,0.978226,-39.370260,1.805975,51.878790,-0.566440,-0.198620,0.799797,-44.5206833,-3.8088456E-14,59.1510391,9.09251976,Building,Surface,2.940979,2.761887,0.002413,0.000000,-39.388340,1.798122,51.923140,1.535265,331.452100,359.158700,104.047200,98.172010,0.300000,1000.000000,0.900730,2468,2740,50.000000,off,,0,1,6.43918682E-16,1,1
1765268542520,2025-12-09 16:22:22.520,693.531500,15.180910,23,8,2,-0.004953,0.006473,-0.047726,-0.111130,-0.172516,0.978714,-39.369890,1.805954,51.879070,-0.565340,-0.197088,0.800962,-44.5502052,-3.81318546E-14,59.2184296,9.16315365,Building,Surface,3.007111,2.761795,0.002398,0.000000,-39.388350,1.798132,51.923150,1.537049,331.438700,359.174800,104.047200,98.172010,0.300000,1000.000000,0.900730,2468,2740,50.000000,off,,0,1,6.43918682E-16,1,1
1765268542532,2025-12-09 16:22:22.532,693.542600,15.192020,23,8,2,-0.004953,0.006473,-0.047726,-0.111130,-0.172516,0.978714,-39.369880,1.805984,51.879100,-0.564755,-0.197248,0.801335,-44.5407219,-3.81303198E-14,59.2160492,9.15587234,Building,Surface,3.007111,2.761795,0.002398,0.000000,-39.388310,1.798162,51.923190,1.541223,331.471600,359.219500,104.047200,98.172010,0.300000,1000.000000,0.900730,2468,2740,50.000000,off,,0,1,6.43918682E-16,1,1
1765268542543,2025-12-09 16:22:22.543,693.553800,15.203190,23,8,2,-0.009341,0.006932,-0.048869,-0.099380,-0.164459,0.981354,-39.373160,1.806561,51.876030,-0.554254,-0.189686,0.810432,-44.6518555,-3.83740416E-14,59.5945511,9.52385139,Building,Surface,2.994125,2.740479,0.009592,0.000000,-39.388200,1.798195,51.923230,1.549492,331.560900,359.286600,104.047200,98.172010,0.300000,1000.000000,0.900730,2468,2740,50.000000,off,,0,1,6.43918682E-16,1,1
1765268542554,2025-12-09 16:22:22.554,693.565000,15.214420,23,8,2,-0.005410,0.006497,-0.047791,-0.112808,-0.174149,0.978226,-39.370100,1.806059,51.878940,-0.562969,-0.199510,0.802023,-44.466362,-3.80808598E-14,59.1392365,9.05237961,Building,Surface,2.940979,2.761887,0.000148,0.000000,-39.388000,1.798205,51.923370,1.561151,331.654400,359.382900,104.047200,98.172010,0.300000,1000.000000,0.900730,2468,2740,50.000000,off,,0,1,6.43918682E-16,1,1
1765268542565,2025-12-09 16:22:22.565,693.576000,15.225460,23,8,2,-0.004953,0.006473,-0.047726,-0.111130,-0.172516,0.978714,-39.369610,1.806022,51.879290,-0.559223,-0.198079,0.805001,-44.4684296,-3.81322442E-14,59.2190399,9.11764908,Building,Surface,3.007111,2.761795,0.000037,0.000000,-39.387740,1.798211,51.923500,1.557237,331.810600,359.503100,104.047200,98.172010,0.300000,1000.000000,0.900730,2468,2740,50.000000,off,,0,1,6.43918682E-16,1,1
1765268542576,2025-12-09 16:22:22.576,693.587100,15.236510,23,8,2,-0.004953,0.006473,-0.047726,-0.111130,-0.172516,0.978714,-39.369470,1.806053,51.879460,-0.555996,-0.197766,0.807310,-44.4469757,-3.81534946E-14,59.252037,9.13223743,Building,Surface,3.007111,2.761795,0.000037,0.000000,-39.387440,1.798282,51.923740,1.523252,332.018400,359.637600,104.047200,98.172010,0.300000,1000.000000,0.900730,2468,2740,50.000000,off,,0,1,6.43918682E-16,1,1
1765268542587,2025-12-09 16:22:22.587,693.598100,15.247560,23,8,2,-0.013042,0.007182,-0.049271,-0.063416,-0.157913,0.985413,-39.375800,1.806800,51.874530,-0.512542,-0.182366,0.839070,-44.4538307,-3.87559586E-14,60.1876602,9.90752506,Building,Surface,2.924667,2.630035,0.000009,0.000000,-39.387080,1.798342,51.924030,1.437142,332.310200,359.809600,104.047200,98.172010,0.300000,1000.000000,0.900730,2468,2740,50.000000,off,,0,1,6.43918682E-16,1,1
1765268542598,2025-12-09 16:22:22.598,693.609300,15.258730,23,8,2,-0.005701,0.006755,-0.048365,0.016022,-0.156235,0.987579,-39.369530,1.806421,51.879010,-0.435768,-0.178858,0.882097,-43.7706795,-3.91425038E-14,60.7879639,10.0996437,Building,Surface,2.929794,2.648987,0.009530,0.000000,-39.386510,1.798557,51.924480,1.315026,332.777100,-0.001236,104.047200,98.172010,0.300000,1000.000000,0.900730,2468,2740,50.000000,off,,0,1,6.43918682E-16,1,1
1765268542609,2025-12-09 16:22:22.609,693.620200,15.269650,23,8,2,-0.005701,0.006755,-0.048365,0.016022,-0.156235,0.987579,-39.369220,1.806481,51.879390,-0.428079,-0.176493,0.886328,-43.7507896,-3.92477019E-14,60.9513321,10.2353172,Building,Surface,2.929794,2.648987,0.009530,0.000000,-39.385810,1.798757,51.925020,1.181861,333.244300,0.273667,104.047200,98.172010,0.300000,1000.000000,0.900730,2468,2740,50.000000,off,,0,1,6.43918682E-16,1,1
1765268542620,2025-12-09 16:22:22.620,693.631300,15.280700,23,8,2,-0.021707,0.007776,-0.050127,0.223541,-0.122925,0.966904,-39.382470,1.807445,51.871180,-0.222706,-0.138478,0.964992,-42.2892799,-4.15111603E-14,64.4664612,13.0521116,Building,Surface,2.972931,2.892731,0.000002,0.000000,-39.384910,1.798962,51.925650,1.053254,333.888400,0.562370,104.047200,98.172010,0.300000,1000.000000,0.900730,2468,2740,50.000000,off,,0,1,6.43918682E-16,1,1
1765268542632,2025-12-09 16:22:22.632,693.642500,15.291870,23,8,2,-0.001479,0.006713,-0.048297,0.349655,-0.130020,0.927811,-39.364730,1.806566,51.882050,-0.081312,-0.139995,0.986806,-40.4140282,-4.16076373E-14,64.6162872,12.9044809,Building,Surface,3.135315,2.982635,0.000000,0.000000,-39.384060,1.799085,51.926220,0.938558,334.493300,0.850812,104.047200,98.172010,0.300000,1000.000000,0.900730,2468,2740,50.000000,off,,0,1,6.43918682E-16,1,1
1765268542643,2025-12-09 16:22:22.643,693.653600,15.302980,23,8,2,-0.002661,0.006420,-0.047511,0.629150,-0.053635,0.775421,-39.365700,1.806268,51.882560,0.245255,-0.052908,0.968006,-37.1258659,1.32307625,60.7230492,9.13261032,Building,Surface,3.515533,3.070053,0.000002,0.000000,-39.383140,1.799203,51.926740,0.842753,335.096700,1.103532,104.047200,98.172010,0.300000,1000.000000,0.900730,2468,2740,50.000000,off,,0,0,-1,1,1
1765268542654,2025-12-09 16:22:22.654,693.664600,15.314030,23,8,2,-0.002661,0.006420,-0.047511,0.629150,-0.053635,0.775421,-39.365260,1.806283,51.882900,0.254617,-0.049659,0.965758,-37.0346031,1.3517251,60.723053,9.15351391,Building,Surface,3.515533,3.070053,0.000002,0.000000,-39.382250,1.799284,51.927260,0.774520,335.645800,1.315133,104.047200,98.172010,0.300000,1000.000000,0.900730,2468,2740,50.000000,off,,0,0,-1,1,1
1765268542665,2025-12-09 16:22:22.665,693.675800,15.325200,23,8,2,-0.021707,0.007776,-0.050127,0.223541,-0.122925,0.966904,-39.381280,1.807184,51.873130,-0.182821,-0.129098,0.974625,-41.940506,-4.21872721E-14,65.5164642,13.9984293,Building,Surface,2.972931,2.892731,0.000009,0.000000,-39.381470,1.799349,51.927740,0.710257,336.164100,1.477259,104.047200,98.172010,0.300000,1000.000000,0.900730,2468,2740,50.000000,off,,0,1,6.43918682E-16,1,1
1765268542675,2025-12-09 16:22:22.675,693.686900,15.336300,23,8,2,-0.001479,0.006713,-0.048297,0.349655,-0.130020,0.927811,-39.363060,1.806636,51.883280,-0.043125,-0.130804,0.990468,-39.9586868,-4.22175011E-14,65.5634079,13.8117561,Building,Surface,3.135315,2.982635,0.000151,0.000000,-39.380650,1.799415,51.928210,0.654243,336.639500,1.598115,104.047200,98.172010,0.300000,1000.000000,0.900730,2468,2740,50.000000,off,,0,1,6.43918682E-16,1,1
1765268542687,2025-12-09 16:22:22.687,693.697900,15.347350,23,8,2,-0.001479,0.006713,-0.048297,0.349655,-0.130020,0.927811,-39.362690,1.806614,51.883590,-0.035054,-0.128967,0.991027,-39.8537407,-4.23481102E-14,65.7662354,14.0083141,Building,Surface,3.135315,2.982635,0.000151,0.000000,-39.379910,1.799462,51.928670,0.576266,337.100000,1.691715,104.047200,98.172010,0.300000,1000.000000,0.900730,2468,2740,50.000000,off,,0,1,6.43918682E-16,1,1
1765268542698,2025-12-09 16:22:22.698,693.709000,15.358460,23,8,2,-0.002701,0.006447,-0.047701,0.640793,-0.064041,0.765015,-39.363610,1.806299,51.883900,0.301713,-0.051253,0.952001,-36.467495,1.31432629,61.022068,9.59873295,Building,Surface,3.605484,3.087952,0.000592,0.000000,-39.379140,1.799508,51.929030,0.517208,337.545400,1.758332,104.047200,98.172010,0.300000,1000.000000,0.900730,2468,2740,50.000000,off,,0.866025925,0,-0.499999076,1,1
1765268542709,2025-12-09 16:22:22.709,693.720200,15.369630,23,8,2,0.022495,0.003721,-0.041134,0.658615,-0.052643,0.750626,-39.342300,1.804316,51.899740,0.329797,-0.037647,0.943292,-30.4818211,0.792873979,77.2426605,26.8662395,Building,Surface,3.721649,2.858292,0.000037,0.000000,-39.378460,1.799558,51.929430,0.452534,337.938400,1.818256,104.047200,98.172010,0.300000,1000.000000,0.900730,2468,2740,50.000000,off,,0,0,-1,1,1
1765268542720,2025-12-09 16:22:22.720,693.731200,15.380620,23,8,2,0.028647,0.002909,-0.039279,0.652969,-0.101135,0.750595,-39.336740,1.803738,51.903950,0.332411,-0.084992,0.939292,-32.2821693,-4.62578448E-14,71.8380203,21.2223377,Building,Surface,3.505035,3.133331,0.000037,0.000000,-39.377760,1.799611,51.929880,0.407278,338.316700,1.880055,104.047200,98.172010,0.300000,1000.000000,0.900730,2468,2740,50.000000,off,,0,1,6.43918682E-16,1,1
1765268542731,2025-12-09 16:22:22.731,693.742400,15.391780,23,8,2,0.028647,0.002909,-0.039279,0.652969,-0.101135,0.750595,-39.336270,1.803702,51.904090,0.337858,-0.083936,0.937442,-32.0760269,-4.63935666E-14,72.0487976,21.4889183,Building,Surface,3.505035,3.133331,0.000037,0.000000,-39.377130,1.799593,51.930260,0.357051,338.648300,1.914838,104.047200,98.172010,0.300000,1000.000000,0.900730,2468,2740,50.000000,off,,0,1,6.43918682E-16,1,1
1765268542742,2025-12-09 16:22:22.742,693.753500,15.402890,23,8,2,0.022216,0.003846,-0.042099,0.629990,-0.112396,0.768417,-39.340800,1.804429,51.899280,0.314930,-0.095406,0.944300,-33.3844833,-4.49191059E-14,69.7589722,18.913023,Building,Surface,3.569427,3.074875,0.152501,0.000000,-39.376530,1.799591,51.930600,0.328679,338.924300,1.940478,104.047200,98.172010,0.300000,1000.000000,0.900730,2468,2740,50.000000,off,,0,1,6.43918682E-16,1,1
1765268542754,2025-12-09 16:22:22.754,693.764700,15.414120,23,8,2,0.024592,0.004154,-0.043604,0.555588,-0.179779,0.811768,-39.337700,1.804779,51.898950,0.236068,-0.165394,0.957540,-37.1622429,0.280609697,60.723053,9.21522903,Building,Surface,3.126221,3.103607,0.000603,0.000000,-39.376050,1.799549,51.930980,0.321553,339.153900,1.942787,104.047200,98.172010,0.300000,1000.000000,0.900730,2468,2740,50.000000,off,,0,0,-1,1,1
1765268542765,2025-12-09 16:22:22.765,693.775900,15.425350,23,8,2,0.028647,0.002909,-0.039279,0.652969,-0.101135,0.750595,-39.335010,1.803653,51.904570,0.349047,-0.083239,0.933396,-31.77174,-4.64456829E-14,72.1297379,21.6682606,Building,Surface,3.505035,3.133331,0.156415,0.000000,-39.375560,1.799538,51.931230,0.337393,339.331200,1.953314,104.047200,98.172010,0.300000,1000.000000,0.900730,2468,2740,50.000000,off,,0,1,6.43918682E-16,1,1
1765268542776,2025-12-09 16:22:22.776,693.786900,15.436280,23,8,2,0.028647,0.002909,-0.039279,0.652969,-0.101135,0.750595,-39.334630,1.803647,51.904750,0.350722,-0.083607,0.932735,-31.7685223,-4.63792518E-14,72.0265656,21.5728188,Building,Surface,3.505035,3.133331,0.156415,0.000000,-39.375130,1.799526,51.931480,0.355013,339.434500,1.941298,104.047200,98.172010,0.300000,1000.000000,0.900730,2468,2740,50.000000,off,,0,1,6.43918682E-16,1,1
1765268542787,2025-12-09 16:22:22.787,693.798000,15.447450,23,8,2,0.022216,0.003846,-0.042099,0.629990,-0.112396,0.768417,-39.339370,1.804348,51.899960,0.324385,-0.096532,0.940979,-33.2760582,-4.4744922E-14,69.4884644,18.6915741,Building,Surface,3.569427,3.074875,0.156415,0.000000,-39.374770,1.799489,51.931630,0.378437,339.500900,1.898918,104.047200,98.172010,0.300000,1000.000000,0.900730,2468,2740,50.000000,off,,0,1,6.43918682E-16,1,1
1765268542798,2025-12-09 16:22:22.798,693.809200,15.458620,23,8,2,0.025727,0.003962,-0.043156,0.558716,-0.192230,0.806763,-39.335430,1.804501,51.900290,0.247429,-0.179891,0.952051,-37.0424805,0.137431934,60.723053,9.26702785,Building,Surface,3.045425,3.037033,0.158375,0.000000,-39.374470,1.799403,51.931750,0.409801,339.539400,1.846777,104.047200,98.172010,0.300000,1000.000000,0.900730,2468,2740,50.000000,off,,0,0,-1,1,1
1765268542809,2025-12-09 16:22:22.809,693.820300,15.469670,23,8,2,0.025727,0.003962,-0.043156,0.558716,-0.192230,0.806763,-39.335210,1.804457,51.900420,0.246744,-0.181169,0.951986,-37.0484848,0.125454769,60.7230492,9.267519,Building,Surface,3.045425,3.037033,0.158375,0.000000,-39.374280,1.799372,51.931850,0.442706,339.510100,1.763933,104.047200,98.172010,0.300000,1000.000000,0.900730,2468,2740,50.000000,off,,0,0,-1,1,1
1765268542820,2025-12-09 16:22:22.821,693.831500,15.480900,23,8,2,0.016292,0.004789,-0.045295,0.520218,-0.162582,0.838409,-39.343100,1.804927,51.895200,0.197862,-0.154423,0.967985,-37.4605865,0.335702896,61.1048813,9.51423836,Building,Surface,3.155380,2.934952,0.039595,0.000000,-39.374090,1.799293,51.931920,0.476050,339.474200,1.658086,104.047200,98.172010,0.300000,1000.000000,0.900730,2468,2740,50.000000,off,,-0.866025925,0,-0.499999076,1,1
1765268542832,2025-12-09 16:22:22.832,693.842500,15.491880,23,8,2,0.004111,0.005605,-0.047143,0.504623,-0.165985,0.847214,-39.353710,1.805335,51.889270,0.178175,-0.160023,0.970883,-37.3435936,-4.04654608E-14,62.8425026,11.281538,Building,Surface,3.236649,3.061996,0.009899,0.000000,-39.374010,1.799206,51.931940,0.506707,339.368100,1.520489,104.047200,98.172010,0.300000,1000.000000,0.900730,2468,2740,50.000000,off,,0,1,6.43918682E-16,1,1
1765268542843,2025-12-09 16:22:22.843,693.853600,15.503050,23,8,2,-0.006336,0.007305,-0.051779,0.362793,-0.134369,0.922119,-39.361700,1.806799,51.881290,0.016368,-0.134328,0.990791,-39.1415405,-4.19886971E-14,65.2080765,13.4505072,Building,Surface,2.999603,2.832657,0.625704,0.000000,-39.373910,1.799159,51.931960,0.541191,339.276200,1.375184,104.047200,98.172010,0.300000,1000.000000,0.900730,2468,2740,50.000000,off,,0,1,6.43918682E-16,1,1
1765268542854,2025-12-09 16:22:22.854,693.864700,15.514160,23,8,2,-0.006336,0.007305,-0.051779,0.362793,-0.134369,0.922119,-39.361510,1.806863,51.881320,0.013501,-0.135726,0.990643,-39.1817703,-4.18993555E-14,65.0693283,13.3124256,Building,Surface,2.999603,2.832657,0.625704,0.000000,-39.373870,1.799178,51.931940,0.574009,339.124900,1.238692,104.047200,98.172010,0.300000,1000.000000,0.900730,2468,2740,50.000000,off,,0,1,6.43918682E-16,1,1
1765268542865,2025-12-09 16:22:22.865,693.876000,15.525390,23,8,2,0.000229,0.006245,-0.048031,-0.115723,-0.062469,0.991303,-39.356490,1.805889,51.887170,-0.462860,-0.075226,0.883219,-50.4679871,-4.7063939E-14,73.0898819,24.0058708,Building,Surface,3.053772,2.664734,0.009776,0.000000,-39.373830,1.799130,51.931880,0.610690,338.937000,1.092109,104.047200,98.172010,0.300000,1000.000000,0.900730,2468,2740,50.000000,off,,0,1,6.43918682E-16,1,1
1765268542876,2025-12-09 16:22:22.876,693.887000,15.536380,23,8,2,0.004111,0.005605,-0.047143,0.504623,-0.165985,0.847214,-39.352970,1.805323,51.889400,0.166258,-0.166934,0.971833,-37.5549469,-4.01801192E-14,62.3993721,10.8144188,Building,Surface,3.236649,3.061996,0.000037,0.000000,-39.373780,1.799124,51.931820,0.640523,338.739100,0.963935,104.047200,98.172010,0.300000,1000.000000,0.900730,2468,2740,50.000000,off,,0,1,6.43918682E-16,1,1
1765268542887,2025-12-09 16:22:22.887,693.898000,15.547420,23,8,2,0.004111,0.005605,-0.047143,0.504623,-0.165985,0.847214,-39.352810,1.805304,51.889400,0.162124,-0.168406,0.972277,-37.6148415,-4.01239643E-14,62.3121643,10.7197752,Building,Surface,3.236649,3.061996,0.000037,0.000000,-39.373810,1.799092,51.931730,0.666128,338.512200,0.840314,104.047200,98.172010,0.300000,1000.000000,0.900730,2468,2740,50.000000,off,,0,1,6.43918682E-16,1,1
1765268542898,2025-12-09 16:22:22.898,693.909100,15.558530,23,8,2,-0.006336,0.007305,-0.051779,0.362793,-0.134369,0.922119,-39.360750,1.806956,51.881080,-0.002041,-0.141257,0.989960,-39.3868561,-4.15614876E-14,64.5446167,12.7918358,Building,Surface,2.999603,2.832657,0.009653,0.000000,-39.373910,1.799089,51.931480,0.709596,338.281500,0.712536,104.047200,98.172010,0.300000,1000.000000,0.900730,2468,2740,50.000000,off,,0,1,6.43918682E-16,1,1
1765268542910,2025-12-09 16:22:22.910,693.920200,15.569640,23,8,2,0.000486,0.006554,-0.048991,-0.191223,-0.068970,0.979111,-39.355240,1.806365,51.886210,-0.542909,-0.083940,0.835574,-51.0384865,-4.4989003E-14,69.8675232,21.5195007,Building,Surface,3.012863,2.615707,0.000150,0.000000,-39.373940,1.799156,51.931390,0.761705,338.008200,0.588383,104.047200,98.172010,0.300000,1000.000000,0.900730,2468,2740,50.000000,off,,0,1,6.43918682E-16,1,1
1765268542921,2025-12-09 16:22:22.921,693.931500,15.580930,23,8,2,0.000907,0.006312,-0.048211,-0.314880,-0.054962,0.947525,-39.355010,1.806140,51.887020,-0.649621,-0.070771,0.756940,-55.9339142,-4.58501035E-14,71.2048035,25.5205746,Building,Surface,2.924072,2.636475,0.000150,0.000000,-39.374030,1.799144,51.931230,0.805672,337.737800,0.453564,104.047200,98.172010,0.300000,1000.000000,0.900730,2468,2740,50.000000,off,,0,1,6.43918682E-16,1,1
1765268542932,2025-12-09 16:22:22.932,693.942500,15.591920,23,8,2,0.000907,0.006312,-0.048211,-0.314880,-0.054962,0.947525,-39.354950,1.806200,51.886920,-0.653243,-0.070670,0.753826,-56.0506821,-4.58169879E-14,71.1533813,25.5578995,Building,Surface,2.924072,2.636475,0.000150,0.000000,-39.374200,1.799170,51.931030,0.847785,337.472100,0.308378,104.047200,98.172010,0.300000,1000.000000,0.900730,2468,2740,50.000000,off,,0,1,6.43918682E-16,1,1
1765268542943,2025-12-09 16:22:22.943,693.953600,15.603030,23,8,2,0.001253,0.006274,-0.048081,-0.443436,-0.084473,0.892304,-39.354620,1.806175,51.887070,-0.753706,-0.099691,0.649589,-50.4692764,0.336064637,61.4663429,14.746501,Building,Surface,3.103180,2.771225,0.002383,0.000000,-39.374350,1.799150,51.930820,0.891799,337.205800,0.173267,104.047200,98.172010,0.300000,1000.000000,0.900730,2468,2740,50.000000,off,,0.866025925,0,0.499999076,1,1
1765268542954,2025-12-09 16:22:22.954,693.964700,15.614070,23,8,2,-0.026210,0.008862,-0.054141,-0.397003,-0.070892,0.915070,-39.377410,1.808853,51.870690,-0.723167,-0.086026,0.685287,-54.5833054,-4.26789883E-14,66.2800903,21.0267048,Building,Surface,2.879959,2.711899,0.000000,0.000000,-39.374440,1.799148,51.930640,0.921749,336.938000,0.060927,104.047200,98.172010,0.300000,1000.000000,0.900730,2468,2740,50.000000,off,,0,1,6.43918682E-16,1,1
1765268542965,2025-12-09 16:22:22.965,693.975800,15.625180,23,8,2,-0.026210,0.008862,-0.054141,-0.397003,-0.070892,0.915070,-39.377250,1.808911,51.870480,-0.726353,-0.085604,0.681963,-54.7259178,-4.26796626E-14,66.2811432,21.1310501,Building,Surface,2.879959,2.711899,0.000000,0.000000,-39.374560,1.799156,51.930430,0.933194,336.679100,359.973800,104.047200,98.172010,0.300000,1000.000000,0.900730,2468,2740,50.000000,off,,0,1,6.43918682E-16,1,1
1765268542976,2025-12-09 16:22:22.976,693.986900,15.636290,23,8,2,-0.004021,0.007489,-0.051065,-0.420151,-0.083344,0.903610,-39.357980,1.807550,51.882020,-0.745975,-0.097266,0.658820,-53.2208595,-4.12914433E-14,64.1252441,18.5834179,Building,Surface,2.884018,2.719223,0.000000,0.000000,-39.374680,1.799220,51.930310,0.935851,336.431000,359.887500,104.047200,98.172010,0.300000,1000.000000,0.900730,2468,2740,50.000000,off,,0,1,6.43918682E-16,1,1
1765268542987,2025-12-09 16:22:22.987,693.997900,15.647280,23,8,2,0.001253,0.006274,-0.048081,-0.443436,-0.084473,0.892304,-39.354270,1.806337,51.886720,-0.765645,-0.097460,0.635819,-50.431015,0.396362603,61.085247,14.467042,Building,Surface,3.103180,2.771225,0.000000,0.000000,-39.374810,1.799285,51.930100,0.933622,336.185500,359.801000,104.047200,98.172010,0.300000,1000.000000,0.900730,2468,2740,50.000000,off,,0.866025925,0,-0.499999076,1,1
1765268542998,2025-12-09 16:22:22.998,694.009000,15.658450,23,8,2,-0.026210,0.008862,-0.054141,-0.397003,-0.070892,0.915070,-39.376820,1.809193,51.869990,-0.735776,-0.083966,0.671991,-55.2303886,-4.27234881E-14,66.3491974,21.5466099,Building,Surface,2.879959,2.711899,0.000000,0.000000,-39.374970,1.799335,51.929960,0.930323,335.904300,359.744000,104.047200,98.172010,0.300000,1000.000000,0.900730,2468,2740,50.000000,off,,0,1,6.43918682E-16,1,1
1765268543009,2025-12-09 16:22:23.009,694.020100,15.669560,23,8,2,-0.026210,0.008862,-0.054141,-0.397003,-0.070892,0.915070,-39.376740,1.809271,51.869780,-0.738845,-0.083232,0.668708,-55.4375191,-4.27600291E-14,66.4059448,21.7375717,Building,Surface,2.879959,2.711899,0.000000,0.000000,-39.375170,1.799389,51.929760,0.918394,335.650300,359.665600,104.047200,98.172010,0.300000,1000.000000,0.900730,2468,2740,50.000000,off,,0,1,6.43918682E-16,1,1
1765268543020,2025-12-09 16:22:23.020,694.031200,15.680600,23,8,2,0.016424,0.006099,-0.047802,-0.427475,-0.090881,0.899445,-39.340540,1.806160,51.893000,-0.763355,-0.102081,0.637858,-50.4018326,0.326969087,61.1357956,14.4903221,Building,Surface,2.844864,2.728134,0.000000,0.000000,-39.375390,1.799420,51.929500,0.910724,335.373000,359.586800,104.047200,98.172010,0.300000,1000.000000,0.900730,2468,2740,50.000000,off,,0.866025925,0,-0.499999076,1,1
1765268543031,2025-12-09 16:22:23.031,694.042400,15.691770,23,8,2,0.028916,0.005445,-0.046440,-0.447342,-0.080841,0.890686,-39.329910,1.805439,51.899350,-0.780706,-0.091217,0.618183,-50.587822,0.490074456,60.813652,14.4199696,Building,Surface,2.805344,2.740250,0.000000,0.000000,-39.375690,1.799500,51.929200,0.910894,335.109700,359.517000,104.047200,98.172010,0.300000,1000.000000,0.900730,2468,2740,50.000000,off,,0.866025925,0,-0.499999076,1,1
1765268543043,2025-12-09 16:22:23.043,694.053500,15.702940,23,8,2,0.019686,0.006197,-0.048100,-0.429596,-0.080612,0.899399,-39.337580,1.806306,51.893890,-0.771264,-0.090506,0.630023,-50.4818039,0.498557627,60.9972763,14.4490709,Building,Surface,2.888626,2.785248,0.000000,0.000000,-39.375860,1.799548,51.928950,0.899947,334.848300,359.437200,104.047200,98.172010,0.300000,1000.000000,0.900730,2468,2740,50.000000,off,,0.866025925,0,-0.499999076,1,1
1765268543054,2025-12-09 16:22:23.054,694.064600,15.714050,23,8,2,0.019686,0.006197,-0.048100,-0.429596,-0.080612,0.899399,-39.337630,1.806362,51.893790,-0.774099,-0.089676,0.626656,-50.5140495,0.511622488,60.9414291,14.4377451,Building,Surface,2.888626,2.785248,0.000000,0.000000,-39.376060,1.799645,51.928680,0.878198,334.598500,359.372100,104.047200,98.172010,0.300000,1000.000000,0.900730,2468,2740,50.000000,off,,0.866025925,0,-0.499999076,1,1
1765268543066,2025-12-09 16:22:23.065,694.075900,15.725280,23,8,2,0.021402,0.006129,-0.047848,-0.413605,-0.109024,0.903885,-39.336240,1.806322,51.894630,-0.764278,-0.117669,0.634031,-50.4257851,0.0989645123,61.0943146,14.5095577,Building,Surface,2.947586,2.784668,0.000000,0.000000,-39.376260,1.799729,51.928400,0.860150,334.372900,359.320600,104.047200,98.172010,0.300000,1000.000000,0.900730,2468,2740,50.000000,off,,0.866025925,0,-0.499999076,1,1
1765268543076,2025-12-09 16:22:23.076,694.086800,15.736210,23,8,2,0.010179,0.007032,-0.049791,-0.373398,-0.060364,0.925690,-39.345580,1.807476,51.887890,-0.739868,-0.068957,0.669187,-58.7387352,-4.47062295E-14,69.4283752,26.211256,Building,Surface,2.756866,2.809677,0.000001,0.000000,-39.376480,1.799857,51.928130,0.826530,334.154700,359.271300,104.047200,98.172010,0.300000,1000.000000,0.900730,2468,2740,50.000000,off,,0,1,6.43918682E-16,1,1
1765268544001,2025-12-09 16:22:24.001,694.184600,15.833980,23,8,2,-0.031363,0.008748,-0.050304,-0.118454,0.000122,0.992950,-39.382470,1.810659,51.867140,-0.559938,-0.004264,0.828513,-56.5321274,1.68006265,77.2426605,30.6275177,Building,Surface,3.100662,2.927887,0.010083,0.000000,-39.377710,1.801145,51.926110,0.352634,332.750000,359.165300,104.047200,98.172010,0.300000,1000.000000,0.900730,2468,2740,50.000000,off,,0,0,-1,1,1
1765268544017,2025-12-09 16:22:24.017,694.517900,16.167300,23,8,2,-0.008413,0.007447,-0.048204,-0.129501,0.005447,0.991562,-39.362650,1.811643,51.871920,-0.639692,0.027600,0.768132,-60.491127,2.72324681,77.2426605,33.0290451,Building,Surface,3.103455,2.983322,0.000630,0.000000,-39.381550,1.804973,51.917180,358.874400,327.648400,358.815600,104.047200,98.172010,0.300000,1000.000000,0.900730,2468,2740,50.000000,off,,0,0,-1,1,1
1765268544027,2025-12-09 16:22:24.027,694.530600,16.180050,23,8,2,-0.006464,0.007363,-0.048072,-0.111877,-0.008286,0.993683,-39.361060,1.811552,51.872890,-0.626788,0.013230,0.779072,-59.7718506,2.24237466,77.2426605,32.5639496,Building,Surface,2.968292,2.982681,0.002505,0.000000,-39.381550,1.804993,51.916980,358.889800,327.614700,358.842900,104.047200,98.172010,0.300000,1000.000000,0.900730,2468,2740,50.000000,off,,0,0,-1,1,1
1765268544037,2025-12-09 16:22:24.037,694.540600,16.190060,23,8,2,-0.009122,0.007394,-0.048026,-0.124954,-0.005035,0.992142,-39.363380,1.811662,51.871460,-0.637256,0.016876,0.770457,-60.3482666,2.36738896,77.2426605,32.9298019,Building,Surface,3.009079,3.044327,0.002505,0.000000,-39.381620,1.805028,51.916930,358.879000,327.588900,358.853600,104.047200,98.172010,0.300000,1000.000000,0.900730,2468,2740,50.000000,off,,0,0,-1,1,1
1765268544048,2025-12-09 16:22:24.048,694.551800,16.201230,23,8,2,-0.009122,0.007394,-0.048026,-0.124954,-0.005035,0.992142,-39.363370,1.811654,51.871410,-0.637537,0.017090,0.770220,-60.3640099,2.37460303,77.2426605,32.9400024,Building,Surface,3.009079,3.044327,0.002505,0.000000,-39.381630,1.805034,51.916880,358.865000,327.567800,358.867300,104.047200,98.172010,0.300000,1000.000000,0.900730,2468,2740,50.000000,off,,0,0,-1,1,1
1765268544059,2025-12-09 16:22:24.059,694.563000,16.212400,23,8,2,-0.002232,0.006958,-0.047138,-0.125046,-0.015976,0.992020,-39.358150,1.811114,51.875770,-0.637860,0.006163,0.770124,-60.3684311,2.01411557,77.2426605,32.9386139,Building,Surface,3.076447,2.981720,0.002475,0.000000,-39.381740,1.805047,51.916790,358.865400,327.567000,358.858900,104.047200,98.172010,0.300000,1000.000000,0.900730,2468,2740,50.000000,off,,0,0,-1,1,1
1765268544070,2025-12-09 16:22:24.070,694.574000,16.223390,23,8,2,-0.001143,0.006910,-0.047113,-0.122315,-0.022980,0.992218,-39.357250,1.811035,51.876330,-0.636111,-0.000820,0.771588,-60.2697105,1.78407645,77.2426605,32.8752518,Building,Surface,3.046265,2.975189,0.010082,0.000000,-39.381750,1.805040,51.916730,358.861500,327.547900,358.859000,104.047200,98.172010,0.300000,1000.000000,0.900730,2468,2740,50.000000,off,,0,0,-1,1,1
1765268544082,2025-12-09 16:22:24.082,694.585200,16.234620,23,8,2,0.001662,0.006792,-0.047019,-0.115768,-0.019943,0.993073,-39.354990,1.810827,51.877830,-0.631134,0.002086,0.775667,-59.9934883,1.87904096,77.2426682,32.7005653,Building,Surface,3.081818,2.917969,0.039842,0.000000,-39.381810,1.805004,51.916650,358.863000,327.535600,358.853900,104.047200,98.172010,0.300000,1000.000000,0.900730,2468,2740,50.000000,off,,0,0,-1,1,1
1765268544093,2025-12-09 16:22:24.093,694.596400,16.245790,23,8,2,0.001662,0.006792,-0.047019,-0.115768,-0.019943,0.993073,-39.355000,1.810817,51.877780,-0.631380,0.001888,0.775467,-60.0069122,1.87257171,77.2426605,32.7090569,Building,Surface,3.081818,2.917969,0.039842,0.000000,-39.381830,1.804984,51.916580,358.875300,327.517500,358.845700,104.047200,98.172010,0.300000,1000.000000,0.900730,2468,2740,50.000000,off,,0,0,-1,1,1
1765268544104,2025-12-09 16:22:24.104,694.607300,16.256710,23,8,2,-0.002232,0.006958,-0.047138,-0.125046,-0.015976,0.992020,-39.358240,1.811049,51.875540,-0.638747,0.005822,0.769391,-60.4179688,2.00300217,77.2426605,32.9702873,Building,Surface,3.076447,2.981720,0.000611,0.000000,-39.381870,1.804964,51.916530,358.886900,327.501300,358.844900,104.047200,98.172010,0.300000,1000.000000,0.900730,2468,2740,50.000000,off,,0,0,-1,1,1
1765268544115,2025-12-09 16:22:24.115,694.618600,16.268010,23,8,2,-0.001143,0.006910,-0.047113,-0.122315,-0.022980,0.992218,-39.357320,1.810968,51.876090,-0.636993,-0.001122,0.770860,-60.3187447,1.7740463,77.2426605,32.90662,Building,Surface,3.046265,2.975189,0.000038,0.000000,-39.381860,1.804958,51.916460,358.880600,327.482700,358.844700,104.047200,98.172010,0.300000,1000.000000,0.900730,2468,2740,50.000000,off,,0,0,-1,1,1
1765268544126,2025-12-09 16:22:24.126,694.629500,16.278870,23,8,2,-0.001143,0.006910,-0.047113,-0.122315,-0.022980,0.992218,-39.357330,1.810972,51.876010,-0.637226,-0.001133,0.770667,-60.3317375,1.77367973,77.2426605,32.9149551,Building,Surface,3.046265,2.975189,0.000038,0.000000,-39.381890,1.804961,51.916370,358.881600,327.465500,358.842600,104.047200,98.172010,0.300000,1000.000000,0.900730,2468,2740,50.000000,off,,0,0,-1,1,1
1765268544137,2025-12-09 16:22:24.137,694.640700,16.290100,23,8,2,-0.002059,0.007034,-0.047529,-0.107697,-0.017685,0.994019,-39.357890,1.811132,51.875110,-0.626072,0.004132,0.779744,-59.7260017,1.94555998,77.2426605,32.532917,Building,Surface,3.066193,2.909882,0.000623,0.000000,-39.381920,1.805000,51.916310,358.867500,327.440200,358.848800,104.047200,98.172010,0.300000,1000.000000,0.900730,2468,2740,50.000000,off,,0,0,-1,1,1
1765268544148,2025-12-09 16:22:24.148,694.651800,16.301210,23,8,2,-0.004029,0.007148,-0.047754,-0.106155,-0.015488,0.994217,-39.359420,1.811317,51.873810,-0.625051,0.006389,0.780543,-59.6745453,2.0189693,77.2426605,32.5011673,Building,Surface,3.065826,2.903458,0.633593,0.000000,-39.381940,1.805040,51.916260,358.862400,327.423200,358.848900,104.047200,98.172010,0.300000,1000.000000,0.900730,2468,2740,50.000000,off,,0,0,-1,1,1
1765268544160,2025-12-09 16:22:24.160,694.662800,16.312260,23,8,2,-0.003449,0.007123,-0.047717,-0.108200,-0.019897,0.993927,-39.358980,1.811234,51.874060,-0.626940,0.002373,0.779060,-59.774086,1.88850462,77.2426605,32.5629883,Building,Surface,3.062027,2.911087,0.000615,0.000000,-39.381970,1.805012,51.916160,358.840300,327.408200,358.862900,104.047200,98.172010,0.300000,1000.000000,0.900730,2468,2740,50.000000,off,,0,0,-1,1,1
1765268544171,2025-12-09 16:22:24.171,694.673900,16.323300,23,8,2,-0.003449,0.007123,-0.047717,-0.108200,-0.019897,0.993927,-39.358980,1.811271,51.874030,-0.627188,0.002456,0.778860,-59.7874222,1.89126623,77.2426605,32.5713882,Building,Surface,3.062027,2.911087,0.000615,0.000000,-39.381980,1.805052,51.916130,358.836000,327.390000,358.858500,104.047200,98.172010,0.300000,1000.000000,0.900730,2468,2740,50.000000,off,,0,0,-1,1,1
1765268544182,2025-12-09 16:22:24.182,694.685100,16.334470,23,8,2,-0.004005,0.007157,-0.047820,-0.108536,-0.022629,0.993820,-39.359460,1.811321,51.873530,-0.627558,-0.000139,0.778551,-59.8084717,1.80679154,77.2426682,32.5845795,Building,Surface,3.079514,2.916275,0.000615,0.000000,-39.382060,1.805066,51.916000,358.827300,327.384600,358.869600,104.047200,98.172010,0.300000,1000.000000,0.900730,2468,2740,50.000000,off,,0,0,-1,1,1
1765268544193,2025-12-09 16:22:24.193,694.696100,16.345520,23,8,2,-0.004029,0.007148,-0.047754,-0.106155,-0.015488,0.994217,-39.359540,1.811289,51.873540,-0.625764,0.007227,0.779964,-59.7131386,2.04635596,77.2426605,32.5256348,Building,Surface,3.065826,2.903458,0.009900,0.000000,-39.382090,1.805054,51.915970,358.812100,327.370400,358.868200,104.047200,98.172010,0.300000,1000.000000,0.900730,2468,2740,50.000000,off,,0,0,-1,1,1
1765268544204,2025-12-09 16:22:24.204,694.707200,16.356630,23,8,2,-0.004029,0.007148,-0.047754,-0.106155,-0.015488,0.994217,-39.359500,1.811332,51.873530,-0.626123,0.007057,0.779678,-59.7322655,2.04095268,77.2426682,32.5375938,Building,Surface,3.065826,2.903458,0.009900,0.000000,-39.382060,1.805089,51.915950,358.821700,327.344100,358.869800,104.047200,98.172010,0.300000,1000.000000,0.900730,2468,2740,50.000000,off,,0,0,-1,1,1
1765268544215,2025-12-09 16:22:24.215,694.718400,16.367800,23,8,2,-0.003449,0.007123,-0.047717,-0.108200,-0.019897,0.993927,-39.359050,1.811285,51.873830,-0.627997,0.002641,0.778208,-59.8311501,1.89737892,77.2426605,32.5989532,Building,Surface,3.062027,2.911087,0.000156,0.000000,-39.382100,1.805073,51.915900,358.826600,327.330600,358.847100,104.047200,98.172010,0.300000,1000.000000,0.900730,2468,2740,50.000000,off,,0,0,-1,1,1
1765268544226,2025-12-09 16:22:24.226,694.729400,16.378850,23,8,2,-0.004790,0.007261,-0.047971,-0.112457,-0.034164,0.993057,-39.360070,1.811450,51.872860,-0.631684,-0.011562,0.775124,-60.03508,1.43302512,77.2426605,32.7295914,Building,Surface,3.148071,3.011139,0.002475,0.000000,-39.382140,1.805078,51.915860,358.826700,327.317500,358.851300,104.047200,98.172010,0.300000,1000.000000,0.900730,2468,2740,50.000000,off,,0,0,-1,1,1
1765268544238,2025-12-09 16:22:24.238,694.740500,16.389950,23,8,2,-0.012865,0.007501,-0.047694,-0.066696,0.018890,0.997589,-39.367030,1.811881,51.868660,-0.594385,0.040578,0.803149,-58.1455193,3.09386802,77.2426605,31.5929565,Building,Surface,3.095978,2.886353,0.009838,0.000000,-39.382180,1.805093,51.915790,358.832100,327.300500,358.829300,104.047200,98.172010,0.300000,1000.000000,0.900730,2468,2740,50.000000,off,,0,0,-1,1,1
1765268544249,2025-12-09 16:22:24.249,694.751600,16.401060,23,8,2,-0.012865,0.007501,-0.047694,-0.066696,0.018890,0.997589,-39.367070,1.811898,51.868620,-0.594494,0.040586,0.803068,-58.1509247,3.09426856,77.2426605,31.5961933,Building,Surface,3.095978,2.886353,0.009838,0.000000,-39.382230,1.805108,51.915740,358.831900,327.292600,358.824400,104.047200,98.172010,0.300000,1000.000000,0.900730,2468,2740,50.000000,off,,0,0,-1,1,1
1765268544260,2025-12-09 16:22:24.260,694.762800,16.412230,23,8,2,-0.025189,0.008189,-0.048931,-0.071274,0.016068,0.997315,-39.376710,1.812798,51.860860,-0.598710,0.038109,0.800043,-58.371109,3.02182698,77.2426605,31.7251472,Building,Surface,3.019302,2.869019,0.009838,0.000000,-39.382220,1.805109,51.915690,358.816700,327.261200,358.832200,104.047200,98.172010,0.300000,1000.000000,0.900730,2468,2740,50.000000,off,,0,0,-1,1,1
1765268544271,2025-12-09 16:22:24.271,694.773900,16.423280,23,8,2,-0.021847,0.007971,-0.048530,-0.067032,0.021973,0.997498,-39.374140,1.812530,51.862990,-0.595452,0.043841,0.802180,-58.2132835,3.19958782,77.2426605,31.6380253,Building,Surface,3.171204,2.829163,0.158395,0.000000,-39.382260,1.805121,51.915670,358.820900,327.234900,358.845600,104.047200,98.172010,0.300000,1000.000000,0.900730,2468,2740,50.000000,off,,0,0,-1,1,1
1765268544282,2025-12-09 16:22:24.282,694.784900,16.434270,23,7,2,-0.021847,0.007971,-0.048530,-0.067032,0.021973,0.997498,-44.374210,1.812480,57.962940,-0.595682,0.043725,0.802015,-58.6938744,2.86358881,77.2426605,24.0388241,Building,Surface,3.171204,2.829163,0.158395,0.000000,-44.382350,1.805068,58.015610,358.827100,327.218700,358.851600,104.047200,98.172010,0.300000,1000.000000,0.900730,2468,2740,50.000000,off,,0,0,-1,1,1
1765268544293,2025-12-09 16:22:24.293,694.795900,16.445310,23,7,2,0.005716,0.006447,-0.045858,-0.078568,0.017319,0.996750,-44.352590,1.810425,57.980090,-0.605320,0.039197,0.795006,-59.0191689,2.76014686,77.2426605,24.2292595,Building,Surface,3.123795,2.906967,0.009839,0.000000,-44.382410,1.805029,58.015580,358.831500,327.203300,358.863900,104.047200,98.172010,0.300000,1000.000000,0.900730,2468,2740,50.000000,off,,0,0,-1,1,1
1765268544304,2025-12-09 16:22:24.304,694.807000,16.456420,23,7,2,0.005964,0.006436,-0.045854,-0.078995,0.016312,0.996735,-44.352390,1.810364,57.980170,-0.606194,0.037865,0.794406,-59.0511742,2.72850132,77.2426605,24.2474918,Building,Surface,3.102341,2.909546,0.009839,0.000000,-44.382430,1.804968,58.015500,358.849600,327.168400,358.877300,104.047200,98.172010,0.300000,1000.000000,0.900730,2468,2740,50.000000,off,,0,0,-1,1,1
1765268544314,2025-12-09 16:22:24.314,694.818100,16.467470,23,7,2,-0.021847,0.007971,-0.048530,-0.067032,0.021973,0.997498,-44.374290,1.812369,57.962780,-0.596755,0.043095,0.801252,-58.7335243,2.84932995,77.2426605,24.0619335,Building,Surface,3.171204,2.829163,0.002475,0.000000,-44.382490,1.804942,58.015450,358.860900,327.144000,358.888100,104.047200,98.172010,0.300000,1000.000000,0.900730,2468,2740,50.000000,off,,0,0,-1,1,1
1765268544325,2025-12-09 16:22:24.325,694.829200,16.478640,23,7,2,-0.021847,0.007971,-0.048530,-0.067032,0.021973,0.997498,-44.374310,1.812370,57.962760,-0.597045,0.042636,0.801060,-58.7439842,2.83853245,77.2426605,24.0677147,Building,Surface,3.171204,2.829163,0.002475,0.000000,-44.382510,1.804923,58.015420,358.886800,327.124100,358.893900,104.047200,98.172010,0.300000,1000.000000,0.900730,2468,2740,50.000000,off,,0,0,-1,1,1
1765268544337,2025-12-09 16:22:24.337,694.840500,16.489930,23,7,2,0.005716,0.006447,-0.045858,-0.078568,0.017319,0.996750,-44.352700,1.810372,57.979970,-0.606637,0.037917,0.794064,-59.0687218,2.73017645,77.2426605,24.2581654,Building,Surface,3.123795,2.906967,0.002506,0.000000,-44.382560,1.804916,58.015400,358.902500,327.110900,358.896100,104.047200,98.172010,0.300000,1000.000000,0.900730,2468,2740,50.000000,off,,0,0,-1,1,1
1765268544348,2025-12-09 16:22:24.348,694.851600,16.500980,23,7,2,0.006645,0.006393,-0.045764,-0.079376,0.014313,0.996735,-44.351990,1.810275,57.980500,-0.607512,0.034997,0.793530,-59.0987511,2.65979218,77.2426605,24.2738419,Building,Surface,3.101776,2.905258,0.040332,0.000000,-44.382590,1.804893,58.015340,358.900100,327.101500,358.877000,104.047200,98.172010,0.300000,1000.000000,0.900730,2468,2740,50.000000,off,,0,0,-1,1,1
1765268544359,2025-12-09 16:22:24.359,694.862700,16.512150,23,7,2,0.002500,0.006616,-0.046152,-0.077011,0.013382,0.996933,-44.355280,1.810520,57.977890,-0.605842,0.034178,0.794841,-59.0392303,2.63890123,77.2426605,24.2370796,Building,Surface,3.102448,2.904709,0.645312,0.000000,-44.382630,1.804848,58.015300,358.893000,327.087900,358.853600,104.047200,98.172010,0.300000,1000.000000,0.900730,2468,2740,50.000000,off,,0,0,-1,1,1
1765268544370,2025-12-09 16:22:24.370,694.873700,16.523070,23,7,2,0.002500,0.006616,-0.046152,-0.077011,0.013382,0.996933,-44.355300,1.810555,57.977860,-0.605891,0.033703,0.794824,-59.0407753,2.62744117,77.2426605,24.2376366,Building,Surface,3.102448,2.904709,0.645312,0.000000,-44.382650,1.804860,58.015270,358.921800,327.084600,358.833600,104.047200,98.172010,0.300000,1000.000000,0.900730,2468,2740,50.000000,off,,0,0,-1,1,1
1765268544381,2025-12-09 16:22:24.381,694.884900,16.534360,23,7,2,0.002920,0.006586,-0.046097,-0.076614,0.014572,0.996948,-44.355030,1.810608,57.978090,-0.605755,0.034444,0.794898,-59.0356674,2.64536786,77.2426605,24.2351322,Building,Surface,3.126404,2.904037,0.002505,0.000000,-44.382720,1.804930,58.015220,358.947100,327.069300,358.834400,104.047200,98.172010,0.300000,1000.000000,0.900730,2468,2740,50.000000,off,,0,0,-1,1,1
1765268544392,2025-12-09 16:22:24.392,694.895800,16.545230,23,7,2,-0.000214,0.006834,-0.046737,-0.074280,0.011826,0.997162,-44.357390,1.810919,57.975810,-0.604248,0.031387,0.796171,-58.9798241,2.57046509,77.2426605,24.199255,Building,Surface,3.105835,2.868927,0.002490,0.000000,-44.382810,1.804931,58.015170,358.961000,327.051100,358.854300,104.047200,98.172010,0.300000,1000.000000,0.900730,2468,2740,50.000000,off,,0,0,-1,1,1
1765268544403,2025-12-09 16:22:24.403,694.907000,16.556460,23,7,2,-0.000214,0.006834,-0.046737,-0.074280,0.011826,0.997162,-44.357400,1.810915,57.975780,-0.604524,0.031468,0.795959,-58.9904251,2.5726254,77.2426605,24.2057514,Building,Surface,3.105835,2.868927,0.002490,0.000000,-44.382830,1.804932,58.015130,358.955500,327.031400,358.866800,104.047200,98.172010,0.300000,1000.000000,0.900730,2468,2740,50.000000,off,,0,0,-1,1,1
1765268544414,2025-12-09 16:22:24.414,694.918100,16.567500,23,7,2,0.002500,0.006616,-0.046152,-0.077011,0.013382,0.996933,-44.355470,1.810611,57.977740,-0.606929,0.032990,0.794062,-59.0803032,2.61098957,77.2426605,24.2610512,Building,Surface,3.102448,2.904709,0.000039,0.000000,-44.382860,1.804885,58.015110,358.957500,327.011700,358.902400,104.047200,98.172010,0.300000,1000.000000,0.900730,2468,2740,50.000000,off,,0,0,-1,1,1
1765268544425,2025-12-09 16:22:24.425,694.929100,16.578550,23,7,2,0.002920,0.006586,-0.046097,-0.076614,0.014572,0.996948,-44.355130,1.810571,57.977980,-0.606952,0.034061,0.794001,-59.0814781,2.6369853,77.2426605,24.2626495,Building,Surface,3.126404,2.904037,0.000154,0.000000,-44.382850,1.804877,58.015070,358.961300,326.985200,358.936500,104.047200,98.172010,0.300000,1000.000000,0.900730,2468,2740,50.000000,off,,0,0,-1,1,1
1765268544437,2025-12-09 16:22:24.437,694.940300,16.589720,23,7,2,0.002920,0.006586,-0.046097,-0.076614,0.014572,0.996948,-44.355140,1.810555,57.977940,-0.607339,0.034058,0.793705,-59.096405,2.63720703,77.2426605,24.2717457,Building,Surface,3.126404,2.904037,0.000154,0.000000,-44.382880,1.804860,58.015020,358.960400,326.957400,358.949800,104.047200,98.172010,0.300000,1000.000000,0.900730,2468,2740,50.000000,off,,0,0,-1,1,1
1765268544448,2025-12-09 16:22:24.448,694.951400,16.600830,23,7,2,-0.001460,0.006909,-0.046890,-0.063095,0.017426,0.997849,-44.358400,1.810898,57.974830,-0.596495,0.036947,0.801758,-58.6933517,2.69880748,77.2426605,24.0318222,Building,Surface,3.110916,2.831650,0.629657,0.000000,-44.382920,1.804826,58.014960,358.946700,326.951900,358.924500,104.047200,98.172010,0.300000,1000.000000,0.900730,2468,2740,50.000000,off,,0,0,-1,1,1
1765268544459,2025-12-09 16:22:24.459,694.962500,16.611940,23,7,2,-0.010329,0.007353,-0.047983,-0.035584,-0.030441,0.998901,-44.365170,1.811456,57.968970,-0.575802,-0.011361,0.817508,-57.9403648,1.54360723,77.2426605,23.5761051,Building,Surface,3.136505,2.999878,0.158398,0.000000,-44.382900,1.804794,58.014850,358.944800,326.913600,358.914200,104.047200,98.172010,0.300000,1000.000000,0.900730,2468,2740,50.000000,off,,0,0,-1,1,1
1765268544470,2025-12-09 16:22:24.470,694.973700,16.623110,23,7,2,-0.028531,0.008327,-0.049984,-0.034653,-0.073273,0.996704,-44.379340,1.812747,57.957310,-0.575208,-0.054267,0.816198,-57.97052,0.530510902,77.2426605,23.6281376,Building,Surface,3.133530,2.933136,0.158398,0.000000,-44.382960,1.804784,58.014800,358.947800,326.896800,358.879500,104.047200,98.172010,0.300000,1000.000000,0.900730,2468,2740,50.000000,off,,0,0,-1,1,1
1765268544482,2025-12-09 16:22:24.482,694.985200,16.634580,23,7,2,-0.028531,0.008327,-0.049984,-0.034653,-0.073273,0.996704,-44.379330,1.812738,57.957240,-0.575535,-0.054651,0.815942,-57.9825478,0.521019697,77.2426605,23.6356392,Building,Surface,3.133530,2.933136,0.158398,0.000000,-44.382970,1.804740,58.014730,358.971000,326.875200,358.849900,104.047200,98.172010,0.300000,1000.000000,0.900730,2468,2740,50.000000,off,,0,0,-1,1,1
1765268544493,2025-12-09 16:22:24.493,694.996600,16.646000,23,7,2,-0.026687,0.008188,-0.049844,-0.050598,-0.069672,0.996277,-44.377860,1.812589,57.958350,-0.589058,-0.050926,0.806473,-58.4633675,0.594849944,77.2426605,23.9116917,Building,Surface,3.151642,2.931351,0.010022,0.000000,-44.383010,1.804754,58.014700,358.981800,326.839000,358.849100,104.047200,98.172010,0.300000,1000.000000,0.900730,2468,2740,50.000000,off,,0,0,-1,1,1
1765268544504,2025-12-09 16:22:24.505,695.008100,16.657470,23,7,2,0.006081,0.006146,-0.045940,-0.058762,-0.099991,0.993240,-44.352630,1.809941,57.979510,-0.595495,-0.081191,0.799231,-57.6276321,-4.88066381E-14,75.7962723,22.29212,Building,Surface,3.160706,2.883255,0.160359,0.000000,-44.383020,1.804734,58.014640,358.985700,326.805800,358.847900,104.047200,98.172010,0.300000,1000.000000,0.900730,2468,2740,50.000000,off,,0,1,6.43918682E-16,1,1
1765268544516,2025-12-09 16:22:24.516,695.019500,16.668880,23,7,2,-0.028531,0.008327,-0.049984,-0.034653,-0.073273,0.996704,-44.379280,1.812725,57.957140,-0.576901,-0.055256,0.814936,-58.0316849,0.505087376,77.2426605,23.664938,Building,Surface,3.133530,2.933136,0.009960,0.000000,-44.383020,1.804696,58.014610,359.005700,326.777900,358.849800,104.047200,98.172010,0.300000,1000.000000,0.900730,2468,2740,50.000000,off,,0,0,-1,1,1
1765268544527,2025-12-09 16:22:24.527,695.030900,16.680360,23,7,2,-0.028531,0.008327,-0.049984,-0.034653,-0.073273,0.996704,-44.379250,1.812720,57.957070,-0.577368,-0.055320,0.814601,-58.0483818,0.503025353,77.2426605,23.6747608,Building,Surface,3.133530,2.933136,0.009960,0.000000,-44.383030,1.804694,58.014550,359.008900,326.744000,358.861600,104.047200,98.172010,0.300000,1000.000000,0.900730,2468,2740,50.000000,off,,0,0,-1,1,1
1765268544539,2025-12-09 16:22:24.539,695.042400,16.691770,23,7,2,-0.026687,0.008188,-0.049844,-0.050598,-0.069672,0.996277,-44.377800,1.812546,57.958160,-0.590956,-0.051379,0.805055,-58.5337181,0.581799865,77.2426605,23.9540539,Building,Surface,3.151642,2.931351,0.009900,0.000000,-44.383080,1.804693,58.014500,359.007300,326.702600,358.858300,104.047200,98.172010,0.300000,1000.000000,0.900730,2468,2740,50.000000,off,,0,0,-1,1,1
1765268544550,2025-12-09 16:22:24.550,695.053900,16.703310,23,7,2,-0.000455,0.006544,-0.046699,-0.054718,-0.097092,0.993759,-44.357660,1.810498,57.975140,-0.594182,-0.078984,0.800430,-57.9777069,-4.9145719E-14,76.322876,22.9220963,Building,Surface,3.145981,2.883331,0.040087,0.000000,-44.383110,1.804746,58.014430,359.020800,326.669900,358.856900,104.047200,98.172010,0.300000,1000.000000,0.900730,2468,2740,50.000000,off,,0,1,6.43918682E-16,1,1
1765268544562,2025-12-09 16:22:24.562,695.065200,16.714660,23,7,2,0.000804,0.006463,-0.046553,-0.051804,-0.097214,0.993912,-44.356670,1.810367,57.975930,-0.592276,-0.078702,0.801879,-57.9806824,-4.92091651E-14,76.4213943,23.0027447,Building,Surface,3.136368,2.883072,0.161324,0.000000,-44.383110,1.804739,58.014390,358.995100,326.641100,358.843700,104.047200,98.172010,0.300000,1000.000000,0.900730,2468,2740,50.000000,off,,0,1,6.43918682E-16,1,1
1765268544573,2025-12-09 16:22:24.573,695.076700,16.726140,23,7,2,0.000804,0.006463,-0.046553,-0.051804,-0.097214,0.993912,-44.356680,1.810396,57.975890,-0.592798,-0.078731,0.801490,-57.9878998,-4.91991972E-14,76.4059219,22.9946346,Building,Surface,3.136368,2.883072,0.161324,0.000000,-44.383140,1.804767,58.014330,358.997700,326.605300,358.826600,104.047200,98.172010,0.300000,1000.000000,0.900730,2468,2740,50.000000,off,,0,1,6.43918682E-16,1,1
1765268544585,2025-12-09 16:22:24.585,695.088100,16.737550,23,7,2,0.002386,0.006362,-0.046368,-0.053665,-0.097717,0.993759,-44.355450,1.810288,57.976860,-0.594837,-0.079292,0.799917,-57.9359665,-4.90920306E-14,76.2394867,22.8304863,Building,Surface,3.141724,2.874664,0.159371,0.000000,-44.383150,1.804785,58.014260,359.002100,326.563600,358.843000,104.047200,98.172010,0.300000,1000.000000,0.900730,2468,2740,50.000000,off,,0,1,6.43918682E-16,1,1
1765268544596,2025-12-09 16:22:24.596,695.099700,16.749080,23,7,2,0.003671,0.006279,-0.046218,-0.052292,-0.096588,0.993942,-44.354460,1.810160,57.977610,-0.594229,-0.077939,0.800501,-58.155632,-4.93045444E-14,76.569519,23.2251625,Building,Surface,3.141571,2.875626,0.002475,0.000000,-44.383170,1.804773,58.014160,358.987200,326.529900,358.854300,104.047200,98.172010,0.300000,1000.000000,0.900730,2468,2740,50.000000,off,,0,1,6.43918682E-16,1,1
1765268544608,2025-12-09 16:22:24.608,695.111100,16.760500,23,7,2,0.000804,0.006463,-0.046553,-0.051804,-0.097214,0.993912,-44.356650,1.810390,57.975670,-0.594346,-0.078759,0.800340,-58.0185623,-4.91777707E-14,76.3726501,22.9863873,Building,Surface,3.136368,2.883072,0.002475,0.000000,-44.383190,1.804760,58.014060,358.997200,326.490800,358.864800,104.047200,98.172010,0.300000,1000.000000,0.900730,2468,2740,50.000000,off,,0,1,6.43918682E-16,1,1
1765268544619,2025-12-09 16:22:24.619,695.122600,16.771970,23,7,2,0.000804,0.006463,-0.046553,-0.051804,-0.097214,0.993912,-44.356660,1.810375,57.975590,-0.595107,-0.079030,0.799748,-57.9890442,-4.91282735E-14,76.2957764,22.9073811,Building,Surface,3.136368,2.883072,0.002475,0.000000,-44.383230,1.804732,58.013950,359.012800,326.435400,358.865000,104.047200,98.172010,0.300000,1000.000000,0.900730,2468,2740,50.000000,off,,0,1,6.43918682E-16,1,1
1765268544631,2025-12-09 16:22:24.631,695.134100,16.783510,23,7,2,0.002386,0.006362,-0.046368,-0.053665,-0.097717,0.993759,-44.355460,1.810202,57.976520,-0.597093,-0.079590,0.798205,-57.9357948,-4.9022147E-14,76.1309662,22.7439251,Building,Surface,3.141724,2.874664,0.160352,0.000000,-44.383270,1.804684,58.013830,359.018200,326.399200,358.860800,104.047200,98.172010,0.300000,1000.000000,0.900730,2468,2740,50.000000,off,,0,1,6.43918682E-16,1,1
1765268544642,2025-12-09 16:22:24.642,695.145300,16.794680,23,7,2,0.003447,0.006293,-0.046242,-0.051712,-0.096497,0.993988,-44.354640,1.810121,57.977150,-0.596368,-0.078827,0.798830,-58.0491562,-4.91444179E-14,76.3208466,22.9631863,Building,Surface,3.141434,2.884949,0.645358,0.000000,-44.383300,1.804672,58.013740,359.043200,326.341200,358.848500,104.047200,98.172010,0.300000,1000.000000,0.900730,2468,2740,50.000000,off,,0,1,6.43918682E-16,1,1
1765268544653,2025-12-09 16:22:24.653,695.156300,16.805730,23,7,2,0.003447,0.006293,-0.046242,-0.051712,-0.096497,0.993988,-44.354700,1.810120,57.977110,-0.597798,-0.078943,0.797749,-58.0618744,-4.91110719E-14,76.2690582,22.9294319,Building,Surface,3.141434,2.884949,0.645358,0.000000,-44.383420,1.804666,58.013650,359.051400,326.240800,358.821300,104.047200,98.172010,0.300000,1000.000000,0.900730,2468,2740,50.000000,off,,0,1,6.43918682E-16,1,1
1765268544664,2025-12-09 16:22:24.664,695.167400,16.816830,23,7,2,-0.000241,0.006509,-0.046645,-0.050125,-0.092621,0.994431,-44.357590,1.810408,57.974620,-0.597969,-0.075078,0.797985,-58.7768402,-4.97214608E-14,77.2169952,24.1134968,Building,Surface,3.141800,2.885284,0.641421,0.000000,-44.383550,1.804668,58.013500,359.052300,326.147400,358.787300,104.047200,98.172010,0.300000,1000.000000,0.900730,2468,2740,50.000000,off,,0,1,6.43918682E-16,1,1
1765268544675,2025-12-09 16:22:24.675,695.178500,16.827940,23,7,2,-0.001247,0.006564,-0.046742,-0.049408,-0.090393,0.994675,-44.358450,1.810502,57.973930,-0.599416,-0.073008,0.797095,-58.8485489,0.0456287265,77.2426605,24.1735744,Building,Surface,3.152328,2.903885,0.010266,0.000000,-44.383720,1.804677,58.013380,359.062600,326.009300,358.749100,104.047200,98.172010,0.300000,1000.000000,0.900730,2468,2740,50.000000,off,,0,0,-1,1,1
1765268544686,2025-12-09 16:22:24.686,695.189600,16.839050,23,7,2,-0.006501,0.006871,-0.047309,-0.045319,-0.100754,0.993866,-44.362530,1.810899,57.970410,-0.597957,-0.083384,0.797164,-57.3487129,-4.84760547E-14,75.2828827,21.7173214,Building,Surface,3.122543,2.928879,0.010266,0.000000,-44.383890,1.804659,58.013220,359.060000,325.863500,358.702600,104.047200,98.172010,0.300000,1000.000000,0.900730,2468,2740,50.000000,off,,0,1,6.43918682E-16,1,1
1765268544697,2025-12-09 16:22:24.697,695.200700,16.850160,23,7,2,-0.006501,0.006871,-0.047309,-0.045319,-0.100754,0.993866,-44.362600,1.810932,57.970330,-0.599955,-0.083550,0.795643,-57.3665199,-4.84328289E-14,75.2157593,21.674551,Building,Surface,3.122543,2.928879,0.010266,0.000000,-44.384070,1.804678,58.013080,359.071700,325.723500,358.659000,104.047200,98.172010,0.300000,1000.000000,0.900730,2468,2740,50.000000,off,,0,1,6.43918682E-16,1,1
1765268544708,2025-12-09 16:22:24.708,695.211900,16.861330,23,7,2,0.009390,0.006011,-0.045945,-0.109009,-0.144959,0.983414,-44.350440,1.809730,57.980370,-0.649996,-0.126541,0.749327,-53.6463814,-4.42352115E-14,68.6968918,14.3015184,Building,Surface,3.023804,3.028885,0.039598,0.000000,-44.384330,1.804682,58.012940,359.083200,325.570200,358.622200,104.047200,98.172010,0.300000,1000.000000,0.900730,2468,2740,50.000000,off,,0,1,6.43918682E-16,1,1
1765268544719,2025-12-09 16:22:24.719,695.223000,16.872380,23,7,2,-0.006312,0.007631,-0.050165,-0.261643,-0.092148,0.960754,-44.361020,1.811673,57.967920,-0.763197,-0.070612,0.642294,-63.9421654,-4.79378703E-14,74.4470825,25.6566963,Building,Surface,3.254349,2.959152,0.000623,0.000000,-44.384520,1.804675,58.012790,359.103100,325.420500,358.585400,104.047200,98.172010,0.300000,1000.000000,0.900730,2468,2740,50.000000,off,,0,1,6.43918682E-16,1,1
1765268544730,2025-12-09 16:22:24.730,695.234100,16.883540,23,7,2,-0.006501,0.006871,-0.047309,-0.045319,-0.100754,0.993866,-44.362940,1.810978,57.970070,-0.606413,-0.084284,0.790655,-57.3927116,-4.82672272E-14,74.9585724,21.4863586,Building,Surface,3.122543,2.928879,0.633594,0.000000,-44.384750,1.804676,58.012630,359.118100,325.263300,358.570900,104.047200,98.172010,0.300000,1000.000000,0.900730,2468,2740,50.000000,off,,0,1,6.43918682E-16,1,1
1765268544741,2025-12-09 16:22:24.741,695.245200,16.894590,23,7,2,-0.006501,0.006871,-0.047309,-0.045319,-0.100754,0.993866,-44.363090,1.810961,57.969890,-0.608569,-0.084484,0.788975,-57.4081001,-4.82179197E-14,74.8820038,21.4352837,Building,Surface,3.122543,2.928879,0.633594,0.000000,-44.385030,1.804646,58.012400,359.130600,325.108000,358.552000,104.047200,98.172010,0.300000,1000.000000,0.900730,2468,2740,50.000000,off,,0,1,6.43918682E-16,1,1
1765268544753,2025-12-09 16:22:24.753,695.256300,16.905700,23,7,2,0.009390,0.006011,-0.045945,-0.109009,-0.144959,0.983414,-44.350980,1.809725,57.980040,-0.658575,-0.127471,0.741639,-53.7008591,-4.411435E-14,68.509201,14.1971369,Building,Surface,3.023804,3.028885,0.002475,0.000000,-44.385240,1.804641,58.012230,359.146900,324.917900,358.536900,104.047200,98.172010,0.300000,1000.000000,0.900730,2468,2740,50.000000,off,,0,1,6.43918682E-16,1,1
1765268544764,2025-12-09 16:22:24.764,695.267500,16.916870,23,7,2,-0.010779,0.007964,-0.050911,-0.253464,-0.104065,0.961716,-44.364670,1.812107,57.964290,-0.765065,-0.083269,0.638524,-61.0140877,-4.62719395E-14,71.8599091,21.7617722,Building,Surface,3.149475,2.951828,0.039355,0.000000,-44.385500,1.804621,58.012060,359.153200,324.738200,358.521800,104.047200,98.172010,0.300000,1000.000000,0.900730,2468,2740,50.000000,off,,0,1,6.43918682E-16,1,1
1765268544781,2025-12-09 16:22:24.781,695.280400,16.929810,23,7,2,-0.025572,0.009111,-0.053533,-0.228165,-0.095108,0.968964,-44.375240,1.813600,57.953450,-0.750185,-0.074941,0.656964,-62.529995,-4.75548251E-14,73.8522186,24.2003136,Building,Surface,3.177292,2.951736,0.000156,0.000000,-44.385710,1.804606,58.011870,359.163000,324.579100,358.500500,104.047200,98.172010,0.300000,1000.000000,0.900730,2468,2740,50.000000,off,,0,1,6.43918682E-16,1,1
1765268544786,2025-12-09 16:22:24.786,695.289600,16.939030,23,7,2,-0.025572,0.009111,-0.053533,-0.228165,-0.095108,0.968964,-44.375330,1.813593,57.953350,-0.752097,-0.075073,0.654759,-62.5442772,-4.75024174E-14,73.7708359,24.157671,Building,Surface,3.177292,2.951736,0.000156,0.000000,-44.385970,1.804583,58.011730,359.173900,324.412700,358.487400,104.047200,98.172010,0.300000,1000.000000,0.900730,2468,2740,50.000000,off,,0,1,6.43918682E-16,1,1
1765268544797,2025-12-09 16:22:24.797,695.300800,16.950200,23,7,2,-0.021251,0.008794,-0.052838,-0.232391,-0.092453,0.968201,-44.372330,1.813187,57.956310,-0.756751,-0.072680,0.649624,-63.2514076,-4.77548299E-14,74.1628265,24.9471111,Building,Surface,3.171280,2.949265,0.000156,0.000000,-44.386220,1.804570,58.011570,359.198600,324.259100,358.473600,104.047200,98.172010,0.300000,1000.000000,0.900730,2468,2740,50.000000,off,,0,1,6.43918682E-16,1,1
1765268544808,2025-12-09 16:22:24.808,695.311900,16.961300,23,7,2,-0.008330,0.007571,-0.049708,-0.230972,-0.062027,0.970978,-44.363910,1.811639,57.966300,-0.757961,-0.042430,0.650913,-64.3869934,0.690764189,75.161499,26.4169464,Building,Surface,3.126053,2.618286,0.009901,0.000000,-44.386520,1.804530,58.011420,359.212500,324.115200,358.455700,104.047200,98.172010,0.300000,1000.000000,0.900730,2468,2740,50.000000,off,,0.866023183,0,-0.500003874,1,1
1765268544819,2025-12-09 16:22:24.819,695.323100,16.972470,23,7,2,-0.008330,0.007571,-0.049708,-0.230972,-0.062027,0.970978,-44.364070,1.811594,57.966210,-0.759621,-0.042913,0.648944,-64.4216766,0.678486586,75.1014099,26.4046764,Building,Surface,3.126053,2.618286,0.009901,0.000000,-44.386800,1.804460,58.011260,359.241300,323.967800,358.454800,104.047200,98.172010,0.300000,1000.000000,0.900730,2468,2740,50.000000,off,,0.866023183,0,-0.500003874,1,1
1765268544830,2025-12-09 16:22:24.830,695.334000,16.983400,23,7,2,-0.014512,0.007926,-0.050233,-0.237274,-0.079544,0.968170,-44.368940,1.812085,57.962080,-0.765209,-0.060722,0.640897,-64.5556564,0.210198373,74.8693619,26.3804092,Building,Surface,3.154175,2.940948,0.039847,0.000000,-44.387120,1.804411,58.011150,359.268600,323.821700,358.447900,104.047200,98.172010,0.300000,1000.000000,0.900730,2468,2740,50.000000,off,,0.866023183,0,-0.500003874,1,1
1765268544842,2025-12-09 16:22:24.842,695.345200,16.994630,23,7,2,-0.021251,0.008794,-0.052838,-0.232391,-0.092453,0.968201,-44.372960,1.813087,57.955900,-0.763209,-0.074249,0.641845,-63.0097656,-4.74111649E-14,73.6291199,24.4185944,Building,Surface,3.171280,2.949265,0.039600,0.000000,-44.387400,1.804365,58.011010,359.299100,323.682800,358.441500,104.047200,98.172010,0.300000,1000.000000,0.900730,2468,2740,50.000000,off,,0,1,6.43918682E-16,1,1
1765268544853,2025-12-09 16:22:24.853,695.356300,17.005740,23,7,2,-0.021251,0.008794,-0.052838,-0.232391,-0.092453,0.968201,-44.373090,1.813089,57.955820,-0.764911,-0.074757,0.639756,-62.9245453,-4.7309914E-14,73.4718781,24.252676,Building,Surface,3.171280,2.949265,0.039600,0.000000,-44.387670,1.804334,58.010880,359.331200,323.529300,358.433100,104.047200,98.172010,0.300000,1000.000000,0.900730,2468,2740,50.000000,off,,0,1,6.43918682E-16,1,1
1765268544864,2025-12-09 16:22:24.864,695.367400,17.016850,23,7,2,-0.008330,0.007571,-0.049708,-0.230972,-0.062027,0.970978,-44.364780,1.811502,57.965920,-0.766027,-0.044932,0.641231,-64.5564117,0.627143919,74.8680649,26.3588142,Building,Surface,3.126053,2.618286,0.010084,0.000000,-44.387950,1.804261,58.010740,359.362500,323.394600,358.445500,104.047200,98.172010,0.300000,1000.000000,0.900730,2468,2740,50.000000,off,,0.866023183,0,-0.500003874,1,1
1765268544875,2025-12-09 16:22:24.875,695.378500,17.027890,23,7,2,-0.020825,0.008337,-0.051079,-0.225113,-0.079941,0.971039,-44.374090,1.812589,57.957280,-0.763440,-0.063579,0.642729,-64.5251617,0.134414807,74.9221725,26.3948841,Building,Surface,3.235336,3.008530,0.039602,0.000000,-44.388200,1.804222,58.010600,359.399300,323.253700,358.435200,104.047200,98.172010,0.300000,1000.000000,0.900730,2468,2740,50.000000,off,,0.866023183,0,-0.500003874,1,1
1765268544886,2025-12-09 16:22:24.886,695.389600,17.039000,23,7,2,-0.021537,0.008576,-0.051835,-0.223785,-0.095810,0.969910,-44.374330,1.812778,57.956180,-0.763587,-0.079668,0.640759,-61.7491074,-4.67073551E-14,72.5361099,22.7539749,Building,Surface,3.094315,2.969879,0.039602,0.000000,-44.388460,1.804148,58.010490,359.411600,323.125200,358.427600,104.047200,98.172010,0.300000,1000.000000,0.900730,2468,2740,50.000000,off,,0,1,6.43918682E-16,1,1
1765268544897,2025-12-09 16:22:24.897,695.400700,17.050110,23,7,2,-0.021537,0.008576,-0.051835,-0.223785,-0.095810,0.969910,-44.374480,1.812740,57.956020,-0.764976,-0.079993,0.639060,-61.7097855,-4.66441223E-14,72.437912,22.6610603,Building,Surface,3.094315,2.969879,0.039602,0.000000,-44.388730,1.804085,58.010300,359.433600,323.000500,358.415600,104.047200,98.172010,0.300000,1000.000000,0.900730,2468,2740,50.000000,off,,0,1,6.43918682E-16,1,1
1765268544908,2025-12-09 16:22:24.908,695.411800,17.061220,23,7,2,-0.017087,0.007922,-0.049940,-0.224060,-0.091934,0.970215,-44.372250,1.811955,57.960100,-0.766366,-0.076371,0.637826,-62.554821,-4.70659244E-14,73.0929642,23.7253532,Building,Surface,3.117294,2.975739,0.039600,0.000000,-44.388970,1.804040,58.010170,359.450900,322.901700,358.407700,104.047200,98.172010,0.300000,1000.000000,0.900730,2468,2740,50.000000,off,,0,1,6.43918682E-16,1,1
1765268544920,2025-12-09 16:22:24.920,695.423000,17.072390,23,7,2,-0.007496,0.007323,-0.048733,-0.238190,-0.086960,0.967316,-44.365490,1.811122,57.966750,-0.777061,-0.071473,0.625351,-64.0561752,-4.75296411E-14,73.8131104,25.3398972,Building,Surface,3.174561,2.935852,0.000155,0.000000,-44.389200,1.804035,58.010010,359.479800,322.780200,358.396100,104.047200,98.172010,0.300000,1000.000000,0.900730,2468,2740,50.000000,off,,0,1,6.43918682E-16,1,1
1765268544931,2025-12-09 16:22:24.931,695.434000,17.083440,23,7,2,-0.007496,0.007323,-0.048733,-0.238190,-0.086960,0.967316,-44.365670,1.811138,57.966690,-0.778270,-0.072093,0.623775,-63.9175606,-4.74164436E-14,73.6373138,25.1222038,Building,Surface,3.174561,2.935852,0.000155,0.000000,-44.389460,1.804019,58.009900,359.517200,322.666900,358.393500,104.047200,98.172010,0.300000,1000.000000,0.900730,2468,2740,50.000000,off,,0,1,6.43918682E-16,1,1
1765268544942,2025-12-09 16:22:24.942,695.445100,17.094480,23,7,2,-0.030329,0.008907,-0.052545,-0.156937,-0.141159,0.977463,-44.381570,1.813298,57.949720,-0.722648,-0.128900,0.679083,-54.5474014,-4.34662479E-14,67.5027008,14.0674019,Building,Surface,3.003265,2.958099,0.000626,0.000000,-44.389690,1.803960,58.009780,359.543700,322.554400,358.387900,104.047200,98.172010,0.300000,1000.000000,0.900730,2468,2740,50.000000,off,,0,1,6.43918682E-16,1,1
1765268544953,2025-12-09 16:22:24.953,695.456200,17.105650,23,7,2,-0.017087,0.007922,-0.049940,-0.224060,-0.091934,0.970215,-44.372830,1.811916,57.959690,-0.771378,-0.078239,0.631527,-62.2369728,-4.67388748E-14,72.5850601,23.1584053,Building,Surface,3.117294,2.975739,0.158402,0.000000,-44.389940,1.803890,58.009610,359.568100,322.443800,358.378000,104.047200,98.172010,0.300000,1000.000000,0.900730,2468,2740,50.000000,off,,0,1,6.43918682E-16,1,1
1765268544964,2025-12-09 16:22:24.964,695.467300,17.116700,23,7,2,-0.007496,0.007323,-0.048733,-0.238190,-0.086960,0.967316,-44.366140,1.811016,57.966410,-0.781776,-0.072997,0.619269,-63.7615814,-4.72186512E-14,73.3301392,24.809412,Building,Surface,3.174561,2.935852,0.637515,0.000000,-44.390180,1.803847,58.009480,359.574200,322.341100,358.379000,104.047200,98.172010,0.300000,1000.000000,0.900730,2468,2740,50.000000,off,,0,1,6.43918682E-16,1,1
1765268544975,2025-12-09 16:22:24.975,695.478400,17.127810,23,7,2,-0.007496,0.007323,-0.048733,-0.238190,-0.086960,0.967316,-44.366260,1.811028,57.966360,-0.783062,-0.073001,0.617642,-63.7926636,-4.71921459E-14,73.2889862,24.8082218,Building,Surface,3.174561,2.935852,0.637515,0.000000,-44.390380,1.803854,58.009380,359.577000,322.222800,358.368700,104.047200,98.172010,0.300000,1000.000000,0.900730,2468,2740,50.000000,off,,0,1,6.43918682E-16,1,1
1765268544986,2025-12-09 16:22:24.986,695.489600,17.138980,23,7,2,-0.029636,0.008865,-0.052442,-0.153168,-0.128159,0.979843,-44.381520,1.813192,57.949810,-0.726045,-0.116514,0.677688,-55.6802406,-4.41058526E-14,68.4959946,15.5618382,Building,Surface,3.140244,3.054153,0.000619,0.000000,-44.390590,1.803866,58.009280,359.579300,322.109600,358.356600,104.047200,98.172010,0.300000,1000.000000,0.900730,2468,2740,50.000000,off,,0,1,6.43918682E-16,1,1
1765268544997,2025-12-09 16:22:24.998,695.500700,17.150150,23,7,2,-0.021252,0.008252,-0.050996,-0.137695,-0.162460,0.977051,-44.375920,1.812345,57.956010,-0.714429,-0.151102,0.683185,-52.9449196,-4.25953862E-14,66.1502609,11.9940767,Building,Surface,3.026337,3.044403,0.009839,0.000000,-44.390800,1.803862,58.009170,359.572200,321.998700,358.339200,104.047200,98.172010,0.300000,1000.000000,0.900730,2468,2740,50.000000,off,,0,1,6.43918682E-16,1,1
1765268545009,2025-12-09 16:22:25.009,695.511700,17.161130,23,7,2,-0.021252,0.008252,-0.050996,-0.137695,-0.162460,0.977051,-44.376050,1.812386,57.955930,-0.715459,-0.151194,0.682085,-52.9523697,-4.25837479E-14,66.1321869,11.9870415,Building,Surface,3.026337,3.044403,0.009839,0.000000,-44.391010,1.803887,58.009070,359.580800,321.915100,358.317100,104.047200,98.172010,0.300000,1000.000000,0.900730,2468,2740,50.000000,off,,0,1,6.43918682E-16,1,1
1765268545020,2025-12-09 16:22:25.020,695.522800,17.172240,23,7,2,0.009915,0.006081,-0.046437,-0.183380,-0.168411,0.968506,-44.354520,1.809307,57.978700,-0.747398,-0.155857,0.645832,-53.03088,-4.21612242E-14,65.4760056,11.6087284,Building,Surface,3.083664,3.023071,0.002521,0.000000,-44.391180,1.803860,58.009000,359.581800,321.818200,358.309800,104.047200,98.172010,0.300000,1000.000000,0.900730,2468,2740,50.000000,off,,0,1,6.43918682E-16,1,1
1765268545030,2025-12-09 16:22:25.030,695.534000,17.183410,23,7,2,0.005164,0.006406,-0.047097,-0.175598,-0.161224,0.971161,-44.357960,1.809744,57.975180,-0.743615,-0.149235,0.651727,-53.3756332,-4.24204298E-14,65.8785553,12.1266985,Building,Surface,3.111221,3.068420,0.040089,0.000000,-44.391350,1.803819,58.008880,359.604100,321.738600,358.301700,104.047200,98.172010,0.300000,1000.000000,0.900730,2468,2740,50.000000,off,,0,1,6.43918682E-16,1,1
1765268545041,2025-12-09 16:22:25.041,695.545100,17.194520,23,7,2,-0.006014,0.006997,-0.047970,-0.165268,-0.150223,0.974731,-44.366280,1.810634,57.967510,-0.738244,-0.138819,0.660082,-53.9952888,-4.28702009E-14,66.5770493,13.0430183,Building,Surface,3.127014,3.100159,10.262490,0.000000,-44.391510,1.803778,58.008770,359.621900,321.664700,358.300400,104.047200,98.172010,0.300000,1000.000000,0.900730,2468,2740,50.000000,off,,0,1,6.43918682E-16,1,1
1765268545052,2025-12-09 16:22:25.052,695.556200,17.205630,23,7,2,-0.006014,0.006997,-0.047970,-0.165268,-0.150223,0.974731,-44.366370,1.810604,57.967510,-0.739131,-0.139022,0.659045,-53.9927216,-4.28533213E-14,66.550827,13.0237494,Building,Surface,3.127014,3.100159,10.262490,0.000000,-44.391660,1.803736,58.008740,359.635000,321.587100,358.293400,104.047200,98.172010,0.300000,1000.000000,0.900730,2468,2740,50.000000,off,,0,1,6.43918682E-16,1,1
1765268545063,2025-12-09 16:22:25.063,695.567300,17.216670,23,7,2,0.009915,0.006081,-0.046437,-0.183380,-0.168411,0.968506,-44.354990,1.809201,57.978550,-0.750606,-0.156768,0.641879,-53.0174561,-4.21034193E-14,65.3862381,11.5405931,Building,Surface,3.083664,3.023071,0.000039,0.000000,-44.391800,1.803711,58.008660,359.638200,321.526800,358.297100,104.047200,98.172010,0.300000,1000.000000,0.900730,2468,2740,50.000000,off,,0,1,6.43918682E-16,1,1
1765268545074,2025-12-09 16:22:25.074,695.578300,17.227720,23,7,2,0.005164,0.006406,-0.047097,-0.175598,-0.161224,0.971161,-44.358350,1.809663,57.975100,-0.746721,-0.149825,0.648029,-53.3776283,-4.2371346E-14,65.80233,12.0784006,Building,Surface,3.111221,3.068420,0.039600,0.000000,-44.391910,1.803710,58.008630,359.638900,321.459700,358.301600,104.047200,98.172010,0.300000,1000.000000,0.900730,2468,2740,50.000000,off,,0,1,6.43918682E-16,1,1
1765268545087,2025-12-09 16:22:25.087,695.590500,17.239870,23,7,2,-0.000601,0.006651,-0.047299,-0.170013,-0.150375,0.973892,-44.362820,1.810068,57.971320,-0.744353,-0.138738,0.653203,-54.0741386,-4.28163669E-14,66.4934387,13.0465584,Building,Surface,3.116592,3.119980,0.000623,0.000000,-44.392030,1.803719,58.008580,359.615900,321.411000,358.301800,104.047200,98.172010,0.300000,1000.000000,0.900730,2468,2740,50.000000,off,,0,1,6.43918682E-16,1,1
1765268545097,2025-12-09 16:22:25.097,695.600600,17.250060,23,7,2,-0.000601,0.006651,-0.047299,-0.170013,-0.150375,0.973892,-44.362920,1.810068,57.971310,-0.745078,-0.138398,0.652448,-54.1075783,-4.2823482E-14,66.5044861,13.0786076,Building,Surface,3.116592,3.119980,0.000623,0.000000,-44.392180,1.803739,58.008540,359.592300,321.347000,358.322100,104.047200,98.172010,0.300000,1000.000000,0.900730,2468,2740,50.000000,off,,0,1,6.43918682E-16,1,1
1765268545108,2025-12-09 16:22:25.108,695.611700,17.261110,23,7,2,-0.000636,0.006686,-0.047378,-0.158890,-0.133301,0.978241,-44.363010,1.810154,57.971190,-0.739051,-0.121333,0.662611,-55.3888321,-4.36941404E-14,67.8566132,14.9186773,Building,Surface,3.310425,3.118484,0.000623,0.000000,-44.392310,1.803804,58.008480,359.575100,321.314000,358.322000,104.047200,98.172010,0.300000,1000.000000,0.900730,2468,2740,50.000000,off,,0,1,6.43918682E-16,1,1
1765268545119,2025-12-09 16:22:25.119,695.622800,17.272220,23,7,2,-0.000311,0.006662,-0.047336,-0.154114,-0.141602,0.977844,-44.362850,1.810119,57.971430,-0.735979,-0.129654,0.664459,-54.6379662,-4.33022724E-14,67.2480469,13.9610186,Building,Surface,3.246811,3.117615,0.002475,0.000000,-44.392420,1.803808,58.008460,359.567700,321.256400,358.325100,104.047200,98.172010,0.300000,1000.000000,0.900730,2468,2740,50.000000,off,,0,1,6.43918682E-16,1,1
1765268545131,2025-12-09 16:22:25.131,695.633900,17.283260,23,7,2,-0.000311,0.006662,-0.047336,-0.154114,-0.141602,0.977844,-44.362900,1.810109,57.971420,-0.736654,-0.129704,0.663702,-54.6434135,-4.32931245E-14,67.2338409,13.9555702,Building,Surface,3.246811,3.117615,0.002475,0.000000,-44.392500,1.803796,58.008420,359.571100,321.198200,358.322100,104.047200,98.172010,0.300000,1000.000000,0.900730,2468,2740,50.000000,off,,0,1,6.43918682E-16,1,1
1765268545142,2025-12-09 16:22:25.142,695.645000,17.294370,23,7,2,-0.001600,0.006719,-0.047407,-0.148041,-0.140488,0.978943,-44.363950,1.810169,57.970520,-0.732932,-0.128901,0.667965,-54.6565857,-4.33684494E-14,67.3508224,14.0429678,Building,Surface,3.195190,3.074921,0.009961,0.000000,-44.392620,1.803754,58.008360,359.579500,321.167400,358.320800,104.047200,98.172010,0.300000,1000.000000,0.900730,2468,2740,50.000000,off,,0,1,6.43918682E-16,1,1
1765268545153,2025-12-09 16:22:25.153,695.656200,17.305600,23,7,2,-0.006297,0.006919,-0.047642,-0.142273,-0.136719,0.980331,-44.367530,1.810440,57.967380,-0.729770,-0.125635,0.672038,-54.8837509,-4.35621659E-14,67.6516647,14.4101963,Building,Surface,3.191559,3.091415,0.159379,0.000000,-44.392720,1.803673,58.008330,359.599300,321.117000,358.322200,104.047200,98.172010,0.300000,1000.000000,0.900730,2468,2740,50.000000,off,,0,1,6.43918682E-16,1,1
1765268545164,2025-12-09 16:22:25.164,695.667300,17.316710,23,7,2,-0.000311,0.006662,-0.047336,-0.154114,-0.141602,0.977844,-44.363160,1.809989,57.971400,-0.738144,-0.130294,0.661928,-54.6171455,-4.32498479E-14,67.166626,13.8914499,Building,Surface,3.246811,3.117615,0.002521,0.000000,-44.392850,1.803647,58.008320,359.605800,321.065300,358.320900,104.047200,98.172010,0.300000,1000.000000,0.900730,2468,2740,50.000000,off,,0,1,6.43918682E-16,1,1
1765268545175,2025-12-09 16:22:25.175,695.678300,17.327760,23,7,2,-0.000311,0.006662,-0.047336,-0.154114,-0.141602,0.977844,-44.363190,1.809986,57.971390,-0.738709,-0.130457,0.661266,-54.6121788,-4.32365122E-14,67.1459198,13.8740759,Building,Surface,3.246811,3.117615,0.002521,0.000000,-44.392910,1.803634,58.008290,359.617400,321.017100,358.307900,104.047200,98.172010,0.300000,1000.000000,0.900730,2468,2740,50.000000,off,,0,1,6.43918682E-16,1,1
1765268545187,2025-12-09 16:22:25.187,695.689600,17.338990,23,7,2,-0.001600,0.006719,-0.047407,-0.148041,-0.140488,0.978943,-44.364230,1.810073,57.970550,-0.735146,-0.129330,0.665445,-54.6531754,-4.33254066E-14,67.2839661,13.9956532,Building,Surface,3.195190,3.074921,0.039357,0.000000,-44.393020,1.803634,58.008300,359.607900,320.977000,358.299400,104.047200,98.172010,0.300000,1000.000000,0.900730,2468,2740,50.000000,off,,0,1,6.43918682E-16,1,1
1765268545198,2025-12-09 16:22:25.198,695.700600,17.349980,23,7,2,-0.008511,0.007053,-0.047882,-0.139206,-0.136215,0.980835,-44.369290,1.810647,57.965860,-0.729807,-0.124968,0.672112,-54.9433784,-4.35958778E-14,67.70401,14.4886665,Building,Surface,3.187531,3.086716,0.009962,0.000000,-44.393050,1.803685,58.008310,359.590300,320.943400,358.283800,104.047200,98.172010,0.300000,1000.000000,0.900730,2468,2740,50.000000,off,,0,1,6.43918682E-16,1,1
1765268545208,2025-12-09 16:22:25.208,695.711700,17.361080,23,7,2,-0.008511,0.007053,-0.047882,-0.139206,-0.136215,0.980835,-44.369370,1.810619,57.965890,-0.730334,-0.124746,0.671581,-54.9697609,-4.36019967E-14,67.7135162,14.5142317,Building,Surface,3.187531,3.086716,0.009962,0.000000,-44.393170,1.803663,58.008320,359.579800,320.902300,358.266600,104.047200,98.172010,0.300000,1000.000000,0.900730,2468,2740,50.000000,off,,0,1,6.43918682E-16,1,1
1765268545219,2025-12-09 16:22:25.219,695.722800,17.372250,23,7,2,-0.016755,0.007529,-0.048698,-0.131210,-0.134628,0.982163,-44.375310,1.811355,57.960070,-0.725073,-0.123684,0.677462,-54.9940186,-4.37101798E-14,67.8815155,14.6449013,Building,Surface,3.190796,3.098862,0.002475,0.000000,-44.393250,1.803651,58.008320,359.601600,320.892400,358.231900,104.047200,98.172010,0.300000,1000.000000,0.900730,2468,2740,50.000000,off,,0,1,6.43918682E-16,1,1
1765268545231,2025-12-09 16:22:25.231,695.733900,17.383360,23,7,2,-0.015338,0.007419,-0.048432,-0.129303,-0.139008,0.981812,-44.374360,1.811231,57.961150,-0.723673,-0.128577,0.678057,-54.5685539,-4.34727293E-14,67.512764,14.0867157,Building,Surface,3.187698,3.106232,0.040329,0.000000,-44.393230,1.803650,58.008290,359.630400,320.876600,358.215500,104.047200,98.172010,0.300000,1000.000000,0.900730,2468,2740,50.000000,off,,0,1,6.43918682E-16,1,1
1765268545242,2025-12-09 16:22:25.242,695.744900,17.394350,23,7,2,-0.012584,0.007217,-0.048008,-0.132385,-0.139237,0.981354,-44.372500,1.810913,57.963190,-0.725832,-0.129037,0.675637,-54.558876,-4.34291715E-14,67.4451218,14.0338354,Building,Surface,3.188553,3.123840,0.002490,0.000000,-44.393240,1.803597,58.008270,359.651400,320.872000,358.200500,104.047200,98.172010,0.300000,1000.000000,0.900730,2468,2740,50.000000,off,,0,1,6.43918682E-16,1,1
1765268545253,2025-12-09 16:22:25.253,695.756200,17.405580,23,7,2,-0.012584,0.007217,-0.048008,-0.132385,-0.139237,0.981354,-44.372460,1.810952,57.963220,-0.726019,-0.129355,0.675376,-54.5366249,-4.34119564E-14,67.4183807,13.9996443,Building,Surface,3.188553,3.123840,0.002490,0.000000,-44.393210,1.803620,58.008290,359.669700,320.853800,358.202200,104.047200,98.172010,0.300000,1000.000000,0.900730,2468,2740,50.000000,off,,0,1,6.43918682E-16,1,1
1765268545264,2025-12-09 16:22:25.264,695.767200,17.416560,23,7,2,-0.006742,0.006838,-0.047280,-0.135513,-0.140869,0.980698,-44.368430,1.810397,57.967490,-0.728002,-0.131031,0.672919,-54.4269104,-4.33131314E-14,67.2649078,13.8163872,Building,Surface,3.188095,3.133102,0.010083,0.000000,-44.393250,1.803618,58.008310,359.677200,320.858400,358.206300,104.047200,98.172010,0.300000,1000.000000,0.900730,2468,2740,50.000000,off,,0,1,6.43918682E-16,1,1
1765268545274,2025-12-09 16:22:25.274,695.778300,17.427670,23,7,2,-0.018287,0.007569,-0.048671,-0.111221,-0.135544,0.984497,-44.376520,1.811472,57.959140,-0.711390,-0.126400,0.691321,-54.5716362,-4.37006015E-14,67.8666458,14.3311052,Building,Surface,3.211044,3.142197,0.039601,0.000000,-44.393280,1.803616,58.008320,359.673000,320.859900,358.218500,104.047200,98.172010,0.300000,1000.000000,0.900730,2468,2740,50.000000,off,,0,1,6.43918682E-16,1,1
1765268545285,2025-12-09 16:22:25.285,695.789400,17.438780,23,7,2,-0.018287,0.007569,-0.048671,-0.111221,-0.135544,0.984497,-44.376530,1.811478,57.959180,-0.711229,-0.126238,0.691516,-54.5824547,-4.37106338E-14,67.8822327,14.3495407,Building,Surface,3.211044,3.142197,0.039601,0.000000,-44.393270,1.803627,58.008360,359.664400,320.875200,358.211500,104.047200,98.172010,0.300000,1000.000000,0.900730,2468,2740,50.000000,off,,0,1,6.43918682E-16,1,1
1765268545296,2025-12-09 16:22:25.296,695.800500,17.449890,23,7,2,-0.012584,0.007217,-0.048008,-0.132385,-0.139237,0.981354,-44.372520,1.810935,57.963350,-0.725697,-0.128983,0.675792,-54.5613861,-4.34333084E-14,67.4515381,14.0398769,Building,Surface,3.188553,3.123840,0.010084,0.000000,-44.393250,1.803627,58.008420,359.646000,320.881700,358.216400,104.047200,98.172010,0.300000,1000.000000,0.900730,2468,2740,50.000000,off,,0,1,6.43918682E-16,1,1
1765268545308,2025-12-09 16:22:25.308,695.811600,17.461000,23,7,2,-0.006742,0.006838,-0.047280,-0.135513,-0.140869,0.980698,-44.368460,1.810383,57.967670,-0.727363,-0.130279,0.673755,-54.4760437,-4.33552391E-14,67.330307,13.8960276,Building,Surface,3.188095,3.133102,0.009962,0.000000,-44.393230,1.803640,58.008520,359.632800,320.917600,358.209600,104.047200,98.172010,0.300000,1000.000000,0.900730,2468,2740,50.000000,off,,0,1,6.43918682E-16,1,1
1765268545319,2025-12-09 16:22:25.319,695.822700,17.472110,23,7,2,-0.015403,0.007399,-0.048362,-0.112351,-0.137192,0.984146,-44.374490,1.811204,57.961440,-0.710808,-0.127324,0.691757,-54.4858475,-4.36588428E-14,67.801796,14.2250652,Building,Surface,3.255630,3.142868,0.162316,0.000000,-44.393190,1.803634,58.008600,359.634700,320.972800,358.203000,104.047200,98.172010,0.300000,1000.000000,0.900730,2468,2740,50.000000,off,,0,1,6.43918682E-16,1,1
1765268545330,2025-12-09 16:22:25.330,695.834000,17.483400,23,7,2,-0.015403,0.007399,-0.048362,-0.112351,-0.137192,0.984146,-44.374440,1.811169,57.961540,-0.710228,-0.127379,0.692343,-54.4729843,-4.3661411E-14,67.8057861,14.2186565,Building,Surface,3.255630,3.142868,0.162316,0.000000,-44.393100,1.803592,58.008710,359.639400,321.022200,358.190700,104.047200,98.172010,0.300000,1000.000000,0.900730,2468,2740,50.000000,off,,0,1,6.43918682E-16,1,1
1765268545341,2025-12-09 16:22:25.341,695.845000,17.494450,23,7,2,-0.014075,0.007341,-0.048298,-0.115891,-0.139755,0.983368,-44.373370,1.811070,57.962510,-0.711799,-0.130378,0.690158,-54.26091,-4.34963412E-14,67.5494385,13.8907394,Building,Surface,3.208984,3.134186,0.162316,0.000000,-44.392980,1.803568,58.008810,359.670300,321.080800,358.197000,104.047200,98.172010,0.300000,1000.000000,0.900730,2468,2740,50.000000,off,,0,1,6.43918682E-16,1,1
1765268545353,2025-12-09 16:22:25.353,695.856300,17.505680,23,7,2,-0.021785,0.007941,-0.049644,-0.116806,-0.129211,0.984711,-44.378460,1.811922,57.956670,-0.712153,-0.120157,0.691661,-55.1174545,-4.40354404E-14,68.3866577,15.0795794,Building,Surface,3.288803,3.111298,0.158406,0.000000,-44.392860,1.803566,58.008870,359.690900,321.153700,358.196600,104.047200,98.172010,0.300000,1000.000000,0.900730,2468,2740,50.000000,off,,0,1,6.43918682E-16,1,1
1765268545363,2025-12-09 16:22:25.363,695.867200,17.516600,23,7,2,-0.021785,0.007941,-0.049644,-0.116806,-0.129211,0.984711,-44.378410,1.811924,57.956790,-0.711215,-0.120551,0.692557,-55.0682335,-4.40222538E-14,68.3661652,15.0303106,Building,Surface,3.288803,3.111298,0.158406,0.000000,-44.392750,1.803547,58.009010,359.714300,321.229400,358.192600,104.047200,98.172010,0.300000,1000.000000,0.900730,2468,2740,50.000000,off,,0,1,6.43918682E-16,1,1
1765268545375,2025-12-09 16:22:25.375,695.878400,17.527770,23,7,2,-0.021820,0.007819,-0.049334,-0.044907,-0.143417,0.988632,-44.378550,1.811835,57.957080,-0.656837,-0.137347,0.741404,-53.0433121,-4.36173924E-14,67.7374268,13.1915216,Building,Surface,3.315247,3.042389,0.009961,0.000000,-44.392570,1.803553,58.009090,359.735300,321.322600,358.176200,104.047200,98.172010,0.300000,1000.000000,0.900730,2468,2740,50.000000,off,,0,1,6.43918682E-16,1,1
1765268545386,2025-12-09 16:22:25.386,695.889300,17.538760,23,7,2,-0.029207,0.008109,-0.049683,-0.004135,-0.132721,0.991135,-44.384040,1.812326,57.952270,-0.624933,-0.127975,0.770105,-53.2340736,-4.43390577E-14,68.8581619,14.1614246,Building,Surface,3.274170,3.081757,0.009961,0.000000,-44.392430,1.803515,58.009190,359.737300,321.424900,358.167700,104.047200,98.172010,0.300000,1000.000000,0.900730,2468,2740,50.000000,off,,0,1,6.43918682E-16,1,1
1765268545397,2025-12-09 16:22:25.397,695.900500,17.549870,23,7,2,-0.021785,0.007941,-0.049644,-0.116806,-0.129211,0.984711,-44.378170,1.811946,57.957010,-0.707874,-0.120837,0.695922,-54.9927139,-4.40390996E-14,68.392334,14.9949198,Building,Surface,3.288803,3.111298,0.010084,0.000000,-44.392250,1.803535,58.009280,359.735900,321.508400,358.152200,104.047200,98.172010,0.300000,1000.000000,0.900730,2468,2740,50.000000,off,,0,1,6.43918682E-16,1,1
1765268545408,2025-12-09 16:22:25.408,695.911700,17.561100,23,7,2,-0.021785,0.007941,-0.049644,-0.116806,-0.129211,0.984711,-44.378110,1.811910,57.957060,-0.706758,-0.120484,0.697116,-55.0067444,-4.40702501E-14,68.4407043,15.0385504,Building,Surface,3.288803,3.111298,0.010084,0.000000,-44.392110,1.803512,58.009360,359.716500,321.603700,358.142400,104.047200,98.172010,0.300000,1000.000000,0.900730,2468,2740,50.000000,off,,0,1,6.43918682E-16,1,1
1765268545419,2025-12-09 16:22:25.419,695.922900,17.572270,23,7,2,-0.021820,0.007819,-0.049334,-0.044907,-0.143417,0.988632,-44.378230,1.811795,57.957350,-0.652207,-0.136566,0.745624,-53.0309334,-4.36894952E-14,67.8494034,13.2666721,Building,Surface,3.315247,3.042389,0.160359,0.000000,-44.391930,1.803535,58.009460,359.692100,321.690400,358.135300,104.047200,98.172010,0.300000,1000.000000,0.900730,2468,2740,50.000000,off,,0,1,6.43918682E-16,1,1
1765268545430,2025-12-09 16:22:25.430,695.933700,17.583130,23,7,2,-0.017564,0.007385,-0.048323,-0.010925,-0.146500,0.989136,-44.375430,1.811267,57.960820,-0.625012,-0.140692,0.767813,-52.4218292,-4.36870727E-14,67.8456421,12.8738022,Building,Surface,3.278549,3.063049,0.040335,0.000000,-44.391770,1.803576,58.009520,359.688800,321.762000,358.133300,104.047200,98.172010,0.300000,1000.000000,0.900730,2468,2740,50.000000,off,,0,1,6.43918682E-16,1,1
1765268545441,2025-12-09 16:22:25.441,695.944800,17.594180,23,7,2,-0.017564,0.007385,-0.048323,-0.010925,-0.146500,0.989136,-44.375320,1.811245,57.960840,-0.623911,-0.140358,0.768769,-52.4265594,-4.37100951E-14,67.8813934,12.9042788,Building,Surface,3.278549,3.063049,0.040335,0.000000,-44.391580,1.803571,58.009570,359.669500,321.846300,358.133300,104.047200,98.172010,0.300000,1000.000000,0.900730,2468,2740,50.000000,off,,0,1,6.43918682E-16,1,1
1765268545452,2025-12-09 16:22:25.452,695.956000,17.605410,23,7,2,-0.005061,0.006609,-0.046910,-0.019394,-0.153183,0.988007,-44.366260,1.810042,57.969690,-0.629043,-0.146577,0.763425,-52.1341591,-4.33982074E-14,67.3970337,12.348731,Building,Surface,3.274963,3.064423,0.000626,0.000000,-44.391400,1.803552,58.009630,359.658400,321.923700,358.136500,104.047200,98.172010,0.300000,1000.000000,0.900730,2468,2740,50.000000,off,,0,1,6.43918682E-16,1,1
1765268545464,2025-12-09 16:22:25.464,695.967000,17.616460,23,7,2,-0.003383,0.006510,-0.046731,-0.021622,-0.155411,0.987610,-44.364920,1.809860,57.970890,-0.629799,-0.148642,0.762399,-52.0333366,-4.33060028E-14,67.2538376,12.1759272,Building,Surface,3.274246,3.011459,0.000626,0.000000,-44.391220,1.803527,58.009700,359.652900,321.985300,358.139900,104.047200,98.172010,0.300000,1000.000000,0.900730,2468,2740,50.000000,off,,0,1,6.43918682E-16,1,1
1765268545475,2025-12-09 16:22:25.475,695.978200,17.627620,23,7,2,-0.009573,0.006863,-0.047337,-0.031464,-0.150391,0.988113,-44.369290,1.810427,57.966640,-0.636503,-0.143427,0.757805,-52.4036446,-4.34852078E-14,67.5321426,12.6224842,Building,Surface,3.190414,2.992584,0.000039,0.000000,-44.391040,1.803536,58.009750,359.660400,322.076800,358.133400,104.047200,98.172010,0.300000,1000.000000,0.900730,2468,2740,50.000000,off,,0,1,6.43918682E-16,1,1
1765268545486,2025-12-09 16:22:25.486,695.989300,17.638670,23,7,2,-0.009573,0.006863,-0.047337,-0.031464,-0.150391,0.988113,-44.369140,1.810411,57.966650,-0.635494,-0.143274,0.758680,-52.39925,-4.34988518E-14,67.5533295,12.635849,Building,Surface,3.190414,2.992584,0.000039,0.000000,-44.390830,1.803527,58.009800,359.651700,322.154800,358.129100,104.047200,98.172010,0.300000,1000.000000,0.900730,2468,2740,50.000000,off,,0,1,6.43918682E-16,1,1
1765268545497,2025-12-09 16:22:25.497,696.000400,17.649780,23,7,2,-0.010693,0.006932,-0.047463,-0.033630,-0.148087,0.988388,-44.369830,1.810540,57.965870,-0.636612,-0.140847,0.758195,-52.553257,-4.36011531E-14,67.712204,12.8544807,Building,Surface,3.241730,2.973358,0.000039,0.000000,-44.390670,1.803549,58.009820,359.649600,322.210700,358.107400,104.047200,98.172010,0.300000,1000.000000,0.900730,2468,2740,50.000000,off,,0,1,6.43918682E-16,1,1
1765268545508,2025-12-09 16:22:25.508,696.011500,17.660890,23,7,2,-0.003383,0.006510,-0.046731,-0.021622,-0.155411,0.987610,-44.364420,1.809970,57.970930,-0.625869,-0.148496,0.765657,-51.9929428,-4.33378377E-14,67.3032761,12.1886406,Building,Surface,3.274246,3.011459,0.002475,0.000000,-44.390530,1.803641,58.009860,359.645400,322.286500,358.105000,104.047200,98.172010,0.300000,1000.000000,0.900730,2468,2740,50.000000,off,,0,1,6.43918682E-16,1,1
1765268545519,2025-12-09 16:22:25.519,696.022500,17.671940,23,7,2,-0.003383,0.006510,-0.046731,-0.021622,-0.155411,0.987610,-44.364320,1.810006,57.970940,-0.625389,-0.148118,0.766122,-52.006588,-4.33569569E-14,67.3329697,12.219986,Building,Surface,3.274246,3.011459,0.002475,0.000000,-44.390400,1.803695,58.009900,359.623400,322.324400,358.108800,104.047200,98.172010,0.300000,1000.000000,0.900730,2468,2740,50.000000,off,,0,1,6.43918682E-16,1,1
1765268545531,2025-12-09 16:22:25.531,696.033800,17.683230,23,7,2,-0.009573,0.006863,-0.047337,-0.031464,-0.150391,0.988113,-44.368760,1.810546,57.966700,-0.632684,-0.142273,0.761213,-52.420208,-4.35635414E-14,67.6537933,12.7257071,Building,Surface,3.190414,2.992584,0.000039,0.000000,-44.390290,1.803703,58.009930,359.595000,322.378600,358.093600,104.047200,98.172010,0.300000,1000.000000,0.900730,2468,2740,50.000000,off,,0,1,6.43918682E-16,1,1
1765268545542,2025-12-09 16:22:25.542,696.044800,17.694210,23,7,2,-0.007573,0.006735,-0.047085,-0.033310,-0.151718,0.987854,-44.367280,1.810396,57.968140,-0.633682,-0.143227,0.760208,-52.3770523,-4.35142272E-14,67.5772095,12.6399403,Building,Surface,3.240707,2.968399,0.039112,0.000000,-44.390220,1.803759,58.009960,359.577200,322.408000,358.085600,104.047200,98.172010,0.300000,1000.000000,0.900730,2468,2740,50.000000,off,,0,1,6.43918682E-16,1,1
1765268545553,2025-12-09 16:22:25.553,696.055900,17.705320,23,7,2,-0.004329,0.006539,-0.046741,-0.037430,-0.152893,0.987518,-44.364840,1.810105,57.970400,-0.636354,-0.143871,0.757842,-52.3710938,-4.34678267E-14,67.5051498,12.581254,Building,Surface,3.239578,2.972107,0.039112,0.000000,-44.390110,1.803787,58.010000,359.554800,322.444200,358.074600,104.047200,98.172010,0.300000,1000.000000,0.900730,2468,2740,50.000000,off,,0,1,6.43918682E-16,1,1
1765268545563,2025-12-09 16:22:25.563,696.067000,17.716430,23,7,2,-0.004329,0.006539,-0.046741,-0.037430,-0.152893,0.987518,-44.364780,1.810160,57.970430,-0.636234,-0.144011,0.757916,-52.3619843,-4.34626598E-14,67.4971237,12.5694046,Building,Surface,3.239578,2.972107,0.039112,0.000000,-44.390030,1.803836,58.010030,359.562800,322.452000,358.076400,104.047200,98.172010,0.300000,1000.000000,0.900730,2468,2740,50.000000,off,,0,1,6.43918682E-16,1,1
1765268545574,2025-12-09 16:22:25.574,696.078100,17.727540,23,7,2,-0.000731,0.006400,-0.046623,-0.059204,-0.173828,0.982987,-44.361970,1.809892,57.972700,-0.651189,-0.164145,0.740940,-51.542099,-4.2590348E-14,66.1424332,11.026083,Building,Surface,3.217072,3.046722,0.000630,0.000000,-44.390000,1.803831,58.010030,359.557800,322.468200,358.071000,104.047200,98.172010,0.300000,1000.000000,0.900730,2468,2740,50.000000,off,,0,1,6.43918682E-16,1,1
1765268545585,2025-12-09 16:22:25.585,696.089300,17.738710,23,7,2,0.028935,0.004846,-0.044074,-0.215439,-0.179031,0.959961,-44.340060,1.807356,57.992760,-0.760951,-0.164336,0.627645,-52.70895,-4.1787459E-14,64.8955536,10.9978809,Building,Surface,3.008713,3.007355,0.009962,0.000000,-44.389980,1.803827,58.010030,359.563800,322.485000,358.063300,104.047200,98.172010,0.300000,1000.000000,0.900730,2468,2740,50.000000,off,,0,1,6.43918682E-16,1,1
1765268545597,2025-12-09 16:22:25.597,696.100400,17.749820,23,7,2,0.028935,0.004846,-0.044074,-0.215439,-0.179031,0.959961,-44.340050,1.807351,57.992740,-0.760774,-0.164465,0.627826,-52.7004089,-4.17852297E-14,64.8920898,10.9892263,Building,Surface,3.008713,3.007355,0.009962,0.000000,-44.389970,1.803813,58.010030,359.570000,322.498800,358.069900,104.047200,98.172010,0.300000,1000.000000,0.900730,2468,2740,50.000000,off,,0,1,6.43918682E-16,1,1
1765268545608,2025-12-09 16:22:25.608,696.111500,17.760930,23,7,2,-0.004329,0.006539,-0.046741,-0.037430,-0.152893,0.987518,-44.364650,1.810122,57.970440,-0.635625,-0.144293,0.758373,-52.3384247,-4.34542403E-14,67.4840546,12.5445738,Building,Surface,3.239578,2.972107,0.010145,0.000000,-44.389880,1.803784,58.010060,359.579200,322.496500,358.074400,104.047200,98.172010,0.300000,1000.000000,0.900730,2468,2740,50.000000,off,,0,1,6.43918682E-16,1,1
1765268545619,2025-12-09 16:22:25.619,696.122600,17.772030,23,7,2,-0.000731,0.006400,-0.046623,-0.059204,-0.173828,0.982987,-44.361900,1.809839,57.972720,-0.650667,-0.164660,0.741285,-51.5136185,-4.25761992E-14,66.1204529,10.9912815,Building,Surface,3.217072,3.046722,0.000038,0.000000,-44.389900,1.803754,58.010060,359.587600,322.504100,358.073500,104.047200,98.172010,0.300000,1000.000000,0.900730,2468,2740,50.000000,off,,0,1,6.43918682E-16,1,1
1765268545630,2025-12-09 16:22:25.630,696.133700,17.783140,23,7,2,0.028644,0.004878,-0.044161,-0.212631,-0.184570,0.959534,-44.340160,1.807349,57.992490,-0.758305,-0.170799,0.629113,-52.3643456,-4.16290808E-14,64.6495972,10.5816345,Building,Surface,3.002197,2.994568,0.010145,0.000000,-44.389900,1.803738,58.010030,359.612100,322.506300,358.068700,104.047200,98.172010,0.300000,1000.000000,0.900730,2468,2740,50.000000,off,,0,1,6.43918682E-16,1,1
1765268545642,2025-12-09 16:22:25.642,696.145300,17.794740,23,7,2,0.028644,0.004878,-0.044161,-0.212631,-0.184570,0.959534,-44.340140,1.807297,57.992480,-0.758427,-0.170849,0.628954,-52.3630295,-4.16266143E-14,64.6457596,10.5782442,Building,Surface,3.002197,2.994568,0.010145,0.000000,-44.389880,1.803687,58.010010,359.617800,322.497000,358.056900,104.047200,98.172010,0.300000,1000.000000,0.900730,2468,2740,50.000000,off,,0,1,6.43918682E-16,1,1
1765268545652,2025-12-09 16:22:25.652,696.155900,17.805300,23,7,2,0.017579,0.005443,-0.045059,-0.205612,-0.169052,0.963913,-44.348370,1.808202,57.984980,-0.755047,-0.156102,0.636804,-53.094429,-4.20874137E-14,65.3613815,11.5833654,Building,Surface,3.053162,2.991547,0.000039,0.000000,-44.389910,1.803633,58.009930,359.650700,322.492300,358.056400,104.047200,98.172010,0.300000,1000.000000,0.900730,2468,2740,50.000000,off,,0,1,6.43918682E-16,1,1
1765268545663,2025-12-09 16:22:25.663,696.166900,17.816350,23,7,2,0.004146,0.006181,-0.046326,-0.201553,-0.156769,0.966843,-44.358170,1.809363,57.975780,-0.753387,-0.144020,0.641601,-53.8231812,-4.25220636E-14,66.0363922,12.5631857,Building,Surface,3.058624,2.989700,0.009962,0.000000,-44.389850,1.803605,58.009900,359.656700,322.479600,358.048800,104.047200,98.172010,0.300000,1000.000000,0.900730,2468,2740,50.000000,off,,0,1,6.43918682E-16,1,1
1765268545674,2025-12-09 16:22:25.674,696.178100,17.827510,23,7,2,0.004146,0.006181,-0.046326,-0.201553,-0.156769,0.966843,-44.358200,1.809358,57.975780,-0.753416,-0.144400,0.641481,-53.7986488,-4.25074269E-14,66.0136566,12.5300865,Building,Surface,3.058624,2.989700,0.009962,0.000000,-44.389890,1.803581,58.009900,359.679000,322.473700,358.049900,104.047200,98.172010,0.300000,1000.000000,0.900730,2468,2740,50.000000,off,,0,1,6.43918682E-16,1,1
1765268545686,2025-12-09 16:22:25.686,696.189100,17.838560,23,7,2,0.007360,0.005973,-0.045928,-0.203613,-0.159607,0.965942,-44.355880,1.809000,57.978060,-0.754666,-0.147386,0.639323,-53.6185646,-4.23859725E-14,65.8250427,12.2737551,Building,Surface,3.057144,2.986969,0.158395,0.000000,-44.389880,1.803528,58.009900,359.692100,322.465100,358.047800,104.047200,98.172010,0.300000,1000.000000,0.900730,2468,2740,50.000000,off,,0,1,6.43918682E-16,1,1
1765268545697,2025-12-09 16:22:25.697,696.200300,17.849730,23,7,2,0.002486,0.006477,-0.047205,-0.193832,-0.157150,0.968353,-44.359020,1.809645,57.974100,-0.748407,-0.145454,0.647075,-53.6702156,-4.25144674E-14,66.0245895,12.441205,Building,Surface,3.025787,2.938416,0.009962,0.000000,-44.389960,1.803500,58.009900,359.704600,322.455100,358.045900,104.047200,98.172010,0.300000,1000.000000,0.900730,2468,2740,50.000000,off,,0,1,6.43918682E-16,1,1
1765268545708,2025-12-09 16:22:25.708,696.211400,17.860780,23,7,2,0.004146,0.006181,-0.046326,-0.201553,-0.156769,0.966843,-44.358240,1.809342,57.975790,-0.753774,-0.145368,0.640842,-53.7401886,-4.24677993E-14,65.9521103,12.4465437,Building,Surface,3.058624,2.989700,0.002521,0.000000,-44.389950,1.803519,58.009880,359.734900,322.432800,358.056200,104.047200,98.172010,0.300000,1000.000000,0.900730,2468,2740,50.000000,off,,0,1,6.43918682E-16,1,1
1765268545719,2025-12-09 16:22:25.719,696.222500,17.871890,23,7,2,0.004146,0.006181,-0.046326,-0.201553,-0.156769,0.966843,-44.358220,1.809337,57.975780,-0.754015,-0.145801,0.640460,-53.715271,-4.24494729E-14,65.9236526,12.409544,Building,Surface,3.058624,2.989700,0.002521,0.000000,-44.389950,1.803494,58.009850,359.759900,322.407200,358.059700,104.047200,98.172010,0.300000,1000.000000,0.900730,2468,2740,50.000000,off,,0,1,6.43918682E-16,1,1
1765268545730,2025-12-09 16:22:25.730,696.233600,17.883060,23,7,2,0.007360,0.005973,-0.045928,-0.203613,-0.159607,0.965942,-44.355930,1.809009,57.978020,-0.755386,-0.148913,0.638117,-53.5324249,-4.23247253E-14,65.7299194,12.1479502,Building,Surface,3.057144,2.986969,0.002506,0.000000,-44.389960,1.803465,58.009810,359.779900,322.385600,358.060600,104.047200,98.172010,0.300000,1000.000000,0.900730,2468,2740,50.000000,off,,0,1,6.43918682E-16,1,1
1765268545741,2025-12-09 16:22:25.741,696.244700,17.894100,23,7,2,0.000462,0.006619,-0.047492,-0.194489,-0.156128,0.968384,-44.360410,1.809850,57.972530,-0.749680,-0.146075,0.645454,-53.6488495,-4.24790682E-14,65.9696198,12.3896742,Building,Surface,3.026123,2.928711,0.009840,0.000000,-44.389960,1.803416,58.009750,359.800400,322.371800,358.058700,104.047200,98.172010,0.300000,1000.000000,0.900730,2468,2740,50.000000,off,,0,1,6.43918682E-16,1,1
1765268545753,2025-12-09 16:22:25.753,696.255900,17.905330,23,7,2,0.001535,0.006551,-0.047343,-0.196808,-0.158127,0.967590,-44.359630,1.809753,57.973260,-0.751333,-0.148349,0.643009,-53.5253677,-4.23811241E-14,65.8175201,12.1991053,Building,Surface,3.027664,2.920151,0.040332,0.000000,-44.389960,1.803406,58.009690,359.820200,322.346400,358.063400,104.047200,98.172010,0.300000,1000.000000,0.900730,2468,2740,50.000000,off,,0,1,6.43918682E-16,1,1
1765268545764,2025-12-09 16:22:25.764,696.267000,17.916380,23,7,2,0.001535,0.006551,-0.047343,-0.196808,-0.158127,0.967590,-44.359640,1.809777,57.973210,-0.751466,-0.148548,0.642807,-53.5148354,-4.23728096E-14,65.8045959,12.1829185,Building,Surface,3.027664,2.920151,0.040332,0.000000,-44.389970,1.803420,58.009620,359.831500,322.332400,358.066000,104.047200,98.172010,0.300000,1000.000000,0.900730,2468,2740,50.000000,off,,0,1,6.43918682E-16,1,1
1765268545775,2025-12-09 16:22:25.775,696.278000,17.927430,23,7,2,0.000062,0.006654,-0.047563,-0.196014,-0.155487,0.968185,-44.360690,1.809940,57.972090,-0.751306,-0.146109,0.643562,-53.6675644,-4.2462751E-14,65.9442749,12.3874798,Building,Surface,3.026062,2.926437,0.040332,0.000000,-44.390010,1.803424,58.009570,359.841900,322.315200,358.065100,104.047200,98.172010,0.300000,1000.000000,0.900730,2468,2740,50.000000,off,,0,1,6.43918682E-16,1,1
1765268545786,2025-12-09 16:22:25.786,696.289100,17.938540,23,7,2,0.003173,0.006450,-0.047142,-0.198380,-0.156372,0.967560,-44.358470,1.809612,57.974250,-0.753078,-0.146687,0.641355,-53.6488533,-4.24254544E-14,65.8863602,12.3364286,Building,Surface,3.022995,2.925308,0.641421,0.000000,-44.390000,1.803413,58.009490,359.829300,322.294600,358.061200,104.047200,98.172010,0.300000,1000.000000,0.900730,2468,2740,50.000000,off,,0,1,6.43918682E-16,1,1
1765268545797,2025-12-09 16:22:25.797,696.300200,17.949650,23,7,2,0.003173,0.006450,-0.047142,-0.198380,-0.156372,0.967560,-44.358480,1.809600,57.974220,-0.753456,-0.146414,0.640973,-53.6707954,-4.24318648E-14,65.8963013,12.3593473,Building,Surface,3.022995,2.925308,0.641421,0.000000,-44.390030,1.803413,58.009440,359.816800,322.265800,358.043600,104.047200,98.172010,0.300000,1000.000000,0.900730,2468,2740,50.000000,off,,0,1,6.43918682E-16,1,1
1765268545808,2025-12-09 16:22:25.808,696.311300,17.960750,23,7,2,-0.001419,0.006795,-0.047839,-0.194702,-0.150726,0.969208,-44.361730,1.810057,57.970770,-0.751831,-0.140863,0.644126,-54.022583,-4.26580903E-14,66.2476349,12.8497066,Building,Surface,3.020630,2.855301,0.009900,0.000000,-44.390110,1.803373,58.009330,359.813900,322.226400,358.049300,104.047200,98.172010,0.300000,1000.000000,0.900730,2468,2740,50.000000,off,,0,1,6.43918682E-16,1,1
1765268545819,2025-12-09 16:22:25.819,696.322400,17.971800,23,7,2,0.001053,0.006635,-0.047491,-0.195252,-0.157013,0.968094,-44.360050,1.809835,57.972500,-0.752191,-0.147119,0.642299,-53.6133919,-4.24174754E-14,65.8739624,12.3017416,Building,Surface,2.997452,2.852814,0.009900,0.000000,-44.390190,1.803394,58.009250,359.814700,322.189600,358.042200,104.047200,98.172010,0.300000,1000.000000,0.900730,2468,2740,50.000000,off,,0,1,6.43918682E-16,1,1
1765268545830,2025-12-09 16:22:25.830,696.333600,17.983030,23,7,2,0.003173,0.006450,-0.047142,-0.198380,-0.156372,0.967560,-44.358620,1.809561,57.973980,-0.754756,-0.146244,0.639480,-53.6976471,-4.2425634E-14,65.8866348,12.3734407,Building,Surface,3.022995,2.925308,0.000611,0.000000,-44.390240,1.803382,58.009140,359.806700,322.150800,358.043700,104.047200,98.172010,0.300000,1000.000000,0.900730,2468,2740,50.000000,off,,0,1,6.43918682E-16,1,1
1765268545842,2025-12-09 16:22:25.842,696.344700,17.994140,23,7,2,0.003173,0.006450,-0.047142,-0.198380,-0.156372,0.967560,-44.358660,1.809603,57.973900,-0.755336,-0.146350,0.638771,-53.6983223,-4.24163675E-14,65.8722382,12.3647699,Building,Surface,3.022995,2.925308,0.000611,0.000000,-44.390310,1.803419,58.009030,359.813700,322.098500,358.040100,104.047200,98.172010,0.300000,1000.000000,0.900730,2468,2740,50.000000,off,,0,1,6.43918682E-16,1,1
1765268545852,2025-12-09 16:22:25.852,696.355700,18.005130,23,7,2,0.000895,0.006642,-0.047510,-0.196075,-0.158035,0.967758,-44.360290,1.809906,57.972120,-0.754440,-0.148192,0.639404,-53.5744514,-4.23578172E-14,65.7813187,12.2131166,Building,Surface,3.019165,2.854538,0.000158,0.000000,-44.390420,1.803446,58.008900,359.822600,322.032700,358.026300,104.047200,98.172010,0.300000,1000.000000,0.900730,2468,2740,50.000000,off,,0,1,6.43918682E-16,1,1
1765268545864,2025-12-09 16:22:25.864,696.366800,18.016240,23,7,2,0.002402,0.006542,-0.047292,-0.194763,-0.158157,0.968002,-44.359340,1.809794,57.973090,-0.754159,-0.148071,0.639761,-53.5770302,-4.23650508E-14,65.7925491,12.2223196,Building,Surface,2.997803,2.839813,0.158406,0.000000,-44.390540,1.803499,58.008750,359.805300,321.981100,358.028100,104.047200,98.172010,0.300000,1000.000000,0.900730,2468,2740,50.000000,off,,0,1,6.43918682E-16,1,1
1765268545875,2025-12-09 16:22:25.875,696.378100,18.027470,23,7,2,0.002402,0.006542,-0.047292,-0.194763,-0.158157,0.968002,-44.359350,1.809802,57.972990,-0.755159,-0.147702,0.638666,-53.6123657,-4.23689506E-14,65.7986069,12.2529125,Building,Surface,2.997803,2.839813,0.158406,0.000000,-44.390610,1.803526,58.008600,359.782500,321.893900,358.032700,104.047200,98.172010,0.300000,1000.000000,0.900730,2468,2740,50.000000,off,,0,1,6.43918682E-16,1,1
1765268545886,2025-12-09 16:22:25.886,696.389100,18.038510,23,7,2,-0.003355,0.006945,-0.048113,-0.191681,-0.148178,0.970200,-44.363410,1.810448,57.968690,-0.754764,-0.137591,0.641393,-54.2947388,-4.27615198E-14,66.4082642,13.1580877,Building,Surface,2.999146,2.831543,0.002536,0.000000,-44.390720,1.803584,58.008450,359.770600,321.811000,358.022500,104.047200,98.172010,0.300000,1000.000000,0.900730,2468,2740,50.000000,off,,0,1,6.43918682E-16,1,1
1765268545897,2025-12-09 16:22:25.897,696.400300,18.049680,23,7,2,-0.001056,0.006786,-0.047779,-0.194992,-0.148117,0.969544,-44.361900,1.810262,57.970260,-0.757830,-0.137266,0.637830,-54.3561554,-4.27445826E-14,66.3819504,13.1878242,Building,Surface,2.962814,2.817596,0.010083,0.000000,-44.390870,1.803641,58.008300,359.762700,321.734600,358.017400,104.047200,98.172010,0.300000,1000.000000,0.900730,2468,2740,50.000000,off,,0,1,6.43918682E-16,1,1
1765268545908,2025-12-09 16:22:25.908,696.411300,18.060670,23,7,2,-0.005195,0.007081,-0.048364,-0.192246,-0.142181,0.970978,-44.364850,1.810737,57.967100,-0.757474,-0.131129,0.639539,-54.8246765,-4.30127193E-14,66.798378,13.8086262,Building,Surface,2.971725,2.817795,0.633609,0.000000,-44.391000,1.803694,58.008120,359.746600,321.640400,358.011200,104.047200,98.172010,0.300000,1000.000000,0.900730,2468,2740,50.000000,off,,0,1,6.43918682E-16,1,1
1765268545919,2025-12-09 16:22:25.919,696.422400,18.071840,23,7,2,-0.005195,0.007081,-0.048364,-0.192246,-0.142181,0.970978,-44.364940,1.810767,57.966990,-0.758657,-0.130789,0.638205,-54.868515,-4.30156399E-14,66.8029099,13.8447542,Building,Surface,2.971725,2.817795,0.633609,0.000000,-44.391170,1.803744,58.007960,359.724000,321.535100,358.024100,104.047200,98.172010,0.300000,1000.000000,0.900730,2468,2740,50.000000,off,,0,1,6.43918682E-16,1,1
1765268545930,2025-12-09 16:22:25.930,696.433500,18.082890,23,7,2,-0.003355,0.006945,-0.048113,-0.191681,-0.148178,0.970200,-44.363740,1.810650,57.968190,-0.759064,-0.136506,0.636532,-54.432148,-4.27634816E-14,66.4113083,13.2641525,Building,Surface,2.999146,2.831543,0.010023,0.000000,-44.391320,1.803847,58.007770,359.699600,321.428800,358.057400,104.047200,98.172010,0.300000,1000.000000,0.900730,2468,2740,50.000000,off,,0,1,6.43918682E-16,1,1
1765268545941,2025-12-09 16:22:25.941,696.444700,18.094120,23,7,2,-0.001056,0.006786,-0.047779,-0.194992,-0.148117,0.969544,-44.362300,1.810482,57.969720,-0.762407,-0.136113,0.632601,-54.5033226,-4.2745992E-14,66.3841476,13.3011503,Building,Surface,2.962814,2.817596,0.000623,0.000000,-44.391530,1.803920,58.007560,359.692200,321.329200,358.029400,104.047200,98.172010,0.300000,1000.000000,0.900730,2468,2740,50.000000,off,,0,1,6.43918682E-16,1,1
1765268545952,2025-12-09 16:22:25.952,696.455800,18.105220,23,7,2,-0.001056,0.006786,-0.047779,-0.194992,-0.148117,0.969544,-44.362400,1.810501,57.969580,-0.763671,-0.135890,0.631122,-54.5369987,-4.27421567E-14,66.3781891,13.3231125,Building,Surface,2.962814,2.817596,0.000623,0.000000,-44.391710,1.803951,58.007370,359.677900,321.215500,358.034500,104.047200,98.172010,0.300000,1000.000000,0.900730,2468,2740,50.000000,off,,0,1,6.43918682E-16,1,1
1765268545963,2025-12-09 16:22:25.963,696.466800,18.116210,23,7,2,-0.002238,0.006871,-0.047917,-0.194229,-0.146896,0.969879,-44.363300,1.810693,57.968580,-0.764657,-0.134317,0.630260,-54.6714401,-4.27980202E-14,66.4649506,13.4805346,Building,Surface,2.965057,2.807022,0.039599,0.000000,-44.391870,1.804038,58.007160,359.655500,321.090700,358.035400,104.047200,98.172010,0.300000,1000.000000,0.900730,2468,2740,50.000000,off,,0,1,6.43918682E-16,1,1
1765268545974,2025-12-09 16:22:25.974,696.477900,18.127320,23,7,2,-0.002122,0.006863,-0.047883,-0.193298,-0.148804,0.969772,-44.363370,1.810750,57.968520,-0.765086,-0.136009,0.629373,-54.5493126,-4.27224953E-14,66.3476563,13.3132257,Building,Surface,2.944489,2.803314,0.002506,0.000000,-44.392080,1.804119,58.006950,359.640700,320.986800,358.036600,104.047200,98.172010,0.300000,1000.000000,0.900730,2468,2740,50.000000,off,,0,1,6.43918682E-16,1,1
1765268545985,2025-12-09 16:22:25.985,696.489000,18.138430,23,7,2,-0.006536,0.007164,-0.048494,-0.185959,-0.142548,0.972153,-44.366490,1.811224,57.965140,-0.762050,-0.129448,0.634433,-55.0290108,-4.30408544E-14,66.8420715,13.9917784,Building,Surface,2.943649,2.801193,0.002506,0.000000,-44.392250,1.804177,58.006760,359.605600,320.866600,358.051900,104.047200,98.172010,0.300000,1000.000000,0.900730,2468,2740,50.000000,off,,0,1,6.43918682E-16,1,1
1765268545996,2025-12-09 16:22:25.996,696.500200,18.149600,23,7,2,-0.006536,0.007164,-0.048494,-0.185959,-0.142548,0.972153,-44.366620,1.811261,57.964980,-0.763288,-0.128913,0.633051,-55.0910149,-4.30520894E-14,66.8595123,14.0501242,Building,Surface,2.943649,2.801193,0.002506,0.000000,-44.392460,1.804241,58.006570,359.573300,320.758100,358.055900,104.047200,98.172010,0.300000,1000.000000,0.900730,2468,2740,50.000000,off,,0,1,6.43918682E-16,1,1
1765268546007,2025-12-09 16:22:26.007,696.511300,18.160710,23,7,2,-0.009368,0.007361,-0.048879,-0.182388,-0.141510,0.972977,-44.368660,1.811587,57.962790,-0.762493,-0.127482,0.634292,-55.2040939,-4.31273635E-14,66.9764099,14.2103453,Building,Surface,2.935776,2.800262,0.000619,0.000000,-44.392670,1.804308,58.006400,359.539800,320.626000,358.074100,104.047200,98.172010,0.300000,1000.000000,0.900730,2468,2740,50.000000,off,,0,1,6.43918682E-16,1,1
1765268546019,2025-12-09 16:22:26.019,696.522300,18.171690,23,7,2,-0.010132,0.007356,-0.048811,-0.173203,-0.139069,0.975006,-44.369420,1.811672,57.962160,-0.757885,-0.124981,0.640286,-55.3554077,-4.32993315E-14,67.2434769,14.4954062,Building,Surface,2.935608,2.795685,0.000039,0.000000,-44.392870,1.804393,58.006160,359.517300,320.513200,358.084000,104.047200,98.172010,0.300000,1000.000000,0.900730,2468,2740,50.000000,off,,0,1,6.43918682E-16,1,1
1765268546030,2025-12-09 16:22:26.030,696.533400,18.182800,23,7,2,-0.006536,0.007164,-0.048494,-0.185959,-0.142548,0.972153,-44.366960,1.811421,57.964550,-0.767493,-0.127629,0.628209,-55.2598839,-4.30656894E-14,66.8806305,14.192729,Building,Surface,2.943649,2.801193,0.002444,0.000000,-44.393080,1.804478,58.005970,359.488400,320.379200,358.103100,104.047200,98.172010,0.300000,1000.000000,0.900730,2468,2740,50.000000,off,,0,1,6.43918682E-16,1,1
1765268546041,2025-12-09 16:22:26.041,696.544500,18.193910,23,7,2,-0.006536,0.007164,-0.048494,-0.185959,-0.142548,0.972153,-44.367080,1.811493,57.964420,-0.768820,-0.127302,0.626651,-55.3073006,-4.3066306E-14,66.8815918,14.2297535,Building,Surface,2.943649,2.801193,0.002444,0.000000,-44.393280,1.804569,58.005790,359.467300,320.259200,358.112800,104.047200,98.172010,0.300000,1000.000000,0.900730,2468,2740,50.000000,off,,0,1,6.43918682E-16,1,1
1765268546052,2025-12-09 16:22:26.052,696.555700,18.205140,23,7,2,-0.009368,0.007361,-0.048879,-0.182388,-0.141510,0.972977,-44.369140,1.811863,57.962170,-0.767961,-0.125864,0.627988,-55.4242439,-4.31440365E-14,67.0023117,14.3952198,Building,Surface,2.935776,2.800262,0.159371,0.000000,-44.393510,1.804674,58.005590,359.439400,320.138000,358.101800,104.047200,98.172010,0.300000,1000.000000,0.900730,2468,2740,50.000000,off,,0,1,6.43918682E-16,1,1
1765268546063,2025-12-09 16:22:26.063,696.566800,18.216190,23,7,2,-0.014036,0.007624,-0.049351,-0.164932,-0.134750,0.977051,-44.372540,1.812335,57.958650,-0.758533,-0.118859,0.640695,-55.9384727,-4.36112057E-14,67.7278137,15.247695,Building,Surface,2.935196,2.789948,10.199750,0.000000,-44.393760,1.804770,58.005370,359.394600,320.004900,358.093900,104.047200,98.172010,0.300000,1000.000000,0.900730,2468,2740,50.000000,off,,0,1,6.43918682E-16,1,1
1765268546074,2025-12-09 16:22:26.074,696.577800,18.227230,23,7,2,-0.014036,0.007624,-0.049351,-0.164932,-0.134750,0.977051,-44.372680,1.812414,57.958480,-0.759894,-0.118144,0.639211,-56.0300064,-4.36347871E-14,67.7644424,15.3406248,Building,Surface,2.935196,2.789948,10.199750,0.000000,-44.394000,1.804883,58.005170,359.353500,319.888500,358.089400,104.047200,98.172010,0.300000,1000.000000,0.900730,2468,2740,50.000000,off,,0,1,6.43918682E-16,1,1
1765268546085,2025-12-09 16:22:26.085,696.588900,18.238340,23,7,2,-0.017256,0.007706,-0.049054,-0.156036,-0.120758,0.980331,-44.375510,1.812698,57.956460,-0.756299,-0.103578,0.645959,-57.6113472,-4.45986157E-14,69.261261,17.5006218,Building,Surface,2.816925,2.798370,0.000615,0.000000,-44.394290,1.805010,58.004950,359.306700,319.758300,358.074900,104.047200,98.172010,0.300000,1000.000000,0.900730,2468,2740,50.000000,off,,0,1,6.43918682E-16,1,1
1765268546097,2025-12-09 16:22:26.097,696.600000,18.249450,23,7,2,-0.030183,0.008798,-0.051102,-0.103958,-0.048904,0.993378,-44.384110,1.814316,57.946350,-0.724117,-0.032277,0.688920,-64.666275,0.910251558,77.2426529,28.0094795,Building,Surface,2.932159,2.672928,0.039846,0.000000,-44.394530,1.805177,58.004730,359.245400,319.635300,358.063400,104.047200,98.172010,0.300000,1000.000000,0.900730,2468,2740,50.000000,off,,0,0,-1,1,1
1765268546108,2025-12-09 16:22:26.108,696.611500,18.260860,23,7,2,-0.030617,0.008865,-0.050695,-0.091324,-0.009079,0.995773,-44.384790,1.814531,57.946200,-0.716430,0.008566,0.697597,-64.2021942,2.0514791,77.2426605,27.6611443,Building,Surface,2.741394,2.607056,0.629672,0.000000,-44.394770,1.805384,58.004530,359.161700,319.491600,358.072500,104.047200,98.172010,0.300000,1000.000000,0.900730,2468,2740,50.000000,off,,0,0,-1,1,1
1765268546119,2025-12-09 16:22:26.119,696.622400,18.271790,23,7,2,-0.030617,0.008865,-0.050695,-0.091324,-0.009079,0.995773,-44.384850,1.814661,57.945990,-0.717856,0.010056,0.696109,-64.2843704,2.09342122,77.2426605,27.7205696,Building,Surface,2.741394,2.607056,0.629672,0.000000,-44.394970,1.805592,58.004310,359.075700,319.373500,358.076700,104.047200,98.172010,0.300000,1000.000000,0.900730,2468,2740,50.000000,off,,0,0,-1,1,1
1765268546130,2025-12-09 16:22:26.130,696.633500,18.282960,23,7,2,0.027147,0.006645,-0.046093,-0.203720,0.124252,0.971100,-44.344320,1.810716,57.986970,-0.783367,0.148342,0.603578,-69.3357468,6.54320621,77.2426605,31.9021873,Building,Surface,2.608932,2.776886,0.002414,0.000000,-44.395190,1.805805,58.004110,358.973300,319.250700,358.092700,104.047200,98.172010,0.300000,1000.000000,0.900730,2468,2740,50.000000,off,,0,0,-1,1,1
1765268546141,2025-12-09 16:22:26.141,696.644500,18.293880,23,7,2,-0.030183,0.008798,-0.051102,-0.103958,-0.048904,0.993378,-44.384410,1.814760,57.945560,-0.730309,-0.025793,0.682628,-65.0293961,1.08562255,77.2426605,28.2688046,Building,Surface,2.932159,2.672928,0.009777,0.000000,-44.395380,1.805984,58.003890,358.866700,319.126000,358.110400,104.047200,98.172010,0.300000,1000.000000,0.900730,2468,2740,50.000000,off,,0,0,-1,1,1
1765268546152,2025-12-09 16:22:26.152,696.655800,18.305240,23,7,2,-0.030183,0.008798,-0.051102,-0.103958,-0.048904,0.993378,-44.384480,1.814888,57.945360,-0.731964,-0.024436,0.680904,-65.1288605,1.12235332,77.2426605,28.3406925,Building,Surface,2.932159,2.672928,0.009777,0.000000,-44.395600,1.806193,58.003680,358.786500,318.988000,358.128600,104.047200,98.172010,0.300000,1000.000000,0.900730,2468,2740,50.000000,off,,0,0,-1,1,1
1765268546164,2025-12-09 16:22:26.164,696.666900,18.316280,23,7,2,-0.030617,0.008865,-0.050695,-0.091324,-0.009079,0.995773,-44.385130,1.815014,57.945110,-0.723863,0.017201,0.689721,-64.6379318,2.29627705,77.2426605,27.9786186,Building,Surface,2.741394,2.607056,0.002490,0.000000,-44.395790,1.806355,58.003400,358.657800,318.871100,358.149700,104.047200,98.172010,0.300000,1000.000000,0.900730,2468,2740,50.000000,off,,0,0,-1,1,1
1765268546175,2025-12-09 16:22:26.175,696.678000,18.327390,23,7,2,0.022094,0.006828,-0.046122,-0.249176,0.235123,0.939468,-44.348710,1.811551,57.983100,-0.797012,0.266437,0.541992,-71.8347702,11.000001,76.6744461,34.4859009,Building,Surface,2.870651,2.838470,0.009778,0.000000,-44.395980,1.806591,58.003170,358.564500,318.728900,358.165500,104.047200,98.172010,0.300000,1000.000000,0.900730,2468,2740,50.000000,off,,0,-1,0,1,1
1765268546186,2025-12-09 16:22:26.186,696.688900,18.338320,23,7,2,0.000746,0.008289,-0.049262,-0.212479,0.221420,0.951737,-44.362720,1.813760,57.966510,-0.779032,0.253789,0.573304,-70.5560532,10.3468857,77.2426605,33.6225281,Building,Surface,2.828552,2.692200,0.009778,0.000000,-44.396190,1.806837,58.002950,358.446300,318.606000,358.176900,104.047200,98.172010,0.300000,1000.000000,0.900730,2468,2740,50.000000,off,,0,0,-1,1,1
1765268546197,2025-12-09 16:22:26.197,696.700100,18.349490,23,7,2,0.000746,0.008289,-0.049262,-0.212479,0.221420,0.951737,-44.362830,1.813919,57.966340,-0.779914,0.255826,0.571196,-70.6828232,10.4473543,77.2426605,33.7469215,Building,Surface,2.828552,2.692200,0.009778,0.000000,-44.396390,1.807106,58.002720,358.318900,318.485700,358.195000,104.047200,98.172010,0.300000,1000.000000,0.900730,2468,2740,50.000000,off,,0,0,-1,1,1
1765268546208,2025-12-09 16:22:26.208,696.711200,18.360660,23,7,2,-0.021018,0.009105,-0.050254,-0.195511,0.241715,0.950440,-44.378480,1.815532,57.950940,-0.766223,0.277198,0.579698,-69.7659225,11,77.1582108,33.1330147,Building,Surface,2.850189,2.770874,0.000615,0.000000,-44.396550,1.807345,58.002480,358.214500,318.385400,358.209400,104.047200,98.172010,0.300000,1000.000000,0.900730,2468,2740,50.000000,off,,0,-1,0,1,1
1765268546219,2025-12-09 16:22:26.219,696.722200,18.371640,23,7,2,-0.028945,0.009633,-0.051501,-0.199814,0.246155,0.948395,-44.383540,1.816435,57.944490,-0.768678,0.283279,0.573460,-69.3031464,11,76.5353699,32.4183006,Building,Surface,2.761337,2.838943,0.039108,0.000000,-44.396670,1.807595,58.002220,358.119800,318.272900,358.203300,104.047200,98.172010,0.300000,1000.000000,0.900730,2468,2740,50.000000,off,,0,-1,0,1,1
1765268546230,2025-12-09 16:22:26.230,696.733400,18.382810,23,7,2,-0.028945,0.009633,-0.051501,-0.199814,0.246155,0.948395,-44.383580,1.816579,57.944290,-0.769310,0.284903,0.571806,-69.1811295,11,76.3755951,32.2330055,Building,Surface,2.761337,2.838943,0.039108,0.000000,-44.396810,1.807831,58.002010,358.020000,318.178000,358.207100,104.047200,98.172010,0.300000,1000.000000,0.900730,2468,2740,50.000000,off,,0,-1,0,1,1
1765268546241,2025-12-09 16:22:26.241,696.744600,18.393980,23,7,2,0.008755,0.007423,-0.047511,-0.207123,0.189392,0.959793,-44.358330,1.813462,57.972270,-0.785703,0.230607,0.573989,-70.7365417,9.55557442,77.2426605,33.5722885,Building,Surface,2.684753,2.674652,0.002490,0.000000,-44.396910,1.808051,58.001790,357.913000,318.076700,358.205800,104.047200,98.172010,0.300000,1000.000000,0.900730,2468,2740,50.000000,off,,0,0,-1,1,1
1765268546253,2025-12-09 16:22:26.253,696.755800,18.405210,23,7,2,-0.021018,0.009105,-0.050254,-0.195511,0.241715,0.950440,-44.378590,1.816141,57.950120,-0.768560,0.284215,0.573170,-69.2131195,11,76.4710007,32.3128548,Building,Surface,2.850189,2.770874,0.009900,0.000000,-44.397040,1.808323,58.001590,357.790200,318.010700,358.195300,104.047200,98.172010,0.300000,1000.000000,0.900730,2468,2740,50.000000,off,,0,-1,0,1,1
1765268546264,2025-12-09 16:22:26.264,696.766900,18.416320,23,7,2,-0.028945,0.009633,-0.051501,-0.199814,0.246155,0.948395,-44.383660,1.817031,57.943660,-0.770569,0.290924,0.567061,-68.706543,11,75.8428497,31.5643864,Building,Surface,2.761337,2.838943,0.009839,0.000000,-44.397190,1.808604,58.001350,357.655800,317.922500,358.190000,104.047200,98.172010,0.300000,1000.000000,0.900730,2468,2740,50.000000,off,,0,-1,0,1,1
1765268546275,2025-12-09 16:22:26.275,696.777900,18.427310,23,7,2,-0.028945,0.009633,-0.051501,-0.199814,0.246155,0.948395,-44.383640,1.817203,57.943510,-0.770806,0.293520,0.565399,-68.4983673,11,75.6320572,31.2846375,Building,Surface,2.761337,2.838943,0.009839,0.000000,-44.397270,1.808917,58.001210,357.498000,317.842400,358.185500,104.047200,98.172010,0.300000,1000.000000,0.900730,2468,2740,50.000000,off,,0,-1,0,1,1
1765268546286,2025-12-09 16:22:26.286,696.789000,18.438420,23,7,2,0.018673,0.006920,-0.046712,-0.214783,0.179230,0.960068,-44.351790,1.813434,57.978980,-0.793612,0.230262,0.563155,-71.498642,9.6899395,77.2426605,34.20644,Building,Surface,2.670563,2.690231,0.000010,0.000000,-44.397330,1.809281,58.001050,357.340900,317.763100,358.190600,104.047200,98.172010,0.300000,1000.000000,0.900730,2468,2740,50.000000,off,,0,0,-1,1,1
1765268546297,2025-12-09 16:22:26.297,696.800200,18.449580,23,7,2,0.023168,0.006564,-0.045966,-0.206238,0.199692,0.957901,-44.349040,1.813191,57.982440,-0.784936,0.252981,0.565563,-71.0800095,10.4284458,77.2426605,34.0547028,Building,Surface,2.789917,2.733780,0.009898,0.000000,-44.397420,1.809629,58.000880,357.178400,317.695500,358.198400,104.047200,98.172010,0.300000,1000.000000,0.900730,2468,2740,50.000000,off,,0,0,-1,1,1
1765268546308,2025-12-09 16:22:26.308,696.811200,18.460570,23,7,2,0.023168,0.006564,-0.045966,-0.206238,0.199692,0.957901,-44.349060,1.813395,57.982300,-0.785209,0.255881,0.563876,-71.1695099,10.553544,77.2426605,34.1568184,Building,Surface,2.789917,2.733780,0.009898,0.000000,-44.397470,1.809971,58.000680,356.999300,317.618100,358.215100,104.047200,98.172010,0.300000,1000.000000,0.900730,2468,2740,50.000000,off,,0,0,-1,1,1
1765268546319,2025-12-09 16:22:26.319,696.822300,18.471680,23,7,2,0.018556,0.006764,-0.046318,-0.197922,0.194458,0.960724,-44.352260,1.813915,57.978790,-0.781586,0.253295,0.570037,-70.7652283,10.373785,77.2426605,33.7936859,Building,Surface,2.647202,2.799744,0.009900,0.000000,-44.397540,1.810293,58.000510,356.825000,317.547000,358.256000,104.047200,98.172010,0.300000,1000.000000,0.900730,2468,2740,50.000000,off,,0,0,-1,1,1
1765268546330,2025-12-09 16:22:26.330,696.833400,18.482790,23,7,2,0.007948,0.007376,-0.047337,-0.187897,0.187286,0.964157,-44.359310,1.815010,57.970730,-0.777195,0.248939,0.577908,-70.2770081,10.1165657,77.2426605,33.3474236,Building,Surface,2.688721,2.670410,0.009715,0.000000,-44.397550,1.810659,58.000340,356.645900,317.475400,358.274100,104.047200,98.172010,0.300000,1000.000000,0.900730,2468,2740,50.000000,off,,0,0,-1,1,1
1765268546341,2025-12-09 16:22:26.341,696.844500,18.493900,23,7,2,0.013501,0.009285,-0.052128,-0.249268,0.327362,0.911423,-44.351790,1.816718,57.970800,-0.777920,0.390173,0.492542,-62.6612511,11,69.5634766,23.5363445,Building,Surface,2.897598,2.657990,0.000038,0.000000,-44.397510,1.811068,58.000190,356.468400,317.408900,358.287300,104.047200,98.172010,0.300000,1000.000000,0.900730,2468,2740,50.000000,off,,0,-1,0,1,1
1765268546352,2025-12-09 16:22:26.352,696.855700,18.505070,23,7,2,0.013501,0.009285,-0.052128,-0.249268,0.327362,0.911423,-44.351740,1.816962,57.970640,-0.777457,0.393080,0.490959,-62.5144958,11,69.4403,23.3616581,Building,Surface,2.897598,2.657990,0.000038,0.000000,-44.397500,1.811484,58.000000,356.278000,317.365800,358.298300,104.047200,98.172010,0.300000,1000.000000,0.900730,2468,2740,50.000000,off,,0,-1,0,1,1
1765268546363,2025-12-09 16:22:26.363,696.866700,18.516110,23,7,2,0.018556,0.006764,-0.046318,-0.197922,0.194458,0.960724,-44.352100,1.814933,57.978280,-0.781600,0.265472,0.564449,-71.0277405,10.8753681,77.2426605,34.1291351,Building,Surface,2.647202,2.799744,0.000000,0.000000,-44.397500,1.811906,57.999860,356.080500,317.325200,358.292100,104.047200,98.172010,0.300000,1000.000000,0.900730,2468,2740,50.000000,off,,0,0,-1,1,1
1765268546374,2025-12-09 16:22:26.374,696.877800,18.527220,23,7,2,0.007948,0.007376,-0.047337,-0.187897,0.187286,0.964157,-44.359130,1.816061,57.970200,-0.776819,0.261267,0.572951,-70.4891434,10.6043482,77.2426605,33.6368713,Building,Surface,2.688721,2.670410,0.000000,0.000000,-44.397500,1.812329,57.999740,355.898400,317.293500,358.293200,104.047200,98.172010,0.300000,1000.000000,0.900730,2468,2740,50.000000,off,,0,0,-1,1,1
1765268546385,2025-12-09 16:22:26.385,696.888900,18.538330,23,7,2,0.007948,0.007376,-0.047337,-0.187897,0.187286,0.964157,-44.359060,1.816311,57.970080,-0.776657,0.264272,0.571791,-70.5367737,10.7237673,77.2426605,33.7053108,Building,Surface,2.688721,2.670410,0.000000,0.000000,-44.397460,1.812730,57.999600,355.714300,317.255600,358.306000,104.047200,98.172010,0.300000,1000.000000,0.900730,2468,2740,50.000000,off,,0,0,-1,1,1
1765268546396,2025-12-09 16:22:26.396,696.900100,18.549500,23,7,2,0.010974,0.009443,-0.052187,-0.248261,0.348282,0.903900,-44.353360,1.818113,57.968370,-0.767869,0.424657,0.479597,-60.9561386,11,68.3381653,21.6215611,Building,Surface,2.949280,2.678375,0.000000,0.000000,-44.397430,1.813084,57.999440,355.539000,317.224000,358.315700,104.047200,98.172010,0.300000,1000.000000,0.900730,2468,2740,50.000000,off,,0,-1,0,1,1
1765268546407,2025-12-09 16:22:26.407,696.911300,18.560670,23,7,2,-0.013137,0.010627,-0.053766,-0.209000,0.388565,0.897400,-44.369760,1.820051,57.950610,-0.731296,0.465276,0.498713,-58.7983208,11.000001,67.7902756,19.7300167,Building,Surface,2.960480,2.796677,0.000000,0.000000,-44.397370,1.813401,57.999290,355.392900,317.193700,358.336600,104.047200,98.172010,0.300000,1000.000000,0.900730,2468,2740,50.000000,off,,0,-1,0,1,1
1765268546419,2025-12-09 16:22:26.419,696.922400,18.571780,23,7,2,0.032691,0.007675,-0.046527,-0.260071,0.399185,0.879196,-44.341240,1.816568,57.987090,-0.755197,0.477815,0.448712,-50.6114807,5.78376532,61.7126503,8.30267239,Building,Surface,2.915802,2.963959,0.000000,0.000000,-44.397270,1.813703,57.999130,355.253000,317.154100,358.363200,104.047200,98.172010,0.300000,1000.000000,0.900730,2468,2740,50.000000,off,,0.866025925,0,0.499999076,1,1
1765268546430,2025-12-09 16:22:26.430,696.933300,18.582700,23,7,2,0.032691,0.007675,-0.046527,-0.260071,0.399185,0.879196,-44.341140,1.816757,57.986970,-0.754688,0.479641,0.447617,-50.6056442,5.7981534,61.7025452,8.30066299,Building,Surface,2.915802,2.963959,0.000000,0.000000,-44.397170,1.813987,57.998990,355.122100,317.139800,358.385800,104.047200,98.172010,0.300000,1000.000000,0.900730,2468,2740,50.000000,off,,0.866025925,0,0.499999076,1,1
1765268546441,2025-12-09 16:22:26.441,696.944500,18.593870,23,7,2,0.032623,0.007687,-0.046653,-0.230728,0.407440,0.883591,-44.341090,1.816936,57.986680,-0.734956,0.489368,0.469399,-58.1326485,11,66.7950211,18.7649326,Building,Surface,2.877441,2.777969,0.000000,0.000000,-44.397170,1.814268,57.998840,354.987500,317.124400,358.393800,104.047200,98.172010,0.300000,1000.000000,0.900730,2468,2740,50.000000,off,,0,-1,0,1,1
1765268546452,2025-12-09 16:22:26.452,696.955600,18.605040,23,7,2,0.022079,0.008287,-0.049169,-0.181732,0.416336,0.890854,-44.346930,1.817796,57.977440,-0.702525,0.499676,0.506721,-57.256752,11.000001,67.2891083,18.3761673,Building,Surface,3.021149,2.708511,0.000010,0.000000,-44.397060,1.814581,57.998660,354.837300,317.127500,358.408800,104.047200,98.172010,0.300000,1000.000000,0.900730,2468,2740,50.000000,off,,0,-1,0,1,1
1765268546463,2025-12-09 16:22:26.463,696.966600,18.616030,23,7,2,0.032691,0.007675,-0.046527,-0.260071,0.399185,0.879196,-44.340910,1.817322,57.986520,-0.752500,0.485936,0.444502,-50.5921097,5.85411072,61.6791077,8.30712605,Building,Surface,2.915802,2.963959,0.000038,0.000000,-44.396960,1.814889,57.998550,354.679400,317.126100,358.430400,104.047200,98.172010,0.300000,1000.000000,0.900730,2468,2740,50.000000,off,,0.866025925,0,0.499999076,1,1
1765268546474,2025-12-09 16:22:26.474,696.977700,18.627140,23,7,2,0.032691,0.007675,-0.046527,-0.260071,0.399185,0.879196,-44.340790,1.817488,57.986390,-0.751566,0.488056,0.443759,-50.5906677,5.87606764,61.6766052,8.31569099,Building,Surface,2.915802,2.963959,0.000038,0.000000,-44.396840,1.815170,57.998440,354.530600,317.144500,358.442900,104.047200,98.172010,0.300000,1000.000000,0.900730,2468,2740,50.000000,off,,0.866025925,0,0.499999076,1,1
1765268546485,2025-12-09 16:22:26.485,696.988900,18.638310,23,7,2,0.032623,0.007687,-0.046653,-0.230728,0.407440,0.883591,-44.340720,1.817648,57.986150,-0.731625,0.497842,0.465676,-57.8350372,11,66.5752182,18.4440861,Building,Surface,2.877441,2.777969,0.000001,0.000000,-44.396800,1.815426,57.998370,354.389500,317.158000,358.474500,104.047200,98.172010,0.300000,1000.000000,0.900730,2468,2740,50.000000,off,,0,-1,0,1,1
1765268546496,2025-12-09 16:22:26.496,697.000000,18.649410,23,7,2,0.016392,0.008526,-0.049504,-0.184464,0.395172,0.899887,-44.350500,1.818746,57.972890,-0.709084,0.487769,0.509182,-57.6975479,11,67.5571976,18.8228149,Building,Surface,3.012009,2.743454,0.000000,0.000000,-44.396710,1.815639,57.998330,354.267000,317.180800,358.496300,104.047200,98.172010,0.300000,1000.000000,0.900730,2468,2740,50.000000,off,,0,-1,0,1,1
1765268546508,2025-12-09 16:22:26.508,697.011100,18.660520,23,7,2,0.016392,0.008526,-0.049504,-0.184464,0.395172,0.899887,-44.350420,1.818864,57.972790,-0.708386,0.489201,0.508780,-57.6451302,11,67.5213776,18.7674789,Building,Surface,3.012009,2.743454,0.000000,0.000000,-44.396610,1.815836,57.998260,354.162600,317.216200,358.537900,104.047200,98.172010,0.300000,1000.000000,0.900730,2468,2740,50.000000,off,,0,-1,0,1,1
1765268546519,2025-12-09 16:22:26.519,697.022300,18.671690,23,7,2,-0.016095,0.010957,-0.055247,-0.150742,0.363968,0.919113,-44.370080,1.821596,57.946240,-0.698805,0.460683,0.547181,-58.2927017,11,68.8479843,19.9231148,Building,Surface,2.681122,2.775360,0.000000,0.000000,-44.396580,1.816013,57.998190,354.065600,317.241200,358.566200,104.047200,98.172010,0.300000,1000.000000,0.900730,2468,2740,50.000000,off,,0,-1,0,1,1
1765268546530,2025-12-09 16:22:26.530,697.033300,18.682740,23,7,0,0.032178,0.008365,-0.050467,-0.111313,0.219376,0.969254,-44.338110,1.818433,57.982650,-0.715980,0.322389,0.619198,-64.3842468,10.8447361,75.3190689,27.9977379,Building,Surface,2.687088,2.531021,0.000000,0.000000,-44.396480,1.816183,57.998150,353.983000,317.281100,358.610100,104.047200,98.172010,0.300000,1000.000000,0.900730,2468,2740,50.000000,off,,0.866023183,0,0.500003874,1,1
1765268547478,2025-12-09 16:22:27.478,697.077500,18.726870,23,7,0,0.032545,0.008017,-0.048117,-0.202728,0.275024,0.939804,-44.339410,1.818663,57.984320,-0.756675,0.380347,0.531741,-62.605072,11,70.8202133,24.1390018,Building,Surface,2.726257,2.834305,0.000000,0.000000,-44.396400,1.816667,57.997940,353.735900,317.367500,358.723500,104.047200,98.172010,0.300000,1000.000000,0.900730,2468,2740,50.000000,off,,0,-1,0,1,1
1765268547496,2025-12-09 16:22:27.496,697.410800,19.060180,23,7,0,0.032520,0.007942,-0.047854,-0.212296,0.281250,0.935852,-44.346170,1.819617,57.985190,-0.782146,0.395530,0.481449,-62.500042,11,69.15979,23.2102108,Building,Surface,2.741806,2.972504,0.000000,0.000000,-44.403590,1.818210,57.995790,353.176200,314.533600,358.596800,104.047200,98.172010,0.300000,1000.000000,0.900730,2468,2740,50.000000,off,,0,-1,0,1,1
1765268547509,2025-12-09 16:22:27.509,697.426900,19.076350,23,7,2,-0.000197,0.009684,-0.051236,-0.163483,0.341843,0.925415,-44.366360,1.822004,57.958930,-0.732791,0.458194,0.503043,-59.0447502,11,68.0352859,20.0305729,Building,Surface,2.764297,2.960403,0.000000,0.000000,-44.403480,1.818777,57.995410,352.842800,314.538200,358.654100,104.047200,98.172010,0.300000,1000.000000,0.900730,2468,2740,50.000000,off,,0,-1,0,1,1
1765268547524,2025-12-09 16:22:27.524,697.443100,19.092530,23,7,2,-0.027600,0.011167,-0.054173,-0.147064,0.398468,0.905304,-44.383180,1.824248,57.936750,-0.696413,0.521800,0.492660,-56.6294632,11,66.6000824,17.584631,Building,Surface,3.253479,3.126312,0.000000,0.000000,-44.403330,1.820011,57.995040,352.127600,314.608100,358.747700,104.047200,98.172010,0.300000,1000.000000,0.900730,2468,2740,50.000000,off,,0,-1,0,1,1
1765268547535,2025-12-09 16:22:27.535,697.454200,19.103640,23,7,2,-0.016754,0.010408,-0.052763,-0.143997,0.395783,0.906967,-44.376560,1.823790,57.945320,-0.692852,0.525647,0.493579,-56.4716644,11,66.5617218,17.4567127,Building,Surface,3.363464,2.998978,0.000000,0.000000,-44.403180,1.820789,57.994870,351.682100,314.658600,358.833000,104.047200,98.172010,0.300000,1000.000000,0.900730,2468,2740,50.000000,off,,0,-1,0,1,1
1765268547546,2025-12-09 16:22:27.546,697.465300,19.114750,23,7,2,-0.000197,0.009684,-0.051236,-0.163483,0.341843,0.925415,-44.365980,1.823403,57.958000,-0.723370,0.481820,0.494532,-58.1430588,11,67.3767014,19.0454731,Building,Surface,2.764297,2.960403,0.000000,0.000000,-44.403010,1.821641,57.994670,351.231000,314.694300,358.954100,104.047200,98.172010,0.300000,1000.000000,0.900730,2468,2740,50.000000,off,,0,-1,0,1,1
1765268547557,2025-12-09 16:22:27.557,697.476400,19.125790,23,7,2,-0.000197,0.009684,-0.051236,-0.163483,0.341843,0.925415,-44.365810,1.823731,57.957730,-0.721168,0.487396,0.492279,-57.9433403,11,67.2259369,18.8269157,Building,Surface,2.764297,2.960403,0.000000,0.000000,-44.402800,1.822327,57.994450,350.838100,314.738800,359.073900,104.047200,98.172010,0.300000,1000.000000,0.900730,2468,2740,50.000000,off,,0,-1,0,1,1
1765268547568,2025-12-09 16:22:27.568,697.487500,19.136900,23,7,2,-0.027600,0.011167,-0.054173,-0.147064,0.398468,0.905304,-44.382630,1.825408,57.935700,-0.686760,0.544040,0.482039,-55.9640236,11,66.0647125,16.8636532,Building,Surface,3.253479,3.126312,0.000000,0.000000,-44.402580,1.822933,57.994160,350.525100,314.774300,359.202400,104.047200,98.172010,0.300000,1000.000000,0.900730,2468,2740,50.000000,off,,0,-1,0,1,1
1765268547580,2025-12-09 16:22:27.580,697.498700,19.148130,23,7,2,-0.006015,0.009727,-0.051359,-0.150436,0.396103,0.905792,-44.369460,1.824447,57.952880,-0.688392,0.545207,0.478387,-55.9547386,11,66.003891,16.8293877,Building,Surface,3.270294,2.955368,0.000000,0.000000,-44.402390,1.823471,57.993900,350.270200,314.809900,359.324800,104.047200,98.172010,0.300000,1000.000000,0.900730,2468,2740,50.000000,off,,0,-1,0,1,1
1765268547591,2025-12-09 16:22:27.591,697.509700,19.159120,23,7,2,-0.006015,0.009727,-0.051359,-0.150436,0.396103,0.905792,-44.369310,1.824651,57.952540,-0.687306,0.547813,0.476969,-55.8810387,11,65.9413223,16.7489529,Building,Surface,3.270294,2.955368,0.000000,0.000000,-44.402210,1.823864,57.993600,350.072800,314.838300,359.418300,104.047200,98.172010,0.300000,1000.000000,0.900730,2468,2740,50.000000,off,,0,-1,0,1,1
1765268547602,2025-12-09 16:22:27.602,697.520900,19.170290,23,7,2,-0.002204,0.009582,-0.051101,-0.160187,0.395081,0.904572,-44.366720,1.824749,57.955100,-0.692334,0.549101,0.468146,-55.9353294,11,65.777626,16.7095795,Building,Surface,3.269653,2.981339,0.000000,0.000000,-44.402080,1.824263,57.993280,349.893900,314.863700,359.476900,104.047200,98.172010,0.300000,1000.000000,0.900730,2468,2740,50.000000,off,,0,-1,0,1,1
1765268547613,2025-12-09 16:22:27.613,697.531900,19.181340,23,7,2,-0.007679,0.010034,-0.052050,-0.141876,0.349457,0.926132,-44.369710,1.825251,57.950190,-0.699635,0.509666,0.500720,-56.9641838,11,66.9639053,18.001215,Building,Surface,3.107773,2.810104,0.000000,0.000000,-44.401920,1.824564,57.992980,349.762500,314.882000,359.513900,104.047200,98.172010,0.300000,1000.000000,0.900730,2468,2740,50.000000,off,,0,-1,0,1,1
1765268547625,2025-12-09 16:22:27.625,697.543100,19.192500,23,7,2,-0.012278,0.010199,-0.052267,-0.147690,0.356949,0.922363,-44.372650,1.825567,57.946470,-0.699403,0.518030,0.492401,-56.7592468,11,66.6670074,17.710043,Building,Surface,2.910004,2.980881,0.000000,0.000000,-44.401780,1.824828,57.992710,349.648900,314.893500,359.537700,104.047200,98.172010,0.300000,1000.000000,0.900730,2468,2740,50.000000,off,,0,-1,0,1,1
1765268547636,2025-12-09 16:22:27.636,697.554300,19.203670,23,7,2,-0.012278,0.010199,-0.052267,-0.147690,0.356949,0.922363,-44.372570,1.825657,57.946230,-0.699049,0.518969,0.491915,-56.7303734,11,66.6423187,17.6778278,Building,Surface,2.910004,2.980881,0.000000,0.000000,-44.401690,1.824989,57.992470,349.580200,314.899400,359.566700,104.047200,98.172010,0.300000,1000.000000,0.900730,2468,2740,50.000000,off,,0,-1,0,1,1
1765268547647,2025-12-09 16:22:27.647,697.565200,19.214660,23,7,2,-0.014519,0.010291,-0.052719,-0.123856,0.381439,0.916046,-44.373780,1.825753,57.944070,-0.674117,0.542787,0.500924,-55.7677765,11,66.4107437,16.9019127,Building,Surface,3.190247,3.016663,0.000000,0.000000,-44.401630,1.825134,57.992230,349.504700,314.906300,359.587600,104.047200,98.172010,0.300000,1000.000000,0.900730,2468,2740,50.000000,off,,0,-1,0,1,1
1765268547658,2025-12-09 16:22:27.658,697.576300,19.225710,23,7,2,-0.007679,0.010034,-0.052050,-0.141876,0.349457,0.926132,-44.369350,1.825608,57.949200,-0.697975,0.514162,0.498436,-56.8235931,11,66.8429871,17.8431206,Building,Surface,3.107773,2.810104,0.000000,0.000000,-44.401550,1.825227,57.992010,349.444500,314.887800,359.600900,104.047200,98.172010,0.300000,1000.000000,0.900730,2468,2740,50.000000,off,,0,-1,0,1,1
1765268547669,2025-12-09 16:22:27.669,697.587300,19.236760,23,7,2,-0.007679,0.010034,-0.052050,-0.141876,0.349457,0.926132,-44.369300,1.825649,57.949000,-0.697976,0.514829,0.497745,-56.8073692,11,66.8189163,17.8199177,Building,Surface,3.107773,2.810104,0.000000,0.000000,-44.401510,1.825313,57.991790,349.397700,314.858900,359.611400,104.047200,98.172010,0.300000,1000.000000,0.900730,2468,2740,50.000000,off,,0,-1,0,1,1
1765268547680,2025-12-09 16:22:27.680,697.598500,19.247920,23,7,2,-0.012278,0.010199,-0.052267,-0.147690,0.356949,0.922363,-44.372310,1.825870,57.945320,-0.698411,0.522219,0.489376,-56.6417046,11,66.5424728,17.5674095,Building,Surface,2.910004,2.980881,0.000000,0.000000,-44.401470,1.825430,57.991540,349.348100,314.834500,359.630300,104.047200,98.172010,0.300000,1000.000000,0.900730,2468,2740,50.000000,off,,0,-1,0,1,1
1765268547691,2025-12-09 16:22:27.691,697.609700,19.259090,23,7,2,-0.022381,0.010755,-0.053682,-0.125168,0.387665,0.913254,-44.378330,1.826273,57.936920,-0.672332,0.550695,0.494660,-55.5783348,11,66.1771851,16.6583176,Building,Surface,3.140579,3.020142,0.000000,0.000000,-44.401470,1.825493,57.991340,349.339700,314.795000,359.632600,104.047200,98.172010,0.300000,1000.000000,0.900730,2468,2740,50.000000,off,,0,-1,0,1,1
1765268547702,2025-12-09 16:22:27.702,697.620800,19.270200,23,7,2,-0.027709,0.010815,-0.053438,-0.107468,0.397324,0.911346,-44.382150,1.826423,57.933090,-0.657501,0.559819,0.504245,-55.1564102,11,66.1959915,16.3864193,Building,Surface,3.225250,3.090347,0.000000,0.000000,-44.401420,1.825511,57.991120,349.333100,314.758700,359.631300,104.047200,98.172010,0.300000,1000.000000,0.900730,2468,2740,50.000000,off,,0,-1,0,1,1
1765268547713,2025-12-09 16:22:27.713,697.631900,19.281310,23,7,2,-0.027709,0.010815,-0.053438,-0.107468,0.397324,0.911346,-44.382130,1.826437,57.932910,-0.658138,0.559330,0.503957,-55.1762352,11,66.1982956,16.4007244,Building,Surface,3.225250,3.090347,0.000000,0.000000,-44.401450,1.825485,57.990930,349.368500,314.708100,359.620500,104.047200,98.172010,0.300000,1000.000000,0.900730,2468,2740,50.000000,off,,0,-1,0,1,1
1765268547724,2025-12-09 16:22:27.724,697.642900,19.292360,23,7,2,-0.018029,0.010218,-0.052384,-0.119858,0.371841,0.920517,-44.376140,1.825933,57.940450,-0.677347,0.535487,0.504419,-55.980587,11,66.5822525,17.1320534,Building,Surface,2.985443,3.078949,0.000000,0.000000,-44.401500,1.825394,57.990760,349.410300,314.656700,359.601700,104.047200,98.172010,0.300000,1000.000000,0.900730,2468,2740,50.000000,off,,0,-1,0,1,1
1765268547735,2025-12-09 16:22:27.735,697.654100,19.303470,23,7,2,0.000552,0.009152,-0.050394,-0.129318,0.384262,0.914108,-44.364670,1.825073,57.955030,-0.678640,0.545837,0.491410,-55.7718697,11,66.2150955,16.8086948,Building,Surface,3.218475,2.963013,0.000001,0.000000,-44.401570,1.825295,57.990550,349.461700,314.602600,359.602600,104.047200,98.172010,0.300000,1000.000000,0.900730,2468,2740,50.000000,off,,0,-1,0,1,1
1765268547746,2025-12-09 16:22:27.746,697.665200,19.314580,23,7,2,0.000552,0.009152,-0.050394,-0.129318,0.384262,0.914108,-44.364640,1.825028,57.954890,-0.679437,0.545044,0.491190,-55.8019066,11,66.2233124,16.8332424,Building,Surface,3.218475,2.963013,0.000001,0.000000,-44.401570,1.825202,57.990380,349.516700,314.552700,359.601800,104.047200,98.172010,0.300000,1000.000000,0.900730,2468,2740,50.000000,off,,0,-1,0,1,1
1765268547757,2025-12-09 16:22:27.757,697.676200,19.325620,23,7,2,0.001294,0.009046,-0.050121,-0.120972,0.376617,0.918427,-44.364360,1.824900,57.955460,-0.678342,0.537620,0.500798,-55.94104,11,66.5021515,17.0659885,Building,Surface,3.169174,2.968735,0.000000,0.000000,-44.401630,1.825095,57.990190,349.560600,314.505400,359.600200,104.047200,98.172010,0.300000,1000.000000,0.900730,2468,2740,50.000000,off,,0,-1,0,1,1
1765268547768,2025-12-09 16:22:27.768,697.687300,19.336730,23,7,2,-0.018029,0.010218,-0.052384,-0.119858,0.371841,0.920517,-44.376120,1.825746,57.939860,-0.680447,0.532752,0.503141,-56.0937614,11,66.6042023,17.2203522,Building,Surface,2.985443,3.078949,0.000000,0.000000,-44.401660,1.825033,57.990070,349.597000,314.446800,359.604600,104.047200,98.172010,0.300000,1000.000000,0.900730,2468,2740,50.000000,off,,0,-1,0,1,1
1765268547779,2025-12-09 16:22:27.780,697.698500,19.347900,23,7,2,0.000552,0.009152,-0.050394,-0.129318,0.384262,0.914108,-44.364680,1.824888,57.954550,-0.681595,0.543469,0.489943,-55.8717041,11,66.2260132,16.8822784,Building,Surface,3.218475,2.963013,0.000000,0.000000,-44.401700,1.824967,57.989940,349.621700,314.398300,359.626600,104.047200,98.172010,0.300000,1000.000000,0.900730,2468,2740,50.000000,off,,0,-1,0,1,1
1765268547791,2025-12-09 16:22:27.791,697.709600,19.359010,23,7,2,0.000552,0.009152,-0.050394,-0.129318,0.384262,0.914108,-44.364700,1.824876,57.954460,-0.682083,0.543206,0.489556,-55.8855629,11.000001,66.2234039,16.8904781,Building,Surface,3.218475,2.963013,0.000000,0.000000,-44.401750,1.824939,57.989830,349.638900,314.358800,359.633500,104.047200,98.172010,0.300000,1000.000000,0.900730,2468,2740,50.000000,off,,0,-1,0,1,1
1765268547802,2025-12-09 16:22:27.802,697.720700,19.370120,23,7,2,-0.003328,0.009297,-0.050611,-0.116989,0.377365,0.918625,-44.367230,1.824979,57.951450,-0.677892,0.536979,0.502075,-55.9499474,11,66.5300903,17.0860558,Building,Surface,3.138901,2.972519,0.000000,0.000000,-44.401760,1.824903,57.989750,349.652300,314.326800,359.623900,104.047200,98.172010,0.300000,1000.000000,0.900730,2468,2740,50.000000,off,,0,-1,0,1,1
1765268547813,2025-12-09 16:22:27.813,697.731800,19.381160,23,7,2,-0.003642,0.009320,-0.050660,-0.116928,0.375153,0.919540,-44.367410,1.824947,57.951130,-0.679259,0.534888,0.502462,-56.0188866,11,66.5699768,17.1529331,Building,Surface,3.140045,2.967255,0.000000,0.000000,-44.401790,1.824851,57.989660,349.657800,314.276900,359.623100,104.047200,98.172010,0.300000,1000.000000,0.900730,2468,2740,50.000000,off,,0,-1,0,1,1
1765268547824,2025-12-09 16:22:27.824,697.742900,19.392330,23,7,2,-0.003642,0.009320,-0.050660,-0.116928,0.375153,0.919540,-44.367400,1.824958,57.951030,-0.679587,0.534584,0.502342,-56.0311279,11,66.5727081,17.1626663,Building,Surface,3.140045,2.967255,0.000000,0.000000,-44.401800,1.824842,57.989540,349.679200,314.253400,359.619000,104.047200,98.172010,0.300000,1000.000000,0.900730,2468,2740,50.000000,off,,0,-1,0,1,1
1765268547835,2025-12-09 16:22:27.835,697.754000,19.403380,23,3,2,-0.009654,0.009612,-0.051198,-0.109238,0.372574,0.921539,-55.171170,1.825204,67.846180,-0.676190,0.532142,0.509481,-64.5364914,9.19545174,74.902565,13.8499861,Building,Surface,3.061172,3.012344,0.000000,0.000000,-55.201810,1.824845,67.889400,349.693500,314.241100,359.620300,104.047200,98.172010,0.300000,1000.000000,0.900730,2468,2740,50.000000,off,,0.866023183,0,-0.500003874,1,1
1765268547847,2025-12-09 16:22:27.847,697.765100,19.414490,23,3,2,0.014665,0.008321,-0.048491,-0.068100,0.384430,0.920624,-55.156280,1.824284,67.865530,-0.645477,0.543344,0.536758,-64.6287231,9.79792118,75.7425079,14.6749105,Building,Surface,3.220901,3.164215,0.000000,0.000000,-55.201790,1.824865,67.889290,349.694900,314.228700,359.629800,104.047200,98.172010,0.300000,1000.000000,0.900730,2468,2740,50.000000,off,,0.866023183,0,0.500003874,1,1
1765268547858,2025-12-09 16:22:27.858,697.776200,19.425600,23,3,2,0.015359,0.008295,-0.048066,0.011292,0.442703,0.896591,-55.156030,1.824318,67.866220,-0.565714,0.595917,0.569947,-63.8666573,11,76.6420288,15.3974981,Building,Surface,3.281937,3.209930,0.000000,0.000000,-55.201730,1.824851,67.889180,349.692000,314.213500,359.647400,104.047200,98.172010,0.300000,1000.000000,0.900730,2468,2740,50.000000,off,,0,-1,0,1,1
1765268547869,2025-12-09 16:22:27.869,697.787200,19.436650,23,3,2,0.015359,0.008295,-0.048066,0.011292,0.442703,0.896591,-55.155970,1.824386,67.866130,-0.565925,0.595858,0.569800,-63.8706474,11,76.6404724,15.3989153,Building,Surface,3.281937,3.209930,0.000000,0.000000,-55.201670,1.824913,67.889080,349.696400,314.201300,359.657900,104.047200,98.172010,0.300000,1000.000000,0.900730,2468,2740,50.000000,off,,0,-1,0,1,1
1765268547880,2025-12-09 16:22:27.880,697.798400,19.447810,23,3,2,-0.009654,0.009612,-0.051198,-0.109238,0.372574,0.921539,-55.170960,1.825286,67.845820,-0.676473,0.532501,0.508730,-64.5419464,9.20187378,74.8931122,13.8525724,Building,Surface,3.061172,3.012344,0.000009,0.000000,-55.201600,1.824963,67.889030,349.662400,314.214400,359.673200,104.047200,98.172010,0.300000,1000.000000,0.900730,2468,2740,50.000000,off,,0.866023183,0,-0.500003874,1,1
1765268547891,2025-12-09 16:22:27.891,697.809600,19.458980,23,3,2,0.014665,0.008321,-0.048491,-0.068100,0.384430,0.920624,-55.155980,1.824387,67.865180,-0.645412,0.544210,0.535958,-64.6164703,9.8014555,75.7212906,14.6578655,Building,Surface,3.220901,3.164215,0.000001,0.000000,-55.201490,1.825012,67.888930,349.632700,314.209900,359.667700,104.047200,98.172010,0.300000,1000.000000,0.900730,2468,2740,50.000000,off,,0.866023183,0,0.500003874,1,1
1765268547902,2025-12-09 16:22:27.902,697.820600,19.469970,23,3,2,0.014665,0.008321,-0.048491,-0.068100,0.384430,0.920624,-55.155800,1.824442,67.865150,-0.645245,0.544699,0.535662,-64.6140518,9.80884838,75.7170868,14.6581764,Building,Surface,3.220901,3.164215,0.000001,0.000000,-55.201320,1.825097,67.888890,349.599500,314.201400,359.663400,104.047200,98.172010,0.300000,1000.000000,0.900730,2468,2740,50.000000,off,,0.866023183,0,0.500003874,1,1
1765268547913,2025-12-09 16:22:27.913,697.831700,19.481140,23,3,2,0.022317,0.007885,-0.047284,-0.000748,0.436722,0.899582,-55.151280,1.824185,67.871440,-0.576048,0.592493,0.563112,-64.0724106,11,76.5922394,15.4865923,Building,Surface,3.246231,3.170151,0.000000,0.000000,-55.201210,1.825130,67.888820,349.560400,314.218200,359.660000,104.047200,98.172010,0.300000,1000.000000,0.900730,2468,2740,50.000000,off,,0,-1,0,1,1
1765268547925,2025-12-09 16:22:27.925,697.842800,19.492250,23,3,2,0.026958,0.007639,-0.046839,-0.000778,0.438294,0.898819,-55.148280,1.824047,67.875030,-0.574926,0.594249,0.562411,-64.0258636,11,76.5593643,15.4410887,Building,Surface,3.278168,3.115356,0.000000,0.000000,-55.201090,1.825207,67.888760,349.535500,314.231000,359.644000,104.047200,98.172010,0.300000,1000.000000,0.900730,2468,2740,50.000000,off,,0,-1,0,1,1
1765268547936,2025-12-09 16:22:27.936,697.853900,19.503360,23,3,2,0.004707,0.008881,-0.049079,0.025009,0.437164,0.899017,-55.161880,1.824994,67.857350,-0.556966,0.593326,0.581140,-63.7746277,11,76.8439178,15.4634562,Building,Surface,3.276520,3.108032,0.000000,0.000000,-55.200940,1.825223,67.888730,349.513200,314.237700,359.634200,104.047200,98.172010,0.300000,1000.000000,0.900730,2468,2740,50.000000,off,,0,-1,0,1,1
1765268547946,2025-12-09 16:22:27.946,697.865000,19.514400,23,3,2,0.004707,0.008881,-0.049079,0.025009,0.437164,0.899017,-55.161760,1.825027,67.857300,-0.556723,0.593416,0.581281,-63.7694054,11,76.8446503,15.4610558,Building,Surface,3.276520,3.108032,0.000000,0.000000,-55.200800,1.825263,67.888690,349.506500,314.253300,359.627500,104.047200,98.172010,0.300000,1000.000000,0.900730,2468,2740,50.000000,off,,0,-1,0,1,1
1765268547957,2025-12-09 16:22:27.957,697.876200,19.525630,23,3,2,0.001399,0.009056,-0.049380,0.026276,0.440903,0.897156,-55.163620,1.825166,67.854660,-0.553726,0.596811,0.580671,-63.6761017,11,76.7813721,15.3729038,Building,Surface,3.254715,3.170227,0.000000,0.000000,-55.200580,1.825268,67.888660,349.501500,314.274400,359.618700,104.047200,98.172010,0.300000,1000.000000,0.900730,2468,2740,50.000000,off,,0,-1,0,1,1
1765268547968,2025-12-09 16:22:27.968,697.887200,19.536620,23,3,2,-0.000517,0.009163,-0.049578,0.027969,0.441315,0.896896,-55.164650,1.825254,67.853110,-0.552250,0.597122,0.581747,-63.6499367,10.999999,76.7916183,15.3646679,Building,Surface,3.254395,3.169952,0.000001,0.000000,-55.200430,1.825273,67.888630,349.503800,314.278400,359.612500,104.047200,98.172010,0.300000,1000.000000,0.900730,2468,2740,50.000000,off,,0,-1,0,1,1
1765268547979,2025-12-09 16:22:27.979,697.898600,19.547970,23,3,2,-0.000517,0.009163,-0.049578,0.027969,0.441315,0.896896,-55.164450,1.825311,67.853110,-0.552189,0.596803,0.582132,-63.653286,11,76.8022614,15.3727846,Building,Surface,3.254395,3.169952,0.000001,0.000000,-55.200230,1.825310,67.888640,349.526000,314.292300,359.596300,104.047200,98.172010,0.300000,1000.000000,0.900730,2468,2740,50.000000,off,,0,-1,0,1,1
1765268547991,2025-12-09 16:22:27.991,697.910000,19.559450,23,3,2,0.001041,0.009100,-0.049513,0.026367,0.435043,0.900009,-55.163320,1.825207,67.854260,-0.556199,0.591070,0.584170,-63.7968369,11,76.9219513,15.5221577,Building,Surface,3.212479,3.125717,0.000000,0.000000,-55.200120,1.825259,67.888630,349.535400,314.302400,359.574800,104.047200,98.172010,0.300000,1000.000000,0.900730,2468,2740,50.000000,off,,0,-1,0,1,1
1765268548003,2025-12-09 16:22:28.003,697.921800,19.571170,23,3,2,0.001399,0.009056,-0.049380,0.026276,0.440903,0.897156,-55.163040,1.825169,67.854590,-0.553230,0.596200,0.581769,-63.6766129,11,76.8073502,15.3886404,Building,Surface,3.254715,3.170227,0.000002,0.000000,-55.199990,1.825238,67.888610,349.542400,314.313800,359.543200,104.047200,98.172010,0.300000,1000.000000,0.900730,2468,2740,50.000000,off,,0,-1,0,1,1
1765268548014,2025-12-09 16:22:28.014,697.933000,19.582400,23,3,2,-0.000517,0.009163,-0.049578,0.027969,0.441315,0.896896,-55.164130,1.825228,67.853110,-0.551830,0.596179,0.583111,-63.656395,11,76.8267822,15.3890171,Building,Surface,3.254395,3.169952,0.000000,0.000000,-55.199900,1.825190,67.888650,349.567300,314.313600,359.511400,104.047200,98.172010,0.300000,1000.000000,0.900730,2468,2740,50.000000,off,,0,-1,0,1,1
1765268548026,2025-12-09 16:22:28.026,697.944500,19.593870,23,3,2,-0.000517,0.009163,-0.049578,0.027969,0.441315,0.896896,-55.163990,1.825208,67.853120,-0.552111,0.595700,0.583334,-63.6674347,11,76.8374557,15.4014187,Building,Surface,3.254395,3.169952,0.000000,0.000000,-55.199770,1.825140,67.888640,349.600700,314.299700,359.490800,104.047200,98.172010,0.300000,1000.000000,0.900730,2468,2740,50.000000,off,,0,-1,0,1,1
1765268548037,2025-12-09 16:22:28.037,697.956100,19.605470,23,3,2,-0.000572,0.009194,-0.049697,0.027573,0.435288,0.899857,-55.163840,1.825142,67.852970,-0.555715,0.589781,0.585932,-63.808754,11,76.9679489,15.5562048,Building,Surface,3.213013,3.145264,0.000000,0.000000,-55.199680,1.825032,67.888610,349.638000,314.281100,359.483700,104.047200,98.172010,0.300000,1000.000000,0.900730,2468,2740,50.000000,off,,0,-1,0,1,1
1765268548049,2025-12-09 16:22:28.049,697.967500,19.616940,23,3,2,-0.002245,0.009299,-0.049880,0.029312,0.428894,0.902863,-55.164790,1.825171,67.851620,-0.557956,0.583506,0.590065,-63.9378853,11,77.1295853,15.7233953,Building,Surface,3.191132,3.135117,0.000000,0.000000,-55.199630,1.824943,67.888580,349.673500,314.252500,359.468100,104.047200,98.172010,0.300000,1000.000000,0.900730,2468,2740,50.000000,off,,0,-1,0,1,1
1765268548060,2025-12-09 16:22:28.060,697.979100,19.628480,23,3,2,0.000386,0.009159,-0.049682,0.026917,0.427704,0.903503,-55.163050,1.824963,67.853640,-0.560976,0.581813,0.588875,-64.009491,11,77.1400452,15.7695322,Building,Surface,3.177277,3.134796,0.000000,0.000000,-55.199600,1.824822,67.888520,349.719500,314.207300,359.456300,104.047200,98.172010,0.300000,1000.000000,0.900730,2468,2740,50.000000,off,,0,-1,0,1,1
1765268548072,2025-12-09 16:22:28.072,697.990700,19.640080,23,3,2,0.000386,0.009159,-0.049682,0.026917,0.427704,0.903503,-55.162940,1.824875,67.853610,-0.561727,0.581194,0.588770,-64.0307465,11.000001,77.1483307,15.7864752,Building,Surface,3.177277,3.134796,0.000000,0.000000,-55.199520,1.824696,67.888460,349.762100,314.151300,359.430000,104.047200,98.172010,0.300000,1000.000000,0.900730,2468,2740,50.000000,off,,0,-1,0,1,1
1765268548083,2025-12-09 16:22:28.083,698.002000,19.651430,23,3,2,0.002071,0.009156,-0.049919,0.027786,0.420120,0.907028,-55.161540,1.824767,67.854650,-0.565744,0.573228,0.592720,-64.1222839,10.9040442,77.2426605,15.8386488,Building,Surface,3.326309,3.067490,0.000000,0.000000,-55.199510,1.824582,67.888400,349.839300,314.080100,359.394500,104.047200,98.172010,0.300000,1000.000000,0.900730,2468,2740,50.000000,off,,0,0,-1,1,1
1765268548095,2025-12-09 16:22:28.095,698.013500,19.662960,23,3,2,0.001453,0.009863,-0.051636,0.015091,0.364670,0.931000,-55.160600,1.825068,67.852920,-0.600130,0.521915,0.606153,-64.4570389,9.90990162,77.2426605,15.4904976,Building,Surface,3.054092,3.069962,0.000001,0.000000,-55.199490,1.824418,67.888310,349.912500,314.005000,359.374700,104.047200,98.172010,0.300000,1000.000000,0.900730,2468,2740,50.000000,off,,0,0,-1,1,1
1765268548106,2025-12-09 16:22:28.106,698.025100,19.674500,23,3,0,0.031932,0.008524,-0.049226,-0.110291,0.194595,0.974655,-55.141320,1.823751,67.876690,-0.742135,0.362012,0.564064,-64.4903488,6.38419962,74.9824829,12.5973873,Building,Surface,2.620560,2.859406,0.000038,0.000000,-55.199490,1.824264,67.888200,350.007600,313.891500,359.334700,104.047200,98.172010,0.300000,1000.000000,0.900730,2468,2740,50.000000,off,,0.866023183,0,-0.500003874,1,1
1765268548118,2025-12-09 16:22:28.118,698.036600,19.686040,23,3,0,0.031932,0.008524,-0.049226,-0.110291,0.194595,0.974655,-55.141330,1.823565,67.876670,-0.743698,0.360808,0.562775,-64.5028687,6.36535311,74.9607849,12.5877333,Building,Surface,2.620560,2.859406,0.000038,0.000000,-55.199530,1.824040,67.888030,350.089000,313.754300,359.274500,104.047200,98.172010,0.300000,1000.000000,0.900730,2468,2740,50.000000,off,,0.866023183,0,-0.500003874,1,1
1765268548129,2025-12-09 16:22:28.129,698.047900,19.697270,23,3,1,0.000000,0.000000,0.000000,0.000000,0.000000,1.000000,0.000000,0.000000,0.000000,0.000000,0.000000,0.000000,,,,,InvalidGaze,InvalidGaze,0.000000,0.000000,0.000000,0.000000,-55.199590,1.823832,67.887830,350.188400,313.575300,359.198900,104.047200,98.172010,0.300000,1000.000000,0.900730,2468,2740,50.000000,off,,,,,0,0
1765268548141,2025-12-09 16:22:28.141,698.058900,19.708310,23,3,2,0.001453,0.009863,-0.051636,0.015091,0.364670,0.931000,-55.160420,1.824632,67.852690,-0.608244,0.516162,0.602983,-64.6323242,9.86257744,77.2426605,15.5723124,Building,Surface,3.054092,3.069962,0.002414,0.000000,-55.199720,1.823640,67.887620,350.292700,313.370600,359.128800,104.047200,98.172010,0.300000,1000.000000,0.900730,2468,2740,50.000000,off,,0,0,-1,1,1
1765268548151,2025-12-09 16:22:28.151,698.070000,19.719420,23,3,0,0.031932,0.008524,-0.049226,-0.110291,0.194595,0.974655,-55.141570,1.823070,67.876720,-0.750452,0.356632,0.556435,-64.5606842,6.29926109,74.860672,12.5511494,Building,Surface,2.620560,2.859406,0.002414,0.000000,-55.199890,1.823425,67.887410,350.373300,313.134000,359.043800,104.047200,98.172010,0.300000,1000.000000,0.900730,2468,2740,50.000000,off,,0.866023183,0,-0.500003874,1,1
1765268548162,2025-12-09 16:22:28.162,698.081100,19.730470,23,3,0,0.031932,0.008524,-0.049226,-0.110291,0.194595,0.974655,-55.141730,1.822895,67.876720,-0.753096,0.355055,0.553866,-64.5836792,6.2744174,74.820816,12.537425,Building,Surface,2.620560,2.859406,0.002414,0.000000,-55.200100,1.823208,67.887140,350.481400,312.886900,358.949500,104.047200,98.172010,0.300000,1000.000000,0.900730,2468,2740,50.000000,off,,0.866023183,0,-0.500003874,1,1
1765268548173,2025-12-09 16:22:28.173,698.092200,19.741580,23,3,1,0.000000,0.000000,0.000000,0.000000,0.000000,1.000000,0.000000,0.000000,0.000000,0.000000,0.000000,0.000000,,,,,InvalidGaze,InvalidGaze,0.000000,0.000000,0.000000,0.000000,-55.200300,1.822974,67.886890,350.582300,312.648000,358.863600,104.047200,98.172010,0.300000,1000.000000,0.900730,2468,2740,50.000000,off,,,,,0,0
1765268548184,2025-12-09 16:22:28.184,698.103300,19.752690,23,3,1,0.000000,0.000000,0.000000,0.000000,0.000000,1.000000,0.000000,0.000000,0.000000,0.000000,0.000000,0.000000,,,,,InvalidGaze,InvalidGaze,0.000000,0.000000,0.000000,0.000000,-55.200500,1.822739,67.886600,350.712400,312.373000,358.787800,104.047200,98.172010,0.300000,1000.000000,0.900730,2468,2740,50.000000,off,,,,,0,0
1765268548195,2025-12-09 16:22:28.195,698.114500,19.763920,23,3,1,0.000000,0.000000,0.000000,0.000000,0.000000,1.000000,0.000000,0.000000,0.000000,0.000000,0.000000,0.000000,,,,,InvalidGaze,InvalidGaze,0.000000,0.000000,0.000000,0.000000,-55.200780,1.822511,67.886380,350.834000,312.098400,358.712700,104.047200,98.172010,0.300000,1000.000000,0.900730,2468,2740,50.000000,off,,,,,0,0
1765268548206,2025-12-09 16:22:28.206,698.125500,19.774960,23,3,0,0.032893,0.006034,-0.046028,-0.368851,-0.235809,0.899063,-55.144560,1.820203,67.879840,-0.938054,-0.083397,0.336261,-75.618309,-4.84349126E-14,75.2189941,21.8254547,Building,Surface,3.057480,3.083069,0.009837,0.000000,-55.201080,1.822223,67.886060,350.989400,311.785300,358.643000,104.047200,98.172010,0.300000,1000.000000,0.900730,2468,2740,50.000000,off,,0,1,6.43918682E-16,1,1
1765268548217,2025-12-09 16:22:28.217,698.136600,19.786010,23,3,1,0.000000,0.000000,0.000000,0.000000,0.000000,1.000000,0.000000,0.000000,0.000000,0.000000,0.000000,0.000000,,,,,InvalidGaze,InvalidGaze,0.000000,0.000000,0.000000,0.000000,-55.201400,1.821896,67.885720,351.143600,311.470300,358.574900,104.047200,98.172010,0.300000,1000.000000,0.900730,2468,2740,50.000000,off,,,,,0,0
1765268548229,2025-12-09 16:22:28.229,698.147700,19.797120,23,3,1,0.000000,0.000000,0.000000,0.000000,0.000000,1.000000,0.000000,0.000000,0.000000,0.000000,0.000000,0.000000,,,,,InvalidGaze,InvalidGaze,0.000000,0.000000,0.000000,0.000000,-55.201770,1.821557,67.885310,351.319600,311.112500,358.499800,104.047200,98.172010,0.300000,1000.000000,0.900730,2468,2740,50.000000,off,,,,,0,0
1765268548244,2025-12-09 16:22:28.244,698.158800,19.808230,23,3,1,0.000000,0.000000,0.000000,0.000000,0.000000,1.000000,0.000000,0.000000,0.000000,0.000000,0.000000,0.000000,,,,,InvalidGaze,InvalidGaze,0.000000,0.000000,0.000000,0.000000,-55.202160,1.821198,67.884890,351.485900,310.740900,358.435700,104.047200,98.172010,0.300000,1000.000000,0.900730,2468,2740,50.000000,off,,,,,0,0
1765268548251,2025-12-09 16:22:28.251,698.170000,19.819400,23,3,0,0.032918,0.005633,-0.044688,-0.341431,-0.224899,0.912598,-55.146940,1.818998,67.880570,-0.937057,-0.080621,0.339725,-76.2891312,-4.86451936E-14,75.5455551,22.5622063,Building,Surface,2.952972,2.992996,0.159360,0.000000,-55.202570,1.820827,67.884430,351.670100,310.343300,358.370700,104.047200,98.172010,0.300000,1000.000000,0.900730,2468,2740,50.000000,off,,0,1,6.43918682E-16,1,1
1765268548262,2025-12-09 16:22:28.262,698.181200,19.830570,23,3,2,-0.030600,0.009737,-0.053504,-0.271668,-0.091766,0.957993,-55.180680,1.823390,67.825760,-0.912704,0.052935,0.405145,-76.3949203,3.05377364,77.2426605,23.2429714,Building,Surface,1.783569,2.986023,0.000010,0.000000,-55.203050,1.820449,67.883930,351.849500,309.876800,358.313000,104.047200,98.172010,0.300000,1000.000000,0.900730,2468,2740,50.000000,off,,0,0,-1,1,1
1765268548273,2025-12-09 16:22:28.273,698.192200,19.841610,23,3,2,-0.030600,0.009737,-0.053504,-0.271668,-0.091766,0.957993,-55.180710,1.823241,67.825460,-0.916208,0.050095,0.397527,-76.8851852,3.00996351,77.2426605,23.6891518,Building,Surface,1.783569,2.986023,0.000010,0.000000,-55.203580,1.820071,67.883430,352.043300,309.400800,358.226900,104.047200,98.172010,0.300000,1000.000000,0.900730,2468,2740,50.000000,off,,0,0,-1,1,1
1765268548284,2025-12-09 16:22:28.284,698.203200,19.852660,23,3,2,-0.028418,0.009408,-0.052695,-0.268539,-0.055374,0.961670,-55.180020,1.822765,67.827270,-0.916392,0.083333,0.391498,-77.2189331,3.82689428,77.2426605,24.0495243,Building,Surface,2.635147,2.929611,0.002460,0.000000,-55.204120,1.819658,67.882780,352.248700,308.863400,358.175700,104.047200,98.172010,0.300000,1000.000000,0.900730,2468,2740,50.000000,off,,0,0,-1,1,1
1765268548296,2025-12-09 16:22:28.296,698.214400,19.863830,23,3,2,0.026883,0.005730,-0.044940,-0.250366,-0.067001,0.965820,-55.152470,1.818117,67.875410,-0.913936,0.068331,0.400043,-76.5528336,3.41812944,77.2426605,23.4153976,Building,Surface,2.981384,2.754318,0.039841,0.000000,-55.204700,1.819207,67.882180,352.472700,308.296900,358.107300,104.047200,98.172010,0.300000,1000.000000,0.900730,2468,2740,50.000000,off,,0,0,-1,1,1
1765268548307,2025-12-09 16:22:28.307,698.225500,19.874940,23,3,2,0.029244,0.005601,-0.044776,-0.246552,-0.078766,0.965912,-55.151800,1.817596,67.877210,-0.917604,0.052746,0.393951,-76.9661179,3.07153392,77.2426605,23.7728519,Building,Surface,2.900604,2.942184,0.039841,0.000000,-55.205390,1.818707,67.881430,352.710600,307.678600,358.060800,104.047200,98.172010,0.300000,1000.000000,0.900730,2468,2740,50.000000,off,,0,0,-1,1,1
1765268548318,2025-12-09 16:22:28.318,698.236600,19.885990,23,3,2,0.029244,0.005601,-0.044776,-0.246552,-0.078766,0.965912,-55.152440,1.817273,67.877040,-0.922246,0.048742,0.383489,-77.6756592,3.00765777,77.2426605,24.4218636,Building,Surface,2.900604,2.942184,0.039841,0.000000,-55.206080,1.818211,67.880650,352.959800,307.022500,358.014200,104.047200,98.172010,0.300000,1000.000000,0.900730,2468,2740,50.000000,off,,0,0,-1,1,1
1765268548329,2025-12-09 16:22:28.329,698.247700,19.897090,23,3,2,-0.028418,0.009408,-0.052695,-0.268539,-0.055374,0.961670,-55.180250,1.821794,67.825530,-0.933855,0.068650,0.350986,-80.2360382,3.66370869,77.2426605,26.8303528,Building,Surface,2.635147,2.929611,0.009961,0.000000,-55.206780,1.817707,67.879870,353.185000,306.321100,357.961900,104.047200,98.172010,0.300000,1000.000000,0.900730,2468,2740,50.000000,off,,0,0,-1,1,1
1765268548340,2025-12-09 16:22:28.340,698.258900,19.908260,23,3,2,0.026883,0.005730,-0.044940,-0.250366,-0.067001,0.965820,-55.155060,1.816793,67.874670,-0.932952,0.053205,0.356021,-79.7038498,3.2167778,77.2426605,26.3127728,Building,Surface,2.981384,2.754318,0.629687,0.000000,-55.207570,1.817230,67.878910,353.424700,305.543300,357.897100,104.047200,98.172010,0.300000,1000.000000,0.900730,2468,2740,50.000000,off,,0,0,-1,1,1
1765268548351,2025-12-09 16:22:28.351,698.270000,19.919370,23,3,2,0.026883,0.005730,-0.044940,-0.250366,-0.067001,0.965820,-55.155870,1.816470,67.874420,-0.938103,0.049578,0.342762,-80.7957458,3.1715169,77.2426605,27.3313618,Building,Surface,2.981384,2.754318,0.629687,0.000000,-55.208430,1.816766,67.877900,353.667000,304.730700,357.792600,104.047200,98.172010,0.300000,1000.000000,0.900730,2468,2740,50.000000,off,,0,0,-1,1,1
1765268548362,2025-12-09 16:22:28.362,698.280900,19.930360,23,3,2,0.023075,0.005966,-0.045488,-0.214981,-0.076675,0.973602,-55.158290,1.816449,67.870670,-0.931533,0.036200,0.361847,-79.2853928,2.75404525,77.2426605,25.9003983,Building,Surface,2.751053,2.715714,0.009900,0.000000,-55.209280,1.816296,67.876790,353.883400,303.822600,357.684400,104.047200,98.172010,0.300000,1000.000000,0.900730,2468,2740,50.000000,off,,0,0,-1,1,1
1765268548373,2025-12-09 16:22:28.374,698.292100,19.941530,23,3,2,0.002368,0.007476,-0.048824,-0.223633,-0.038528,0.973908,-55.167320,1.818175,67.851090,-0.937931,0.071193,0.339425,-81.1189957,3.78801918,77.2426605,27.6689568,Building,Surface,2.988312,2.969757,0.009900,0.000000,-55.210170,1.815862,67.875660,354.102300,302.934800,357.575200,104.047200,98.172010,0.300000,1000.000000,0.900730,2468,2740,50.000000,off,,0,0,-1,1,1
1765268548385,2025-12-09 16:22:28.385,698.303200,19.952640,23,3,2,0.007051,0.006862,-0.047066,-0.194641,-0.065826,0.978653,-55.166850,1.817311,67.855550,-0.935425,0.039831,0.351246,-80.1662369,2.88180161,77.2426605,26.7248974,Building,Surface,2.969910,2.928833,0.039600,0.000000,-55.211020,1.815450,67.874460,354.328300,301.972700,357.468900,104.047200,98.172010,0.300000,1000.000000,0.900730,2468,2740,50.000000,off,,0,0,-1,1,1
1765268548396,2025-12-09 16:22:28.396,698.314300,19.963750,23,3,2,0.007051,0.006862,-0.047066,-0.194641,-0.065826,0.978653,-55.167430,1.817087,67.855060,-0.941291,0.036741,0.335562,-81.5007629,2.84494495,77.2426605,27.9754906,Building,Surface,2.969910,2.928833,0.039600,0.000000,-55.211900,1.815073,67.873220,354.527600,301.016500,357.376800,104.047200,98.172010,0.300000,1000.000000,0.900730,2468,2740,50.000000,off,,0,0,-1,1,1
1765268548407,2025-12-09 16:22:28.407,698.325400,19.974850,23,3,2,0.008612,0.006699,-0.046631,-0.145660,-0.038086,0.988586,-55.167660,1.816719,67.856120,-0.928252,0.060332,0.366987,-78.9098511,3.35984993,77.2426605,25.5769482,Building,Surface,2.832932,2.838257,0.629641,0.000000,-55.212810,1.814771,67.871960,354.700600,300.058200,357.271000,104.047200,98.172010,0.300000,1000.000000,0.900730,2468,2740,50.000000,off,,0,0,-1,1,1
1765268548418,2025-12-09 16:22:28.418,698.336500,19.985900,23,3,2,0.032115,0.005695,-0.045967,-0.508591,-0.100342,0.855133,-55.157660,1.814439,67.876490,-0.999497,0.001836,-0.031421,-99.9999924,1.89681101,66.4667892,44.8645592,Building,Surface,3.409851,3.126633,0.000626,0.000000,-55.213710,1.814471,67.870620,354.845300,299.056700,357.191200,104.047200,98.172010,0.300000,1000.000000,0.900730,2468,2740,50.000000,off,,1,0,0,1,1
1765268548429,2025-12-09 16:22:28.429,698.347700,19.997130,23,3,2,0.032115,0.005695,-0.045967,-0.508591,-0.100342,0.855133,-55.158670,1.814214,67.876080,-0.998798,0.000494,-0.048872,-99.9999924,1.83639252,65.6819611,44.8949776,Building,Surface,3.409851,3.126633,0.000626,0.000000,-55.214610,1.814181,67.869230,354.989800,298.064000,357.098800,104.047200,98.172010,0.300000,1000.000000,0.900730,2468,2740,50.000000,off,,1,0,0,1,1
1765268548440,2025-12-09 16:22:28.440,698.358700,20.008120,23,3,2,0.007051,0.006862,-0.047066,-0.194641,-0.065826,0.978653,-55.169870,1.816388,67.852880,-0.962581,0.028713,0.269430,-88.7163315,2.81705022,77.2426605,34.8501625,Building,Surface,2.969910,2.928833,0.158406,0.000000,-55.215500,1.813971,67.867870,355.073800,297.051800,356.994800,104.047200,98.172010,0.300000,1000.000000,0.900730,2468,2740,50.000000,off,,0,0,-1,1,1
1765268548452,2025-12-09 16:22:28.452,698.369900,20.019350,23,3,2,0.008612,0.006699,-0.046631,-0.145660,-0.038086,0.988586,-55.170200,1.816075,67.853920,-0.952022,0.053348,0.301294,-78.3674545,3.11596799,75.195343,24.3659325,Building,Surface,2.832932,2.838257,0.000156,0.000000,-55.216350,1.813808,67.866510,355.164600,296.057000,356.875900,104.047200,98.172010,0.300000,1000.000000,0.900730,2468,2740,50.000000,off,,0.866023183,0,-0.500003874,1,1
1765268548463,2025-12-09 16:22:28.463,698.380900,20.030330,23,3,2,0.002085,0.007526,-0.049498,-0.522308,-0.085388,0.848465,-55.170810,1.816942,67.846210,-0.993044,0.015112,-0.116730,-99.9999924,2.49914646,62.5766449,45.1429825,Building,Surface,3.405563,3.100006,0.000615,0.000000,-55.217110,1.813694,67.865090,355.222100,295.055600,356.762400,104.047200,98.172010,0.300000,1000.000000,0.900730,2468,2740,50.000000,off,,1,0,0,1,1
1765268548474,2025-12-09 16:22:28.474,698.392000,20.041440,23,3,2,0.002085,0.007526,-0.049498,-0.522308,-0.085388,0.848465,-55.171250,1.816853,67.845660,-0.990836,0.015542,-0.134138,-95.2405167,2.44536924,62.4211349,40.4396706,Building,Surface,3.405563,3.100006,0.000615,0.000000,-55.217870,1.813574,67.863720,355.263900,294.057800,356.647600,104.047200,98.172010,0.300000,1000.000000,0.900730,2468,2740,50.000000,off,,0,0,1,1,1
1765268548485,2025-12-09 16:22:28.485,698.403200,20.052610,23,3,2,0.002264,0.007437,-0.049193,-0.573395,-0.078796,0.815460,-55.171880,1.816693,67.845340,-0.977143,0.022631,-0.211296,-80.256218,2.39765477,62.4211349,25.6706772,Building,Surface,3.704788,3.161850,0.000155,0.000000,-55.218600,1.813453,67.862290,355.308000,293.055600,356.557300,104.047200,98.172010,0.300000,1000.000000,0.900730,2468,2740,50.000000,off,,0,0,0.99999994,1,1
1765268548496,2025-12-09 16:22:28.496,698.414300,20.063720,23,3,2,0.002178,0.007669,-0.049849,-0.537598,-0.071960,0.840103,-55.171730,1.816786,67.844410,-0.982192,0.029826,-0.185398,-87.8649368,2.80957341,61.6732635,33.2853508,Building,Surface,3.567917,3.177734,0.002490,0.000000,-55.219330,1.813343,67.860860,355.337100,292.080700,356.456500,104.047200,98.172010,0.300000,1000.000000,0.900730,2468,2740,50.000000,off,,1,0,0,1,1
1765268548507,2025-12-09 16:22:28.507,698.425500,20.074950,23,3,2,0.014822,0.006695,-0.047314,-0.459000,-0.062943,0.886185,-55.170120,1.815141,67.856510,-0.992983,0.037999,-0.111830,-99.9999924,3.53066874,62.8077545,45.1458817,Building,Surface,3.569244,3.074677,0.009900,0.000000,-55.220030,1.813242,67.859470,355.362000,291.116800,356.371600,104.047200,98.172010,0.300000,1000.000000,0.900730,2468,2740,50.000000,off,,1,0,0,1,1
1765268548517,2025-12-09 16:22:28.517,698.436500,20.085880,23,3,2,0.014822,0.006695,-0.047314,-0.459000,-0.062943,0.886185,-55.170750,1.815083,67.855940,-0.990990,0.038451,-0.128166,-97.1931152,3.44557571,62.4211349,42.4037132,Building,Surface,3.569244,3.074677,0.009900,0.000000,-55.220700,1.813197,67.858080,355.368900,290.176300,356.302100,104.047200,98.172010,0.300000,1000.000000,0.900730,2468,2740,50.000000,off,,0,0,1,1,1
1765268548528,2025-12-09 16:22:28.528,698.447600,20.097050,23,3,2,0.002264,0.007437,-0.049193,-0.573395,-0.078796,0.815460,-55.173630,1.816432,67.842980,-0.960769,0.024822,-0.276175,-79.9046936,2.45537281,60.7339859,25.7404633,Building,Surface,3.704788,3.161850,0.000619,0.000000,-55.221380,1.813154,67.856740,355.369100,289.237900,356.252400,104.047200,98.172010,0.300000,1000.000000,0.900730,2468,2740,50.000000,off,,1,0,0,1,1
1765268548539,2025-12-09 16:22:28.539,698.458700,20.108150,23,3,2,0.002178,0.007669,-0.049849,-0.537598,-0.071960,0.840103,-55.173420,1.816588,67.842120,-0.967806,0.031741,-0.249613,-79.9046936,2.62769604,61.4635162,25.5534801,Building,Surface,3.567917,3.177734,0.002490,0.000000,-55.222000,1.813128,67.855380,355.370100,288.321200,356.201600,104.047200,98.172010,0.300000,1000.000000,0.900730,2468,2740,50.000000,off,,1,0,0,1,1
1765268548551,2025-12-09 16:22:28.551,698.470000,20.119450,23,3,2,0.002178,0.007669,-0.049849,-0.537598,-0.071960,0.840103,-55.173750,1.816583,67.841520,-0.963761,0.031900,-0.264784,-79.9046936,2.6351645,61.046936,25.6603947,Building,Surface,3.567917,3.177734,0.002490,0.000000,-55.222540,1.813111,67.854020,355.386400,287.423100,356.159500,104.047200,98.172010,0.300000,1000.000000,0.900730,2468,2740,50.000000,off,,1,0,0,1,1
1765268548562,2025-12-09 16:22:28.562,698.481000,20.130430,23,3,2,0.024020,0.005986,-0.045701,-0.479675,-0.077942,0.873962,-55.172180,1.813720,67.863010,-0.976342,0.024669,-0.214761,-79.9119034,2.4388113,62.4211349,25.3388748,Building,Surface,3.426147,3.105988,0.009839,0.000000,-55.223120,1.813039,67.852720,355.410900,286.541100,356.131400,104.047200,98.172010,0.300000,1000.000000,0.900730,2468,2740,50.000000,off,,0,0,0.99999994,1,1
1765268548573,2025-12-09 16:22:28.573,698.492100,20.141480,23,3,2,-0.026826,0.009869,-0.054511,-0.319656,-0.061264,0.945541,-55.177460,1.820299,67.811380,-0.997825,0.035651,-0.055288,-99.9999924,3.42175031,65.3278275,44.9198418,Building,Surface,2.613617,3.031845,0.009777,0.000000,-55.223600,1.812987,67.851450,355.454500,285.690400,356.104800,104.047200,98.172010,0.300000,1000.000000,0.900730,2468,2740,50.000000,off,,1,0,0,1,1
1765268548584,2025-12-09 16:22:28.584,698.503200,20.152650,23,3,2,-0.029911,0.009928,-0.054380,-0.305878,-0.044952,0.951004,-55.178270,1.820547,67.807850,-0.997179,0.051129,-0.054872,-99.9999924,4.11872053,65.3414383,44.9483223,Building,Surface,3.062775,3.044754,0.009777,0.000000,-55.224120,1.812912,67.850160,355.481200,284.827900,356.067800,104.047200,98.172010,0.300000,1000.000000,0.900730,2468,2740,50.000000,off,,1,0,0,1,1
1765268548596,2025-12-09 16:22:28.596,698.514700,20.164120,23,3,2,-0.029911,0.009928,-0.054380,-0.305878,-0.044952,0.951004,-55.178110,1.820509,67.807310,-0.996261,0.051228,-0.069507,-99.9999847,4.12526178,64.6801834,44.9899101,Building,Surface,3.062775,3.044754,0.009777,0.000000,-55.224590,1.812842,67.848930,355.490500,283.988000,356.020600,104.047200,98.172010,0.300000,1000.000000,0.900730,2468,2740,50.000000,off,,1,0,0,1,1
1765268548606,2025-12-09 16:22:28.606,698.525300,20.174740,23,3,2,-0.030211,0.009918,-0.054049,-0.288559,-0.055832,0.955826,-55.178430,1.820571,67.806530,-0.997006,0.039633,-0.066291,-100,3.60231876,64.8263474,44.9558525,Building,Surface,3.179657,3.102371,0.009961,0.000000,-55.225110,1.812824,67.847690,355.505500,283.174000,355.962800,104.047200,98.172010,0.300000,1000.000000,0.900730,2468,2740,50.000000,off,,1,0,0,1,1
1765268548617,2025-12-09 16:22:28.617,698.536400,20.185850,23,3,2,-0.030305,0.009911,-0.054225,-0.262589,-0.043427,0.963928,-55.178150,1.820569,67.805890,-0.997331,0.050985,-0.052226,-99.9999924,4.11192608,65.4587631,44.9417038,Building,Surface,2.782669,2.906708,0.039356,0.000000,-55.225530,1.812802,67.846520,355.509600,282.391100,355.903700,104.047200,98.172010,0.300000,1000.000000,0.900730,2468,2740,50.000000,off,,1,0,0,1,1
1765268548629,2025-12-09 16:22:28.629,698.547500,20.196960,23,3,2,-0.030305,0.009911,-0.054225,-0.262589,-0.043427,0.963928,-55.177960,1.820581,67.805440,-0.996526,0.051375,-0.065518,-100,4.13134193,64.8585587,44.978199,Building,Surface,2.782669,2.906708,0.039356,0.000000,-55.225890,1.812787,67.845420,355.503800,281.629000,355.840200,104.047200,98.172010,0.300000,1000.000000,0.900730,2468,2740,50.000000,off,,1,0,0,1,1
1765268548640,2025-12-09 16:22:28.640,698.558700,20.208070,23,3,2,-0.026993,0.009923,-0.054629,-0.301102,-0.037491,0.952850,-55.176830,1.820291,67.808140,-0.991276,0.059566,-0.117538,-99.9999924,4.51372576,62.493351,45.2174454,Building,Surface,3.300308,3.141815,0.039356,0.000000,-55.226260,1.812734,67.844350,355.498600,280.910800,355.786000,104.047200,98.172010,0.300000,1000.000000,0.900730,2468,2740,50.000000,off,,1,0,0,1,1
1765268548651,2025-12-09 16:22:28.651,698.569800,20.219180,23,3,2,-0.030211,0.009918,-0.054049,-0.288559,-0.055832,0.955826,-55.177830,1.820572,67.804720,-0.992186,0.040560,-0.117938,-100,3.65287685,62.4768524,45.174881,Building,Surface,3.179657,3.102371,0.009778,0.000000,-55.226580,1.812690,67.843360,355.521100,280.208400,355.729200,104.047200,98.172010,0.300000,1000.000000,0.900730,2468,2740,50.000000,off,,1,0,0,1,1
1765268548662,2025-12-09 16:22:28.662,698.580900,20.230290,23,3,2,-0.030305,0.009911,-0.054225,-0.262589,-0.043427,0.963928,-55.177520,1.820561,67.804210,-0.993425,0.051737,-0.102106,-99.9999924,4.15489006,63.1972733,45.11903,Building,Surface,2.782669,2.906708,0.039601,0.000000,-55.226890,1.812653,67.842370,355.529800,279.526800,355.667200,104.047200,98.172010,0.300000,1000.000000,0.900730,2468,2740,50.000000,off,,1,0,0,1,1
1765268548673,2025-12-09 16:22:28.673,698.591900,20.241330,23,3,2,-0.030305,0.009911,-0.054225,-0.262589,-0.043427,0.963928,-55.177390,1.820556,67.803820,-0.992250,0.051829,-0.112917,-100,4.16181135,62.7030563,45.1726112,Building,Surface,2.782669,2.906708,0.039601,0.000000,-55.227180,1.812623,67.841440,355.535000,278.904000,355.628300,104.047200,98.172010,0.300000,1000.000000,0.900730,2468,2740,50.000000,off,,1,0,0,1,1
1765268548684,2025-12-09 16:22:28.684,698.603100,20.252500,23,3,2,-0.014929,0.009238,-0.053409,-0.337174,-0.048904,0.940155,-55.175990,1.818778,67.818720,-0.978248,0.050733,-0.201064,-81.4371567,3.18070769,62.4211311,26.8446922,Building,Surface,3.348251,3.025833,0.157407,0.000000,-55.227440,1.812614,67.840540,355.523600,278.285900,355.569800,104.047200,98.172010,0.300000,1000.000000,0.900730,2468,2740,50.000000,off,,0,0,0.99999994,1,1
1765268548695,2025-12-09 16:22:28.695,698.614200,20.263610,23,3,2,-0.014867,0.009044,-0.052621,-0.311630,-0.038055,0.949432,-55.176800,1.818648,67.818530,-0.981134,0.060667,-0.183519,-87.8649292,3.83987164,61.704277,33.3164177,Building,Surface,3.301361,3.042496,0.000154,0.000000,-55.227680,1.812621,67.839680,355.513000,277.719700,355.530000,104.047200,98.172010,0.300000,1000.000000,0.900730,2468,2740,50.000000,off,,1,0,0,1,1
1765268548706,2025-12-09 16:22:28.706,698.625300,20.274720,23,3,2,-0.014867,0.009044,-0.052621,-0.311630,-0.038055,0.949432,-55.176850,1.818640,67.818180,-0.979258,0.061233,-0.193100,-82.5465851,3.53006887,62.4211349,27.9492264,Building,Surface,3.301361,3.042496,0.000154,0.000000,-55.227930,1.812628,67.838830,355.489200,277.160400,355.498400,104.047200,98.172010,0.300000,1000.000000,0.900730,2468,2740,50.000000,off,,0,0,0.99999994,1,1
1765268548718,2025-12-09 16:22:28.718,698.636400,20.285830,23,3,2,-0.023404,0.009448,-0.053251,-0.282410,-0.035721,0.958618,-55.177110,1.819643,67.809360,-0.983158,0.062669,-0.171620,-87.8649368,3.90324879,62.1033745,33.247467,Building,Surface,3.246490,2.986526,0.000619,0.000000,-55.228110,1.812631,67.838050,355.456100,276.651800,355.472400,104.047200,98.172010,0.300000,1000.000000,0.900730,2468,2740,50.000000,off,,1,0,0,1,1
1765268548729,2025-12-09 16:22:28.729,698.647500,20.296940,23,3,2,-0.024516,0.008610,-0.050093,-0.217133,-0.016266,0.975998,-55.180360,1.819139,67.808220,-0.990558,0.078530,-0.112300,-99.9999924,5.37237549,62.7270012,45.2464752,Building,Surface,3.102036,3.033310,0.000615,0.000000,-55.228290,1.812638,67.837280,355.439100,276.148000,355.473000,104.047200,98.172010,0.300000,1000.000000,0.900730,2468,2740,50.000000,off,,1,0,0,1,1
1765268548740,2025-12-09 16:22:28.740,698.658600,20.307980,23,3,2,-0.014867,0.009044,-0.052621,-0.311630,-0.038055,0.949432,-55.176830,1.818585,67.817260,-0.973715,0.062750,-0.218918,-79.9046936,3.41214538,62.2577553,25.395174,Building,Surface,3.301361,3.042496,0.039356,0.000000,-55.228450,1.812639,67.836530,355.408800,275.646700,355.464100,104.047200,98.172010,0.300000,1000.000000,0.900730,2468,2740,50.000000,off,,1,0,0,1,1
1765268548751,2025-12-09 16:22:28.751,698.669700,20.319090,23,3,2,-0.014867,0.009044,-0.052621,-0.311630,-0.038055,0.949432,-55.176810,1.818569,67.816950,-0.971881,0.063219,-0.226790,-79.9046936,3.42707062,62.0466576,25.4431076,Building,Surface,3.301361,3.042496,0.039356,0.000000,-55.228590,1.812645,67.835810,355.382800,275.183300,355.456900,104.047200,98.172010,0.300000,1000.000000,0.900730,2468,2740,50.000000,off,,1,0,0,1,1
1765268548762,2025-12-09 16:22:28.762,698.680800,20.330260,23,3,2,-0.023404,0.009448,-0.053251,-0.282410,-0.035721,0.958618,-55.176780,1.819579,67.808170,-0.976661,0.064448,-0.204841,-80.8616028,3.51447153,62.4211388,26.298336,Building,Surface,3.246490,2.986526,0.002475,0.000000,-55.228740,1.812653,67.835110,355.356200,274.710500,355.450400,104.047200,98.172010,0.300000,1000.000000,0.900730,2468,2740,50.000000,off,,0,0,0.99999994,1,1
1765268548773,2025-12-09 16:22:28.773,698.692000,20.341370,23,3,2,-0.019893,0.008498,-0.050153,-0.217239,-0.000900,0.976105,-55.179580,1.818604,67.811520,-0.984928,0.096274,-0.143608,-92.1492844,5.43229008,62.4211349,37.5349655,Building,Surface,3.201218,3.122025,0.000038,0.000000,-55.228820,1.812691,67.834410,355.302100,274.274700,355.437200,104.047200,98.172010,0.300000,1000.000000,0.900730,2468,2740,50.000000,off,,0,0,1,1,1
1765268548784,2025-12-09 16:22:28.784,698.703000,20.352420,23,3,2,-0.019893,0.008498,-0.050153,-0.217239,-0.000900,0.976105,-55.179500,1.818643,67.811200,-0.983659,0.097271,-0.151421,-90.194397,5.28115749,62.4211388,35.5961266,Building,Surface,3.201218,3.122025,0.000038,0.000000,-55.228930,1.812773,67.833690,355.247300,273.820000,355.419300,104.047200,98.172010,0.300000,1000.000000,0.900730,2468,2740,50.000000,off,,0,0,1,1,1
1765268548796,2025-12-09 16:22:28.796,698.714200,20.363590,23,3,2,-0.000928,0.007330,-0.047858,-0.229996,-0.022293,0.972931,-55.180770,1.816216,67.829770,-0.981725,0.078294,-0.173425,-87.8649445,4.42282677,62.0560074,33.2924309,Building,Surface,3.176102,3.062073,0.000038,0.000000,-55.228980,1.812894,67.832950,355.166800,273.382400,355.379600,104.047200,98.172010,0.300000,1000.000000,0.900730,2468,2740,50.000000,off,,1,0,0,1,1
1765268548807,2025-12-09 16:22:28.807,698.725200,20.374630,23,3,2,0.013014,0.006387,-0.045969,-0.177078,-0.040741,0.983337,-55.182120,1.814452,67.843340,-0.989914,0.057828,-0.129210,-96.7231445,4.24116325,62.4211311,41.963623,Building,Surface,3.168396,3.077225,0.000038,0.000000,-55.229000,1.813086,67.832240,355.099600,272.939000,355.355200,104.047200,98.172010,0.300000,1000.000000,0.900730,2468,2740,50.000000,off,,0,0,1,1,1
1765268548818,2025-12-09 16:22:28.818,698.736500,20.385860,23,3,2,0.017125,0.005980,-0.044991,-0.188675,-0.031799,0.981522,-55.183110,1.813897,67.847110,-0.986592,0.068766,-0.147993,-91.3552246,4.33511353,62.4211349,36.6636047,Building,Surface,3.227829,3.040787,0.002445,0.000000,-55.229040,1.813245,67.831530,355.028600,272.485300,355.336100,104.047200,98.172010,0.300000,1000.000000,0.900730,2468,2740,50.000000,off,,0,0,1,1,1
1765268548829,2025-12-09 16:22:28.829,698.747400,20.396850,23,3,2,0.017125,0.005980,-0.044991,-0.188675,-0.031799,0.981522,-55.183250,1.814008,67.846690,-0.985330,0.070051,-0.155602,-89.5398712,4.25655842,62.4211388,34.868042,Building,Surface,3.227829,3.040787,0.002445,0.000000,-55.229060,1.813415,67.830760,354.952800,272.043300,355.339300,104.047200,98.172010,0.300000,1000.000000,0.900730,2468,2740,50.000000,off,,0,0,1,1,1
1765268548840,2025-12-09 16:22:28.840,698.758500,20.407960,23,3,2,0.032779,0.006190,-0.045372,-0.286209,0.117462,0.950928,-55.182600,1.812977,67.861920,-0.941984,0.224622,-0.249375,-79.9046936,7.7081151,61.3171387,26.2444038,Building,Surface,3.233398,3.098694,0.039107,0.000000,-55.229020,1.813529,67.830030,354.877100,271.610400,355.351400,104.047200,98.172010,0.300000,1000.000000,0.900730,2468,2740,50.000000,off,,1,0,0,1,1
1765268548851,2025-12-09 16:22:28.851,698.769700,20.419130,23,3,2,0.013014,0.006387,-0.045969,-0.177078,-0.040741,0.983337,-55.182450,1.814772,67.841860,-0.985165,0.062988,-0.159536,-88.6564331,3.95498133,62.4211349,33.9775314,Building,Surface,3.168396,3.077225,0.000154,0.000000,-55.228980,1.813648,67.829330,354.794600,271.179800,355.376900,104.047200,98.172010,0.300000,1000.000000,0.900730,2468,2740,50.000000,off,,0,0,1,1,1
1765268548863,2025-12-09 16:22:28.863,698.780800,20.430240,23,3,2,0.013014,0.006387,-0.045969,-0.177078,-0.040741,0.983337,-55.182560,1.814886,67.841560,-0.983898,0.064309,-0.166667,-87.8649368,3.95105338,62.3053398,33.2167206,Building,Surface,3.168396,3.077225,0.000154,0.000000,-55.229000,1.813820,67.828700,354.709800,270.763700,355.419100,104.047200,98.172010,0.300000,1000.000000,0.900730,2468,2740,50.000000,off,,1,0,0,1,1
1765268548874,2025-12-09 16:22:28.874,698.791900,20.441280,23,3,2,0.017125,0.005980,-0.044991,-0.188675,-0.031799,0.981522,-55.183610,1.814354,67.845280,-0.979990,0.075137,-0.184307,-87.8649368,4.32006979,61.6988945,33.3485527,Building,Surface,3.227829,3.040787,0.009899,0.000000,-55.228950,1.813975,67.828030,354.628800,270.367900,355.475300,104.047200,98.172010,0.300000,1000.000000,0.900730,2468,2740,50.000000,off,,1,0,0,1,1
1765268548885,2025-12-09 16:22:28.885,698.803100,20.452510,23,3,2,0.032750,0.005818,-0.044218,-0.224518,0.056198,0.972839,-55.184600,1.813221,67.860500,-0.961344,0.165602,-0.219949,-79.9046936,6.07152653,62.2047081,25.713892,Building,Surface,2.847076,3.086563,0.002460,0.000000,-55.228910,1.814182,67.827370,354.545900,269.971700,355.545100,104.047200,98.172010,0.300000,1000.000000,0.900730,2468,2740,50.000000,off,,1,0,0,1,1
1765268548895,2025-12-09 16:22:28.895,698.814200,20.463620,23,3,2,0.031489,0.005846,-0.044320,-0.214722,0.074448,0.973831,-55.184640,1.813473,67.858890,-0.959103,0.184037,-0.215049,-79.9046936,6.55686808,62.316185,25.7740669,Building,Surface,2.986557,3.044098,0.002460,0.000000,-55.228860,1.814342,67.826740,354.474500,269.602000,355.603100,104.047200,98.172010,0.300000,1000.000000,0.900730,2468,2740,50.000000,off,,1,0,0,1,1
1765268548906,2025-12-09 16:22:28.906,698.825200,20.474610,23,3,2,0.031489,0.005846,-0.044320,-0.214722,0.074448,0.973831,-55.184730,1.813544,67.858490,-0.957537,0.185194,-0.220957,-79.9046936,6.59454823,62.1542168,25.816143,Building,Surface,2.986557,3.044098,0.002460,0.000000,-55.228760,1.814443,67.826070,354.392700,269.254300,355.662400,104.047200,98.172010,0.300000,1000.000000,0.900730,2468,2740,50.000000,off,,1,0,0,1,1
1765268548917,2025-12-09 16:22:28.917,698.836300,20.485720,23,3,2,-0.025707,0.009116,-0.050364,-0.173645,0.148438,0.973541,-55.177000,1.820556,67.801530,-0.949643,0.256374,-0.180055,-83.5541763,9.48150921,62.4211349,29.881485,Building,Surface,3.100998,3.056046,0.002460,0.000000,-55.228670,1.814580,67.825520,354.328900,268.918900,355.728200,104.047200,98.172010,0.300000,1000.000000,0.900730,2468,2740,50.000000,off,,0,0,1,1,1
1765268548928,2025-12-09 16:22:28.928,698.847400,20.496770,23,3,2,0.021407,0.006407,-0.045466,-0.206482,0.117523,0.971359,-55.183350,1.814874,67.847860,-0.948199,0.228916,-0.220230,-79.9047012,7.78314781,62.1060333,26.0716972,Building,Surface,3.112946,3.052048,0.000038,0.000000,-55.228530,1.814632,67.824940,354.257400,268.617100,355.783700,104.047200,98.172010,0.300000,1000.000000,0.900730,2468,2740,50.000000,off,,1,0,0,1,1
1765268548939,2025-12-09 16:22:28.939,698.858500,20.507870,23,3,2,0.008241,0.007081,-0.046569,-0.134064,0.130905,0.982285,-55.181770,1.816460,67.834520,-0.958940,0.239025,-0.152620,-89.1950684,10.2946024,62.4211349,35.4695396,Building,Surface,3.066299,2.968994,0.002475,0.000000,-55.228470,1.814745,67.824400,354.189700,268.305300,355.831500,104.047200,98.172010,0.300000,1000.000000,0.900730,2468,2740,50.000000,off,,0,0,1,1,1
1765268548951,2025-12-09 16:22:28.951,698.869600,20.518980,23,3,2,0.008241,0.007081,-0.046569,-0.134064,0.130905,0.982285,-55.181710,1.816534,67.834270,-0.958065,0.239621,-0.157118,-88.1895905,10.072113,62.4211349,34.4525337,Building,Surface,3.066299,2.968994,0.002475,0.000000,-55.228370,1.814845,67.823940,354.146000,268.045500,355.895800,104.047200,98.172010,0.300000,1000.000000,0.900730,2468,2740,50.000000,off,,0,0,1,1,1
1765268548962,2025-12-09 16:22:28.962,698.880800,20.530210,23,3,2,-0.025707,0.009116,-0.050364,-0.173645,0.148438,0.973541,-55.176030,1.820679,67.800560,-0.944927,0.259393,-0.199492,-80.6565704,8.81537247,62.4211349,26.9651985,Building,Surface,3.100998,3.056046,0.000039,0.000000,-55.228170,1.815000,67.823550,354.108700,267.780400,355.956000,104.047200,98.172010,0.300000,1000.000000,0.900730,2468,2740,50.000000,off,,0,0,1,1,1
1765268548973,2025-12-09 16:22:28.973,698.891800,20.541260,23,3,2,0.021407,0.006407,-0.045466,-0.206482,0.117523,0.971359,-55.183320,1.815252,67.846940,-0.943121,0.231361,-0.238707,-79.9046936,7.87975645,61.5898628,26.212122,Building,Surface,3.112946,3.052048,0.040331,0.000000,-55.228070,1.815078,67.823190,354.063000,267.528300,356.013500,104.047200,98.172010,0.300000,1000.000000,0.900730,2468,2740,50.000000,off,,1,0,0,1,1
1765268548984,2025-12-09 16:22:28.984,698.903000,20.552370,23,3,2,0.021407,0.006407,-0.045466,-0.206482,0.117523,0.971359,-55.183190,1.815324,67.846820,-0.942046,0.231936,-0.242364,-79.9047012,7.90186977,61.486618,26.2421589,Building,Surface,3.112946,3.052048,0.040331,0.000000,-55.227850,1.815168,67.822900,354.019500,267.311600,356.056600,104.047200,98.172010,0.300000,1000.000000,0.900730,2468,2740,50.000000,off,,1,0,0,1,1
1765268548995,2025-12-09 16:22:28.995,698.914100,20.563540,23,3,2,-0.017412,0.008479,-0.048952,-0.133453,0.159683,0.978104,-55.177260,1.819721,67.808360,-0.947599,0.270017,-0.170713,-85.0808182,10.3406982,62.4211349,31.5571251,Building,Surface,3.029251,2.946320,0.039599,0.000000,-55.227750,1.815262,67.822600,353.981900,267.083300,356.096500,104.047200,98.172010,0.300000,1000.000000,0.900730,2468,2740,50.000000,off,,0,0,1,1,1
1765268549006,2025-12-09 16:22:29.006,698.925100,20.574520,23,3,2,-0.018764,0.008522,-0.049008,-0.102066,0.142960,0.984436,-55.176980,1.819810,67.806880,-0.956713,0.252669,-0.144320,-89.9371033,11,62.5633125,36.3323212,Building,Surface,2.989044,2.885406,0.000615,0.000000,-55.227660,1.815266,67.822290,353.938200,266.886500,356.114700,104.047200,98.172010,0.300000,1000.000000,0.900730,2468,2740,50.000000,off,,0,-1,0,1,1
1765268549018,2025-12-09 16:22:29.018,698.936300,20.585750,23,3,2,0.009072,0.006925,-0.046202,-0.118576,0.127213,0.984757,-55.181590,1.816721,67.834210,-0.956937,0.238778,-0.165064,-86.5632019,9.64716339,62.4211349,32.793644,Building,Surface,3.126740,2.871506,0.000615,0.000000,-55.227580,1.815367,67.822030,353.899700,266.703200,356.147000,104.047200,98.172010,0.300000,1000.000000,0.900730,2468,2740,50.000000,off,,0,0,1,1,1
1765268549028,2025-12-09 16:22:29.028,698.947300,20.596680,23,3,2,0.009072,0.006925,-0.046202,-0.118576,0.127213,0.984757,-55.181520,1.816726,67.834120,-0.956213,0.239643,-0.167979,-85.9947052,9.53902626,62.4211349,32.2240105,Building,Surface,3.126740,2.871506,0.000615,0.000000,-55.227470,1.815413,67.821810,353.845700,266.531200,356.170300,104.047200,98.172010,0.300000,1000.000000,0.900730,2468,2740,50.000000,off,,0,0,1,1,1
1765268549040,2025-12-09 16:22:29.040,698.958400,20.607850,23,3,2,0.029593,0.005846,-0.044477,-0.120377,0.082352,0.989304,-55.184830,1.814507,67.854300,-0.964522,0.196664,-0.176110,-84.9412842,7.88178444,62.4211349,30.8508892,Building,Surface,2.964157,2.799973,0.000039,0.000000,-55.227470,1.815475,67.821620,353.789400,266.367100,356.190600,104.047200,98.172010,0.300000,1000.000000,0.900730,2468,2740,50.000000,off,,0,0,1,1,1
1765268549051,2025-12-09 16:22:29.051,698.969500,20.618960,23,3,2,0.010978,0.006566,-0.045289,-0.083847,0.110580,0.990311,-55.182650,1.816428,67.835840,-0.964603,0.223218,-0.140315,-92.4063187,10.4303284,62.4211349,38.5891151,Building,Surface,3.108810,2.642654,0.002460,0.000000,-55.227460,1.815578,67.821460,353.737900,266.215600,356.204300,104.047200,98.172010,0.300000,1000.000000,0.900730,2468,2740,50.000000,off,,0,0,1,1,1
1765268549062,2025-12-09 16:22:29.062,698.980600,20.630000,23,3,2,0.010978,0.006566,-0.045289,-0.083847,0.110580,0.990311,-55.182630,1.816534,67.835840,-0.964032,0.224187,-0.142677,-91.7684021,10.3246059,62.4211349,37.9502945,Building,Surface,3.108810,2.642654,0.002460,0.000000,-55.227400,1.815728,67.821350,353.679800,266.075700,356.215700,104.047200,98.172010,0.300000,1000.000000,0.900730,2468,2740,50.000000,off,,0,0,1,1,1
1765268549073,2025-12-09 16:22:29.073,698.991800,20.641240,23,3,2,0.009072,0.006925,-0.046202,-0.118576,0.127213,0.984757,-55.181570,1.816983,67.834000,-0.953508,0.243286,-0.177830,-84.2048492,9.22222519,62.4211349,30.4382572,Building,Surface,3.126740,2.871506,0.000611,0.000000,-55.227400,1.815840,67.821220,353.621200,265.946400,356.241600,104.047200,98.172010,0.300000,1000.000000,0.900730,2468,2740,50.000000,off,,0,0,1,1,1
1765268549084,2025-12-09 16:22:29.084,699.002900,20.652280,23,3,2,0.029593,0.005846,-0.044477,-0.120377,0.082352,0.989304,-55.185130,1.814795,67.854160,-0.962042,0.200326,-0.185309,-83.3909607,7.68809509,62.4211349,29.3186359,Building,Surface,2.964157,2.799973,0.009900,0.000000,-55.227460,1.815909,67.821080,353.568000,265.821500,356.240300,104.047200,98.172010,0.300000,1000.000000,0.900730,2468,2740,50.000000,off,,0,0,1,1,1
1765268549095,2025-12-09 16:22:29.095,699.014000,20.663390,23,3,2,0.011901,0.006607,-0.045518,-0.081726,0.106430,0.990952,-55.182670,1.816637,67.836690,-0.963752,0.222563,-0.147101,-90.6634216,10.0103464,62.4211311,36.8150635,Building,Surface,3.053284,2.657425,0.002445,0.000000,-55.227500,1.815993,67.820990,353.526700,265.709000,356.244400,104.047200,98.172010,0.300000,1000.000000,0.900730,2468,2740,50.000000,off,,0,0,1,1,1
1765268549106,2025-12-09 16:22:29.106,699.025100,20.674500,23,3,2,0.011901,0.006607,-0.045518,-0.081726,0.106430,0.990952,-55.182720,1.816669,67.836660,-0.963378,0.223233,-0.148532,-90.3078156,9.95582008,62.4211388,36.4601936,Building,Surface,3.053284,2.657425,0.002445,0.000000,-55.227530,1.816055,67.820890,353.486800,265.624000,356.251000,104.047200,98.172010,0.300000,1000.000000,0.900730,2468,2740,50.000000,off,,0,0,1,1,1
1765268549118,2025-12-09 16:22:29.118,699.036100,20.685550,23,3,2,0.013303,0.006570,-0.045542,-0.081299,0.106781,0.990936,-55.182890,1.816535,67.838070,-0.962990,0.224047,-0.149730,-90.0219879,9.92211819,62.4211349,36.1774292,Building,Surface,2.970932,2.507645,0.002444,0.000000,-55.227580,1.816076,67.820820,353.458300,265.524200,356.241100,104.047200,98.172010,0.300000,1000.000000,0.900730,2468,2740,50.000000,off,,0,0,1,1,1
1765268549130,2025-12-09 16:22:29.130,699.048200,20.697570,23,3,2,0.013822,0.006578,-0.045636,-0.073181,0.100327,0.992249,-55.182980,1.816561,67.838560,-0.965503,0.217357,-0.143314,-91.6800537,10.0328941,62.4211349,37.800705,Building,Surface,2.930496,2.736908,0.002444,0.000000,-55.227700,1.816143,67.820750,353.452700,265.461100,356.247300,104.047200,98.172010,0.300000,1000.000000,0.900730,2468,2740,50.000000,off,,0,0,1,1,1
1765268549140,2025-12-09 16:22:29.140,699.058300,20.707760,23,3,2,0.013822,0.006578,-0.045636,-0.073181,0.100327,0.992249,-55.183050,1.816581,67.838550,-0.965301,0.217648,-0.144231,-91.4403915,9.99158478,62.4211349,37.560276,Building,Surface,2.930496,2.736908,0.002444,0.000000,-55.227750,1.816177,67.820690,353.435700,265.406200,356.245800,104.047200,98.172010,0.300000,1000.000000,0.900730,2468,2740,50.000000,off,,0,0,1,1,1
1765268549151,2025-12-09 16:22:29.151,699.069600,20.719060,23,3,2,0.008657,0.006835,-0.046077,-0.073975,0.107559,0.991440,-55.182260,1.817126,67.833510,-0.963441,0.224887,-0.145609,-90.9939575,10.1763134,62.4211388,37.1705132,Building,Surface,2.882080,2.535919,0.009839,0.000000,-55.227860,1.816186,67.820670,353.428900,265.335600,356.249500,104.047200,98.172010,0.300000,1000.000000,0.900730,2468,2740,50.000000,off,,0,0,1,1,1
1765268549162,2025-12-09 16:22:29.162,699.080600,20.729980,23,3,2,0.005635,0.006907,-0.046139,-0.047943,0.106094,0.993195,-55.182010,1.817338,67.830510,-0.967559,0.221881,-0.120779,-95.2249527,11,62.8320122,41.3853035,Building,Surface,2.884018,2.605774,0.039354,0.000000,-55.227940,1.816134,67.820640,353.432300,265.289600,356.257900,104.047200,98.172010,0.300000,1000.000000,0.900730,2468,2740,50.000000,off,,0,-1,0,1,1
1765268549173,2025-12-09 16:22:29.173,699.091700,20.741090,23,3,2,0.013822,0.006578,-0.045636,-0.073181,0.100327,0.992249,-55.183430,1.816547,67.838620,-0.964889,0.217604,-0.147022,-90.7378082,9.83485317,62.4211349,36.8477402,Building,Surface,2.930496,2.736908,0.156434,0.000000,-55.228080,1.816136,67.820640,353.436600,265.243100,356.269700,104.047200,98.172010,0.300000,1000.000000,0.900730,2468,2740,50.000000,off,,0,0,1,1,1
1765268549184,2025-12-09 16:22:29.184,699.102800,20.752260,23,3,2,0.013822,0.006578,-0.045636,-0.073181,0.100327,0.992249,-55.183570,1.816550,67.838610,-0.964881,0.217422,-0.147346,-90.6593628,9.81050873,62.4211311,36.7666206,Building,Surface,2.930496,2.736908,0.156434,0.000000,-55.228210,1.816133,67.820610,353.448500,265.222400,356.253600,104.047200,98.172010,0.300000,1000.000000,0.900730,2468,2740,50.000000,off,,0,0,1,1,1
1765268549196,2025-12-09 16:22:29.196,699.113900,20.763310,23,3,2,0.008657,0.006835,-0.046077,-0.073975,0.107559,0.991440,-55.182790,1.817075,67.833580,-0.963186,0.224457,-0.147939,-90.4215851,10.0289812,62.4211349,36.5855446,Building,Surface,2.882080,2.535919,0.009961,0.000000,-55.228360,1.816115,67.820630,353.454900,265.196400,356.240100,104.047200,98.172010,0.300000,1000.000000,0.900730,2468,2740,50.000000,off,,0,0,1,1,1
1765268549207,2025-12-09 16:22:29.207,699.125100,20.774540,23,3,2,0.005633,0.006904,-0.046142,-0.046844,0.104599,0.993408,-55.182510,1.817344,67.830580,-0.967955,0.219879,-0.121292,-95.6065521,11,62.7651482,41.7622185,Building,Surface,2.887192,2.662064,10.075240,0.000000,-55.228420,1.816124,67.820630,353.461900,265.198000,356.213700,104.047200,98.172010,0.300000,1000.000000,0.900730,2468,2740,50.000000,off,,0,-1,0,1,1
1765268549218,2025-12-09 16:22:29.218,699.136100,20.785520,23,3,2,0.007945,0.006764,-0.045903,-0.052292,0.099899,0.993607,-55.183110,1.817066,67.832850,-0.968298,0.215160,-0.126783,-96.5096359,10.999999,62.4217987,42.678894,Building,Surface,2.886978,2.542694,0.157437,0.000000,-55.228560,1.816091,67.820630,353.489000,265.212800,356.186000,104.047200,98.172010,0.300000,1000.000000,0.900730,2468,2740,50.000000,off,,0,-1,0,1,1
1765268549229,2025-12-09 16:22:29.229,699.147200,20.796630,23,3,2,0.007945,0.006764,-0.045903,-0.052292,0.099899,0.993607,-55.183260,1.817023,67.832860,-0.968424,0.214839,-0.126364,-96.5771255,11.000001,62.4316254,42.7428589,Building,Surface,2.886978,2.542694,0.157437,0.000000,-55.228710,1.816036,67.820660,353.509500,265.234300,356.151400,104.047200,98.172010,0.300000,1000.000000,0.900730,2468,2740,50.000000,off,,0,-1,0,1,1
1765268549240,2025-12-09 16:22:29.240,699.158400,20.807860,23,3,2,0.003756,0.006996,-0.046319,-0.043564,0.103516,0.993668,-55.182580,1.817468,67.828690,-0.969150,0.217054,-0.116725,-96.1827545,11,62.8906059,42.3050499,Building,Surface,2.887253,2.663940,0.157437,0.000000,-55.228860,1.815982,67.820630,353.557500,265.272300,356.115300,104.047200,98.172010,0.300000,1000.000000,0.900730,2468,2740,50.000000,off,,0,-1,0,1,1
1765268549251,2025-12-09 16:22:29.251,699.169400,20.818790,23,3,2,-0.004201,0.007420,-0.047035,-0.034958,0.107483,0.993576,-55.181270,1.818299,67.820850,-0.969633,0.219706,-0.107285,-95.703064,11,63.3373184,41.7901993,Building,Surface,2.876053,2.664597,0.158410,0.000000,-55.229010,1.815902,67.820630,353.599000,265.303800,356.084900,104.047200,98.172010,0.300000,1000.000000,0.900730,2468,2740,50.000000,off,,0,-1,0,1,1
1765268549262,2025-12-09 16:22:29.262,699.180600,20.830020,23,3,2,-0.004201,0.007420,-0.047035,-0.034958,0.107483,0.993576,-55.181400,1.818310,67.820780,-0.969913,0.218961,-0.106272,-95.8527603,11,63.3644791,41.9323387,Building,Surface,2.876053,2.664597,0.158410,0.000000,-55.229140,1.815872,67.820590,353.643900,265.359600,356.042500,104.047200,98.172010,0.300000,1000.000000,0.900730,2468,2740,50.000000,off,,0,-1,0,1,1
1765268549273,2025-12-09 16:22:29.273,699.191700,20.841130,23,3,2,-0.008710,0.007654,-0.047414,-0.029907,0.108749,0.993607,-55.180740,1.818761,67.816250,-0.970510,0.219149,-0.100295,-95.8402252,11,63.6144028,41.8944435,Building,Surface,2.874786,2.650879,0.000615,0.000000,-55.229280,1.815783,67.820530,353.687200,265.407900,356.012400,104.047200,98.172010,0.300000,1000.000000,0.900730,2468,2740,50.000000,off,,0,-1,0,1,1
1765268549284,2025-12-09 16:22:29.284,699.202800,20.852230,23,3,2,-0.004114,0.007406,-0.046992,-0.033752,0.102982,0.994095,-55.181730,1.818240,67.820650,-0.971566,0.212748,-0.103761,-97.1124954,11.000001,63.3425446,43.1572342,Building,Surface,2.852219,2.608597,0.156438,0.000000,-55.229410,1.815729,67.820460,353.746600,265.456400,355.991100,104.047200,98.172010,0.300000,1000.000000,0.900730,2468,2740,50.000000,off,,0,-1,0,1,1
1765268549295,2025-12-09 16:22:29.295,699.213900,20.863340,23,3,2,-0.004114,0.007406,-0.046992,-0.033752,0.102982,0.994095,-55.181810,1.818146,67.820470,-0.971812,0.212085,-0.102818,-97.2547302,11,63.3691406,43.2926292,Building,Surface,2.852219,2.608597,0.156438,0.000000,-55.229500,1.815601,67.820320,353.785800,265.511000,355.975300,104.047200,98.172010,0.300000,1000.000000,0.900730,2468,2740,50.000000,off,,0,-1,0,1,1
1765268549306,2025-12-09 16:22:29.306,699.225000,20.874450,23,3,2,-0.004201,0.007420,-0.047035,-0.034958,0.107483,0.993576,-55.181860,1.818110,67.820220,-0.971067,0.215577,-0.102589,-96.5417099,11,63.4507408,42.5915031,Building,Surface,2.876053,2.664597,0.000623,0.000000,-55.229600,1.815500,67.820210,353.844800,265.571900,355.965100,104.047200,98.172010,0.300000,1000.000000,0.900730,2468,2740,50.000000,off,,0,-1,0,1,1
1765268549317,2025-12-09 16:22:29.317,699.236100,20.885500,23,3,2,-0.008710,0.007654,-0.047414,-0.029907,0.108749,0.993607,-55.181150,1.818584,67.815540,-0.971719,0.215529,-0.096353,-96.5758438,11,63.7109528,42.5988998,Building,Surface,2.874786,2.650879,0.002475,0.000000,-55.229660,1.815418,67.820010,353.901200,265.636800,355.947600,104.047200,98.172010,0.300000,1000.000000,0.900730,2468,2740,50.000000,off,,0,-1,0,1,1
1765268549329,2025-12-09 16:22:29.329,699.247200,20.896610,23,3,2,-0.001853,0.007290,-0.046804,-0.031937,0.100525,0.994415,-55.182500,1.817751,67.821980,-0.973525,0.206477,-0.097994,-98.4761734,11,63.4640808,44.4707565,Building,Surface,2.846329,2.610550,0.002475,0.000000,-55.229790,1.815309,67.819760,353.967300,265.700400,355.935400,104.047200,98.172010,0.300000,1000.000000,0.900730,2468,2740,50.000000,off,,0,-1,0,1,1
1765268549340,2025-12-09 16:22:29.340,699.258300,20.907710,23,3,2,-0.001853,0.007290,-0.046804,-0.031937,0.100525,0.994415,-55.182500,1.817718,67.821660,-0.973918,0.205337,-0.096479,-98.7342682,11,63.507309,44.7178307,Building,Surface,2.846329,2.610550,0.002475,0.000000,-55.229790,1.815219,67.819520,354.034700,265.788100,355.911600,104.047200,98.172010,0.300000,1000.000000,0.900730,2468,2740,50.000000,off,,0,-1,0,1,1
1765268549351,2025-12-09 16:22:29.351,699.269500,20.918880,23,3,2,0.003273,0.007035,-0.046408,-0.035797,0.095825,0.994751,-55.183390,1.817068,67.826320,-0.974863,0.199503,-0.099167,-99.9999924,10.9886599,63.2673836,45.9720535,Building,Surface,2.832672,2.605942,0.156449,0.000000,-55.229860,1.815073,67.819200,354.121400,265.879600,355.905700,104.047200,98.172010,0.300000,1000.000000,0.900730,2468,2740,50.000000,off,,1,0,0,1,1
1765268549361,2025-12-09 16:22:29.361,699.280500,20.929930,23,3,2,0.002440,0.007081,-0.046480,-0.034042,0.096008,0.994797,-55.183360,1.817041,67.825050,-0.975516,0.197830,-0.096070,-99.9999924,10.9056396,63.4114532,45.9413986,Building,Surface,2.820862,2.587128,0.637500,0.000000,-55.229980,1.814867,67.818810,354.223300,265.958400,355.891200,104.047200,98.172010,0.300000,1000.000000,0.900730,2468,2740,50.000000,off,,1,0,0,1,1
1765268549373,2025-12-09 16:22:29.373,699.291700,20.941100,23,3,2,-0.030401,0.008985,-0.051177,0.045303,-0.043457,0.998016,-55.176090,1.820703,67.792360,-0.998261,0.052304,-0.026765,-99.9999924,4.16925716,66.5905533,44.9014702,Building,Surface,2.493423,2.458084,0.040090,0.000000,-55.230040,1.814677,67.818380,354.326300,266.049500,355.891600,104.047200,98.172010,0.300000,1000.000000,0.900730,2468,2740,50.000000,off,,1,0,0,1,1
1765268549384,2025-12-09 16:22:29.384,699.302900,20.952270,23,3,2,-0.030401,0.008985,-0.051177,0.045303,-0.043457,0.998016,-55.176230,1.820624,67.791820,-0.998389,0.050480,-0.025481,-99.9999924,4.08697987,66.6478195,44.8955917,Building,Surface,2.493423,2.458084,0.040090,0.000000,-55.230130,1.814508,67.817920,354.431600,266.123000,355.904100,104.047200,98.172010,0.300000,1000.000000,0.900730,2468,2740,50.000000,off,,1,0,0,1,1
1765268549395,2025-12-09 16:22:29.395,699.314000,20.963380,23,3,2,0.003273,0.007035,-0.046408,-0.035797,0.095825,0.994751,-55.183720,1.816648,67.824180,-0.976768,0.192608,-0.093915,-99.9999924,10.6539288,63.5151558,45.882061,Building,Surface,2.832672,2.605942,0.000619,0.000000,-55.230210,1.814323,67.817310,354.524500,266.193500,355.904600,104.047200,98.172010,0.300000,1000.000000,0.900730,2468,2740,50.000000,off,,1,0,0,1,1
1765268549406,2025-12-09 16:22:29.406,699.325000,20.974430,23,3,2,0.002440,0.007081,-0.046480,-0.034042,0.096008,0.994797,-55.183670,1.816702,67.822690,-0.977223,0.191605,-0.091211,-99.9999924,10.603879,63.639679,45.860817,Building,Surface,2.820862,2.587128,0.157422,0.000000,-55.230300,1.814229,67.816690,354.586900,266.249100,355.897700,104.047200,98.172010,0.300000,1000.000000,0.900730,2468,2740,50.000000,off,,1,0,0,1,1
1765268549417,2025-12-09 16:22:29.417,699.336100,20.985530,23,3,2,0.002440,0.007081,-0.046480,-0.034042,0.096008,0.994797,-55.183760,1.816696,67.821980,-0.977485,0.190719,-0.090258,-99.9999847,10.5608768,63.6837883,45.8484459,Building,Surface,2.820862,2.587128,0.157422,0.000000,-55.230390,1.814181,67.816020,354.639200,266.303400,355.875100,104.047200,98.172010,0.300000,1000.000000,0.900730,2468,2740,50.000000,off,,1,0,0,1,1
1765268549429,2025-12-09 16:22:29.429,699.347200,20.996580,23,3,2,-0.031584,0.008586,-0.050127,0.079529,-0.080093,0.993607,-55.177690,1.820312,67.787690,-0.999924,0.007180,0.009751,-100,2.14216065,68.2247849,44.8255882,Building,Surface,2.583908,2.543793,0.629672,0.000000,-55.230470,1.814184,67.815260,354.663100,266.340200,355.872700,104.047200,98.172010,0.300000,1000.000000,0.900730,2468,2740,50.000000,off,,1,0,0,1,1
1765268549440,2025-12-09 16:22:29.440,699.358300,21.007690,23,3,2,-0.031585,0.008394,-0.050172,0.064438,-0.136856,0.988480,-55.177720,1.820168,67.786850,-0.998752,-0.048899,-0.008823,-92.3542862,-4.34377469E-14,67.4584351,37.222538,Building,Surface,2.900696,2.552109,0.629672,0.000000,-55.230510,1.814213,67.814460,354.680400,266.372200,355.860400,104.047200,98.172010,0.300000,1000.000000,0.900730,2468,2740,50.000000,off,,0,1,6.43918682E-16,1,1
1765268549451,2025-12-09 16:22:29.451,699.369300,21.018740,23,3,2,-0.031479,0.008610,-0.051083,0.053894,-0.180725,0.982040,-55.176870,1.820322,67.786120,-0.995465,-0.092416,-0.021870,-74.784584,-4.33713632E-14,67.3553391,19.6967449,Building,Surface,2.813339,2.521240,0.040088,0.000000,-55.230570,1.814245,67.813580,354.687300,266.396200,355.872000,104.047200,98.172010,0.300000,1000.000000,0.900730,2468,2740,50.000000,off,,0,1,6.43918682E-16,1,1
1765268549462,2025-12-09 16:22:29.462,699.380500,21.029910,23,3,2,-0.031479,0.008610,-0.051083,0.053894,-0.180725,0.982040,-55.176870,1.820320,67.785100,-0.995493,-0.092128,-0.021813,-74.8464203,-4.33705704E-14,67.3541107,19.758297,Building,Surface,2.813339,2.521240,0.040088,0.000000,-55.230570,1.814274,67.812550,354.672000,266.393600,355.904400,104.047200,98.172010,0.300000,1000.000000,0.900730,2468,2740,50.000000,off,,0,1,6.43918682E-16,1,1
1765268549473,2025-12-09 16:22:29.473,699.391600,21.041020,23,3,2,-0.030945,0.008559,-0.050916,0.052002,-0.164978,0.984924,-55.177140,1.820262,67.784620,-0.996866,-0.075762,-0.022725,-79.1278915,-4.32962111E-14,67.2386246,24.0260277,Building,Surface,2.799545,2.535065,0.159371,0.000000,-55.230640,1.814326,67.811570,354.654900,266.383500,355.943300,104.047200,98.172010,0.300000,1000.000000,0.900730,2468,2740,50.000000,off,,0,1,6.43918682E-16,1,1
1765268549484,2025-12-09 16:22:29.484,699.402700,21.052120,23,3,2,-0.030468,0.008725,-0.051421,0.041031,-0.147690,0.988174,-55.176690,1.820385,67.784060,-0.997843,-0.056709,-0.032836,-87.2079163,-4.29687007E-14,66.730011,32.1002235,Building,Surface,2.830017,2.473755,0.629641,0.000000,-55.230690,1.814426,67.810460,354.609800,266.359500,355.985000,104.047200,98.172010,0.300000,1000.000000,0.900730,2468,2740,50.000000,off,,0,1,6.43918682E-16,1,1
1765268549496,2025-12-09 16:22:29.496,699.414000,21.063420,23,3,2,-0.030468,0.008725,-0.051421,0.041031,-0.147690,0.988174,-55.176760,1.820412,67.782910,-0.997860,-0.056065,-0.033432,-87.5769424,-4.29476909E-14,66.6973877,32.4694328,Building,Surface,2.830017,2.473755,0.629641,0.000000,-55.230770,1.814508,67.809290,354.574200,266.318800,356.028700,104.047200,98.172010,0.300000,1000.000000,0.900730,2468,2740,50.000000,off,,0,1,6.43918682E-16,1,1
1765268549507,2025-12-09 16:22:29.507,699.425000,21.074460,23,3,2,-0.018146,0.007793,-0.049197,0.040298,-0.176178,0.983521,-55.180000,1.818899,67.793750,-0.995776,-0.084005,-0.036716,-76.7408066,-4.31417495E-14,66.9987564,21.6520004,Building,Surface,2.881729,2.541672,0.009838,0.000000,-55.230870,1.814607,67.808040,354.532500,266.272000,356.062900,104.047200,98.172010,0.300000,1000.000000,0.900730,2468,2740,50.000000,off,,0,1,6.43918682E-16,1,1
1765268549518,2025-12-09 16:22:29.518,699.436200,21.085630,23,3,2,-0.030945,0.008559,-0.050916,0.052002,-0.164978,0.984924,-55.177400,1.820422,67.779950,-0.997000,-0.073252,-0.024956,-79.9543457,-4.3245423E-14,67.1597595,24.8514671,Building,Surface,2.799545,2.535065,0.000619,0.000000,-55.230980,1.814683,67.806770,354.516100,266.232800,356.080700,104.047200,98.172010,0.300000,1000.000000,0.900730,2468,2740,50.000000,off,,0,1,6.43918682E-16,1,1
1765268549529,2025-12-09 16:22:29.529,699.447300,21.096680,23,3,2,-0.030468,0.008725,-0.051421,0.041031,-0.147690,0.988174,-55.176990,1.820532,67.779140,-0.997867,-0.054675,-0.035467,-88.4033051,-4.28838144E-14,66.5981827,33.2971001,Building,Surface,2.830017,2.473755,0.002490,0.000000,-55.231080,1.814740,67.805400,354.496900,266.190100,356.109600,104.047200,98.172010,0.300000,1000.000000,0.900730,2468,2740,50.000000,off,,0,1,6.43918682E-16,1,1
1765268549540,2025-12-09 16:22:29.540,699.458400,21.107850,23,3,2,-0.030468,0.008725,-0.051421,0.041031,-0.147690,0.988174,-55.177010,1.820535,67.777740,-0.997845,-0.054516,-0.036315,-88.4995651,-4.28624624E-14,66.5650253,33.3942642,Building,Surface,2.830017,2.473755,0.002490,0.000000,-55.231120,1.814765,67.803960,354.488600,266.137300,356.137300,104.047200,98.172010,0.300000,1000.000000,0.900730,2468,2740,50.000000,off,,0,1,6.43918682E-16,1,1
1765268549551,2025-12-09 16:22:29.551,699.469500,21.118960,23,3,2,-0.024136,0.008155,-0.049808,0.043900,-0.168320,0.984741,-55.179210,1.819722,67.782490,-0.996499,-0.075422,-0.035711,-79.2219467,-4.30916086E-14,66.9208832,24.1268921,Building,Surface,2.909317,2.555374,0.629672,0.000000,-55.231220,1.814810,67.802510,354.484000,266.074800,356.179400,104.047200,98.172010,0.300000,1000.000000,0.900730,2468,2740,50.000000,off,,0,1,6.43918682E-16,1,1
1765268549562,2025-12-09 16:22:29.562,699.480700,21.130130,23,3,2,-0.024573,0.008173,-0.049817,0.042801,-0.168564,0.984757,-55.179260,1.819756,67.780600,-0.996417,-0.075366,-0.038264,-79.238327,-4.30502734E-14,66.8566895,24.1454754,Building,Surface,2.848755,2.577530,0.649188,0.000000,-55.231350,1.814832,67.800990,354.473000,265.981900,356.238700,104.047200,98.172010,0.300000,1000.000000,0.900730,2468,2740,50.000000,off,,0,1,6.43918682E-16,1,1
1765268549574,2025-12-09 16:22:29.574,699.491800,21.141170,23,3,2,-0.024573,0.008173,-0.049817,0.042801,-0.168564,0.984757,-55.179370,1.819767,67.779110,-0.996391,-0.075007,-0.039628,-79.3531036,-4.30251571E-14,66.817688,24.2611904,Building,Surface,2.848755,2.577530,0.649188,0.000000,-55.231490,1.814888,67.799420,354.454400,265.892200,356.305200,104.047200,98.172010,0.300000,1000.000000,0.900730,2468,2740,50.000000,off,,0,1,6.43918682E-16,1,1
1765268549584,2025-12-09 16:22:29.584,699.502900,21.152280,23,3,2,-0.024599,0.008172,-0.049805,0.040939,-0.170853,0.984436,-55.179610,1.819793,67.777560,-0.996114,-0.076522,-0.043381,-78.8684998,-4.29789329E-14,66.745903,23.7810707,Building,Surface,2.823929,2.577438,0.009900,0.000000,-55.231750,1.814975,67.797810,354.418200,265.777900,356.381500,104.047200,98.172010,0.300000,1000.000000,0.900730,2468,2740,50.000000,off,,0,1,6.43918682E-16,1,1
1765268549595,2025-12-09 16:22:29.595,699.514000,21.163390,23,3,2,-0.005148,0.006748,-0.047162,0.024017,-0.198181,0.979858,-55.184110,1.817402,67.795010,-0.992739,-0.102039,-0.063498,-72.8656387,-4.29262339E-14,66.6640549,17.8106308,Building,Surface,2.903931,2.585266,0.633563,0.000000,-55.231960,1.815018,67.796120,354.361100,265.661900,356.472300,104.047200,98.172010,0.300000,1000.000000,0.900730,2468,2740,50.000000,off,,0,1,6.43918682E-16,1,1
1765268549606,2025-12-09 16:22:29.606,699.525000,21.174440,23,3,2,-0.024573,0.008173,-0.049817,0.042801,-0.168564,0.984757,-55.179970,1.819725,67.774340,-0.996351,-0.072347,-0.045192,-80.240921,-4.29092187E-14,66.6376343,25.1526337,Building,Surface,2.848755,2.577530,2.549999,0.000000,-55.232220,1.815073,67.794360,354.309200,265.531800,356.545700,104.047200,98.172010,0.300000,1000.000000,0.900730,2468,2740,50.000000,off,,0,1,6.43918682E-16,1,1
1765268549617,2025-12-09 16:22:29.617,699.536300,21.185670,23,3,2,-0.024573,0.008173,-0.049817,0.042801,-0.168564,0.984757,-55.180210,1.819655,67.772680,-0.996328,-0.071245,-0.047382,-80.6272354,-4.28608429E-14,66.5625153,25.5406876,Building,Surface,2.848755,2.577530,2.549999,0.000000,-55.232510,1.815084,67.792590,354.247900,265.395700,356.607500,104.047200,98.172010,0.300000,1000.000000,0.900730,2468,2740,50.000000,off,,0,1,6.43918682E-16,1,1
1765268549629,2025-12-09 16:22:29.629,699.547300,21.196720,23,3,2,-0.024599,0.008172,-0.049805,0.040939,-0.170853,0.984436,-55.180490,1.819631,67.770990,-0.996027,-0.072641,-0.051321,-80.1306076,-4.28112E-14,66.4854126,25.0493965,Building,Surface,2.823929,2.577438,0.641406,0.000000,-55.232820,1.815121,67.790820,354.203700,265.273400,356.663700,104.047200,98.172010,0.300000,1000.000000,0.900730,2468,2740,50.000000,off,,0,1,6.43918682E-16,1,1
1765268549640,2025-12-09 16:22:29.640,699.558300,21.207760,23,3,2,-0.004053,0.006683,-0.047075,0.024765,-0.200348,0.979401,-55.185530,1.817274,67.789360,-0.992334,-0.100995,-0.071074,-73.0412903,-4.28273343E-14,66.5104752,17.9935055,Building,Surface,2.844421,2.568558,0.629687,0.000000,-55.233200,1.815183,67.788980,354.174800,265.140800,356.713600,104.047200,98.172010,0.300000,1000.000000,0.900730,2468,2740,50.000000,off,,0,1,6.43918682E-16,1,1
1765268549651,2025-12-09 16:22:29.651,699.569500,21.218870,23,3,2,-0.004053,0.006683,-0.047075,0.024765,-0.200348,0.979401,-55.185920,1.817256,67.787650,-0.992221,-0.100343,-0.073540,-73.1554794,-4.2792135E-14,66.4558105,18.1102543,Building,Surface,2.844421,2.568558,0.629687,0.000000,-55.233600,1.815199,67.787160,354.138000,264.986600,356.773700,104.047200,98.172010,0.300000,1000.000000,0.900730,2468,2740,50.000000,off,,0,1,6.43918682E-16,1,1
1765268549662,2025-12-09 16:22:29.662,699.580600,21.229980,23,3,2,-0.006738,0.006837,-0.047345,0.024216,-0.195969,0.980301,-55.185820,1.817543,67.783280,-0.992496,-0.095582,-0.076128,-74.05867,-4.27147738E-14,66.3356628,19.0153446,Building,Surface,2.810165,2.475418,0.158398,0.000000,-55.234030,1.815230,67.785310,354.122100,264.847200,356.823200,104.047200,98.172010,0.300000,1000.000000,0.900730,2468,2740,50.000000,off,,0,1,6.43918682E-16,1,1
1765268549673,2025-12-09 16:22:29.673,699.591600,21.241030,23,3,2,-0.003819,0.006636,-0.046973,0.021088,-0.199234,0.979721,-55.186940,1.817219,67.784370,-0.991744,-0.098641,-0.081887,-73.4573975,-4.26762304E-14,66.2758026,18.4224777,Building,Surface,2.814957,2.488144,0.158398,0.000000,-55.234480,1.815234,67.783420,354.118500,264.692700,356.875700,104.047200,98.172010,0.300000,1000.000000,0.900730,2468,2740,50.000000,off,,0,1,6.43918682E-16,1,1
1765268549684,2025-12-09 16:22:29.684,699.602800,21.252200,23,3,2,-0.006002,0.006698,-0.047001,0.027328,-0.209396,0.977432,-55.187100,1.817376,67.780490,-0.990893,-0.108983,-0.078874,-71.7110138,-4.27981862E-14,66.4652023,16.6755028,Building,Surface,2.819748,2.600311,0.629703,0.000000,-55.234890,1.815233,67.781570,354.100600,264.524300,356.920400,104.047200,98.172010,0.300000,1000.000000,0.900730,2468,2740,50.000000,off,,0,1,6.43918682E-16,1,1
1765268549696,2025-12-09 16:22:29.696,699.614000,21.263430,23,3,2,-0.006002,0.006698,-0.047001,0.027328,-0.209396,0.977432,-55.187530,1.817287,67.778710,-0.990696,-0.108873,-0.081458,-71.7240372,-4.27684553E-14,66.4190292,16.6915321,Building,Surface,2.819748,2.600311,0.629703,0.000000,-55.235330,1.815153,67.779660,354.095000,264.363600,356.974500,104.047200,98.172010,0.300000,1000.000000,0.900730,2468,2740,50.000000,off,,0,1,6.43918682E-16,1,1
1765268549707,2025-12-09 16:22:29.707,699.625000,21.274410,23,3,2,0.001517,0.006540,-0.046766,-0.064453,-0.157562,0.985397,-55.189080,1.816674,67.784290,-0.983604,-0.051977,-0.172654,-87.8649368,0.0899698511,62.0486259,33.2203407,Building,Surface,2.795654,2.617584,0.039355,0.000000,-55.235830,1.815059,67.777690,354.105100,264.211000,357.018100,104.047200,98.172010,0.300000,1000.000000,0.900730,2468,2740,50.000000,off,,1,0,0,1,1
1765268549718,2025-12-09 16:22:29.718,699.635900,21.285340,23,3,2,-0.003819,0.006636,-0.046973,0.021088,-0.199234,0.979721,-55.188850,1.816952,67.777310,-0.990867,-0.098311,-0.092246,-73.5017395,-4.25452893E-14,66.0724564,18.4815998,Building,Surface,2.814957,2.488144,0.629702,0.000000,-55.236380,1.814993,67.775860,354.101700,264.053500,357.078000,104.047200,98.172010,0.300000,1000.000000,0.900730,2468,2740,50.000000,off,,0,1,6.43918682E-16,1,1
1765268549729,2025-12-09 16:22:29.729,699.647100,21.296510,23,3,2,-0.003819,0.006636,-0.046973,0.021088,-0.199234,0.979721,-55.189370,1.816850,67.775540,-0.990617,-0.098405,-0.094802,-73.4791107,-4.25148672E-14,66.0252151,18.4629173,Building,Surface,2.814957,2.488144,0.629702,0.000000,-55.236900,1.814890,67.773960,354.107700,263.894900,357.131300,104.047200,98.172010,0.300000,1000.000000,0.900730,2468,2740,50.000000,off,,0,1,6.43918682E-16,1,1
1765268549740,2025-12-09 16:22:29.740,699.658100,21.307560,23,3,2,-0.006002,0.006698,-0.047001,0.027328,-0.209396,0.977432,-55.189600,1.816962,67.771610,-0.989842,-0.108921,-0.091197,-71.7016144,-4.26598081E-14,66.2503052,16.6811981,Building,Surface,2.819748,2.600311,164.199900,0.000000,-55.237400,1.814844,67.772080,354.101300,263.755500,357.184800,104.047200,98.172010,0.300000,1000.000000,0.900730,2468,2740,50.000000,off,,0,1,6.43918682E-16,1,1
1765268549751,2025-12-09 16:22:29.751,699.669300,21.318660,23,3,2,0.000498,0.006621,-0.046743,-0.077621,-0.117539,0.990021,-55.191170,1.816512,67.776240,-0.981048,-0.011031,-0.193403,-82.3552399,1.51107657,62.4211311,27.6885719,Building,Surface,2.834763,2.584869,0.158387,0.000000,-55.237960,1.814775,67.770180,354.085500,263.621200,357.230600,104.047200,98.172010,0.300000,1000.000000,0.900730,2468,2740,50.000000,off,,0,0,0.99999994,1,1
1765268549761,2025-12-09 16:22:29.761,699.680300,21.329710,23,3,2,0.016780,0.005676,-0.044952,-0.075897,-0.135071,0.987915,-55.195570,1.814951,67.790310,-0.980451,-0.028388,-0.194655,-82.2394028,1.03192341,62.4211349,27.5827808,Building,Surface,2.651215,2.556488,0.039601,0.000000,-55.238560,1.814757,67.768260,354.061000,263.489400,357.276300,104.047200,98.172010,0.300000,1000.000000,0.900730,2468,2740,50.000000,off,,0,0,0.99999994,1,1
1765268549772,2025-12-09 16:22:29.772,699.691500,21.340880,23,3,2,0.016780,0.005676,-0.044952,-0.075897,-0.135071,0.987915,-55.196200,1.814871,67.788500,-0.980145,-0.027813,-0.196274,-81.9995117,1.05428886,62.4211388,27.3460197,Building,Surface,2.651215,2.556488,0.039601,0.000000,-55.239150,1.814699,67.766380,354.026400,263.392400,357.295500,104.047200,98.172010,0.300000,1000.000000,0.900730,2468,2740,50.000000,off,,0,0,0.99999994,1,1
1765268549783,2025-12-09 16:22:29.783,699.702600,21.351990,23,3,2,0.018798,0.005557,-0.044842,-0.075958,-0.111786,0.990814,-55.197300,1.814606,67.788610,-0.980437,-0.004207,-0.196733,-81.9466171,1.699826,62.4211349,27.2827587,Building,Surface,2.749756,2.542618,0.160355,0.000000,-55.239850,1.814637,67.764450,354.015100,263.306300,357.315000,104.047200,98.172010,0.300000,1000.000000,0.900730,2468,2740,50.000000,off,,0,0,0.99999994,1,1
1765268549795,2025-12-09 16:22:29.795,699.713700,21.363160,23,3,2,0.008595,0.006234,-0.046215,-0.069458,-0.119507,0.990387,-55.195340,1.815509,67.776850,-0.981296,-0.012094,-0.192055,-82.5601044,1.47825146,62.4211349,27.8859749,Building,Surface,2.675797,2.648285,0.633548,0.000000,-55.240540,1.814541,67.762540,354.007900,263.227200,357.310800,104.047200,98.172010,0.300000,1000.000000,0.900730,2468,2740,50.000000,off,,0,0,0.99999994,1,1
1765268549806,2025-12-09 16:22:29.806,699.724800,21.374210,23,3,2,0.019106,0.005348,-0.044090,-0.055771,-0.119431,0.991272,-55.199520,1.814259,67.785140,-0.983672,-0.012661,-0.179507,-87.8649368,1.39381707,61.8241348,33.2075233,Building,Surface,2.794342,2.551941,0.625781,0.000000,-55.241230,1.814438,67.760680,354.014000,263.174700,357.301200,104.047200,98.172010,0.300000,1000.000000,0.900730,2468,2740,50.000000,off,,1,0,0,1,1
1765268549817,2025-12-09 16:22:29.817,699.735800,21.385250,23,3,2,0.019106,0.005348,-0.044090,-0.055771,-0.119431,0.991272,-55.200210,1.814146,67.783310,-0.983466,-0.012943,-0.180613,-87.8649368,1.38425887,61.7844505,33.2137871,Building,Surface,2.794342,2.551941,0.625781,0.000000,-55.241890,1.814312,67.758800,354.030000,263.109900,357.303800,104.047200,98.172010,0.300000,1000.000000,0.900730,2468,2740,50.000000,off,,1,0,0,1,1
1765268549829,2025-12-09 16:22:29.829,699.747000,21.396420,23,3,2,0.018660,0.005383,-0.044168,-0.059708,-0.112808,0.991806,-55.200750,1.814064,67.781040,-0.982703,-0.006759,-0.184982,-87.8649292,1.58940077,61.6323929,33.2386055,Building,Surface,2.812576,2.468552,0.625781,0.000000,-55.242540,1.814153,67.756920,354.066200,263.062900,357.309600,104.047200,98.172010,0.300000,1000.000000,0.900730,2468,2740,50.000000,off,,1,0,0,1,1
1765268549840,2025-12-09 16:22:29.840,699.758200,21.407590,23,3,2,0.008595,0.006234,-0.046215,-0.069458,-0.119507,0.990387,-55.198150,1.815084,67.769580,-0.980545,-0.013566,-0.195755,-81.9887238,1.44443202,62.4211311,27.3217468,Building,Surface,2.675797,2.648285,0.010023,0.000000,-55.243290,1.814047,67.755100,354.092000,263.010200,357.317500,104.047200,98.172010,0.300000,1000.000000,0.900730,2468,2740,50.000000,off,,0,0,0.99999994,1,1
1765268549851,2025-12-09 16:22:29.851,699.769300,21.418700,23,3,2,0.008595,0.006234,-0.046215,-0.069458,-0.119507,0.990387,-55.198910,1.814950,67.767770,-0.980425,-0.013833,-0.196336,-81.8979034,1.43824887,62.4211349,27.2316856,Building,Surface,2.675797,2.648285,0.010023,0.000000,-55.244050,1.813897,67.753270,354.105000,262.972600,357.348900,104.047200,98.172010,0.300000,1000.000000,0.900730,2468,2740,50.000000,off,,0,0,0.99999994,1,1
1765268549862,2025-12-09 16:22:29.862,699.780400,21.429810,23,3,2,0.019106,0.005348,-0.044090,-0.055771,-0.119431,0.991272,-55.203230,1.813674,67.776070,-0.982947,-0.014542,-0.183300,-87.8649368,1.33046734,61.6853104,33.2282677,Building,Surface,2.794342,2.551941,0.625781,0.000000,-55.244840,1.813751,67.751450,354.117900,262.945700,357.368300,104.047200,98.172010,0.300000,1000.000000,0.900730,2468,2740,50.000000,off,,1,0,0,1,1
1765268549873,2025-12-09 16:22:29.873,699.791600,21.440980,23,3,2,0.014665,0.005636,-0.044650,-0.055740,-0.116119,0.991653,-55.202880,1.813999,67.769970,-0.982888,-0.011168,-0.183776,-87.8649368,1.44287848,61.6629677,33.2301521,Building,Surface,2.830704,2.564133,0.000626,0.000000,-55.245620,1.813639,67.749630,354.113200,262.903700,357.402900,104.047200,98.172010,0.300000,1000.000000,0.900730,2468,2740,50.000000,off,,1,0,0,1,1
1765268549884,2025-12-09 16:22:29.884,699.802600,21.452030,23,3,2,0.018333,0.005417,-0.044277,-0.061417,-0.118759,0.991013,-55.204570,1.813438,67.771760,-0.981808,-0.013375,-0.189355,-82.9476242,1.43549931,62.4211388,28.2568378,Building,Surface,2.824219,2.642487,0.000626,0.000000,-55.246450,1.813428,67.747850,354.099000,262.908500,357.421100,104.047200,98.172010,0.300000,1000.000000,0.900730,2468,2740,50.000000,off,,0,0,0.99999994,1,1
1765268549895,2025-12-09 16:22:29.895,699.813800,21.463200,23,3,2,0.018333,0.005417,-0.044277,-0.061417,-0.118759,0.991013,-55.205460,1.813090,67.769970,-0.981825,-0.013331,-0.189271,-82.952034,1.43635321,62.4211349,28.2599525,Building,Surface,2.824219,2.642487,0.000626,0.000000,-55.247340,1.813076,67.746060,354.094900,262.910800,357.443700,104.047200,98.172010,0.300000,1000.000000,0.900730,2468,2740,50.000000,off,,0,0,0.99999994,1,1
1765268549907,2025-12-09 16:22:29.907,699.824900,21.474300,23,3,2,0.016122,0.005597,-0.044731,-0.056763,-0.116074,0.991608,-55.205570,1.812921,67.766110,-0.982850,-0.010822,-0.184040,-87.8649368,1.45331395,61.6506042,33.2289467,Building,Surface,2.820648,2.624878,0.000619,0.000000,-55.248210,1.812671,67.744350,354.094700,262.940200,357.461600,104.047200,98.172010,0.300000,1000.000000,0.900730,2468,2740,50.000000,off,,1,0,0,1,1
1765268549918,2025-12-09 16:22:29.918,699.835900,21.485290,23,3,2,0.009443,0.006034,-0.045555,-0.048279,-0.115051,0.992172,-55.204760,1.813182,67.757900,-0.984465,-0.010501,-0.175192,-87.8649368,1.46480548,61.9458008,33.1751213,Building,Surface,2.819336,2.575577,0.039600,0.000000,-55.249110,1.812266,67.742650,354.114200,262.961800,357.503700,104.047200,98.172010,0.300000,1000.000000,0.900730,2468,2740,50.000000,off,,1,0,0,1,1
1765268549929,2025-12-09 16:22:29.929,699.847000,21.496400,23,3,2,0.009443,0.006034,-0.045555,-0.048279,-0.115051,0.992172,-55.205620,1.812760,67.756230,-0.984543,-0.011196,-0.174707,-87.8649368,1.44136548,61.9608421,33.171608,Building,Surface,2.819336,2.575577,0.039600,0.000000,-55.249980,1.811803,67.741000,354.150100,262.981400,357.579400,104.047200,98.172010,0.300000,1000.000000,0.900730,2468,2740,50.000000,off,,1,0,0,1,1
1765268549940,2025-12-09 16:22:29.940,699.858200,21.507570,23,3,2,0.001516,0.006480,-0.046317,-0.040100,-0.105316,0.993622,-55.204720,1.813104,67.746870,-0.986183,-0.002375,-0.165594,-87.8649368,1.73444927,62.262764,33.1175423,Building,Surface,2.795731,2.587952,0.000619,0.000000,-55.250890,1.811418,67.739420,354.184200,263.010700,357.662800,104.047200,98.172010,0.300000,1000.000000,0.900730,2468,2740,50.000000,off,,1,0,0,1,1
1765268549951,2025-12-09 16:22:29.951,699.869400,21.518800,23,3,2,0.016122,0.005597,-0.044731,-0.056763,-0.116074,0.991608,-55.209120,1.811368,67.759560,-0.983214,-0.013128,-0.181932,-87.8649368,1.3753432,61.7169914,33.213028,Building,Surface,2.820648,2.624878,0.039844,0.000000,-55.251810,1.810943,67.737890,354.208600,263.028600,357.763100,104.047200,98.172010,0.300000,1000.000000,0.900730,2468,2740,50.000000,off,,1,0,0,1,1
1765268549961,2025-12-09 16:22:29.961,699.880300,21.529720,23,3,2,0.009443,0.006034,-0.045555,-0.048279,-0.115051,0.992172,-55.208310,1.811522,67.751650,-0.984820,-0.013273,-0.172992,-87.8649368,1.37138951,62.0152359,33.1595459,Building,Surface,2.819336,2.575577,0.629672,0.000000,-55.252700,1.810434,67.736500,354.254800,263.049900,357.854200,104.047200,98.172010,0.300000,1000.000000,0.900730,2468,2740,50.000000,off,,1,0,0,1,1
1765268549972,2025-12-09 16:22:29.972,699.891500,21.540890,23,3,2,0.009443,0.006034,-0.045555,-0.048279,-0.115051,0.992172,-55.209170,1.811051,67.750230,-0.984902,-0.014595,-0.172418,-87.8649368,1.32713413,62.0334778,33.1559105,Building,Surface,2.819336,2.575577,0.629672,0.000000,-55.253560,1.809892,67.735110,354.326200,263.073700,357.937900,104.047200,98.172010,0.300000,1000.000000,0.900730,2468,2740,50.000000,off,,1,0,0,1,1
1765268549983,2025-12-09 16:22:29.983,699.902500,21.551940,23,3,2,0.001358,0.006480,-0.046316,-0.040070,-0.110764,0.993027,-55.208270,1.811280,67.741050,-0.986511,-0.012100,-0.163174,-87.8649445,1.41073132,62.3394699,33.1027985,Building,Surface,2.795639,2.466232,0.160355,0.000000,-55.254460,1.809391,67.733890,354.411500,263.121300,358.033800,104.047200,98.172010,0.300000,1000.000000,0.900730,2468,2740,50.000000,off,,1,0,0,1,1
1765268549995,2025-12-09 16:22:29.995,699.913900,21.563290,23,3,2,0.015587,0.005696,-0.045034,0.004135,-0.106476,0.994293,-55.212260,1.809797,67.753790,-0.992898,-0.010822,-0.118362,-99.9460831,1.32222486,62.4211388,45.0531845,Building,Surface,2.685364,2.488083,0.641376,0.000000,-55.255380,1.808955,67.732740,354.503200,263.166000,358.112800,104.047200,98.172010,0.300000,1000.000000,0.900730,2468,2740,50.000000,off,,0,0,1,1,1
1765268550006,2025-12-09 16:22:30.006,699.924900,21.574340,23,3,2,0.015587,0.005696,-0.045034,0.004135,-0.106476,0.994293,-55.213130,1.809505,67.752750,-0.993018,-0.012670,-0.117167,-99.9999924,1.23806477,62.4683075,45.1011658,Building,Surface,2.685364,2.488083,0.641376,0.000000,-55.256280,1.808562,67.731760,354.609200,263.227900,358.178100,104.047200,98.172010,0.300000,1000.000000,0.900730,2468,2740,50.000000,off,,1,0,0,1,1
1765268550017,2025-12-09 16:22:30.017,699.935900,21.585330,23,3,2,-0.012712,0.007451,-0.048003,0.134522,-0.078156,0.987808,-55.207530,1.811581,67.724070,-0.999823,0.009447,0.015341,-100,2.23480964,68.4113541,44.7997322,Building,Surface,2.712021,2.462494,0.039845,0.000000,-55.257180,1.808217,67.730790,354.695700,263.289200,358.251400,104.047200,98.172010,0.300000,1000.000000,0.900730,2468,2740,50.000000,off,,1,0,0,1,1
1765268550028,2025-12-09 16:22:30.028,699.947000,21.596440,23,3,2,-0.020970,0.007918,-0.048712,0.184448,-0.070160,0.980331,-55.206740,1.812102,67.715160,-0.997659,0.013905,0.066913,-99.9999847,2.43641329,70.7194366,44.8982315,Building,Surface,2.539200,2.655334,0.009900,0.000000,-55.258100,1.808038,67.730030,354.785400,263.330800,358.329900,104.047200,98.172010,0.300000,1000.000000,0.900730,2468,2740,50.000000,off,,1,0,0,1,1
1765268550039,2025-12-09 16:22:30.039,699.958200,21.607600,23,3,2,0.013148,0.005935,-0.045221,0.142990,-0.098862,0.984772,-55.215370,1.809426,67.747860,-0.999585,-0.014401,0.024843,-99.9999847,1.16421533,68.8609085,44.8031006,Building,Surface,2.558228,2.497070,0.002475,0.000000,-55.259060,1.807922,67.729370,354.873400,263.364600,358.403200,104.047200,98.172010,0.300000,1000.000000,0.900730,2468,2740,50.000000,off,,1,0,0,1,1
1765268550050,2025-12-09 16:22:30.050,699.969300,21.618710,23,3,2,0.013148,0.005935,-0.045221,0.142990,-0.098862,0.984772,-55.216210,1.809394,67.747280,-0.999554,-0.015498,0.025439,-99.9999924,1.11502516,68.8870392,44.8036652,Building,Surface,2.558228,2.497070,0.002475,0.000000,-55.259920,1.807816,67.728820,354.946700,263.391400,358.472600,104.047200,98.172010,0.300000,1000.000000,0.900730,2468,2740,50.000000,off,,1,0,0,1,1
1765268550061,2025-12-09 16:22:30.061,699.980300,21.629700,23,3,2,-0.012712,0.007451,-0.048003,0.134522,-0.078156,0.987808,-55.211160,1.811329,67.721570,-0.999812,0.004102,0.018147,-99.9999924,1.99508786,68.5345078,44.7965851,Building,Surface,2.712021,2.462494,0.009777,0.000000,-55.260770,1.807732,67.728450,355.041000,263.427600,358.524400,104.047200,98.172010,0.300000,1000.000000,0.900730,2468,2740,50.000000,off,,1,0,0,1,1
1765268550073,2025-12-09 16:22:30.073,699.991500,21.640870,23,3,2,-0.020970,0.007918,-0.048712,0.184448,-0.070160,0.980331,-55.210320,1.811915,67.713110,-0.997538,0.008176,0.069601,-99.9999924,2.17902017,70.8382111,44.9000664,Building,Surface,2.539200,2.655334,0.039111,0.000000,-55.261610,1.807612,67.728130,355.162700,263.467700,358.564500,104.047200,98.172010,0.300000,1000.000000,0.900730,2468,2740,50.000000,off,,1,0,0,1,1
1765268550084,2025-12-09 16:22:30.084,700.002400,21.651860,23,3,2,-0.020970,0.007918,-0.048712,0.184448,-0.070160,0.980331,-55.211060,1.811925,67.712990,-0.997483,0.005987,0.070609,-99.9999924,2.08075261,70.8834686,44.9018097,Building,Surface,2.539200,2.655334,0.039111,0.000000,-55.262330,1.807515,67.728070,355.292800,263.524600,358.578400,104.047200,98.172010,0.300000,1000.000000,0.900730,2468,2740,50.000000,off,,1,0,0,1,1
1765268550095,2025-12-09 16:22:30.095,700.013500,21.662960,23,3,2,0.013531,0.005872,-0.044980,0.145462,-0.108475,0.983383,-55.219550,1.809382,67.746750,-0.998950,-0.033178,0.031095,-100,0.322094083,69.1406631,44.8268051,Building,Surface,2.614624,2.493744,0.000157,0.000000,-55.263010,1.807454,67.728100,355.421700,263.571700,358.586200,104.047200,98.172010,0.300000,1000.000000,0.900730,2468,2740,50.000000,off,,1,0,0,1,1
1765268550106,2025-12-09 16:22:30.106,700.024700,21.674070,23,3,2,0.010591,0.006090,-0.045335,0.138001,-0.085144,0.986755,-55.219520,1.809740,67.744010,-0.999615,-0.011499,0.024835,-99.9999924,1.29461098,68.8565674,44.7972488,Building,Surface,2.645218,2.321411,0.000157,0.000000,-55.263690,1.807460,67.728260,355.537300,263.615200,358.576100,104.047200,98.172010,0.300000,1000.000000,0.900730,2468,2740,50.000000,off,,1,0,0,1,1
1765268550117,2025-12-09 16:22:30.117,700.035800,21.685180,23,3,2,0.020949,0.005513,-0.044262,0.139359,-0.091705,0.985977,-55.222420,1.809133,67.754490,-0.999449,-0.019502,0.026531,-99.9999924,0.935399532,68.9431458,44.8018684,Building,Surface,2.618637,2.369049,0.009717,0.000000,-55.264320,1.807549,67.728610,355.614000,263.644400,358.557900,104.047200,98.172010,0.300000,1000.000000,0.900730,2468,2740,50.000000,off,,1,0,0,1,1
1765268550128,2025-12-09 16:22:30.128,700.046900,21.696350,23,3,2,0.020949,0.005513,-0.044262,0.139359,-0.091705,0.985977,-55.223010,1.809203,67.754810,-0.999423,-0.020407,0.026817,-100,0.894911528,68.9562836,44.8024254,Building,Surface,2.618637,2.369049,0.009717,0.000000,-55.264930,1.807585,67.728940,355.664400,263.662000,358.543500,104.047200,98.172010,0.300000,1000.000000,0.900730,2468,2740,50.000000,off,,1,0,0,1,1
1765268551098,2025-12-09 16:22:31.098,700.235400,21.884830,23,3,2,0.026365,0.004955,-0.043647,-0.014175,-0.039734,0.999100,-55.231230,1.809760,67.783450,-0.988824,0.059881,-0.136465,-94.0864944,4.16274977,62.4211349,39.2940483,Building,Surface,2.870529,2.583984,0.160352,0.000000,-55.271540,1.809836,67.751820,354.310900,263.014800,358.518800,104.047200,98.172010,0.300000,1000.000000,0.900730,2468,2740,50.000000,off,,0,0,1,1,1
1765268551109,2025-12-09 16:22:31.109,700.568800,22.218200,23,3,2,0.005100,0.006298,-0.046356,-0.014114,-0.033646,0.999329,-55.255650,1.798613,67.962950,-0.958015,0.047704,-0.282702,-79.9046936,3.02600288,60.6892319,25.729147,Building,Surface,2.900421,2.637375,0.039843,0.000000,-55.299080,1.796672,67.944950,355.448400,254.595400,353.082000,104.047200,98.172010,0.300000,1000.000000,0.900730,2468,2740,50.000000,off,,1,0,0,1,1
1765268551122,2025-12-09 16:22:31.122,700.584500,22.233950,23,3,2,0.004972,0.006304,-0.046260,-0.014328,-0.039032,0.999130,-55.254550,1.798659,67.963380,-0.956316,0.042823,-0.289164,-79.9046936,2.90247107,60.5098457,25.7760181,Building,Surface,2.856201,2.544876,2.534312,0.000000,-55.297820,1.796701,67.945270,355.421400,254.258100,353.173000,104.047200,98.172010,0.300000,1000.000000,0.900730,2468,2740,50.000000,off,,1,0,0,1,1
1765268551133,2025-12-09 16:22:31.133,700.595600,22.245000,23,3,2,0.004972,0.006304,-0.046260,-0.014328,-0.039032,0.999130,-55.253960,1.798737,67.963480,-0.955563,0.042815,-0.291645,-79.9046936,2.90323877,60.439888,25.796957,Building,Surface,2.856201,2.544876,2.534312,0.000000,-55.297190,1.796776,67.945260,355.421100,254.107900,353.213200,104.047200,98.172010,0.300000,1000.000000,0.900730,2468,2740,50.000000,off,,1,0,0,1,1
1765268551145,2025-12-09 16:22:31.145,700.606900,22.256290,23,3,2,0.023568,0.005120,-0.043923,-0.011322,-0.034882,0.999313,-55.260820,1.795751,67.980400,-0.955601,0.046914,-0.290858,-79.9046936,3.00561047,60.4794998,25.7885227,Building,Surface,2.857193,2.659286,0.039598,0.000000,-55.296440,1.796955,67.945180,355.401200,253.950500,353.276100,104.047200,98.172010,0.300000,1000.000000,0.900730,2468,2740,50.000000,off,,1,0,0,1,1
1765268551156,2025-12-09 16:22:31.156,700.617900,22.267330,23,3,2,0.008862,0.006001,-0.045430,-0.007828,-0.021927,0.999725,-55.254460,1.798409,67.966960,-0.955666,0.059857,-0.288292,-79.9046936,3.34234715,60.5308189,25.7936821,Building,Surface,2.843536,2.538895,0.039598,0.000000,-55.295670,1.797155,67.945100,355.372000,253.805100,353.360800,104.047200,98.172010,0.300000,1000.000000,0.900730,2468,2740,50.000000,off,,1,0,0,1,1
1765268551167,2025-12-09 16:22:31.167,700.629000,22.278380,23,3,2,0.002388,0.006317,-0.045900,0.008179,-0.026596,0.999603,-55.251280,1.799593,67.960830,-0.959745,0.053748,-0.275647,-79.9046936,3.18024278,60.8801613,25.6872139,Building,Surface,2.873901,2.627502,2.596874,0.000000,-55.294780,1.797331,67.944870,355.351200,253.684100,353.423000,104.047200,98.172010,0.300000,1000.000000,0.900730,2468,2740,50.000000,off,,1,0,0,1,1
1765268551178,2025-12-09 16:22:31.178,700.640100,22.289490,23,3,2,0.002388,0.006317,-0.045900,0.008179,-0.026596,0.999603,-55.250370,1.799807,67.960700,-0.959245,0.053697,-0.277394,-79.9046936,3.17991686,60.8311768,25.7015667,Building,Surface,2.873901,2.627502,2.596874,0.000000,-55.293850,1.797539,67.944670,355.354400,253.578200,353.484300,104.047200,98.172010,0.300000,1000.000000,0.900730,2468,2740,50.000000,off,,1,0,0,1,1
1765268551189,2025-12-09 16:22:31.189,700.651200,22.300600,23,3,2,0.006683,0.005989,-0.045696,-0.010818,-0.069901,0.997482,-55.250980,1.799197,67.964490,-0.953173,0.013034,-0.302103,-79.9047012,2.13632011,60.1506348,25.8645649,Building,Surface,2.887924,2.740616,10.200480,0.000000,-55.292970,1.797731,67.944410,355.339800,253.482600,353.516500,104.047200,98.172010,0.300000,1000.000000,0.900730,2468,2740,50.000000,off,,1,0,0,1,1
1765268551200,2025-12-09 16:22:31.200,700.662300,22.311710,23,3,2,0.009994,0.005562,-0.045010,0.007919,-0.115952,0.993210,-55.251630,1.798641,67.967130,-0.956369,-0.034266,-0.290098,-79.9047012,0.915339649,60.4890518,25.777422,Building,Surface,3.143341,2.722595,10.388230,0.000000,-55.291960,1.797941,67.944110,355.296000,253.420400,353.558000,104.047200,98.172010,0.300000,1000.000000,0.900730,2468,2740,50.000000,off,,1,0,0,1,1
1765268551211,2025-12-09 16:22:31.211,700.673300,22.322750,23,3,2,0.009994,0.005562,-0.045010,0.007919,-0.115952,0.993210,-55.250640,1.798940,67.966900,-0.956060,-0.033731,-0.291177,-79.9046936,0.929114103,60.4582787,25.786787,Building,Surface,3.143341,2.722595,10.388230,0.000000,-55.290950,1.798258,67.943830,355.265100,253.351700,353.595700,104.047200,98.172010,0.300000,1000.000000,0.900730,2468,2740,50.000000,off,,1,0,0,1,1
1765268551223,2025-12-09 16:22:31.223,700.684600,22.333980,23,3,2,0.002388,0.006317,-0.045900,0.008179,-0.026596,0.999603,-55.246600,1.800783,67.959680,-0.957955,0.056132,-0.281341,-79.9046936,3.24564028,60.717865,25.7401066,Building,Surface,2.873901,2.627502,2.534251,0.000000,-55.290020,1.798621,67.943470,355.215400,253.336300,353.616400,104.047200,98.172010,0.300000,1000.000000,0.900730,2468,2740,50.000000,off,,1,0,0,1,1
1765268551234,2025-12-09 16:22:31.234,700.695600,22.345030,23,3,2,0.006683,0.005989,-0.045696,-0.010818,-0.069901,0.997482,-55.247130,1.800248,67.963200,-0.952269,0.016574,-0.304768,-79.9046936,2.22940683,60.0716972,25.8931541,Building,Surface,2.887924,2.740616,0.160359,0.000000,-55.289070,1.798934,67.943010,355.135200,253.314600,353.615400,104.047200,98.172010,0.300000,1000.000000,0.900730,2468,2740,50.000000,off,,1,0,0,1,1
1765268551245,2025-12-09 16:22:31.245,700.706700,22.356080,23,3,2,0.004726,0.005859,-0.045512,-0.002411,-0.106049,0.994354,-55.245800,1.800752,67.960790,-0.953564,-0.018235,-0.300624,-79.9046936,1.32920027,60.1867371,25.8596077,Building,Surface,3.099960,2.760666,0.039353,0.000000,-55.288140,1.799435,67.942520,355.010200,253.316000,353.605400,104.047200,98.172010,0.300000,1000.000000,0.900730,2468,2740,50.000000,off,,1,0,0,1,1
1765268551256,2025-12-09 16:22:31.256,700.717800,22.367190,23,3,2,0.004726,0.005859,-0.045512,-0.002411,-0.106049,0.994354,-55.244800,1.801207,67.960230,-0.953723,-0.016003,-0.300248,-79.9046936,1.38742626,60.1968803,25.8563557,Building,Surface,3.099960,2.760666,0.039353,0.000000,-55.287150,1.799994,67.941970,354.882600,253.341700,353.582500,104.047200,98.172010,0.300000,1000.000000,0.900730,2468,2740,50.000000,off,,1,0,0,1,1
1765268551267,2025-12-09 16:22:31.267,700.728900,22.378360,23,3,2,0.012139,0.005406,-0.044733,-0.006042,-0.111481,0.993744,-55.246890,1.800404,67.966420,-0.952550,-0.018713,-0.303793,-79.904686,1.3159976,60.1024055,25.8859959,Building,Surface,3.096268,2.756241,0.000000,0.000000,-55.286300,1.800502,67.941430,354.750200,253.371200,353.566200,104.047200,98.172010,0.300000,1000.000000,0.900730,2468,2740,50.000000,off,,1,0,0,1,1
1765268551278,2025-12-09 16:22:31.278,700.740100,22.389470,23,3,2,0.023543,0.004534,-0.042968,0.004776,-0.114487,0.993408,-55.251080,1.798915,67.975930,-0.955784,-0.020476,-0.293341,-79.9046936,1.27075458,60.4094582,25.794014,Building,Surface,3.151749,2.686737,0.000000,0.000000,-55.285420,1.801097,67.940750,354.609900,253.402900,353.552600,104.047200,98.172010,0.300000,1000.000000,0.900730,2468,2740,50.000000,off,,1,0,0,1,1
1765268551289,2025-12-09 16:22:31.289,700.751100,22.400510,23,3,2,0.023543,0.004534,-0.042968,0.004776,-0.114487,0.993408,-55.250180,1.799336,67.975230,-0.956033,-0.018441,-0.292661,-79.9046936,1.32377315,60.4279823,25.7882175,Building,Surface,3.151749,2.686737,0.000000,0.000000,-55.284530,1.801613,67.940080,354.493400,253.446400,353.534200,104.047200,98.172010,0.300000,1000.000000,0.900730,2468,2740,50.000000,off,,1,0,0,1,1
1765268551300,2025-12-09 16:22:31.300,700.762300,22.411740,23,2,2,0.018869,0.005679,-0.045860,-0.017319,-0.224060,0.974411,-74.745070,1.801129,66.470920,-0.938321,-0.124201,-0.322656,-87.8649368,0.0645160079,61.9594498,13.982132,Building,Surface,2.797150,2.616287,0.000000,0.000000,-74.783650,1.802120,66.439250,354.380300,253.476300,353.528700,104.047200,98.172010,0.300000,1000.000000,0.900730,2468,2740,50.000000,off,,1,0,0,1,1
1765268551312,2025-12-09 16:22:31.312,700.773400,22.422850,23,2,1,-0.031963,0.009144,-0.052178,0.049667,-0.208633,0.976715,-74.723010,1.809894,66.424040,-0.959638,-0.114139,-0.256973,-89.6714325,0.0319335759,62.4211349,15.5769005,Building,Surface,-1.000000,2.415329,0.000000,0.000000,-74.782730,1.802492,66.438420,354.259600,253.517400,353.534800,104.047200,98.172010,0.300000,1000.000000,0.900730,2468,2740,50.000000,off,,0,0,1,1,1
1765268551323,2025-12-09 16:22:31.323,700.784500,22.433960,23,2,2,-0.032020,0.008333,-0.049437,0.037659,-0.267746,0.962738,-74.724650,1.809546,66.422030,-0.947180,-0.170811,-0.271376,-84.7589264,-4.09191723E-14,63.5471115,10.5936975,Building,Surface,1.601471,2.426025,0.000000,0.000000,-74.781720,1.802765,66.437420,354.153700,253.586000,353.548200,104.047200,98.172010,0.300000,1000.000000,0.900730,2468,2740,50.000000,off,,0,1,6.43918682E-16,1,1
1765268551334,2025-12-09 16:22:31.334,700.795700,22.445070,23,2,2,-0.032020,0.008333,-0.049437,0.037659,-0.267746,0.962738,-74.723690,1.809679,66.420940,-0.947757,-0.169416,-0.270234,-84.847496,-4.0910946E-14,63.5343361,10.681715,Building,Surface,1.601471,2.426025,0.000000,0.000000,-74.780750,1.802983,66.436390,354.072800,253.652400,353.572900,104.047200,98.172010,0.300000,1000.000000,0.900730,2468,2740,50.000000,off,,0,1,6.43918682E-16,1,1
1765268551345,2025-12-09 16:22:31.345,700.806700,22.456120,23,2,2,0.018869,0.005679,-0.045860,-0.017319,-0.224060,0.974411,-74.741170,1.801890,66.466830,-0.940490,-0.117321,-0.318894,-87.8649445,0.164772093,62.0169258,13.95403,Building,Surface,2.797150,2.616287,0.000000,0.000000,-74.779860,1.803180,66.435330,353.980000,253.705200,353.596100,104.047200,98.172010,0.300000,1000.000000,0.900730,2468,2740,50.000000,off,,1,0,0,1,1
1765268551356,2025-12-09 16:22:31.356,700.817800,22.467220,23,2,1,-0.031963,0.009144,-0.052178,0.049667,-0.208633,0.976715,-74.719290,1.810469,66.419510,-0.961487,-0.107750,-0.252785,-89.9274139,0.106155619,62.4211349,15.8170385,Building,Surface,-1.000000,2.415329,0.000000,0.000000,-74.778990,1.803461,66.434150,353.893800,253.757300,353.637300,104.047200,98.172010,0.300000,1000.000000,0.900730,2468,2740,50.000000,off,,0,0,1,1,1
1765268551367,2025-12-09 16:22:31.367,700.828900,22.478270,23,2,1,-0.031963,0.009144,-0.052178,0.049667,-0.208633,0.976715,-74.718470,1.810655,66.418300,-0.961853,-0.105820,-0.252208,-89.9625702,0.133548513,62.4211388,15.8484173,Building,Surface,-1.000000,2.415329,0.000000,0.000000,-74.778180,1.803765,66.432980,353.783300,253.788900,353.666000,104.047200,98.172010,0.300000,1000.000000,0.900730,2468,2740,50.000000,off,,0,0,1,1,1
1765268551378,2025-12-09 16:22:31.378,700.840000,22.489380,23,2,2,-0.032017,0.008298,-0.049494,0.027557,-0.231842,0.972351,-74.720250,1.810397,66.415950,-0.953463,-0.125221,-0.274234,-88.5050659,-4.02134821E-14,62.4511833,14.4574432,Building,Surface,2.470642,2.494217,0.000000,0.000000,-74.777350,1.804153,66.431590,353.692200,253.837700,353.714700,104.047200,98.172010,0.300000,1000.000000,0.900730,2468,2740,50.000000,off,,0,1,6.43918682E-16,1,1
1765268551389,2025-12-09 16:22:31.389,700.851000,22.500430,23,2,2,-0.031937,0.008934,-0.052146,0.060196,-0.157913,0.985611,-74.716900,1.811050,66.415410,-0.970295,-0.052928,-0.236040,-88.0289078,1.08490181,63.1770515,13.7194691,WS-01,Signage,2.796158,2.710114,0.000000,0.000000,-74.776550,1.804564,66.430200,353.616100,253.880700,353.744200,104.047200,98.172010,0.300000,1000.000000,0.900730,2468,2740,50.000000,off,Node2,-1.1920929E-07,0,1.00000012,1,1
1765268551401,2025-12-09 16:22:31.401,700.862200,22.511660,23,2,2,-0.032016,0.008117,-0.049394,0.032349,-0.111496,0.993225,-74.718770,1.810955,66.412860,-0.966208,-0.002113,-0.257706,-89.6847992,1.77822554,62.4211388,15.4892473,Building,Surface,2.914307,2.829895,0.000039,0.000000,-74.775760,1.805032,66.428630,353.553700,253.916100,353.773300,104.047200,98.172010,0.300000,1000.000000,0.900730,2468,2740,50.000000,off,,0,0,1,1,1
1765268551412,2025-12-09 16:22:31.412,700.873500,22.522890,23,2,2,-0.032016,0.008117,-0.049394,0.032349,-0.111496,0.993225,-74.717990,1.811271,66.411180,-0.966435,-0.001182,-0.256856,-89.730751,1.79290962,62.4211349,15.5339546,Building,Surface,2.914307,2.829895,0.000039,0.000000,-74.774970,1.805418,66.427010,353.501300,253.961500,353.817100,104.047200,98.172010,0.300000,1000.000000,0.900730,2468,2740,50.000000,off,,0,0,1,1,1
1765268551423,2025-12-09 16:22:31.423,700.884500,22.533870,23,2,2,-0.029752,0.008171,-0.050000,0.032501,-0.128479,0.991165,-74.717300,1.811309,66.411820,-0.966027,-0.018189,-0.257747,-89.6742477,1.5296905,62.4211349,15.4827404,Building,Surface,3.246429,2.709625,0.000039,0.000000,-74.774190,1.805743,66.425370,353.501300,253.994100,353.878200,104.047200,98.172010,0.300000,1000.000000,0.900730,2468,2740,50.000000,off,,0,0,1,1,1
1765268551434,2025-12-09 16:22:31.434,700.895600,22.544980,23,2,2,-0.031937,0.008934,-0.052146,0.060196,-0.157913,0.985611,-74.713780,1.812235,66.408710,-0.971080,-0.050549,-0.233319,-88.1640244,1.11209047,63.1770515,13.8507309,WS-01,Signage,2.796158,2.710114,0.000156,0.000000,-74.773410,1.805997,66.423690,353.490000,254.003000,353.991000,104.047200,98.172010,0.300000,1000.000000,0.900730,2468,2740,50.000000,off,Node2,-1.1920929E-07,0,1.00000012,1,1
1765268551445,2025-12-09 16:22:31.445,700.906700,22.556090,23,2,2,-0.032016,0.008117,-0.049394,0.032349,-0.111496,0.993225,-74.715740,1.811968,66.405980,-0.966727,-0.000447,-0.255759,-89.7778015,1.8050034,62.4211349,15.5802765,Building,Surface,2.914307,2.829895,0.000039,0.000000,-74.772700,1.806304,66.421900,353.465100,253.993000,354.110600,104.047200,98.172010,0.300000,1000.000000,0.900730,2468,2740,50.000000,off,,0,0,1,1,1
1765268551456,2025-12-09 16:22:31.456,700.917700,22.567080,23,2,2,-0.032016,0.008117,-0.049394,0.032349,-0.111496,0.993225,-74.714910,1.812189,66.404120,-0.966614,0.000053,-0.256187,-89.743042,1.81301379,62.4211388,15.5469856,Building,Surface,2.914307,2.829895,0.000039,0.000000,-74.771890,1.806626,66.420040,353.439400,253.951000,354.255900,104.047200,98.172010,0.300000,1000.000000,0.900730,2468,2740,50.000000,off,,0,0,1,1,1
1765268551468,2025-12-09 16:22:31.468,700.928800,22.578250,23,2,2,-0.028406,0.008032,-0.049655,0.026260,-0.136169,0.990326,-74.715010,1.811957,66.405800,-0.963945,-0.023445,-0.265025,-89.2079773,1.4594593,62.4211349,15.0348854,Building,Surface,3.081635,2.792740,0.000000,0.000000,-74.771220,1.806973,66.418180,353.406200,253.888100,354.418900,104.047200,98.172010,0.300000,1000.000000,0.900730,2468,2740,50.000000,off,,0,0,1,1,1
1765268551479,2025-12-09 16:22:31.479,700.940000,22.589420,23,2,2,-0.022326,0.007547,-0.048669,0.018265,-0.147064,0.988953,-74.716960,1.811182,66.409420,-0.960887,-0.033186,-0.274925,-88.6563568,1.32975984,62.4211388,14.5067177,Building,Surface,3.179169,2.780777,0.000155,0.000000,-74.770460,1.807241,66.416280,353.383100,253.784200,354.600800,104.047200,98.172010,0.300000,1000.000000,0.900730,2468,2740,50.000000,off,,0,0,1,1,1
1765268551489,2025-12-09 16:22:31.489,700.951000,22.600400,23,2,2,-0.022326,0.007547,-0.048669,0.018265,-0.147064,0.988953,-74.716170,1.811366,66.407560,-0.960551,-0.032928,-0.276128,-88.5835342,1.33598781,62.4211349,14.4368048,Building,Surface,3.179169,2.780777,0.000155,0.000000,-74.769680,1.807502,66.414350,353.369100,253.686700,354.775200,104.047200,98.172010,0.300000,1000.000000,0.900730,2468,2740,50.000000,off,,0,0,1,1,1
1765268551500,2025-12-09 16:22:31.500,700.962000,22.611450,23,2,2,-0.013159,0.006980,-0.047837,0.029984,-0.156769,0.987167,-74.718850,1.810211,66.414080,-0.962742,-0.043242,-0.266895,-89.1221695,1.16327941,62.4211349,14.960537,Building,Surface,3.258835,2.818542,0.000001,0.000000,-74.768860,1.807697,66.412370,353.339800,253.587500,354.927200,104.047200,98.172010,0.300000,1000.000000,0.900730,2468,2740,50.000000,off,,0,0,1,1,1
1765268551511,2025-12-09 16:22:31.511,700.973200,22.622620,23,2,2,-0.023788,0.007659,-0.049173,0.031143,-0.137405,0.990021,-74.713710,1.811753,66.402510,-0.963666,-0.023453,-0.266062,-89.1340942,1.46080017,62.4211349,14.9640293,Building,Surface,3.211136,2.802490,0.000000,0.000000,-74.768170,1.807854,66.410390,353.318900,253.467500,355.044200,104.047200,98.172010,0.300000,1000.000000,0.900730,2468,2740,50.000000,off,,0,0,1,1,1
1765268551522,2025-12-09 16:22:31.522,700.984300,22.633670,23,2,2,-0.017870,0.007219,-0.048391,0.022202,-0.153915,0.987824,-74.715550,1.810959,66.405940,-0.959970,-0.038820,-0.277362,-88.5072403,1.25324035,62.4211349,14.366641,Building,Surface,3.161789,2.835876,0.000002,0.000000,-74.767490,1.807964,66.408370,353.293500,253.363100,355.144700,104.047200,98.172010,0.300000,1000.000000,0.900730,2468,2740,50.000000,off,,0,0,1,1,1
1765268551533,2025-12-09 16:22:31.533,700.995400,22.644780,23,2,2,-0.017870,0.007219,-0.048391,0.022202,-0.153915,0.987824,-74.714940,1.811142,66.404030,-0.959424,-0.039079,-0.279207,-88.4011536,1.25367951,62.4211349,14.2648716,Building,Surface,3.161789,2.835876,0.000002,0.000000,-74.766880,1.808150,66.406350,353.308900,253.244100,355.200100,104.047200,98.172010,0.300000,1000.000000,0.900730,2468,2740,50.000000,off,,0,0,1,1,1
1765268551544,2025-12-09 16:22:31.544,701.006500,22.655880,23,2,2,-0.013159,0.006980,-0.047837,0.029984,-0.156769,0.987167,-74.716250,1.810695,66.406430,-0.960933,-0.042425,-0.273464,-88.7202988,1.19241858,62.4211349,14.5732069,Building,Surface,3.258835,2.818542,0.000002,0.000000,-74.766250,1.808288,66.404380,353.298300,253.145000,355.253300,104.047200,98.172010,0.300000,1000.000000,0.900730,2468,2740,50.000000,off,,0,0,1,1,1
1765268551555,2025-12-09 16:22:31.555,701.017600,22.666990,23,2,2,-0.023788,0.007659,-0.049173,0.031143,-0.137405,0.990021,-74.711130,1.812151,66.394870,-0.961840,-0.023371,-0.272597,-88.7321777,1.47146463,62.4211349,14.5772524,Building,Surface,3.211136,2.802490,0.000615,0.000000,-74.765640,1.808355,66.402370,353.319200,253.043000,355.299700,104.047200,98.172010,0.300000,1000.000000,0.900730,2468,2740,50.000000,off,,0,0,1,1,1
1765268551567,2025-12-09 16:22:31.567,701.029100,22.678530,23,2,2,-0.023788,0.007659,-0.049173,0.031143,-0.137405,0.990021,-74.710510,1.812209,66.392980,-0.961385,-0.023707,-0.274168,-88.6380157,1.46876848,62.4211388,14.4868479,Building,Surface,3.211136,2.802490,0.000615,0.000000,-74.765040,1.808404,66.400410,353.338900,252.946000,355.323400,104.047200,98.172010,0.300000,1000.000000,0.900730,2468,2740,50.000000,off,,0,0,1,1,1
1765268551578,2025-12-09 16:22:31.578,701.040500,22.689940,23,2,2,-0.006309,0.006483,-0.047093,0.027985,-0.159760,0.986755,-74.717320,1.809997,66.406960,-0.958807,-0.046546,-0.280206,-88.3559875,1.14789772,62.4211349,14.2245712,Building,Surface,3.270447,2.863754,0.000010,0.000000,-74.764500,1.808506,66.398440,353.373100,252.850500,355.360900,104.047200,98.172010,0.300000,1000.000000,0.900730,2468,2740,50.000000,off,,0,0,1,1,1
1765268551590,2025-12-09 16:22:31.590,701.052000,22.701420,23,2,2,0.005486,0.005745,-0.045843,0.033493,-0.193085,0.980606,-74.721720,1.808578,66.415890,-0.957035,-0.081596,-0.278240,-88.4621048,0.63708514,62.4211349,14.3571796,Building,Surface,3.180573,2.861816,0.000010,0.000000,-74.764040,1.808574,66.396550,353.425900,252.759100,355.405500,104.047200,98.172010,0.300000,1000.000000,0.900730,2468,2740,50.000000,off,,0,0,1,1,1
1765268551601,2025-12-09 16:22:31.601,701.063500,22.712890,23,2,2,0.003989,0.005828,-0.046008,0.054306,-0.185074,0.981216,-74.720690,1.808819,66.412670,-0.962868,-0.076237,-0.258959,-89.5621033,0.633720398,62.4211311,15.4136543,Building,Surface,3.154358,2.902618,0.000001,0.000000,-74.763600,1.808583,66.394650,353.483900,252.681200,355.438900,104.047200,98.172010,0.300000,1000.000000,0.900730,2468,2740,50.000000,off,,0,0,1,1,1
1765268551613,2025-12-09 16:22:31.613,701.074800,22.724240,23,2,2,0.003989,0.005828,-0.046008,0.054306,-0.185074,0.981216,-74.720280,1.808914,66.410870,-0.962514,-0.077284,-0.259963,-89.4923096,0.622810662,62.4211349,15.34723,Building,Surface,3.154358,2.902618,0.000001,0.000000,-74.763170,1.808626,66.392790,353.545600,252.613000,355.475900,104.047200,98.172010,0.300000,1000.000000,0.900730,2468,2740,50.000000,off,,0,0,1,1,1
1765268551624,2025-12-09 16:22:31.624,701.086400,22.735840,23,2,2,0.011663,0.005457,-0.045532,0.024948,-0.177399,0.983810,-74.722680,1.808056,66.416240,-0.954958,-0.068070,-0.288786,-87.9336853,0.866367638,62.4211311,13.8339567,Building,Surface,3.175430,2.887207,0.000001,0.000000,-74.762710,1.808630,66.391010,353.602400,252.543400,355.510500,104.047200,98.172010,0.300000,1000.000000,0.900730,2468,2740,50.000000,off,,0,0,1,1,1
1765268551636,2025-12-09 16:22:31.636,701.098000,22.747380,23,2,2,-0.003719,0.006369,-0.047140,0.044159,-0.161713,0.985840,-74.715980,1.810039,66.400440,-0.961223,-0.055233,-0.270151,-88.8747253,0.996461749,62.4211349,14.7297821,Building,Surface,3.131180,2.817886,0.000000,0.000000,-74.762330,1.808625,66.389200,353.685200,252.499900,355.522600,104.047200,98.172010,0.300000,1000.000000,0.900730,2468,2740,50.000000,off,,0,0,1,1,1
1765268551647,2025-12-09 16:22:31.647,701.109300,22.758670,23,2,2,0.003989,0.005828,-0.046008,0.054306,-0.185074,0.981216,-74.719150,1.809074,66.405570,-0.961679,-0.080972,-0.261924,-89.3483887,0.577313125,62.4211388,15.2120857,Building,Surface,3.154358,2.902618,0.000038,0.000000,-74.762000,1.808610,66.387400,353.759300,252.483500,355.515400,104.047200,98.172010,0.300000,1000.000000,0.900730,2468,2740,50.000000,off,,0,0,1,1,1
1765268551659,2025-12-09 16:22:31.659,701.120700,22.770080,23,2,2,0.003989,0.005828,-0.046008,0.054306,-0.185074,0.981216,-74.718820,1.809076,66.403820,-0.961428,-0.082444,-0.262388,-89.3119431,0.557691813,62.4211349,15.1785059,Building,Surface,3.154358,2.902618,0.000038,0.000000,-74.761670,1.808543,66.385620,353.844000,252.453800,355.514700,104.047200,98.172010,0.300000,1000.000000,0.900730,2468,2740,50.000000,off,,0,0,1,1,1
1765268551670,2025-12-09 16:22:31.670,701.132200,22.781620,23,2,2,0.011663,0.005457,-0.045532,0.024948,-0.177399,0.983810,-74.721400,1.808067,66.409100,-0.954070,-0.073592,-0.290362,-87.8649368,0.79424268,62.4089966,13.7761154,Building,Surface,3.175430,2.887207,0.000001,0.000000,-74.761380,1.808388,66.383800,353.919600,252.442000,355.509300,104.047200,98.172010,0.300000,1000.000000,0.900730,2468,2740,50.000000,off,,1,0,0,1,1
1765268551682,2025-12-09 16:22:31.682,701.143700,22.793090,23,2,2,0.011185,0.005396,-0.045242,0.055344,-0.215256,0.974976,-74.721260,1.808029,66.406770,-0.957730,-0.116402,-0.263020,-89.2340775,0.0441490263,62.4211349,15.1531639,Building,Surface,3.182541,2.886795,0.000039,0.000000,-74.761110,1.808249,66.382010,354.034500,252.428800,355.525400,104.047200,98.172010,0.300000,1000.000000,0.900730,2468,2740,50.000000,off,,0,0,1,1,1
1765268551693,2025-12-09 16:22:31.693,701.155100,22.804500,23,2,2,0.011202,0.005381,-0.045181,0.063370,-0.200546,0.977631,-74.721050,1.807950,66.405040,-0.961458,-0.104055,-0.254494,-89.7719116,0.17905134,62.4211311,15.6541777,Building,Surface,3.221237,2.855515,0.000002,0.000000,-74.760840,1.808085,66.380290,354.145200,252.427600,355.560700,104.047200,98.172010,0.300000,1000.000000,0.900730,2468,2740,50.000000,off,,0,0,1,1,1
1765268551704,2025-12-09 16:22:31.704,701.166200,22.815610,23,2,2,0.011202,0.005381,-0.045181,0.063370,-0.200546,0.977631,-74.720860,1.807897,66.403320,-0.961238,-0.106049,-0.254503,-89.7612686,0.148557827,62.4211349,15.646884,Building,Surface,3.221237,2.855515,0.000002,0.000000,-74.760650,1.807931,66.378560,354.262000,252.415300,355.599000,104.047200,98.172010,0.300000,1000.000000,0.900730,2468,2740,50.000000,off,,0,0,1,1,1
1765268551716,2025-12-09 16:22:31.716,701.177700,22.827090,23,2,2,0.025853,0.004451,-0.043420,0.040939,-0.206696,0.977539,-74.726880,1.806006,66.414860,-0.954615,-0.112066,-0.275923,-88.5440445,0.183954999,62.4211311,14.4739389,Building,Surface,3.232819,2.897400,0.000001,0.000000,-74.760420,1.807807,66.376850,354.357000,252.427000,355.657800,104.047200,98.172010,0.300000,1000.000000,0.900730,2468,2740,50.000000,off,,0,0,1,1,1
1765268551727,2025-12-09 16:22:31.727,701.189100,22.838560,23,2,2,0.016931,0.005026,-0.044474,0.049973,-0.214676,0.975403,-74.722850,1.807170,66.405110,-0.955884,-0.122309,-0.267058,-88.8464584,-4.02186524E-14,62.4592133,14.7754002,Building,Surface,3.159409,2.880936,0.000000,0.000000,-74.760190,1.807744,66.375180,354.442100,252.436500,355.727600,104.047200,98.172010,0.300000,1000.000000,0.900730,2468,2740,50.000000,off,,0,1,6.43918682E-16,1,1
1765268551739,2025-12-09 16:22:31.739,701.200300,22.849730,23,2,2,0.016931,0.005026,-0.044474,0.049973,-0.214676,0.975403,-74.722640,1.807149,66.403460,-0.955878,-0.123742,-0.266419,-88.6824417,-4.02530487E-14,62.5126266,14.6041241,Building,Surface,3.159409,2.880936,0.000000,0.000000,-74.759990,1.807633,66.373550,354.527600,252.454300,355.806800,104.047200,98.172010,0.300000,1000.000000,0.900730,2468,2740,50.000000,off,,0,1,6.43918682E-16,1,1
1765268551750,2025-12-09 16:22:31.750,701.211500,22.860900,23,2,2,0.003614,0.005915,-0.046213,0.067062,-0.184845,0.980469,-74.716640,1.808813,66.389840,-0.963982,-0.096093,-0.247971,-90.1448975,0.270872414,62.4211349,16.0045891,Building,Surface,3.205658,2.883591,0.000039,0.000000,-74.759810,1.807547,66.371990,354.600600,252.488400,355.871800,104.047200,98.172010,0.300000,1000.000000,0.900730,2468,2740,50.000000,off,,0,0,1,1,1
1765268551761,2025-12-09 16:22:31.761,701.222500,22.871950,23,2,2,0.025853,0.004451,-0.043420,0.040939,-0.206696,0.977539,-74.725970,1.805976,66.408370,-0.954779,-0.117805,-0.272949,-88.6733627,0.0850820094,62.4211349,14.6078577,Building,Surface,3.232819,2.897400,0.000155,0.000000,-74.759610,1.807399,66.370420,354.694900,252.537400,355.923900,104.047200,98.172010,0.300000,1000.000000,0.900730,2468,2740,50.000000,off,,0,0,1,1,1
1765268551772,2025-12-09 16:22:31.772,701.233600,22.883000,23,2,2,0.016931,0.005026,-0.044474,0.049973,-0.214676,0.975403,-74.722020,1.807055,66.398710,-0.956130,-0.128149,-0.263416,-88.2046051,-4.03635458E-14,62.6842308,14.1011639,Building,Surface,3.159409,2.880936,0.000001,0.000000,-74.759450,1.807285,66.368900,354.788100,252.587100,355.975800,104.047200,98.172010,0.300000,1000.000000,0.900730,2468,2740,50.000000,off,,0,1,6.43918682E-16,1,1
1765268551783,2025-12-09 16:22:31.783,701.244700,22.894100,23,2,2,0.016931,0.005026,-0.044474,0.049973,-0.214676,0.975403,-74.721900,1.806932,66.397130,-0.956424,-0.129379,-0.261740,-88.0794983,-4.04005036E-14,62.7416229,13.9661455,Building,Surface,3.159409,2.880936,0.000001,0.000000,-74.759380,1.807093,66.367390,354.860800,252.674700,356.021200,104.047200,98.172010,0.300000,1000.000000,0.900730,2468,2740,50.000000,off,,0,1,6.43918682E-16,1,1
1765268551794,2025-12-09 16:22:31.794,701.255900,22.905330,23,2,2,0.004967,0.005865,-0.046116,0.056931,-0.178909,0.982208,-74.716460,1.808365,66.384780,-0.963057,-0.094787,-0.252031,-89.8622818,0.317666858,62.4211349,15.7266855,Building,Surface,3.208282,2.878632,0.000010,0.000000,-74.759210,1.806956,66.365910,354.924700,252.771000,356.067800,104.047200,98.172010,0.300000,1000.000000,0.900730,2468,2740,50.000000,off,,0,0,1,1,1
1765268551805,2025-12-09 16:22:31.805,701.267000,22.916380,23,2,2,0.007693,0.005734,-0.045832,0.074341,-0.192734,0.978424,-74.717510,1.808021,66.385700,-0.966052,-0.110993,-0.233262,-90.4540176,-4.03002793E-14,62.5859756,16.2893982,Building,Surface,3.231018,2.962662,0.000010,0.000000,-74.759220,1.806850,66.364440,354.982400,252.899000,356.119100,104.047200,98.172010,0.300000,1000.000000,0.900730,2468,2740,50.000000,off,,0,1,6.43918682E-16,1,1
1765268551817,2025-12-09 16:22:31.817,701.278200,22.927610,23,2,2,0.014700,0.005239,-0.044784,0.069168,-0.194290,0.978485,-74.720530,1.807129,66.390560,-0.965181,-0.112883,-0.235899,-90.1719742,-4.03183753E-14,62.6140785,16.0085907,Building,Surface,3.293488,2.891479,0.000038,0.000000,-74.759170,1.806778,66.363080,355.026500,253.029400,356.186200,104.047200,98.172010,0.300000,1000.000000,0.900730,2468,2740,50.000000,off,,0,1,6.43918682E-16,1,1
1765268551828,2025-12-09 16:22:31.828,701.289100,22.938540,23,2,2,0.014700,0.005239,-0.044784,0.069168,-0.194290,0.978485,-74.720440,1.807113,66.389100,-0.965859,-0.113439,-0.232837,-90.1068344,-4.03607845E-14,62.6799431,15.9299841,Building,Surface,3.293488,2.891479,0.000038,0.000000,-74.759160,1.806713,66.361720,355.063000,253.194300,356.264700,104.047200,98.172010,0.300000,1000.000000,0.900730,2468,2740,50.000000,off,,0,1,6.43918682E-16,1,1
1765268551841,2025-12-09 16:22:31.841,701.302200,22.951660,23,2,2,0.022155,0.004754,-0.043853,0.073792,-0.191757,0.978653,-74.723480,1.806252,66.394550,-0.967974,-0.112052,-0.224608,-90.3269958,-4.04212999E-14,62.773922,16.1195889,Building,Surface,3.280762,2.847290,0.000000,0.000000,-74.759220,1.806665,66.360500,355.116800,253.392800,356.344800,104.047200,98.172010,0.300000,1000.000000,0.900730,2468,2740,50.000000,off,,0,1,6.43918682E-16,1,1
1765268551854,2025-12-09 16:22:31.854,701.311300,22.960750,23,2,2,0.017592,0.005138,-0.044752,0.165741,-0.188614,0.967957,-74.721190,1.806871,66.389150,-0.984723,-0.116523,-0.129341,-89.9908524,-4.14577498E-14,64.383522,15.5064516,Building,Surface,3.237137,2.988083,0.000000,0.000000,-74.759250,1.806616,66.359320,355.178300,253.617600,356.422600,104.047200,98.172010,0.300000,1000.000000,0.900730,2468,2740,50.000000,off,,0,1,6.43918682E-16,1,1
1765268551860,2025-12-09 16:22:31.860,701.322400,22.971860,23,2,2,0.017592,0.005138,-0.044752,0.165741,-0.188614,0.967957,-74.721120,1.806900,66.387910,-0.985223,-0.117659,-0.124409,-89.8512802,-4.15181669E-14,64.4773483,15.3569803,Building,Surface,3.237137,2.988083,0.000000,0.000000,-74.759320,1.806567,66.358270,355.254300,253.889600,356.484600,104.047200,98.172010,0.300000,1000.000000,0.900730,2468,2740,50.000000,off,,0,1,6.43918682E-16,1,1
1765268551871,2025-12-09 16:22:31.871,701.333600,22.983030,23,2,2,0.014700,0.005239,-0.044784,0.069168,-0.194290,0.978485,-74.720210,1.807218,66.383900,-0.969489,-0.117828,-0.214882,-89.5899963,-4.06236019E-14,63.0880928,15.3375072,Building,Surface,3.293488,2.891479,0.000000,0.000000,-74.759410,1.806535,66.357220,355.332200,254.194300,356.537500,104.047200,98.172010,0.300000,1000.000000,0.900730,2468,2740,50.000000,off,,0,1,6.43918682E-16,1,1
1765268551882,2025-12-09 16:22:31.882,701.344700,22.994140,23,2,2,0.022155,0.004754,-0.043853,0.073792,-0.191757,0.978653,-74.723080,1.806404,66.389630,-0.971893,-0.116782,-0.204360,-89.7564926,-4.07140481E-14,63.2285576,15.4679947,Building,Surface,3.280762,2.847290,0.000000,0.000000,-74.759500,1.806496,66.356320,355.406000,254.529500,356.600000,104.047200,98.172010,0.300000,1000.000000,0.900730,2468,2740,50.000000,off,,0,1,6.43918682E-16,1,1
1765268551894,2025-12-09 16:22:31.894,701.356000,23.005430,23,2,2,0.005953,0.006133,-0.047012,0.253113,-0.177414,0.951019,-74.715560,1.808486,66.373860,-0.993059,-0.116212,-0.017571,-90.1694946,-4.25632972E-14,66.1004257,15.5618,Building,Surface,3.341400,3.186005,0.000000,0.000000,-74.759600,1.806437,66.355420,355.475000,254.862500,356.664600,104.047200,98.172010,0.300000,1000.000000,0.900730,2468,2740,50.000000,off,,0,1,6.43918682E-16,1,1
1765268551905,2025-12-09 16:22:31.905,701.366900,23.016360,23,2,2,0.005953,0.006133,-0.047012,0.253113,-0.177414,0.951019,-74.715600,1.808512,66.372690,-0.993046,-0.117132,-0.010901,-90.048172,-4.26302331E-14,66.2043762,15.439785,Building,Surface,3.341400,3.186005,0.000000,0.000000,-74.759750,1.806397,66.354540,355.546000,255.232800,356.729500,104.047200,98.172010,0.300000,1000.000000,0.900730,2468,2740,50.000000,off,,0,1,6.43918682E-16,1,1
1765268551916,2025-12-09 16:22:31.916,701.377900,23.027340,23,2,2,-0.031560,0.008702,-0.052061,0.372665,-0.122528,0.919830,-74.701100,1.812778,66.336770,-0.989743,-0.072277,0.123147,-99.524826,-4.47043254E-14,69.4254227,25.0807362,Building,Surface,3.179230,3.186172,0.000000,0.000000,-74.759860,1.806346,66.353720,355.608200,255.610500,356.800700,104.047200,98.172010,0.300000,1000.000000,0.900730,2468,2740,50.000000,off,,0,1,6.43918682E-16,1,1
1765268551927,2025-12-09 16:22:31.927,701.389200,23.038640,23,2,2,-0.001563,0.006975,-0.049296,0.412094,-0.153519,0.898102,-74.711460,1.809615,66.363860,-0.979348,-0.107095,0.171421,-91.2597809,-4.45980736E-14,69.2604141,16.8970909,Building,Surface,3.451385,3.306366,0.000000,0.000000,-74.759960,1.806324,66.353000,355.650200,256.007900,356.880300,104.047200,98.172010,0.300000,1000.000000,0.900730,2468,2740,50.000000,off,,0,1,6.43918682E-16,1,1
1765268551938,2025-12-09 16:22:31.938,701.400200,23.049620,23,2,2,-0.001563,0.006975,-0.049296,0.412094,-0.153519,0.898102,-74.711550,1.809553,66.362820,-0.978077,-0.107396,0.178351,-91.1915054,-4.46672999E-14,69.3679199,16.8491631,Building,Surface,3.451385,3.306366,0.000000,0.000000,-74.760120,1.806212,66.352290,355.709400,256.395600,356.971200,104.047200,98.172010,0.300000,1000.000000,0.900730,2468,2740,50.000000,off,,0,1,6.43918682E-16,1,1
1765268551949,2025-12-09 16:22:31.949,701.411300,23.060730,23,2,2,0.022899,0.005515,-0.046863,0.375565,-0.177689,0.909592,-74.719660,1.806964,66.384900,-0.980883,-0.129016,0.145609,-88.4576492,-4.40596588E-14,68.4242706,14.0055866,Building,Surface,3.376846,3.265762,0.000000,0.000000,-74.760170,1.806101,66.351610,355.766200,256.786600,357.062100,104.047200,98.172010,0.300000,1000.000000,0.900730,2468,2740,50.000000,off,,0,1,6.43918682E-16,1,1
1765268551960,2025-12-09 16:22:31.960,701.422400,23.071780,23,2,2,-0.031560,0.008702,-0.052061,0.372665,-0.122528,0.919830,-74.701970,1.812475,66.332370,-0.985851,-0.073102,0.150778,-99.1449432,-4.51198459E-14,70.0707245,24.7935333,Building,Surface,3.179230,3.186172,0.000000,0.000000,-74.760240,1.806059,66.350980,355.798000,257.158200,357.154100,104.047200,98.172010,0.300000,1000.000000,0.900730,2468,2740,50.000000,off,,0,1,6.43918682E-16,1,1
1765268551972,2025-12-09 16:22:31.972,701.433500,23.082950,23,2,2,-0.001563,0.006975,-0.049296,0.412094,-0.153519,0.898102,-74.711560,1.809433,66.359840,-0.974215,-0.107377,0.198372,-91.1282654,-4.48828393E-14,69.702652,16.8510132,Building,Surface,3.451385,3.306366,0.000000,0.000000,-74.760320,1.805994,66.350300,355.829700,257.518200,357.245400,104.047200,98.172010,0.300000,1000.000000,0.900730,2468,2740,50.000000,off,,0,1,6.43918682E-16,1,1
1765268551983,2025-12-09 16:22:31.983,701.444600,23.093990,23,2,2,-0.001563,0.006975,-0.049296,0.412094,-0.153519,0.898102,-74.711590,1.809436,66.358850,-0.972960,-0.107394,0.204432,-91.1045837,-4.49476102E-14,69.8032379,16.8483829,Building,Surface,3.451385,3.306366,0.000000,0.000000,-74.760410,1.805961,66.349610,355.873500,257.856500,357.341600,104.047200,98.172010,0.300000,1000.000000,0.900730,2468,2740,50.000000,off,,0,1,6.43918682E-16,1,1
1765268551994,2025-12-09 16:22:31.994,701.455700,23.105160,23,2,2,0.022926,0.005447,-0.046565,0.371277,-0.191299,0.908600,-74.719440,1.807018,66.381210,-0.975805,-0.142461,0.165849,-87.0968399,-4.40987003E-14,68.4848938,12.6842756,Building,Surface,3.373337,3.251221,0.000000,0.000000,-74.760460,1.805919,66.348970,355.920700,258.168300,357.451000,104.047200,98.172010,0.300000,1000.000000,0.900730,2468,2740,50.000000,off,,0,1,6.43918682E-16,1,1
1765268552005,2025-12-09 16:22:32.005,701.466800,23.116210,23,2,2,0.004081,0.006302,-0.047735,0.375992,-0.163666,0.912033,-74.714310,1.808603,66.362120,-0.977448,-0.114959,0.177034,-90.0921021,-4.45252559E-14,69.1473236,15.7322865,Building,Surface,3.310043,3.252319,0.000000,0.000000,-74.760520,1.805854,66.348270,355.965700,258.480800,357.553000,104.047200,98.172010,0.300000,1000.000000,0.900730,2468,2740,50.000000,off,,0,1,6.43918682E-16,1,1
1765268552016,2025-12-09 16:22:32.016,701.477900,23.127320,23,2,2,0.004081,0.006302,-0.047735,0.375992,-0.163666,0.912033,-74.714190,1.808591,66.361250,-0.976530,-0.114812,0.182120,-90.0970993,-4.45785681E-14,69.2301178,15.7523174,Building,Surface,3.310043,3.252319,0.000000,0.000000,-74.760470,1.805805,66.347630,355.999500,258.758300,357.660600,104.047200,98.172010,0.300000,1000.000000,0.900730,2468,2740,50.000000,off,,0,1,6.43918682E-16,1,1
1765268552027,2025-12-09 16:22:32.027,701.489000,23.138370,23,2,2,-0.009113,0.007135,-0.049386,0.366898,-0.150589,0.917984,-74.709860,1.809831,66.347790,-0.978944,-0.100875,0.177421,-92.2734146,-4.47722846E-14,69.5309601,17.9411926,Building,Surface,3.212265,3.301773,0.000000,0.000000,-74.760420,1.805783,66.346970,356.030100,259.013900,357.758300,104.047200,98.172010,0.300000,1000.000000,0.900730,2468,2740,50.000000,off,,0,1,6.43918682E-16,1,1
1765268552038,2025-12-09 16:22:32.038,701.500100,23.149480,23,2,2,-0.020407,0.007963,-0.051234,0.337494,-0.119980,0.933640,-74.705830,1.810937,66.336200,-0.986048,-0.068120,0.151818,-99.9999924,0.0635198057,70.2306366,25.6517944,Building,Surface,3.369446,3.234497,0.000000,0.000000,-74.760380,1.805753,66.346320,356.058800,259.270700,357.841600,104.047200,98.172010,0.300000,1000.000000,0.900730,2468,2740,50.000000,off,,1,0,0,1,1
1765268552049,2025-12-09 16:22:32.049,701.511200,23.160580,23,2,2,-0.020639,0.008098,-0.051732,0.326401,-0.137497,0.935165,-74.705220,1.811073,66.335170,-0.985910,-0.084839,0.144087,-95.7516098,-4.46950487E-14,69.4110184,21.3469296,Building,Surface,3.359436,3.202988,0.000000,0.000000,-74.760260,1.805796,66.345650,356.073200,259.508200,357.924100,104.047200,98.172010,0.300000,1000.000000,0.900730,2468,2740,50.000000,off,,0,1,6.43918682E-16,1,1
1765268552061,2025-12-09 16:22:32.061,701.522300,23.171750,23,2,2,-0.020639,0.008098,-0.051732,0.326401,-0.137497,0.935165,-74.705110,1.811145,66.334340,-0.985435,-0.084083,0.147733,-95.9313431,-4.4762974E-14,69.5165024,21.5397205,Building,Surface,3.359436,3.202988,0.000000,0.000000,-74.760120,1.805914,66.345030,356.053200,259.708900,358.000100,104.047200,98.172010,0.300000,1000.000000,0.900730,2468,2740,50.000000,off,,0,1,6.43918682E-16,1,1
1765268552072,2025-12-09 16:22:32.072,701.533400,23.182800,23,2,2,-0.003186,0.006600,-0.048429,0.295273,-0.148850,0.943741,-74.711460,1.809362,66.350060,-0.988620,-0.092836,0.118327,-93.979538,-4.42090348E-14,68.6562424,19.4897709,Building,Surface,3.398804,3.158585,0.000000,0.000000,-74.760000,1.806035,66.344410,356.020800,259.886200,358.070100,104.047200,98.172010,0.300000,1000.000000,0.900730,2468,2740,50.000000,off,,0,1,6.43918682E-16,1,1
1765268552083,2025-12-09 16:22:32.083,701.544600,23.194030,23,2,2,-0.020407,0.007963,-0.051234,0.337494,-0.119980,0.933640,-74.705500,1.811215,66.332870,-0.983989,-0.064964,0.165909,-99.9999847,0.141246676,70.5977402,25.7058258,Building,Surface,3.369446,3.234497,0.000000,0.000000,-74.759910,1.806214,66.343770,355.972400,260.050600,358.141300,104.047200,98.172010,0.300000,1000.000000,0.900730,2468,2740,50.000000,off,,1,0,0,1,1
1765268552094,2025-12-09 16:22:32.094,701.555700,23.205080,23,2,2,-0.020639,0.008098,-0.051732,0.326401,-0.137497,0.935165,-74.704760,1.811382,66.331970,-0.984405,-0.080530,0.156332,-96.847229,-4.49766804E-14,69.8483887,22.4930096,Building,Surface,3.359436,3.202988,0.000000,0.000000,-74.759690,1.806357,66.343140,355.912500,260.177600,358.221000,104.047200,98.172010,0.300000,1000.000000,0.900730,2468,2740,50.000000,off,,0,1,6.43918682E-16,1,1
1765268552105,2025-12-09 16:22:32.105,701.566800,23.216250,23,2,2,-0.020639,0.008098,-0.051732,0.326401,-0.137497,0.935165,-74.704620,1.811449,66.331280,-0.984221,-0.078968,0.158275,-97.2816925,-4.50498098E-14,69.9619598,22.9387722,Building,Surface,3.359436,3.202988,0.000000,0.000000,-74.759540,1.806514,66.342550,355.845600,260.279200,358.303000,104.047200,98.172010,0.300000,1000.000000,0.900730,2468,2740,50.000000,off,,0,1,6.43918682E-16,1,1
1765268552116,2025-12-09 16:22:32.116,701.577800,23.227230,23,2,2,-0.009895,0.006941,-0.049027,0.290115,-0.134995,0.947418,-74.708930,1.810292,66.340610,-0.989816,-0.073255,0.122026,-99.1694565,-4.46597105E-14,69.3561401,24.7121029,Building,Surface,3.481186,3.181686,0.000000,0.000000,-74.759280,1.806692,66.341890,355.787200,260.355200,358.360600,104.047200,98.172010,0.300000,1000.000000,0.900730,2468,2740,50.000000,off,,0,1,6.43918682E-16,1,1
1765268552127,2025-12-09 16:22:32.127,701.589000,23.238400,23,2,2,-0.014452,0.007744,-0.051392,0.272949,-0.146332,0.950821,-74.705560,1.811147,66.335800,-0.990994,-0.082400,0.105430,-96.4875488,-4.42070425E-14,68.6531448,21.9796562,Building,Surface,3.399033,3.159302,0.000000,0.000000,-74.759060,1.806866,66.341210,355.717000,260.425800,358.411900,104.047200,98.172010,0.300000,1000.000000,0.900730,2468,2740,50.000000,off,,0,1,6.43918682E-16,1,1
1765268552138,2025-12-09 16:22:32.138,701.600100,23.249510,23,2,2,-0.014452,0.007744,-0.051392,0.272949,-0.146332,0.950821,-74.705280,1.811242,66.335090,-0.990986,-0.080894,0.106664,-96.8937607,-4.42522334E-14,68.7233276,22.3900242,Building,Surface,3.399033,3.159302,0.000000,0.000000,-74.758790,1.807043,66.340560,355.640300,260.490800,358.459200,104.047200,98.172010,0.300000,1000.000000,0.900730,2468,2740,50.000000,off,,0,1,6.43918682E-16,1,1
1765268552149,2025-12-09 16:22:32.149,701.611100,23.260560,23,2,2,-0.018263,0.007733,-0.050980,0.266068,-0.126556,0.955597,-74.704700,1.811543,66.330640,-0.993105,-0.059482,0.100887,-100,0.296482474,68.9003296,25.4705849,Building,Surface,3.257645,3.192047,0.000000,0.000000,-74.758420,1.807284,66.340000,355.578900,260.546500,358.485900,104.047200,98.172010,0.300000,1000.000000,0.900730,2468,2740,50.000000,off,,1,0,0,1,1
1765268552160,2025-12-09 16:22:32.160,701.622400,23.271850,23,2,2,-0.017531,0.007590,-0.050534,0.259857,-0.134384,0.956238,-74.704930,1.811526,66.330630,-0.993262,-0.065582,0.095421,-99.9999924,0.1413728,68.7606812,25.4663429,Building,Surface,3.181381,3.179337,0.000000,0.000000,-74.758080,1.807476,66.339390,355.501400,260.602800,358.527400,104.047200,98.172010,0.300000,1000.000000,0.900730,2468,2740,50.000000,off,,1,0,0,1,1
1765268552171,2025-12-09 16:22:32.171,701.633400,23.282780,23,2,2,-0.017531,0.007590,-0.050534,0.259857,-0.134384,0.956238,-74.704610,1.811681,66.330060,-0.993282,-0.064078,0.096231,-99.9999924,0.179840997,68.7807236,25.4661522,Building,Surface,3.181381,3.179337,0.000000,0.000000,-74.757770,1.807713,66.338870,355.422600,260.644700,358.567000,104.047200,98.172010,0.300000,1000.000000,0.900730,2468,2740,50.000000,off,,1,0,0,1,1
1765268552182,2025-12-09 16:22:32.182,701.644600,23.294010,23,2,2,-0.012782,0.007141,-0.049507,0.246338,-0.154083,0.956848,-74.706130,1.811329,66.333960,-0.993162,-0.081726,0.083260,-96.7180099,-4.39019142E-14,68.1792831,22.1632404,Building,Surface,3.160492,3.120667,0.000000,0.000000,-74.757450,1.807928,66.338330,355.339900,260.707300,358.614900,104.047200,98.172010,0.300000,1000.000000,0.900730,2468,2740,50.000000,off,,0,1,6.43918682E-16,1,1
1765268552194,2025-12-09 16:22:32.194,701.655600,23.304990,23,2,2,-0.018263,0.007733,-0.050980,0.266068,-0.126556,0.955597,-74.703390,1.812055,66.328290,-0.993049,-0.052919,0.105009,-99.9999924,0.464013368,69.0032578,25.4733334,Building,Surface,3.257645,3.192047,0.000000,0.000000,-74.757110,1.808160,66.337860,355.241300,260.761100,358.680100,104.047200,98.172010,0.300000,1000.000000,0.900730,2468,2740,50.000000,off,,1,0,0,1,1
1765268552205,2025-12-09 16:22:32.205,701.666700,23.316160,23,2,2,-0.017531,0.007590,-0.050534,0.259857,-0.134384,0.956238,-74.703610,1.812066,66.328430,-0.993280,-0.058537,0.099714,-100,0.321274102,68.867897,25.4671955,Building,Surface,3.181381,3.179337,0.000000,0.000000,-74.756760,1.808403,66.337430,355.141800,260.822400,358.749300,104.047200,98.172010,0.300000,1000.000000,0.900730,2468,2740,50.000000,off,,1,0,0,1,1
1765268552216,2025-12-09 16:22:32.216,701.677800,23.327210,23,2,2,-0.017531,0.007590,-0.050534,0.259857,-0.134384,0.956238,-74.703350,1.812199,66.327960,-0.993231,-0.056421,0.101409,-99.9999924,0.375209779,68.9107437,25.468729,Building,Surface,3.181381,3.179337,0.000000,0.000000,-74.756480,1.808653,66.337060,355.035900,260.910400,358.824200,104.047200,98.172010,0.300000,1000.000000,0.900730,2468,2740,50.000000,off,,1,0,0,1,1
1765268552228,2025-12-09 16:22:32.228,701.689000,23.338380,23,2,2,-0.014490,0.007622,-0.050819,0.237701,-0.162460,0.957642,-74.703250,1.812264,66.330540,-0.993403,-0.081771,0.080236,-96.7197113,-4.38565166E-14,68.1087875,22.162384,Building,Surface,3.036652,3.069916,0.000154,0.000000,-74.756190,1.808885,66.336690,354.935100,261.005500,358.906300,104.047200,98.172010,0.300000,1000.000000,0.900730,2468,2740,50.000000,off,,0,1,6.43918682E-16,1,1
1765268552238,2025-12-09 16:22:32.238,701.700100,23.349490,23,2,2,-0.028885,0.008787,-0.052772,0.335526,-0.071762,0.939285,-74.698620,1.813672,66.316260,-0.982757,0.007023,0.184725,-99.9999924,1.99448097,71.0720596,25.7450886,Building,Surface,3.228333,3.105652,0.000154,0.000000,-74.755800,1.809150,66.336400,354.836400,261.122700,358.962100,104.047200,98.172010,0.300000,1000.000000,0.900730,2468,2740,50.000000,off,,1,0,0,1,1
1765268552249,2025-12-09 16:22:32.249,701.711100,23.360530,23,2,2,-0.028150,0.009594,-0.054800,0.409729,0.077881,0.908859,-74.696330,1.814478,66.316990,-0.950710,0.153810,0.269186,-99.9999847,5.90821505,73.4815216,26.6151237,Building,Surface,3.294235,2.943222,0.009900,0.000000,-74.755450,1.809465,66.336180,354.742300,261.229000,359.014900,104.047200,98.172010,0.300000,1000.000000,0.900730,2468,2740,50.000000,off,,1,0,0,1,1
1765268552260,2025-12-09 16:22:32.260,701.722300,23.371700,23,2,2,-0.028150,0.009594,-0.054800,0.409729,0.077881,0.908859,-74.696090,1.814545,66.316610,-0.949803,0.155822,0.271224,-100,5.96583176,73.5423508,26.6407928,Building,Surface,3.294235,2.943222,0.009900,0.000000,-74.755170,1.809659,66.335940,354.637100,261.352700,359.065500,104.047200,98.172010,0.300000,1000.000000,0.900730,2468,2740,50.000000,off,,1,0,0,1,1
1765268552271,2025-12-09 16:22:32.271,701.733500,23.382870,23,2,2,0.016841,0.006348,-0.047428,0.408142,0.065674,0.910538,-74.710080,1.811501,66.359600,-0.951433,0.145632,0.271180,-100,5.68252468,73.5677948,26.5804882,Building,Surface,3.482605,3.106400,0.002490,0.000000,-74.754830,1.809954,66.335770,354.543100,261.482000,359.107900,104.047200,98.172010,0.300000,1000.000000,0.900730,2468,2740,50.000000,off,,1,0,0,1,1
1765268552283,2025-12-09 16:22:32.283,701.744600,23.393980,23,2,2,-0.028885,0.008787,-0.052772,0.335526,-0.071762,0.939285,-74.697550,1.814312,66.315010,-0.980963,0.014596,0.193606,-99.9999924,2.19079328,71.3087845,25.7932777,Building,Surface,3.228333,3.105652,2.534373,0.000000,-74.754590,1.810247,66.335680,354.432200,261.627100,359.121200,104.047200,98.172010,0.300000,1000.000000,0.900730,2468,2740,50.000000,off,,1,0,0,1,1
1765268552294,2025-12-09 16:22:32.294,701.755600,23.405030,23,2,2,-0.028885,0.008787,-0.052772,0.335526,-0.071762,0.939285,-74.697270,1.814491,66.314800,-0.980412,0.016586,0.196217,-100,2.24254727,71.3788147,25.8080406,Building,Surface,3.228333,3.105652,2.534373,0.000000,-74.754260,1.810543,66.335620,354.319500,261.777400,359.144500,104.047200,98.172010,0.300000,1000.000000,0.900730,2468,2740,50.000000,off,,1,0,0,1,1
1765268552305,2025-12-09 16:22:32.305,701.766800,23.416200,23,2,2,-0.028150,0.009594,-0.054800,0.409729,0.077881,0.908859,-74.695080,1.815283,66.315640,-0.945725,0.163290,0.280909,-99.9999924,6.18445826,73.8319702,26.7567444,Building,Surface,3.294235,2.943222,0.637546,0.000000,-74.754000,1.810863,66.335590,354.200900,261.933600,359.154400,104.047200,98.172010,0.300000,1000.000000,0.900730,2468,2740,50.000000,off,,1,0,0,1,1
1765268552316,2025-12-09 16:22:32.316,701.777800,23.427250,23,2,2,0.014446,0.006908,-0.049159,0.391830,0.044205,0.918961,-74.706580,1.812754,66.356820,-0.955320,0.133203,0.263807,-99.9999924,5.3394866,73.3414764,26.4760227,Building,Surface,3.300781,2.904541,0.157418,0.000000,-74.753710,1.811176,66.335600,354.067600,262.110600,359.156300,104.047200,98.172010,0.300000,1000.000000,0.900730,2468,2740,50.000000,off,,1,0,0,1,1
1765268552328,2025-12-09 16:22:32.328,701.789100,23.438480,23,2,2,0.008357,0.006855,-0.048472,0.425690,0.044998,0.903732,-74.706060,1.813091,66.350590,-0.943751,0.133990,0.302239,-99.9999924,5.40422249,74.4510498,26.801054,Building,Surface,3.373795,3.015030,10.262740,0.000000,-74.753400,1.811509,66.335640,353.943400,262.278800,359.173500,104.047200,98.172010,0.300000,1000.000000,0.900730,2468,2740,50.000000,off,,1,0,0,1,1
1765268552339,2025-12-09 16:22:32.339,701.800000,23.449460,23,2,2,0.008357,0.006855,-0.048472,0.425690,0.044998,0.903732,-74.705670,1.813287,66.350560,-0.942388,0.136216,0.305482,-99.9999924,5.46941519,74.5499039,26.84025,Building,Surface,3.373795,3.015030,10.262740,0.000000,-74.753050,1.811822,66.335770,353.805400,262.473500,359.183100,104.047200,98.172010,0.300000,1000.000000,0.900730,2468,2740,50.000000,off,,1,0,0,1,1
1765268552349,2025-12-09 16:22:32.349,701.811300,23.460690,23,2,2,0.002286,0.007093,-0.048784,0.431854,0.052475,0.900406,-74.704170,1.813741,66.344620,-0.937813,0.144944,0.315406,-99.9999847,5.72334433,74.8521271,26.9729748,Building,Surface,3.342346,3.014847,0.633593,0.000000,-74.752730,1.812075,66.335970,353.702400,262.665800,359.202100,104.047200,98.172010,0.300000,1000.000000,0.900730,2468,2740,50.000000,off,,1,0,0,1,1
1765268552360,2025-12-09 16:22:32.360,701.822300,23.471680,23,2,2,0.007134,0.006935,-0.048643,0.417938,0.037369,0.907684,-74.704690,1.813735,66.349430,-0.943482,0.132701,0.303631,-99.9999924,5.37152624,74.4899521,26.8100414,Building,Surface,3.272125,2.989777,2.581248,0.000000,-74.752520,1.812368,66.336160,353.593800,262.868500,359.212700,104.047200,98.172010,0.300000,1000.000000,0.900730,2468,2740,50.000000,off,,1,0,0,1,1
1765268552371,2025-12-09 16:22:32.371,701.833400,23.482790,23,2,2,0.007134,0.006935,-0.048643,0.417938,0.037369,0.907684,-74.704320,1.813927,66.349490,-0.942084,0.134077,0.307343,-100,5.41399622,74.6018829,26.8502026,Building,Surface,3.272125,2.989777,2.581248,0.000000,-74.752200,1.812640,66.336400,353.502400,263.092300,359.204900,104.047200,98.172010,0.300000,1000.000000,0.900730,2468,2740,50.000000,off,,1,0,0,1,1
1765268552382,2025-12-09 16:22:32.382,701.844500,23.493900,23,2,2,-0.015257,0.008658,-0.052585,0.407242,0.041153,0.912384,-74.697280,1.815688,66.327820,-0.943668,0.140040,0.299771,-100,5.57060194,74.3656311,26.8129272,Building,Surface,3.208923,2.965118,0.010022,0.000000,-74.751950,1.812918,66.336640,353.402200,263.302800,359.197200,104.047200,98.172010,0.300000,1000.000000,0.900730,2468,2740,50.000000,off,,1,0,0,1,1
1765268552393,2025-12-09 16:22:32.393,701.855600,23.505000,23,2,2,0.002286,0.007093,-0.048784,0.431854,0.052475,0.900406,-74.702930,1.814494,66.344830,-0.931762,0.151137,0.330090,-99.9999924,5.91781902,75.3066788,27.1494675,Building,Surface,3.342346,3.014847,0.010083,0.000000,-74.751630,1.813185,66.336930,353.288300,263.556600,359.170800,104.047200,98.172010,0.300000,1000.000000,0.900730,2468,2740,50.000000,off,,1,0,0,1,1
1765268552405,2025-12-09 16:22:32.405,701.866700,23.516110,23,2,2,0.007134,0.006935,-0.048643,0.417938,0.037369,0.907684,-74.703300,1.814440,66.349720,-0.937469,0.138820,0.319125,-100,5.56036377,74.9609985,26.9834919,Building,Surface,3.272125,2.989777,2.565624,0.000000,-74.751340,1.813441,66.337230,353.174100,263.803700,359.149300,104.047200,98.172010,0.300000,1000.000000,0.900730,2468,2740,50.000000,off,,1,0,0,1,1
1765268552416,2025-12-09 16:22:32.416,701.877800,23.527220,23,2,2,0.007134,0.006935,-0.048643,0.417938,0.037369,0.907684,-74.702960,1.814639,66.349880,-0.935688,0.140488,0.323591,-100,5.6128397,75.0984039,27.0352192,Building,Surface,3.272125,2.989777,2.565624,0.000000,-74.751070,1.813740,66.337610,353.059400,264.074600,359.131500,104.047200,98.172010,0.300000,1000.000000,0.900730,2468,2740,50.000000,off,,1,0,0,1,1
1765268552427,2025-12-09 16:22:32.427,701.888900,23.538330,23,2,2,-0.011933,0.008405,-0.052014,0.405060,0.036957,0.913528,-74.697200,1.816146,66.331410,-0.938488,0.142691,0.314410,-99.9999924,5.66327143,74.8082962,26.9608879,Building,Surface,3.205124,2.948776,0.633578,0.000000,-74.750790,1.814011,66.337950,352.947800,264.331000,359.124800,104.047200,98.172010,0.300000,1000.000000,0.900730,2468,2740,50.000000,off,,1,0,0,1,1
1765268552438,2025-12-09 16:22:32.438,701.900000,23.549440,23,2,2,-0.006217,0.007812,-0.050598,0.377152,0.021255,0.925903,-74.698920,1.815820,66.337110,-0.948195,0.130730,0.289530,-99.9999924,5.304142,74.0627594,26.6832924,Building,Surface,3.052872,2.801147,41.049000,0.000000,-74.750450,1.814285,66.338360,352.833900,264.602500,359.102800,104.047200,98.172010,0.300000,1000.000000,0.900730,2468,2740,50.000000,off,,1,0,0,1,1
1765268552449,2025-12-09 16:22:32.449,701.911100,23.560490,23,2,2,-0.006217,0.007812,-0.050598,0.377152,0.021255,0.925903,-74.698650,1.815994,66.337290,-0.946597,0.132146,0.294082,-99.9999847,5.34808969,74.1977234,26.7286434,Building,Surface,3.052872,2.801147,41.049000,0.000000,-74.750180,1.814541,66.338780,352.741400,264.876500,359.093000,104.047200,98.172010,0.300000,1000.000000,0.900730,2468,2740,50.000000,off,,1,0,0,1,1
1765268552461,2025-12-09 16:22:32.461,701.922100,23.571530,23,2,2,0.000817,0.007327,-0.049588,0.356964,0.029343,0.933640,-74.700040,1.815622,66.344370,-0.949842,0.143104,0.278010,-99.9999924,5.62733316,73.7494278,26.6355343,Building,Surface,3.027817,2.834152,41.049000,0.000000,-74.749890,1.814728,66.339200,352.633500,265.145700,359.077500,104.047200,98.172010,0.300000,1000.000000,0.900730,2468,2740,50.000000,off,,1,0,0,1,1
1765268552472,2025-12-09 16:22:32.472,701.933300,23.582760,23,2,2,-0.005120,0.007682,-0.050281,0.353363,0.032562,0.934906,-74.698540,1.816103,66.338730,-0.948772,0.148127,0.279042,-99.9999924,5.76629162,73.7801056,26.6672363,Building,Surface,3.005112,2.766754,0.161336,0.000000,-74.749630,1.814944,66.339650,352.526900,265.423800,359.059800,104.047200,98.172010,0.300000,1000.000000,0.900730,2468,2740,50.000000,off,,1,0,0,1,1
1765268552483,2025-12-09 16:22:32.483,701.944500,23.593870,23,2,2,-0.004755,0.007561,-0.049913,0.348389,0.023804,0.937042,-74.698680,1.816146,66.339290,-0.949981,0.141258,0.278518,-99.9999924,5.57834053,73.7571945,26.6333599,Building,Surface,2.988174,2.849716,0.040334,0.000000,-74.749370,1.815149,66.340140,352.429000,265.713800,359.038700,104.047200,98.172010,0.300000,1000.000000,0.900730,2468,2740,50.000000,off,,1,0,0,1,1
1765268552494,2025-12-09 16:22:32.494,701.955600,23.604980,23,2,2,-0.004755,0.007561,-0.049913,0.348389,0.023804,0.937042,-74.698410,1.816312,66.339550,-0.948406,0.142653,0.283135,-99.9999847,5.62200928,73.8930206,26.6778641,Building,Surface,2.988174,2.849716,0.040334,0.000000,-74.749100,1.815395,66.340630,352.336700,265.991300,359.022400,104.047200,98.172010,0.300000,1000.000000,0.900730,2468,2740,50.000000,off,,1,0,0,1,1
1765268552505,2025-12-09 16:22:32.505,701.966600,23.616030,23,2,2,-0.021213,0.008351,-0.051240,0.324066,-0.004395,0.946014,-74.695600,1.817333,66.323460,-0.957783,0.117484,0.262356,-100,4.92123175,73.2548447,26.4195099,Building,Surface,2.855301,2.679962,10.262250,0.000000,-74.748810,1.815596,66.341110,352.260100,266.280200,359.006500,104.047200,98.172010,0.300000,1000.000000,0.900730,2468,2740,50.000000,off,,1,0,0,1,1
1765268552516,2025-12-09 16:22:32.516,701.977800,23.627260,23,2,2,-0.005120,0.007682,-0.050281,0.353363,0.032562,0.934906,-74.697520,1.816646,66.339670,-0.942121,0.153361,0.298101,-99.9999847,5.93545055,74.3457489,26.8566017,Building,Surface,3.005112,2.766754,0.000626,0.000000,-74.748600,1.815793,66.341600,352.174900,266.573200,358.988500,104.047200,98.172010,0.300000,1000.000000,0.900730,2468,2740,50.000000,off,,1,0,0,1,1
1765268552528,2025-12-09 16:22:32.528,701.989000,23.638370,23,2,2,-0.005120,0.007682,-0.050281,0.353363,0.032562,0.934906,-74.697190,1.816741,66.339910,-0.940456,0.154280,0.302845,-99.9999924,5.96761703,74.4878998,26.9044876,Building,Surface,3.005112,2.766754,0.000626,0.000000,-74.748250,1.815943,66.342100,352.110700,266.860800,358.969700,104.047200,98.172010,0.300000,1000.000000,0.900730,2468,2740,50.000000,off,,1,0,0,1,1
1765268552539,2025-12-09 16:22:32.539,701.999900,23.649350,23,2,2,-0.004755,0.007561,-0.049913,0.348389,0.023804,0.937042,-74.697270,1.816769,66.340500,-0.941897,0.146861,0.302078,-100,5.7619791,74.4553986,26.8634243,Building,Surface,2.988174,2.849716,0.000626,0.000000,-74.747920,1.816103,66.342580,352.045200,267.135600,358.939000,104.047200,98.172010,0.300000,1000.000000,0.900730,2468,2740,50.000000,off,,1,0,0,1,1
1765268552550,2025-12-09 16:22:32.550,702.011000,23.660460,23,2,2,-0.016423,0.008079,-0.050734,0.338532,0.025803,0.940582,-74.695530,1.817433,66.329100,-0.943118,0.150452,0.296408,-100,5.85415697,74.2819214,26.8301697,Building,Surface,2.877686,2.712921,0.000155,0.000000,-74.747620,1.816205,66.343020,351.984000,267.395800,358.930300,104.047200,98.172010,0.300000,1000.000000,0.900730,2468,2740,50.000000,off,,1,0,0,1,1
1765268552561,2025-12-09 16:22:32.561,702.022200,23.671570,23,2,2,-0.000910,0.007096,-0.048761,0.321487,-0.014282,0.946793,-74.698100,1.816582,66.344780,-0.952663,0.112765,0.282298,-99.9999924,4.81152201,73.8423615,26.5587902,Building,Surface,2.899277,2.685959,0.010144,0.000000,-74.747370,1.816388,66.343530,351.927800,267.647900,358.911500,104.047200,98.172010,0.300000,1000.000000,0.900730,2468,2740,50.000000,off,,1,0,0,1,1
1765268552571,2025-12-09 16:22:32.571,702.033300,23.682740,23,2,2,-0.000910,0.007096,-0.048761,0.321487,-0.014282,0.946793,-74.697820,1.816658,66.344990,-0.951386,0.113900,0.286123,-99.9999924,4.84583569,73.9544525,26.5947266,Building,Surface,2.899277,2.685959,0.010144,0.000000,-74.747090,1.816528,66.343940,351.853000,267.878100,358.895000,104.047200,98.172010,0.300000,1000.000000,0.900730,2468,2740,50.000000,off,,1,0,0,1,1
1765268552582,2025-12-09 16:22:32.582,702.044400,23.693790,23,2,2,0.026452,0.005028,-0.044625,0.140411,-0.131119,0.981369,-74.703070,1.814713,66.372280,-0.994507,0.007355,0.104381,-99.9999924,2.00179863,69.0273819,25.4365654,Building,Surface,2.473083,2.565491,0.000159,0.000000,-74.746960,1.816607,66.344240,351.808600,268.069500,358.881000,104.047200,98.172010,0.300000,1000.000000,0.900730,2468,2740,50.000000,off,,1,0,0,1,1
1765268552593,2025-12-09 16:22:32.593,702.055500,23.704960,23,2,2,0.030805,0.004329,-0.043452,0.115601,-0.185211,0.975861,-74.704220,1.814193,66.376770,-0.995583,-0.045607,0.081883,-99.9999924,0.655411184,68.4572525,25.4076176,Building,Surface,3.027679,2.546295,0.010022,0.000000,-74.746810,1.816744,66.344590,351.756300,268.269700,358.864000,104.047200,98.172010,0.300000,1000.000000,0.900730,2468,2740,50.000000,off,,1,0,0,1,1
1765268552605,2025-12-09 16:22:32.605,702.066700,23.716130,23,2,2,0.031002,0.004272,-0.043626,0.062561,-0.255508,0.964768,-74.703770,1.814215,66.377140,-0.992879,-0.115083,0.030358,-90.3559189,-4.30496432E-14,66.8557129,15.7642002,Building,Surface,2.782806,2.476288,0.000039,0.000000,-74.746610,1.816890,66.344890,351.718700,268.438900,358.844400,104.047200,98.172010,0.300000,1000.000000,0.900730,2468,2740,50.000000,off,,0,1,6.43918682E-16,1,1
1765268552616,2025-12-09 16:22:32.616,702.077800,23.727170,23,2,2,0.031002,0.004272,-0.043626,0.062561,-0.255508,0.964768,-74.703490,1.814267,66.377280,-0.992874,-0.114367,0.033106,-90.4539948,-4.30797399E-14,66.9024582,15.8633528,Building,Surface,2.782806,2.476288,0.000039,0.000000,-74.746410,1.816995,66.345150,351.675300,268.607000,358.808200,104.047200,98.172010,0.300000,1000.000000,0.900730,2468,2740,50.000000,off,,0,1,6.43918682E-16,1,1
1765268552627,2025-12-09 16:22:32.627,702.088900,23.738340,23,2,2,0.026452,0.005028,-0.044625,0.140411,-0.131119,0.981369,-74.702030,1.815051,66.372890,-0.993224,0.009878,0.115766,-99.9999924,2.06664968,69.3215103,25.4704685,Building,Surface,2.473083,2.565491,0.000039,0.000000,-74.746240,1.817114,66.345350,351.649300,268.738900,358.784000,104.047200,98.172010,0.300000,1000.000000,0.900730,2468,2740,50.000000,off,,1,0,0,1,1
1765268552639,2025-12-09 16:22:32.639,702.100100,23.749510,23,2,2,0.030805,0.004329,-0.043452,0.115601,-0.185211,0.975861,-74.703190,1.814470,66.377270,-0.994820,-0.043707,0.091613,-100,0.703065872,68.7068558,25.4281368,Building,Surface,3.027679,2.546295,0.000010,0.000000,-74.746080,1.817168,66.345510,351.635200,268.849500,358.761000,104.047200,98.172010,0.300000,1000.000000,0.900730,2468,2740,50.000000,off,,1,0,0,1,1
1765268552649,2025-12-09 16:22:32.649,702.111300,23.760740,23,2,2,0.030805,0.004329,-0.043452,0.115601,-0.185211,0.975861,-74.702950,1.814508,66.377390,-0.994673,-0.043372,0.093355,-99.9999924,0.711449385,68.7516403,25.4321461,Building,Surface,3.027679,2.546295,0.000010,0.000000,-74.745900,1.817222,66.345700,351.615600,268.950300,358.758700,104.047200,98.172010,0.300000,1000.000000,0.900730,2468,2740,50.000000,off,,1,0,0,1,1
1765268552660,2025-12-09 16:22:32.660,702.122300,23.771670,23,2,2,0.029645,0.004406,-0.043999,0.078033,-0.206299,0.975357,-74.702160,1.814582,66.376350,-0.996359,-0.063454,0.056674,-100,0.203466728,67.8153229,25.3898926,Building,Surface,2.982712,2.538605,0.000000,0.000000,-74.745720,1.817271,66.345870,351.613800,269.027000,358.769500,104.047200,98.172010,0.300000,1000.000000,0.900730,2468,2740,50.000000,off,,1,0,0,1,1
1765268552672,2025-12-09 16:22:32.672,702.133500,23.782900,23,2,2,-0.028109,0.007730,-0.050173,0.069824,-0.178177,0.981506,-74.694270,1.818220,66.318860,-0.998136,-0.034230,0.050292,-99.9999924,0.950387716,67.5939178,25.3526821,Building,Surface,2.910355,2.617279,0.000000,0.000000,-74.745550,1.817315,66.345990,351.594700,269.098100,358.774200,104.047200,98.172010,0.300000,1000.000000,0.900730,2468,2740,50.000000,off,,1,0,0,1,1
1765268552683,2025-12-09 16:22:32.683,702.144500,23.793950,23,2,2,-0.029988,0.007842,-0.050419,0.074814,-0.182312,0.980377,-74.693920,1.818423,66.317060,-0.997666,-0.038496,0.056165,-99.9999924,0.841961741,67.7416992,25.3649464,Building,Surface,3.025085,2.597427,0.000156,0.000000,-74.745480,1.817422,66.346120,351.591600,269.147500,358.807300,104.047200,98.172010,0.300000,1000.000000,0.900730,2468,2740,50.000000,off,,1,0,0,1,1
1765268552694,2025-12-09 16:22:32.694,702.155600,23.804990,23,2,2,-0.029988,0.007842,-0.050419,0.074814,-0.182312,0.980377,-74.693830,1.818457,66.317070,-0.997629,-0.038120,0.057084,-99.9999924,0.851492763,67.7650833,25.3659916,Building,Surface,3.025085,2.597427,0.000156,0.000000,-74.745360,1.817482,66.346170,351.571200,269.197300,358.823500,104.047200,98.172010,0.300000,1000.000000,0.900730,2468,2740,50.000000,off,,1,0,0,1,1
1765268552705,2025-12-09 16:22:32.705,702.166700,23.816100,23,2,2,-0.029110,0.007922,-0.050818,0.065552,-0.181442,0.981201,-74.693340,1.818461,66.317970,-0.998137,-0.036492,0.048629,-99.9999924,0.893247068,67.5509033,25.3535595,Building,Surface,2.879639,2.588089,0.000155,0.000000,-74.745240,1.817513,66.346230,351.545600,269.240600,358.836600,104.047200,98.172010,0.300000,1000.000000,0.900730,2468,2740,50.000000,off,,1,0,0,1,1
1765268552716,2025-12-09 16:22:32.716,702.177800,23.827210,23,2,2,-0.028854,0.007881,-0.050691,0.048660,-0.181366,0.982208,-74.693470,1.818462,66.318240,-0.998843,-0.035522,0.032323,-99.9999924,0.918482304,67.1371689,25.3357639,Building,Surface,2.892899,2.568771,0.000000,0.000000,-74.745210,1.817567,66.346270,351.522700,269.272600,358.847000,104.047200,98.172010,0.300000,1000.000000,0.900730,2468,2740,50.000000,off,,1,0,0,1,1
1765268552728,2025-12-09 16:22:32.728,702.188900,23.838320,23,2,2,-0.028854,0.007881,-0.050691,0.048660,-0.181366,0.982208,-74.693440,1.818445,66.318200,-0.998829,-0.035228,0.033090,-99.9999924,0.925900936,67.1565781,25.3361588,Building,Surface,2.892899,2.568771,0.000000,0.000000,-74.745160,1.817569,66.346280,351.506100,269.315400,358.853500,104.047200,98.172010,0.300000,1000.000000,0.900730,2468,2740,50.000000,off,,1,0,0,1,1
1765268552739,2025-12-09 16:22:32.739,702.200100,23.849490,23,2,2,-0.029988,0.007842,-0.050419,0.074814,-0.182312,0.980377,-74.693630,1.818470,66.316960,-0.997509,-0.036794,0.059970,-99.9999924,0.8850227,67.8383713,25.3692379,Building,Surface,3.025085,2.597427,0.000155,0.000000,-74.745070,1.817587,66.346210,351.498700,269.353300,358.876400,104.047200,98.172010,0.300000,1000.000000,0.900730,2468,2740,50.000000,off,,1,0,0,1,1
1765268552749,2025-12-09 16:22:32.749,702.211200,23.860660,23,2,2,-0.029110,0.007922,-0.050818,0.065552,-0.181442,0.981201,-74.693200,1.818463,66.317830,-0.998048,-0.035428,0.051170,-99.9999924,0.920140505,67.6153183,25.3559475,Building,Surface,2.879639,2.588089,0.000039,0.000000,-74.745030,1.817597,66.346210,351.488200,269.375300,358.897300,104.047200,98.172010,0.300000,1000.000000,0.900730,2468,2740,50.000000,off,,1,0,0,1,1
1765268552760,2025-12-09 16:22:32.760,702.222300,23.871700,23,2,2,-0.026750,0.007743,-0.050399,0.049561,-0.182022,0.982040,-74.693550,1.818365,66.320250,-0.998728,-0.035544,0.035658,-99.9999924,0.917726994,67.2237778,25.3385773,Building,Surface,2.880722,2.586548,0.000159,0.000000,-74.744890,1.817671,66.346310,351.487600,269.399500,358.920800,104.047200,98.172010,0.300000,1000.000000,0.900730,2468,2740,50.000000,off,,1,0,0,1,1
1765268552771,2025-12-09 16:22:32.771,702.233400,23.882810,23,2,2,-0.026750,0.007743,-0.050399,0.049561,-0.182022,0.982040,-74.693470,1.818367,66.320220,-0.998718,-0.035448,0.036019,-99.9999924,0.920150101,67.2329025,25.3389053,Building,Surface,2.880722,2.586548,0.000159,0.000000,-74.744800,1.817687,66.346300,351.483200,269.416000,358.943700,104.047200,98.172010,0.300000,1000.000000,0.900730,2468,2740,50.000000,off,,1,0,0,1,1
1765268552782,2025-12-09 16:22:32.782,702.244600,23.893980,23,2,2,-0.017975,0.007196,-0.049297,0.046890,-0.195679,0.979538,-74.694720,1.817912,66.328990,-0.998213,-0.049318,0.033511,-99.9999847,0.567672729,67.1785126,25.350378,Building,Surface,2.863144,2.612396,0.000039,0.000000,-74.744760,1.817771,66.346340,351.486300,269.436900,358.956800,104.047200,98.172010,0.300000,1000.000000,0.900730,2468,2740,50.000000,off,,1,0,0,1,1
1765268552793,2025-12-09 16:22:32.793,702.255600,23.904970,23,2,2,-0.018857,0.007247,-0.049380,0.044769,-0.189407,0.980866,-74.694650,1.817986,66.328090,-0.998564,-0.042847,0.031786,-99.9999924,0.732168555,67.1335983,25.3414307,Building,Surface,2.866196,2.615265,0.000039,0.000000,-74.744790,1.817802,66.346340,351.485600,269.447000,358.989300,104.047200,98.172010,0.300000,1000.000000,0.900730,2468,2740,50.000000,off,,1,0,0,1,1
1765268552805,2025-12-09 16:22:32.805,702.266800,23.916200,23,2,2,-0.018857,0.007247,-0.049380,0.044769,-0.189407,0.980866,-74.694670,1.818045,66.328100,-0.998568,-0.042598,0.031990,-100,0.73854208,67.1387787,25.3413067,Building,Surface,2.866196,2.615265,0.000039,0.000000,-74.744800,1.817876,66.346360,351.471600,269.457500,358.996200,104.047200,98.172010,0.300000,1000.000000,0.900730,2468,2740,50.000000,off,,1,0,0,1,1
1765268552816,2025-12-09 16:22:32.816,702.277900,23.927310,23,2,2,-0.018733,0.007239,-0.049361,0.043869,-0.188263,0.981125,-74.694700,1.817967,66.328180,-0.998644,-0.041355,0.031212,-99.9999847,0.770045638,67.1190796,25.339323,Building,Surface,2.879944,2.615616,0.000039,0.000000,-74.744810,1.817806,66.346310,351.468000,269.464800,358.988400,104.047200,98.172010,0.300000,1000.000000,0.900730,2468,2740,50.000000,off,,1,0,0,1,1
1765268552827,2025-12-09 16:22:32.827,702.288900,23.938290,23,2,2,0.002341,0.005884,-0.046330,0.032562,-0.164703,0.985794,-74.698170,1.816696,66.349160,-0.999632,-0.017110,0.020496,-99.9999924,1.38362324,66.8679352,25.3108406,Building,Surface,2.866776,2.610535,0.000039,0.000000,-74.744830,1.817795,66.346290,351.464700,269.474500,358.993300,104.047200,98.172010,0.300000,1000.000000,0.900730,2468,2740,50.000000,off,,1,0,0,1,1
1765268552839,2025-12-09 16:22:32.839,702.300000,23.949460,23,2,2,-0.018857,0.007247,-0.049380,0.044769,-0.189407,0.980866,-74.694750,1.817932,66.328040,-0.998563,-0.042459,0.032353,-99.9999847,0.741950512,67.1479187,25.3413773,Building,Surface,2.866196,2.615265,0.000155,0.000000,-74.744870,1.817769,66.346310,351.463500,269.478900,358.993000,104.047200,98.172010,0.300000,1000.000000,0.900730,2468,2740,50.000000,off,,1,0,0,1,1
1765268552850,2025-12-09 16:22:32.850,702.311100,23.960510,23,2,2,-0.018857,0.007247,-0.049380,0.044769,-0.189407,0.980866,-74.694790,1.817915,66.328000,-0.998555,-0.042525,0.032492,-99.9999924,0.740254164,67.151413,25.3415146,Building,Surface,2.866196,2.615265,0.000155,0.000000,-74.744920,1.817751,66.346280,351.467600,269.485300,359.001000,104.047200,98.172010,0.300000,1000.000000,0.900730,2468,2740,50.000000,off,,1,0,0,1,1
1765268552861,2025-12-09 16:22:32.861,702.322300,23.971680,23,2,2,-0.018733,0.007239,-0.049361,0.043869,-0.188263,0.981125,-74.694880,1.817900,66.328100,-0.998630,-0.041491,0.031475,-99.9999847,0.766524315,67.1256714,25.3395023,Building,Surface,2.879944,2.615616,0.000039,0.000000,-74.744990,1.817739,66.346250,351.476800,269.475100,359.013800,104.047200,98.172010,0.300000,1000.000000,0.900730,2468,2740,50.000000,off,,1,0,0,1,1
1765268552872,2025-12-09 16:22:32.872,702.333300,23.982730,23,2,2,0.013287,0.005212,-0.045008,0.024811,-0.172241,0.984741,-74.699980,1.816014,66.360030,-0.999616,-0.024716,0.012447,-99.9999924,1.19045877,66.6750641,25.3097019,Building,Surface,2.826645,2.591904,0.009961,0.000000,-74.745100,1.817758,66.346230,351.472900,269.459400,359.025800,104.047200,98.172010,0.300000,1000.000000,0.900730,2468,2740,50.000000,off,,1,0,0,1,1
1765268552883,2025-12-09 16:22:32.883,702.344400,23.993770,23,2,2,0.013287,0.005212,-0.045008,0.024811,-0.172241,0.984741,-74.700070,1.816032,66.360050,-0.999618,-0.024660,0.012426,-99.9999924,1.19189763,66.6745453,25.3095703,Building,Surface,2.826645,2.591904,0.009961,0.000000,-74.745190,1.817780,66.346240,351.469600,269.459300,359.019200,104.047200,98.172010,0.300000,1000.000000,0.900730,2468,2740,50.000000,off,,1,0,0,1,1
1765268552894,2025-12-09 16:22:32.894,702.355500,24.004880,23,2,2,0.002889,0.005847,-0.046270,0.027664,-0.169052,0.985214,-74.698800,1.816651,66.349620,-0.999644,-0.021688,0.015259,-99.9999847,1.26772463,66.7358246,25.310091,Building,Surface,2.825745,2.589462,0.009961,0.000000,-74.745380,1.817772,66.346190,351.481300,269.454800,359.020500,104.047200,98.172010,0.300000,1000.000000,0.900730,2468,2740,50.000000,off,,1,0,0,1,1
1765268552905,2025-12-09 16:22:32.905,702.366800,24.016170,23,2,2,-0.013451,0.006849,-0.048241,0.029861,-0.157135,0.987122,-74.696600,1.817670,66.333280,-0.999784,-0.010392,0.017778,-99.9999924,1.55465972,66.783226,25.3087578,Building,Surface,2.844482,2.609772,0.039600,0.000000,-74.745480,1.817774,66.346150,351.522500,269.466600,358.989300,104.047200,98.172010,0.300000,1000.000000,0.900730,2468,2740,50.000000,off,,1,0,0,1,1
1765268552916,2025-12-09 16:22:32.916,702.377700,24.027160,23,2,2,-0.008992,0.006574,-0.047698,0.028275,-0.161896,0.986389,-74.697340,1.817460,66.337760,-0.999734,-0.015614,0.016149,-99.9999924,1.42227912,66.7464828,25.3090343,Building,Surface,2.844696,2.609818,0.039843,0.000000,-74.745600,1.817810,66.346190,351.546900,269.471900,358.971100,104.047200,98.172010,0.300000,1000.000000,0.900730,2468,2740,50.000000,off,,1,0,0,1,1
1765268552927,2025-12-09 16:22:32.927,702.388900,24.038270,23,2,2,-0.008992,0.006574,-0.047698,0.028275,-0.161896,0.986389,-74.697430,1.817519,66.337720,-0.999723,-0.016281,0.016181,-99.9999847,1.40545452,66.7472534,25.3092289,Building,Surface,2.844696,2.609818,0.039843,0.000000,-74.745690,1.817834,66.346150,351.584600,269.477200,358.949700,104.047200,98.172010,0.300000,1000.000000,0.900730,2468,2740,50.000000,off,,1,0,0,1,1
1765268552939,2025-12-09 16:22:32.939,702.400100,24.049500,23,2,2,-0.003662,0.006243,-0.047019,0.027634,-0.169525,0.985123,-74.698270,1.817154,66.342960,-0.999572,-0.024158,0.015516,-99.9999924,1.20565283,66.7357025,25.3121567,Building,Surface,2.813309,2.613373,0.040089,0.000000,-74.745740,1.817787,66.346080,351.593600,269.483600,358.950300,104.047200,98.172010,0.300000,1000.000000,0.900730,2468,2740,50.000000,off,,1,0,0,1,1
1765268552950,2025-12-09 16:22:32.950,702.411200,24.060610,23,2,2,-0.013451,0.006849,-0.048241,0.029861,-0.157135,0.987122,-74.697010,1.817777,66.333150,-0.999764,-0.011658,0.018093,-99.9999847,1.52272475,66.791069,25.3088512,Building,Surface,2.844482,2.609772,0.009900,0.000000,-74.745900,1.817811,66.346030,351.594100,269.490400,358.952100,104.047200,98.172010,0.300000,1000.000000,0.900730,2468,2740,50.000000,off,,1,0,0,1,1
1765268552961,2025-12-09 16:22:32.961,702.422400,24.071840,23,2,2,-0.008992,0.006574,-0.047698,0.028275,-0.161896,0.986389,-74.697700,1.817472,66.337590,-0.999722,-0.016245,0.016264,-99.9999924,1.40632212,66.7492218,25.3089771,Building,Surface,2.844696,2.609818,0.002460,0.000000,-74.745950,1.817793,66.346020,351.583300,269.477100,358.979700,104.047200,98.172010,0.300000,1000.000000,0.900730,2468,2740,50.000000,off,,1,0,0,1,1
1765268552972,2025-12-09 16:22:32.972,702.433500,24.082890,23,2,2,-0.008992,0.006574,-0.047698,0.028275,-0.161896,0.986389,-74.697820,1.817473,66.337520,-0.999724,-0.015921,0.016496,-100,1.41452599,66.7550201,25.3088207,Building,Surface,2.844696,2.609818,0.002460,0.000000,-74.746070,1.817812,66.345950,351.565000,269.488100,358.994000,104.047200,98.172010,0.300000,1000.000000,0.900730,2468,2740,50.000000,off,,1,0,0,1,1
1765268552982,2025-12-09 16:22:32.982,702.444500,24.093870,23,2,2,-0.000849,0.006070,-0.046672,0.025696,-0.173187,0.984543,-74.699100,1.816964,66.345600,-0.999525,-0.027208,0.013691,-99.9999847,1.12825048,66.6921539,25.3126373,Building,Surface,2.813492,2.613312,0.000039,0.000000,-74.746160,1.817797,66.345920,351.559400,269.482700,359.014800,104.047200,98.172010,0.300000,1000.000000,0.900730,2468,2740,50.000000,off,,1,0,0,1,1
1765268552993,2025-12-09 16:22:32.993,702.455500,24.104920,23,2,2,-0.002173,0.006150,-0.046830,0.025955,-0.170960,0.984924,-74.699030,1.817011,66.344270,-0.999580,-0.024835,0.014155,-100,1.18839717,66.7025528,25.311306,Building,Surface,2.805862,2.613312,0.000619,0.000000,-74.746280,1.817771,66.345920,351.552800,269.490800,359.023200,104.047200,98.172010,0.300000,1000.000000,0.900730,2468,2740,50.000000,off,,1,0,0,1,1
1765268553005,2025-12-09 16:22:33.005,702.466700,24.116090,23,2,2,-0.002173,0.006150,-0.046830,0.025955,-0.170960,0.984924,-74.699160,1.817012,66.344200,-0.999569,-0.025142,0.014360,-100,1.18062341,66.7076721,25.3114491,Building,Surface,2.805862,2.613312,0.000619,0.000000,-74.746410,1.817757,66.345860,351.570700,269.500400,359.036000,104.047200,98.172010,0.300000,1000.000000,0.900730,2468,2740,50.000000,off,,1,0,0,1,1
1765268553016,2025-12-09 16:22:33.016,702.477700,24.127140,23,2,2,-0.001848,0.006129,-0.046771,0.025055,-0.173355,0.984528,-74.699380,1.816960,66.344510,-0.999507,-0.027910,0.013468,-100,1.11047268,66.6854248,25.3127708,Building,Surface,2.805099,2.613419,0.000156,0.000000,-74.746570,1.817706,66.345840,351.591200,269.502000,359.042400,104.047200,98.172010,0.300000,1000.000000,0.900730,2468,2740,50.000000,off,,1,0,0,1,1
1765268553027,2025-12-09 16:22:33.027,702.488900,24.138310,23,2,2,0.000561,0.005984,-0.046440,0.023300,-0.173462,0.984558,-74.699890,1.816819,66.346830,-0.999517,-0.028439,0.011967,-99.9999924,1.09696317,66.6497421,25.312151,Building,Surface,2.788239,2.581161,0.000154,0.000000,-74.746700,1.817679,66.345780,351.617700,269.514500,359.054700,104.047200,98.172010,0.300000,1000.000000,0.900730,2468,2740,50.000000,off,,1,0,0,1,1
1765268553038,2025-12-09 16:22:33.038,702.499900,24.149350,23,2,2,-0.002173,0.006150,-0.046830,0.025955,-0.170960,0.984924,-74.699680,1.816946,66.344060,-0.999538,-0.026297,0.014432,-100,1.15131712,66.7093658,25.3117046,Building,Surface,2.805862,2.613312,0.010083,0.000000,-74.746930,1.817638,66.345730,351.638200,269.495000,359.091200,104.047200,98.172010,0.300000,1000.000000,0.900730,2468,2740,50.000000,off,,1,0,0,1,1
1765268553049,2025-12-09 16:22:33.049,702.511000,24.160460,23,2,2,-0.002173,0.006150,-0.046830,0.025955,-0.170960,0.984924,-74.699750,1.816961,66.344000,-0.999528,-0.026613,0.014604,-99.9999847,1.14332926,66.7136612,25.311903,Building,Surface,2.805862,2.613312,0.010083,0.000000,-74.746990,1.817639,66.345660,351.656900,269.500700,359.115400,104.047200,98.172010,0.300000,1000.000000,0.900730,2468,2740,50.000000,off,,1,0,0,1,1
1765268553061,2025-12-09 16:22:33.061,702.522900,24.172360,23,2,2,-0.001848,0.006129,-0.046771,0.025055,-0.173355,0.984528,-74.699960,1.816981,66.344290,-0.999463,-0.029399,0.013553,-99.9999924,1.07278633,66.6873703,25.3133011,Building,Surface,2.805099,2.613419,0.000626,0.000000,-74.747140,1.817658,66.345630,351.678800,269.489500,359.142700,104.047200,98.172010,0.300000,1000.000000,0.900730,2468,2740,50.000000,off,,1,0,0,1,1
1765268553071,2025-12-09 16:22:33.071,702.533300,24.182740,23,2,2,0.000295,0.005999,-0.046466,0.021667,-0.173554,0.984573,-74.700410,1.816854,66.346400,-0.999492,-0.029788,0.010221,-99.9999924,1.06284726,66.6051178,25.3121376,Building,Surface,2.795700,2.566681,0.000039,0.000000,-74.747250,1.817635,66.345600,351.693500,269.489600,359.161000,104.047200,98.172010,0.300000,1000.000000,0.900730,2468,2740,50.000000,off,,1,0,0,1,1
1765268553082,2025-12-09 16:22:33.082,702.544300,24.193730,23,2,2,0.000295,0.005999,-0.046466,0.021667,-0.173554,0.984573,-74.700550,1.816858,66.346350,-0.999490,-0.029866,0.010169,-99.9999924,1.06087887,66.6037521,25.312048,Building,Surface,2.795700,2.566681,0.000039,0.000000,-74.747380,1.817636,66.345550,351.698000,269.485800,359.165800,104.047200,98.172010,0.300000,1000.000000,0.900730,2468,2740,50.000000,off,,1,0,0,1,1
1765268553094,2025-12-09 16:22:33.094,702.555500,24.204900,23,2,2,-0.000209,0.006029,-0.046525,0.022354,-0.173462,0.984573,-74.700650,1.816882,66.345820,-0.999474,-0.030127,0.010835,-99.9999924,1.05428791,66.620079,25.3123131,Building,Surface,2.794098,2.561707,0.010022,0.000000,-74.747550,1.817616,66.345520,351.717700,269.483500,359.171700,104.047200,98.172010,0.300000,1000.000000,0.900730,2468,2740,50.000000,off,,1,0,0,1,1
1765268553105,2025-12-09 16:22:33.105,702.566700,24.216060,23,2,2,-0.000534,0.006047,-0.046559,0.020813,-0.172791,0.984726,-74.700750,1.816868,66.345450,-0.999515,-0.029362,0.009132,-99.9999924,1.07367241,66.5765991,25.3112087,Building,Surface,2.794266,2.554321,0.010022,0.000000,-74.747700,1.817586,66.345470,351.714500,269.473200,359.174300,104.047200,98.172010,0.300000,1000.000000,0.900730,2468,2740,50.000000,off,,1,0,0,1,1
1765268553116,2025-12-09 16:22:33.116,702.577800,24.227170,23,2,2,-0.001845,0.006125,-0.046714,0.022247,-0.170364,0.985123,-74.700700,1.816927,66.344060,-0.999572,-0.027019,0.010563,-99.9999847,1.1330719,66.611412,25.309948,Building,Surface,2.794266,2.551819,0.000155,0.000000,-74.747830,1.817568,66.345380,351.720000,269.470600,359.177000,104.047200,98.172010,0.300000,1000.000000,0.900730,2468,2740,50.000000,off,,1,0,0,1,1
1765268553127,2025-12-09 16:22:33.127,702.588800,24.238220,23,2,2,-0.001845,0.006125,-0.046714,0.022247,-0.170364,0.985123,-74.700840,1.816946,66.344030,-0.999563,-0.027463,0.010251,-99.9999924,1.12185216,66.6034851,25.3100262,Building,Surface,2.794266,2.551819,0.000155,0.000000,-74.747970,1.817565,66.345340,351.745900,269.448900,359.199500,104.047200,98.172010,0.300000,1000.000000,0.900730,2468,2740,50.000000,off,,1,0,0,1,1
1765268553138,2025-12-09 16:22:33.138,702.600000,24.249390,23,2,2,-0.000276,0.006031,-0.046526,0.022568,-0.169449,0.985275,-74.701170,1.816793,66.345510,-0.999582,-0.026730,0.010546,-99.9999924,1.14027345,66.6124268,25.3092709,Building,Surface,2.780579,2.543488,0.039846,0.000000,-74.748090,1.817492,66.345250,351.757200,269.443300,359.219300,104.047200,98.172010,0.300000,1000.000000,0.900730,2468,2740,50.000000,off,,1,0,0,1,1
1765268553149,2025-12-09 16:22:33.149,702.611100,24.260500,23,2,2,0.002930,0.005877,-0.046267,0.025162,-0.171494,0.984848,-74.701640,1.816602,66.348690,-0.999486,-0.028787,0.012969,-99.9999924,1.08796263,66.6769485,25.3109779,Building,Surface,2.741623,2.508408,0.000155,0.000000,-74.748230,1.817461,66.345220,351.753800,269.433900,359.226600,104.047200,98.172010,0.300000,1000.000000,0.900730,2468,2740,50.000000,off,,1,0,0,1,1
1765268553160,2025-12-09 16:22:33.160,702.622100,24.271550,23,2,2,0.002930,0.005877,-0.046267,0.025162,-0.171494,0.984848,-74.701750,1.816600,66.348650,-0.999474,-0.029216,0.012908,-99.9999924,1.07709849,66.6753693,25.3111534,Building,Surface,2.741623,2.508408,0.000155,0.000000,-74.748340,1.817439,66.345180,351.778400,269.430000,359.228400,104.047200,98.172010,0.300000,1000.000000,0.900730,2468,2740,50.000000,off,,1,0,0,1,1
1765268553172,2025-12-09 16:22:33.172,702.633300,24.282710,23,2,2,-0.001845,0.006125,-0.046714,0.022247,-0.170364,0.985123,-74.701400,1.816764,66.343770,-0.999546,-0.028119,0.010141,-99.9999924,1.10506988,66.600441,25.3099003,Building,Surface,2.794266,2.551819,0.000626,0.000000,-74.748530,1.817353,66.345080,351.784000,269.437700,359.228300,104.047200,98.172010,0.300000,1000.000000,0.900730,2468,2740,50.000000,off,,1,0,0,1,1
1765268553183,2025-12-09 16:22:33.183,702.644300,24.293760,23,2,2,-0.000276,0.006031,-0.046526,0.022568,-0.169449,0.985275,-74.701730,1.816680,66.345250,-0.999565,-0.027247,0.010862,-100,1.12707829,66.620163,25.3091507,Building,Surface,2.780579,2.543488,0.010082,0.000000,-74.748630,1.817354,66.345010,351.787100,269.459200,359.232800,104.047200,98.172010,0.300000,1000.000000,0.900730,2468,2740,50.000000,off,,1,0,0,1,1
1765268553194,2025-12-09 16:22:33.194,702.655500,24.304870,23,2,2,0.002808,0.005882,-0.046272,0.024292,-0.172943,0.984619,-74.702130,1.816613,66.348340,-0.999436,-0.030873,0.012231,-99.9999924,1.0351516,66.6579361,25.311821,Building,Surface,2.740692,2.496384,0.637515,0.000000,-74.748730,1.817436,66.344990,351.790100,269.441400,359.232900,104.047200,98.172010,0.300000,1000.000000,0.900730,2468,2740,50.000000,off,,1,0,0,1,1
1765268553205,2025-12-09 16:22:33.205,702.666600,24.316040,23,2,2,0.002808,0.005882,-0.046272,0.024292,-0.172943,0.984619,-74.702220,1.816656,66.348270,-0.999440,-0.030739,0.012211,-99.9999924,1.03859234,66.6573486,25.3116226,Building,Surface,2.740692,2.496384,0.637515,0.000000,-74.748830,1.817485,66.344930,351.782800,269.436600,359.253700,104.047200,98.172010,0.300000,1000.000000,0.900730,2468,2740,50.000000,off,,1,0,0,1,1
1765268553216,2025-12-09 16:22:33.216,702.677700,24.327150,23,2,2,0.005574,0.005716,-0.045938,0.022552,-0.172485,0.984741,-74.702640,1.816536,66.351020,-0.999485,-0.029992,0.010301,-100,1.05742717,66.6117401,25.3100834,Building,Surface,2.740784,2.490158,0.161328,0.000000,-74.748850,1.817526,66.344910,351.768700,269.422700,359.276100,104.047200,98.172010,0.300000,1000.000000,0.900730,2468,2740,50.000000,off,,1,0,0,1,1
1765268553227,2025-12-09 16:22:33.227,702.688800,24.338260,23,2,2,0.000272,0.006029,-0.046536,0.023636,-0.165695,0.985886,-74.702050,1.816851,66.345700,-0.999672,-0.022803,0.010967,-99.9999924,1.23979306,66.6232376,25.3060455,Building,Surface,2.707809,2.499237,0.158406,0.000000,-74.748960,1.817565,66.344860,351.750900,269.390000,359.299400,104.047200,98.172010,0.300000,1000.000000,0.900730,2468,2740,50.000000,off,,1,0,0,1,1
1765268553238,2025-12-09 16:22:33.238,702.699800,24.349240,23,2,2,0.000272,0.006029,-0.046536,0.023636,-0.165695,0.985886,-74.702130,1.816878,66.345680,-0.999678,-0.022776,0.010450,-99.9999924,1.24050879,66.6101303,25.3058071,Building,Surface,2.707809,2.499237,0.158406,0.000000,-74.749040,1.817593,66.344810,351.749800,269.357000,359.320300,104.047200,98.172010,0.300000,1000.000000,0.900730,2468,2740,50.000000,off,,1,0,0,1,1
1765268553250,2025-12-09 16:22:33.250,702.711000,24.360410,23,2,2,-0.008110,0.006516,-0.047450,0.026871,-0.151825,0.988037,-74.701100,1.817383,66.337290,-0.999870,-0.008595,0.013289,-99.9999847,1.59991157,66.6735306,25.3020573,Building,Surface,2.688339,2.480652,10.199990,0.000000,-74.749090,1.817659,66.344760,351.739400,269.323800,359.328000,104.047200,98.172010,0.300000,1000.000000,0.900730,2468,2740,50.000000,off,,1,0,0,1,1
1765268553261,2025-12-09 16:22:33.261,702.722000,24.371460,23,2,2,0.005574,0.005716,-0.045938,0.022552,-0.172485,0.984741,-74.702950,1.816651,66.350910,-0.999534,-0.029030,0.008073,-99.9999924,1.08193493,66.5552216,25.3085346,Building,Surface,2.740784,2.490158,0.000626,0.000000,-74.749150,1.817677,66.344700,351.714900,269.283400,359.342600,104.047200,98.172010,0.300000,1000.000000,0.900730,2468,2740,50.000000,off,,1,0,0,1,1
1765268553272,2025-12-09 16:22:33.272,702.733300,24.382690,23,2,2,0.000272,0.006029,-0.046536,0.023636,-0.165695,0.985886,-74.702400,1.816916,66.345580,-0.999708,-0.022251,0.008574,-99.9999924,1.25385535,66.5625458,25.3047848,Building,Surface,2.707809,2.499237,0.010022,0.000000,-74.749310,1.817655,66.344630,351.720000,269.247200,359.333600,104.047200,98.172010,0.300000,1000.000000,0.900730,2468,2740,50.000000,off,,1,0,0,1,1
1765268554180,2025-12-09 16:22:34.180,702.781300,24.430730,23,2,2,-0.009145,0.006513,-0.047494,0.064102,-0.200348,0.977615,-74.701530,1.817313,66.336070,-0.997188,-0.058543,0.046578,-99.9999924,0.332089067,67.5177383,25.3695583,Building,Surface,2.949478,2.620041,0.000010,0.000000,-74.749610,1.817585,66.344410,351.739800,269.127400,359.330900,104.047200,98.172010,0.300000,1000.000000,0.900730,2468,2740,50.000000,off,,1,0,0,1,1
1765268554193,2025-12-09 16:22:34.193,703.114600,24.764040,23,2,2,-0.006675,0.006366,-0.047223,0.063965,-0.202850,0.977112,-74.701650,1.816465,66.341020,-0.997477,-0.068009,0.020061,-99.9999924,0.0915980637,66.8498077,25.3621788,Building,Surface,2.947739,2.617233,0.000039,0.000000,-74.749540,1.816526,66.345640,352.122800,267.663100,359.084900,104.047200,98.172010,0.300000,1000.000000,0.900730,2468,2740,50.000000,off,,1,0,0,1,1
1765268554205,2025-12-09 16:22:34.205,703.129800,24.779170,23,2,2,-0.023930,0.007427,-0.049287,0.057678,-0.180481,0.981873,-74.698650,1.817470,66.323830,-0.998844,-0.045859,0.013503,-99.9999924,0.655831695,66.6658707,25.3303108,Building,Surface,2.927155,2.571182,0.000039,0.000000,-74.749470,1.816461,66.345550,352.167600,267.626000,359.109100,104.047200,98.172010,0.300000,1000.000000,0.900730,2468,2740,50.000000,off,,1,0,0,1,1
1765268554222,2025-12-09 16:22:34.222,703.145400,24.794860,23,2,2,-0.009145,0.006513,-0.047494,0.064102,-0.200348,0.977615,-74.701250,1.816522,66.338410,-0.997590,-0.066664,0.018724,-99.9999924,0.125931069,66.8132401,25.3596172,Building,Surface,2.949478,2.620041,0.000156,0.000000,-74.749550,1.816383,66.345410,352.194600,267.567000,359.131100,104.047200,98.172010,0.300000,1000.000000,0.900730,2468,2740,50.000000,off,,1,0,0,1,1
1765268554233,2025-12-09 16:22:34.233,703.156600,24.806030,23,2,2,-0.006675,0.006366,-0.047223,0.063965,-0.202850,0.977112,-74.701600,1.816376,66.340840,-0.997390,-0.069766,0.018245,-99.9999924,0.046789065,66.8036194,25.3644295,Building,Surface,2.947739,2.617233,0.000630,0.000000,-74.749500,1.816358,66.345380,352.227700,267.545500,359.148300,104.047200,98.172010,0.300000,1000.000000,0.900730,2468,2740,50.000000,off,,1,0,0,1,1
1765268554244,2025-12-09 16:22:34.244,703.167700,24.817080,23,2,2,-0.006675,0.006366,-0.047223,0.063965,-0.202850,0.977112,-74.701590,1.816344,66.340860,-0.997386,-0.069972,0.017665,-99.9999924,0.0415243506,66.7889252,25.3645382,Building,Surface,2.947739,2.617233,0.000630,0.000000,-74.749500,1.816316,66.345360,352.240300,267.509800,359.159500,104.047200,98.172010,0.300000,1000.000000,0.900730,2468,2740,50.000000,off,,1,0,0,1,1
1765268554254,2025-12-09 16:22:34.254,703.178800,24.828190,23,2,2,-0.025396,0.007444,-0.049226,0.037918,-0.180466,0.982834,-74.698560,1.817373,66.322200,-0.998850,-0.046889,-0.008315,-100,0.62964797,66.1115723,25.3301678,Building,Surface,2.860214,2.580444,0.000157,0.000000,-74.749450,1.816256,66.345290,352.253800,267.502600,359.143900,104.047200,98.172010,0.300000,1000.000000,0.900730,2468,2740,50.000000,off,,1,0,0,1,1
1765268554265,2025-12-09 16:22:34.265,703.189800,24.839170,23,2,2,-0.026217,0.007478,-0.049287,0.027847,-0.177597,0.983704,-74.698460,1.817347,66.321330,-0.998839,-0.044238,-0.018788,-100,0.696756482,65.8454132,25.3308048,Building,Surface,2.898926,2.668289,0.000155,0.000000,-74.749470,1.816172,66.345210,352.280200,267.476700,359.148300,104.047200,98.172010,0.300000,1000.000000,0.900730,2468,2740,50.000000,off,,1,0,0,1,1
1765268554276,2025-12-09 16:22:34.276,703.200700,24.850160,23,2,2,-0.024314,0.007367,-0.049091,0.027527,-0.196381,0.980133,-74.698700,1.817175,66.323140,-0.997794,-0.063262,-0.019726,-99.9999847,0.213026121,65.8229446,25.357029,Building,Surface,2.910934,2.717667,0.000155,0.000000,-74.749410,1.816114,66.345120,352.276600,267.455100,359.146100,104.047200,98.172010,0.300000,1000.000000,0.900730,2468,2740,50.000000,off,,1,0,0,1,1
1765268554288,2025-12-09 16:22:34.288,703.211900,24.861270,23,2,2,-0.024314,0.007367,-0.049091,0.027527,-0.196381,0.980133,-74.698580,1.817224,66.323160,-0.997786,-0.063182,-0.020394,-99.9999924,0.215082079,65.8060226,25.3573647,Building,Surface,2.910934,2.717667,0.000155,0.000000,-74.749310,1.816170,66.345090,352.272100,267.415400,359.153400,104.047200,98.172010,0.300000,1000.000000,0.900730,2468,2740,50.000000,off,,1,0,0,1,1
1765268554299,2025-12-09 16:22:34.299,703.222900,24.872310,23,2,2,-0.023206,0.007288,-0.048920,0.025085,-0.193070,0.980850,-74.698760,1.817139,66.324200,-0.997934,-0.059658,-0.023280,-99.9999924,0.304592729,65.7339706,25.3532734,Building,Surface,2.891266,2.680771,0.000156,0.000000,-74.749270,1.816164,66.345020,352.265900,267.386200,359.160400,104.047200,98.172010,0.300000,1000.000000,0.900730,2468,2740,50.000000,off,,1,0,0,1,1
1765268554310,2025-12-09 16:22:34.310,703.234100,24.883480,23,2,2,-0.011729,0.006607,-0.047649,0.024490,-0.208435,0.977722,-74.700520,1.816478,66.335600,-0.996859,-0.075168,-0.024644,-98.7901993,-4.23312576E-14,65.7400665,24.1654015,Building,Surface,2.867279,2.649414,0.010021,0.000000,-74.749140,1.816183,66.345000,352.258900,267.349200,359.175000,104.047200,98.172010,0.300000,1000.000000,0.900730,2468,2740,50.000000,off,,0,1,6.43918682E-16,1,1
1765268554321,2025-12-09 16:22:34.321,703.245200,24.894650,23,2,2,-0.011729,0.006607,-0.047649,0.024490,-0.208435,0.977722,-74.700530,1.816444,66.335570,-0.996828,-0.075406,-0.025189,-98.7129669,-4.23240002E-14,65.7287979,24.0886898,Building,Surface,2.867279,2.649414,0.010021,0.000000,-74.749150,1.816140,66.344940,352.273000,267.313800,359.193800,104.047200,98.172010,0.300000,1000.000000,0.900730,2468,2740,50.000000,off,,0,1,6.43918682E-16,1,1
1765268554332,2025-12-09 16:22:34.332,703.256300,24.905700,23,2,2,-0.014499,0.006745,-0.047846,0.025604,-0.203384,0.978760,-74.700130,1.816598,66.332810,-0.997187,-0.070667,-0.024792,-99.9999924,0.0236888379,65.703804,25.3711109,Building,Surface,2.891296,2.656967,0.000039,0.000000,-74.749100,1.816130,66.344890,352.295700,267.266800,359.206800,104.047200,98.172010,0.300000,1000.000000,0.900730,2468,2740,50.000000,off,,1,0,0,1,1
1765268554343,2025-12-09 16:22:34.343,703.267500,24.916870,23,2,2,-0.009588,0.006454,-0.047305,0.026474,-0.208008,0.977753,-74.700870,1.816265,66.337650,-0.996834,-0.075358,-0.024726,-98.7263794,-4.23323113E-14,65.7417068,24.1014347,Building,Surface,2.877655,2.654221,0.000039,0.000000,-74.749040,1.816083,66.344820,352.293500,267.223400,359.206400,104.047200,98.172010,0.300000,1000.000000,0.900730,2468,2740,50.000000,off,,0,1,6.43918682E-16,1,1
1765268554354,2025-12-09 16:22:34.354,703.278500,24.927920,23,2,2,-0.011729,0.006607,-0.047649,0.024490,-0.208435,0.977722,-74.700320,1.816404,66.335480,-0.996729,-0.076054,-0.027081,-98.5052795,-4.22981826E-14,65.6887054,23.8829212,Building,Surface,2.867279,2.649414,0.000154,0.000000,-74.748950,1.816071,66.344760,352.310500,267.202300,359.206500,104.047200,98.172010,0.300000,1000.000000,0.900730,2468,2740,50.000000,off,,0,1,6.43918682E-16,1,1
1765268554365,2025-12-09 16:22:34.365,703.289600,24.938960,23,2,2,-0.011729,0.006607,-0.047649,0.024490,-0.208435,0.977722,-74.700280,1.816357,66.335430,-0.996677,-0.076469,-0.027806,-98.3742065,-4.22893295E-14,65.6749573,23.7526855,Building,Surface,2.867279,2.649414,0.000154,0.000000,-74.748920,1.816005,66.344670,352.334400,267.160200,359.208300,104.047200,98.172010,0.300000,1000.000000,0.900730,2468,2740,50.000000,off,,0,1,6.43918682E-16,1,1
1765268554377,2025-12-09 16:22:34.377,703.300700,24.950130,23,2,2,-0.014499,0.006745,-0.047846,0.025604,-0.203384,0.978760,-74.699880,1.816532,66.332660,-0.997066,-0.071536,-0.027092,-99.9999924,0.00133752823,65.6452103,25.3744583,Building,Surface,2.891296,2.656967,0.002536,0.000000,-74.748890,1.816020,66.344640,352.345500,267.135900,359.200300,104.047200,98.172010,0.300000,1000.000000,0.900730,2468,2740,50.000000,off,,1,0,0,1,1
1765268554388,2025-12-09 16:22:34.388,703.311900,24.961300,23,2,2,0.000164,0.005877,-0.046233,0.027115,-0.217850,0.975601,-74.702230,1.815715,66.347210,-0.995912,-0.086372,-0.026295,-95.6383209,-4.23662672E-14,65.7944412,21.0219479,Building,Surface,2.892761,2.657150,0.002536,0.000000,-74.748760,1.816048,66.344610,352.348800,267.104100,359.195400,104.047200,98.172010,0.300000,1000.000000,0.900730,2468,2740,50.000000,off,,0,1,6.43918682E-16,1,1
1765268554399,2025-12-09 16:22:34.399,703.322900,24.972290,23,2,2,-0.001127,0.005951,-0.046359,0.025436,-0.215668,0.976120,-74.701970,1.815819,66.345930,-0.996034,-0.084066,-0.028610,-96.2162247,-4.23234581E-14,65.7279587,21.5995903,Building,Surface,2.865219,2.651489,0.002475,0.000000,-74.748700,1.816080,66.344580,352.345900,267.065300,359.199900,104.047200,98.172010,0.300000,1000.000000,0.900730,2468,2740,50.000000,off,,0,1,6.43918682E-16,1,1
1765268554410,2025-12-09 16:22:34.410,703.334000,24.983400,23,2,2,-0.001127,0.005951,-0.046359,0.025436,-0.215668,0.976120,-74.701890,1.815811,66.345890,-0.996034,-0.083896,-0.029122,-96.2596436,-4.23154892E-14,65.7155838,21.6432724,Building,Surface,2.865219,2.651489,0.002475,0.000000,-74.748620,1.816080,66.344510,352.336200,267.035500,359.201800,104.047200,98.172010,0.300000,1000.000000,0.900730,2468,2740,50.000000,off,,0,1,6.43918682E-16,1,1
1765268554421,2025-12-09 16:22:34.421,703.345200,24.994630,23,2,2,-0.004173,0.006130,-0.046692,0.024673,-0.210449,0.977280,-74.701200,1.816047,66.342860,-0.996449,-0.078347,-0.030405,-97.7984314,-4.22655888E-14,65.6380844,23.179224,Building,Surface,2.916077,2.652023,0.000615,0.000000,-74.748450,1.816151,66.344470,352.324100,267.001900,359.205600,104.047200,98.172010,0.300000,1000.000000,0.900730,2468,2740,50.000000,off,,0,1,6.43918682E-16,1,1
1765268554432,2025-12-09 16:22:34.432,703.356300,25.005680,23,2,2,-0.010429,0.006507,-0.047382,0.028091,-0.197678,0.979858,-74.700040,1.816435,66.336630,-0.997495,-0.065123,-0.027392,-99.9999924,0.164688408,65.6418686,25.3633289,Building,Surface,2.920212,2.650467,0.000010,0.000000,-74.748360,1.816185,66.344420,352.308500,266.971200,359.206700,104.047200,98.172010,0.300000,1000.000000,0.900730,2468,2740,50.000000,off,,1,0,0,1,1
1765268554443,2025-12-09 16:22:34.443,703.367400,25.016780,23,2,2,-0.010429,0.006507,-0.047382,0.028091,-0.197678,0.979858,-74.699870,1.816464,66.336590,-0.997500,-0.064869,-0.027819,-99.9999924,0.171155751,65.6310043,25.3633862,Building,Surface,2.920212,2.650467,0.000010,0.000000,-74.748200,1.816226,66.344370,352.294000,266.946500,359.208000,104.047200,98.172010,0.300000,1000.000000,0.900730,2468,2740,50.000000,off,,1,0,0,1,1
1765268554455,2025-12-09 16:22:34.455,703.378500,25.027950,23,2,2,-0.001127,0.005951,-0.046359,0.025436,-0.215668,0.976120,-74.701360,1.815940,66.345790,-0.996066,-0.082808,-0.031076,-96.5446167,-4.22824719E-14,65.6643066,21.9291992,Building,Surface,2.865219,2.651489,0.002460,0.000000,-74.748090,1.816260,66.344320,352.273800,266.921300,359.211200,104.047200,98.172010,0.300000,1000.000000,0.900730,2468,2740,50.000000,off,,0,1,6.43918682E-16,1,1
1765268554466,2025-12-09 16:22:34.466,703.389800,25.039250,23,2,2,-0.004173,0.006130,-0.046692,0.024673,-0.210449,0.977280,-74.700710,1.816100,66.342750,-0.996468,-0.077336,-0.032305,-98.1010056,-4.22308401E-14,65.5841217,23.4829254,Building,Surface,2.916077,2.652023,0.002475,0.000000,-74.747960,1.816253,66.344280,352.266000,266.892200,359.208900,104.047200,98.172010,0.300000,1000.000000,0.900730,2468,2740,50.000000,off,,0,1,6.43918682E-16,1,1
1765268554477,2025-12-09 16:22:34.477,703.400700,25.050110,23,2,2,-0.012651,0.006641,-0.047631,0.034332,-0.194275,0.980331,-74.699110,1.816615,66.334340,-0.997844,-0.061210,-0.023064,-99.9999924,0.264602095,65.7495422,25.3551826,Building,Surface,2.920624,2.641159,0.002490,0.000000,-74.747840,1.816264,66.344240,352.276200,266.858700,359.210100,104.047200,98.172010,0.300000,1000.000000,0.900730,2468,2740,50.000000,off,,1,0,0,1,1
1765268554488,2025-12-09 16:22:34.488,703.411800,25.061220,23,2,2,-0.012651,0.006641,-0.047631,0.034332,-0.194275,0.980331,-74.698970,1.816606,66.334320,-0.997827,-0.061394,-0.023317,-99.9999924,0.259892225,65.7430878,25.3557663,Building,Surface,2.920624,2.641159,0.002490,0.000000,-74.747700,1.816245,66.344220,352.286700,266.844700,359.207600,104.047200,98.172010,0.300000,1000.000000,0.900730,2468,2740,50.000000,off,,1,0,0,1,1
1765268554499,2025-12-09 16:22:34.499,703.422900,25.072270,23,2,2,-0.008104,0.006374,-0.047145,0.033035,-0.199310,0.979370,-74.699640,1.816370,66.338890,-0.997442,-0.066672,-0.025436,-99.9999847,0.125218213,65.6936951,25.3650208,Building,Surface,2.917328,2.639069,0.009899,0.000000,-74.747600,1.816262,66.344240,352.296800,266.801100,359.203700,104.047200,98.172010,0.300000,1000.000000,0.900730,2468,2740,50.000000,off,,1,0,0,1,1
1765268554510,2025-12-09 16:22:34.510,703.434000,25.083440,23,2,2,-0.010412,0.006513,-0.047405,0.035095,-0.197403,0.979691,-74.699130,1.816483,66.336580,-0.997618,-0.064703,-0.023770,-100,0.175532222,65.7337418,25.3611908,Building,Surface,2.911621,2.635101,0.000619,0.000000,-74.747510,1.816243,66.344190,352.293100,266.778000,359.200600,104.047200,98.172010,0.300000,1000.000000,0.900730,2468,2740,50.000000,off,,1,0,0,1,1
1765268554521,2025-12-09 16:22:34.521,703.445100,25.094540,23,1,2,-0.010412,0.006513,-0.047405,0.035095,-0.197403,0.979691,-85.899060,1.816480,66.636580,-0.997589,-0.064873,-0.024500,-99.9999924,0.899501026,66.2902756,14.1349554,Building,Surface,2.911621,2.635101,0.000619,0.000000,-85.947440,1.816230,66.644170,352.302400,266.738500,359.188400,104.047200,98.172010,0.300000,1000.000000,0.900730,2468,2740,50.000000,off,,1,0,0,1,1
1765268554532,2025-12-09 16:22:34.532,703.456300,25.105710,23,1,2,-0.007776,0.006363,-0.047122,0.035431,-0.200928,0.978958,-85.899430,1.816350,66.639180,-0.997355,-0.068264,-0.024711,-99.9999924,0.851236105,66.2898178,14.1378698,Building,Surface,2.916901,2.638031,0.000156,0.000000,-85.947350,1.816258,66.644130,352.290800,266.708100,359.193800,104.047200,98.172010,0.300000,1000.000000,0.900730,2468,2740,50.000000,off,,1,0,0,1,1
1765268554544,2025-12-09 16:22:34.544,703.467300,25.116760,23,1,2,-0.007947,0.006384,-0.047182,0.040360,-0.202667,0.978409,-85.899310,1.816339,66.638970,-0.997343,-0.069836,-0.020416,-100,0.828979373,66.3503189,14.1381598,Building,Surface,2.914383,2.637726,0.010022,0.000000,-85.947310,1.816244,66.644050,352.273300,266.676600,359.174700,104.047200,98.172010,0.300000,1000.000000,0.900730,2468,2740,50.000000,off,,1,0,0,1,1
1765268554555,2025-12-09 16:22:34.555,703.478500,25.127870,23,1,2,-0.010412,0.006513,-0.047405,0.035095,-0.197403,0.979691,-85.898870,1.816507,66.636520,-0.997579,-0.064325,-0.026298,-99.9999924,0.907251775,66.2647858,14.1352921,Building,Surface,2.911621,2.635101,0.000623,0.000000,-85.947270,1.816279,66.644010,352.270100,266.640400,359.163500,104.047200,98.172010,0.300000,1000.000000,0.900730,2468,2740,50.000000,off,,1,0,0,1,1
1765268554566,2025-12-09 16:22:34.566,703.489500,25.138920,23,1,2,-0.010412,0.006513,-0.047405,0.035095,-0.197403,0.979691,-85.898800,1.816519,66.636490,-0.997555,-0.064528,-0.026689,-100,0.904367924,66.2592239,14.1356926,Building,Surface,2.911621,2.635101,0.000623,0.000000,-85.947200,1.816280,66.643970,352.281400,266.620400,359.150500,104.047200,98.172010,0.300000,1000.000000,0.900730,2468,2740,50.000000,off,,1,0,0,1,1
1765268554577,2025-12-09 16:22:34.577,703.500700,25.150090,23,1,2,-0.007776,0.006363,-0.047122,0.035431,-0.200928,0.978958,-85.899180,1.816359,66.639070,-0.997300,-0.068250,-0.026868,-99.9999924,0.8513726,66.2591858,14.1388998,Building,Surface,2.916901,2.638031,0.000626,0.000000,-85.947110,1.816263,66.643910,352.288700,266.592600,359.152600,104.047200,98.172010,0.300000,1000.000000,0.900730,2468,2740,50.000000,off,,1,0,0,1,1
1765268554588,2025-12-09 16:22:34.588,703.511800,25.161190,23,1,2,-0.002921,0.006087,-0.046638,0.038895,-0.204987,0.977982,-85.899910,1.816106,66.643810,-0.997054,-0.072815,-0.023703,-99.9999924,0.786374331,66.3086014,14.1416063,Building,Surface,2.912613,2.638321,0.000619,0.000000,-85.947030,1.816273,66.643830,352.310100,266.574400,359.168500,104.047200,98.172010,0.300000,1000.000000,0.900730,2468,2740,50.000000,off,,1,0,0,1,1
1765268554599,2025-12-09 16:22:34.599,703.522800,25.172180,23,1,2,-0.002921,0.006087,-0.046638,0.038895,-0.204987,0.977982,-85.899810,1.816094,66.643810,-0.997030,-0.072912,-0.024420,-99.9999924,0.784960568,66.2984543,14.1420498,Building,Surface,2.912613,2.638321,0.000619,0.000000,-85.946930,1.816256,66.643800,352.316100,266.530700,359.180400,104.047200,98.172010,0.300000,1000.000000,0.900730,2468,2740,50.000000,off,,1,0,0,1,1
1765268554610,2025-12-09 16:22:34.610,703.534000,25.183410,23,1,2,-0.007818,0.006379,-0.047232,0.049011,-0.207260,0.977051,-85.898820,1.816348,66.638950,-0.997035,-0.075413,-0.014848,-99.9999924,0.749774098,66.4289474,14.143012,Building,Surface,2.955994,2.571854,0.000619,0.000000,-85.946880,1.816235,66.643750,352.316400,266.493500,359.213300,104.047200,98.172010,0.300000,1000.000000,0.900730,2468,2740,50.000000,off,,1,0,0,1,1
1765268554621,2025-12-09 16:22:34.621,703.545200,25.194580,23,1,2,-0.026280,0.007365,-0.048914,0.065720,-0.189591,0.979645,-85.895780,1.817364,66.620670,-0.998299,-0.057998,0.001503,-99.9999924,0.997954071,66.6418991,14.1280069,Building,Surface,2.780334,2.581299,0.000039,0.000000,-85.946810,1.816236,66.643740,352.328600,266.462200,359.210600,104.047200,98.172010,0.300000,1000.000000,0.900730,2468,2740,50.000000,off,,1,0,0,1,1
1765268554632,2025-12-09 16:22:34.632,703.556200,25.205570,23,1,2,-0.029473,0.007541,-0.049240,0.071075,-0.195557,0.978104,-85.895200,1.817520,66.617520,-0.997915,-0.064095,0.006258,-99.9999847,0.911585808,66.7059708,14.1341286,Building,Surface,2.914505,2.587082,0.000630,0.000000,-85.946780,1.816222,66.643710,352.322900,266.431200,359.207300,104.047200,98.172010,0.300000,1000.000000,0.900730,2468,2740,50.000000,off,,1,0,0,1,1
1765268554643,2025-12-09 16:22:34.643,703.567500,25.216920,23,1,2,-0.029473,0.007541,-0.049240,0.071075,-0.195557,0.978104,-85.895110,1.817546,66.617520,-0.997926,-0.063977,0.005593,-99.9999847,0.913282812,66.6965714,14.134058,Building,Surface,2.914505,2.587082,0.000630,0.000000,-85.946720,1.816245,66.643690,352.314900,266.396700,359.188800,104.047200,98.172010,0.300000,1000.000000,0.900730,2468,2740,50.000000,off,,1,0,0,1,1
1765268554655,2025-12-09 16:22:34.655,703.579000,25.228390,23,1,2,-0.007876,0.006216,-0.046730,0.082901,-0.215591,0.972946,-85.899090,1.816260,66.638840,-0.996238,-0.084837,0.017009,-99.9999847,0.615465403,66.8795853,14.1539831,Building,Surface,2.898392,2.638306,0.000002,0.000000,-85.946640,1.816231,66.643640,352.322600,266.384800,359.176500,104.047200,98.172010,0.300000,1000.000000,0.900730,2468,2740,50.000000,off,,1,0,0,1,1
1765268554666,2025-12-09 16:22:34.666,703.590500,25.239930,23,1,2,-0.026280,0.007365,-0.048914,0.065720,-0.189591,0.979645,-85.895570,1.817335,66.620610,-0.998302,-0.057965,-0.000487,-99.9999924,0.998382032,66.6137314,14.1281796,Building,Surface,2.780334,2.581299,0.000155,0.000000,-85.946640,1.816188,66.643580,352.323300,266.358100,359.158100,104.047200,98.172010,0.300000,1000.000000,0.900730,2468,2740,50.000000,off,,1,0,0,1,1
1765268554677,2025-12-09 16:22:34.677,703.601900,25.251340,23,1,2,-0.029473,0.007541,-0.049240,0.071075,-0.195557,0.978104,-85.895020,1.817469,66.617380,-0.997900,-0.064464,0.004583,-99.9999924,0.906292558,66.6821594,14.1345205,Building,Surface,2.914505,2.587082,0.000156,0.000000,-85.946660,1.816135,66.643500,352.341600,266.342400,359.169500,104.047200,98.172010,0.300000,1000.000000,0.900730,2468,2740,50.000000,off,,1,0,0,1,1
1765268554689,2025-12-09 16:22:34.689,703.613300,25.262700,23,1,2,-0.029473,0.007541,-0.049240,0.071075,-0.195557,0.978104,-85.894990,1.817443,66.617390,-0.997900,-0.064492,0.004078,-100,0.905868351,66.6750336,14.1345453,Building,Surface,2.914505,2.587082,0.000156,0.000000,-85.946630,1.816110,66.643480,352.343700,266.312100,359.175900,104.047200,98.172010,0.300000,1000.000000,0.900730,2468,2740,50.000000,off,,1,0,0,1,1
1765268554701,2025-12-09 16:22:34.701,703.624800,25.274230,23,1,2,-0.012820,0.006526,-0.047349,0.086288,-0.207184,0.974472,-85.897940,1.816503,66.633930,-0.996848,-0.076865,0.018796,-99.9999924,0.729121864,66.899826,14.1464109,Building,Surface,2.911407,2.639236,0.010083,0.000000,-85.946490,1.816153,66.643520,352.352200,266.287900,359.174800,104.047200,98.172010,0.300000,1000.000000,0.900730,2468,2740,50.000000,off,,1,0,0,1,1
1765268554712,2025-12-09 16:22:34.712,703.636300,25.285710,23,1,2,-0.009246,0.006329,-0.047083,0.085007,-0.204422,0.975174,-85.898450,1.816289,66.637470,-0.997087,-0.074189,0.017117,-99.9999924,0.76705426,66.8795471,14.1425924,Building,Surface,2.909912,2.634888,0.000623,0.000000,-85.946460,1.816143,66.643520,352.362900,266.261700,359.184800,104.047200,98.172010,0.300000,1000.000000,0.900730,2468,2740,50.000000,off,,1,0,0,1,1
1765268554723,2025-12-09 16:22:34.723,703.647600,25.297000,23,1,2,-0.009246,0.006329,-0.047083,0.085007,-0.204422,0.975174,-85.898410,1.816305,66.637470,-0.997078,-0.074347,0.016949,-99.9999924,0.764822066,66.8771744,14.1427641,Building,Surface,2.909912,2.634888,0.000623,0.000000,-85.946430,1.816150,66.643490,352.370900,266.254800,359.171100,104.047200,98.172010,0.300000,1000.000000,0.900730,2468,2740,50.000000,off,,1,0,0,1,1
1765268554735,2025-12-09 16:22:34.735,703.659100,25.308530,23,1,2,-0.011362,0.006470,-0.047374,0.084808,-0.200501,0.976013,-85.897930,1.816419,66.635380,-0.997398,-0.070120,0.016567,-99.9999847,0.825002193,66.8696213,14.1388111,Building,Surface,2.909744,2.631180,0.002475,0.000000,-85.946400,1.816143,66.643490,352.357000,266.244500,359.160000,104.047200,98.172010,0.300000,1000.000000,0.900730,2468,2740,50.000000,off,,1,0,0,1,1
1765268554746,2025-12-09 16:22:34.746,703.670600,25.320010,23,1,2,-0.006355,0.006161,-0.046790,0.083755,-0.206329,0.974884,-85.898790,1.816158,66.640370,-0.996993,-0.075893,0.015225,-99.9999924,0.742747784,66.8557129,14.1436405,Building,Surface,2.909576,2.623581,0.000039,0.000000,-85.946300,1.816190,66.643520,352.348300,266.233300,359.150900,104.047200,98.172010,0.300000,1000.000000,0.900730,2468,2740,50.000000,off,,1,0,0,1,1
1765268554758,2025-12-09 16:22:34.758,703.682000,25.331420,23,1,2,-0.026068,0.007461,-0.049422,0.082596,-0.182617,0.979706,-85.894650,1.817364,66.620920,-0.998566,-0.051544,0.014250,-99.9999924,1.08927441,66.8222122,14.1255503,Building,Surface,2.908752,2.624100,0.000619,0.000000,-85.946280,1.816175,66.643520,352.336800,266.230900,359.144400,104.047200,98.172010,0.300000,1000.000000,0.900730,2468,2740,50.000000,off,,1,0,0,1,1
1765268554769,2025-12-09 16:22:34.769,703.693400,25.342830,23,1,2,-0.026068,0.007461,-0.049422,0.082596,-0.182617,0.979706,-85.894590,1.817335,66.620930,-0.998572,-0.051424,0.014270,-99.9999847,1.09094143,66.8225098,14.1255283,Building,Surface,2.908752,2.624100,0.000619,0.000000,-85.946220,1.816150,66.643530,352.329500,266.233000,359.139900,104.047200,98.172010,0.300000,1000.000000,0.900730,2468,2740,50.000000,off,,1,0,0,1,1
1765268554781,2025-12-09 16:22:34.781,703.704900,25.354310,23,1,2,-0.011362,0.006470,-0.047374,0.084808,-0.200501,0.976013,-85.897710,1.816445,66.635460,-0.997434,-0.069632,0.016497,-99.9999924,0.83194977,66.8687057,14.138525,Building,Surface,2.909744,2.631180,0.000154,0.000000,-85.946180,1.816191,66.643570,352.328200,266.242200,359.152200,104.047200,98.172010,0.300000,1000.000000,0.900730,2468,2740,50.000000,off,,1,0,0,1,1
1765268554792,2025-12-09 16:22:34.792,703.716400,25.365780,23,1,2,-0.006355,0.006161,-0.046790,0.083755,-0.206329,0.974884,-85.898650,1.816148,66.640450,-0.997018,-0.075533,0.015328,-99.9999924,0.74784565,66.8572388,14.1434097,Building,Surface,2.909576,2.623581,0.000619,0.000000,-85.946170,1.816197,66.643600,352.328400,266.237000,359.162000,104.047200,98.172010,0.300000,1000.000000,0.900730,2468,2740,50.000000,off,,1,0,0,1,1
1765268554804,2025-12-09 16:22:34.804,703.727800,25.377200,23,1,2,-0.025746,0.007441,-0.049389,0.081116,-0.186081,0.979172,-85.894590,1.817381,66.621330,-0.998404,-0.054807,0.012963,-99.9999924,1.0430696,66.8044739,14.1278238,Building,Surface,2.908463,2.616241,0.000010,0.000000,-85.946150,1.816227,66.643630,352.325000,266.242600,359.154800,104.047200,98.172010,0.300000,1000.000000,0.900730,2468,2740,50.000000,off,,1,0,0,1,1
1765268554815,2025-12-09 16:22:34.815,703.738900,25.388310,23,1,2,-0.025746,0.007441,-0.049389,0.081116,-0.186081,0.979172,-85.894570,1.817358,66.621370,-0.998413,-0.054646,0.012971,-99.9999924,1.04532671,66.8046188,14.1277237,Building,Surface,2.908463,2.616241,0.000010,0.000000,-85.946140,1.816208,66.643670,352.314600,266.245600,359.141600,104.047200,98.172010,0.300000,1000.000000,0.900730,2468,2740,50.000000,off,,1,0,0,1,1
1765268554826,2025-12-09 16:22:34.826,703.750100,25.399480,23,1,2,-0.022420,0.007247,-0.049029,0.080780,-0.192383,0.977982,-85.895120,1.817181,66.624690,-0.998032,-0.061293,0.012653,-99.9999847,0.950945854,66.8035049,14.1325798,Building,Surface,2.905243,2.614670,0.000010,0.000000,-85.946080,1.816206,66.643710,352.327600,266.254100,359.124200,104.047200,98.172010,0.300000,1000.000000,0.900730,2468,2740,50.000000,off,,1,0,0,1,1
1765268554837,2025-12-09 16:22:34.837,703.761100,25.410520,23,1,2,-0.018801,0.007045,-0.048676,0.086502,-0.197205,0.976532,-85.895710,1.817003,66.628310,-0.997618,-0.066388,0.018382,-99.9999924,0.878412008,66.8881912,14.1378632,Building,Surface,2.927505,2.612564,0.000039,0.000000,-85.946050,1.816229,66.643750,352.328200,266.260100,359.105900,104.047200,98.172010,0.300000,1000.000000,0.900730,2468,2740,50.000000,off,,1,0,0,1,1
1765268554848,2025-12-09 16:22:34.848,703.772200,25.421630,23,1,2,-0.010005,0.006498,-0.047596,0.089920,-0.216797,0.972061,-85.897440,1.816470,66.637020,-0.996021,-0.086370,0.021726,-99.9999924,0.593566656,66.9446335,14.1588192,Building,Surface,2.928253,2.628418,0.000154,0.000000,-85.946040,1.816234,66.643780,352.322600,266.269400,359.095700,104.047200,98.172010,0.300000,1000.000000,0.900730,2468,2740,50.000000,off,,1,0,0,1,1
1765268554859,2025-12-09 16:22:34.859,703.783300,25.432680,23,1,2,-0.010005,0.006498,-0.047596,0.089920,-0.216797,0.972061,-85.897430,1.816497,66.637080,-0.996013,-0.086479,0.021638,-99.9999924,0.592038989,66.9434509,14.1589336,Building,Surface,2.928253,2.628418,0.000154,0.000000,-85.946030,1.816252,66.643840,352.326900,266.269300,359.072900,104.047200,98.172010,0.300000,1000.000000,0.900730,2468,2740,50.000000,off,,1,0,0,1,1
1765268554871,2025-12-09 16:22:34.871,703.794500,25.443910,23,1,2,0.004515,0.005595,-0.045876,0.094070,-0.235214,0.967377,-85.900240,1.815615,66.651480,-0.994097,-0.105375,0.025689,-99.9999924,0.321030378,67.0158386,14.1834259,Building,Surface,2.942825,2.638214,0.002475,0.000000,-85.946040,1.816271,66.643880,352.324100,266.273600,359.070800,104.047200,98.172010,0.300000,1000.000000,0.900730,2468,2740,50.000000,off,,1,0,0,1,1
1765268554882,2025-12-09 16:22:34.882,703.805500,25.454960,23,1,2,-0.018801,0.007045,-0.048676,0.086502,-0.197205,0.976532,-85.895710,1.817079,66.628460,-0.997612,-0.066405,0.018646,-99.9999924,0.878242493,66.8920822,14.1379461,Building,Surface,2.927505,2.612564,0.000619,0.000000,-85.946040,1.816296,66.643920,352.326500,266.281700,359.073900,104.047200,98.172010,0.300000,1000.000000,0.900730,2468,2740,50.000000,off,,1,0,0,1,1
1765268554893,2025-12-09 16:22:34.893,703.816700,25.466060,23,1,2,-0.018801,0.007045,-0.048676,0.086502,-0.197205,0.976532,-85.895730,1.817073,66.628490,-0.997608,-0.066391,0.018918,-99.9999924,0.878431499,66.8959503,14.1379919,Building,Surface,2.927505,2.612564,0.000619,0.000000,-85.946050,1.816289,66.643950,352.325100,266.298700,359.066900,104.047200,98.172010,0.300000,1000.000000,0.900730,2468,2740,50.000000,off,,1,0,0,1,1
1765268554904,2025-12-09 16:22:34.904,703.827800,25.477230,23,1,2,-0.010005,0.006498,-0.047596,0.089920,-0.216797,0.972061,-85.897410,1.816559,66.637220,-0.995999,-0.086495,0.022208,-99.9999924,0.591855109,66.9516678,14.1591558,Building,Surface,2.928253,2.628418,0.000630,0.000000,-85.946010,1.816312,66.644000,352.326200,266.306200,359.054000,104.047200,98.172010,0.300000,1000.000000,0.900730,2468,2740,50.000000,off,,1,0,0,1,1
1765268554919,2025-12-09 16:22:34.919,703.838900,25.488280,23,1,2,0.010459,0.005212,-0.045127,0.095749,-0.245667,0.964600,-85.901370,1.815282,66.657490,-0.992804,-0.116325,0.027961,-99.9999924,0.163370878,67.0545654,14.2006235,Building,Surface,2.942184,2.637695,0.002475,0.000000,-85.946000,1.816306,66.644040,352.334400,266.315100,359.061000,104.047200,98.172010,0.300000,1000.000000,0.900730,2468,2740,50.000000,off,,1,0,0,1,1
1765268554926,2025-12-09 16:22:34.926,703.850000,25.499390,23,1,2,0.009537,0.005277,-0.045263,0.096893,-0.242432,0.965302,-85.901180,1.815331,66.656590,-0.993142,-0.113053,0.029266,-99.9999924,0.210410073,67.072052,14.1959515,Building,Surface,2.943649,2.660339,0.000156,0.000000,-85.946010,1.816294,66.644070,352.335100,266.321900,359.063200,104.047200,98.172010,0.300000,1000.000000,0.900730,2468,2740,50.000000,off,,1,0,0,1,1
1765268554937,2025-12-09 16:22:34.937,703.861100,25.510500,23,1,2,0.009537,0.005277,-0.045263,0.096893,-0.242432,0.965302,-85.901150,1.815307,66.656610,-0.993129,-0.113147,0.029341,-99.9999847,0.209029108,67.073143,14.1961575,Building,Surface,2.943649,2.660339,0.000156,0.000000,-85.945980,1.816265,66.644080,352.340900,266.325200,359.067200,104.047200,98.172010,0.300000,1000.000000,0.900730,2468,2740,50.000000,off,,1,0,0,1,1
1765268554949,2025-12-09 16:22:34.949,703.872200,25.521610,23,1,2,0.007656,0.005404,-0.045524,0.096298,-0.233170,0.967651,-85.900770,1.815409,66.654780,-0.994197,-0.103580,0.028871,-99.9999847,0.34648782,67.0642166,14.1814451,Building,Surface,2.959091,2.676300,0.039600,0.000000,-85.946000,1.816245,66.644120,352.338300,266.324800,359.079600,104.047200,98.172010,0.300000,1000.000000,0.900730,2468,2740,50.000000,off,,1,0,0,1,1
1765268554960,2025-12-09 16:22:34.960,703.883200,25.532650,23,1,2,-0.001484,0.005992,-0.046686,0.094589,-0.216034,0.971787,-85.898920,1.815958,66.645800,-0.995908,-0.086050,0.027386,-99.9999924,0.59757483,67.0335541,14.1589231,Building,Surface,2.973770,2.684921,0.002490,0.000000,-85.945980,1.816219,66.644170,352.340000,266.328200,359.080000,104.047200,98.172010,0.300000,1000.000000,0.900730,2468,2740,50.000000,off,,1,0,0,1,1
1765268554971,2025-12-09 16:22:34.971,703.894300,25.543760,23,1,2,-0.001484,0.005992,-0.046686,0.094589,-0.216034,0.971787,-85.898940,1.815945,66.645810,-0.995889,-0.086245,0.027451,-100,0.594779611,67.0345001,14.1591663,Building,Surface,2.973770,2.684921,0.002490,0.000000,-85.946000,1.816197,66.644190,352.351100,266.332300,359.078500,104.047200,98.172010,0.300000,1000.000000,0.900730,2468,2740,50.000000,off,,1,0,0,1,1
1765268554982,2025-12-09 16:22:34.982,703.905500,25.554930,23,1,2,-0.017400,0.006947,-0.048443,0.089645,-0.194489,0.976791,-85.895960,1.816947,66.630090,-0.997666,-0.064214,0.022867,-99.9999924,0.909151554,66.9533615,14.1369152,Building,Surface,2.974854,2.698105,0.000619,0.000000,-85.945940,1.816227,66.644210,352.353900,266.342300,359.066900,104.047200,98.172010,0.300000,1000.000000,0.900730,2468,2740,50.000000,off,,1,0,0,1,1
1765268554992,2025-12-09 16:22:34.992,703.916700,25.566100,23,1,2,0.007656,0.005404,-0.045524,0.096298,-0.233170,0.967651,-85.900710,1.815365,66.654900,-0.994175,-0.103783,0.028904,-100,0.343525767,67.0648193,14.1818228,Building,Surface,2.959091,2.676300,0.000157,0.000000,-85.945950,1.816193,66.644230,352.349100,266.329000,359.069700,104.047200,98.172010,0.300000,1000.000000,0.900730,2468,2740,50.000000,off,,1,0,0,1,1
1765268555003,2025-12-09 16:22:35.003,703.927700,25.577150,23,1,2,-0.001484,0.005992,-0.046686,0.094589,-0.216034,0.971787,-85.898890,1.815983,66.645870,-0.995866,-0.086553,0.027328,-99.9999924,0.590423167,67.0328217,14.1595516,Building,Surface,2.973770,2.684921,0.010083,0.000000,-85.945950,1.816221,66.644230,352.367900,266.327400,359.067600,104.047200,98.172010,0.300000,1000.000000,0.900730,2468,2740,50.000000,off,,1,0,0,1,1
1765268555014,2025-12-09 16:22:35.014,703.938800,25.588200,23,1,2,-0.001484,0.005992,-0.046686,0.094589,-0.216034,0.971787,-85.898900,1.815998,66.645890,-0.995865,-0.086564,0.027328,-99.9999847,0.590283513,67.0328445,14.1595497,Building,Surface,2.973770,2.684921,0.010083,0.000000,-85.945970,1.816236,66.644260,352.368200,266.328400,359.063400,104.047200,98.172010,0.300000,1000.000000,0.900730,2468,2740,50.000000,off,,1,0,0,1,1
1765268555025,2025-12-09 16:22:35.025,703.949900,25.599300,23,1,2,-0.021381,0.007197,-0.048923,0.088913,-0.188126,0.978104,-85.895220,1.817214,66.626210,-0.998061,-0.058114,0.021914,-100,0.995937467,66.9359055,14.1320572,Building,Surface,2.971481,2.706467,0.000623,0.000000,-85.945980,1.816223,66.644260,352.375500,266.327300,359.055900,104.047200,98.172010,0.300000,1000.000000,0.900730,2468,2740,50.000000,off,,1,0,0,1,1
1765268555037,2025-12-09 16:22:35.037,703.961000,25.610410,23,1,2,-0.021208,0.007175,-0.048863,0.088837,-0.188187,0.978104,-85.895250,1.817206,66.626380,-0.998063,-0.058292,0.021594,-99.9999924,0.993416309,66.9315491,14.1320763,Building,Surface,2.975113,2.707596,0.000623,0.000000,-85.945930,1.816227,66.644250,352.382400,266.313200,359.056600,104.047200,98.172010,0.300000,1000.000000,0.900730,2468,2740,50.000000,off,,1,0,0,1,1
1765268555048,2025-12-09 16:22:35.048,703.972100,25.621520,23,1,2,-0.023067,0.007275,-0.049031,0.088089,-0.184967,0.978775,-85.894940,1.817300,66.624550,-0.998263,-0.054847,0.020884,-99.9999847,1.04233408,66.919632,14.1294041,Building,Surface,2.973846,2.731995,0.002506,0.000000,-85.945930,1.816223,66.644260,352.374400,266.311500,359.065600,104.047200,98.172010,0.300000,1000.000000,0.900730,2468,2740,50.000000,off,,1,0,0,1,1
1765268555059,2025-12-09 16:22:35.059,703.983200,25.632630,23,1,2,-0.023067,0.007275,-0.049031,0.088089,-0.184967,0.978775,-85.894920,1.817327,66.624570,-0.998270,-0.054782,0.020703,-99.9999924,1.04328477,66.917099,14.129324,Building,Surface,2.973846,2.731995,0.002506,0.000000,-85.945910,1.816252,66.644260,352.370300,266.301900,359.061600,104.047200,98.172010,0.300000,1000.000000,0.900730,2468,2740,50.000000,off,,1,0,0,1,1
1765268555070,2025-12-09 16:22:35.070,703.994400,25.643800,23,1,2,-0.010335,0.006473,-0.047483,0.089462,-0.201813,0.975311,-85.897340,1.816495,66.637130,-0.997165,-0.071722,0.021952,-99.9999924,0.802149415,66.9475937,14.1424932,Building,Surface,2.966614,2.737488,0.000158,0.000000,-85.945850,1.816229,66.644250,352.356700,266.306100,359.062700,104.047200,98.172010,0.300000,1000.000000,0.900730,2468,2740,50.000000,off,,1,0,0,1,1
1765268555081,2025-12-09 16:22:35.081,704.005500,25.654910,23,1,2,-0.021208,0.007175,-0.048863,0.088837,-0.188187,0.978104,-85.895150,1.817234,66.626400,-0.998086,-0.057939,0.021440,-99.9999924,0.998446822,66.92939,14.1318369,Building,Surface,2.975113,2.707596,0.000155,0.000000,-85.945830,1.816275,66.644250,352.362900,266.302700,359.065900,104.047200,98.172010,0.300000,1000.000000,0.900730,2468,2740,50.000000,off,,1,0,0,1,1
1765268555092,2025-12-09 16:22:35.092,704.016500,25.665950,23,1,2,-0.021208,0.007175,-0.048863,0.088837,-0.188187,0.978104,-85.895100,1.817230,66.626400,-0.998090,-0.057782,0.021676,-99.9999924,1.0006609,66.932724,14.1318264,Building,Surface,2.975113,2.707596,0.000155,0.000000,-85.945790,1.816281,66.644270,352.354200,266.315200,359.071400,104.047200,98.172010,0.300000,1000.000000,0.900730,2468,2740,50.000000,off,,1,0,0,1,1
1765268555104,2025-12-09 16:22:35.104,704.027600,25.677060,23,1,2,-0.023067,0.007275,-0.049031,0.088089,-0.184967,0.978775,-85.894790,1.817308,66.624570,-0.998287,-0.054343,0.021074,-99.9999847,1.04947519,66.9223404,14.1292219,Building,Surface,2.973846,2.731995,0.000039,0.000000,-85.945770,1.816262,66.644290,352.346700,266.319400,359.082400,104.047200,98.172010,0.300000,1000.000000,0.900730,2468,2740,50.000000,off,,1,0,0,1,1
1765268555115,2025-12-09 16:22:35.115,704.038700,25.688110,23,1,2,-0.012602,0.006610,-0.047734,0.089279,-0.198334,0.976044,-85.896770,1.816690,66.634980,-0.997409,-0.068200,0.022186,-99.9999924,0.852352619,66.9486847,14.1396351,Building,Surface,3.002365,2.737915,0.040088,0.000000,-85.945690,1.816288,66.644360,352.360900,266.321400,359.094300,104.047200,98.172010,0.300000,1000.000000,0.900730,2468,2740,50.000000,off,,1,0,0,1,1
1765268555125,2025-12-09 16:22:35.125,704.049900,25.699340,23,1,2,-0.009938,0.006593,-0.047623,0.072083,-0.185318,0.980026,-85.897040,1.816630,66.637630,-0.998495,-0.054497,0.005356,-99.9999847,1.04690349,66.7132797,14.1241436,Building,Surface,3.083679,2.817581,0.002475,0.000000,-85.945660,1.816271,66.644360,352.360700,266.336200,359.096600,104.047200,98.172010,0.300000,1000.000000,0.900730,2468,2740,50.000000,off,,1,0,0,1,1
1765268555136,2025-12-09 16:22:35.136,704.061000,25.710390,23,1,2,-0.009938,0.006593,-0.047623,0.072083,-0.185318,0.980026,-85.896960,1.816649,66.637690,-0.998502,-0.054362,0.005286,-99.9999924,1.0488286,66.7123489,14.1241179,Building,Surface,3.083679,2.817581,0.002475,0.000000,-85.945590,1.816298,66.644420,352.353600,266.330500,359.105600,104.047200,98.172010,0.300000,1000.000000,0.900730,2468,2740,50.000000,off,,1,0,0,1,1
1765268555148,2025-12-09 16:22:35.148,704.072000,25.721440,23,1,2,0.002601,0.005863,-0.045923,0.058990,-0.170593,0.983566,-85.899500,1.815970,66.650080,-0.999208,-0.038878,-0.007572,-99.9999924,1.26733565,66.5432281,14.1115685,Building,Surface,3.007401,2.782410,0.009900,0.000000,-85.945520,1.816321,66.644430,352.340600,266.336300,359.096400,104.047200,98.172010,0.300000,1000.000000,0.900730,2468,2740,50.000000,off,,1,0,0,1,1
1765268555159,2025-12-09 16:22:35.159,704.083300,25.732670,23,1,2,0.027632,0.004236,-0.042619,0.057541,-0.200623,0.977966,-85.904550,1.814452,66.674850,-0.997551,-0.069136,-0.009578,-99.9999847,0.837556243,66.5395126,14.1299028,Building,Surface,3.064499,2.746033,0.039599,0.000000,-85.945430,1.816378,66.644470,352.327500,266.326400,359.092900,104.047200,98.172010,0.300000,1000.000000,0.900730,2468,2740,50.000000,off,,1,0,0,1,1
1765268555170,2025-12-09 16:22:35.170,704.094300,25.743710,23,1,2,0.027632,0.004236,-0.042619,0.057541,-0.200623,0.977966,-85.904500,1.814448,66.674850,-0.997600,-0.068426,-0.009498,-99.9999847,0.847630143,66.5406494,14.1292448,Building,Surface,3.064499,2.746033,0.039599,0.000000,-85.945370,1.816408,66.644480,352.286300,266.332800,359.085100,104.047200,98.172010,0.300000,1000.000000,0.900730,2468,2740,50.000000,off,,1,0,0,1,1
1765268555181,2025-12-09 16:22:35.181,704.105300,25.754760,23,1,2,-0.009938,0.006593,-0.047623,0.072083,-0.185318,0.980026,-85.896610,1.816754,66.637780,-0.998582,-0.052904,0.005067,-99.9999847,1.06956899,66.709343,14.1233463,Building,Surface,3.083679,2.817581,0.009900,0.000000,-85.945240,1.816471,66.644500,352.268400,266.321900,359.085900,104.047200,98.172010,0.300000,1000.000000,0.900730,2468,2740,50.000000,off,,1,0,0,1,1
1765268555192,2025-12-09 16:22:35.192,704.116600,25.765990,23,1,2,0.002601,0.005863,-0.045923,0.058990,-0.170593,0.983566,-85.899220,1.816068,66.650150,-0.999267,-0.037264,-0.007791,-99.9999924,1.29023075,66.5402069,14.1109982,Building,Surface,3.007401,2.782410,0.009900,0.000000,-85.945240,1.816495,66.644500,352.247200,266.326000,359.084300,104.047200,98.172010,0.300000,1000.000000,0.900730,2468,2740,50.000000,off,,1,0,0,1,1
1765268555204,2025-12-09 16:22:35.204,704.127600,25.777040,23,1,2,0.019934,0.004771,-0.043729,0.057693,-0.192963,0.979492,-85.902620,1.815017,66.667300,-0.998165,-0.059549,-0.009479,-99.9999924,0.973989546,66.5334244,14.1230726,Building,Surface,3.068283,2.754959,0.009900,0.000000,-85.945180,1.816529,66.644520,352.222900,266.323500,359.067600,104.047200,98.172010,0.300000,1000.000000,0.900730,2468,2740,50.000000,off,,1,0,0,1,1
1765268555215,2025-12-09 16:22:35.215,704.138700,25.788090,23,1,2,0.019934,0.004771,-0.043729,0.057693,-0.192963,0.979492,-85.902580,1.815035,66.667340,-0.998170,-0.059473,-0.009387,-99.9999924,0.97508204,66.5347672,14.1230345,Building,Surface,3.068283,2.754959,0.009900,0.000000,-85.945140,1.816551,66.644550,352.218500,266.329000,359.066700,104.047200,98.172010,0.300000,1000.000000,0.900730,2468,2740,50.000000,off,,1,0,0,1,1
1765268555226,2025-12-09 16:22:35.226,704.149800,25.799190,23,1,2,-0.005392,0.006456,-0.047147,0.063232,-0.144455,0.987473,-85.897270,1.816665,66.642360,-0.999927,-0.010194,-0.003049,-99.9999924,1.67289019,66.59935,14.1035213,Building,Surface,3.076859,2.735748,0.039601,0.000000,-85.945110,1.816577,66.644590,352.205400,266.334700,359.070400,104.047200,98.172010,0.300000,1000.000000,0.900730,2468,2740,50.000000,off,,1,0,0,1,1
1765268555237,2025-12-09 16:22:35.237,704.161000,25.810420,23,1,2,0.002564,0.005955,-0.046175,0.061508,-0.162537,0.984772,-85.898750,1.816199,66.650260,-0.999575,-0.028359,-0.004791,-99.9999847,1.41613197,66.5826721,14.1070776,Building,Surface,3.062256,2.709656,0.039601,0.000000,-85.945040,1.816608,66.644640,352.200200,266.350100,359.066400,104.047200,98.172010,0.300000,1000.000000,0.900730,2468,2740,50.000000,off,,1,0,0,1,1
1765268555248,2025-12-09 16:22:35.248,704.171900,25.821350,23,1,2,0.001487,0.006030,-0.046316,0.062027,-0.161987,0.984833,-85.898510,1.816303,66.649240,-0.999607,-0.027456,-0.003787,-99.9999924,1.42897975,66.5958099,14.1068983,Building,Surface,3.063171,2.709198,0.637515,0.000000,-85.945010,1.816656,66.644710,352.180300,266.375400,359.079100,104.047200,98.172010,0.300000,1000.000000,0.900730,2468,2740,50.000000,off,,1,0,0,1,1
1765268555259,2025-12-09 16:22:35.259,704.183200,25.832580,23,1,2,0.001487,0.006030,-0.046316,0.062027,-0.161987,0.984833,-85.898460,1.816368,66.649310,-0.999630,-0.026713,-0.003064,-99.9999924,1.43953454,66.6060867,14.1066332,Building,Surface,3.063171,2.709198,0.637515,0.000000,-85.944970,1.816753,66.644810,352.138700,266.413900,359.097100,104.047200,98.172010,0.300000,1000.000000,0.900730,2468,2740,50.000000,off,,1,0,0,1,1
1765268555270,2025-12-09 16:22:35.270,704.194300,25.843690,23,1,2,-0.001028,0.006193,-0.046644,0.060577,-0.153946,0.986206,-85.897900,1.816578,66.646880,-0.999835,-0.017178,-0.002464,-99.9999924,1.57429183,66.6121292,14.1042128,Building,Surface,3.063614,2.732651,0.040092,0.000000,-85.944930,1.816870,66.644960,352.064100,266.515900,359.155500,104.047200,98.172010,0.300000,1000.000000,0.900730,2468,2740,50.000000,off,,1,0,0,1,1
1765268555281,2025-12-09 16:22:35.281,704.205300,25.854740,23,1,2,-0.006858,0.006570,-0.047415,0.059280,-0.140701,0.988266,-85.896710,1.817058,66.641270,-0.999988,-0.001920,-0.000592,-99.9999924,1.78997993,66.6329193,14.1033087,Building,Surface,3.071075,2.694595,2.534435,0.000000,-85.944900,1.817092,66.645260,351.963600,266.674300,359.244800,104.047200,98.172010,0.300000,1000.000000,0.900730,2468,2740,50.000000,off,,1,0,0,1,1
1765268555292,2025-12-09 16:22:35.292,704.216500,25.865910,23,1,2,-0.006858,0.006570,-0.047415,0.059280,-0.140701,0.988266,-85.896760,1.817281,66.641490,-0.999976,0.000631,0.005394,-99.9999847,1.8261801,66.7175598,14.1034403,Building,Surface,3.071075,2.694595,2.534435,0.000000,-85.944920,1.817446,66.645770,351.824700,266.998600,359.376300,104.047200,98.172010,0.300000,1000.000000,0.900730,2468,2740,50.000000,off,,1,0,0,1,1
1765268555304,2025-12-09 16:22:35.304,704.227600,25.877010,23,1,2,0.001487,0.006030,-0.046316,0.062027,-0.161987,0.984833,-85.898400,1.816971,66.650080,-0.999721,-0.017892,0.014889,-99.9999924,1.56459403,66.8600922,14.1054153,Building,Surface,3.063171,2.709198,10.137500,0.000000,-85.944980,1.817734,66.646400,351.659900,267.368000,359.559900,104.047200,98.172010,0.300000,1000.000000,0.900730,2468,2740,50.000000,off,,1,0,0,1,1
1765268555315,2025-12-09 16:22:35.315,704.238700,25.888120,23,1,2,-0.001028,0.006193,-0.046644,0.060577,-0.153946,0.986206,-85.897990,1.817353,66.648010,-0.999693,-0.005767,0.023490,-99.9999924,1.73600233,66.9793701,14.1061325,Building,Surface,3.063614,2.732651,0.158395,0.000000,-85.945040,1.818161,66.647300,351.447800,267.901700,359.814200,104.047200,98.172010,0.300000,1000.000000,0.900730,2468,2740,50.000000,off,,1,0,0,1,1
1765268555326,2025-12-09 16:22:35.326,704.249800,25.899170,23,1,2,-0.003601,0.006356,-0.046987,0.058472,-0.146042,0.987534,-85.897530,1.817590,66.645940,-0.999433,0.006382,0.032591,-99.9999924,1.90764236,67.1058121,14.1102457,Building,Surface,3.058563,2.692902,0.040087,0.000000,-85.945010,1.818480,66.648310,351.226800,268.501900,0.092658,104.047200,98.172010,0.300000,1000.000000,0.900730,2468,2740,50.000000,off,,1,0,0,1,1
1765268555337,2025-12-09 16:22:35.337,704.260900,25.910340,23,1,2,-0.003601,0.006356,-0.046987,0.058472,-0.146042,0.987534,-85.897610,1.817720,66.646460,-0.998959,0.010239,0.044121,-99.9999924,1.96226573,67.2693176,14.1168661,Building,Surface,3.058563,2.692902,0.040087,0.000000,-85.945050,1.818798,66.649380,351.022900,269.119400,0.391551,104.047200,98.172010,0.300000,1000.000000,0.900730,2468,2740,50.000000,off,,1,0,0,1,1
1765268555348,2025-12-09 16:22:35.348,704.272000,25.921390,23,1,2,-0.022824,0.007572,-0.048883,0.084412,-0.089508,0.992401,-85.895590,1.818563,66.627850,-0.994059,0.071617,0.081945,-99.9999924,2.8347156,67.7905426,14.1886768,Building,Surface,3.036362,2.617874,0.158387,0.000000,-85.945090,1.819179,66.650590,350.779800,269.799200,0.654427,104.047200,98.172010,0.300000,1000.000000,0.900730,2468,2740,50.000000,off,,1,0,0,1,1
1765268555359,2025-12-09 16:22:35.359,704.283300,25.932680,23,1,2,-0.030981,0.008472,-0.050143,0.298401,0.089722,0.950195,-85.894590,1.819233,66.620270,-0.919065,0.249571,0.304955,-99.9999924,5.64953709,71.3005829,15.3472748,Building,Surface,3.058746,2.945908,0.158398,0.000000,-85.945090,1.819612,66.651820,350.518300,270.496800,0.887482,104.047200,98.172010,0.300000,1000.000000,0.900730,2468,2740,50.000000,off,,1,0,0,1,1
1765268555370,2025-12-09 16:22:35.370,704.294200,25.943600,23,1,2,-0.030981,0.008472,-0.050143,0.298401,0.089722,0.950195,-85.894950,1.819334,66.620930,-0.913495,0.254952,0.317002,-99.9999847,5.75598192,71.5156784,15.440465,Building,Surface,3.058746,2.945908,0.158398,0.000000,-85.945000,1.820061,66.653180,350.249100,271.272700,1.093593,104.047200,98.172010,0.300000,1000.000000,0.900730,2468,2740,50.000000,off,,1,0,0,1,1
1765268555381,2025-12-09 16:22:35.381,704.305400,25.954770,23,1,2,-0.001670,0.007873,-0.049801,0.347946,0.156418,0.924362,-85.894680,1.819568,66.650930,-0.868831,0.322475,0.375662,-90.8497772,3.65870142,68.7934036,5.70312119,HS-06,Signage,3.185471,2.714401,0.039110,0.000000,-85.944980,1.820519,66.654580,349.978800,272.047800,1.276040,104.047200,98.172010,0.300000,1000.000000,0.900730,2468,2740,50.000000,off,Node1,0.940880775,0,-0.338737965,1,1
1765268555393,2025-12-09 16:22:35.393,704.316300,25.965760,23,1,2,-0.002130,0.008522,-0.052385,0.435486,0.188187,0.880295,-85.891920,1.819916,66.650990,-0.808038,0.352472,0.472037,-99.9999924,7.97395849,74.892601,17.4594955,Building,Surface,3.338882,2.788910,0.157422,0.000000,-85.944790,1.820916,66.656010,349.737900,272.887600,1.407468,104.047200,98.172010,0.300000,1000.000000,0.900730,2468,2740,50.000000,off,,1,0,0,1,1
1765268555403,2025-12-09 16:22:35.403,704.327600,25.976990,23,1,2,-0.030981,0.008472,-0.050143,0.298401,0.089722,0.950195,-85.896060,1.819677,66.623020,-0.895719,0.268961,0.353994,-91.1084137,3.38481236,68.6829758,5.81908703,HS-06,Signage,3.058746,2.945908,0.625766,0.000000,-85.944660,1.821280,66.657390,349.501900,273.668200,1.492652,104.047200,98.172010,0.300000,1000.000000,0.900730,2468,2740,50.000000,off,Node1,0,-1,0,1,1
1765268555414,2025-12-09 16:22:35.414,704.338600,25.988040,23,1,2,-0.030981,0.008472,-0.050143,0.298401,0.089722,0.950195,-85.896290,1.819799,66.623760,-0.890081,0.272928,0.365008,-91.0001602,3.38481236,68.716774,5.73406029,HS-06,Signage,3.058746,2.945908,0.625766,0.000000,-85.944440,1.821641,66.658740,349.278500,274.388500,1.570648,104.047200,98.172010,0.300000,1000.000000,0.900730,2468,2740,50.000000,off,Node1,0,-1,0,1,1
1765268555426,2025-12-09 16:22:35.426,704.349800,25.999210,23,1,2,-0.001670,0.007873,-0.049801,0.347946,0.156418,0.924362,-85.894170,1.820223,66.653600,-0.842581,0.338231,0.419088,-90.7505264,3.76967168,69.0690842,5.76359653,HS-06,Signage,3.185471,2.714401,0.009961,0.000000,-85.944180,1.821983,66.659900,349.070000,275.037100,1.583640,104.047200,98.172010,0.300000,1000.000000,0.900730,2468,2740,50.000000,off,Node1,0.940880775,0,-0.338737965,1,1
1765268555437,2025-12-09 16:22:35.437,704.360800,26.010250,23,1,2,0.007521,0.007372,-0.049452,0.412705,0.199463,0.888748,-85.893430,1.820225,66.663470,-0.787652,0.378515,0.486121,-99.9999924,8.59928989,75.3697205,17.909481,Building,Surface,3.335999,2.676559,0.633609,0.000000,-85.943890,1.822340,66.661060,348.865400,275.595600,1.592310,104.047200,98.172010,0.300000,1000.000000,0.900730,2468,2740,50.000000,off,,1,0,0,1,1
1765268555448,2025-12-09 16:22:35.448,704.372000,26.021420,23,1,2,0.007521,0.007372,-0.049452,0.412705,0.199463,0.888748,-85.893220,1.820448,66.664060,-0.782309,0.380924,0.492823,-99.9999847,8.68935394,75.5507584,18.0320892,Building,Surface,3.335999,2.676559,0.633609,0.000000,-85.943700,1.822714,66.662090,348.693200,276.089800,1.579758,104.047200,98.172010,0.300000,1000.000000,0.900730,2468,2740,50.000000,off,,1,0,0,1,1
1765268555459,2025-12-09 16:22:35.459,704.383300,26.032710,23,1,2,0.029286,0.005396,-0.044728,0.417816,0.237808,0.876846,-85.895390,1.820172,66.686800,-0.757873,0.418477,0.500488,-99.9999847,9.6083498,76.0012589,18.6106071,Building,Surface,3.419724,2.783981,0.645312,0.000000,-85.943470,1.823014,66.662970,348.521200,276.514700,1.541264,104.047200,98.172010,0.300000,1000.000000,0.900730,2468,2740,50.000000,off,,1,0,0,1,1
1765268555470,2025-12-09 16:22:35.470,704.394500,26.043880,23,1,2,0.029352,0.004953,-0.043499,0.402908,0.234390,0.884705,-85.896220,1.820088,66.687480,-0.763564,0.418174,0.492014,-99.9999847,9.54417229,75.7754593,18.4707699,Building,Surface,3.346283,2.651764,0.645312,0.000000,-85.943180,1.823263,66.663740,348.365800,276.903000,1.490518,104.047200,98.172010,0.300000,1000.000000,0.900730,2468,2740,50.000000,off,,1,0,0,1,1
1765268555481,2025-12-09 16:22:35.481,704.405500,26.054870,23,1,2,0.024520,0.005489,-0.045349,0.253647,0.167313,0.952713,-85.894630,1.820188,66.682870,-0.858977,0.364417,0.359653,-90.8609848,3.92713952,68.7622757,5.78168011,HS-06,Signage,2.787979,2.267456,10.012490,0.000000,-85.942960,1.823474,66.664400,348.221500,277.185300,1.431397,104.047200,98.172010,0.300000,1000.000000,0.900730,2468,2740,50.000000,off,Node1,0.940880775,0,-0.338737965,1,1
1765268555492,2025-12-09 16:22:35.492,704.416400,26.065800,23,1,2,0.024520,0.005489,-0.045349,0.253647,0.167313,0.952713,-85.894230,1.820280,66.683340,-0.856361,0.366441,0.363812,-90.851265,3.94141817,68.7892609,5.78846169,HS-06,Signage,2.787979,2.267456,10.012490,0.000000,-85.942640,1.823710,66.665090,348.074400,277.457500,1.365843,104.047200,98.172010,0.300000,1000.000000,0.900730,2468,2740,50.000000,off,Node1,0.940880775,0,-0.338737965,1,1
1765268555504,2025-12-09 16:22:35.504,704.427500,26.076900,23,1,2,-0.029636,0.008787,-0.053195,0.315582,0.142624,0.938110,-85.893180,1.820722,66.628910,-0.836786,0.342095,0.427486,-90.7379684,3.80137062,69.1039505,5.78971481,HS-06,Signage,2.808640,2.618286,2.550121,0.000000,-85.942450,1.823879,66.665620,347.956800,277.648500,1.282769,104.047200,98.172010,0.300000,1000.000000,0.900730,2468,2740,50.000000,off,Node1,0.940880775,0,-0.338737965,1,1
1765268555515,2025-12-09 16:22:35.515,704.438700,26.088130,23,1,2,0.029352,0.004953,-0.043499,0.402908,0.234390,0.884705,-85.895060,1.820282,66.689050,-0.752498,0.423521,0.504334,-99.9999924,9.75882339,76.1423569,18.7439251,Building,Surface,3.346283,2.651764,10.137740,0.000000,-85.942310,1.824005,66.665990,347.845900,277.770500,1.188065,104.047200,98.172010,0.300000,1000.000000,0.900730,2468,2740,50.000000,off,,1,0,0,1,1
1765268555526,2025-12-09 16:22:35.526,704.449800,26.099180,23,1,2,0.029352,0.004953,-0.043499,0.402908,0.234390,0.884705,-85.894910,1.820354,66.689360,-0.751191,0.424111,0.505785,-100,9.78386784,76.1864624,18.7767353,Building,Surface,3.346283,2.651764,10.137740,0.000000,-85.942180,1.824175,66.666370,347.767400,277.861200,1.110885,104.047200,98.172010,0.300000,1000.000000,0.900730,2468,2740,50.000000,off,,1,0,0,1,1
1765268555537,2025-12-09 16:22:35.537,704.460800,26.110230,23,1,2,0.024520,0.005489,-0.045349,0.253647,0.167313,0.952713,-85.893550,1.820433,66.684500,-0.851557,0.370464,0.370943,-90.834198,3.96982813,68.8366776,5.80187559,HS-06,Signage,2.787979,2.267456,2.534252,0.000000,-85.942050,1.824291,66.666560,347.721100,277.883200,1.014969,104.047200,98.172010,0.300000,1000.000000,0.900730,2468,2740,50.000000,off,Node1,0.940880775,0,-0.338737965,1,1
1765268555548,2025-12-09 16:22:35.548,704.472000,26.121400,23,1,2,-0.032750,0.009511,-0.055491,0.281754,0.118073,0.952179,-85.890820,1.821319,66.626430,-0.857088,0.323188,0.401151,-90.8023224,3.67333221,68.9252014,5.73037195,HS-06,Signage,2.275604,2.680603,164.199900,0.000000,-85.941910,1.824404,66.666730,347.669300,277.884900,0.939218,104.047200,98.172010,0.300000,1000.000000,0.900730,2468,2740,50.000000,off,Node1,0.940880775,0,-0.338737965,1,1
1765268555560,2025-12-09 16:22:35.560,704.483000,26.132450,23,1,2,-0.027610,0.008449,-0.052344,0.231339,0.099167,0.967789,-85.893180,1.821087,66.632100,-0.883459,0.307398,0.353516,-90.9057617,3.56520629,68.637886,5.67372131,HS-06,Signage,2.751816,2.545517,0.039358,0.000000,-85.941760,1.824445,66.666780,347.642200,277.833100,0.866443,104.047200,98.172010,0.300000,1000.000000,0.900730,2468,2740,50.000000,off,Node1,0.940880775,0,-0.338737965,1,1
1765268555571,2025-12-09 16:22:35.571,704.494100,26.143550,23,1,2,-0.027610,0.008449,-0.052344,0.231339,0.099167,0.967789,-85.893070,1.821158,66.632220,-0.883963,0.307376,0.352274,-90.9082947,3.56507707,68.630867,5.6734767,HS-06,Signage,2.751816,2.545517,0.039358,0.000000,-85.941700,1.824502,66.666820,347.631600,277.747100,0.817079,104.047200,98.172010,0.300000,1000.000000,0.900730,2468,2740,50.000000,off,Node1,0.940880775,0,-0.338737965,1,1
1765268555581,2025-12-09 16:22:35.581,704.505200,26.154660,23,1,2,0.001739,0.006359,-0.047542,0.187332,0.062241,0.980316,-85.894040,1.820593,66.662050,-0.910423,0.273358,0.310471,-100,6.05595779,71.472435,15.4937382,Building,Surface,2.605591,2.131271,0.633594,0.000000,-85.941640,1.824549,66.666770,347.624000,277.652000,0.771123,104.047200,98.172010,0.300000,1000.000000,0.900730,2468,2740,50.000000,off,,1,0,0,1,1
1765268555592,2025-12-09 16:22:35.592,704.516300,26.165710,23,1,2,0.028953,0.004620,-0.043931,0.189377,0.029663,0.981445,-85.894190,1.820011,66.689550,-0.918799,0.241901,0.311884,-99.9999924,5.53378105,71.4777298,15.3522787,Building,Surface,2.646011,2.733688,10.263230,0.000000,-85.941570,1.824548,66.666670,347.615400,277.519200,0.755059,104.047200,98.172010,0.300000,1000.000000,0.900730,2468,2740,50.000000,off,,1,0,0,1,1
1765268555604,2025-12-09 16:22:35.604,704.527600,26.177000,23,1,2,0.028953,0.004620,-0.043931,0.189377,0.029663,0.981445,-85.894200,1.820056,66.689560,-0.919465,0.241999,0.309836,-99.9999924,5.53263521,71.4428406,15.3411312,Building,Surface,2.646011,2.733688,10.263230,0.000000,-85.941530,1.824595,66.666570,347.610400,277.391900,0.759620,104.047200,98.172010,0.300000,1000.000000,0.900730,2468,2740,50.000000,off,,1,0,0,1,1
1765268555615,2025-12-09 16:22:35.615,704.538500,26.187930,23,1,2,0.008635,0.005448,-0.046456,-0.035126,-0.091949,0.995132,-85.894170,1.820132,66.669090,-0.988062,0.123482,0.091997,-99.9999924,3.58299232,67.98246,14.2760897,Building,Surface,2.922714,2.514313,0.161324,0.000000,-85.941440,1.824677,66.666500,347.597400,277.277100,0.762490,104.047200,98.172010,0.300000,1000.000000,0.900730,2468,2740,50.000000,off,,1,0,0,1,1
1765268555626,2025-12-09 16:22:35.626,704.549700,26.199100,23,1,2,0.001739,0.006359,-0.047542,0.187332,0.062241,0.980316,-85.893800,1.820709,66.662090,-0.912963,0.274099,0.302252,-99.9999847,6.05581379,71.3321838,15.4509077,Building,Surface,2.605591,2.131271,40.551940,0.000000,-85.941440,1.824701,66.666390,347.580500,277.137700,0.778355,104.047200,98.172010,0.300000,1000.000000,0.900730,2468,2740,50.000000,off,,1,0,0,1,1
1765268555637,2025-12-09 16:22:35.637,704.560700,26.210080,23,1,2,0.028953,0.004620,-0.043931,0.189377,0.029663,0.981445,-85.894280,1.820117,66.689520,-0.921332,0.242957,0.303476,-100,5.53982115,71.3357849,15.3099642,Building,Surface,2.646011,2.733688,2.518871,0.000000,-85.941450,1.824675,66.666210,347.560000,276.999200,0.797130,104.047200,98.172010,0.300000,1000.000000,0.900730,2468,2740,50.000000,off,,1,0,0,1,1
1765268555648,2025-12-09 16:22:35.648,704.572000,26.221370,23,1,2,0.028953,0.004620,-0.043931,0.189377,0.029663,0.981445,-85.894320,1.820102,66.689510,-0.922212,0.242739,0.300967,-99.9999847,5.5329113,71.2929382,15.2953119,Building,Surface,2.646011,2.733688,2.518871,0.000000,-85.941430,1.824635,66.666080,347.577900,276.843600,0.821593,104.047200,98.172010,0.300000,1000.000000,0.900730,2468,2740,50.000000,off,,1,0,0,1,1
1765268555659,2025-12-09 16:22:35.659,704.583000,26.232420,23,1,2,0.013196,0.005098,-0.045604,-0.020569,-0.105484,0.994202,-85.894510,1.819973,66.673630,-0.989188,0.110034,0.096889,-99.9999924,3.38902044,68.0552368,14.259572,Building,Surface,2.949982,2.555649,10.324750,0.000000,-85.941400,1.824592,66.665920,347.608600,276.690900,0.838478,104.047200,98.172010,0.300000,1000.000000,0.900730,2468,2740,50.000000,off,,1,0,0,1,1
1765268555670,2025-12-09 16:22:35.670,704.594100,26.243470,23,1,2,0.029550,0.004124,-0.043455,-0.041992,-0.112976,0.992706,-85.894880,1.819659,66.690120,-0.992110,0.101686,0.073290,-99.9999924,3.26535821,67.7321014,14.2172394,Building,Surface,2.883530,2.567612,2.534313,0.000000,-85.941380,1.824511,66.665780,347.631500,276.547400,0.849403,104.047200,98.172010,0.300000,1000.000000,0.900730,2468,2740,50.000000,off,,1,0,0,1,1
1765268555682,2025-12-09 16:22:35.682,704.605200,26.254580,23,1,2,0.029550,0.004124,-0.043455,-0.041992,-0.112976,0.992706,-85.894920,1.819654,66.690120,-0.992375,0.101000,0.070598,-99.9999924,3.25521421,67.6935577,14.2134008,Building,Surface,2.883530,2.567612,2.534313,0.000000,-85.941360,1.824476,66.665650,347.671100,276.391500,0.848924,104.047200,98.172010,0.300000,1000.000000,0.900730,2468,2740,50.000000,off,,1,0,0,1,1
1765268555693,2025-12-09 16:22:35.693,704.616300,26.265690,23,1,2,-0.022417,0.007532,-0.050694,0.001938,-0.061829,0.998077,-85.893070,1.820716,66.637500,-0.982154,0.152017,0.110674,-99.9999924,4.00417471,68.2271347,14.3631392,Building,Surface,2.831360,2.591599,2.534313,0.000000,-85.941370,1.824462,66.665470,347.713200,276.265000,0.829440,104.047200,98.172010,0.300000,1000.000000,0.900730,2468,2740,50.000000,off,,1,0,0,1,1
1765268555704,2025-12-09 16:22:35.704,704.627400,26.276790,23,1,2,0.015208,0.005025,-0.045072,-0.034073,-0.096695,0.994721,-85.894870,1.819968,66.675570,-0.990481,0.116107,0.073804,-99.9999924,3.47341132,67.7265854,14.2405434,Building,Surface,2.812988,2.465927,164.200000,0.000000,-85.941390,1.824410,66.665350,347.749600,276.147800,0.814469,104.047200,98.172010,0.300000,1000.000000,0.900730,2468,2740,50.000000,off,,1,0,0,1,1
1765268555715,2025-12-09 16:22:35.715,704.638400,26.287840,23,1,2,0.008115,0.005509,-0.045800,-0.014542,-0.095932,0.995270,-85.894840,1.820189,66.668390,-0.988970,0.116633,0.091163,-99.9999924,3.48366332,67.9685974,14.2622957,Building,Surface,2.791428,2.527802,2.550121,0.000000,-85.941380,1.824385,66.665220,347.784900,276.028400,0.798759,104.047200,98.172010,0.300000,1000.000000,0.900730,2468,2740,50.000000,off,,1,0,0,1,1
1765268555726,2025-12-09 16:22:35.726,704.649600,26.299010,23,1,2,0.008115,0.005509,-0.045800,-0.014542,-0.095932,0.995270,-85.894900,1.820166,66.668410,-0.989231,0.115961,0.089179,-99.9999847,3.47361183,67.9399796,14.2584877,Building,Surface,2.791428,2.527802,2.550121,0.000000,-85.941440,1.824331,66.665150,347.823800,275.913500,0.792227,104.047200,98.172010,0.300000,1000.000000,0.900730,2468,2740,50.000000,off,,1,0,0,1,1
1765268555737,2025-12-09 16:22:35.737,704.660800,26.310180,23,1,2,0.008005,0.005485,-0.045649,-0.014206,-0.095078,0.995361,-85.895080,1.820149,66.668280,-0.989358,0.116163,0.087537,-99.9999847,3.4762404,67.9162598,14.2565298,Building,Surface,2.874100,2.655975,2.550121,0.000000,-85.941450,1.824279,66.665020,347.861800,275.801000,0.780863,104.047200,98.172010,0.300000,1000.000000,0.900730,2468,2740,50.000000,off,,1,0,0,1,1
1765268555748,2025-12-09 16:22:35.748,704.671800,26.321230,23,1,2,0.015208,0.005025,-0.045072,-0.034073,-0.096695,0.994721,-85.895030,1.819879,66.675530,-0.991328,0.113619,0.065874,-99.9999847,3.43649101,67.6128082,14.2282104,Building,Surface,2.812988,2.465927,2.550060,0.000000,-85.941480,1.824220,66.664940,347.894800,275.692600,0.763547,104.047200,98.172010,0.300000,1000.000000,0.900730,2468,2740,50.000000,off,,1,0,0,1,1
1765268555758,2025-12-09 16:22:35.758,704.682900,26.332340,23,1,2,0.015208,0.005025,-0.045072,-0.034073,-0.096695,0.994721,-85.895070,1.819874,66.675490,-0.991529,0.112804,0.064225,-100,3.42455864,67.589119,14.225276,Building,Surface,2.812988,2.465927,2.550060,0.000000,-85.941500,1.824184,66.664830,347.942700,275.599400,0.736142,104.047200,98.172010,0.300000,1000.000000,0.900730,2468,2740,50.000000,off,,1,0,0,1,1
1765268555770,2025-12-09 16:22:35.770,704.694000,26.343440,23,1,2,0.008115,0.005509,-0.045800,-0.014542,-0.095932,0.995270,-85.894990,1.820078,66.668330,-0.990161,0.113217,0.082100,-99.9999924,3.4328723,67.8378601,14.244998,Building,Surface,2.791428,2.527802,660.799700,0.000000,-85.941510,1.824127,66.664730,347.983100,275.510200,0.706614,104.047200,98.172010,0.300000,1000.000000,0.900730,2468,2740,50.000000,off,,1,0,0,1,1
1765268555781,2025-12-09 16:22:35.781,704.705100,26.354490,23,1,2,0.010104,0.005331,-0.045232,-0.033051,-0.104218,0.994003,-85.895420,1.820036,66.670320,-0.992656,0.103680,0.062294,-99.9999847,3.29321814,67.5554504,14.2088976,Building,Surface,2.774857,2.590576,41.050960,0.000000,-85.941540,1.824080,66.664610,348.038900,275.425100,0.667244,104.047200,98.172010,0.300000,1000.000000,0.900730,2468,2740,50.000000,off,,1,0,0,1,1
1765268555792,2025-12-09 16:22:35.792,704.716200,26.365600,23,1,2,0.010122,0.005365,-0.045238,-0.005096,-0.106583,0.994278,-85.895430,1.819968,66.670250,-0.990930,0.100697,0.088843,-100,3.25325608,67.9348145,14.2334833,Building,Surface,2.857651,2.565674,0.160348,0.000000,-85.941570,1.823941,66.664470,348.099300,275.350300,0.620569,104.047200,98.172010,0.300000,1000.000000,0.900730,2468,2740,50.000000,off,,1,0,0,1,1
1765268555803,2025-12-09 16:22:35.803,704.727500,26.376890,23,1,2,0.010122,0.005365,-0.045238,-0.005096,-0.106583,0.994278,-85.895480,1.819916,66.670250,-0.991254,0.099000,0.087121,-100,3.22858262,67.9098892,14.2287874,Building,Surface,2.857651,2.565674,0.160348,0.000000,-85.941610,1.823817,66.664380,348.197100,275.253400,0.586757,104.047200,98.172010,0.300000,1000.000000,0.900730,2468,2740,50.000000,off,,1,0,0,1,1
1765268555814,2025-12-09 16:22:35.814,704.738700,26.388120,23,1,2,0.003174,0.005857,-0.046286,-0.006851,-0.092148,0.995712,-85.895000,1.820038,66.663190,-0.990212,0.111883,0.083330,-100,3.41374636,67.8501816,14.2442894,Building,Surface,2.850891,2.544556,0.040333,0.000000,-85.941610,1.823671,66.664260,348.285100,275.154200,0.550594,104.047200,98.172010,0.300000,1000.000000,0.900730,2468,2740,50.000000,off,,1,0,0,1,1
1765268555825,2025-12-09 16:22:35.825,704.749500,26.398930,23,1,2,0.031534,0.003433,-0.042182,-0.158951,-0.316574,0.935150,-85.897030,1.818612,66.691820,-0.989927,-0.123318,-0.069478,-99.9999924,0.0617680699,65.7020035,14.2463913,Building,Surface,2.830215,2.660431,0.039845,0.000000,-85.941700,1.823470,66.664140,348.395700,275.043500,0.490515,104.047200,98.172010,0.300000,1000.000000,0.900730,2468,2740,50.000000,off,,1,0,0,1,1
1765268555837,2025-12-09 16:22:35.837,704.760900,26.410280,23,1,2,0.010122,0.005365,-0.045238,-0.005096,-0.106583,0.994278,-85.895720,1.819582,66.670070,-0.992289,0.093464,0.081245,-99.9999924,3.14806747,67.8248749,14.213686,Building,Surface,2.857651,2.565674,0.160367,0.000000,-85.941840,1.823256,66.663930,348.516400,274.927900,0.430465,104.047200,98.172010,0.300000,1000.000000,0.900730,2468,2740,50.000000,off,,1,0,0,1,1
1765268555848,2025-12-09 16:22:35.848,704.771900,26.421330,23,1,2,0.010122,0.005365,-0.045238,-0.005096,-0.106583,0.994278,-85.895850,1.819472,66.670000,-0.992777,0.090746,0.078321,-99.9999924,3.10867929,67.7826843,14.2065792,Building,Surface,2.857651,2.565674,0.160367,0.000000,-85.941960,1.823031,66.663720,348.673100,274.763500,0.378284,104.047200,98.172010,0.300000,1000.000000,0.900730,2468,2740,50.000000,off,,1,0,0,1,1
1765268555859,2025-12-09 16:22:35.859,704.783100,26.432560,23,1,2,0.003174,0.005857,-0.046286,-0.006851,-0.092148,0.995712,-85.895420,1.819578,66.662860,-0.992020,0.102485,0.073304,-99.9999847,3.27671361,67.7050934,14.2178955,Building,Surface,2.850891,2.544556,0.040087,0.000000,-85.942070,1.822782,66.663450,348.828100,274.591100,0.319930,104.047200,98.172010,0.300000,1000.000000,0.900730,2468,2740,50.000000,off,,1,0,0,1,1
1765268555870,2025-12-09 16:22:35.870,704.794000,26.443420,23,1,2,0.031545,0.003480,-0.042325,-0.131424,-0.318832,0.938644,-85.897800,1.817942,66.691280,-0.989402,-0.134536,-0.054436,-99.2672653,-4.24701066E-14,65.9556961,13.5125408,Building,Surface,2.966537,2.674820,0.002506,0.000000,-85.942330,1.822468,66.663080,349.007800,274.395700,0.236336,104.047200,98.172010,0.300000,1000.000000,0.900730,2468,2740,50.000000,off,,0,1,6.43918682E-16,1,1
1765268555881,2025-12-09 16:22:35.881,704.805100,26.454530,23,1,2,0.031545,0.003480,-0.042325,-0.131424,-0.318832,0.938644,-85.898060,1.817706,66.691090,-0.988737,-0.137553,-0.058805,-98.9638138,-4.24432624E-14,65.9140091,13.2144499,Building,Surface,2.966537,2.674820,0.002506,0.000000,-85.942480,1.822134,66.662700,349.193000,274.167200,0.166230,104.047200,98.172010,0.300000,1000.000000,0.900730,2468,2740,50.000000,off,,0,1,6.43918682E-16,1,1
1765268555892,2025-12-09 16:22:35.892,704.816300,26.465760,23,1,2,0.025480,0.003864,-0.043105,-0.141464,-0.342499,0.928803,-85.897990,1.817667,66.684740,-0.983424,-0.165808,-0.073326,-96.6787491,-4.24219443E-14,65.8809052,10.9624348,Building,Surface,2.815903,2.709976,0.000156,0.000000,-85.942730,1.821763,66.662290,349.385600,273.946700,0.104604,104.047200,98.172010,0.300000,1000.000000,0.900730,2468,2740,50.000000,off,,0,1,6.43918682E-16,1,1
1765268555903,2025-12-09 16:22:35.903,704.827500,26.476870,23,1,2,-0.019481,0.006903,-0.049487,-0.081680,-0.287979,0.954132,-85.894390,1.819211,66.639240,-0.993652,-0.111018,-0.017414,-99.9999924,0.243230656,66.3920288,14.1955252,Building,Surface,2.872009,2.660767,0.000156,0.000000,-85.942960,1.821363,66.661910,349.598900,273.704400,0.020772,104.047200,98.172010,0.300000,1000.000000,0.900730,2468,2740,50.000000,off,,1,0,0,1,1
1765268555915,2025-12-09 16:22:35.915,704.838700,26.488100,23,1,2,-0.009173,0.006272,-0.048237,-0.093674,-0.290482,0.952271,-85.895210,1.818642,66.649440,-0.992505,-0.117225,-0.034145,-99.9999924,0.15272212,66.1641922,14.2111082,Building,Surface,2.816605,2.647705,0.009839,0.000000,-85.943150,1.820997,66.661520,349.804400,273.461900,359.932600,104.047200,98.172010,0.300000,1000.000000,0.900730,2468,2740,50.000000,off,,1,0,0,1,1
1765268555926,2025-12-09 16:22:35.926,704.849600,26.499020,23,1,2,-0.009173,0.006272,-0.048237,-0.093674,-0.290482,0.952271,-85.895400,1.818431,66.649250,-0.991882,-0.120916,-0.039028,-99.9999924,0.0990026593,66.0942688,14.2198439,Building,Surface,2.816605,2.647705,0.009839,0.000000,-85.943410,1.820587,66.661100,350.024800,273.201800,359.863200,104.047200,98.172010,0.300000,1000.000000,0.900730,2468,2740,50.000000,off,,1,0,0,1,1
1765268555937,2025-12-09 16:22:35.937,704.860800,26.510190,23,1,2,0.014404,0.004821,-0.045273,-0.088898,-0.303680,0.948608,-85.897540,1.817214,66.672710,-0.989640,-0.137964,-0.039514,-98.9327393,-4.25966669E-14,66.1522446,13.1715393,Building,Surface,2.807434,2.518448,0.000153,0.000000,-85.943650,1.820200,66.660630,350.229800,272.930500,359.781100,104.047200,98.172010,0.300000,1000.000000,0.900730,2468,2740,50.000000,off,,0,1,6.43918682E-16,1,1
1765268555948,2025-12-09 16:22:35.948,704.871800,26.521240,23,1,2,-0.019481,0.006903,-0.049487,-0.081680,-0.287979,0.954132,-85.894890,1.818494,66.638440,-0.991502,-0.124553,-0.037166,-99.9999924,0.0466025323,66.1097183,14.2257881,Building,Surface,2.872009,2.660767,0.000619,0.000000,-85.943900,1.819834,66.660180,350.408500,272.661700,359.703500,104.047200,98.172010,0.300000,1000.000000,0.900730,2468,2740,50.000000,off,,1,0,0,1,1
1765268555959,2025-12-09 16:22:35.959,704.882900,26.532350,23,1,2,-0.019481,0.006903,-0.049487,-0.081680,-0.287979,0.954132,-85.895100,1.818320,66.638170,-0.990926,-0.127594,-0.041917,-99.9999924,0.00214086473,66.0415192,14.2338457,Building,Surface,2.872009,2.660767,0.000619,0.000000,-85.944210,1.819474,66.659680,350.591200,272.410700,359.625600,104.047200,98.172010,0.300000,1000.000000,0.900730,2468,2740,50.000000,off,,1,0,0,1,1
1765268555970,2025-12-09 16:22:35.970,704.894000,26.543460,23,1,2,-0.009173,0.006272,-0.048237,-0.093674,-0.290482,0.952271,-85.896200,1.817701,66.648320,-0.989340,-0.133057,-0.058966,-99.411644,-4.23974007E-14,65.8427887,13.6608992,Building,Surface,2.816605,2.647705,0.009900,0.000000,-85.944460,1.819183,66.659260,350.759900,272.147200,359.542100,104.047200,98.172010,0.300000,1000.000000,0.900730,2468,2740,50.000000,off,,0,1,6.43918682E-16,1,1
1765268555981,2025-12-09 16:22:35.981,704.905200,26.554570,23,1,2,0.018268,0.004468,-0.044414,-0.081116,-0.306763,0.948319,-85.899580,1.816095,66.675640,-0.986934,-0.152756,-0.051177,-97.6331024,-4.25419045E-14,66.0671997,11.8888159,Building,Surface,2.890961,2.551498,0.009900,0.000000,-85.944700,1.818849,66.658820,350.934700,271.905300,359.467600,104.047200,98.172010,0.300000,1000.000000,0.900730,2468,2740,50.000000,off,,0,1,6.43918682E-16,1,1
1765268555993,2025-12-09 16:22:35.993,704.916300,26.565670,23,1,2,0.023097,0.004127,-0.043650,-0.079239,-0.316895,0.945129,-85.900530,1.815662,66.680260,-0.984590,-0.166241,-0.054017,-96.6540833,-4.2556775E-14,66.0902939,10.9217091,Building,Surface,2.918640,2.565201,0.000156,0.000000,-85.944910,1.818571,66.658400,351.113700,271.665500,359.389600,104.047200,98.172010,0.300000,1000.000000,0.900730,2468,2740,50.000000,off,,0,1,6.43918682E-16,1,1
1765268556004,2025-12-09 16:22:36.004,704.927400,26.576840,23,1,2,0.023097,0.004127,-0.043650,-0.079239,-0.316895,0.945129,-85.900880,1.815489,66.680020,-0.983923,-0.168617,-0.058604,-96.4947205,-4.25302087E-14,66.0490341,10.7667818,Building,Surface,2.918640,2.565201,0.000156,0.000000,-85.945170,1.818321,66.657970,351.259500,271.426800,359.303400,104.047200,98.172010,0.300000,1000.000000,0.900730,2468,2740,50.000000,off,,0,1,6.43918682E-16,1,1
1765268556015,2025-12-09 16:22:36.015,704.938500,26.587950,23,1,2,0.015463,0.004647,-0.044654,-0.064163,-0.284592,0.956482,-85.900310,1.815770,66.672120,-0.989411,-0.137126,-0.047209,-99.001709,-4.25288941E-14,66.0469971,13.241395,Building,Surface,2.977203,2.470337,0.002490,0.000000,-85.945440,1.818075,66.657540,351.379200,271.204000,359.228900,104.047200,98.172010,0.300000,1000.000000,0.900730,2468,2740,50.000000,off,,0,1,6.43918682E-16,1,1
1765268556026,2025-12-09 16:22:36.026,704.949800,26.599240,23,1,2,-0.011033,0.006378,-0.048073,-0.047638,-0.243820,0.968643,-85.897360,1.817241,66.645380,-0.994709,-0.096832,-0.034145,-100,0.444390476,66.1612778,14.1775627,Building,Surface,2.980530,2.509659,0.000154,0.000000,-85.945680,1.817900,66.657150,351.475900,270.983600,359.158300,104.047200,98.172010,0.300000,1000.000000,0.900730,2468,2740,50.000000,off,,1,0,0,1,1
1765268556037,2025-12-09 16:22:36.037,704.960700,26.610110,23,1,2,-0.011033,0.006378,-0.048073,-0.047638,-0.243820,0.968643,-85.897550,1.817120,66.645150,-0.994450,-0.098050,-0.037986,-100,0.426658392,66.1064606,14.1810579,Building,Surface,2.980530,2.509659,0.000154,0.000000,-85.945920,1.817706,66.656740,351.549000,270.775900,359.103200,104.047200,98.172010,0.300000,1000.000000,0.900730,2468,2740,50.000000,off,,1,0,0,1,1
1765268556048,2025-12-09 16:22:36.048,704.971800,26.621220,23,1,2,-0.031225,0.008113,-0.051210,-0.033737,-0.163757,0.985916,-85.894470,1.818640,66.624770,-0.999497,-0.017501,-0.026159,-99.9999924,1.5716548,66.2556,14.1125145,Building,Surface,2.799240,2.421738,0.040087,0.000000,-85.946080,1.817589,66.656390,351.605200,270.587000,359.067400,104.047200,98.172010,0.300000,1000.000000,0.900730,2468,2740,50.000000,off,,1,0,0,1,1
1765268556059,2025-12-09 16:22:36.059,704.982900,26.632320,23,1,2,0.015463,0.004647,-0.044654,-0.064163,-0.284592,0.956482,-85.901450,1.815374,66.671320,-0.987944,-0.141755,-0.061970,-98.5534744,-4.24198843E-14,65.8777008,12.8062172,Building,Surface,2.977203,2.470337,0.040088,0.000000,-85.946370,1.817512,66.656100,351.661600,270.407000,359.026900,104.047200,98.172010,0.300000,1000.000000,0.900730,2468,2740,50.000000,off,,0,1,6.43918682E-16,1,1
1765268556070,2025-12-09 16:22:36.070,704.994000,26.643430,23,1,2,-0.011033,0.006378,-0.048073,-0.047638,-0.243820,0.968643,-85.898170,1.816976,66.644680,-0.993752,-0.100829,-0.047725,-99.9999924,0.386164248,65.9674377,14.1903925,Building,Surface,2.980530,2.509659,0.002445,0.000000,-85.946650,1.817406,66.655800,351.713900,270.237000,359.011800,104.047200,98.172010,0.300000,1000.000000,0.900730,2468,2740,50.000000,off,,1,0,0,1,1
1765268556082,2025-12-09 16:22:36.082,705.005100,26.654540,23,1,2,-0.011033,0.006378,-0.048073,-0.047638,-0.243820,0.968643,-85.898380,1.816896,66.644520,-0.993527,-0.101693,-0.050495,-99.9999924,0.37351805,65.9278259,14.1933975,Building,Surface,2.980530,2.509659,0.002445,0.000000,-85.946880,1.817279,66.655510,351.764900,270.082900,358.989100,104.047200,98.172010,0.300000,1000.000000,0.900730,2468,2740,50.000000,off,,1,0,0,1,1
1765268556093,2025-12-09 16:22:36.093,705.016200,26.665590,23,1,2,-0.031213,0.008124,-0.051189,-0.035812,-0.143250,0.989029,-85.895130,1.818500,66.624280,-0.999197,-0.000669,-0.039829,-99.9999924,1.80905747,66.0620499,14.1160707,Building,Surface,2.895142,2.552155,0.002475,0.000000,-85.947080,1.817177,66.655270,351.834700,269.916400,358.974500,104.047200,98.172010,0.300000,1000.000000,0.900730,2468,2740,50.000000,off,,1,0,0,1,1
1765268556104,2025-12-09 16:22:36.104,705.027300,26.676760,23,1,2,-0.027325,0.007836,-0.050402,-0.034729,-0.142822,0.989136,-85.896170,1.818203,66.628010,-0.999152,-0.001338,-0.041070,-99.9999847,1.79931521,66.0482788,14.1157427,Building,Surface,2.867249,2.593399,0.002475,0.000000,-85.947350,1.817063,66.655000,351.897400,269.783900,358.965500,104.047200,98.172010,0.300000,1000.000000,0.900730,2468,2740,50.000000,off,,1,0,0,1,1
1765268556115,2025-12-09 16:22:36.115,705.038500,26.687870,23,1,2,-0.027325,0.007836,-0.050402,-0.034729,-0.142822,0.989136,-85.896390,1.818125,66.627900,-0.999042,-0.002610,-0.043620,-99.9999847,1.78127933,66.0121078,14.1170835,Building,Surface,2.867249,2.593399,0.002475,0.000000,-85.947630,1.816917,66.654750,351.970600,269.638400,358.960500,104.047200,98.172010,0.300000,1000.000000,0.900730,2468,2740,50.000000,off,,1,0,0,1,1
1765268556125,2025-12-09 16:22:36.125,705.049600,26.699040,23,1,2,0.007184,0.005639,-0.045803,-0.058670,-0.159775,0.985397,-85.901820,1.815890,66.662190,-0.997320,-0.020542,-0.070060,-100,1.52550817,65.6718216,14.1359005,Building,Surface,2.859009,2.625549,0.000156,0.000000,-85.947880,1.816787,66.654520,352.031900,269.513700,358.948200,104.047200,98.172010,0.300000,1000.000000,0.900730,2468,2740,50.000000,off,,1,0,0,1,1
1765268556136,2025-12-09 16:22:36.136,705.060700,26.710140,23,1,2,0.024380,0.004478,-0.043342,-0.067856,-0.177185,0.981827,-85.904860,1.814680,66.679190,-0.995860,-0.039621,-0.081702,-99.9999924,1.25389552,65.5228043,14.1536016,Building,Surface,2.891190,2.610825,0.002429,0.000000,-85.948090,1.816638,66.654270,352.120100,269.393400,358.929600,104.047200,98.172010,0.300000,1000.000000,0.900730,2468,2740,50.000000,off,,1,0,0,1,1
1765268556147,2025-12-09 16:22:36.147,705.071700,26.721130,23,1,2,0.006023,0.005724,-0.045904,-0.029160,-0.153137,0.987763,-85.902090,1.815827,66.660730,-0.998860,-0.017105,-0.044306,-99.9999847,1.57440829,66.0353928,14.1138268,Building,Surface,2.857300,2.535080,0.160348,0.000000,-85.948260,1.816499,66.654030,352.201000,269.298200,358.910000,104.047200,98.172010,0.300000,1000.000000,0.900730,2468,2740,50.000000,off,,1,0,0,1,1
1765268556159,2025-12-09 16:22:36.159,705.082900,26.732360,23,1,2,0.006023,0.005724,-0.045904,-0.029160,-0.153137,0.987763,-85.902270,1.815700,66.660650,-0.998759,-0.018155,-0.046128,-99.9999924,1.55943799,66.0095444,14.1150808,Building,Surface,2.857300,2.535080,0.160348,0.000000,-85.948420,1.816325,66.653880,352.261700,269.196100,358.894100,104.047200,98.172010,0.300000,1000.000000,0.900730,2468,2740,50.000000,off,,1,0,0,1,1
1765268556170,2025-12-09 16:22:36.170,705.093900,26.743350,23,1,2,0.007184,0.005639,-0.045803,-0.058670,-0.159775,0.985397,-85.902580,1.815535,66.661740,-0.996661,-0.025596,-0.077396,-99.9999924,1.45348716,65.5670013,14.1444893,Building,Surface,2.859009,2.625549,0.158410,0.000000,-85.948590,1.816204,66.653720,352.326600,269.103500,358.876000,104.047200,98.172010,0.300000,1000.000000,0.900730,2468,2740,50.000000,off,,1,0,0,1,1
1765268556181,2025-12-09 16:22:36.181,705.105100,26.754520,23,1,2,0.024380,0.004478,-0.043342,-0.067856,-0.177185,0.981827,-85.905650,1.814274,66.678780,-0.995131,-0.044192,-0.088000,-99.9999847,1.18836844,65.4324036,14.1631832,Building,Surface,2.891190,2.610825,0.159371,0.000000,-85.948720,1.816062,66.653590,352.388600,269.045000,358.849200,104.047200,98.172010,0.300000,1000.000000,0.900730,2468,2740,50.000000,off,,1,0,0,1,1
1765268556192,2025-12-09 16:22:36.192,705.116200,26.765630,23,1,2,0.006111,0.005712,-0.045854,-0.023895,-0.148087,0.988678,-85.902790,1.815490,66.660530,-0.998855,-0.016335,-0.044809,-100,1.58494735,66.0281219,14.113266,Building,Surface,2.862946,2.646301,0.000619,0.000000,-85.948870,1.815979,66.653480,352.446900,268.972500,358.839200,104.047200,98.172010,0.300000,1000.000000,0.900730,2468,2740,50.000000,off,,1,0,0,1,1
1765268556204,2025-12-09 16:22:36.204,705.128100,26.777470,23,1,2,0.006111,0.005712,-0.045854,-0.023895,-0.148087,0.988678,-85.902950,1.815382,66.660500,-0.998787,-0.017171,-0.045992,-99.9999924,1.57302809,66.0113602,14.1140642,Building,Surface,2.862946,2.646301,0.000619,0.000000,-85.949010,1.815833,66.653400,352.495300,268.907300,358.821400,104.047200,98.172010,0.300000,1000.000000,0.900730,2468,2740,50.000000,off,,1,0,0,1,1
1765268556214,2025-12-09 16:22:36.214,705.138400,26.787780,23,1,2,0.000273,0.006096,-0.046606,-0.017731,-0.147888,0.988831,-85.902230,1.815670,66.654590,-0.998984,-0.017998,-0.040972,-99.9999924,1.56168056,66.0763855,14.1118994,Building,Surface,2.859741,2.612076,0.000039,0.000000,-85.949210,1.815677,66.653240,352.548200,268.843500,358.809200,104.047200,98.172010,0.300000,1000.000000,0.900730,2468,2740,50.000000,off,,1,0,0,1,1
1765268556225,2025-12-09 16:22:36.225,705.149500,26.798950,23,1,2,0.001806,0.005997,-0.046377,-0.015259,-0.139114,0.990158,-85.902650,1.815494,66.656070,-0.999174,-0.010077,-0.039346,-99.9999924,1.67331743,66.1009369,14.1089849,Building,Surface,2.936203,2.647354,0.000038,0.000000,-85.949360,1.815559,66.653140,352.599700,268.785600,358.803300,104.047200,98.172010,0.300000,1000.000000,0.900730,2468,2740,50.000000,off,,1,0,0,1,1
1765268556237,2025-12-09 16:22:36.237,705.160700,26.810120,23,1,2,0.001806,0.005997,-0.046377,-0.015259,-0.139114,0.990158,-85.902710,1.815443,66.656060,-0.999136,-0.010824,-0.040121,-99.9999924,1.66272235,66.0899734,14.1094694,Building,Surface,2.936203,2.647354,0.000038,0.000000,-85.949420,1.815474,66.653100,352.642800,268.743200,358.788900,104.047200,98.172010,0.300000,1000.000000,0.900730,2468,2740,50.000000,off,,1,0,0,1,1
1765268556248,2025-12-09 16:22:36.248,705.171800,26.821230,23,1,2,0.028360,0.004130,-0.043089,-0.077408,-0.283585,0.955811,-85.907010,1.813413,66.682450,-0.981732,-0.158115,-0.105777,-97.1664505,-4.21569043E-14,65.4692993,11.468874,Building,Surface,2.783432,2.607788,0.002475,0.000000,-85.949530,1.815389,66.653030,352.698000,268.694900,358.788100,104.047200,98.172010,0.300000,1000.000000,0.900730,2468,2740,50.000000,off,,0,1,6.43918682E-16,1,1
1765268556259,2025-12-09 16:22:36.259,705.182900,26.832280,23,1,2,0.000273,0.006096,-0.046606,-0.017731,-0.147888,0.988831,-85.902660,1.815424,66.654510,-0.998772,-0.021333,-0.044397,-99.9999924,1.51431608,66.0278625,14.1144676,Building,Surface,2.859741,2.612076,0.009899,0.000000,-85.949640,1.815274,66.653010,352.739900,268.650800,358.782800,104.047200,98.172010,0.300000,1000.000000,0.900730,2468,2740,50.000000,off,,1,0,0,1,1
1765268556270,2025-12-09 16:22:36.270,705.193900,26.843320,23,1,2,0.001806,0.005997,-0.046377,-0.015259,-0.139114,0.990158,-85.903020,1.815283,66.656020,-0.999019,-0.013189,-0.042253,-100,1.62917495,66.0597992,14.1108007,Building,Surface,2.936203,2.647354,0.009839,0.000000,-85.949710,1.815203,66.652960,352.778500,268.622200,358.778800,104.047200,98.172010,0.300000,1000.000000,0.900730,2468,2740,50.000000,off,,1,0,0,1,1
1765268556281,2025-12-09 16:22:36.281,705.205000,26.854430,23,1,2,0.001806,0.005997,-0.046377,-0.015259,-0.139114,0.990158,-85.903100,1.815258,66.656000,-0.998990,-0.014034,-0.042675,-99.9999924,1.61722147,66.0538025,14.1111403,Building,Surface,2.936203,2.647354,0.009839,0.000000,-85.949800,1.815138,66.652920,352.826900,268.597800,358.780500,104.047200,98.172010,0.300000,1000.000000,0.900730,2468,2740,50.000000,off,,1,0,0,1,1
1765268556292,2025-12-09 16:22:36.292,705.216200,26.865660,23,1,2,0.028656,0.004146,-0.043217,-0.072617,-0.254501,0.964325,-85.907300,1.813163,66.682700,-0.985997,-0.130979,-0.103060,-99.5566177,-4.20195732E-14,65.2560272,13.8429289,Building,Surface,2.838715,2.607742,0.040333,0.000000,-85.949870,1.815041,66.652880,352.856000,268.551900,358.759500,104.047200,98.172010,0.300000,1000.000000,0.900730,2468,2740,50.000000,off,,0,1,6.43918682E-16,1,1
1765268556303,2025-12-09 16:22:36.303,705.227200,26.876650,23,1,2,0.028101,0.004222,-0.043406,-0.060150,-0.248856,0.966660,-85.907180,1.813193,66.682110,-0.987905,-0.125691,-0.090681,-99.9999847,0.020167172,65.3885193,14.265192,Building,Surface,2.951401,2.609680,0.641406,0.000000,-85.949970,1.815002,66.652820,352.877000,268.548800,358.734500,104.047200,98.172010,0.300000,1000.000000,0.900730,2468,2740,50.000000,off,,1,0,0,1,1
1765268556314,2025-12-09 16:22:36.314,705.238300,26.887760,23,1,2,0.028101,0.004222,-0.043406,-0.060150,-0.248856,0.966660,-85.907290,1.813217,66.682100,-0.987824,-0.126271,-0.090765,-99.9999847,0.0117831975,65.387207,14.2662611,Building,Surface,2.951401,2.609680,0.641406,0.000000,-85.950080,1.815010,66.652820,352.911800,268.548600,358.715200,104.047200,98.172010,0.300000,1000.000000,0.900730,2468,2740,50.000000,off,,1,0,0,1,1
1765268556326,2025-12-09 16:22:36.326,705.249600,26.898990,23,1,2,0.023455,0.004537,-0.044054,-0.062973,-0.233170,0.970383,-85.906550,1.813542,66.677480,-0.989485,-0.110244,-0.093495,-99.9999924,0.243314907,65.3458176,14.2430363,Building,Surface,2.952530,2.618774,0.641406,0.000000,-85.950140,1.815004,66.652820,352.916700,268.541200,358.693300,104.047200,98.172010,0.300000,1000.000000,0.900730,2468,2740,50.000000,off,,1,0,0,1,1
1765268556337,2025-12-09 16:22:36.337,705.260500,26.909910,23,1,2,0.006694,0.005620,-0.046216,-0.048691,-0.224213,0.973312,-85.903820,1.814763,66.660840,-0.991680,-0.101541,-0.078988,-99.9999924,0.371414363,65.5380707,14.2142906,Building,Surface,2.910156,2.596802,0.010144,0.000000,-85.950170,1.815029,66.652840,352.930000,268.547900,358.682900,104.047200,98.172010,0.300000,1000.000000,0.900730,2468,2740,50.000000,off,,1,0,0,1,1
1765268556348,2025-12-09 16:22:36.348,705.271700,26.921140,23,1,2,0.007333,0.005589,-0.046137,-0.042984,-0.222626,0.973953,-85.903920,1.814745,66.661490,-0.992305,-0.099814,-0.073236,-99.9999847,0.396850199,65.6211472,14.2053471,Building,Surface,2.909653,2.620667,0.040087,0.000000,-85.950160,1.815057,66.652860,352.918700,268.551400,358.673200,104.047200,98.172010,0.300000,1000.000000,0.900730,2468,2740,50.000000,off,,1,0,0,1,1
1765268556359,2025-12-09 16:22:36.359,705.282700,26.932130,23,1,2,0.007333,0.005589,-0.046137,-0.042984,-0.222626,0.973953,-85.903920,1.814736,66.661510,-0.992340,-0.099567,-0.073090,-99.9999924,0.400399894,65.6232758,14.2048378,Building,Surface,2.909653,2.620667,0.040087,0.000000,-85.950170,1.815059,66.652890,352.904100,268.558400,358.679800,104.047200,98.172010,0.300000,1000.000000,0.900730,2468,2740,50.000000,off,,1,0,0,1,1
1765268556370,2025-12-09 16:22:36.370,705.293900,26.943300,23,1,2,0.003275,0.005865,-0.046575,-0.035797,-0.220932,0.974625,-85.903370,1.815023,66.657480,-0.993030,-0.097766,-0.065725,-99.9999924,0.427180767,65.724472,14.195466,Building,Surface,2.909622,2.632996,41.301930,0.000000,-85.950210,1.815042,66.652890,352.892200,268.565800,358.686900,104.047200,98.172010,0.300000,1000.000000,0.900730,2468,2740,50.000000,off,,1,0,0,1,1
1765268556381,2025-12-09 16:22:36.381,705.304900,26.954350,23,1,2,0.006694,0.005620,-0.046216,-0.048691,-0.224213,0.973312,-85.903860,1.814718,66.660890,-0.991820,-0.100634,-0.078393,-99.9999924,0.384469032,65.5467377,14.2122421,Building,Surface,2.910156,2.596802,0.629718,0.000000,-85.950220,1.815024,66.652920,352.876600,268.577800,358.703300,104.047200,98.172010,0.300000,1000.000000,0.900730,2468,2740,50.000000,off,,1,0,0,1,1
1765268556392,2025-12-09 16:22:36.392,705.316000,26.965450,23,1,2,0.006694,0.005620,-0.046216,-0.048691,-0.224213,0.973312,-85.903850,1.814748,66.660930,-0.991843,-0.100536,-0.078231,-99.9999924,0.385923266,65.5491028,14.2119303,Building,Surface,2.910156,2.596802,0.629718,0.000000,-85.950200,1.815058,66.652950,352.870200,268.584300,358.716100,104.047200,98.172010,0.300000,1000.000000,0.900730,2468,2740,50.000000,off,,1,0,0,1,1
1765268556404,2025-12-09 16:22:36.404,705.327200,26.976620,23,1,2,0.007333,0.005589,-0.046137,-0.042984,-0.222626,0.973953,-85.903960,1.814705,66.661620,-0.992460,-0.098845,-0.072441,-99.9999924,0.410797358,65.6327362,14.2030859,Building,Surface,2.909653,2.620667,0.010023,0.000000,-85.950220,1.815057,66.653020,352.860400,268.586400,358.722800,104.047200,98.172010,0.300000,1000.000000,0.900730,2468,2740,50.000000,off,,1,0,0,1,1
1765268556415,2025-12-09 16:22:36.415,705.338400,26.987790,23,1,2,0.002528,0.005912,-0.046664,-0.037918,-0.219452,0.974869,-85.903270,1.814997,66.656810,-0.993189,-0.095326,-0.066747,-99.9999924,0.461996675,65.7094421,14.1931601,Building,Surface,2.911682,2.602005,2.534130,0.000000,-85.950220,1.815005,66.653020,352.838600,268.616600,358.736300,104.047200,98.172010,0.300000,1000.000000,0.900730,2468,2740,50.000000,off,,1,0,0,1,1
1765268556426,2025-12-09 16:22:36.426,705.349400,26.998840,23,1,2,0.011977,0.005298,-0.045044,-0.014847,-0.197998,0.980087,-85.905170,1.814412,66.666240,-0.996331,-0.073851,-0.043184,-99.9999847,0.769661307,66.0553207,14.1466904,Building,Surface,2.876572,2.600662,0.633593,0.000000,-85.950190,1.815036,66.653060,352.835800,268.621600,358.737900,104.047200,98.172010,0.300000,1000.000000,0.900730,2468,2740,50.000000,off,,1,0,0,1,1
1765268556437,2025-12-09 16:22:36.437,705.360600,27.010010,23,1,2,0.011977,0.005298,-0.045044,-0.014847,-0.197998,0.980087,-85.905200,1.814384,66.666250,-0.996364,-0.073620,-0.042818,-100,0.772938728,66.0605392,14.1461926,Building,Surface,2.876572,2.600662,0.633593,0.000000,-85.950230,1.815017,66.653090,352.822400,268.640700,358.748000,104.047200,98.172010,0.300000,1000.000000,0.900730,2468,2740,50.000000,off,,1,0,0,1,1
1765268556448,2025-12-09 16:22:36.448,705.371800,27.021180,23,1,2,-0.002981,0.006456,-0.047033,0.028275,-0.139969,0.989746,-85.902550,1.815697,66.651440,-0.999868,-0.015739,0.001958,-99.9999924,1.59378803,66.6790466,14.0992155,Building,Surface,2.943451,2.512558,2.596935,0.000000,-85.950080,1.815108,66.653180,352.819700,268.667000,358.751600,104.047200,98.172010,0.300000,1000.000000,0.900730,2468,2740,50.000000,off,,1,0,0,1,1
1765268556459,2025-12-09 16:22:36.459,705.382800,27.032170,23,1,2,-0.024821,0.008178,-0.050617,0.053696,-0.078964,0.995422,-85.898130,1.817437,66.629780,-0.998544,0.045245,0.029115,-99.9999924,2.45640707,67.0409546,14.1223145,Building,Surface,2.890045,2.578644,2.565684,0.000000,-85.950000,1.815136,66.653230,352.802300,268.687600,358.762700,104.047200,98.172010,0.300000,1000.000000,0.900730,2468,2740,50.000000,off,,1,0,0,1,1
1765268556470,2025-12-09 16:22:36.470,705.393900,27.043330,23,1,2,-0.024821,0.008178,-0.050617,0.053696,-0.078964,0.995422,-85.898010,1.817537,66.629860,-0.998508,0.045774,0.029515,-99.9999924,2.46400571,67.0466995,14.1229458,Building,Surface,2.890045,2.578644,2.565684,0.000000,-85.949860,1.815260,66.653340,352.771500,268.711200,358.754500,104.047200,98.172010,0.300000,1000.000000,0.900730,2468,2740,50.000000,off,,1,0,0,1,1
1765268556482,2025-12-09 16:22:36.482,705.405000,27.054380,23,1,2,-0.010504,0.007058,-0.048122,0.048203,-0.092514,0.994537,-85.900880,1.816455,66.644150,-0.999169,0.032761,0.023999,-99.9999924,2.27874017,66.9827957,14.110754,Building,Surface,2.830734,2.625595,40.548990,0.000000,-85.949750,1.815303,66.653410,352.747200,268.728100,358.749000,104.047200,98.172010,0.300000,1000.000000,0.900730,2468,2740,50.000000,off,,1,0,0,1,1
1765268556493,2025-12-09 16:22:36.493,705.416100,27.065550,23,1,2,-0.002981,0.006456,-0.047033,0.028275,-0.139969,0.989746,-85.902110,1.815914,66.651670,-0.999891,-0.013904,0.003430,-99.9999924,1.61987531,66.7000351,14.0993319,Building,Surface,2.943451,2.512558,163.196000,0.000000,-85.949650,1.815412,66.653480,352.714400,268.752300,358.744700,104.047200,98.172010,0.300000,1000.000000,0.900730,2468,2740,50.000000,off,,1,0,0,1,1
1765268556503,2025-12-09 16:22:36.503,705.427100,27.076540,23,1,2,-0.024821,0.008178,-0.050617,0.053696,-0.078964,0.995422,-85.897730,1.817707,66.629990,-0.998409,0.047250,0.030512,-99.9999924,2.48510051,67.0609665,14.1246233,Building,Surface,2.890045,2.578644,2.518687,0.000000,-85.949560,1.815499,66.653520,352.685900,268.769600,358.738100,104.047200,98.172010,0.300000,1000.000000,0.900730,2468,2740,50.000000,off,,1,0,0,1,1
1765268556514,2025-12-09 16:22:36.514,705.438400,27.087830,23,1,2,-0.024821,0.008178,-0.050617,0.053696,-0.078964,0.995422,-85.897610,1.817764,66.630080,-0.998370,0.047939,0.030716,-100,2.4949224,67.0639572,14.1252909,Building,Surface,2.890045,2.578644,2.518687,0.000000,-85.949440,1.815588,66.653620,352.645800,268.782200,358.726600,104.047200,98.172010,0.300000,1000.000000,0.900730,2468,2740,50.000000,off,,1,0,0,1,1
1765268556525,2025-12-09 16:22:36.525,705.449300,27.098750,23,1,2,-0.015906,0.007407,-0.048831,0.051788,-0.085983,0.994934,-85.899670,1.817085,66.638970,-0.998700,0.041566,0.028982,-99.9999924,2.40394163,67.0481567,14.1184578,Building,Surface,2.824554,2.613052,162.199900,0.000000,-85.949410,1.815670,66.653670,352.610800,268.801600,358.725200,104.047200,98.172010,0.300000,1000.000000,0.900730,2468,2740,50.000000,off,,1,0,0,1,1
1765268556536,2025-12-09 16:22:36.536,705.460500,27.109920,23,1,2,-0.018548,0.007564,-0.049132,0.052780,-0.082504,0.995178,-85.899200,1.817317,66.636380,-0.998489,0.045509,0.030338,-99.9999847,2.46000004,67.0648193,14.1219301,Building,Surface,2.833786,2.644608,162.199900,0.000000,-85.949320,1.815754,66.653730,352.583500,268.817000,358.735200,104.047200,98.172010,0.300000,1000.000000,0.900730,2468,2740,50.000000,off,,1,0,0,1,1
1765268556547,2025-12-09 16:22:36.547,705.471600,27.120970,23,1,2,-0.018548,0.007564,-0.049132,0.052780,-0.082504,0.995178,-85.899140,1.817340,66.636390,-0.998447,0.046169,0.030725,-99.9999847,2.46937442,67.0703125,14.1225863,Building,Surface,2.833786,2.644608,162.199900,0.000000,-85.949260,1.815812,66.653760,352.546000,268.838600,358.741700,104.047200,98.172010,0.300000,1000.000000,0.900730,2468,2740,50.000000,off,,1,0,0,1,1
1765268556559,2025-12-09 16:22:36.559,705.482800,27.132260,23,1,2,-0.008843,0.006917,-0.047806,0.045929,-0.091034,0.994782,-85.900730,1.816685,66.646100,-0.998962,0.038514,0.024053,-99.9999924,2.36026764,66.9855804,14.1138239,Building,Surface,2.824631,2.663193,164.199900,0.000000,-85.949220,1.815871,66.653830,352.505400,268.860600,358.738000,104.047200,98.172010,0.300000,1000.000000,0.900730,2468,2740,50.000000,off,,1,0,0,1,1
1765268556570,2025-12-09 16:22:36.570,705.493800,27.143250,23,1,2,-0.006439,0.006741,-0.047446,0.045486,-0.091141,0.994797,-85.901150,1.816490,66.648610,-0.998960,0.038913,0.023690,-99.9999924,2.36568952,66.9829636,14.113492,Building,Surface,2.836258,2.659943,2.550121,0.000000,-85.949200,1.815880,66.653950,352.477100,268.865500,358.736000,104.047200,98.172010,0.300000,1000.000000,0.900730,2468,2740,50.000000,off,,1,0,0,1,1
1765268556581,2025-12-09 16:22:36.581,705.505100,27.154480,23,1,2,-0.018548,0.007564,-0.049132,0.052780,-0.082504,0.995178,-85.899060,1.817382,66.636560,-0.998342,0.047625,0.031890,-99.9999847,2.49005389,67.0869827,14.1241493,Building,Surface,2.833786,2.644608,10.199260,0.000000,-85.949150,1.815922,66.653980,352.461500,268.906800,358.725100,104.047200,98.172010,0.300000,1000.000000,0.900730,2468,2740,50.000000,off,,1,0,0,1,1
1765268556592,2025-12-09 16:22:36.592,705.516000,27.165410,23,1,2,-0.018548,0.007564,-0.049132,0.052780,-0.082504,0.995178,-85.898970,1.817403,66.636670,-0.998314,0.047966,0.032266,-99.9999847,2.49491477,67.0924301,14.1246414,Building,Surface,2.833786,2.644608,10.199260,0.000000,-85.949070,1.815959,66.654110,352.441700,268.928600,358.722000,104.047200,98.172010,0.300000,1000.000000,0.900730,2468,2740,50.000000,off,,1,0,0,1,1
1765268556603,2025-12-09 16:22:36.603,705.527200,27.176570,23,1,2,-0.008843,0.006917,-0.047806,0.045929,-0.091034,0.994782,-85.900530,1.816739,66.646370,-0.998873,0.039878,0.025497,-99.9999924,2.3796308,67.0062714,14.1152859,Building,Surface,2.824631,2.663193,2.518810,0.000000,-85.949010,1.815989,66.654170,352.426300,268.945100,358.718700,104.047200,98.172010,0.300000,1000.000000,0.900730,2468,2740,50.000000,off,,1,0,0,1,1
1765268556615,2025-12-09 16:22:36.615,705.538200,27.187620,23,1,2,-0.003687,0.006555,-0.047070,0.043777,-0.092011,0.994782,-85.901400,1.816439,66.651580,-0.998938,0.039226,0.023612,-100,2.37005782,66.9848328,14.1133938,Building,Surface,2.837234,2.660400,161.200000,0.000000,-85.948990,1.816078,66.654260,352.411300,268.960800,358.728300,104.047200,98.172010,0.300000,1000.000000,0.900730,2468,2740,50.000000,off,,1,0,0,1,1
1765268556626,2025-12-09 16:22:36.626,705.549300,27.198730,23,1,2,-0.004564,0.006612,-0.047178,0.045670,-0.093628,0.994553,-85.901200,1.816552,66.650760,-0.998946,0.037904,0.025645,-99.9999924,2.35151649,67.0127029,14.1135817,Building,Surface,2.859467,2.662643,164.199900,0.000000,-85.948920,1.816147,66.654330,352.390900,268.971400,358.724600,104.047200,98.172010,0.300000,1000.000000,0.900730,2468,2740,50.000000,off,,1,0,0,1,1
1765268556636,2025-12-09 16:22:36.636,705.560400,27.209780,23,1,2,-0.004564,0.006612,-0.047178,0.045670,-0.093628,0.994553,-85.901200,1.816552,66.650830,-0.998925,0.038393,0.025718,-99.9999924,2.35842967,67.0138168,14.1138716,Building,Surface,2.859467,2.662643,164.199900,0.000000,-85.948920,1.816169,66.654400,352.362700,268.975800,358.721200,104.047200,98.172010,0.300000,1000.000000,0.900730,2468,2740,50.000000,off,,1,0,0,1,1
1765268556647,2025-12-09 16:22:36.647,705.571700,27.221070,23,1,2,-0.004829,0.006618,-0.047186,0.041672,-0.092697,0.994812,-85.901200,1.816574,66.650580,-0.998952,0.039939,0.021920,-99.9999924,2.38025665,66.9599533,14.1134491,Building,Surface,2.865234,2.669479,163.196000,0.000000,-85.948940,1.816205,66.654420,352.333900,268.986300,358.719300,104.047200,98.172010,0.300000,1000.000000,0.900730,2468,2740,50.000000,off,,1,0,0,1,1
1765268556658,2025-12-09 16:22:36.658,705.582600,27.231990,23,1,2,-0.001287,0.006374,-0.046706,0.038422,-0.092850,0.994934,-85.901770,1.816326,66.654110,-0.999015,0.040100,0.018790,-99.9999924,2.38222194,66.919281,14.1120644,Building,Surface,2.871063,2.663589,41.050960,0.000000,-85.948930,1.816223,66.654430,352.320400,268.995000,358.702200,104.047200,98.172010,0.300000,1000.000000,0.900730,2468,2740,50.000000,off,,1,0,0,1,1
1765268556669,2025-12-09 16:22:36.669,705.593800,27.243230,23,1,2,-0.001287,0.006374,-0.046706,0.038422,-0.092850,0.994934,-85.901710,1.816305,66.654150,-0.999016,0.040080,0.018753,-99.9999924,2.38192034,66.9187927,14.1121054,Building,Surface,2.871063,2.663589,41.050960,0.000000,-85.948870,1.816201,66.654460,352.320900,268.994800,358.682300,104.047200,98.172010,0.300000,1000.000000,0.900730,2468,2740,50.000000,off,,1,0,0,1,1
1765268556681,2025-12-09 16:22:36.681,705.604800,27.254210,23,1,2,-0.001363,0.006373,-0.046703,0.037674,-0.092194,0.995026,-85.901710,1.816275,66.654090,-0.999007,0.040683,0.018057,-100,2.39040422,66.9089203,14.1122694,Building,Surface,2.875793,2.661606,2.518749,0.000000,-85.948870,1.816167,66.654480,352.325000,268.997500,358.675400,104.047200,98.172010,0.300000,1000.000000,0.900730,2468,2740,50.000000,off,,1,0,0,1,1
1765268556692,2025-12-09 16:22:36.692,705.615900,27.265320,23,1,2,-0.003545,0.006500,-0.046911,0.034287,-0.090836,0.995270,-85.901480,1.816371,66.651950,-0.999009,0.041899,0.014647,-99.9999924,2.40767121,66.8586502,14.1124182,Building,Surface,2.667953,2.624893,165.196000,0.000000,-85.948900,1.816103,66.654510,352.338300,268.995500,358.663000,104.047200,98.172010,0.300000,1000.000000,0.900730,2468,2740,50.000000,off,,1,0,0,1,1
1765268556703,2025-12-09 16:22:36.703,705.627200,27.276610,23,1,2,-0.001287,0.006374,-0.046706,0.038422,-0.092850,0.994934,-85.901730,1.816172,66.654200,-0.999041,0.039440,0.018757,-100,2.37274098,66.9188919,14.111722,Building,Surface,2.871063,2.663589,660.846500,0.000000,-85.948880,1.816038,66.654510,352.357300,268.995800,358.673300,104.047200,98.172010,0.300000,1000.000000,0.900730,2468,2740,50.000000,off,,1,0,0,1,1
1765268556714,2025-12-09 16:22:36.714,705.638200,27.287660,23,1,2,-0.001287,0.006374,-0.046706,0.038422,-0.092850,0.994934,-85.901740,1.816137,66.654210,-0.999054,0.039199,0.018603,-100,2.36929774,66.9167328,14.1115408,Building,Surface,2.871063,2.663589,660.846500,0.000000,-85.948900,1.815992,66.654510,352.371000,268.987400,358.669900,104.047200,98.172010,0.300000,1000.000000,0.900730,2468,2740,50.000000,off,,1,0,0,1,1
1765268556725,2025-12-09 16:22:36.725,705.649400,27.298770,23,1,2,-0.001363,0.006373,-0.046703,0.037674,-0.092194,0.995026,-85.901820,1.816147,66.654160,-0.999071,0.039282,0.017603,-99.9999924,2.37046647,66.9025574,14.1112537,Building,Surface,2.875793,2.661606,41.300950,0.000000,-85.948970,1.815973,66.654530,352.405100,268.972300,358.667000,104.047200,98.172010,0.300000,1000.000000,0.900730,2468,2740,50.000000,off,,1,0,0,1,1
1765268556736,2025-12-09 16:22:36.736,705.660400,27.309810,23,1,2,-0.003255,0.006449,-0.046764,0.037659,-0.099380,0.994324,-85.901680,1.816212,66.652280,-0.999325,0.032053,0.017242,-99.9999924,2.26841092,66.8955307,14.1076593,Building,Surface,2.772568,2.643677,0.653140,0.000000,-85.948940,1.815926,66.654530,352.405800,268.962700,358.663100,104.047200,98.172010,0.300000,1000.000000,0.900730,2468,2740,50.000000,off,,1,0,0,1,1
1765268556747,2025-12-09 16:22:36.747,705.671500,27.320920,23,1,2,-0.003255,0.006449,-0.046764,0.037659,-0.099380,0.994324,-85.901670,1.816237,66.652320,-0.999341,0.031754,0.016848,-99.9999847,2.26420951,66.890007,14.1074362,Building,Surface,2.772568,2.643677,0.653140,0.000000,-85.948940,1.815937,66.654550,352.422900,268.940400,358.660800,104.047200,98.172010,0.300000,1000.000000,0.900730,2468,2740,50.000000,off,,1,0,0,1,1
1765268556759,2025-12-09 16:22:36.759,705.682700,27.332090,23,1,2,-0.001891,0.006351,-0.046576,0.043808,-0.097443,0.994263,-85.901890,1.816119,66.653690,-0.999161,0.033629,0.022782,-99.9999847,2.29062247,66.9751434,14.109745,Building,Surface,2.773407,2.645004,0.653140,0.000000,-85.948920,1.815929,66.654550,352.416100,268.927000,358.643200,104.047200,98.172010,0.300000,1000.000000,0.900730,2468,2740,50.000000,off,,1,0,0,1,1
1765268556770,2025-12-09 16:22:36.770,705.693700,27.343140,23,1,2,-0.018345,0.007438,-0.048787,0.053970,-0.088089,0.994644,-85.899220,1.817291,66.637300,-0.998542,0.042633,0.032964,-99.9999924,2.41932702,67.1027985,14.1212893,Building,Surface,2.772079,2.644501,0.637545,0.000000,-85.948950,1.815925,66.654530,352.420500,268.914700,358.643700,104.047200,98.172010,0.300000,1000.000000,0.900730,2468,2740,50.000000,off,,1,0,0,1,1
1765268556781,2025-12-09 16:22:36.781,705.704900,27.354310,23,1,2,-0.010947,0.006976,-0.047916,0.050247,-0.086121,0.995010,-85.900270,1.816833,66.644710,-0.998561,0.044931,0.029045,-100,2.45126152,67.0548248,14.1199455,Building,Surface,2.760117,2.630585,10.138230,0.000000,-85.948920,1.815991,66.654560,352.407700,268.902200,358.628400,104.047200,98.172010,0.300000,1000.000000,0.900730,2468,2740,50.000000,off,,1,0,0,1,1
1765268556792,2025-12-09 16:22:36.792,705.715900,27.365300,23,1,2,-0.010947,0.006976,-0.047916,0.050247,-0.086121,0.995010,-85.900270,1.816853,66.644720,-0.998568,0.044998,0.028715,-99.9999847,2.45222211,67.0501709,14.119854,Building,Surface,2.760117,2.630585,10.138230,0.000000,-85.948920,1.816013,66.654560,352.403600,268.883800,358.622600,104.047200,98.172010,0.300000,1000.000000,0.900730,2468,2740,50.000000,off,,1,0,0,1,1
1765268556803,2025-12-09 16:22:36.803,705.727000,27.376400,23,1,2,-0.012905,0.007104,-0.048170,0.052505,-0.083893,0.995087,-85.899890,1.817019,66.642770,-0.998412,0.046975,0.030981,-99.9999924,2.48042488,67.0802994,14.1224823,Building,Surface,2.765167,2.627365,10.138230,0.000000,-85.948850,1.816030,66.654550,352.414200,268.881100,358.621600,104.047200,98.172010,0.300000,1000.000000,0.900730,2468,2740,50.000000,off,,1,0,0,1,1
1765268556815,2025-12-09 16:22:36.815,705.738200,27.387570,23,1,2,-0.018345,0.007438,-0.048787,0.053970,-0.088089,0.994644,-85.899080,1.817386,66.637350,-0.998578,0.042638,0.031832,-99.9999924,2.41947556,67.086853,14.1209164,Building,Surface,2.772079,2.644501,10.325240,0.000000,-85.948830,1.816017,66.654520,352.419700,268.850900,358.631500,104.047200,98.172010,0.300000,1000.000000,0.900730,2468,2740,50.000000,off,,1,0,0,1,1
1765268556826,2025-12-09 16:22:36.826,705.749300,27.398680,23,1,2,-0.018345,0.007438,-0.048787,0.053970,-0.088089,0.994644,-85.899010,1.817393,66.637340,-0.998592,0.042483,0.031614,-100,2.41728902,67.0837555,14.1207962,Building,Surface,2.772079,2.644501,10.325240,0.000000,-85.948770,1.816015,66.654500,352.428400,268.838600,358.629200,104.047200,98.172010,0.300000,1000.000000,0.900730,2468,2740,50.000000,off,,1,0,0,1,1
1765268556837,2025-12-09 16:22:36.837,705.760400,27.409850,23,1,2,-0.010947,0.006976,-0.047916,0.050247,-0.086121,0.995010,-85.900050,1.816875,66.644690,-0.998617,0.044531,0.027719,-99.9999924,2.4456296,67.0360718,14.119381,Building,Surface,2.760117,2.630585,648.815300,0.000000,-85.948720,1.816015,66.654480,352.431300,268.825000,358.641200,104.047200,98.172010,0.300000,1000.000000,0.900730,2468,2740,50.000000,off,,1,0,0,1,1
1765268556848,2025-12-09 16:22:36.848,705.771500,27.420960,23,1,2,-0.003322,0.006487,-0.046937,0.046936,-0.093231,0.994522,-85.901260,1.816335,66.652270,-0.998992,0.037419,0.024171,-99.9999847,2.34442663,66.9933929,14.1127434,Building,Surface,2.760101,2.621201,164.199900,0.000000,-85.948710,1.816007,66.654460,352.435600,268.822000,358.636600,104.047200,98.172010,0.300000,1000.000000,0.900730,2468,2740,50.000000,off,,1,0,0,1,1
1765268556859,2025-12-09 16:22:36.859,705.782600,27.432010,23,1,2,-0.005536,0.006632,-0.047240,0.048264,-0.090866,0.994690,-85.900790,1.816502,66.650140,-0.998871,0.040210,0.025196,-99.9999847,2.38407111,67.0057831,14.1151047,Building,Surface,2.754822,2.614929,10.325240,0.000000,-85.948620,1.816040,66.654520,352.409800,268.800400,358.646000,104.047200,98.172010,0.300000,1000.000000,0.900730,2468,2740,50.000000,off,,1,0,0,1,1
1765268556870,2025-12-09 16:22:36.870,705.793700,27.443120,23,1,2,-0.005536,0.006632,-0.047240,0.048264,-0.090866,0.994690,-85.900770,1.816534,66.650140,-0.998870,0.040403,0.024908,-99.9999847,2.38682842,67.0017242,14.1151304,Building,Surface,2.754822,2.614929,10.325240,0.000000,-85.948590,1.816081,66.654500,352.398500,268.784400,358.640200,104.047200,98.172010,0.300000,1000.000000,0.900730,2468,2740,50.000000,off,,1,0,0,1,1
1765268556880,2025-12-09 16:22:36.880,705.804900,27.454280,23,1,2,-0.007430,0.006780,-0.047515,0.048920,-0.094131,0.994354,-85.900410,1.816713,66.648260,-0.998974,0.037427,0.025373,-99.9999924,2.34496021,67.0063782,14.1140146,Building,Surface,2.724747,2.607712,0.157426,0.000000,-85.948570,1.816120,66.654500,352.380000,268.778200,358.638200,104.047200,98.172010,0.300000,1000.000000,0.900730,2468,2740,50.000000,off,,1,0,0,1,1
1765268556891,2025-12-09 16:22:36.891,705.815800,27.465210,23,1,2,-0.008190,0.006839,-0.047627,0.049240,-0.093719,0.994370,-85.900250,1.816797,66.647510,-0.998928,0.038324,0.025543,-100,2.3577354,67.0080414,14.1147165,Building,Surface,2.725235,2.606461,0.159364,0.000000,-85.948540,1.816165,66.654500,352.351200,268.770000,358.627300,104.047200,98.172010,0.300000,1000.000000,0.900730,2468,2740,50.000000,off,,1,0,0,1,1
1765268556903,2025-12-09 16:22:36.903,705.827000,27.476440,23,1,2,-0.008190,0.006839,-0.047627,0.049240,-0.093719,0.994370,-85.900160,1.816826,66.647530,-0.998922,0.038551,0.025464,-100,2.36097479,67.006958,14.1149054,Building,Surface,2.725235,2.606461,0.159364,0.000000,-85.948460,1.816204,66.654520,352.338000,268.765700,358.624100,104.047200,98.172010,0.300000,1000.000000,0.900730,2468,2740,50.000000,off,,1,0,0,1,1
1765268556914,2025-12-09 16:22:36.914,705.838100,27.487490,23,1,2,-0.010731,0.007013,-0.047989,0.045395,-0.087677,0.995102,-85.899670,1.816987,66.644990,-0.998736,0.044972,0.021893,-99.9999847,2.45190811,66.9540787,14.1179924,Building,Surface,2.699722,2.588409,2.581187,0.000000,-85.948410,1.816192,66.654510,352.323500,268.773800,358.614100,104.047200,98.172010,0.300000,1000.000000,0.900730,2468,2740,50.000000,off,,1,0,0,1,1
1765268556925,2025-12-09 16:22:36.925,705.849200,27.498600,23,1,2,-0.007430,0.006780,-0.047515,0.048920,-0.094131,0.994354,-85.900250,1.816728,66.648310,-0.998939,0.038610,0.024989,-99.9999847,2.36169744,67.0010223,14.1146746,Building,Surface,2.724747,2.607712,10.199750,0.000000,-85.948420,1.816190,66.654530,352.310800,268.758800,358.610000,104.047200,98.172010,0.300000,1000.000000,0.900730,2468,2740,50.000000,off,,1,0,0,1,1
1765268556936,2025-12-09 16:22:36.936,705.860200,27.509640,23,1,2,-0.008190,0.006839,-0.047627,0.049240,-0.093719,0.994370,-85.900090,1.816816,66.647600,-0.998917,0.038845,0.025208,-100,2.36512089,67.003418,14.1150408,Building,Surface,2.725235,2.606461,0.629718,0.000000,-85.948390,1.816207,66.654570,352.320400,268.752400,358.609500,104.047200,98.172010,0.300000,1000.000000,0.900730,2468,2740,50.000000,off,,1,0,0,1,1
1765268556947,2025-12-09 16:22:36.947,705.871400,27.520810,23,1,2,-0.008190,0.006839,-0.047627,0.049240,-0.093719,0.994370,-85.900020,1.816817,66.647610,-0.998916,0.038918,0.025132,-100,2.36615491,67.0023575,14.1151314,Building,Surface,2.725235,2.606461,0.629718,0.000000,-85.948330,1.816212,66.654580,352.316100,268.748300,358.606700,104.047200,98.172010,0.300000,1000.000000,0.900730,2468,2740,50.000000,off,,1,0,0,1,1
1765268556959,2025-12-09 16:22:36.959,705.883200,27.532590,23,1,2,-0.010626,0.007009,-0.047981,0.045288,-0.086578,0.995209,-85.899550,1.817001,66.645230,-0.998694,0.046328,0.021266,-99.9999847,2.47110152,66.945488,14.1187973,Building,Surface,2.688751,2.587326,0.645297,0.000000,-85.948290,1.816222,66.654610,352.308700,268.743000,358.606200,104.047200,98.172010,0.300000,1000.000000,0.900730,2468,2740,50.000000,off,,1,0,0,1,1
1765268556970,2025-12-09 16:22:36.970,705.893800,27.543210,23,1,2,-0.013517,0.007198,-0.048362,0.044144,-0.080902,0.995743,-85.898980,1.817204,66.642420,-0.998436,0.052182,0.020026,-99.9999847,2.55417538,66.9252472,14.1230907,Building,Surface,2.639954,2.576370,40.799980,0.000000,-85.948200,1.816227,66.654670,352.301300,268.729000,358.609300,104.047200,98.172010,0.300000,1000.000000,0.900730,2468,2740,50.000000,off,,1,0,0,1,1
1765268556981,2025-12-09 16:22:36.981,705.904800,27.554260,23,1,2,-0.014084,0.007244,-0.048460,0.042587,-0.079224,0.995941,-85.898830,1.817252,66.641860,-0.998371,0.053841,0.018567,-100,2.57771206,66.9041061,14.1240911,Building,Surface,2.660172,2.562943,40.799980,0.000000,-85.948170,1.816223,66.654680,352.304700,268.733200,358.596400,104.047200,98.172010,0.300000,1000.000000,0.900730,2468,2740,50.000000,off,,1,0,0,1,1
1765268556992,2025-12-09 16:22:36.992,705.915800,27.565250,23,1,2,-0.014084,0.007244,-0.048460,0.042587,-0.079224,0.995941,-85.898860,1.817222,66.641850,-0.998370,0.053823,0.018700,-99.9999924,2.5774262,66.9059753,14.1240807,Building,Surface,2.660172,2.562943,40.799980,0.000000,-85.948200,1.816191,66.654670,352.305600,268.741100,358.593600,104.047200,98.172010,0.300000,1000.000000,0.900730,2468,2740,50.000000,off,,1,0,0,1,1
1765268557003,2025-12-09 16:22:37.003,705.926900,27.576350,23,1,2,-0.016346,0.007400,-0.048772,0.045258,-0.072739,0.996323,-85.898440,1.817372,66.639610,-0.997949,0.060204,0.021705,-99.9999924,2.66808748,66.946312,14.1305208,Building,Surface,2.643784,2.516281,10.199750,0.000000,-85.948160,1.816168,66.654690,352.306500,268.752100,358.574200,104.047200,98.172010,0.300000,1000.000000,0.900730,2468,2740,50.000000,off,,1,0,0,1,1
1765268557014,2025-12-09 16:22:37.014,705.938100,27.587520,23,1,2,-0.013517,0.007198,-0.048362,0.044144,-0.080902,0.995743,-85.898970,1.817133,66.642420,-0.998423,0.052250,0.020490,-99.9999924,2.55507565,66.9318085,14.1232815,Building,Surface,2.639954,2.576370,10.263230,0.000000,-85.948180,1.816153,66.654690,352.296100,268.758200,358.577400,104.047200,98.172010,0.300000,1000.000000,0.900730,2468,2740,50.000000,off,,1,0,0,1,1
1765268557025,2025-12-09 16:22:37.025,705.949200,27.598570,23,1,2,-0.013517,0.007198,-0.048362,0.044144,-0.080902,0.995743,-85.899000,1.817138,66.642430,-0.998427,0.052132,0.020585,-99.9999924,2.55340886,66.9331589,14.1231918,Building,Surface,2.639954,2.576370,10.263230,0.000000,-85.948210,1.816152,66.654710,352.302700,268.764000,358.574200,104.047200,98.172010,0.300000,1000.000000,0.900730,2468,2740,50.000000,off,,1,0,0,1,1
1765268557036,2025-12-09 16:22:37.036,705.960400,27.609800,23,1,2,-0.014084,0.007244,-0.048460,0.042587,-0.079224,0.995941,-85.898860,1.817178,66.641910,-0.998348,0.054069,0.019153,-99.9999847,2.5808742,66.9124298,14.1243906,Building,Surface,2.660172,2.562943,10.262990,0.000000,-85.948200,1.816153,66.654750,352.290300,268.769500,358.563200,104.047200,98.172010,0.300000,1000.000000,0.900730,2468,2740,50.000000,off,,1,0,0,1,1
1765268557047,2025-12-09 16:22:37.047,705.971400,27.620850,23,1,2,-0.015671,0.007351,-0.048679,0.045288,-0.071304,0.996414,-85.898600,1.817312,66.640360,-0.997815,0.062012,0.022295,-99.9999924,2.69368243,66.9554367,14.1321125,Building,Surface,2.645828,2.516479,10.137740,0.000000,-85.948200,1.816176,66.654790,352.284600,268.782500,358.566400,104.047200,98.172010,0.300000,1000.000000,0.900730,2468,2740,50.000000,off,,1,0,0,1,1
1765268557059,2025-12-09 16:22:37.059,705.982700,27.632080,23,1,2,-0.021185,0.007719,-0.049427,0.052780,-0.066849,0.996353,-85.897670,1.817698,66.634880,-0.997333,0.066289,0.030101,-99.9999924,2.75502563,67.0605087,14.1398487,Building,Surface,2.665573,2.497131,0.645343,0.000000,-85.948200,1.816162,66.654810,352.280800,268.794300,358.557300,104.047200,98.172010,0.300000,1000.000000,0.900730,2468,2740,50.000000,off,,1,0,0,1,1
1765268557070,2025-12-09 16:22:37.070,705.993500,27.642940,23,1,2,-0.021185,0.007719,-0.049427,0.052780,-0.066849,0.996353,-85.897670,1.817696,66.634890,-0.997316,0.066454,0.030303,-99.9999924,2.75737286,67.063385,14.1400919,Building,Surface,2.665573,2.497131,0.645343,0.000000,-85.948180,1.816172,66.654820,352.272000,268.804900,358.571300,104.047200,98.172010,0.300000,1000.000000,0.900730,2468,2740,50.000000,off,,1,0,0,1,1
1765268557081,2025-12-09 16:22:37.081,706.004800,27.654170,23,1,2,-0.022397,0.007803,-0.049587,0.052628,-0.067139,0.996353,-85.897450,1.817802,66.633690,-0.997369,0.065822,0.030344,-99.9999924,2.74850702,67.0627441,14.1397285,Building,Surface,2.600754,2.496872,41.049980,0.000000,-85.948150,1.816172,66.654840,352.292500,268.816000,358.578600,104.047200,98.172010,0.300000,1000.000000,0.900730,2468,2740,50.000000,off,,1,0,0,1,1
1765268557092,2025-12-09 16:22:37.092,706.015900,27.665340,23,1,2,-0.023410,0.007877,-0.049743,0.054367,-0.067368,0.996231,-85.897260,1.817833,66.632670,-0.997316,0.065518,0.032223,-99.9999924,2.74430275,67.0883255,14.1404724,Building,Surface,2.594925,2.497543,0.637515,0.000000,-85.948160,1.816126,66.654840,352.293600,268.824200,358.580600,104.047200,98.172010,0.300000,1000.000000,0.900730,2468,2740,50.000000,off,,1,0,0,1,1
1765268557103,2025-12-09 16:22:37.103,706.026900,27.676270,23,1,2,-0.023410,0.007877,-0.049743,0.054367,-0.067368,0.996231,-85.897290,1.817825,66.632690,-0.997348,0.065103,0.032073,-99.9999924,2.73839521,67.0862122,14.1399889,Building,Surface,2.594925,2.497543,0.637515,0.000000,-85.948180,1.816101,66.654850,352.318000,268.814900,358.591100,104.047200,98.172010,0.300000,1000.000000,0.900730,2468,2740,50.000000,off,,1,0,0,1,1
1765268557115,2025-12-09 16:22:37.115,706.038100,27.687500,23,1,2,-0.012203,0.007138,-0.048260,0.046249,-0.075409,0.996079,-85.899130,1.816993,66.643820,-0.998081,0.057159,0.023779,-99.9999924,2.62453389,66.9797668,14.1279593,Building,Surface,2.539368,2.495300,164.196000,0.000000,-85.948190,1.816067,66.654840,352.326900,268.816900,358.591500,104.047200,98.172010,0.300000,1000.000000,0.900730,2468,2740,50.000000,off,,1,0,0,1,1
1765268557126,2025-12-09 16:22:37.126,706.049100,27.698550,23,1,2,-0.022397,0.007803,-0.049587,0.052628,-0.067139,0.996353,-85.897490,1.817692,66.633700,-0.997433,0.064878,0.030235,-99.9999924,2.73498964,67.0611877,14.1387653,Building,Surface,2.600754,2.496872,2.534435,0.000000,-85.948200,1.816021,66.654850,352.347700,268.808500,358.598100,104.047200,98.172010,0.300000,1000.000000,0.900730,2468,2740,50.000000,off,,1,0,0,1,1
1765268557137,2025-12-09 16:22:37.137,706.060300,27.709720,23,1,2,-0.023410,0.007877,-0.049743,0.054367,-0.067368,0.996231,-85.897310,1.817731,66.632690,-0.997408,0.064266,0.031917,-100,2.7264092,67.0839767,14.1391306,Building,Surface,2.594925,2.497543,41.301920,0.000000,-85.948200,1.815965,66.654850,352.366300,268.805700,358.594500,104.047200,98.172010,0.300000,1000.000000,0.900730,2468,2740,50.000000,off,,1,0,0,1,1
1765268557147,2025-12-09 16:22:37.147,706.071400,27.720830,23,1,2,-0.023410,0.007877,-0.049743,0.054367,-0.067368,0.996231,-85.897370,1.817734,66.632720,-0.997442,0.063906,0.031573,-99.9999924,2.7212882,67.0791245,14.138587,Building,Surface,2.594925,2.497543,41.301920,0.000000,-85.948270,1.815948,66.654850,352.386700,268.786400,358.588500,104.047200,98.172010,0.300000,1000.000000,0.900730,2468,2740,50.000000,off,,1,0,0,1,1
1765268557158,2025-12-09 16:22:37.158,706.082400,27.731810,23,1,2,-0.009645,0.006968,-0.047916,0.043762,-0.075684,0.996170,-85.899640,1.816743,66.646400,-0.998220,0.055876,0.020802,-99.9999924,2.60601878,66.940239,14.1254787,Building,Surface,2.539993,2.495758,41.052910,0.000000,-85.948270,1.815949,66.654850,352.388700,268.790200,358.580200,104.047200,98.172010,0.300000,1000.000000,0.900730,2468,2740,50.000000,off,,1,0,0,1,1
1765268557169,2025-12-09 16:22:37.169,706.093500,27.742920,23,1,2,-0.008201,0.006881,-0.047732,0.038849,-0.079071,0.996109,-85.899920,1.816632,66.647850,-0.998479,0.052777,0.015786,-100,2.5619266,66.8707733,14.1215181,Building,Surface,2.503342,2.490646,41.052910,0.000000,-85.948330,1.815939,66.654850,352.379600,268.791000,358.559800,104.047200,98.172010,0.300000,1000.000000,0.900730,2468,2740,50.000000,off,,1,0,0,1,1
1765268557180,2025-12-09 16:22:37.180,706.104700,27.754090,23,1,2,-0.008201,0.006881,-0.047732,0.038849,-0.079071,0.996109,-85.899960,1.816634,66.647860,-0.998486,0.052633,0.015841,-99.9999924,2.55988598,66.8715515,14.121376,Building,Surface,2.503342,2.490646,41.052910,0.000000,-85.948360,1.815933,66.654860,352.387100,268.796000,358.537100,104.047200,98.172010,0.300000,1000.000000,0.900730,2468,2740,50.000000,off,,1,0,0,1,1
1765268557191,2025-12-09 16:22:37.191,706.115700,27.765140,23,1,2,-0.002826,0.006538,-0.047045,0.036774,-0.082916,0.995865,-85.900860,1.816287,66.653180,-0.998712,0.048535,0.013879,-99.9999924,2.50146985,66.8491211,14.1171274,Building,Surface,2.510468,2.496918,0.039845,0.000000,-85.948400,1.815955,66.654850,352.404400,268.809300,358.526200,104.047200,98.172010,0.300000,1000.000000,0.900730,2468,2740,50.000000,off,,1,0,0,1,1
1765268557203,2025-12-09 16:22:37.203,706.127100,27.776490,23,1,2,-0.007049,0.006710,-0.047357,0.052322,-0.101273,0.993469,-85.900490,1.816494,66.648960,-0.999134,0.029387,0.029019,-99.9999924,2.2311945,67.0584641,14.1115437,Building,Surface,2.758270,2.455475,0.009962,0.000000,-85.948470,1.815912,66.654840,352.417800,268.815000,358.512600,104.047200,98.172010,0.300000,1000.000000,0.900730,2468,2740,50.000000,off,,1,0,0,1,1
1765268557214,2025-12-09 16:22:37.214,706.137900,27.787290,23,1,2,-0.031810,0.007799,-0.050287,0.072037,-0.230301,0.970444,-85.896850,1.817794,66.624290,-0.993716,-0.102174,0.045589,-99.9999924,0.367706835,67.2713089,14.1922512,Building,Surface,2.822327,2.338745,0.040337,0.000000,-85.948480,1.815879,66.654830,352.427600,268.818400,358.521800,104.047200,98.172010,0.300000,1000.000000,0.900730,2468,2740,50.000000,off,,1,0,0,1,1
1765268557225,2025-12-09 16:22:37.225,706.149000,27.798400,23,1,2,-0.031810,0.007799,-0.050287,0.072037,-0.230301,0.970444,-85.896890,1.817811,66.624340,-0.993673,-0.102566,0.045651,-99.9999924,0.362102985,67.2722549,14.1928301,Building,Surface,2.822327,2.338745,0.040337,0.000000,-85.948510,1.815886,66.654880,352.451700,268.816600,358.544600,104.047200,98.172010,0.300000,1000.000000,0.900730,2468,2740,50.000000,off,,1,0,0,1,1
1765268557237,2025-12-09 16:22:37.237,706.160300,27.809750,23,1,2,-0.002826,0.006538,-0.047045,0.036774,-0.082916,0.995865,-85.900960,1.816237,66.653210,-0.998759,0.047576,0.013821,-99.9999847,2.48784518,66.84832,14.1163635,Building,Surface,2.510468,2.496918,0.000039,0.000000,-85.948510,1.815860,66.654880,352.461100,268.801900,358.575400,104.047200,98.172010,0.300000,1000.000000,0.900730,2468,2740,50.000000,off,,1,0,0,1,1
1765268557248,2025-12-09 16:22:37.248,706.171300,27.820740,23,1,2,-0.007049,0.006710,-0.047357,0.052322,-0.101273,0.993469,-85.900530,1.816442,66.648970,-0.999148,0.028856,0.029077,-99.9999924,2.22364354,67.0592957,14.111311,Building,Surface,2.758270,2.455475,0.000623,0.000000,-85.948510,1.815842,66.654860,352.452600,268.809300,358.600700,104.047200,98.172010,0.300000,1000.000000,0.900730,2468,2740,50.000000,off,,1,0,0,1,1
1765268557259,2025-12-09 16:22:37.259,706.182300,27.831730,23,1,2,-0.007049,0.006710,-0.047357,0.052322,-0.101273,0.993469,-85.900500,1.816433,66.648990,-0.999157,0.028771,0.028862,-100,2.22243118,67.0562744,14.1112194,Building,Surface,2.758270,2.455475,0.000623,0.000000,-85.948480,1.815830,66.654870,352.458500,268.794900,358.620400,104.047200,98.172010,0.300000,1000.000000,0.900730,2468,2740,50.000000,off,,1,0,0,1,1
1765268557270,2025-12-09 16:22:37.270,706.193600,27.843020,23,1,2,-0.031831,0.007841,-0.050723,0.087067,-0.271179,0.958572,-85.896400,1.817688,66.624340,-0.987608,-0.145045,0.059765,-98.272995,-4.33829303E-14,67.3733063,12.5317621,Building,Surface,2.818390,2.361069,0.000010,0.000000,-85.948470,1.815813,66.654880,352.459400,268.796200,358.617900,104.047200,98.172010,0.300000,1000.000000,0.900730,2468,2740,50.000000,off,,0,1,6.43918682E-16,1,1
1765268557281,2025-12-09 16:22:37.281,706.204600,27.854000,23,1,2,-0.023576,0.007285,-0.050210,0.085693,-0.348984,0.933182,-85.897180,1.816983,66.632600,-0.972606,-0.225387,0.056562,-93.7379532,-4.31995883E-14,67.0885773,8.06145668,Building,Surface,2.750702,2.342590,0.000010,0.000000,-85.948470,1.815789,66.654910,352.454900,268.782900,358.611000,104.047200,98.172010,0.300000,1000.000000,0.900730,2468,2740,50.000000,off,,0,1,6.43918682E-16,1,1
1765268557292,2025-12-09 16:22:37.292,706.215600,27.864990,23,1,2,-0.000878,0.005661,-0.046941,0.072144,-0.399765,0.913757,-85.901200,1.815252,66.655140,-0.959530,-0.278423,0.041851,-92.1571045,-4.30961893E-14,66.9280014,6.51966095,Building,Surface,2.705368,2.302246,0.000002,0.000000,-85.948490,1.815762,66.654870,352.481600,268.784800,358.576600,104.047200,98.172010,0.300000,1000.000000,0.900730,2468,2740,50.000000,off,,0,1,6.43918682E-16,1,1
1765268557303,2025-12-09 16:22:37.303,706.226600,27.876040,23,1,2,-0.000878,0.005661,-0.046941,0.072144,-0.399765,0.913757,-85.901180,1.815277,66.655170,-0.959544,-0.278376,0.041855,-92.1583176,-4.30962537E-14,66.9281006,6.52085447,Building,Surface,2.705368,2.302246,0.000002,0.000000,-85.948470,1.815789,66.654910,352.478900,268.784900,358.577100,104.047200,98.172010,0.300000,1000.000000,0.900730,2468,2740,50.000000,off,,0,1,6.43918682E-16,1,1
1765268557314,2025-12-09 16:22:37.314,706.237700,27.887150,23,1,2,0.007860,0.005121,-0.045993,0.057892,-0.423813,0.903885,-85.902370,1.814666,66.663870,-0.952519,-0.303238,0.027036,-91.6025238,-4.30302902E-14,66.8256607,5.98422623,Building,Surface,2.641571,2.357590,0.000001,0.000000,-85.948430,1.815804,66.654910,352.483100,268.786500,358.557100,104.047200,98.172010,0.300000,1000.000000,0.900730,2468,2740,50.000000,off,,0,1,6.43918682E-16,1,1
1765268557325,2025-12-09 16:22:37.325,706.248900,27.898320,23,1,2,-0.020745,0.006998,-0.049653,0.067017,-0.363297,0.929245,-85.897770,1.816828,66.635410,-0.970081,-0.239863,0.037161,-93.2455978,-4.30890302E-14,66.9168777,7.57433558,Building,Surface,2.677567,2.338425,0.000001,0.000000,-85.948400,1.815882,66.654900,352.464200,268.782300,358.544600,104.047200,98.172010,0.300000,1000.000000,0.900730,2468,2740,50.000000,off,,0,1,6.43918682E-16,1,1
1765268557337,2025-12-09 16:22:37.337,706.260100,27.909480,23,1,2,-0.020745,0.006998,-0.049653,0.067017,-0.363297,0.929245,-85.897720,1.816853,66.635420,-0.970112,-0.239707,0.037357,-93.2506638,-4.30901178E-14,66.9185715,7.57936954,Building,Surface,2.677567,2.338425,0.000001,0.000000,-85.948360,1.815918,66.654920,352.455500,268.790800,358.553000,104.047200,98.172010,0.300000,1000.000000,0.900730,2468,2740,50.000000,off,,0,1,6.43918682E-16,1,1
1765268557348,2025-12-09 16:22:37.348,706.271100,27.920530,23,1,2,-0.016804,0.006703,-0.049046,0.070007,-0.366638,0.927719,-85.898400,1.816578,66.639340,-0.969140,-0.243184,0.040218,-93.1378479,-4.31037686E-14,66.9397736,7.46993017,Building,Surface,2.677841,2.329987,0.000001,0.000000,-85.948300,1.815960,66.654910,352.449200,268.785300,358.557300,104.047200,98.172010,0.300000,1000.000000,0.900730,2468,2740,50.000000,off,,0,1,6.43918682E-16,1,1
1765268557359,2025-12-09 16:22:37.359,706.282200,27.931640,23,1,2,0.007860,0.005121,-0.045993,0.057892,-0.423813,0.903885,-85.902200,1.814819,66.663890,-0.952808,-0.302329,0.027028,-91.6217041,-4.30305917E-14,66.8261261,6.00272465,Building,Surface,2.641571,2.357590,0.000000,0.000000,-85.948260,1.816001,66.654920,352.428400,268.785900,358.558200,104.047200,98.172010,0.300000,1000.000000,0.900730,2468,2740,50.000000,off,,0,1,6.43918682E-16,1,1
1765268557369,2025-12-09 16:22:37.369,706.293300,27.942690,23,1,2,-0.020745,0.006998,-0.049653,0.067017,-0.363297,0.929245,-85.897600,1.816957,66.635420,-0.970265,-0.239047,0.037596,-93.2724228,-4.30917983E-14,66.9211807,7.60072565,Building,Surface,2.677567,2.338425,0.000000,0.000000,-85.948230,1.816059,66.654930,352.417000,268.801200,358.563200,104.047200,98.172010,0.300000,1000.000000,0.900730,2468,2740,50.000000,off,,0,1,6.43918682E-16,1,1
1765268557380,2025-12-09 16:22:37.380,706.304400,27.953860,23,1,2,-0.020745,0.006998,-0.049653,0.067017,-0.363297,0.929245,-85.897600,1.816979,66.635440,-0.970301,-0.238915,0.037508,-93.2768707,-4.30914832E-14,66.9206924,7.60501719,Building,Surface,2.677567,2.338425,0.000000,0.000000,-85.948230,1.816086,66.654950,352.408800,268.798600,358.556800,104.047200,98.172010,0.300000,1000.000000,0.900730,2468,2740,50.000000,off,,0,1,6.43918682E-16,1,1
1765268557391,2025-12-09 16:22:37.391,706.315400,27.964840,23,1,2,-0.010087,0.006227,-0.048086,0.073212,-0.377411,0.923142,-85.899550,1.816074,66.645990,-0.966260,-0.253854,0.043453,-92.8121872,-4.31147698E-14,66.9568558,7.15396929,Building,Surface,2.677246,2.342789,0.000000,0.000000,-85.948270,1.816005,66.654890,352.408700,268.797800,358.561900,104.047200,98.172010,0.300000,1000.000000,0.900730,2468,2740,50.000000,off,,0,1,6.43918682E-16,1,1
1765268557402,2025-12-09 16:22:37.402,706.326700,27.976070,23,1,2,-0.014805,0.006537,-0.048704,0.071060,-0.367447,0.927322,-85.898740,1.816417,66.641300,-0.969059,-0.243273,0.041667,-93.1343002,-4.31119035E-14,66.9524078,7.46655321,Building,Surface,2.676651,2.349548,0.000002,0.000000,-85.948220,1.816012,66.654910,352.403000,268.805800,358.567900,104.047200,98.172010,0.300000,1000.000000,0.900730,2468,2740,50.000000,off,,0,1,6.43918682E-16,1,1
1765268557413,2025-12-09 16:22:37.413,706.337600,27.987060,23,1,2,-0.014805,0.006537,-0.048704,0.071060,-0.367447,0.927322,-85.898720,1.816363,66.641300,-0.969129,-0.242953,0.041922,-93.144104,-4.31133909E-14,66.9547119,7.47617054,Building,Surface,2.676651,2.349548,0.000002,0.000000,-85.948200,1.815979,66.654910,352.385700,268.811500,358.592700,104.047200,98.172010,0.300000,1000.000000,0.900730,2468,2740,50.000000,off,,0,1,6.43918682E-16,1,1
1765268557424,2025-12-09 16:22:37.424,706.348800,27.998230,23,1,2,-0.023548,0.007078,-0.049719,0.070313,-0.349823,0.934158,-85.897400,1.816993,66.632580,-0.973615,-0.224325,0.041524,-93.7835083,-4.31225388E-14,66.9689178,8.09971046,Building,Surface,2.673981,2.362869,0.000000,0.000000,-85.948170,1.816008,66.654890,352.371800,268.810600,358.596800,104.047200,98.172010,0.300000,1000.000000,0.900730,2468,2740,50.000000,off,,0,1,6.43918682E-16,1,1
1765268557436,2025-12-09 16:22:37.436,706.359900,28.009340,23,1,2,-0.024955,0.007172,-0.049904,0.069519,-0.347794,0.934982,-85.897160,1.817119,66.631190,-0.974164,-0.222097,0.040784,-93.867424,-4.31199266E-14,66.9648666,8.18158817,Building,Surface,2.672150,2.372284,0.000001,0.000000,-85.948170,1.816033,66.654910,352.366000,268.814800,358.587600,104.047200,98.172010,0.300000,1000.000000,0.900730,2468,2740,50.000000,off,,0,1,6.43918682E-16,1,1
1765268557448,2025-12-09 16:22:37.448,706.371800,28.021240,23,1,2,-0.014805,0.006537,-0.048704,0.071060,-0.367447,0.927322,-85.898670,1.816404,66.641290,-0.969280,-0.242345,0.041946,-93.1635284,-4.31140109E-14,66.9556732,7.49509478,Building,Surface,2.676651,2.349548,0.000000,0.000000,-85.948140,1.816047,66.654910,352.348700,268.819600,358.575700,104.047200,98.172010,0.300000,1000.000000,0.900730,2468,2740,50.000000,off,,0,1,6.43918682E-16,1,1
1765268557458,2025-12-09 16:22:37.458,706.382100,28.031490,23,1,2,-0.014805,0.006537,-0.048704,0.071060,-0.367447,0.927322,-85.898640,1.816418,66.641310,-0.969368,-0.242000,0.041906,-93.1745758,-4.31141227E-14,66.9558487,7.50583887,Building,Surface,2.676651,2.349548,0.000000,0.000000,-85.948110,1.816077,66.654940,352.327500,268.821700,358.564300,104.047200,98.172010,0.300000,1000.000000,0.900730,2468,2740,50.000000,off,,0,1,6.43918682E-16,1,1
1765268557469,2025-12-09 16:22:37.469,706.393200,28.042660,23,1,2,-0.023548,0.007078,-0.049719,0.070313,-0.349823,0.934158,-85.897270,1.817138,66.632680,-0.973854,-0.223283,0.041523,-93.8227539,-4.3123623E-14,66.9706039,8.13815498,Building,Surface,2.673981,2.362869,0.000000,0.000000,-85.948040,1.816190,66.655010,352.307300,268.828500,358.548000,104.047200,98.172010,0.300000,1000.000000,0.900730,2468,2740,50.000000,off,,0,1,6.43918682E-16,1,1
1765268557480,2025-12-09 16:22:37.480,706.404400,28.053770,23,1,2,-0.020331,0.006873,-0.049330,0.070526,-0.357437,0.931259,-85.897740,1.816954,66.635890,-0.972040,-0.231054,0.041601,-93.5416412,-4.31187475E-14,66.9630356,7.86367893,Building,Surface,2.677261,2.384308,0.000000,0.000000,-85.948020,1.816243,66.655010,352.296800,268.834200,358.535700,104.047200,98.172010,0.300000,1000.000000,0.900730,2468,2740,50.000000,off,,0,1,6.43918682E-16,1,1
1765268557491,2025-12-09 16:22:37.491,706.415500,28.064880,23,1,2,-0.016910,0.006652,-0.048911,0.071655,-0.363312,0.928894,-85.898240,1.816733,66.639310,-0.970523,-0.237149,0.042646,-93.3331451,-4.31206652E-14,66.966011,7.66062117,Building,Surface,2.718735,2.384293,0.000000,0.000000,-85.947990,1.816275,66.655040,352.292700,268.836000,358.536500,104.047200,98.172010,0.300000,1000.000000,0.900730,2468,2740,50.000000,off,,0,1,6.43918682E-16,1,1
1765268557503,2025-12-09 16:22:37.503,706.426600,28.075990,23,1,2,-0.016910,0.006652,-0.048911,0.071655,-0.363312,0.928894,-85.898240,1.816710,66.639310,-0.970595,-0.236837,0.042747,-93.3434067,-4.31214377E-14,66.9672089,7.67061901,Building,Surface,2.718735,2.384293,0.000000,0.000000,-85.947980,1.816269,66.655040,352.274700,268.839600,358.543000,104.047200,98.172010,0.300000,1000.000000,0.900730,2468,2740,50.000000,off,,0,1,6.43918682E-16,1,1
1765268557514,2025-12-09 16:22:37.514,706.437700,28.087100,23,1,2,-0.012544,0.006382,-0.048435,0.071548,-0.371079,0.925827,-85.898830,1.816395,66.643680,-0.968638,-0.244745,0.042600,-93.0876541,-4.31166875E-14,66.9598389,7.42148638,Building,Surface,2.718414,2.390762,0.000000,0.000000,-85.947980,1.816279,66.655070,352.264000,268.841200,358.556900,104.047200,98.172010,0.300000,1000.000000,0.900730,2468,2740,50.000000,off,,0,1,6.43918682E-16,1,1
1765268557525,2025-12-09 16:22:37.525,706.448800,28.098210,23,1,2,-0.008584,0.006134,-0.047968,0.074905,-0.377731,0.922867,-85.899440,1.816041,66.647640,-0.966689,-0.251755,0.045911,-92.872673,-4.31289119E-14,66.9788208,7.21343756,Building,Surface,2.733566,2.404419,0.000000,0.000000,-85.947990,1.816211,66.655080,352.260800,268.842600,358.565900,104.047200,98.172010,0.300000,1000.000000,0.900730,2468,2740,50.000000,off,,0,1,6.43918682E-16,1,1
1765268557536,2025-12-09 16:22:37.536,706.459900,28.109310,23,1,2,-0.008584,0.006134,-0.047968,0.074905,-0.377731,0.922867,-85.899440,1.816013,66.647670,-0.966748,-0.251563,0.045716,-92.8783112,-4.31281835E-14,66.977684,7.21883059,Building,Surface,2.733566,2.404419,0.000000,0.000000,-85.947980,1.816193,66.655110,352.249200,268.832400,358.562500,104.047200,98.172010,0.300000,1000.000000,0.900730,2468,2740,50.000000,off,,0,1,6.43918682E-16,1,1
1765268557547,2025-12-09 16:22:37.547,706.471000,28.120420,23,1,2,-0.008214,0.006141,-0.048056,0.075089,-0.384827,0.919922,-85.899390,1.816024,66.648060,-0.964729,-0.259162,0.046040,-92.6595306,-4.31236705E-14,66.9706802,7.00724554,Building,Surface,2.683060,2.438644,0.000000,0.000000,-85.948010,1.816209,66.655140,352.259100,268.849900,358.560200,104.047200,98.172010,0.300000,1000.000000,0.900730,2468,2740,50.000000,off,,0,1,6.43918682E-16,1,1
1765268557558,2025-12-09 16:22:37.558,706.482100,28.131530,23,1,2,-0.012544,0.006382,-0.048435,0.071548,-0.371079,0.925827,-85.898960,1.816296,66.643780,-0.968682,-0.244574,0.042572,-93.0927429,-4.31167553E-14,66.959938,7.4262681,Building,Surface,2.718414,2.390762,0.000000,0.000000,-85.948090,1.816187,66.655170,352.253000,268.844800,358.543400,104.047200,98.172010,0.300000,1000.000000,0.900730,2468,2740,50.000000,off,,0,1,6.43918682E-16,1,1
1765268557569,2025-12-09 16:22:37.569,706.493300,28.142700,23,1,2,-0.008584,0.006134,-0.047968,0.074905,-0.377731,0.922867,-85.899510,1.816044,66.647800,-0.966725,-0.251629,0.045825,-92.8765106,-4.31287222E-14,66.9785233,7.21705532,Building,Surface,2.733566,2.404419,0.000000,0.000000,-85.948070,1.816219,66.655260,352.251900,268.846300,358.543500,104.047200,98.172010,0.300000,1000.000000,0.900730,2468,2740,50.000000,off,,0,1,6.43918682E-16,1,1
1765268557581,2025-12-09 16:22:37.581,706.504300,28.153750,23,1,2,-0.008584,0.006134,-0.047968,0.074905,-0.377731,0.922867,-85.899550,1.816025,66.647830,-0.966746,-0.251572,0.045712,-92.878212,-4.31282614E-14,66.9778137,7.21862078,Building,Surface,2.733566,2.404419,0.000000,0.000000,-85.948100,1.816201,66.655280,352.248000,268.842700,358.535600,104.047200,98.172010,0.300000,1000.000000,0.900730,2468,2740,50.000000,off,,0,1,6.43918682E-16,1,1
1765268557591,2025-12-09 16:22:37.591,706.515300,28.164730,23,1,2,-0.006953,0.006057,-0.047895,0.077148,-0.386581,0.919006,-85.899670,1.815950,66.649540,-0.964134,-0.261048,0.047650,-92.6065598,-4.31303281E-14,66.9810181,6.95628309,Building,Surface,2.683258,2.440933,0.000000,0.000000,-85.948100,1.816228,66.655360,352.256000,268.833700,358.538600,104.047200,98.172010,0.300000,1000.000000,0.900730,2468,2740,50.000000,off,,0,1,6.43918682E-16,1,1
1765268557603,2025-12-09 16:22:37.603,706.526500,28.175900,23,1,2,-0.002733,0.005779,-0.047356,0.074860,-0.393860,0.916107,-85.900330,1.815635,66.653750,-0.962135,-0.268741,0.045346,-92.400589,-4.31168637E-14,66.9601059,6.75601578,Building,Surface,2.725082,2.438507,0.000000,0.000000,-85.948080,1.816216,66.655370,352.264500,268.844400,358.531400,104.047200,98.172010,0.300000,1000.000000,0.900730,2468,2740,50.000000,off,,0,1,6.43918682E-16,1,1
1765268557614,2025-12-09 16:22:37.614,706.537500,28.186950,23,1,2,-0.002733,0.005779,-0.047356,0.074860,-0.393860,0.916107,-85.900350,1.815622,66.653790,-0.962110,-0.268858,0.045192,-92.3975677,-4.31161386E-14,66.9589767,6.75302935,Building,Surface,2.725082,2.438507,0.000000,0.000000,-85.948100,1.816197,66.655410,352.270300,268.842600,358.513400,104.047200,98.172010,0.300000,1000.000000,0.900730,2468,2740,50.000000,off,,0,1,6.43918682E-16,1,1
1765268557625,2025-12-09 16:22:37.625,706.548600,28.198060,23,1,2,0.002098,0.005461,-0.046738,0.074219,-0.401215,0.912964,-85.901080,1.815310,66.658650,-0.959907,-0.276764,0.044338,-92.1971588,-4.31100129E-14,66.9494705,6.55900717,Building,Surface,2.724976,2.440506,0.000000,0.000000,-85.948070,1.816232,66.655460,352.282200,268.844400,358.499700,104.047200,98.172010,0.300000,1000.000000,0.900730,2468,2740,50.000000,off,,0,1,6.43918682E-16,1,1
1765268557636,2025-12-09 16:22:37.636,706.559800,28.209230,23,1,2,-0.006244,0.006005,-0.047806,0.075180,-0.384964,0.919861,-85.899770,1.815927,66.650380,-0.964576,-0.259797,0.045732,-92.6419601,-4.31232605E-14,66.970047,6.98976612,Building,Surface,2.725037,2.440582,0.000000,0.000000,-85.948080,1.816234,66.655490,352.283100,268.856400,358.484700,104.047200,98.172010,0.300000,1000.000000,0.900730,2468,2740,50.000000,off,,0,1,6.43918682E-16,1,1
1765268557647,2025-12-09 16:22:37.647,706.570900,28.220280,23,1,2,0.004127,0.005278,-0.046362,0.077637,-0.399811,0.913284,-85.901500,1.815139,66.660750,-0.960145,-0.275323,0.047773,-92.2315063,-4.31269095E-14,66.975708,6.5926404,Building,Surface,2.744354,2.451874,0.000000,0.000000,-85.948040,1.816251,66.655560,352.274900,268.853100,358.476800,104.047200,98.172010,0.300000,1000.000000,0.900730,2468,2740,50.000000,off,,0,1,6.43918682E-16,1,1
1765268557658,2025-12-09 16:22:37.658,706.582000,28.231380,23,1,2,0.004127,0.005278,-0.046362,0.077637,-0.399811,0.913284,-85.901470,1.815124,66.660760,-0.960182,-0.275168,0.047944,-92.2352371,-4.31277532E-14,66.9770203,6.59630728,Building,Surface,2.744354,2.451874,0.000000,0.000000,-85.948010,1.816246,66.655570,352.264700,268.869000,358.463300,104.047200,98.172010,0.300000,1000.000000,0.900730,2468,2740,50.000000,off,,0,1,6.43918682E-16,1,1
1765268557670,2025-12-09 16:22:37.670,706.593100,28.242550,23,1,2,0.002098,0.005461,-0.046738,0.074219,-0.401215,0.912964,-85.901040,1.815305,66.658770,-0.959979,-0.276499,0.044432,-92.2036133,-4.31106634E-14,66.9504776,6.56527472,Building,Surface,2.724976,2.440506,0.000000,0.000000,-85.948030,1.816244,66.655590,352.263700,268.867200,358.459000,104.047200,98.172010,0.300000,1000.000000,0.900730,2468,2740,50.000000,off,,0,1,6.43918682E-16,1,1
1765268557681,2025-12-09 16:22:37.681,706.604200,28.253600,23,1,2,-0.006244,0.006005,-0.047806,0.075180,-0.384964,0.919861,-85.899700,1.815879,66.650480,-0.964630,-0.259594,0.045748,-92.6473618,-4.31235519E-14,66.9704971,6.99504852,Building,Surface,2.725037,2.440582,0.000000,0.000000,-85.948010,1.816195,66.655610,352.270100,268.862800,358.471300,104.047200,98.172010,0.300000,1000.000000,0.900730,2468,2740,50.000000,off,,0,1,6.43918682E-16,1,1
1765268557692,2025-12-09 16:22:37.692,706.615400,28.264830,23,1,2,-0.006244,0.006005,-0.047806,0.075180,-0.384964,0.919861,-85.899720,1.815861,66.650510,-0.964615,-0.259657,0.045720,-92.6455688,-4.31233926E-14,66.9702454,6.99328661,Building,Surface,2.725037,2.440582,0.000000,0.000000,-85.948040,1.816175,66.655620,352.274700,268.855900,358.484300,104.047200,98.172010,0.300000,1000.000000,0.900730,2468,2740,50.000000,off,,0,1,6.43918682E-16,1,1
1765268557703,2025-12-09 16:22:37.703,706.626400,28.275820,23,1,2,0.003306,0.005331,-0.046466,0.077026,-0.397888,0.914185,-85.901440,1.815105,66.660030,-0.960752,-0.273305,0.047351,-92.2820969,-4.31261302E-14,66.9745026,6.64125633,Building,Surface,2.747238,2.451935,0.000000,0.000000,-85.948110,1.816153,66.655650,352.278300,268.849900,358.505900,104.047200,98.172010,0.300000,1000.000000,0.900730,2468,2740,50.000000,off,,0,1,6.43918682E-16,1,1
1765268557714,2025-12-09 16:22:37.714,706.637600,28.286990,23,1,2,0.001912,0.005426,-0.046650,0.074875,-0.396149,0.915115,-85.901220,1.815217,66.658650,-0.961316,-0.271664,0.045248,-92.324585,-4.31174329E-14,66.9609909,6.68176985,Building,Surface,2.760468,2.446594,0.000000,0.000000,-85.948120,1.816147,66.655660,352.293500,268.853500,358.499300,104.047200,98.172010,0.300000,1000.000000,0.900730,2468,2740,50.000000,off,,0,1,6.43918682E-16,1,1
1765268557725,2025-12-09 16:22:37.725,706.648600,28.298030,23,1,2,0.008546,0.004981,-0.045779,0.075302,-0.409287,0.909287,-85.902310,1.814706,66.665270,-0.957311,-0.285462,0.045337,-91.9880219,-4.31125947E-14,66.953476,6.35704708,Building,Surface,2.739929,2.465027,0.000000,0.000000,-85.948140,1.816132,66.655670,352.293200,268.847900,358.501900,104.047200,98.172010,0.300000,1000.000000,0.900730,2468,2740,50.000000,off,,0,1,6.43918682E-16,1,1
1765268557736,2025-12-09 16:22:37.736,706.659800,28.309200,23,1,2,0.008546,0.004981,-0.045779,0.075302,-0.409287,0.909287,-85.902330,1.814703,66.665290,-0.957267,-0.285587,0.045468,-91.9850845,-4.31130622E-14,66.9542084,6.35425091,Building,Surface,2.739929,2.465027,0.000000,0.000000,-85.948150,1.816122,66.655700,352.300800,268.854300,358.505100,104.047200,98.172010,0.300000,1000.000000,0.900730,2468,2740,50.000000,off,,0,1,6.43918682E-16,1,1
1765268557746,2025-12-09 16:22:37.746,706.670800,28.320250,23,1,2,0.011802,0.004763,-0.045355,0.074814,-0.419357,0.904724,-85.902790,1.814472,66.668550,-0.954048,-0.296259,0.044807,-91.7459564,-4.31058286E-14,66.9429703,6.12456799,Building,Surface,2.739105,2.473404,0.000000,0.000000,-85.948090,1.816133,66.655720,352.305800,268.861000,358.493300,104.047200,98.172010,0.300000,1000.000000,0.900730,2468,2740,50.000000,off,,0,1,6.43918682E-16,1,1
1765268557758,2025-12-09 16:22:37.758,706.681900,28.331360,23,1,2,-0.002415,0.005737,-0.047263,0.079681,-0.401337,0.912445,-85.900440,1.815535,66.654420,-0.959387,-0.277592,0.049948,-92.1751099,-4.31303756E-14,66.9810867,6.54022026,Building,Surface,2.727631,2.516113,0.000000,0.000000,-85.948090,1.816112,66.655740,352.310400,268.861300,358.479400,104.047200,98.172010,0.300000,1000.000000,0.900730,2468,2740,50.000000,off,,0,1,6.43918682E-16,1,1
1765268557769,2025-12-09 16:22:37.769,706.693200,28.342590,23,1,2,0.008546,0.004981,-0.045779,0.075302,-0.409287,0.909287,-85.902280,1.814715,66.665340,-0.957212,-0.285819,0.045162,-91.9797897,-4.31116934E-14,66.9520798,6.34913349,Building,Surface,2.739929,2.465027,0.000000,0.000000,-85.948100,1.816129,66.655750,352.312600,268.849900,358.472700,104.047200,98.172010,0.300000,1000.000000,0.900730,2468,2740,50.000000,off,,0,1,6.43918682E-16,1,1
1765268557780,2025-12-09 16:22:37.780,706.704200,28.353640,23,1,2,0.008546,0.004981,-0.045779,0.075302,-0.409287,0.909287,-85.902240,1.814722,66.665360,-0.957223,-0.285825,0.044912,-91.9797058,-4.31106838E-14,66.9505081,6.34903145,Building,Surface,2.739929,2.465027,0.000000,0.000000,-85.948070,1.816138,66.655750,352.312300,268.838800,358.463600,104.047200,98.172010,0.300000,1000.000000,0.900730,2468,2740,50.000000,off,,0,1,6.43918682E-16,1,1
1765268557791,2025-12-09 16:22:37.791,706.715300,28.364750,23,1,2,0.011802,0.004763,-0.045355,0.074814,-0.419357,0.904724,-85.902780,1.814448,66.668590,-0.954115,-0.296150,0.044082,-91.7484436,-4.31030571E-14,66.9386673,6.12673616,Building,Surface,2.739105,2.473404,0.000000,0.000000,-85.948070,1.816123,66.655750,352.297000,268.833300,358.457600,104.047200,98.172010,0.300000,1000.000000,0.900730,2468,2740,50.000000,off,,0,1,6.43918682E-16,1,1
1765268557802,2025-12-09 16:22:37.802,706.726400,28.375850,23,1,2,-0.001175,0.005658,-0.047118,0.077820,-0.404648,0.911148,-85.900580,1.815445,66.655740,-0.958558,-0.280941,0.047169,-92.0947952,-4.31171449E-14,66.9605484,6.46196938,Building,Surface,2.715775,2.516022,0.000000,0.000000,-85.948040,1.816118,66.655780,352.305200,268.822000,358.452700,104.047200,98.172010,0.300000,1000.000000,0.900730,2468,2740,50.000000,off,,0,1,6.43918682E-16,1,1
1765268557813,2025-12-09 16:22:37.813,706.737500,28.386900,23,1,2,-0.001175,0.005658,-0.047118,0.077820,-0.404648,0.911148,-85.900600,1.815414,66.655730,-0.958523,-0.281092,0.046983,-92.091156,-4.31162606E-14,66.9591675,6.45838976,Building,Surface,2.715775,2.516022,0.000000,0.000000,-85.948060,1.816080,66.655780,352.313000,268.818100,358.435700,104.047200,98.172010,0.300000,1000.000000,0.900730,2468,2740,50.000000,off,,0,1,6.43918682E-16,1,1
1765268557825,2025-12-09 16:22:37.825,706.748700,28.398130,23,1,2,-0.004874,0.005915,-0.047645,0.073059,-0.396515,0.915100,-85.899960,1.815711,66.652060,-0.961128,-0.272806,0.042196,-92.2969284,-4.30993471E-14,66.9328995,6.65558863,Building,Surface,2.700912,2.471695,0.000000,0.000000,-85.948070,1.816071,66.655770,352.338700,268.806300,358.436000,104.047200,98.172010,0.300000,1000.000000,0.900730,2468,2740,50.000000,off,,0,1,6.43918682E-16,1,1
1765268557836,2025-12-09 16:22:37.836,706.759800,28.409240,23,1,2,-0.009212,0.006225,-0.048170,0.071198,-0.390381,0.917877,-85.899220,1.816048,66.647750,-0.962986,-0.266454,0.040330,-92.4625702,-4.309273E-14,66.9226303,6.81550026,Building,Surface,2.765457,2.471848,0.000000,0.000000,-85.948010,1.816047,66.655770,352.347500,268.796800,358.439700,104.047200,98.172010,0.300000,1000.000000,0.900730,2468,2740,50.000000,off,,0,1,6.43918682E-16,1,1
1765268557847,2025-12-09 16:22:37.847,706.770900,28.420290,23,1,2,-0.019599,0.006872,-0.049240,0.055206,-0.390167,0.919067,-85.897840,1.816841,66.637410,-0.963677,-0.265907,0.024137,-92.4822769,-4.30152706E-14,66.80233,6.83248949,Building,Surface,2.465256,2.350922,0.000009,0.000000,-85.948040,1.816048,66.655750,352.362800,268.784300,358.442000,104.047200,98.172010,0.300000,1000.000000,0.900730,2468,2740,50.000000,off,,0,1,6.43918682E-16,1,1
1765268557858,2025-12-09 16:22:37.858,706.781900,28.431340,23,1,2,-0.019599,0.006872,-0.049240,0.055206,-0.390167,0.919067,-85.897930,1.816803,66.637430,-0.963656,-0.266001,0.023972,-92.4797592,-4.3014515E-14,66.8011627,6.82993889,Building,Surface,2.465256,2.350922,0.000009,0.000000,-85.948120,1.816005,66.655760,352.368400,268.774600,358.441600,104.047200,98.172010,0.300000,1000.000000,0.900730,2468,2740,50.000000,off,,0,1,6.43918682E-16,1,1
1765268557869,2025-12-09 16:22:37.869,706.793000,28.442380,23,1,2,-0.019985,0.006923,-0.049257,0.077560,-0.369675,0.925903,-85.897930,1.816842,66.637060,-0.968366,-0.245059,0.046737,-93.0772934,-4.3131968E-14,66.9835663,7.4137888,Building,Surface,2.683472,2.442505,0.009838,0.000000,-85.948150,1.816005,66.655780,352.349200,268.769300,358.448900,104.047200,98.172010,0.300000,1000.000000,0.900730,2468,2740,50.000000,off,,0,1,6.43918682E-16,1,1
1765268557880,2025-12-09 16:22:37.880,706.804200,28.453610,23,1,2,-0.006327,0.005814,-0.046545,0.089920,-0.439728,0.893616,-85.901190,1.815709,66.650630,-0.946000,-0.318987,0.057669,-91.2859268,-4.31289526E-14,66.9788818,5.6920929,Building,Surface,2.372162,2.466125,0.002505,0.000000,-85.948240,1.815982,66.655790,352.343000,268.766700,358.453300,104.047200,98.172010,0.300000,1000.000000,0.900730,2468,2740,50.000000,off,,0,1,6.43918682E-16,1,1
1765268557891,2025-12-09 16:22:37.891,706.815300,28.464720,23,1,2,-0.006327,0.005814,-0.046545,0.089920,-0.439728,0.893616,-85.901240,1.815704,66.650640,-0.945984,-0.319025,0.057738,-91.2852249,-4.31291931E-14,66.9792557,5.69140482,Building,Surface,2.372162,2.466125,0.002505,0.000000,-85.948280,1.815975,66.655800,352.345600,268.769100,358.456800,104.047200,98.172010,0.300000,1000.000000,0.900730,2468,2740,50.000000,off,,0,1,6.43918682E-16,1,1
1765268557902,2025-12-09 16:22:37.902,706.826300,28.475710,23,1,1,0.000000,0.000000,0.000000,0.000000,0.000000,1.000000,0.000000,0.000000,0.000000,0.000000,0.000000,0.000000,,,,,InvalidGaze,InvalidGaze,0.000000,0.000000,0.000000,0.000000,-85.948280,1.815987,66.655820,352.349600,268.777000,358.458600,104.047200,98.172010,0.300000,1000.000000,0.900730,2468,2740,50.000000,off,,,,,0,0
1765268557913,2025-12-09 16:22:37.913,706.837500,28.486940,23,1,2,-0.019985,0.006923,-0.049257,0.077560,-0.369675,0.925903,-85.898060,1.816820,66.637140,-0.968297,-0.245343,0.046694,-93.0685196,-4.31315513E-14,66.9829178,7.40512323,Building,Surface,2.683472,2.442505,10381.040000,0.000000,-85.948280,1.815971,66.655850,352.366600,268.763200,358.457700,104.047200,98.172010,0.300000,1000.000000,0.900730,2468,2740,50.000000,off,,0,1,6.43918682E-16,1,1
1765268557925,2025-12-09 16:22:37.925,706.848700,28.498110,23,1,2,-0.006327,0.005814,-0.046545,0.089920,-0.439728,0.893616,-85.901250,1.815715,66.650690,-0.945842,-0.319440,0.057752,-91.2774811,-4.3129E-14,66.9789581,5.68404007,Building,Surface,2.372162,2.466125,2579.073000,0.000000,-85.948300,1.815964,66.655850,352.370900,268.769200,358.458000,104.047200,98.172010,0.300000,1000.000000,0.900730,2468,2740,50.000000,off,,0,1,6.43918682E-16,1,1
1765268557936,2025-12-09 16:22:37.936,706.859800,28.509220,23,1,2,-0.006327,0.005814,-0.046545,0.089920,-0.439728,0.893616,-85.901340,1.815714,66.650730,-0.945746,-0.319727,0.057740,-91.2721786,-4.31287865E-14,66.9786224,5.67893648,Building,Surface,2.372162,2.466125,2579.073000,0.000000,-85.948390,1.815950,66.655880,352.387900,268.770600,358.453300,104.047200,98.172010,0.300000,1000.000000,0.900730,2468,2740,50.000000,off,,0,1,6.43918682E-16,1,1
1765268557947,2025-12-09 16:22:37.947,706.870800,28.520200,23,1,1,0.000000,0.000000,0.000000,0.000000,0.000000,1.000000,0.000000,0.000000,0.000000,0.000000,0.000000,0.000000,,,,,InvalidGaze,InvalidGaze,0.000000,0.000000,0.000000,0.000000,-85.948410,1.815943,66.655960,352.397900,268.761100,358.458500,104.047200,98.172010,0.300000,1000.000000,0.900730,2468,2740,50.000000,off,,,,,0,0
1765268557958,2025-12-09 16:22:37.958,706.881900,28.531310,23,1,1,0.000000,0.000000,0.000000,0.000000,0.000000,1.000000,0.000000,0.000000,0.000000,0.000000,0.000000,0.000000,,,,,InvalidGaze,InvalidGaze,0.000000,0.000000,0.000000,0.000000,-85.948410,1.815938,66.656010,352.396500,268.762800,358.459700,104.047200,98.172010,0.300000,1000.000000,0.900730,2468,2740,50.000000,off,,,,,0,0
1765268557969,2025-12-09 16:22:37.969,706.893100,28.542480,23,1,1,0.000000,0.000000,0.000000,0.000000,0.000000,1.000000,0.000000,0.000000,0.000000,0.000000,0.000000,0.000000,,,,,InvalidGaze,InvalidGaze,0.000000,0.000000,0.000000,0.000000,-85.948460,1.815934,66.656030,352.398000,268.777600,358.467500,104.047200,98.172010,0.300000,1000.000000,0.900730,2468,2740,50.000000,off,,,,,0,0
1765268557980,2025-12-09 16:22:37.980,706.904100,28.553530,23,1,1,0.000000,0.000000,0.000000,0.000000,0.000000,1.000000,0.000000,0.000000,0.000000,0.000000,0.000000,0.000000,,,,,InvalidGaze,InvalidGaze,0.000000,0.000000,0.000000,0.000000,-85.948490,1.815974,66.656070,352.392600,268.775100,358.460500,104.047200,98.172010,0.300000,1000.000000,0.900730,2468,2740,50.000000,off,,,,,0,0
1765268557991,2025-12-09 16:22:37.991,706.915300,28.564700,23,1,2,-0.032336,0.007236,-0.048636,0.032135,-0.452042,0.891403,-85.898610,1.817589,66.625020,-0.943667,-0.330857,-0.000131,-91.0827179,-4.29006297E-14,66.6242981,5.49350691,Building,Surface,2.537323,2.302109,2.518685,0.000000,-85.948560,1.815987,66.656100,352.399000,268.783100,358.451800,104.047200,98.172010,0.300000,1000.000000,0.900730,2468,2740,50.000000,off,,0,1,6.43918682E-16,1,1
1765268558003,2025-12-09 16:22:38.003,706.926500,28.575930,23,1,1,0.000000,0.000000,0.000000,0.000000,0.000000,1.000000,0.000000,0.000000,0.000000,0.000000,0.000000,0.000000,,,,,InvalidGaze,InvalidGaze,0.000000,0.000000,0.000000,0.000000,-85.948650,1.815951,66.656110,352.396500,268.783600,358.442700,104.047200,98.172010,0.300000,1000.000000,0.900730,2468,2740,50.000000,off,,,,,0,0
1765268558014,2025-12-09 16:22:38.014,706.937400,28.586790,23,1,1,0.000000,0.000000,0.000000,0.000000,0.000000,1.000000,0.000000,0.000000,0.000000,0.000000,0.000000,0.000000,,,,,InvalidGaze,InvalidGaze,0.000000,0.000000,0.000000,0.000000,-85.948720,1.815914,66.656120,352.405500,268.789900,358.437100,104.047200,98.172010,0.300000,1000.000000,0.900730,2468,2740,50.000000,off,,,,,0,0
1765268558025,2025-12-09 16:22:38.025,706.948500,28.597900,23,1,1,0.000000,0.000000,0.000000,0.000000,0.000000,1.000000,0.000000,0.000000,0.000000,0.000000,0.000000,0.000000,,,,,InvalidGaze,InvalidGaze,0.000000,0.000000,0.000000,0.000000,-85.948700,1.815821,66.656130,352.418500,268.781900,358.435800,104.047200,98.172010,0.300000,1000.000000,0.900730,2468,2740,50.000000,off,,,,,0,0
1765268558036,2025-12-09 16:22:38.036,706.959600,28.609010,23,1,2,0.031329,0.003899,-0.043400,0.054535,-0.519424,0.852768,-85.906060,1.813065,66.688510,-0.914423,-0.404207,0.020898,-90.0076981,-4.30023347E-14,66.7822495,4.48546267,Building,Surface,2.606873,2.306290,0.000155,0.000000,-85.948810,1.815747,66.656170,352.453200,268.779300,358.440000,104.047200,98.172010,0.300000,1000.000000,0.900730,2468,2740,50.000000,off,,0,1,6.43918682E-16,1,1
1765268558047,2025-12-09 16:22:38.047,706.970800,28.620180,23,1,2,0.031329,0.003899,-0.043400,0.054535,-0.519424,0.852768,-85.906130,1.813036,66.688530,-0.914321,-0.404430,0.021043,-90.0049744,-4.30027311E-14,66.7828598,4.48291683,Building,Surface,2.606873,2.306290,0.000155,0.000000,-85.948880,1.815706,66.656200,352.467200,268.787900,358.440600,104.047200,98.172010,0.300000,1000.000000,0.900730,2468,2740,50.000000,off,,0,1,6.43918682E-16,1,1
1765268558058,2025-12-09 16:22:38.058,706.981900,28.631290,23,1,2,-0.005217,0.005857,-0.046702,0.089676,-0.427918,0.899353,-85.901750,1.815525,66.652150,-0.949355,-0.308803,0.057936,-91.4832306,-4.31378972E-14,66.992775,5.87920666,Building,Surface,2.365082,2.487610,0.009960,0.000000,-85.948940,1.815692,66.656200,352.479800,268.790600,358.435600,104.047200,98.172010,0.300000,1000.000000,0.900730,2468,2740,50.000000,off,,0,1,6.43918682E-16,1,1
1765268558069,2025-12-09 16:22:38.070,706.993000,28.642460,23,1,2,-0.032345,0.007010,-0.047991,0.073944,-0.323959,0.943161,-85.899750,1.817222,66.625120,-0.978862,-0.199559,0.044453,-94.8134537,-4.31618174E-14,67.0299225,9.10605621,Building,Surface,2.485382,2.496780,0.009899,0.000000,-85.949020,1.815676,66.656230,352.475300,268.797400,358.420600,104.047200,98.172010,0.300000,1000.000000,0.900730,2468,2740,50.000000,off,,0,1,6.43918682E-16,1,1
